scenario_key,scenario_name,turn,code,name,population_weight,energy_security,food_security,compute_access,distribution_capacity,social_cohesion,cash_stability,capital_surplus,labor_displacement,inequality_pressure,sanction_exposure,conflict_risk,climate_stress,alliance_support,war_burden,military_posture,tax_burden,housing_pressure,youth_unemployment,policing_capacity,elite_cohesion,economic_stress,legitimacy_stress,mobilization_capacity,elite_fragmentation,communal_polarization,domestic_burden,domestic_stage,domestic_stage_index,grievance_pressure,protest_pressure,riot_pressure,civil_conflict_pressure,domestic_diversion_incentive,survival_pressure,war_pressure,gray_zone_probability,proxy_probability,limited_war_probability,likely_mode,adaptation_absorption,structure_credit_gain,capital_share_gain,displacement_bump,displacement_gap_after_buffer,war_drag,M,L,S,dependency_risk,displacement_gap,horizon_turns,support_needed,coercion_capacity,repression_mismatch,relief_support,trigger_bonus,armed_capacity,escalation_probability,cooldown_probability
complement,High automation / high adaptation,1,USA,United States,0.18,0.8173,0.88,0.97,0.4465,0.5831,0.832,0.9221,0.1882,0.3385,0.12,0.1974,0.22,0.7804,0.0053,0.0166,0.3047,0.3245,0.1622,0.6784,0.7309,0.1937,0.2487,0.5612,0.2559,0.2946,0.02,stable,0,0.1329,0.1539,0.2078,0.1449,0.2019,0.0638,0.1113,0.2529,0.0682,0.002,gray_zone,0.0735,0.0756,0.0117,0.0682,0.0276,0.0,0.7875,0.1729,0.6625,0.1052,0.0,9.75,0.1289,0.6806,0.1752,0.0382,0.0191,0.5341,0.1108,0.2362
complement,High automation / high adaptation,1,CHN,China,0.18,0.68,0.7,0.86,0.406,0.6228,0.7988,0.8864,0.1949,0.3802,0.3612,0.2875,0.3,0.4782,0.0022,0.0265,0.3039,0.3638,0.1739,0.7248,0.7201,0.219,0.2944,0.4789,0.3236,0.3279,0.085,grievance,1,0.1564,0.1532,0.2258,0.1715,0.2414,0.099,0.3149,0.4871,0.1476,0.0294,proxy,0.0703,0.0676,0.0104,0.0649,0.0465,0.0,0.7046,0.2353,0.5569,0.1172,0.0,8.11,0.246,0.7315,0.0752,0.035,0.0182,0.5444,0.1255,0.225
complement,High automation / high adaptation,1,EU,European Union,0.16,0.5575,0.8,0.84,0.5989,0.675,0.7792,0.8087,0.1628,0.2763,0.1852,0.1451,0.2,0.7813,0.0113,0.0152,0.3083,0.3638,0.1411,0.6008,0.6972,0.1939,0.2157,0.5441,0.2546,0.2362,0.02,stable,0,0.1236,0.1518,0.1945,0.1202,0.1916,0.0,0.0,0.0,0.0,0.0,none,0.0808,0.083,0.0079,0.0628,0.0,0.0,0.7573,0.1728,0.6371,0.1747,0.0,9.85,0.1524,0.5853,0.195,0.0447,0.0176,0.4092,0.1054,0.2401
complement,High automation / high adaptation,1,JPN,Japan,0.07,0.3223,0.42,0.88,0.5615,0.7183,0.7668,0.7505,0.1718,0.2566,0.14,0.0914,0.18,0.7638,0.0,0.0069,0.3075,0.422,0.1408,0.5752,0.6886,0.2024,0.1964,0.5537,0.2431,0.2024,0.02,stable,0,0.1201,0.1543,0.1861,0.1076,0.1863,0.0,0.0,0.0,0.0,0.0,none,0.0794,0.0824,0.006,0.0618,0.004,0.0,0.6902,0.1654,0.585,0.2379,0.0,9.39,0.1912,0.5547,0.2014,0.0486,0.0173,0.368,0.1035,0.2445
complement,High automation / high adaptation,1,IND,India,0.19,0.4915,0.69,0.63,0.3515,0.6143,0.6211,0.4704,0.1731,0.4218,0.1,0.2406,0.34,0.5834,0.0,0.0134,0.2816,0.3903,0.1828,0.53,0.549,0.2666,0.3369,0.457,0.3866,0.3038,0.02,stable,0,0.2002,0.1938,0.273,0.1944,0.2775,0.0,0.0,0.0,0.0,0.0,none,0.0537,0.057,0.0,0.0531,0.0624,0.0,0.597,0.2307,0.474,0.2274,0.0,7.41,0.307,0.5342,0.2265,0.0376,0.0149,0.4224,0.1573,0.1547
complement,High automation / high adaptation,1,SAU,Saudi Arabia,0.03,0.96,0.28,0.58,0.3877,0.576,0.7746,0.7312,0.13,0.3271,0.18,0.2898,0.43,0.6196,0.0,0.0156,0.2987,0.4002,0.1478,0.6112,0.6849,0.2161,0.2906,0.3666,0.3033,0.3214,0.02,stable,0,0.1624,0.1425,0.2196,0.1603,0.2328,0.0,0.0,0.0,0.0,0.0,none,0.0632,0.0647,0.0054,0.04,0.0,0.0,0.6463,0.2278,0.5147,0.3281,0.0,7.81,0.3003,0.6087,0.0793,0.0352,0.0112,0.4353,0.1295,0.2016
complement,High automation / high adaptation,1,RUS,Russia,0.04,0.88,0.74,0.52,0.2447,0.484,0.5613,0.5866,0.1233,0.4603,0.7831,0.457,0.26,0.2765,0.0035,0.0471,0.2844,0.41,0.1799,0.6276,0.487,0.2752,0.4857,0.3069,0.5633,0.4802,0.085,grievance,1,0.2572,0.1948,0.3506,0.2693,0.3588,0.2169,0.1986,0.2736,0.2047,0.0078,proxy,0.0462,0.0436,0.0009,0.0433,0.0325,0.0,0.5804,0.3444,0.4113,0.2922,0.0,5.8,0.4293,0.6482,0.1388,0.0216,0.0121,0.5426,0.208,0.1228
complement,High automation / high adaptation,1,BRA,Brazil,0.05,0.79,0.91,0.54,0.3186,0.5537,0.6333,0.4409,0.1436,0.4107,0.08,0.2128,0.38,0.4417,0.0,0.0077,0.2756,0.3524,0.1742,0.4044,0.5083,0.255,0.3571,0.4152,0.4031,0.3209,0.02,stable,0,0.2137,0.2014,0.2956,0.1898,0.2852,0.0,0.0,0.0,0.0,0.0,none,0.0495,0.051,0.0,0.0436,0.0431,0.0,0.631,0.2135,0.5097,0.1415,0.0,7.62,0.2583,0.397,0.3391,0.0305,0.0122,0.3052,0.1683,0.1245
complement,High automation / high adaptation,2,USA,United States,0.18,0.8173,0.88,0.97,0.4529,0.5816,0.8191,0.9232,0.2815,0.3436,0.1205,0.1954,0.22,0.7795,0.005,0.0309,0.3048,0.3327,0.1595,0.6776,0.7365,0.2157,0.2506,0.5603,0.2547,0.2985,0.085,grievance,1,0.1488,0.1669,0.2191,0.1496,0.2091,0.0642,0.1107,0.2517,0.0677,0.002,gray_zone,0.0738,0.0758,0.0117,0.0932,0.1201,0.0033,0.7851,0.1975,0.6444,0.1044,0.0,9.59,0.1616,0.6802,0.1786,0.0384,0.0667,0.5354,0.1206,0.2298
complement,High automation / high adaptation,2,CHN,China,0.18,0.6794,0.7,0.86,0.412,0.6194,0.7788,0.8935,0.2848,0.3867,0.3621,0.3009,0.3,0.4763,0.0037,0.0474,0.3045,0.3743,0.175,0.7212,0.7174,0.245,0.3008,0.4787,0.3264,0.3385,0.0714,grievance,1,0.1762,0.1821,0.2418,0.1845,0.2727,0.0995,0.3214,0.4964,0.152,0.0309,proxy,0.0708,0.0679,0.0106,0.0899,0.1355,0.0015,0.7056,0.2547,0.5469,0.1176,0.0,7.98,0.2561,0.7301,0.0871,0.0352,0.0654,0.5473,0.1063,0.2161
complement,High automation / high adaptation,2,EU,European Union,0.16,0.5586,0.8,0.84,0.6077,0.6771,0.7686,0.8164,0.2506,0.2781,0.1852,0.1419,0.2,0.7827,0.0093,0.0198,0.3086,0.3699,0.1336,0.6,0.7011,0.2145,0.2179,0.5428,0.2543,0.2404,0.02,stable,0,0.139,0.1644,0.2057,0.1261,0.1982,0.0,0.0,0.0,0.0,0.0,none,0.0814,0.0835,0.0081,0.0878,0.0775,0.0077,0.7595,0.1883,0.6291,0.173,0.0,9.8,0.1585,0.585,0.1982,0.045,0.0659,0.4123,0.1145,0.2338
complement,High automation / high adaptation,2,JPN,Japan,0.07,0.3248,0.42,0.88,0.5732,0.7216,0.7568,0.7606,0.2586,0.2591,0.14,0.0874,0.18,0.7678,0.0,0.0127,0.3076,0.4282,0.1338,0.5744,0.6928,0.2206,0.1966,0.5529,0.2418,0.202,0.02,stable,0,0.1331,0.1656,0.1947,0.1109,0.1918,0.0,0.0,0.0,0.0,0.0,none,0.0803,0.0831,0.0063,0.0868,0.0889,0.0,0.6934,0.1804,0.5789,0.2339,0.0,9.36,0.1955,0.5543,0.2005,0.0492,0.0643,0.3671,0.1109,0.2397
complement,High automation / high adaptation,2,IND,India,0.19,0.4936,0.69,0.63,0.3644,0.6148,0.6061,0.4805,0.2511,0.4289,0.1,0.2454,0.34,0.5878,0.0,0.025,0.2818,0.4021,0.1862,0.5292,0.5433,0.2866,0.3397,0.4577,0.3906,0.3071,0.02,stable,0,0.215,0.2064,0.2847,0.2008,0.2856,0.0,0.0,0.0,0.0,0.0,none,0.0545,0.0576,0.0,0.0781,0.139,0.0,0.6002,0.2467,0.469,0.2239,0.0,7.38,0.3125,0.5339,0.2309,0.0403,0.0619,0.4235,0.1694,0.1509
complement,High automation / high adaptation,2,SAU,Saudi Arabia,0.03,0.96,0.28,0.58,0.3955,0.5785,0.7644,0.7403,0.1949,0.3284,0.18,0.2929,0.43,0.6192,0.0,0.029,0.2989,0.4105,0.1408,0.6104,0.6859,0.231,0.2912,0.3657,0.3032,0.3225,0.085,grievance,1,0.1742,0.1529,0.2282,0.1644,0.2377,0.0,0.0,0.0,0.0,0.0,none,0.0639,0.0652,0.0057,0.065,0.06,0.0,0.6448,0.2475,0.5034,0.3267,0.0,7.7,0.3285,0.6083,0.0798,0.0356,0.0582,0.4357,0.1377,0.1973
complement,High automation / high adaptation,2,RUS,Russia,0.04,0.88,0.74,0.52,0.2494,0.4819,0.5369,0.5956,0.1915,0.4654,0.7831,0.478,0.26,0.2728,0.0029,0.0741,0.2852,0.4188,0.1867,0.624,0.4675,0.2993,0.4942,0.3081,0.5732,0.4914,0.0714,grievance,1,0.2768,0.224,0.3683,0.2862,0.3913,0.2221,0.2073,0.2838,0.2155,0.0084,proxy,0.0466,0.0438,0.0012,0.0683,0.0999,0.0024,0.5815,0.3614,0.4052,0.2929,0.0,5.69,0.4378,0.6468,0.1527,0.0218,0.0606,0.547,0.1341,0.1168
complement,High automation / high adaptation,2,BRA,Brazil,0.05,0.79,0.91,0.54,0.3273,0.5534,0.6211,0.4515,0.2121,0.4161,0.08,0.2192,0.38,0.4433,0.0,0.0145,0.2758,0.3639,0.1766,0.4036,0.5028,0.2726,0.3598,0.4155,0.4066,0.3246,0.02,stable,0,0.2277,0.2134,0.3068,0.1961,0.2925,0.0,0.0,0.0,0.0,0.0,none,0.0501,0.0515,0.0,0.0686,0.1105,0.0,0.6329,0.2278,0.504,0.1401,0.0,7.57,0.2651,0.3966,0.3435,0.0309,0.0592,0.3066,0.1804,0.1207
complement,High automation / high adaptation,3,USA,United States,0.18,0.8173,0.88,0.97,0.4593,0.5757,0.8008,0.9235,0.3497,0.3534,0.1205,0.1972,0.22,0.7787,0.0041,0.0409,0.3055,0.3436,0.1495,0.6748,0.7404,0.236,0.2559,0.5576,0.2553,0.3075,0.0714,grievance,1,0.1561,0.182,0.2228,0.156,0.2377,0.0654,0.1117,0.2538,0.0683,0.002,gray_zone,0.0741,0.076,0.0118,0.0682,0.1879,0.0031,0.7844,0.2113,0.635,0.1097,0.0,9.5,0.1678,0.6791,0.186,0.0385,0.0197,0.5362,0.1063,0.2276
complement,High automation / high adaptation,3,CHN,China,0.18,0.6794,0.7,0.78,0.418,0.6126,0.7539,0.8988,0.3478,0.3975,0.4221,0.3168,0.3,0.4742,0.003,0.0643,0.3051,0.3873,0.1654,0.7218,0.7137,0.2628,0.3111,0.4518,0.3413,0.3524,0.06,grievance,1,0.184,0.1797,0.2462,0.1887,0.2819,0.1064,0.3253,0.5016,0.1547,0.0319,proxy,0.0711,0.068,0.0108,0.063,0.1978,0.0024,0.6975,0.2756,0.5295,0.1172,0.0,7.78,0.2687,0.7303,0.0739,0.0354,0.0181,0.5524,0.1049,0.2139
complement,High automation / high adaptation,3,EU,European Union,0.16,0.5596,0.8,0.84,0.6166,0.6756,0.7532,0.8222,0.3134,0.2843,0.1852,0.142,0.2,0.7841,0.0076,0.0236,0.3088,0.3785,0.1163,0.6,0.705,0.2284,0.2184,0.5394,0.254,0.2422,0.02,stable,0,0.141,0.1627,0.2043,0.1251,0.2027,0.0,0.0,0.0,0.0,0.0,none,0.082,0.0839,0.0084,0.0628,0.1391,0.0063,0.7596,0.2011,0.6212,0.1816,0.0,9.74,0.1656,0.585,0.1966,0.0453,0.0187,0.4123,0.1157,0.2347
complement,High automation / high adaptation,3,JPN,Japan,0.07,0.3272,0.42,0.88,0.5861,0.722,0.7422,0.7704,0.3205,0.2657,0.14,0.0867,0.18,0.7727,0.0,0.0177,0.3077,0.4368,0.1168,0.5744,0.6971,0.2341,0.197,0.5499,0.2415,0.2028,0.02,stable,0,0.1345,0.1637,0.1929,0.1099,0.196,0.0,0.0,0.0,0.0,0.0,none,0.0811,0.0837,0.0066,0.0618,0.1491,0.0,0.6942,0.1942,0.5717,0.2524,0.0,9.31,0.2043,0.5543,0.1984,0.0518,0.0173,0.3671,0.1117,0.2422
complement,High automation / high adaptation,3,IND,India,0.19,0.4957,0.69,0.63,0.3775,0.6123,0.5869,0.4892,0.3042,0.4397,0.1,0.2529,0.34,0.5923,0.0,0.0351,0.2819,0.416,0.1799,0.5292,0.5375,0.3021,0.3427,0.4561,0.3954,0.3117,0.02,stable,0,0.2187,0.2061,0.2862,0.203,0.2924,0.0,0.0,0.0,0.0,0.0,none,0.0552,0.0582,0.0,0.0531,0.1908,0.0,0.6031,0.2588,0.4656,0.2204,0.0,7.35,0.3158,0.5339,0.2339,0.041,0.0149,0.4253,0.1725,0.1506
complement,High automation / high adaptation,3,SAU,Saudi Arabia,0.03,0.96,0.28,0.58,0.4033,0.5787,0.7512,0.749,0.2349,0.3323,0.18,0.2982,0.43,0.6188,0.0,0.0407,0.2995,0.4223,0.1261,0.6076,0.6856,0.2442,0.2951,0.3631,0.3042,0.3286,0.0714,grievance,1,0.1774,0.1654,0.2291,0.1705,0.2635,0.0,0.0,0.0,0.0,0.0,none,0.0645,0.0656,0.006,0.04,0.0987,0.0,0.6469,0.2552,0.5012,0.3253,0.0,7.68,0.3286,0.6073,0.0844,0.0359,0.0112,0.4367,0.0967,0.1969
complement,High automation / high adaptation,3,RUS,Russia,0.04,0.88,0.74,0.52,0.254,0.4772,0.5088,0.6042,0.2348,0.4734,0.7831,0.5013,0.26,0.2689,0.0023,0.0977,0.2858,0.4292,0.1834,0.6246,0.4482,0.3141,0.4983,0.3068,0.5831,0.4986,0.06,grievance,1,0.2811,0.2241,0.3718,0.2906,0.3993,0.2259,0.211,0.2881,0.2198,0.0087,proxy,0.047,0.044,0.0014,0.0433,0.1424,0.002,0.5822,0.3735,0.4007,0.2936,0.0,5.6,0.4427,0.647,0.1584,0.0219,0.0157,0.5518,0.1342,0.1157
complement,High automation / high adaptation,3,BRA,Brazil,0.05,0.79,0.91,0.54,0.3361,0.5506,0.6054,0.4617,0.2557,0.4245,0.08,0.228,0.38,0.445,0.0,0.0204,0.2759,0.3771,0.1692,0.4036,0.4973,0.2852,0.3624,0.4138,0.4107,0.3291,0.02,stable,0,0.23,0.212,0.3075,0.1979,0.2982,0.0,0.0,0.0,0.0,0.0,none,0.0507,0.0519,0.0,0.0436,0.1531,0.0,0.6346,0.2381,0.5001,0.1388,0.0,7.53,0.2693,0.3966,0.3462,0.0312,0.0122,0.3086,0.1824,0.1206
complement,High automation / high adaptation,4,USA,United States,0.18,0.8173,0.88,0.97,0.4657,0.5458,0.7585,0.9208,0.4179,0.368,0.1214,0.2154,0.22,0.7777,0.0048,0.0519,0.306,0.3573,0.1389,0.6754,0.7441,0.2545,0.2588,0.5541,0.2569,0.3147,0.12,protest,2,0.1692,0.1916,0.2326,0.1578,0.2449,0.0663,0.1114,0.2531,0.0679,0.002,gray_zone,0.0742,0.076,0.0118,0.0682,0.2559,0.0025,0.7797,0.2363,0.6156,0.1089,0.0,9.27,0.2008,0.6794,0.1894,0.0385,0.0496,0.5382,0.1122,0.2222
complement,High automation / high adaptation,4,CHN,China,0.18,0.6776,0.7,0.78,0.424,0.6015,0.7221,0.9018,0.4108,0.4127,0.4221,0.3394,0.3,0.4728,0.0061,0.0806,0.3055,0.4028,0.1553,0.7223,0.7098,0.2822,0.3154,0.4483,0.3463,0.3629,0.0354,stable,0,0.1984,0.1899,0.2581,0.1932,0.2907,0.1075,0.3291,0.5068,0.1575,0.033,proxy,0.0713,0.0681,0.011,0.063,0.2604,0.002,0.6978,0.2917,0.5213,0.1178,0.0,7.65,0.2745,0.7305,0.0806,0.0355,0.048,0.557,0.1111,0.2076
complement,High automation / high adaptation,4,EU,European Union,0.16,0.4806,0.8,0.84,0.6254,0.6704,0.733,0.8262,0.3757,0.2946,0.1852,0.1453,0.2,0.7854,0.0063,0.027,0.309,0.3895,0.0986,0.6,0.7087,0.244,0.2204,0.5354,0.2547,0.247,0.02,stable,0,0.1523,0.171,0.2124,0.1272,0.2084,0.0,0.0,0.0,0.0,0.0,none,0.0825,0.0842,0.0086,0.0623,0.2005,0.0052,0.7449,0.2178,0.5991,0.2058,0.0,9.53,0.1884,0.585,0.1974,0.0455,0.0483,0.4134,0.1228,0.2302
complement,High automation / high adaptation,4,JPN,Japan,0.07,0.2297,0.42,0.88,0.5992,0.7189,0.7227,0.7781,0.3817,0.2765,0.14,0.0891,0.18,0.7777,0.0,0.022,0.3078,0.4478,0.0992,0.5744,0.7012,0.2494,0.1987,0.5463,0.2421,0.2066,0.02,stable,0,0.1455,0.1719,0.2006,0.112,0.2014,0.0,0.0,0.0,0.0,0.0,none,0.0818,0.0843,0.0069,0.0612,0.2087,0.0,0.6772,0.2127,0.5474,0.2943,0.0,9.09,0.2323,0.5543,0.1986,0.0523,0.0471,0.368,0.1185,0.238
complement,High automation / high adaptation,4,IND,India,0.19,0.4279,0.69,0.63,0.3907,0.6069,0.5635,0.4961,0.3568,0.454,0.1,0.2632,0.34,0.5968,0.0,0.0439,0.2821,0.4319,0.173,0.5292,0.5313,0.3191,0.3468,0.454,0.4011,0.3187,0.02,stable,0,0.2314,0.2157,0.2968,0.2081,0.3003,0.0,0.0,0.0,0.0,0.0,none,0.0559,0.0587,0.0,0.0526,0.2422,0.0,0.5911,0.2754,0.4488,0.2413,0.0,7.19,0.3358,0.5339,0.2389,0.0415,0.0447,0.4279,0.1837,0.1465
complement,High automation / high adaptation,4,SAU,Saudi Arabia,0.03,0.96,0.28,0.58,0.4112,0.5765,0.7343,0.7571,0.2748,0.339,0.18,0.3555,0.43,0.6178,0.0,0.0518,0.3,0.4356,0.1108,0.6082,0.6855,0.2548,0.2959,0.36,0.3057,0.3413,0.045,stable,0,0.1872,0.172,0.2384,0.1742,0.2682,0.0,0.0,0.0,0.0,0.0,none,0.065,0.0659,0.0063,0.04,0.1376,0.0,0.6494,0.2684,0.4965,0.3239,0.0,7.52,0.3367,0.6075,0.0938,0.0362,0.0412,0.4478,0.1004,0.1924
complement,High automation / high adaptation,4,RUS,Russia,0.04,0.88,0.74,0.52,0.2587,0.4699,0.4772,0.6112,0.278,0.4845,0.7831,0.5271,0.26,0.2647,0.0019,0.1185,0.2863,0.4413,0.1795,0.6251,0.429,0.3304,0.5034,0.3049,0.5936,0.5082,0.0354,stable,0,0.2943,0.2341,0.3843,0.2979,0.4083,0.2343,0.2172,0.2952,0.2266,0.0092,proxy,0.0472,0.044,0.0017,0.0433,0.1851,0.0016,0.5831,0.386,0.3964,0.2943,0.0193,5.45,0.456,0.6472,0.1659,0.022,0.0482,0.5573,0.1417,0.1118
complement,High automation / high adaptation,4,BRA,Brazil,0.05,0.79,0.91,0.54,0.345,0.5453,0.5863,0.4705,0.2992,0.4359,0.08,0.239,0.38,0.4466,0.0,0.0257,0.2761,0.392,0.1616,0.4036,0.4916,0.2992,0.366,0.4115,0.4156,0.3357,0.02,stable,0,0.2412,0.2205,0.317,0.2025,0.3047,0.0,0.0,0.0,0.0,0.0,none,0.0512,0.0522,0.0,0.0436,0.1958,0.0,0.6359,0.2501,0.4952,0.1374,0.0,7.47,0.276,0.3966,0.3506,0.0315,0.0422,0.3113,0.1927,0.1175
complement,High automation / high adaptation,5,USA,United States,0.18,0.8173,0.88,0.97,0.473,0.5334,0.7303,0.9163,0.4861,0.3855,0.1214,0.2239,0.22,0.7766,0.004,0.0595,0.307,0.3729,0.1264,0.6734,0.7462,0.2814,0.2697,0.5467,0.2601,0.3397,0.0858,grievance,1,0.1842,0.2109,0.2448,0.1669,0.2783,0.0695,0.1127,0.256,0.0705,0.002,gray_zone,0.0736,0.0919,0.0117,0.0682,0.3089,0.003,0.7809,0.2504,0.6079,0.1081,0.0131,9.16,0.2079,0.6785,0.2078,0.0432,0.0197,0.5447,0.0793,0.2177
complement,High automation / high adaptation,5,CHN,China,0.18,0.6776,0.7,0.78,0.4308,0.5887,0.6879,0.9023,0.4737,0.4307,0.4221,0.3616,0.3,0.4703,0.005,0.0936,0.3058,0.4201,0.1407,0.7233,0.7058,0.3021,0.3202,0.4435,0.3519,0.3754,0.0297,stable,0,0.207,0.1793,0.2645,0.1957,0.2797,0.1194,0.3311,0.5088,0.1587,0.0337,proxy,0.0713,0.0828,0.0111,0.063,0.3086,0.004,0.6975,0.3086,0.5123,0.1176,0.043,7.41,0.3062,0.7309,0.088,0.0399,0.0183,0.5634,0.1627,0.2065
complement,High automation / high adaptation,5,EU,European Union,0.16,0.4816,0.8,0.84,0.6353,0.6637,0.7094,0.828,0.4381,0.3072,0.1852,0.151,0.2,0.7866,0.0051,0.03,0.3092,0.402,0.0763,0.6,0.7121,0.2598,0.223,0.5303,0.2561,0.2534,0.02,stable,0,0.1574,0.1717,0.2147,0.1279,0.2146,0.0,0.0,0.0,0.0,0.0,none,0.0828,0.1027,0.0087,0.0623,0.2438,0.0043,0.746,0.2319,0.5916,0.204,0.0,9.46,0.1947,0.585,0.1987,0.0511,0.0182,0.415,0.1261,0.2319
complement,High automation / high adaptation,5,JPN,Japan,0.07,0.2322,0.42,0.88,0.6133,0.7143,0.7,0.7837,0.4429,0.2894,0.14,0.0937,0.18,0.7826,0.0,0.0257,0.3079,0.4602,0.0769,0.5744,0.705,0.2649,0.201,0.5415,0.2434,0.2119,0.02,stable,0,0.1502,0.1725,0.2024,0.1126,0.2071,0.0,0.0,0.0,0.0,0.0,none,0.0824,0.1032,0.0072,0.0612,0.2501,0.0,0.6798,0.2262,0.5422,0.2893,0.0,9.06,0.2362,0.5543,0.1991,0.0581,0.0171,0.3695,0.1214,0.2401
complement,High automation / high adaptation,5,IND,India,0.19,0.43,0.69,0.63,0.4048,0.5998,0.5368,0.5011,0.4094,0.4704,0.1,0.2755,0.34,0.6012,0.0,0.0518,0.2823,0.4492,0.1629,0.5292,0.5248,0.3365,0.3516,0.4511,0.4075,0.3272,0.02,stable,0,0.2384,0.2181,0.3019,0.2119,0.3086,0.0,0.0,0.0,0.0,0.0,none,0.0564,0.072,0.0,0.0526,0.281,0.0,0.5935,0.2896,0.4442,0.2376,0.0046,7.13,0.3438,0.5339,0.2444,0.0456,0.0158,0.4311,0.1901,0.146
complement,High automation / high adaptation,5,SAU,Saudi Arabia,0.03,0.96,0.28,0.58,0.4198,0.5737,0.7153,0.7639,0.3148,0.3467,0.18,0.3643,0.43,0.6167,0.0,0.0616,0.3004,0.4497,0.0909,0.6093,0.686,0.2644,0.2962,0.3559,0.3072,0.3439,0.085,grievance,1,0.1885,0.1571,0.2378,0.1724,0.2515,0.0,0.0,0.0,0.0,0.0,none,0.0655,0.0806,0.0065,0.04,0.1622,0.0,0.6485,0.282,0.4892,0.3225,0.0,7.44,0.3531,0.6079,0.0919,0.0407,0.0112,0.4499,0.1482,0.1949
complement,High automation / high adaptation,5,RUS,Russia,0.04,0.88,0.74,0.52,0.2639,0.4612,0.4426,0.6164,0.3213,0.4974,0.7831,0.5547,0.26,0.2602,0.0016,0.1369,0.2866,0.4547,0.1724,0.6261,0.41,0.3464,0.5085,0.3022,0.6044,0.5183,0.085,grievance,1,0.3012,0.223,0.3907,0.3025,0.3972,0.2613,0.2209,0.2981,0.2284,0.0095,proxy,0.0474,0.0535,0.0019,0.0433,0.2185,0.0013,0.5801,0.4061,0.3865,0.2951,0.0574,5.2,0.5025,0.6476,0.1728,0.025,0.0209,0.5634,0.2549,0.1107
complement,High automation / high adaptation,5,BRA,Brazil,0.05,0.79,0.91,0.54,0.3546,0.5388,0.5645,0.4776,0.3428,0.4489,0.08,0.2518,0.38,0.448,0.0,0.0305,0.2763,0.4081,0.1511,0.4036,0.4857,0.3134,0.3701,0.4086,0.421,0.3435,0.085,grievance,1,0.2464,0.2217,0.3207,0.2057,0.3116,0.0,0.0,0.0,0.0,0.0,none,0.0516,0.0639,0.0,0.0436,0.2273,0.0,0.6338,0.2693,0.4842,0.136,0.0,7.35,0.3048,0.3966,0.3554,0.0351,0.0122,0.3144,0.1976,0.1174
complement,High automation / high adaptation,6,USA,United States,0.18,0.8173,0.88,0.97,0.4794,0.4948,0.6765,0.9099,0.5544,0.4098,0.1214,0.2489,0.22,0.7753,0.0032,0.0661,0.3077,0.3921,0.1167,0.6748,0.7481,0.3038,0.2748,0.542,0.2646,0.3524,0.12,protest,2,0.2021,0.2103,0.2594,0.1694,0.2682,0.0805,0.112,0.2546,0.0694,0.002,gray_zone,0.0735,0.0753,0.0115,0.0682,0.394,0.0025,0.7758,0.2762,0.5886,0.1073,0.075,8.75,0.2706,0.6791,0.2153,0.0381,0.0596,0.5488,0.1244,0.2075
complement,High automation / high adaptation,6,CHN,China,0.18,0.6776,0.7,0.78,0.4368,0.5705,0.6472,0.9007,0.5367,0.4548,0.4221,0.3881,0.3,0.4675,0.0041,0.1053,0.306,0.4407,0.1296,0.7236,0.7012,0.3262,0.3276,0.4386,0.3591,0.3927,0.025,stable,0,0.2268,0.193,0.2818,0.2029,0.2916,0.1356,0.338,0.5176,0.1635,0.0353,proxy,0.0713,0.0679,0.0111,0.063,0.3865,0.0033,0.6964,0.3292,0.5011,0.1173,0.1,7.09,0.3513,0.731,0.1003,0.0354,0.0582,0.57,0.1796,0.1955
complement,High automation / high adaptation,6,EU,European Union,0.16,0.4692,0.8,0.84,0.6442,0.6473,0.6659,0.8279,0.5004,0.3261,0.1852,0.1852,0.23,0.7939,0.0311,0.0439,0.3094,0.4186,0.0584,0.6,0.7148,0.2817,0.2279,0.5251,0.2591,0.2644,0.02,stable,0,0.1748,0.1842,0.2283,0.1349,0.2238,0.0,0.0,0.0,0.0,0.0,none,0.083,0.0846,0.0088,0.0623,0.324,0.0035,0.7417,0.2594,0.5722,0.2109,0.0,9.17,0.2246,0.585,0.2045,0.0456,0.058,0.4182,0.1381,0.2214
complement,High automation / high adaptation,6,JPN,Japan,0.07,0.2346,0.42,0.88,0.6264,0.704,0.6709,0.7873,0.5042,0.3086,0.14,0.1025,0.18,0.7874,0.0,0.0291,0.308,0.4759,0.0587,0.5744,0.7083,0.2846,0.2055,0.5366,0.2462,0.2216,0.02,stable,0,0.1663,0.1842,0.2151,0.1168,0.2154,0.0,0.0,0.0,0.0,0.0,none,0.083,0.0852,0.0074,0.0612,0.3286,0.0,0.6817,0.2425,0.5349,0.2842,0.0,8.99,0.2439,0.5543,0.2039,0.0529,0.0571,0.3723,0.1321,0.23
complement,High automation / high adaptation,6,IND,India,0.19,0.4322,0.65,0.63,0.4182,0.5882,0.5049,0.5042,0.462,0.4919,0.1,0.2929,0.42,0.6055,0.0,0.0588,0.2824,0.4708,0.1556,0.5292,0.5177,0.3621,0.3582,0.4479,0.4152,0.3397,0.02,stable,0,0.2582,0.2327,0.3185,0.2258,0.3206,0.0,0.0,0.0,0.0,0.0,none,0.0569,0.0595,0.0,0.0526,0.3456,0.0,0.5912,0.3138,0.432,0.2339,0.0439,6.89,0.379,0.5339,0.2537,0.042,0.0583,0.4356,0.209,0.1382
complement,High automation / high adaptation,6,SAU,Saudi Arabia,0.03,0.96,0.28,0.58,0.4277,0.5669,0.6921,0.7692,0.3547,0.3588,0.18,0.376,0.43,0.6155,0.0,0.0702,0.301,0.4662,0.0755,0.6076,0.6853,0.2806,0.3015,0.3521,0.3101,0.3541,0.0714,grievance,1,0.2032,0.1814,0.2501,0.1804,0.279,0.0,0.0,0.0,0.0,0.0,none,0.0659,0.0664,0.0067,0.04,0.2157,0.0,0.6498,0.2934,0.4845,0.3211,0.0,7.38,0.3578,0.6073,0.0989,0.0366,0.0512,0.4528,0.1059,0.1868
complement,High automation / high adaptation,6,RUS,Russia,0.04,0.88,0.74,0.52,0.2686,0.4515,0.405,0.6132,0.3646,0.5144,0.7894,0.5921,0.26,0.2554,0.0125,0.1713,0.2873,0.4703,0.1693,0.624,0.3895,0.3689,0.5188,0.2997,0.6167,0.5362,0.0714,grievance,1,0.3213,0.2511,0.4098,0.3175,0.4306,0.2886,0.234,0.3133,0.2442,0.0103,proxy,0.0475,0.0439,0.0021,0.0433,0.2711,0.0011,0.5792,0.4255,0.3785,0.2958,0.0959,4.91,0.5394,0.6468,0.1891,0.0221,0.064,0.5703,0.1552,0.1039
complement,High automation / high adaptation,6,BRA,Brazil,0.05,0.79,0.86,0.54,0.3635,0.5283,0.5383,0.4832,0.3863,0.4662,0.08,0.2693,0.47,0.4493,0.0,0.035,0.277,0.4282,0.1453,0.4008,0.478,0.3396,0.3791,0.4059,0.428,0.359,0.0714,grievance,1,0.2673,0.2503,0.3387,0.2262,0.3447,0.0,0.0,0.0,0.0,0.0,none,0.052,0.0527,0.0,0.0436,0.2816,0.0,0.6302,0.2915,0.4708,0.1346,0.0229,7.13,0.3303,0.3955,0.3694,0.0318,0.0531,0.3188,0.1546,0.1105
complement,High automation / high adaptation,7,USA,United States,0.18,0.8173,0.88,0.97,0.4858,0.4528,0.6175,0.9003,0.6226,0.4385,0.1221,0.2775,0.22,0.7738,0.0035,0.0757,0.3086,0.4137,0.1071,0.6734,0.7482,0.3348,0.2887,0.5335,0.2709,0.3843,0.1008,protest,2,0.2201,0.2305,0.2749,0.1792,0.3047,0.0917,0.1132,0.2574,0.0728,0.002,gray_zone,0.0726,0.0745,0.0176,0.0682,0.4578,0.002,0.7729,0.2989,0.5732,0.1066,0.1368,8.37,0.3188,0.6785,0.2392,0.0389,0.0195,0.5574,0.0888,0.1998
complement,High automation / high adaptation,7,CHN,China,0.18,0.6768,0.7,0.78,0.4427,0.5484,0.6002,0.8968,0.5997,0.4829,0.4234,0.4208,0.3,0.4644,0.006,0.118,0.3061,0.4634,0.117,0.7238,0.6958,0.3509,0.3364,0.4329,0.3676,0.4129,0.021,stable,0,0.2389,0.1971,0.2919,0.2087,0.3044,0.1524,0.3446,0.5261,0.1681,0.0368,proxy,0.071,0.0676,0.0172,0.063,0.444,0.0027,0.6942,0.3514,0.4886,0.1179,0.157,6.74,0.3985,0.7311,0.1146,0.0365,0.0181,0.5775,0.1905,0.191
complement,High automation / high adaptation,7,EU,European Union,0.16,0.4701,0.8,0.84,0.6526,0.6307,0.6297,0.8246,0.5627,0.3496,0.1852,0.1998,0.23,0.7949,0.0255,0.0454,0.3099,0.4373,0.0392,0.6,0.7168,0.3075,0.2367,0.5184,0.2634,0.2853,0.02,stable,0,0.1879,0.1888,0.2384,0.1425,0.2345,0.0,0.0,0.0,0.0,0.0,none,0.083,0.0846,0.0136,0.0623,0.3815,0.0212,0.7415,0.2771,0.562,0.2095,0.0,9.06,0.2342,0.585,0.2186,0.0465,0.021,0.4298,0.1477,0.2164
complement,High automation / high adaptation,7,JPN,Japan,0.07,0.2371,0.42,0.88,0.6394,0.6904,0.6373,0.7888,0.5654,0.3317,0.14,0.1144,0.18,0.7921,0.0,0.0322,0.3081,0.4939,0.0393,0.5744,0.711,0.3048,0.2113,0.5309,0.2502,0.2341,0.02,stable,0,0.1746,0.1861,0.2206,0.1195,0.2245,0.0,0.0,0.0,0.0,0.0,none,0.0833,0.0855,0.0116,0.0613,0.385,0.0,0.6831,0.2593,0.5271,0.2792,0.0,8.91,0.2513,0.5543,0.2107,0.0538,0.0172,0.3759,0.138,0.2274
complement,High automation / high adaptation,7,IND,India,0.19,0.4343,0.65,0.63,0.4315,0.5735,0.4687,0.5053,0.5147,0.5171,0.1,0.3131,0.42,0.6095,0.0,0.0652,0.2826,0.4945,0.1482,0.5292,0.5099,0.3842,0.3659,0.4442,0.424,0.3547,0.02,stable,0,0.2686,0.2365,0.327,0.2315,0.3321,0.0,0.0,0.0,0.0,0.0,none,0.0572,0.0597,0.0,0.0526,0.3977,0.0,0.5925,0.331,0.4255,0.2303,0.0832,6.7,0.4093,0.5339,0.2651,0.0421,0.0212,0.441,0.2195,0.1351
complement,High automation / high adaptation,7,SAU,Saudi Arabia,0.03,0.96,0.28,0.58,0.4356,0.5579,0.6659,0.773,0.3947,0.3734,0.18,0.3897,0.43,0.6142,0.0,0.0778,0.3015,0.4839,0.0587,0.6082,0.6845,0.2941,0.3049,0.3476,0.3136,0.3625,0.06,grievance,1,0.2073,0.1808,0.2524,0.1812,0.2851,0.0,0.0,0.0,0.0,0.0,none,0.0661,0.0665,0.0107,0.04,0.2512,0.0,0.6506,0.3042,0.4799,0.3197,0.0,7.31,0.3604,0.6075,0.1026,0.0374,0.0112,0.4563,0.1056,0.1861
complement,High automation / high adaptation,7,RUS,Russia,0.04,0.88,0.74,0.52,0.2732,0.4362,0.3616,0.6143,0.4078,0.5346,0.7894,0.6258,0.26,0.2504,0.0103,0.1837,0.2881,0.4875,0.1655,0.6246,0.3685,0.3897,0.528,0.297,0.6312,0.5532,0.06,grievance,1,0.3319,0.2552,0.4202,0.3267,0.4426,0.3191,0.2436,0.324,0.2547,0.0111,proxy,0.0473,0.0437,0.0031,0.0433,0.3137,0.0086,0.5783,0.442,0.3717,0.2968,0.1347,4.67,0.5695,0.647,0.2031,0.0222,0.0286,0.5803,0.1587,0.1009
complement,High automation / high adaptation,7,BRA,Brazil,0.05,0.79,0.86,0.54,0.3723,0.5153,0.5084,0.4872,0.4299,0.4866,0.08,0.2892,0.47,0.4503,0.0,0.0392,0.2776,0.4501,0.1391,0.4014,0.47,0.3574,0.3851,0.4027,0.4358,0.3715,0.06,grievance,1,0.2749,0.2524,0.345,0.2299,0.354,0.0,0.0,0.0,0.0,0.0,none,0.0522,0.0528,0.0,0.0436,0.3249,0.0,0.631,0.3049,0.4652,0.1333,0.0576,6.95,0.3543,0.3958,0.3784,0.0318,0.0155,0.3238,0.1563,0.1086
complement,High automation / high adaptation,8,USA,United States,0.18,0.8173,0.88,0.97,0.4921,0.4266,0.5706,0.8878,0.6908,0.4727,0.1229,0.2984,0.22,0.7719,0.0038,0.085,0.3094,0.4385,0.0989,0.6742,0.7475,0.3674,0.3019,0.5246,0.2788,0.4163,0.0697,grievance,1,0.2479,0.2486,0.2999,0.1879,0.3217,0.1034,0.1141,0.2592,0.0745,0.002,gray_zone,0.0716,0.0736,0.011,0.0682,0.5346,0.0022,0.7719,0.3191,0.561,0.1058,0.1987,8.05,0.3595,0.6789,0.262,0.0372,0.0695,0.5674,0.0985,0.1866
complement,High automation / high adaptation,8,CHN,China,0.18,0.6759,0.7,0.78,0.4486,0.5242,0.5474,0.8843,0.6627,0.516,0.4702,0.4647,0.3,0.461,0.0177,0.1455,0.3063,0.4891,0.106,0.7239,0.6886,0.3802,0.3524,0.4267,0.3853,0.4418,0.085,grievance,1,0.2655,0.2153,0.318,0.2216,0.3227,0.1793,0.3519,0.5346,0.1726,0.0382,proxy,0.0706,0.0671,0.0109,0.063,0.514,0.0039,0.6875,0.3908,0.4651,0.1187,0.214,6.25,0.4791,0.7312,0.1373,0.035,0.0685,0.5878,0.2164,0.1778
complement,High automation / high adaptation,8,EU,European Union,0.16,0.4411,0.8,0.84,0.6611,0.61,0.5882,0.8207,0.6248,0.3776,0.1852,0.218,0.23,0.7955,0.0209,0.0471,0.3104,0.4589,0.0213,0.6,0.7179,0.3317,0.2444,0.5118,0.2691,0.303,0.02,stable,0,0.2085,0.2032,0.2561,0.1488,0.2465,0.0,0.0,0.0,0.0,0.0,none,0.0828,0.0844,0.0087,0.0621,0.4489,0.0174,0.7363,0.2972,0.547,0.2081,0.0,8.89,0.2495,0.585,0.2299,0.0453,0.0703,0.4346,0.164,0.2063
complement,High automation / high adaptation,8,JPN,Japan,0.07,0.2278,0.42,0.88,0.6512,0.6688,0.5865,0.7878,0.6267,0.3593,0.14,0.1502,0.18,0.8011,0.0234,0.0449,0.3082,0.5145,0.0209,0.5744,0.7128,0.3285,0.2187,0.5247,0.2555,0.2502,0.02,stable,0,0.1949,0.2006,0.2378,0.1259,0.2357,0.0,0.0,0.0,0.0,0.0,none,0.0835,0.0856,0.0075,0.0613,0.45,0.0,0.6796,0.2858,0.5107,0.2865,0.0,8.66,0.2792,0.5543,0.2206,0.0508,0.0672,0.3806,0.1531,0.2164
complement,High automation / high adaptation,8,IND,India,0.19,0.4364,0.65,0.63,0.4447,0.5555,0.4281,0.5042,0.5673,0.5459,0.1,0.3361,0.42,0.6131,0.0,0.0712,0.2828,0.5203,0.1408,0.5292,0.5012,0.408,0.375,0.44,0.434,0.3724,0.02,stable,0,0.2895,0.252,0.3462,0.2407,0.3448,0.0,0.0,0.0,0.0,0.0,none,0.0574,0.0599,0.0,0.0526,0.4501,0.0,0.5909,0.3521,0.4155,0.2413,0.1226,6.47,0.4471,0.5339,0.2785,0.0419,0.0745,0.4471,0.2418,0.128
complement,High automation / high adaptation,8,SAU,Saudi Arabia,0.03,0.96,0.28,0.58,0.4434,0.5464,0.636,0.7751,0.4346,0.391,0.18,0.4059,0.43,0.6126,0.0,0.0847,0.3019,0.5035,0.0423,0.6087,0.6835,0.3102,0.3094,0.3428,0.3179,0.3732,0.055,grievance,1,0.2223,0.1922,0.2654,0.1855,0.2926,0.0,0.0,0.0,0.0,0.0,none,0.0663,0.0666,0.007,0.04,0.2947,0.0,0.6507,0.3177,0.4736,0.3183,0.0,7.23,0.3681,0.6077,0.1084,0.0367,0.0612,0.4605,0.1125,0.1796
complement,High automation / high adaptation,8,RUS,Russia,0.04,0.88,0.74,0.52,0.2777,0.4183,0.3127,0.6135,0.4511,0.5579,0.8694,0.7035,0.26,0.2445,0.0084,0.1959,0.2888,0.5066,0.1618,0.6251,0.3453,0.4123,0.5471,0.2935,0.6604,0.588,0.0354,stable,0,0.3571,0.2728,0.4496,0.3445,0.4625,0.3625,0.2601,0.3427,0.2737,0.0124,proxy,0.0472,0.0434,0.002,0.0433,0.3585,0.0071,0.5777,0.4735,0.3598,0.2977,0.1734,4.28,0.6102,0.6472,0.2343,0.0219,0.0823,0.5975,0.174,0.0927
complement,High automation / high adaptation,8,BRA,Brazil,0.05,0.79,0.86,0.54,0.3811,0.4996,0.4749,0.4894,0.4734,0.51,0.08,0.3115,0.47,0.4511,0.0,0.0432,0.2781,0.4737,0.1324,0.4019,0.4616,0.3767,0.3923,0.399,0.4445,0.3863,0.055,grievance,1,0.2928,0.2659,0.3616,0.2371,0.3644,0.0,0.0,0.0,0.0,0.0,none,0.0523,0.0528,0.0,0.0436,0.3683,0.0,0.6312,0.321,0.4579,0.1319,0.0923,6.75,0.3834,0.396,0.3893,0.0317,0.0682,0.3296,0.1679,0.1035
complement,High automation / high adaptation,9,USA,United States,0.18,0.8173,0.88,0.97,0.499,0.3976,0.5191,0.8652,0.759,0.5103,0.1239,0.3225,0.22,0.7698,0.0041,0.0939,0.3099,0.4655,0.087,0.6755,0.7459,0.3952,0.3119,0.5178,0.2879,0.4386,0.0585,grievance,1,0.261,0.2393,0.3107,0.1914,0.3159,0.1152,0.1167,0.2529,0.0765,0.0017,gray_zone,0.0709,0.0857,0.0106,0.0682,0.5918,0.0023,0.7693,0.3409,0.5471,0.1049,0.26,7.7,0.4042,0.6794,0.277,0.0406,0.022,0.5747,0.1457,0.183
complement,High automation / high adaptation,9,CHN,China,0.18,0.6748,0.7,0.78,0.455,0.4973,0.4881,0.8667,0.7256,0.5524,0.4755,0.5067,0.3,0.4572,0.0221,0.1714,0.3072,0.5168,0.0947,0.7212,0.6784,0.4141,0.3693,0.4203,0.3988,0.4748,0.0564,stable,0,0.2851,0.237,0.3361,0.2388,0.3617,0.1992,0.3639,0.5506,0.1816,0.0412,proxy,0.0699,0.0781,0.0105,0.063,0.5671,0.0116,0.6852,0.4155,0.4523,0.1197,0.2706,5.87,0.524,0.7301,0.165,0.0381,0.0245,0.6006,0.1439,0.1707
complement,High automation / high adaptation,9,EU,European Union,0.16,0.4434,0.8,0.84,0.6732,0.5889,0.543,0.8085,0.6869,0.4083,0.1852,0.2386,0.23,0.7981,0.0172,0.0488,0.3109,0.4822,0.0,0.6,0.7179,0.3554,0.2528,0.5046,0.2759,0.3219,0.085,grievance,1,0.2179,0.2048,0.2635,0.1527,0.2586,0.0,0.0,0.0,0.0,0.0,none,0.0825,0.0988,0.0085,0.0621,0.497,0.0143,0.7328,0.3242,0.5299,0.2052,0.0137,8.66,0.291,0.585,0.2416,0.0544,0.0204,0.4401,0.1718,0.207
complement,High automation / high adaptation,9,JPN,Japan,0.07,0.2277,0.42,0.88,0.6688,0.6483,0.5339,0.7815,0.6879,0.39,0.1463,0.1845,0.18,0.8087,0.0328,0.0572,0.3087,0.5368,0.0,0.5744,0.7135,0.3556,0.2289,0.5175,0.2619,0.2729,0.02,stable,0,0.2067,0.2037,0.2473,0.1337,0.2478,0.0,0.0,0.0,0.0,0.0,none,0.0834,0.1005,0.0075,0.0612,0.4965,0.0177,0.6791,0.3105,0.4979,0.2882,0.0191,8.42,0.3089,0.5543,0.2361,0.0647,0.0204,0.3924,0.1625,0.2184
complement,High automation / high adaptation,9,IND,India,0.19,0.4399,0.65,0.63,0.4638,0.5386,0.3838,0.5009,0.62,0.5772,0.1,0.3613,0.42,0.6207,0.0,0.0768,0.2829,0.5477,0.1308,0.5292,0.4915,0.4316,0.3844,0.4355,0.445,0.3905,0.02,stable,0,0.299,0.2544,0.3547,0.2472,0.3578,0.0,0.0,0.0,0.0,0.0,none,0.0574,0.0703,0.0,0.0527,0.4923,0.0,0.5932,0.3711,0.4093,0.2355,0.1562,6.3,0.4744,0.5339,0.2922,0.0545,0.0281,0.4537,0.2524,0.1293
complement,High automation / high adaptation,9,SAU,Saudi Arabia,0.03,0.96,0.28,0.58,0.4531,0.5344,0.604,0.7696,0.4746,0.4101,0.18,0.4236,0.43,0.6119,0.0,0.0909,0.3023,0.5241,0.023,0.6089,0.6821,0.326,0.3145,0.3374,0.3228,0.3851,0.055,grievance,1,0.2268,0.191,0.2684,0.1878,0.3003,0.0,0.0,0.0,0.0,0.0,none,0.0664,0.0781,0.0071,0.04,0.323,0.0,0.6505,0.3312,0.4671,0.3161,0.0215,7.08,0.3878,0.6078,0.1148,0.0423,0.0112,0.465,0.1118,0.1807
complement,High automation / high adaptation,9,RUS,Russia,0.04,0.88,0.74,0.52,0.2827,0.3986,0.2607,0.6105,0.4944,0.5834,0.8694,0.7432,0.26,0.2382,0.0069,0.2071,0.2892,0.527,0.1556,0.6261,0.3219,0.4347,0.5566,0.2892,0.6759,0.6076,0.0297,stable,0,0.3675,0.2624,0.46,0.3519,0.4562,0.396,0.2687,0.3519,0.2825,0.0132,proxy,0.0469,0.0505,0.002,0.0433,0.395,0.0058,0.5759,0.4922,0.352,0.2986,0.2117,4.02,0.6421,0.6476,0.2491,0.024,0.0362,0.6067,0.3374,0.0905
complement,High automation / high adaptation,9,BRA,Brazil,0.05,0.79,0.86,0.54,0.3929,0.4837,0.4383,0.4896,0.517,0.5354,0.08,0.3356,0.47,0.4535,0.0,0.0471,0.2786,0.4986,0.1234,0.4021,0.4526,0.3963,0.4002,0.3948,0.4539,0.4023,0.0312,stable,0,0.3005,0.2671,0.3684,0.2422,0.3753,0.0,0.0,0.0,0.0,0.0,none,0.0523,0.0619,0.0,0.0436,0.4027,0.0,0.6327,0.3347,0.4528,0.1298,0.1241,6.58,0.4026,0.396,0.4011,0.0388,0.0211,0.3357,0.1689,0.1035
complement,High automation / high adaptation,10,USA,United States,0.18,0.8173,0.88,0.97,0.5053,0.3624,0.4604,0.8493,0.8272,0.5544,0.1239,0.3513,0.22,0.7673,0.0034,0.0979,0.3104,0.496,0.0784,0.6759,0.7428,0.428,0.3252,0.5107,0.2991,0.4669,0.055,grievance,1,0.2842,0.2526,0.3313,0.2002,0.3335,0.135,0.1306,0.2685,0.0821,0.0019,gray_zone,0.0699,0.0723,0.0099,0.0682,0.6752,0.0026,0.7659,0.3668,0.5307,0.1042,0.322,7.31,0.4566,0.6796,0.298,0.0363,0.0267,0.5834,0.1565,0.1716
complement,High automation / high adaptation,10,CHN,China,0.18,0.6748,0.7,0.78,0.4606,0.4659,0.4252,0.8474,0.7886,0.5949,0.4822,0.5564,0.3,0.4531,0.03,0.1942,0.3079,0.5477,0.0857,0.7224,0.6671,0.4469,0.383,0.4135,0.4139,0.5045,0.0474,stable,0,0.3086,0.2372,0.358,0.2489,0.3599,0.2439,0.3799,0.5696,0.1937,0.0458,proxy,0.0691,0.0658,0.01,0.063,0.6437,0.0144,0.6814,0.4437,0.4373,0.1197,0.328,5.45,0.576,0.7306,0.1875,0.0342,0.0303,0.6129,0.2634,0.1595
complement,High automation / high adaptation,10,EU,European Union,0.16,0.4442,0.8,0.84,0.6815,0.5404,0.4727,0.8002,0.749,0.4451,0.1852,0.2751,0.23,0.798,0.0141,0.0508,0.3118,0.5088,0.0,0.5972,0.7151,0.3893,0.2672,0.5001,0.2851,0.3502,0.12,protest,2,0.2426,0.233,0.285,0.167,0.297,0.0,0.0,0.0,0.0,0.0,none,0.0822,0.0839,0.0081,0.0621,0.5747,0.0117,0.7272,0.3549,0.51,0.2038,0.0675,8.26,0.3551,0.5839,0.2665,0.0445,0.024,0.447,0.1409,0.1911
complement,High automation / high adaptation,10,JPN,Japan,0.07,0.2157,0.42,0.88,0.6797,0.6175,0.4683,0.7741,0.7492,0.4269,0.1463,0.2325,0.18,0.8181,0.0553,0.07,0.3093,0.5623,0.0,0.5744,0.7129,0.3891,0.2415,0.5128,0.2714,0.3009,0.02,stable,0,0.2313,0.2185,0.2688,0.1442,0.2647,0.0,0.0,0.0,0.0,0.0,none,0.0834,0.0857,0.0073,0.0612,0.5727,0.0248,0.6736,0.3414,0.4788,0.2989,0.0694,7.98,0.3694,0.5543,0.2594,0.05,0.0263,0.4034,0.1836,0.1997
complement,High automation / high adaptation,10,IND,India,0.19,0.4417,0.65,0.63,0.4763,0.514,0.3343,0.4954,0.6727,0.6133,0.1,0.3898,0.42,0.6233,0.0,0.0822,0.2831,0.5777,0.1232,0.5292,0.4806,0.4601,0.3961,0.4302,0.4575,0.4135,0.02,stable,0,0.3202,0.2669,0.3736,0.2572,0.3735,0.0,0.0,0.0,0.0,0.0,none,0.0576,0.0601,0.0,0.0527,0.5549,0.0,0.5929,0.3927,0.4003,0.2321,0.1963,6.06,0.5097,0.5339,0.3099,0.0407,0.032,0.4615,0.2771,0.1182
complement,High automation / high adaptation,10,SAU,Saudi Arabia,0.03,0.96,0.28,0.58,0.4607,0.5179,0.5674,0.7685,0.5145,0.4334,0.18,0.4442,0.43,0.6098,0.0,0.0967,0.3027,0.5469,0.0065,0.6089,0.6798,0.3453,0.3215,0.3318,0.3288,0.4007,0.055,grievance,1,0.2403,0.1984,0.2797,0.1932,0.3101,0.0,0.0,0.0,0.0,0.0,none,0.0663,0.0665,0.0069,0.04,0.3748,0.0,0.6496,0.3469,0.4592,0.3149,0.0538,6.88,0.4162,0.6078,0.1247,0.0362,0.0112,0.4705,0.1165,0.1728
complement,High automation / high adaptation,10,RUS,Russia,0.04,0.88,0.74,0.52,0.2872,0.3755,0.2042,0.6055,0.5376,0.6129,0.8694,0.7859,0.26,0.2315,0.0057,0.2176,0.2895,0.5496,0.1512,0.6264,0.2976,0.4605,0.5685,0.2847,0.6925,0.6312,0.085,grievance,1,0.3863,0.2734,0.4784,0.3637,0.472,0.4349,0.2807,0.3647,0.2959,0.0141,proxy,0.0465,0.0426,0.0019,0.0433,0.4466,0.0048,0.5704,0.5202,0.3391,0.2995,0.2504,3.69,0.6983,0.6477,0.2682,0.0215,0.0406,0.6167,0.363,0.0852
complement,High automation / high adaptation,10,BRA,Brazil,0.05,0.79,0.86,0.54,0.4013,0.4626,0.3973,0.4881,0.5605,0.5649,0.08,0.3626,0.47,0.4535,0.0,0.051,0.2788,0.5257,0.1158,0.4031,0.4432,0.4184,0.4088,0.3901,0.4643,0.4207,0.0262,stable,0,0.3165,0.263,0.3829,0.2484,0.3675,0.0,0.0,0.0,0.0,0.0,none,0.0524,0.0528,0.0,0.0436,0.4554,0.0,0.632,0.3518,0.4446,0.1286,0.1593,6.36,0.4313,0.3964,0.4144,0.031,0.0244,0.3429,0.2727,0.0973
complement,High automation / high adaptation,11,USA,United States,0.18,0.8173,0.88,0.97,0.5114,0.3037,0.377,0.829,0.8955,0.6034,0.1258,0.3959,0.22,0.7646,0.0049,0.1104,0.3108,0.5293,0.0703,0.6761,0.7378,0.463,0.3406,0.5029,0.312,0.4995,0.12,protest,2,0.3092,0.2668,0.354,0.2108,0.3529,0.1873,0.1493,0.2888,0.0894,0.0021,gray_zone,0.0689,0.0714,0.0094,0.0682,0.7458,0.0021,0.7563,0.4055,0.5042,0.1035,0.384,6.79,0.5396,0.6796,0.3227,0.0357,0.0318,0.5932,0.1687,0.1613
complement,High automation / high adaptation,11,CHN,China,0.18,0.6748,0.7,0.78,0.4661,0.4276,0.3547,0.8324,0.8515,0.6421,0.4822,0.6033,0.3,0.4485,0.0246,0.1959,0.3087,0.5812,0.0771,0.7228,0.6539,0.4821,0.3996,0.4063,0.431,0.5395,0.0398,stable,0,0.3344,0.2519,0.3826,0.2627,0.3801,0.2947,0.4008,0.5949,0.2105,0.0519,proxy,0.0681,0.065,0.0094,0.063,0.7091,0.0196,0.6777,0.4717,0.4229,0.1197,0.3854,5.06,0.6262,0.7307,0.2151,0.0336,0.0367,0.6273,0.2945,0.1491
complement,High automation / high adaptation,11,EU,European Union,0.16,0.4449,0.8,0.84,0.6896,0.488,0.3969,0.7907,0.8111,0.4863,0.1852,0.3151,0.23,0.7974,0.0115,0.0533,0.3129,0.5379,0.0,0.5958,0.7102,0.4272,0.2855,0.4917,0.2963,0.3911,0.1008,protest,2,0.2709,0.2622,0.3112,0.1816,0.3387,0.0,0.0,0.0,0.0,0.0,none,0.0811,0.0829,0.0079,0.0621,0.6392,0.0096,0.7238,0.3814,0.4943,0.2024,0.1215,7.88,0.4018,0.5833,0.2995,0.0437,0.0298,0.4584,0.1064,0.1781
complement,High automation / high adaptation,11,JPN,Japan,0.07,0.2178,0.42,0.88,0.69,0.5861,0.4103,0.763,0.8103,0.4685,0.1463,0.2599,0.18,0.8205,0.0453,0.0701,0.3103,0.5903,0.0,0.5744,0.7108,0.4256,0.2563,0.5072,0.2815,0.3344,0.02,stable,0,0.2573,0.2338,0.2922,0.1574,0.2827,0.0,0.0,0.0,0.0,0.0,none,0.0829,0.0854,0.0071,0.0611,0.6349,0.0419,0.6723,0.3651,0.4666,0.2964,0.1203,7.7,0.4111,0.5543,0.2872,0.0494,0.0346,0.4187,0.2081,0.1877
complement,High automation / high adaptation,11,IND,India,0.19,0.4435,0.65,0.63,0.4885,0.486,0.2803,0.4874,0.7254,0.6532,0.1,0.4212,0.42,0.6253,0.0,0.0874,0.2833,0.6098,0.1158,0.5292,0.4683,0.4891,0.4093,0.4244,0.4714,0.4393,0.085,grievance,1,0.3408,0.2789,0.3928,0.2679,0.3902,0.0,0.0,0.0,0.0,0.0,none,0.0574,0.0599,0.0,0.0527,0.6081,0.0,0.5887,0.4227,0.3858,0.2289,0.2369,5.76,0.5682,0.5339,0.3298,0.0401,0.0363,0.4701,0.3025,0.1118
complement,High automation / high adaptation,11,SAU,Saudi Arabia,0.03,0.96,0.28,0.58,0.4681,0.4989,0.5273,0.7656,0.5545,0.4595,0.18,0.467,0.43,0.6073,0.0,0.102,0.3031,0.5713,0.0,0.6089,0.6766,0.3665,0.3296,0.3276,0.3359,0.4183,0.055,grievance,1,0.2546,0.2066,0.2924,0.1995,0.3212,0.0,0.0,0.0,0.0,0.0,none,0.0662,0.0662,0.0069,0.04,0.4152,0.0,0.6484,0.3635,0.4508,0.3137,0.0863,6.66,0.4457,0.6078,0.1382,0.0359,0.013,0.4766,0.1219,0.1669
complement,High automation / high adaptation,11,RUS,Russia,0.04,0.88,0.74,0.52,0.2918,0.3484,0.1395,0.5981,0.5809,0.6455,0.8726,0.8391,0.26,0.2243,0.0115,0.2328,0.2903,0.574,0.1489,0.624,0.271,0.4909,0.5848,0.2802,0.7109,0.6612,0.0714,grievance,1,0.409,0.3003,0.5009,0.3824,0.5114,0.4729,0.3016,0.3889,0.3233,0.016,proxy,0.046,0.042,0.0017,0.0433,0.4912,0.0039,0.5671,0.5454,0.3287,0.3036,0.2891,3.35,0.7396,0.6468,0.2945,0.0212,0.0453,0.6275,0.2003,0.0796
complement,High automation / high adaptation,11,BRA,Brazil,0.05,0.79,0.86,0.54,0.4083,0.4381,0.3526,0.4846,0.6041,0.5975,0.08,0.392,0.47,0.4521,0.0,0.0549,0.279,0.5545,0.1081,0.4033,0.4328,0.4424,0.4197,0.3847,0.4759,0.443,0.022,stable,0,0.3339,0.273,0.3991,0.2571,0.3813,0.0,0.0,0.0,0.0,0.0,none,0.0521,0.0525,0.0,0.0436,0.4994,0.0,0.6305,0.3709,0.4351,0.1277,0.1958,6.11,0.4642,0.3965,0.4312,0.0285,0.028,0.3507,0.2939,0.0922
complement,High automation / high adaptation,12,USA,United States,0.18,0.8173,0.88,0.97,0.5175,0.2393,0.2873,0.8079,0.9637,0.6576,0.1258,0.4446,0.22,0.7614,0.004,0.1136,0.3118,0.5656,0.0652,0.6734,0.7294,0.5087,0.3654,0.4919,0.3278,0.5513,0.1008,protest,2,0.3444,0.2998,0.3873,0.232,0.3999,0.2449,0.1792,0.3244,0.1037,0.0025,gray_zone,0.0672,0.0699,0.0088,0.0682,0.8178,0.003,0.7504,0.4375,0.4845,0.1028,0.4462,6.32,0.5966,0.6785,0.3646,0.0348,0.0392,0.6077,0.1311,0.147
complement,High automation / high adaptation,12,CHN,China,0.18,0.6748,0.7,0.78,0.4716,0.389,0.2786,0.8094,0.9145,0.6938,0.4876,0.6535,0.3,0.4433,0.0262,0.2226,0.3094,0.6174,0.0688,0.7231,0.639,0.519,0.4169,0.398,0.4486,0.5769,0.0334,stable,0,0.3613,0.2671,0.4084,0.2758,0.4021,0.347,0.4226,0.6211,0.2293,0.0586,proxy,0.067,0.064,0.0089,0.063,0.7746,0.0161,0.6731,0.5027,0.4072,0.1198,0.4429,4.64,0.68,0.7309,0.2441,0.033,0.0422,0.6401,0.3291,0.1388
complement,High automation / high adaptation,12,EU,European Union,0.16,0.4456,0.8,0.84,0.6976,0.4317,0.3156,0.7782,0.8732,0.5321,0.1852,0.3586,0.23,0.7962,0.0095,0.0562,0.3139,0.5697,0.0,0.5966,0.704,0.4646,0.3027,0.4827,0.3089,0.4315,0.09,protest,2,0.2985,0.2774,0.3371,0.1922,0.36,0.0,0.0,0.0,0.0,0.0,none,0.0799,0.0818,0.0076,0.0621,0.7039,0.0079,0.7193,0.4096,0.4775,0.201,0.1756,7.49,0.4509,0.5836,0.3306,0.0429,0.036,0.471,0.1158,0.166
complement,High automation / high adaptation,12,JPN,Japan,0.07,0.2137,0.42,0.88,0.7002,0.5474,0.3354,0.7496,0.8715,0.5144,0.1554,0.313,0.18,0.8223,0.0569,0.0859,0.3111,0.6208,0.0,0.5744,0.7071,0.4589,0.2699,0.5016,0.2931,0.3642,0.02,stable,0,0.2805,0.2472,0.3133,0.1664,0.3015,0.0,0.0,0.0,0.0,0.0,none,0.0823,0.0849,0.0067,0.0612,0.6976,0.0343,0.6668,0.3984,0.4477,0.3069,0.1712,7.25,0.4702,0.5543,0.3114,0.0486,0.0385,0.4267,0.232,0.1773
complement,High automation / high adaptation,12,IND,India,0.19,0.4452,0.65,0.63,0.5002,0.4342,0.2029,0.477,0.7781,0.6968,0.1,0.4673,0.42,0.6267,0.0,0.0925,0.284,0.6441,0.1107,0.5264,0.4531,0.5234,0.4273,0.4185,0.4874,0.4722,0.12,protest,2,0.3662,0.3072,0.4169,0.2862,0.4308,0.0,0.0,0.0,0.0,0.0,none,0.057,0.0596,0.0,0.0527,0.6616,0.0,0.5834,0.4548,0.3702,0.2259,0.2778,5.41,0.6243,0.5328,0.3579,0.0391,0.041,0.4795,0.2074,0.104
complement,High automation / high adaptation,12,SAU,Saudi Arabia,0.03,0.96,0.28,0.58,0.4755,0.4774,0.4838,0.761,0.5944,0.4884,0.18,0.4921,0.43,0.6046,0.0,0.1071,0.3035,0.5973,0.0,0.6089,0.6725,0.3897,0.3386,0.3242,0.344,0.438,0.055,grievance,1,0.2706,0.216,0.3069,0.2066,0.3338,0.0,0.0,0.0,0.0,0.0,none,0.0659,0.0659,0.0068,0.04,0.4558,0.0,0.6467,0.3812,0.4417,0.3126,0.1189,6.44,0.4764,0.6078,0.1544,0.0355,0.0165,0.4834,0.1284,0.1605
complement,High automation / high adaptation,12,RUS,Russia,0.04,0.88,0.74,0.52,0.2962,0.3197,0.0746,0.5881,0.6241,0.6814,0.8726,0.8872,0.26,0.2166,0.0095,0.2417,0.2911,0.6002,0.1466,0.6246,0.2434,0.5209,0.5999,0.2749,0.7309,0.6915,0.06,grievance,1,0.4312,0.3133,0.5234,0.397,0.53,0.5165,0.3215,0.4111,0.3484,0.018,proxy,0.0453,0.0413,0.0015,0.0433,0.536,0.008,0.5641,0.5684,0.3195,0.3046,0.328,3.05,0.7756,0.647,0.3194,0.0208,0.0515,0.6414,0.2138,0.0744
complement,High automation / high adaptation,12,BRA,Brazil,0.05,0.79,0.86,0.54,0.4152,0.4108,0.3039,0.479,0.6477,0.6332,0.08,0.4238,0.47,0.4502,0.0,0.0589,0.2792,0.5852,0.1004,0.4035,0.4213,0.4677,0.4317,0.379,0.4886,0.4675,0.02,stable,0,0.3523,0.2834,0.4166,0.2666,0.3962,0.0,0.0,0.0,0.0,0.0,none,0.0517,0.0521,0.0,0.0436,0.5438,0.0,0.6284,0.3912,0.4249,0.1269,0.2324,5.85,0.4989,0.3966,0.4499,0.028,0.0319,0.3593,0.3173,0.0875
complement,High automation / high adaptation,13,USA,United States,0.18,0.8173,0.88,0.97,0.5235,0.1725,0.1939,0.7848,1.0,0.7147,0.1258,0.4955,0.22,0.7576,0.0033,0.1174,0.3126,0.6034,0.0605,0.6742,0.7191,0.5461,0.387,0.4803,0.3446,0.5999,0.09,protest,2,0.3743,0.3157,0.4169,0.2453,0.4234,0.2982,0.2047,0.3549,0.1155,0.0029,gray_zone,0.0653,0.0683,0.0081,0.0682,0.8582,0.0025,0.7437,0.4653,0.467,0.1021,0.4765,5.96,0.6352,0.6789,0.4013,0.0339,0.0466,0.6228,0.1429,0.1352
complement,High automation / high adaptation,13,CHN,China,0.18,0.6748,0.7,0.78,0.477,0.3457,0.1966,0.7845,0.9775,0.7503,0.4921,0.7077,0.3,0.4376,0.0265,0.2423,0.31,0.6562,0.061,0.7234,0.6219,0.5587,0.4364,0.3898,0.4692,0.6168,0.0281,stable,0,0.3906,0.2839,0.4367,0.2913,0.4259,0.4032,0.4479,0.6506,0.2523,0.0683,proxy,0.0657,0.0629,0.0082,0.063,0.8407,0.0171,0.668,0.5354,0.3911,0.1198,0.5004,4.2,0.7352,0.731,0.2757,0.0323,0.0489,0.6546,0.369,0.1281
complement,High automation / high adaptation,13,EU,European Union,0.16,0.4462,0.8,0.84,0.7055,0.3713,0.2288,0.7626,0.9353,0.5825,0.1852,0.4055,0.23,0.7943,0.0078,0.0597,0.3147,0.6041,0.0,0.597,0.6962,0.5044,0.322,0.4731,0.3233,0.4758,0.09,protest,2,0.3285,0.2939,0.3654,0.2048,0.3831,0.0,0.0,0.0,0.0,0.0,none,0.0785,0.0806,0.0072,0.0621,0.7691,0.0065,0.7135,0.4407,0.4592,0.1997,0.2299,7.07,0.5052,0.5838,0.3651,0.042,0.0427,0.4846,0.1269,0.1535
complement,High automation / high adaptation,13,JPN,Japan,0.07,0.2155,0.42,0.88,0.7099,0.508,0.2663,0.7329,0.9326,0.5649,0.1554,0.3474,0.18,0.8234,0.0466,0.0855,0.3122,0.6539,0.0,0.5744,0.7013,0.4985,0.2883,0.4947,0.3083,0.4045,0.02,stable,0,0.3097,0.2641,0.3409,0.1812,0.3236,0.0,0.0,0.0,0.0,0.0,none,0.0814,0.0842,0.0063,0.0611,0.7608,0.043,0.6641,0.4253,0.4341,0.3048,0.2227,6.94,0.5149,0.5543,0.3448,0.0476,0.0463,0.4427,0.2647,0.1644
complement,High automation / high adaptation,13,IND,India,0.19,0.4467,0.65,0.63,0.5114,0.3757,0.1108,0.4636,0.8308,0.7443,0.1075,0.5352,0.42,0.6271,0.0162,0.1103,0.285,0.6806,0.1073,0.525,0.4356,0.5626,0.4491,0.409,0.5052,0.5174,0.1008,protest,2,0.3967,0.3376,0.4465,0.3049,0.475,0.0,0.0,0.0,0.0,0.0,none,0.0559,0.0586,0.0,0.0527,0.7163,0.0,0.5779,0.4888,0.3545,0.2297,0.3194,4.99,0.6751,0.5322,0.3942,0.0377,0.0476,0.4934,0.1607,0.0951
complement,High automation / high adaptation,13,SAU,Saudi Arabia,0.03,0.96,0.28,0.58,0.4826,0.4533,0.4367,0.7546,0.6344,0.5202,0.18,0.5195,0.43,0.6014,0.0,0.1121,0.3039,0.625,0.0,0.6089,0.6674,0.4143,0.3488,0.3203,0.3532,0.4598,0.055,grievance,1,0.2878,0.2261,0.3227,0.2146,0.3473,0.0,0.0,0.0,0.0,0.0,none,0.0656,0.0656,0.0066,0.04,0.4966,0.0,0.6446,0.4,0.4321,0.3116,0.1517,6.2,0.5081,0.6078,0.1724,0.0351,0.0203,0.4908,0.1357,0.1536
complement,High automation / high adaptation,13,RUS,Russia,0.04,0.88,0.74,0.52,0.3006,0.2884,0.0057,0.5757,0.6674,0.7204,0.8726,0.9379,0.26,0.2084,0.0078,0.2503,0.2917,0.6282,0.1444,0.6251,0.2146,0.551,0.6151,0.2695,0.7516,0.7217,0.055,grievance,1,0.4536,0.3262,0.5459,0.411,0.5493,0.5589,0.3413,0.4331,0.3745,0.0203,proxy,0.0445,0.0405,0.0012,0.0433,0.5812,0.0065,0.5604,0.5932,0.3096,0.3056,0.3668,2.74,0.8145,0.6472,0.344,0.0204,0.0568,0.6536,0.2278,0.0696
complement,High automation / high adaptation,13,BRA,Brazil,0.05,0.79,0.86,0.54,0.4219,0.3806,0.2514,0.4713,0.6912,0.6721,0.08,0.4582,0.47,0.4479,0.0,0.063,0.2794,0.6176,0.093,0.4036,0.4086,0.4945,0.445,0.3728,0.5025,0.4945,0.085,grievance,1,0.3721,0.2946,0.4357,0.2772,0.4123,0.0,0.0,0.0,0.0,0.0,none,0.0512,0.0516,0.0,0.0436,0.5885,0.0,0.6224,0.4201,0.4089,0.1262,0.2693,5.52,0.5574,0.3966,0.4707,0.0274,0.0361,0.3686,0.3436,0.0826
complement,High automation / high adaptation,14,USA,United States,0.18,0.8173,0.88,0.97,0.5295,0.1053,0.0995,0.7622,1.0,0.7721,0.1258,0.5468,0.22,0.7534,0.0027,0.1217,0.3134,0.6415,0.0565,0.6746,0.7069,0.5781,0.4094,0.4689,0.3624,0.6493,0.09,protest,2,0.4022,0.3303,0.4458,0.2596,0.4456,0.3469,0.2267,0.3815,0.1266,0.0033,gray_zone,0.0633,0.0666,0.0074,0.0682,0.8627,0.002,0.7364,0.4886,0.4517,0.1015,0.4705,5.72,0.6551,0.679,0.4391,0.0329,0.054,0.6379,0.1546,0.1245
complement,High automation / high adaptation,14,CHN,China,0.18,0.6748,0.7,0.78,0.4824,0.3023,0.1119,0.7572,1.0,0.8086,0.4988,0.7636,0.3,0.4313,0.0292,0.2702,0.3106,0.6961,0.0539,0.7236,0.6025,0.5926,0.4568,0.3814,0.491,0.6583,0.0236,stable,0,0.4177,0.299,0.4644,0.3072,0.4484,0.4519,0.4696,0.6754,0.2734,0.0778,proxy,0.0642,0.0617,0.0074,0.063,0.8667,0.0173,0.6624,0.5627,0.3774,0.1199,0.5176,3.89,0.7673,0.731,0.3086,0.0315,0.0557,0.6694,0.4076,0.1183
complement,High automation / high adaptation,14,EU,European Union,0.16,0.4213,0.8,0.84,0.712,0.2993,0.1114,0.7438,0.9975,0.6375,0.1852,0.4996,0.23,0.8027,0.0561,0.0844,0.3155,0.6412,0.0,0.597,0.6864,0.5473,0.3438,0.4627,0.3395,0.5244,0.09,protest,2,0.3613,0.3121,0.3966,0.22,0.4085,0.0,0.0,0.0,0.0,0.0,none,0.0769,0.0792,0.0067,0.0621,0.8347,0.0053,0.6983,0.4877,0.4287,0.2151,0.2854,6.34,0.5934,0.5838,0.4033,0.0389,0.0499,0.4993,0.1402,0.14
complement,High automation / high adaptation,14,JPN,Japan,0.07,0.2097,0.42,0.88,0.7194,0.4605,0.1773,0.7152,0.9937,0.6197,0.1665,0.4128,0.18,0.8238,0.0625,0.1045,0.3131,0.6895,0.0,0.5744,0.6935,0.5361,0.3053,0.4878,0.3236,0.4408,0.02,stable,0,0.3368,0.2796,0.3662,0.1928,0.3457,0.0,0.0,0.0,0.0,0.0,none,0.0804,0.0834,0.0058,0.0611,0.8242,0.0353,0.6565,0.4636,0.4129,0.3188,0.2743,6.43,0.5804,0.5543,0.3743,0.0466,0.0511,0.4527,0.2975,0.1532
complement,High automation / high adaptation,14,IND,India,0.19,0.4481,0.65,0.63,0.5207,0.3358,0.0413,0.4463,0.8835,0.796,0.1075,0.5763,0.42,0.6258,0.0133,0.1146,0.2861,0.7193,0.1039,0.5258,0.4163,0.6046,0.4725,0.3982,0.526,0.5683,0.0697,grievance,1,0.4301,0.3561,0.4795,0.3232,0.5002,0.0,0.0,0.0,0.0,0.0,none,0.0545,0.0574,0.0,0.0527,0.7716,0.0109,0.5762,0.513,0.345,0.2278,0.3629,4.7,0.7068,0.5325,0.434,0.0342,0.0573,0.5137,0.177,0.0856
complement,High automation / high adaptation,14,SAU,Saudi Arabia,0.03,0.96,0.28,0.58,0.4885,0.4056,0.3674,0.7463,0.6743,0.5549,0.18,0.5612,0.43,0.597,0.0,0.1169,0.3043,0.6543,0.0,0.6089,0.661,0.4404,0.3601,0.316,0.3635,0.484,0.12,protest,2,0.3067,0.2371,0.3401,0.2234,0.362,0.0,0.0,0.0,0.0,0.0,none,0.0651,0.0651,0.0064,0.04,0.5377,0.0,0.6365,0.4302,0.414,0.3113,0.1858,5.84,0.5682,0.6078,0.1922,0.0325,0.0243,0.499,0.144,0.1456
complement,High automation / high adaptation,14,RUS,Russia,0.04,0.88,0.74,0.52,0.3049,0.2592,0.0025,0.5497,0.7107,0.7626,0.8842,1.0,0.26,0.1996,0.0271,0.2919,0.2923,0.6581,0.1425,0.6253,0.1844,0.5676,0.6318,0.2637,0.7736,0.7546,0.055,grievance,1,0.4699,0.3346,0.566,0.4253,0.5651,0.577,0.3553,0.4486,0.3936,0.022,proxy,0.0436,0.0396,0.0008,0.0433,0.6266,0.0054,0.5548,0.6175,0.2992,0.3066,0.4057,2.36,0.8616,0.6473,0.371,0.0199,0.057,0.6667,0.2372,0.0654
complement,High automation / high adaptation,14,BRA,Brazil,0.05,0.79,0.86,0.54,0.4284,0.3477,0.195,0.4613,0.7348,0.7142,0.08,0.4951,0.47,0.4451,0.0,0.0672,0.2801,0.6518,0.0881,0.4008,0.393,0.5266,0.4632,0.3667,0.5183,0.5283,0.0714,grievance,1,0.3965,0.3222,0.4594,0.2955,0.4522,0.0,0.0,0.0,0.0,0.0,none,0.0505,0.0509,0.0,0.0436,0.6333,0.0,0.62,0.4424,0.3983,0.1255,0.3064,5.24,0.5925,0.3955,0.4994,0.0268,0.0406,0.3786,0.2234,0.0769
complement,High automation / high adaptation,15,USA,United States,0.18,0.8173,0.88,0.97,0.5353,0.0407,0.0057,0.7308,1.0,0.8299,0.1327,0.6057,0.22,0.7486,0.0145,0.1461,0.3141,0.6798,0.0535,0.6746,0.6925,0.611,0.4328,0.4575,0.3812,0.6997,0.09,protest,2,0.4309,0.3453,0.4757,0.2755,0.4686,0.3959,0.2491,0.4089,0.1386,0.0038,gray_zone,0.0613,0.0649,0.0067,0.0682,0.8671,0.0017,0.7282,0.5149,0.4351,0.1008,0.4647,5.42,0.6804,0.679,0.4782,0.0318,0.0616,0.6532,0.1673,0.1141
complement,High automation / high adaptation,15,CHN,China,0.18,0.6748,0.7,0.78,0.4876,0.2589,0.026,0.7277,1.0,0.8673,0.5061,0.82,0.3,0.4245,0.032,0.2978,0.3112,0.7362,0.0475,0.7238,0.5808,0.6232,0.4779,0.3732,0.5143,0.6998,0.085,grievance,1,0.4435,0.3133,0.4918,0.3238,0.4702,0.4994,0.4881,0.6953,0.2913,0.0869,proxy,0.0627,0.0604,0.0065,0.063,0.8704,0.0191,0.6534,0.5939,0.3608,0.1201,0.5124,3.61,0.8077,0.7311,0.3419,0.0307,0.0629,0.6846,0.4455,0.1092
complement,High automation / high adaptation,15,EU,European Union,0.16,0.4213,0.8,0.84,0.7178,0.2325,0.0151,0.7226,1.0,0.6938,0.1852,0.5523,0.23,0.799,0.046,0.0868,0.3172,0.6786,0.0,0.597,0.6744,0.5895,0.3709,0.4509,0.3569,0.5863,0.09,protest,2,0.3975,0.3319,0.4332,0.2437,0.4329,0.0,0.0,0.0,0.0,0.0,none,0.0749,0.0777,0.0061,0.062,0.8413,0.0383,0.6914,0.5113,0.4146,0.215,0.2822,6.12,0.6129,0.5838,0.4533,0.038,0.0651,0.5282,0.1559,0.1262
complement,High automation / high adaptation,15,JPN,Japan,0.07,0.2031,0.42,0.88,0.7283,0.4113,0.0846,0.6948,1.0,0.6756,0.1786,0.482,0.18,0.8234,0.0775,0.1237,0.3142,0.7255,0.0,0.5744,0.6834,0.57,0.3268,0.48,0.3422,0.4868,0.085,grievance,1,0.365,0.2954,0.3953,0.21,0.3674,0.0,0.0,0.0,0.0,0.0,none,0.0791,0.0823,0.0052,0.0611,0.8333,0.0473,0.6449,0.5016,0.3905,0.3347,0.2717,6.05,0.6362,0.5543,0.4125,0.0453,0.0602,0.4714,0.334,0.1411
complement,High automation / high adaptation,15,IND,India,0.19,0.4494,0.65,0.63,0.5284,0.2919,0.0,0.4269,0.9363,0.8516,0.1075,0.6203,0.42,0.6228,0.0109,0.1191,0.2869,0.7601,0.0998,0.5271,0.3957,0.6324,0.4904,0.3905,0.5469,0.6043,0.0585,grievance,1,0.4529,0.3551,0.5034,0.335,0.4998,0.0,0.0,0.0,0.0,0.0,none,0.0535,0.0566,0.0,0.0528,0.8263,0.0089,0.5725,0.5364,0.3349,0.2265,0.4079,4.39,0.744,0.533,0.4618,0.0311,0.0603,0.5259,0.2614,0.0792
complement,High automation / high adaptation,15,SAU,Saudi Arabia,0.03,0.96,0.28,0.58,0.4943,0.3553,0.2942,0.7358,0.7143,0.5926,0.18,0.6053,0.43,0.5921,0.0,0.1218,0.3052,0.6854,0.0,0.6062,0.6519,0.4754,0.3798,0.3079,0.3756,0.5261,0.1008,protest,2,0.3341,0.2658,0.3665,0.2416,0.4032,0.0,0.0,0.0,0.0,0.0,none,0.0639,0.064,0.0062,0.04,0.5802,0.0,0.6322,0.4533,0.4018,0.311,0.2199,5.53,0.603,0.6067,0.2273,0.0319,0.0302,0.5113,0.1086,0.1351
complement,High automation / high adaptation,15,RUS,Russia,0.04,0.8702,0.74,0.52,0.309,0.2176,0.0,0.5344,0.7539,0.8084,0.8842,1.0,0.26,0.1979,0.0518,0.3076,0.2932,0.6898,0.1413,0.6253,0.152,0.5851,0.6522,0.2583,0.7994,0.7801,0.055,grievance,1,0.4867,0.3444,0.5857,0.4416,0.5805,0.5939,0.3676,0.4619,0.4105,0.024,proxy,0.0424,0.0386,0.0,0.0433,0.6728,0.0187,0.5458,0.6352,0.2892,0.3181,0.4449,2.11,0.8996,0.6473,0.3911,0.0192,0.0592,0.6735,0.2486,0.0616
complement,High automation / high adaptation,15,BRA,Brazil,0.05,0.79,0.86,0.54,0.4346,0.2915,0.1158,0.449,0.7783,0.7594,0.08,0.5464,0.47,0.4417,0.0,0.0716,0.2807,0.6878,0.0831,0.4014,0.3761,0.5561,0.4785,0.36,0.5353,0.5592,0.12,protest,2,0.4187,0.3347,0.4812,0.3072,0.4705,0.0,0.0,0.0,0.0,0.0,none,0.0497,0.0502,0.0,0.0436,0.6784,0.0,0.6119,0.4748,0.3806,0.1248,0.3437,4.86,0.6516,0.3958,0.5235,0.0261,0.0454,0.3893,0.2373,0.072
complement,High automation / high adaptation,16,USA,United States,0.18,0.801,0.88,0.97,0.5409,0.0,0.0,0.7084,1.0,0.8883,0.1327,0.691,0.22,0.751,0.0445,0.1621,0.315,0.7184,0.0517,0.6746,0.6755,0.6283,0.4566,0.4479,0.4024,0.7485,0.155,mass_protest,3,0.4518,0.3553,0.5016,0.2924,0.4863,0.4146,0.2575,0.4185,0.1435,0.004,proxy,0.0592,0.0632,0.0057,0.0682,0.8719,0.009,0.7112,0.5456,0.4121,0.1126,0.4591,4.98,0.74,0.679,0.5173,0.0308,0.0648,0.6707,0.1763,0.1057
complement,High automation / high adaptation,16,CHN,China,0.18,0.6748,0.7,0.78,0.4928,0.2136,0.0016,0.6983,1.0,0.9263,0.5137,0.8852,0.3,0.4172,0.0398,0.3121,0.3124,0.7765,0.044,0.7212,0.5552,0.6439,0.5029,0.3656,0.5393,0.7459,0.0714,grievance,1,0.4659,0.3383,0.519,0.3466,0.5106,0.5201,0.5067,0.7162,0.3114,0.0978,proxy,0.0611,0.0591,0.0056,0.063,0.8742,0.0209,0.6476,0.6135,0.3506,0.1203,0.5072,3.37,0.8264,0.7301,0.3814,0.0298,0.0653,0.6998,0.2415,0.1007
complement,High automation / high adaptation,16,EU,European Union,0.16,0.3949,0.8,0.84,0.7237,0.1581,0.0,0.7009,1.0,0.7504,0.1852,0.6513,0.23,0.807,0.0907,0.1119,0.3186,0.7161,0.0,0.597,0.6603,0.6079,0.3933,0.4402,0.3753,0.6364,0.09,protest,2,0.4186,0.3415,0.4588,0.2574,0.4517,0.0,0.0,0.0,0.0,0.0,none,0.0729,0.076,0.0054,0.062,0.8456,0.0314,0.6753,0.5392,0.3938,0.2321,0.2763,5.65,0.6594,0.5838,0.4928,0.037,0.0666,0.5426,0.164,0.1171
complement,High automation / high adaptation,16,JPN,Japan,0.07,0.2044,0.42,0.88,0.7364,0.3456,0.0,0.672,1.0,0.7319,0.1786,0.5337,0.18,0.8222,0.0635,0.1214,0.3161,0.7616,0.0,0.5716,0.6695,0.607,0.3525,0.472,0.3626,0.5386,0.12,protest,2,0.3967,0.3266,0.4281,0.2344,0.4121,0.0,0.0,0.0,0.0,0.0,none,0.0778,0.0812,0.0046,0.0611,0.8364,0.0586,0.6372,0.5275,0.376,0.3339,0.2636,5.85,0.6633,0.5533,0.4574,0.0438,0.0695,0.4907,0.2282,0.1283
complement,High automation / high adaptation,16,IND,India,0.19,0.4494,0.65,0.63,0.5336,0.2432,0.0,0.4064,0.9891,0.9109,0.1075,0.6673,0.42,0.6173,0.0089,0.1239,0.2876,0.8032,0.096,0.5275,0.3731,0.6527,0.5111,0.382,0.5694,0.6451,0.055,grievance,1,0.4734,0.3654,0.5274,0.3493,0.5183,0.0,0.0,0.0,0.0,0.0,none,0.0522,0.0555,0.0,0.0528,0.8813,0.0073,0.5671,0.5585,0.3244,0.2262,0.4554,4.06,0.7871,0.5332,0.4939,0.026,0.06,0.539,0.2741,0.0727
complement,High automation / high adaptation,16,SAU,Saudi Arabia,0.03,0.96,0.28,0.58,0.5001,0.3024,0.2171,0.7246,0.7542,0.6334,0.18,0.6518,0.43,0.5867,0.0,0.127,0.306,0.7182,0.0,0.607,0.6417,0.5076,0.3963,0.2994,0.3889,0.5647,0.09,protest,2,0.359,0.2793,0.3906,0.2525,0.4225,0.0,0.0,0.0,0.0,0.0,none,0.0626,0.0628,0.0059,0.04,0.6229,0.0,0.6272,0.4775,0.389,0.3108,0.2541,5.22,0.6392,0.607,0.2572,0.0313,0.0363,0.5243,0.1171,0.1262
complement,High automation / high adaptation,16,RUS,Russia,0.04,0.8702,0.74,0.52,0.3126,0.1819,0.0026,0.5038,0.7971,0.8579,0.8966,1.0,0.26,0.1896,0.0645,0.344,0.2945,0.7234,0.1407,0.6253,0.1177,0.6036,0.6747,0.251,0.8247,0.8088,0.055,grievance,1,0.505,0.3548,0.6066,0.4586,0.5965,0.6116,0.3769,0.472,0.4238,0.0254,proxy,0.0412,0.0376,0.0,0.0432,0.7183,0.0358,0.5396,0.652,0.2811,0.3199,0.4845,1.9,0.9318,0.6473,0.4125,0.0187,0.062,0.68,0.261,0.0578
complement,High automation / high adaptation,16,BRA,Brazil,0.05,0.79,0.86,0.54,0.4396,0.2317,0.0325,0.434,0.8219,0.8079,0.08,0.6003,0.47,0.4369,0.0,0.0764,0.2817,0.7257,0.0803,0.3994,0.3564,0.5952,0.5022,0.35,0.5543,0.6082,0.1008,protest,2,0.4503,0.3656,0.5125,0.3281,0.5156,0.0,0.0,0.0,0.0,0.0,none,0.0482,0.0489,0.0,0.0436,0.7248,0.0,0.6063,0.5022,0.3669,0.1245,0.3823,4.5,0.6921,0.3949,0.5633,0.0233,0.0521,0.4043,0.1859,0.065
complement,High automation / high adaptation,17,USA,United States,0.18,0.7954,0.88,0.97,0.546,0.0,0.0,0.6867,1.0,0.9476,0.1411,0.7702,0.22,0.7453,0.0548,0.1781,0.317,0.7571,0.0531,0.6654,0.6549,0.6451,0.4784,0.4482,0.427,0.7808,0.1302,mass_protest,3,0.4703,0.3805,0.5251,0.3168,0.5229,0.4289,0.2729,0.4381,0.1541,0.0044,proxy,0.0574,0.0616,0.005,0.0681,0.876,0.0276,0.705,0.5649,0.4008,0.1232,0.454,4.69,0.762,0.6725,0.5565,0.0298,0.0682,0.6899,0.4435,0.0969
complement,High automation / high adaptation,17,CHN,China,0.18,0.6748,0.7,0.78,0.4977,0.1475,0.0,0.6717,1.0,0.9859,0.5187,0.9549,0.3,0.4093,0.0383,0.3265,0.3136,0.8169,0.0411,0.7218,0.5274,0.6552,0.5253,0.3577,0.5654,0.7899,0.12,protest,2,0.4828,0.346,0.5427,0.3634,0.5269,0.5346,0.513,0.7225,0.3174,0.1014,proxy,0.0595,0.0578,0.0047,0.063,0.8781,0.026,0.6371,0.6363,0.3372,0.1207,0.5023,3.1,0.862,0.7303,0.4173,0.029,0.0662,0.7174,0.2505,0.0939
complement,High automation / high adaptation,17,EU,European Union,0.16,0.3949,0.8,0.84,0.7288,0.0897,0.0,0.6777,1.0,0.8081,0.1852,0.7058,0.23,0.8023,0.0744,0.1135,0.3208,0.7539,0.0,0.597,0.6441,0.6218,0.4214,0.428,0.3948,0.7004,0.09,protest,2,0.4414,0.3512,0.4888,0.2799,0.4681,0.0,0.0,0.0,0.0,0.0,none,0.0708,0.0744,0.0048,0.0618,0.8501,0.0619,0.6682,0.5528,0.3845,0.2326,0.2712,5.48,0.6722,0.5838,0.5446,0.036,0.0717,0.5721,0.1726,0.1073
complement,High automation / high adaptation,17,JPN,Japan,0.07,0.205,0.42,0.88,0.7434,0.2793,0.0,0.6496,1.0,0.7884,0.1786,0.5852,0.18,0.8193,0.0521,0.1205,0.3181,0.798,0.0,0.5702,0.6527,0.6207,0.3767,0.4613,0.3821,0.5906,0.1008,protest,2,0.4164,0.3484,0.4535,0.251,0.4504,0.0,0.0,0.0,0.0,0.0,none,0.0759,0.0797,0.0038,0.0611,0.8406,0.0481,0.6316,0.5392,0.3683,0.3337,0.2566,5.71,0.6702,0.5527,0.4993,0.0405,0.0684,0.5045,0.1701,0.1184
complement,High automation / high adaptation,17,IND,India,0.19,0.4494,0.65,0.63,0.5388,0.1937,0.0,0.3855,1.0,0.9713,0.1075,0.7151,0.42,0.6113,0.0073,0.129,0.2882,0.8469,0.0927,0.5277,0.3484,0.666,0.5328,0.3735,0.5931,0.6871,0.055,grievance,1,0.4907,0.3734,0.5502,0.3643,0.5351,0.0,0.0,0.0,0.0,0.0,none,0.0507,0.0542,0.0,0.0528,0.8951,0.006,0.5613,0.5743,0.3161,0.2259,0.4612,3.86,0.8066,0.5333,0.5273,0.0254,0.0598,0.5523,0.2842,0.0679
complement,High automation / high adaptation,17,SAU,Saudi Arabia,0.03,0.96,0.28,0.58,0.5058,0.2396,0.1295,0.7109,0.7942,0.6773,0.18,0.705,0.43,0.5809,0.0,0.1325,0.3067,0.7527,0.0,0.6074,0.6301,0.5417,0.4144,0.2906,0.4034,0.6061,0.155,mass_protest,3,0.3855,0.2937,0.4165,0.265,0.4433,0.0,0.0,0.0,0.0,0.0,none,0.0613,0.0615,0.0055,0.04,0.6659,0.0,0.6132,0.5137,0.3669,0.3232,0.2884,4.79,0.7077,0.6072,0.2895,0.0306,0.0428,0.5381,0.1268,0.1171
complement,High automation / high adaptation,17,RUS,Russia,0.04,0.8702,0.74,0.52,0.316,0.1379,0.0,0.485,0.8403,0.9109,0.8966,1.0,0.26,0.1815,0.0529,0.3401,0.296,0.7588,0.1407,0.6253,0.081,0.6221,0.6976,0.2448,0.854,0.8367,0.055,grievance,1,0.5231,0.3653,0.6281,0.4755,0.614,0.6289,0.3858,0.4817,0.437,0.027,proxy,0.0397,0.0364,0.0,0.0432,0.7642,0.0446,0.5342,0.6659,0.2745,0.3219,0.5243,1.74,0.9577,0.6473,0.4341,0.0181,0.0635,0.6851,0.274,0.054
complement,High automation / high adaptation,17,BRA,Brazil,0.05,0.79,0.86,0.54,0.4445,0.1691,0.0,0.4168,0.8654,0.8598,0.08,0.6569,0.47,0.4315,0.0,0.0816,0.2826,0.7655,0.0777,0.4002,0.3352,0.6239,0.5238,0.3395,0.5746,0.6551,0.09,protest,2,0.4757,0.3785,0.54,0.3428,0.5368,0.0,0.0,0.0,0.0,0.0,none,0.0466,0.0474,0.0,0.0436,0.7715,0.0,0.5999,0.5257,0.3547,0.1242,0.4209,4.15,0.7324,0.3953,0.5994,0.0226,0.0562,0.4202,0.1985,0.0598
complement,High automation / high adaptation,18,USA,United States,0.18,0.7954,0.88,0.97,0.551,0.0034,0.0,0.6364,1.0,1.0,0.1462,0.8334,0.22,0.7319,0.0506,0.2022,0.319,0.7959,0.0541,0.6601,0.6326,0.6554,0.4945,0.4483,0.4523,0.8055,0.19,riot,4,0.4829,0.3883,0.5433,0.3304,0.5366,0.4466,0.2816,0.4481,0.1592,0.0046,proxy,0.0567,0.0609,0.0043,0.0681,0.8781,0.0339,0.6946,0.5874,0.3861,0.1309,0.449,4.42,0.8012,0.6674,0.5864,0.0293,0.0694,0.7059,0.4729,0.0904
complement,High automation / high adaptation,18,CHN,China,0.18,0.6748,0.7,0.78,0.5026,0.0818,0.0021,0.6398,1.0,1.0,0.5285,1.0,0.3,0.4008,0.0488,0.3455,0.3152,0.8576,0.0409,0.7198,0.4975,0.664,0.5467,0.347,0.582,0.8368,0.1008,protest,2,0.4987,0.3656,0.5644,0.3821,0.5612,0.54,0.523,0.7339,0.3291,0.1081,proxy,0.0574,0.0559,0.0038,0.063,0.8828,0.025,0.6292,0.6451,0.3301,0.1211,0.4974,2.92,0.873,0.7295,0.4544,0.0279,0.066,0.7325,0.1859,0.0878
complement,High automation / high adaptation,18,EU,European Union,0.16,0.3949,0.8,0.84,0.7341,0.0213,0.0,0.655,1.0,0.8659,0.1852,0.7601,0.23,0.7968,0.061,0.116,0.3227,0.7919,0.0,0.597,0.6256,0.6323,0.4445,0.4171,0.4153,0.7517,0.09,protest,2,0.4589,0.358,0.5129,0.2934,0.4853,0.0,0.0,0.0,0.0,0.0,none,0.0687,0.0726,0.004,0.0618,0.8547,0.0507,0.661,0.5662,0.3752,0.2329,0.2659,5.31,0.685,0.5838,0.585,0.0349,0.0698,0.5864,0.1788,0.0999
complement,High automation / high adaptation,18,JPN,Japan,0.07,0.205,0.42,0.88,0.7492,0.2122,0.0,0.6275,1.0,0.845,0.1786,0.6365,0.18,0.8147,0.0427,0.1207,0.3198,0.8345,0.0,0.571,0.6342,0.6304,0.3987,0.4506,0.4023,0.6393,0.09,protest,2,0.4332,0.355,0.4766,0.2629,0.4665,0.0,0.0,0.0,0.0,0.0,none,0.074,0.078,0.0031,0.0611,0.8449,0.0394,0.625,0.5514,0.3601,0.334,0.2508,5.55,0.6792,0.553,0.5369,0.0373,0.0671,0.5186,0.176,0.11
complement,High automation / high adaptation,18,IND,India,0.19,0.4355,0.65,0.63,0.5439,0.1177,0.0,0.3647,1.0,1.0,0.1075,0.8116,0.42,0.6145,0.0478,0.1517,0.2888,0.8907,0.0901,0.5277,0.3224,0.674,0.5499,0.3651,0.6103,0.7237,0.12,protest,2,0.5037,0.3786,0.5682,0.3772,0.5474,0.0,0.0,0.0,0.0,0.0,none,0.0492,0.0529,0.0,0.0528,0.898,0.0049,0.5441,0.6029,0.2978,0.2384,0.4561,3.43,0.8671,0.5333,0.5555,0.0247,0.0596,0.565,0.2909,0.0642
complement,High automation / high adaptation,18,SAU,Saudi Arabia,0.03,0.96,0.28,0.58,0.5113,0.1669,0.0311,0.6728,0.8341,0.7243,0.18,0.7649,0.43,0.5675,0.0,0.1382,0.308,0.789,0.0,0.5982,0.6154,0.5827,0.4432,0.2801,0.4228,0.659,0.19,riot,4,0.4201,0.3269,0.4512,0.2877,0.4911,0.0,0.0,0.0,0.0,0.0,none,0.0591,0.0594,0.0051,0.04,0.7105,0.0,0.5969,0.5504,0.3442,0.339,0.3228,4.33,0.7726,0.6006,0.3384,0.0295,0.0502,0.5522,0.3302,0.1041
complement,High automation / high adaptation,18,RUS,Russia,0.04,0.8702,0.74,0.52,0.3195,0.0879,0.0,0.4654,0.8835,0.9669,0.9051,1.0,0.26,0.1732,0.0618,0.3508,0.2974,0.796,0.1413,0.6253,0.0422,0.6398,0.7196,0.2374,0.8826,0.8672,0.055,grievance,1,0.5408,0.3749,0.6496,0.4902,0.6328,0.6439,0.3955,0.4925,0.452,0.0284,proxy,0.0383,0.0351,0.0,0.0432,0.8101,0.0365,0.526,0.6839,0.2654,0.3324,0.564,1.53,0.9916,0.6473,0.4574,0.0174,0.0622,0.6883,0.2862,0.0505
complement,High automation / high adaptation,18,BRA,Brazil,0.05,0.79,0.86,0.54,0.4493,0.1037,0.0,0.3984,0.909,0.915,0.08,0.7162,0.47,0.4255,0.0,0.0873,0.2833,0.8072,0.0756,0.4006,0.3122,0.6418,0.5471,0.3286,0.5964,0.705,0.09,protest,2,0.4966,0.388,0.5659,0.3583,0.5555,0.0,0.0,0.0,0.0,0.0,none,0.0448,0.0458,0.0,0.0436,0.8184,0.0,0.5926,0.5479,0.3426,0.124,0.4597,3.8,0.7756,0.3954,0.6382,0.0218,0.0562,0.4367,0.2082,0.0552
complement,High automation / high adaptation,19,USA,United States,0.18,0.7954,0.88,0.97,0.5559,0.0035,0.0,0.586,1.0,1.0,0.1515,0.897,0.22,0.7178,0.0474,0.2247,0.3214,0.835,0.0581,0.6494,0.608,0.6633,0.5066,0.4491,0.4672,0.8227,0.16,riot,4,0.4926,0.408,0.5565,0.3456,0.5673,0.4519,0.296,0.4669,0.1697,0.0051,proxy,0.0552,0.0596,0.0027,0.0681,0.8825,0.0313,0.6883,0.5943,0.3799,0.1386,0.4441,4.23,0.8106,0.6595,0.6123,0.0284,0.0689,0.7155,0.1439,0.0849
complement,High automation / high adaptation,19,CHN,China,0.18,0.6748,0.7,0.78,0.5072,0.0166,0.0,0.6098,1.0,1.0,0.5365,1.0,0.3,0.3925,0.0489,0.37,0.3168,0.8985,0.0413,0.7206,0.4672,0.6685,0.5638,0.3365,0.5965,0.8657,0.09,protest,2,0.5091,0.3694,0.5785,0.3919,0.5702,0.5434,0.5289,0.7401,0.3357,0.1128,proxy,0.0552,0.0541,0.0028,0.063,0.8879,0.0319,0.6215,0.6458,0.3258,0.1215,0.4928,2.89,0.8713,0.7298,0.4724,0.0267,0.0672,0.7377,0.1896,0.0841
complement,High automation / high adaptation,19,EU,European Union,0.16,0.3949,0.8,0.84,0.7395,0.0,0.0,0.6327,1.0,0.9239,0.1852,0.8141,0.23,0.7905,0.05,0.1192,0.3245,0.8301,0.0,0.597,0.6049,0.643,0.4633,0.4104,0.4367,0.7913,0.09,protest,2,0.4738,0.3646,0.5336,0.3063,0.5009,0.0,0.0,0.0,0.0,0.0,none,0.0667,0.0708,0.0033,0.0618,0.8592,0.0416,0.6584,0.5797,0.3687,0.233,0.2605,5.16,0.6961,0.5838,0.6179,0.0339,0.0683,0.5992,0.185,0.0938
complement,High automation / high adaptation,19,JPN,Japan,0.07,0.1961,0.42,0.88,0.755,0.1398,0.0,0.6057,1.0,0.9018,0.192,0.721,0.18,0.8095,0.0639,0.1442,0.3212,0.8713,0.0,0.5714,0.6138,0.6405,0.4215,0.4399,0.4233,0.6886,0.09,protest,2,0.4502,0.3617,0.5002,0.2763,0.483,0.0,0.0,0.0,0.0,0.0,none,0.072,0.0763,0.0024,0.0611,0.8492,0.0323,0.6126,0.5753,0.3446,0.3532,0.245,5.19,0.7138,0.5532,0.5753,0.0363,0.066,0.5329,0.1822,0.1026
complement,High automation / high adaptation,19,IND,India,0.19,0.4355,0.65,0.63,0.5484,0.0666,0.0,0.3425,1.0,1.0,0.1075,0.8614,0.42,0.6075,0.0392,0.1558,0.2906,0.9347,0.0906,0.525,0.2946,0.6847,0.5737,0.3528,0.622,0.7818,0.0858,grievance,1,0.5231,0.3995,0.5935,0.4029,0.5802,0.0,0.0,0.0,0.0,0.0,none,0.047,0.0511,0.0,0.0527,0.9019,0.0322,0.5399,0.6063,0.2944,0.2387,0.4516,3.31,0.8682,0.5322,0.6024,0.0238,0.0642,0.5922,0.2204,0.0593
complement,High automation / high adaptation,19,SAU,Saudi Arabia,0.03,0.96,0.28,0.58,0.5168,0.0912,0.0,0.6325,0.8741,0.7748,0.18,0.8277,0.43,0.5536,0.0,0.1444,0.3095,0.8272,0.0,0.5887,0.5977,0.6164,0.4744,0.268,0.445,0.7163,0.16,riot,4,0.4524,0.3578,0.4861,0.309,0.538,0.0,0.0,0.0,0.0,0.0,none,0.0561,0.0565,0.0039,0.04,0.7576,0.0,0.5834,0.5746,0.3284,0.3548,0.3573,3.93,0.8145,0.5931,0.3911,0.0278,0.0552,0.5679,0.117,0.0918
complement,High automation / high adaptation,19,RUS,Russia,0.04,0.8702,0.74,0.52,0.3228,0.0347,0.0,0.4444,0.9267,1.0,0.9139,1.0,0.26,0.165,0.0697,0.3605,0.2989,0.8352,0.1427,0.6253,0.0019,0.6563,0.7417,0.2292,0.9083,0.8974,0.055,grievance,1,0.5581,0.3841,0.6702,0.5063,0.6492,0.66,0.4047,0.5024,0.4659,0.03,proxy,0.0367,0.0337,0.0,0.0432,0.8563,0.0427,0.5174,0.699,0.2572,0.3433,0.6038,1.32,1.0,0.6473,0.4793,0.0167,0.0632,0.6934,0.2981,0.0474
complement,High automation / high adaptation,19,BRA,Brazil,0.05,0.79,0.86,0.54,0.454,0.0353,0.0,0.379,0.9525,0.9736,0.08,0.7782,0.47,0.4189,0.0,0.0934,0.2841,0.8508,0.0742,0.4006,0.2871,0.661,0.5723,0.3175,0.6198,0.7581,0.09,protest,2,0.519,0.3982,0.5937,0.376,0.5756,0.0,0.0,0.0,0.0,0.0,none,0.0429,0.0441,0.0,0.0436,0.8655,0.0,0.5848,0.5709,0.3304,0.1237,0.4985,3.43,0.8197,0.3954,0.6801,0.021,0.0562,0.4541,0.219,0.0506
complement,High automation / high adaptation,20,USA,United States,0.18,0.7954,0.88,0.97,0.5609,0.0031,0.0,0.5362,1.0,1.0,0.1561,0.9611,0.22,0.7031,0.044,0.2428,0.3235,0.8742,0.0623,0.6426,0.5829,0.6668,0.5143,0.4498,0.4824,0.8341,0.16,riot,4,0.4982,0.4118,0.5658,0.3525,0.5749,0.4583,0.3047,0.4777,0.1752,0.0054,proxy,0.0537,0.0582,0.0011,0.0681,0.8869,0.0293,0.6804,0.6036,0.3721,0.1462,0.4391,4.02,0.8278,0.6531,0.6307,0.0273,0.0685,0.7254,0.1495,0.0808
complement,High automation / high adaptation,20,CHN,China,0.18,0.6697,0.7,0.78,0.5118,0.0023,0.0,0.5798,1.0,1.0,0.5523,1.0,0.3,0.3841,0.0659,0.4043,0.3184,0.9397,0.0426,0.721,0.4363,0.6729,0.5742,0.3317,0.6109,0.8797,0.09,protest,2,0.5158,0.3725,0.5876,0.3996,0.5774,0.5447,0.5357,0.7469,0.3434,0.1187,proxy,0.053,0.0522,0.0019,0.063,0.8929,0.032,0.6155,0.6505,0.3212,0.128,0.4882,2.82,0.8776,0.73,0.4814,0.0256,0.0673,0.7398,0.1926,0.0816
complement,High automation / high adaptation,20,EU,European Union,0.16,0.3949,0.8,0.84,0.745,0.0,0.0,0.6108,1.0,0.9819,0.1852,0.856,0.23,0.7836,0.041,0.123,0.326,0.8684,0.0,0.597,0.5821,0.6538,0.4751,0.4104,0.4591,0.8125,0.0606,grievance,1,0.4845,0.3708,0.5486,0.3178,0.5138,0.0,0.0,0.0,0.0,0.0,none,0.0658,0.0701,0.0026,0.0618,0.8615,0.0341,0.6593,0.5885,0.366,0.2329,0.255,5.07,0.694,0.5838,0.6391,0.0334,0.067,0.6097,0.1909,0.0897
complement,High automation / high adaptation,20,JPN,Japan,0.07,0.1871,0.42,0.88,0.7604,0.0591,0.0,0.5831,1.0,0.9594,0.2054,0.8116,0.18,0.8037,0.0815,0.1662,0.323,0.9083,0.0,0.5714,0.591,0.6529,0.4502,0.4281,0.448,0.7498,0.155,mass_protest,3,0.4717,0.3708,0.5298,0.2974,0.5013,0.0,0.0,0.0,0.0,0.0,none,0.0699,0.0745,0.0018,0.061,0.8539,0.0484,0.5921,0.6091,0.322,0.3893,0.2396,4.75,0.7763,0.5532,0.6248,0.0353,0.0684,0.5573,0.1909,0.0939
complement,High automation / high adaptation,20,IND,India,0.19,0.4355,0.65,0.63,0.5529,0.0154,0.0,0.3206,1.0,1.0,0.1075,0.9112,0.42,0.6,0.0321,0.1603,0.2919,0.9788,0.0907,0.5264,0.267,0.6875,0.5844,0.3446,0.6336,0.812,0.0721,grievance,1,0.5311,0.3881,0.606,0.4097,0.5682,0.0,0.0,0.0,0.0,0.0,none,0.0454,0.0497,0.0,0.0527,0.905,0.0264,0.5346,0.61,0.2905,0.2388,0.4471,3.18,0.8719,0.5328,0.6238,0.0231,0.0633,0.6039,0.3034,0.057
complement,High automation / high adaptation,20,SAU,Saudi Arabia,0.03,0.96,0.28,0.58,0.522,0.0125,0.0,0.591,0.914,0.8288,0.18,0.8934,0.43,0.5389,0.0,0.151,0.3109,0.8675,0.0,0.5818,0.5782,0.633,0.5037,0.2554,0.4687,0.7717,0.16,riot,4,0.4756,0.3686,0.5155,0.324,0.559,0.0,0.0,0.0,0.0,0.0,none,0.0529,0.0536,0.0026,0.04,0.805,0.0,0.5679,0.5988,0.3121,0.3707,0.392,3.52,0.8634,0.5867,0.4404,0.0261,0.0552,0.5846,0.1274,0.0822
complement,High automation / high adaptation,20,RUS,Russia,0.04,0.8702,0.74,0.52,0.326,0.0,0.0,0.4221,0.9699,1.0,0.9139,1.0,0.26,0.1569,0.0572,0.3543,0.3005,0.8761,0.1448,0.6253,0.0,0.669,0.7504,0.2235,0.9107,0.9151,0.12,protest,2,0.5687,0.3894,0.6799,0.5108,0.6562,0.6748,0.4087,0.5058,0.4705,0.0306,proxy,0.035,0.0322,0.0,0.0432,0.9027,0.0482,0.5095,0.7127,0.2498,0.3455,0.6439,1.16,1.0,0.6473,0.4912,0.016,0.0641,0.6966,0.3052,0.0459
complement,High automation / high adaptation,20,BRA,Brazil,0.05,0.79,0.86,0.54,0.4587,0.0,0.0,0.3585,0.9961,1.0,0.08,0.8471,0.47,0.4116,0.0,0.0999,0.2848,0.8963,0.0738,0.4006,0.2608,0.6767,0.5902,0.3085,0.6367,0.8003,0.155,mass_protest,3,0.5366,0.406,0.6152,0.3906,0.5909,0.0,0.0,0.0,0.0,0.0,none,0.0409,0.0424,0.0,0.0436,0.9129,0.0,0.5731,0.5984,0.315,0.1304,0.5374,3.02,0.887,0.3954,0.7133,0.0201,0.0562,0.4703,0.2275,0.0473
complement,High automation / high adaptation,21,USA,United States,0.18,0.7893,0.88,0.97,0.5657,0.0,0.0,0.4911,1.0,1.0,0.1653,1.0,0.22,0.6877,0.056,0.2541,0.3255,0.9137,0.0674,0.6344,0.5567,0.6719,0.5236,0.4507,0.4979,0.8464,0.16,riot,4,0.5051,0.4165,0.5763,0.3621,0.5836,0.4634,0.3123,0.4871,0.1803,0.0057,proxy,0.0522,0.0568,0.0,0.0681,0.891,0.0272,0.6694,0.6125,0.3628,0.1589,0.4343,3.82,0.8456,0.6462,0.6509,0.0264,0.0681,0.7343,0.1576,0.0765
complement,High automation / high adaptation,21,CHN,China,0.18,0.6697,0.7,0.78,0.516,0.0037,0.0,0.5517,1.0,1.0,0.5578,1.0,0.3,0.376,0.0601,0.4095,0.3202,0.9809,0.0444,0.721,0.4045,0.6789,0.5817,0.332,0.6271,0.8813,0.09,protest,2,0.5208,0.3766,0.5941,0.4092,0.5829,0.5486,0.5442,0.755,0.3528,0.1267,proxy,0.0522,0.0515,0.0009,0.0629,0.8954,0.0431,0.6142,0.651,0.3203,0.1288,0.484,2.83,0.8753,0.73,0.4833,0.025,0.0692,0.7417,0.1966,0.0799
complement,High automation / high adaptation,21,EU,European Union,0.16,0.3653,0.8,0.84,0.7505,0.0,0.0,0.5891,1.0,1.0,0.1852,0.9495,0.23,0.79,0.0927,0.1517,0.3272,0.9067,0.0,0.5983,0.5589,0.6583,0.4791,0.4104,0.4728,0.8222,0.055,grievance,1,0.4888,0.3597,0.5556,0.3227,0.5001,0.0,0.0,0.0,0.0,0.0,none,0.0655,0.0699,0.0019,0.0618,0.8626,0.028,0.6497,0.6083,0.3536,0.2519,0.2495,4.69,0.7312,0.5843,0.6482,0.0331,0.066,0.6172,0.267,0.0879
complement,High automation / high adaptation,21,JPN,Japan,0.07,0.1871,0.42,0.88,0.7655,0.0,0.0,0.5366,1.0,1.0,0.2054,0.8742,0.18,0.7903,0.0669,0.1646,0.3257,0.9455,0.0,0.5623,0.5648,0.6666,0.4853,0.4151,0.4732,0.8172,0.19,riot,4,0.4968,0.3956,0.5636,0.3252,0.5429,0.0,0.0,0.0,0.0,0.0,none,0.0671,0.0719,0.001,0.061,0.86,0.0617,0.5772,0.6288,0.3078,0.4108,0.2345,4.5,0.8105,0.5466,0.6856,0.0338,0.0704,0.581,0.5058,0.0834
complement,High automation / high adaptation,21,IND,India,0.19,0.4355,0.65,0.63,0.5574,0.0,0.0,0.2989,1.0,1.0,0.1075,0.9729,0.42,0.5918,0.0263,0.1652,0.2931,1.0,0.0911,0.527,0.2394,0.689,0.5899,0.3422,0.6452,0.8278,0.12,protest,2,0.5353,0.3894,0.6138,0.4168,0.5738,0.0,0.0,0.0,0.0,0.0,none,0.0437,0.0482,0.0,0.0527,0.908,0.0216,0.5297,0.6225,0.2842,0.2389,0.4426,3.0,0.8987,0.533,0.637,0.0223,0.0624,0.6135,0.3052,0.0556
complement,High automation / high adaptation,21,SAU,Saudi Arabia,0.03,0.96,0.28,0.58,0.5271,0.0,0.0,0.5485,0.954,0.8862,0.18,0.9621,0.43,0.5236,0.0,0.158,0.3122,0.9096,0.0,0.5737,0.5561,0.6517,0.5298,0.2478,0.4943,0.8166,0.16,riot,4,0.4975,0.3803,0.5428,0.3412,0.5797,0.0,0.0,0.0,0.0,0.0,none,0.0496,0.0505,0.0013,0.04,0.8526,0.0,0.559,0.6238,0.2996,0.3867,0.4269,3.15,0.9103,0.5798,0.4846,0.0243,0.0552,0.5999,0.1404,0.0739
complement,High automation / high adaptation,21,RUS,Russia,0.04,0.8702,0.74,0.52,0.3292,0.0059,0.003,0.3846,1.0,1.0,0.9277,1.0,0.26,0.1486,0.0715,0.3883,0.3024,0.9184,0.1497,0.6226,0.0,0.682,0.7529,0.2243,0.9107,0.9195,0.1008,protest,2,0.5759,0.4077,0.6849,0.5164,0.6824,0.68,0.4163,0.5147,0.4842,0.0318,proxy,0.0338,0.0311,0.0,0.0432,0.9352,0.0395,0.5079,0.7194,0.2474,0.3475,0.6708,1.03,1.0,0.6462,0.4976,0.0154,0.0627,0.6954,0.2294,0.0451
complement,High automation / high adaptation,21,BRA,Brazil,0.05,0.79,0.86,0.54,0.4632,0.0,0.0,0.3146,1.0,1.0,0.08,0.9208,0.47,0.3967,0.0,0.1069,0.2861,0.9421,0.0764,0.3914,0.2327,0.6861,0.6016,0.309,0.6514,0.8185,0.19,riot,4,0.5468,0.4259,0.6286,0.4073,0.6216,0.0,0.0,0.0,0.0,0.0,none,0.0393,0.0408,0.0,0.0436,0.92,0.0,0.5636,0.6142,0.3049,0.1391,0.5368,2.75,0.9228,0.3889,0.7386,0.0193,0.0562,0.4818,0.6097,0.0445
complement,High automation / high adaptation,22,USA,United States,0.18,0.7893,0.88,0.97,0.5704,0.0,0.0,0.4456,1.0,1.0,0.1653,1.0,0.22,0.6725,0.0459,0.2489,0.3278,0.9533,0.0731,0.6263,0.5294,0.6778,0.5345,0.4518,0.5146,0.8473,0.16,riot,4,0.5114,0.4222,0.5843,0.371,0.591,0.4693,0.3178,0.4938,0.1841,0.0059,proxy,0.0507,0.0554,0.0,0.0681,0.8939,0.0347,0.6621,0.613,0.3587,0.1667,0.4296,3.8,0.8462,0.6393,0.6597,0.0257,0.0695,0.7336,0.1654,0.0731
complement,High automation / high adaptation,22,CHN,China,0.18,0.6697,0.7,0.78,0.5204,0.0074,0.0,0.5017,1.0,1.0,0.5808,1.0,0.3,0.3678,0.0999,0.4262,0.3219,1.0,0.0466,0.721,0.3721,0.6812,0.5865,0.3324,0.6417,0.8818,0.155,mass_protest,3,0.5231,0.3785,0.5983,0.4158,0.5878,0.5537,0.5476,0.7577,0.3558,0.1287,proxy,0.0517,0.0512,0.0001,0.0629,0.897,0.0393,0.6026,0.666,0.3096,0.1381,0.4796,2.67,0.91,0.73,0.4842,0.0247,0.0685,0.7412,0.1985,0.0789
complement,High automation / high adaptation,22,EU,European Union,0.16,0.3653,0.8,0.84,0.7554,0.0,0.0,0.5657,1.0,1.0,0.1852,0.9933,0.23,0.7823,0.076,0.1537,0.3292,0.9451,0.0,0.5985,0.5354,0.6655,0.4855,0.4104,0.4827,0.8409,0.055,grievance,1,0.4969,0.3642,0.5665,0.3378,0.5041,0.0,0.0,0.0,0.0,0.0,none,0.0653,0.0699,0.0012,0.0617,0.8636,0.0633,0.6492,0.6126,0.3518,0.2525,0.2446,4.61,0.7357,0.5844,0.6669,0.033,0.0719,0.6402,0.2726,0.0851
complement,High automation / high adaptation,22,JPN,Japan,0.07,0.1366,0.4016,0.88,0.7706,0.0,0.0,0.4905,1.0,1.0,0.2054,1.0,0.18,0.7944,0.1375,0.1874,0.3284,0.9831,0.0,0.5527,0.537,0.6721,0.4971,0.4134,0.4886,0.8366,0.16,riot,4,0.5055,0.4139,0.5764,0.3377,0.5735,0.0,0.0,0.0,0.0,0.0,none,0.0642,0.0692,0.0,0.061,0.8666,0.0506,0.555,0.6562,0.2879,0.4751,0.2294,3.93,0.87,0.5391,0.7109,0.0323,0.0688,0.59,0.1376,0.0783
complement,High automation / high adaptation,22,IND,India,0.19,0.4355,0.65,0.63,0.5619,0.0,0.0,0.2774,1.0,1.0,0.1075,1.0,0.42,0.5832,0.0216,0.1704,0.2945,1.0,0.0934,0.525,0.2102,0.6914,0.596,0.3426,0.6574,0.8388,0.1008,protest,2,0.5395,0.4051,0.6211,0.4287,0.5997,0.0,0.0,0.0,0.0,0.0,none,0.043,0.0476,0.0,0.0527,0.9094,0.0177,0.5296,0.6242,0.2837,0.2389,0.4381,2.96,0.8975,0.5322,0.6492,0.022,0.0618,0.6202,0.2266,0.0543
complement,High automation / high adaptation,22,SAU,Saudi Arabia,0.03,0.96,0.28,0.58,0.5321,0.0,0.0,0.5049,0.9939,0.9468,0.18,1.0,0.43,0.5077,0.0,0.1653,0.3135,0.9536,0.0,0.5656,0.5313,0.671,0.5483,0.2478,0.5217,0.8392,0.16,riot,4,0.5146,0.3917,0.5635,0.3563,0.5978,0.0,0.0,0.0,0.0,0.0,none,0.0479,0.0489,0.0,0.04,0.8971,0.0,0.5511,0.6452,0.2891,0.4027,0.4619,2.85,0.9495,0.5729,0.5141,0.0233,0.0552,0.6104,0.1526,0.0679
complement,High automation / high adaptation,22,RUS,Russia,0.04,0.8702,0.74,0.52,0.3322,0.0,0.0,0.3614,1.0,1.0,0.9277,1.0,0.26,0.1406,0.0586,0.3781,0.3044,0.9608,0.1541,0.6234,0.0,0.6872,0.7545,0.2251,0.9132,0.9195,0.09,protest,2,0.5788,0.41,0.6872,0.5174,0.684,0.6824,0.4187,0.5171,0.4875,0.0327,proxy,0.0332,0.0307,0.0,0.0432,0.9361,0.0494,0.5067,0.7177,0.2472,0.3497,0.6678,1.06,1.0,0.6465,0.4981,0.0152,0.0643,0.697,0.232,0.0448
complement,High automation / high adaptation,22,BRA,Brazil,0.05,0.7774,0.86,0.54,0.4677,0.0,0.0,0.2659,1.0,1.0,0.08,0.9991,0.47,0.3796,0.014,0.1144,0.2877,0.988,0.0808,0.3819,0.203,0.6936,0.6128,0.3097,0.6675,0.8357,0.225,insurgency,5,0.556,0.4452,0.6417,0.422,0.6519,0.0,0.0,0.0,0.0,0.0,none,0.0379,0.0394,0.0,0.0436,0.9227,0.0,0.5501,0.6315,0.2925,0.1495,0.5323,2.43,0.9626,0.3814,0.764,0.0186,0.0562,0.4938,0.2164,0.0417
complement,High automation / high adaptation,23,USA,United States,0.18,0.7893,0.88,0.97,0.5751,0.0,0.0,0.4005,1.0,1.0,0.1653,1.0,0.22,0.6572,0.0377,0.2445,0.3299,0.993,0.0796,0.6182,0.5012,0.6825,0.5431,0.4529,0.5301,0.8473,0.16,riot,4,0.5161,0.4266,0.5909,0.3771,0.5987,0.4717,0.3227,0.5001,0.1877,0.0061,proxy,0.0493,0.054,0.0,0.0681,0.8967,0.0284,0.6546,0.6135,0.3544,0.1744,0.4249,3.78,0.847,0.6324,0.6678,0.0251,0.0683,0.7307,0.171,0.07
complement,High automation / high adaptation,23,CHN,China,0.18,0.6697,0.7,0.78,0.5241,0.0056,0.0028,0.4639,1.0,1.0,0.5938,1.0,0.3,0.36,0.1052,0.4411,0.3249,1.0,0.0516,0.7118,0.3367,0.6875,0.6043,0.3333,0.6636,0.8885,0.1302,mass_protest,3,0.5322,0.3995,0.6105,0.4358,0.6165,0.56,0.5535,0.764,0.3627,0.1337,proxy,0.0504,0.0501,0.0,0.0629,0.8995,0.0653,0.5972,0.6676,0.3063,0.148,0.4759,2.63,0.9091,0.7234,0.4983,0.0241,0.0731,0.7439,0.5813,0.0747
complement,High automation / high adaptation,23,EU,European Union,0.16,0.3554,0.8,0.84,0.7605,0.0,0.0,0.5428,1.0,1.0,0.2001,1.0,0.23,0.7742,0.0947,0.1808,0.3309,0.9836,0.0,0.5985,0.5114,0.669,0.4878,0.4104,0.4928,0.8422,0.12,protest,2,0.499,0.3657,0.5697,0.3415,0.5087,0.0,0.0,0.0,0.0,0.0,none,0.0649,0.0697,0.0005,0.0617,0.8649,0.0519,0.64,0.6258,0.3423,0.2671,0.2395,4.48,0.7667,0.5844,0.6682,0.0327,0.07,0.6398,0.2745,0.0842
complement,High automation / high adaptation,23,JPN,Japan,0.07,0.1087,0.4016,0.88,0.7745,0.0,0.0,0.4417,1.0,1.0,0.2054,1.0,0.18,0.7932,0.1686,0.2095,0.332,1.0,0.0,0.5458,0.5088,0.6768,0.5094,0.4134,0.5041,0.8513,0.16,riot,4,0.514,0.42,0.5887,0.3537,0.578,0.0,0.0,0.0,0.0,0.0,none,0.0628,0.0682,0.0,0.0606,0.8691,0.1041,0.5391,0.6656,0.2771,0.5254,0.2255,3.79,0.8936,0.5327,0.732,0.0318,0.0768,0.6107,0.1505,0.0738
complement,High automation / high adaptation,23,IND,India,0.19,0.4355,0.65,0.63,0.5666,0.0,0.0,0.256,1.0,1.0,0.1075,1.0,0.42,0.5745,0.0177,0.1751,0.2957,1.0,0.0952,0.5258,0.1811,0.6905,0.5988,0.3429,0.6697,0.8375,0.155,mass_protest,3,0.5395,0.4054,0.6231,0.4323,0.6024,0.0,0.0,0.0,0.0,0.0,none,0.0427,0.0473,0.0,0.0527,0.91,0.0145,0.522,0.631,0.2777,0.249,0.4334,2.92,0.9159,0.5325,0.6479,0.0219,0.0612,0.6198,0.2269,0.054
complement,High automation / high adaptation,23,SAU,Saudi Arabia,0.03,0.96,0.28,0.58,0.537,0.0,0.0,0.4843,1.0,1.0,0.18,1.0,0.43,0.4987,0.0,0.172,0.3149,0.998,0.0,0.5574,0.504,0.6834,0.5659,0.2478,0.5485,0.8488,0.1194,mass_protest,3,0.5265,0.4007,0.5784,0.3679,0.6122,0.0,0.0,0.0,0.0,0.0,none,0.0466,0.0475,0.0,0.04,0.9059,0.0,0.548,0.6505,0.2859,0.4154,0.463,2.82,0.9448,0.566,0.5305,0.0226,0.0552,0.6098,0.1626,0.0635
complement,High automation / high adaptation,23,RUS,Russia,0.04,0.8702,0.74,0.52,0.3353,0.006,0.0,0.3297,1.0,1.0,0.9366,1.0,0.26,0.1323,0.058,0.4091,0.3061,1.0,0.1585,0.6238,0.0,0.6909,0.7531,0.2259,0.9132,0.9188,0.155,mass_protest,3,0.5799,0.4108,0.6876,0.5153,0.6857,0.6865,0.4189,0.5168,0.4869,0.0324,proxy,0.0326,0.0303,0.0,0.0432,0.9371,0.0405,0.4979,0.7273,0.2406,0.3632,0.6647,1.0,1.0,0.6467,0.498,0.015,0.0628,0.6957,0.2329,0.0447
complement,High automation / high adaptation,23,BRA,Brazil,0.05,0.7648,0.86,0.54,0.4719,0.0,0.0,0.2167,1.0,1.0,0.08,1.0,0.47,0.3624,0.0255,0.1219,0.2898,1.0,0.0871,0.3706,0.1716,0.6984,0.6263,0.3109,0.6851,0.8431,0.195,insurgency,5,0.5635,0.4647,0.6523,0.436,0.6804,0.0,0.0,0.0,0.0,0.0,none,0.0362,0.0379,0.0,0.0435,0.9259,0.0088,0.5398,0.632,0.2869,0.1601,0.5281,2.35,0.9633,0.3725,0.7815,0.0179,0.0578,0.4976,0.1424,0.0393
complement,High automation / high adaptation,24,USA,United States,0.18,0.7767,0.88,0.97,0.5798,0.0,0.0,0.3507,1.0,1.0,0.1653,1.0,0.22,0.6403,0.0449,0.2406,0.3319,1.0,0.0867,0.6101,0.4721,0.6837,0.5519,0.4542,0.546,0.8473,0.225,insurgency,5,0.5194,0.4299,0.5967,0.3833,0.6052,0.4788,0.3263,0.5035,0.1897,0.0061,proxy,0.0479,0.0527,0.0,0.0681,0.8994,0.0233,0.6399,0.6228,0.3433,0.1836,0.4202,3.65,0.8748,0.6255,0.676,0.0244,0.0674,0.7279,0.1767,0.0673
complement,High automation / high adaptation,24,CHN,China,0.18,0.6697,0.7,0.78,0.5277,0.0056,0.0,0.4315,1.0,1.0,0.6023,1.0,0.3,0.3524,0.0956,0.4542,0.3277,1.0,0.0563,0.7065,0.3009,0.6874,0.6142,0.3341,0.6839,0.8881,0.125,mass_protest,3,0.535,0.4026,0.6167,0.443,0.6225,0.5641,0.5573,0.7677,0.3672,0.1376,proxy,0.0492,0.0491,0.0,0.0629,0.9017,0.0687,0.5919,0.6687,0.3033,0.158,0.4723,2.63,0.9082,0.7184,0.5039,0.0236,0.0737,0.743,0.5911,0.072
complement,High automation / high adaptation,24,EU,European Union,0.16,0.3252,0.8,0.84,0.7653,0.0,0.0,0.5192,1.0,1.0,0.2001,1.0,0.23,0.7806,0.138,0.2044,0.3334,1.0,0.0,0.5958,0.4852,0.6754,0.4977,0.4104,0.5064,0.8481,0.0858,grievance,1,0.5055,0.3838,0.5777,0.3562,0.5349,0.0,0.0,0.0,0.0,0.0,none,0.0646,0.0694,0.0,0.0616,0.866,0.0646,0.6318,0.6299,0.3365,0.2874,0.2347,4.38,0.7746,0.5833,0.6752,0.0324,0.0721,0.6418,0.2039,0.0821
complement,High automation / high adaptation,24,JPN,Japan,0.07,0.0993,0.4016,0.88,0.778,0.0,0.0,0.3918,1.0,1.0,0.2195,1.0,0.18,0.7794,0.1688,0.2286,0.3361,1.0,0.0,0.5377,0.4797,0.679,0.5208,0.4134,0.52,0.8513,0.16,riot,4,0.5187,0.4246,0.5955,0.3642,0.5827,0.0,0.0,0.0,0.0,0.0,none,0.0612,0.067,0.0,0.0605,0.8718,0.1276,0.5271,0.6725,0.269,0.5695,0.222,3.71,0.9071,0.5258,0.7389,0.0311,0.0803,0.6118,0.1594,0.0708
complement,High automation / high adaptation,24,IND,India,0.19,0.4355,0.65,0.63,0.5712,0.0,0.0,0.2347,1.0,1.0,0.1075,1.0,0.42,0.5658,0.0145,0.1792,0.2973,1.0,0.0991,0.5171,0.1504,0.6936,0.6098,0.3436,0.6855,0.8412,0.1302,mass_protest,3,0.5446,0.4231,0.6308,0.4442,0.63,0.0,0.0,0.0,0.0,0.0,none,0.0419,0.0465,0.0,0.0527,0.9115,0.0119,0.5182,0.6303,0.2759,0.2591,0.4288,2.91,0.9112,0.5261,0.6587,0.0215,0.0608,0.6178,0.6131,0.0517
complement,High automation / high adaptation,24,SAU,Saudi Arabia,0.03,0.96,0.28,0.58,0.5418,0.0,0.0,0.4638,1.0,1.0,0.18,1.0,0.43,0.4898,0.0,0.1777,0.3159,1.0,0.0,0.5527,0.4772,0.6817,0.5718,0.2478,0.5627,0.846,0.125,mass_protest,3,0.5272,0.3887,0.5815,0.3703,0.5957,0.0,0.0,0.0,0.0,0.0,none,0.0458,0.0467,0.0,0.04,0.9074,0.0,0.5426,0.6521,0.2827,0.4282,0.4582,2.8,0.9473,0.5612,0.5326,0.0223,0.0552,0.6083,0.5349,0.0618
complement,High automation / high adaptation,24,RUS,Russia,0.04,0.8702,0.74,0.52,0.3385,0.006,0.003,0.2686,1.0,1.0,0.9507,1.0,0.26,0.1171,0.0727,0.4363,0.3084,1.0,0.1654,0.6147,0.0,0.6951,0.7616,0.2272,0.9177,0.9241,0.19,riot,4,0.5852,0.4285,0.6936,0.5229,0.7111,0.6926,0.4259,0.5241,0.4983,0.034,proxy,0.0317,0.0294,0.0,0.0432,0.9388,0.0401,0.4863,0.7368,0.2328,0.3797,0.6615,0.89,1.0,0.6402,0.5111,0.0145,0.0628,0.6942,0.7044,0.043
complement,High automation / high adaptation,24,BRA,Brazil,0.05,0.75,0.8485,0.54,0.4758,0.0,0.0,0.1624,1.0,1.0,0.08,1.0,0.47,0.3439,0.0373,0.1488,0.2919,1.0,0.0931,0.362,0.1398,0.6985,0.6363,0.312,0.7029,0.8411,0.26,civil_conflict,6,0.5664,0.4683,0.6582,0.4422,0.6858,0.0,0.0,0.0,0.0,0.0,none,0.0346,0.0363,0.0,0.0434,0.9291,0.0161,0.5219,0.6422,0.2746,0.1727,0.5242,2.21,0.9941,0.3646,0.7884,0.0171,0.0591,0.4964,0.1477,0.0375
complement,High automation / high adaptation,25,USA,United States,0.18,0.7641,0.88,0.97,0.5844,0.0,0.0,0.3007,1.0,1.0,0.1653,1.0,0.22,0.6235,0.0508,0.2374,0.3345,1.0,0.0967,0.5976,0.4406,0.6888,0.5664,0.456,0.5636,0.8517,0.195,insurgency,5,0.5267,0.4498,0.6067,0.3982,0.6343,0.4822,0.3377,0.5185,0.1994,0.0065,proxy,0.0462,0.0511,0.0,0.068,0.9026,0.0278,0.63,0.6225,0.338,0.1929,0.4156,3.59,0.8734,0.6161,0.6916,0.0236,0.0682,0.7263,0.1138,0.0635
complement,High automation / high adaptation,25,CHN,China,0.18,0.6697,0.7,0.78,0.5314,0.0076,0.0,0.3562,1.0,1.0,0.6261,1.0,0.3,0.3377,0.1307,0.4659,0.3303,1.0,0.0613,0.7002,0.2644,0.6873,0.6236,0.335,0.7036,0.8886,0.19,riot,4,0.5377,0.4055,0.6229,0.4503,0.6294,0.5706,0.5618,0.7715,0.3716,0.1414,proxy,0.0481,0.0481,0.0,0.0629,0.9037,0.0625,0.5775,0.6837,0.2915,0.1701,0.4686,2.45,0.9437,0.713,0.5107,0.0231,0.0726,0.7407,0.6008,0.0695
complement,High automation / high adaptation,25,EU,European Union,0.16,0.2947,0.8,0.84,0.7696,0.0,0.0,0.4942,1.0,1.0,0.2001,1.0,0.23,0.7875,0.1742,0.225,0.3364,1.0,0.0,0.5972,0.4593,0.6764,0.5025,0.4104,0.5173,0.8458,0.0571,stable,0,0.5072,0.3725,0.5805,0.3629,0.5151,0.0,0.0,0.0,0.0,0.0,none,0.0642,0.0694,0.0,0.0614,0.8664,0.0942,0.6233,0.6322,0.3312,0.3086,0.2304,4.29,0.779,0.5839,0.6723,0.0324,0.077,0.6461,0.2831,0.0815
complement,High automation / high adaptation,25,JPN,Japan,0.07,0.047,0.3826,0.88,0.7813,0.0,0.0,0.3418,1.0,1.0,0.2195,1.0,0.18,0.7846,0.2239,0.2454,0.3402,1.0,0.0,0.5296,0.4492,0.6793,0.5321,0.4134,0.539,0.8527,0.16,riot,4,0.5224,0.4281,0.6025,0.3723,0.5895,0.0,0.0,0.0,0.0,0.0,none,0.0597,0.0656,0.0,0.0604,0.8748,0.1277,0.503,0.686,0.2533,0.638,0.2187,3.48,0.9433,0.5189,0.7472,0.0304,0.0803,0.6101,0.1666,0.0677
complement,High automation / high adaptation,25,IND,India,0.19,0.4355,0.65,0.63,0.5758,0.0,0.0,0.1903,1.0,1.0,0.1075,1.0,0.42,0.55,0.0119,0.1827,0.2986,1.0,0.1027,0.5117,0.1198,0.6927,0.6168,0.3443,0.7012,0.8395,0.19,riot,4,0.546,0.4251,0.6349,0.4486,0.6347,0.0,0.0,0.0,0.0,0.0,none,0.0412,0.0457,0.0,0.0527,0.9131,0.0098,0.5075,0.6383,0.268,0.2718,0.4242,2.84,0.9335,0.5211,0.6627,0.0211,0.0604,0.616,0.6194,0.0502
complement,High automation / high adaptation,25,SAU,Saudi Arabia,0.03,0.96,0.28,0.58,0.5467,0.0,0.0,0.4432,1.0,1.0,0.18,1.0,0.43,0.4808,0.0,0.1826,0.3169,1.0,0.0,0.546,0.4498,0.6821,0.5801,0.2478,0.577,0.8464,0.125,mass_protest,3,0.5299,0.3914,0.5866,0.3772,0.6008,0.0,0.0,0.0,0.0,0.0,none,0.0451,0.0459,0.0,0.04,0.909,0.0,0.5374,0.6538,0.2795,0.4411,0.4533,2.77,0.9499,0.5556,0.5386,0.0219,0.0552,0.6067,0.5431,0.0598
complement,High automation / high adaptation,25,RUS,Russia,0.04,0.8702,0.74,0.52,0.3413,0.0061,0.0031,0.2069,1.0,1.0,0.9649,1.0,0.26,0.1021,0.0851,0.4601,0.3112,1.0,0.1744,0.6051,0.0,0.6989,0.7713,0.2288,0.9239,0.9278,0.16,riot,4,0.5907,0.4467,0.7,0.5299,0.7359,0.698,0.4311,0.5302,0.5083,0.0354,proxy,0.0299,0.0279,0.0,0.0432,0.9423,0.0503,0.4779,0.7393,0.2282,0.3964,0.6587,0.82,1.0,0.6327,0.524,0.0138,0.0644,0.6939,0.3576,0.0412
complement,High automation / high adaptation,25,BRA,Brazil,0.05,0.7353,0.837,0.54,0.4796,0.0,0.0,0.1076,1.0,1.0,0.08,1.0,0.47,0.3256,0.047,0.172,0.2947,1.0,0.1022,0.3478,0.1055,0.7037,0.6526,0.3136,0.7224,0.8455,0.23,civil_conflict,6,0.5745,0.4888,0.6692,0.4584,0.7155,0.0,0.0,0.0,0.0,0.0,none,0.0327,0.0344,0.0,0.0433,0.9328,0.0235,0.5087,0.6427,0.2675,0.1855,0.5204,2.12,0.9961,0.3538,0.8053,0.0162,0.0604,0.4947,0.0,0.035
complement,High automation / high adaptation,26,USA,United States,0.18,0.7515,0.88,0.97,0.5888,0.0,0.0,0.2505,1.0,1.0,0.1653,1.0,0.22,0.6067,0.0557,0.2345,0.337,1.0,0.1065,0.589,0.4088,0.689,0.5761,0.4578,0.5814,0.8496,0.195,insurgency,5,0.5296,0.4534,0.6126,0.4039,0.6401,0.4865,0.3441,0.5262,0.2039,0.0067,proxy,0.0446,0.0495,0.0,0.0679,0.9059,0.0314,0.6185,0.6244,0.3313,0.2023,0.4112,3.52,0.8794,0.6083,0.6991,0.0229,0.0688,0.7245,0.1178,0.0607
complement,High automation / high adaptation,26,CHN,China,0.18,0.6697,0.7,0.78,0.5346,0.0058,0.0029,0.2937,1.0,1.0,0.6395,1.0,0.3,0.3234,0.1312,0.4765,0.3341,1.0,0.0694,0.6894,0.2245,0.6939,0.6429,0.3365,0.7283,0.8954,0.16,riot,4,0.5474,0.4271,0.6362,0.4711,0.6595,0.578,0.5681,0.778,0.3793,0.147,proxy,0.046,0.0465,0.0,0.0629,0.9075,0.0854,0.5696,0.6847,0.2872,0.1827,0.4654,2.4,0.942,0.705,0.5269,0.0222,0.0766,0.7425,0.2753,0.0652
complement,High automation / high adaptation,26,EU,European Union,0.16,0.2639,0.8,0.84,0.7733,0.0,0.0,0.4679,1.0,1.0,0.2001,1.0,0.23,0.7951,0.2043,0.2429,0.3397,1.0,0.0,0.5984,0.4334,0.6772,0.507,0.4104,0.5282,0.8438,0.0479,stable,0,0.5088,0.361,0.5832,0.3694,0.4957,0.0,0.0,0.0,0.0,0.0,none,0.0638,0.0693,0.0,0.0612,0.8668,0.1188,0.614,0.6361,0.325,0.3305,0.2267,4.2,0.7887,0.5844,0.6699,0.0323,0.0811,0.6497,0.5431,0.0809
complement,High automation / high adaptation,26,JPN,Japan,0.07,0.0055,0.3826,0.88,0.7838,0.0,0.0,0.2848,1.0,1.0,0.2195,1.0,0.18,0.7835,0.2555,0.2601,0.3452,1.0,0.0,0.5214,0.4177,0.6829,0.5454,0.4134,0.5558,0.8527,0.225,insurgency,5,0.5285,0.434,0.6104,0.3858,0.5937,0.0,0.0,0.0,0.0,0.0,none,0.0581,0.0645,0.0,0.0601,0.8774,0.1695,0.4799,0.7033,0.2375,0.6958,0.2162,3.27,0.9912,0.512,0.7541,0.0298,0.0865,0.6136,0.1791,0.0647
complement,High automation / high adaptation,26,IND,India,0.19,0.4355,0.65,0.63,0.5804,0.0,0.0,0.146,1.0,1.0,0.1075,1.0,0.42,0.5343,0.0098,0.1857,0.3004,1.0,0.1089,0.501,0.087,0.6964,0.6295,0.3454,0.7187,0.8435,0.16,riot,4,0.552,0.4437,0.6438,0.4619,0.6633,0.0,0.0,0.0,0.0,0.0,none,0.0398,0.0444,0.0,0.0527,0.9158,0.008,0.5012,0.6374,0.2649,0.2845,0.4196,2.82,0.9292,0.5132,0.6758,0.0205,0.0601,0.6137,0.2635,0.0477
complement,High automation / high adaptation,26,SAU,Saudi Arabia,0.03,0.96,0.28,0.58,0.5515,0.0,0.0,0.4226,1.0,1.0,0.18,1.0,0.43,0.4719,0.0,0.1868,0.318,1.0,0.0,0.5396,0.422,0.6822,0.5882,0.2478,0.5916,0.8464,0.125,mass_protest,3,0.5324,0.394,0.5915,0.3837,0.6058,0.0,0.0,0.0,0.0,0.0,none,0.0444,0.0451,0.0,0.04,0.9105,0.0,0.5323,0.6555,0.2763,0.4539,0.4485,2.75,0.9525,0.5502,0.544,0.0215,0.0552,0.6052,0.551,0.0579
complement,High automation / high adaptation,26,RUS,Russia,0.04,0.8702,0.74,0.52,0.3438,0.0061,0.0031,0.1446,1.0,1.0,0.9793,1.0,0.26,0.0873,0.0953,0.4809,0.3139,1.0,0.1831,0.5982,0.0,0.6994,0.7776,0.2304,0.9301,0.9272,0.16,riot,4,0.5931,0.4495,0.7035,0.5304,0.7384,0.7041,0.4324,0.5314,0.5101,0.036,proxy,0.028,0.0263,0.0,0.0432,0.9457,0.0588,0.4681,0.7441,0.2224,0.4134,0.6562,0.74,1.0,0.6263,0.5313,0.0129,0.0659,0.6934,0.3584,0.0398
complement,High automation / high adaptation,26,BRA,Brazil,0.05,0.7205,0.8256,0.54,0.4831,0.0,0.0,0.0525,1.0,1.0,0.08,1.0,0.47,0.3074,0.0549,0.1919,0.2974,1.0,0.1111,0.3376,0.0708,0.704,0.6641,0.3152,0.7422,0.8435,0.23,civil_conflict,6,0.5781,0.4931,0.6759,0.4653,0.7219,0.0,0.0,0.0,0.0,0.0,none,0.0308,0.0326,0.0,0.0432,0.9366,0.0296,0.4941,0.6454,0.2591,0.1983,0.5169,2.01,1.0,0.3445,0.8141,0.0153,0.0615,0.4929,0.0,0.0332
complement,High automation / high adaptation,27,USA,United States,0.18,0.7389,0.88,0.97,0.593,0.0035,0.0,0.1948,1.0,1.0,0.1706,1.0,0.22,0.5901,0.0655,0.2557,0.3395,1.0,0.1171,0.5792,0.376,0.6907,0.5874,0.4597,0.5996,0.8496,0.195,insurgency,5,0.5339,0.458,0.6198,0.4125,0.6471,0.4909,0.3517,0.5355,0.2094,0.007,proxy,0.0429,0.048,0.0,0.0679,0.9091,0.0345,0.6069,0.6276,0.324,0.2117,0.407,3.43,0.8871,0.5999,0.7094,0.0221,0.0694,0.7226,0.124,0.0578
complement,High automation / high adaptation,27,CHN,China,0.18,0.6512,0.7,0.78,0.5376,0.0,0.0,0.2408,1.0,1.0,0.6484,1.0,0.3,0.3076,0.1408,0.4619,0.3376,1.0,0.0773,0.6825,0.1838,0.6936,0.654,0.3379,0.7515,0.8947,0.225,insurgency,5,0.5505,0.4307,0.6433,0.4786,0.6667,0.5875,0.5695,0.7786,0.3796,0.1476,proxy,0.0441,0.0449,0.0,0.0629,0.911,0.0858,0.5514,0.6969,0.2747,0.2044,0.4624,2.26,0.9748,0.6986,0.534,0.0214,0.0767,0.7408,0.2851,0.0624
complement,High automation / high adaptation,27,EU,European Union,0.16,0.2639,0.8,0.84,0.7766,0.0,0.0,0.4406,1.0,1.0,0.2001,1.0,0.23,0.7886,0.1675,0.2327,0.3435,1.0,0.0,0.5988,0.4072,0.6788,0.5122,0.4104,0.5392,0.8432,0.0403,stable,0,0.511,0.3631,0.5866,0.3772,0.4973,0.0,0.0,0.0,0.0,0.0,none,0.0634,0.0693,0.0,0.0611,0.8674,0.1394,0.6143,0.6321,0.3265,0.3329,0.2234,4.29,0.7762,0.5845,0.6691,0.0322,0.0846,0.6527,0.5464,0.0801
complement,High automation / high adaptation,27,JPN,Japan,0.07,0.0,0.3826,0.88,0.7857,0.0,0.0,0.2267,1.0,1.0,0.2195,1.0,0.18,0.7693,0.2235,0.2487,0.3513,1.0,0.0017,0.5089,0.3837,0.6887,0.5619,0.4137,0.5745,0.8571,0.195,insurgency,5,0.5369,0.4546,0.6212,0.4038,0.6219,0.0,0.0,0.0,0.0,0.0,none,0.0562,0.0631,0.0,0.0598,0.8808,0.1933,0.4718,0.7016,0.2339,0.7264,0.2143,3.28,0.986,0.5026,0.7682,0.029,0.0901,0.6143,0.1177,0.0609
complement,High automation / high adaptation,27,IND,India,0.19,0.4355,0.65,0.63,0.5849,0.0,0.0,0.1018,1.0,1.0,0.1075,1.0,0.42,0.5185,0.008,0.1883,0.3019,1.0,0.1147,0.4942,0.054,0.6956,0.6378,0.3464,0.7362,0.8415,0.16,riot,4,0.5539,0.4463,0.6487,0.4667,0.6687,0.0,0.0,0.0,0.0,0.0,none,0.0384,0.043,0.0,0.0527,0.9186,0.0066,0.4934,0.639,0.2604,0.2972,0.4151,2.78,0.9325,0.5068,0.6812,0.0198,0.0599,0.6116,0.2696,0.0459
complement,High automation / high adaptation,27,SAU,Saudi Arabia,0.03,0.96,0.28,0.58,0.5562,0.0,0.0,0.3788,1.0,1.0,0.18,1.0,0.43,0.456,0.0,0.1905,0.319,1.0,0.0,0.5332,0.3938,0.6823,0.5963,0.2478,0.6063,0.8464,0.19,riot,4,0.5349,0.3965,0.5964,0.3903,0.6108,0.0,0.0,0.0,0.0,0.0,none,0.0436,0.0443,0.0,0.04,0.912,0.0,0.5211,0.6648,0.2681,0.4701,0.4438,2.67,0.9779,0.5447,0.5495,0.0211,0.0552,0.6037,0.5589,0.056
complement,High automation / high adaptation,27,RUS,Russia,0.04,0.8576,0.74,0.52,0.3462,0.0,0.0,0.0925,1.0,1.0,0.9793,1.0,0.26,0.0711,0.0922,0.4577,0.3168,1.0,0.1927,0.5901,0.0,0.7013,0.7853,0.2321,0.9363,0.9287,0.225,insurgency,5,0.5968,0.4531,0.7083,0.5336,0.7422,0.7141,0.4306,0.5287,0.506,0.0356,proxy,0.0261,0.0247,0.0,0.0432,0.9492,0.0659,0.4525,0.7538,0.2129,0.4336,0.6538,0.64,1.0,0.6194,0.5414,0.0121,0.067,0.6926,0.3632,0.0383
complement,High automation / high adaptation,27,BRA,Brazil,0.05,0.7058,0.8141,0.54,0.4864,0.0,0.0,0.0,1.0,1.0,0.08,1.0,0.47,0.2893,0.0614,0.209,0.3002,1.0,0.1209,0.3261,0.035,0.7058,0.6771,0.317,0.7624,0.8435,0.23,civil_conflict,6,0.583,0.4983,0.6841,0.4751,0.7296,0.0,0.0,0.0,0.0,0.0,none,0.0289,0.0308,0.0,0.0431,0.9403,0.0346,0.4796,0.6481,0.2509,0.2112,0.5136,1.91,1.0,0.3348,0.8256,0.0144,0.0624,0.491,0.0,0.0313
complement,High automation / high adaptation,28,USA,United States,0.18,0.7241,0.8685,0.97,0.5971,0.0,0.0,0.1393,1.0,1.0,0.1706,1.0,0.22,0.5721,0.0701,0.2708,0.3422,1.0,0.1284,0.5694,0.3419,0.6927,0.5999,0.4617,0.6193,0.8502,0.26,civil_conflict,6,0.5388,0.463,0.6279,0.4223,0.6544,0.5,0.3595,0.5438,0.2144,0.0074,proxy,0.0412,0.0464,0.0,0.0678,0.9124,0.0406,0.5889,0.637,0.3115,0.2229,0.4029,3.29,0.9164,0.5916,0.7203,0.0213,0.0705,0.7213,0.1314,0.0548
complement,High automation / high adaptation,28,CHN,China,0.18,0.6512,0.7,0.78,0.5405,0.0059,0.0,0.1835,1.0,1.0,0.6573,1.0,0.3,0.2934,0.1253,0.474,0.3418,1.0,0.0882,0.67,0.1404,0.699,0.6714,0.3399,0.7758,0.9,0.174,riot,4,0.5588,0.4514,0.6555,0.4967,0.6977,0.5917,0.5793,0.7888,0.3927,0.1557,proxy,0.0422,0.0431,0.0,0.0628,0.9147,0.092,0.5463,0.6936,0.273,0.2171,0.4595,2.26,0.9619,0.6892,0.5507,0.0205,0.0777,0.7394,0.2006,0.0584
complement,High automation / high adaptation,28,EU,European Union,0.16,0.2327,0.8,0.84,0.7804,0.0,0.0,0.4145,1.0,1.0,0.2001,1.0,0.23,0.7963,0.1999,0.25,0.3466,1.0,0.0,0.5991,0.3807,0.6765,0.5131,0.4104,0.5503,0.8427,0.085,grievance,1,0.5097,0.3621,0.5877,0.3779,0.5011,0.0,0.0,0.0,0.0,0.0,none,0.0629,0.0689,0.0,0.0611,0.8682,0.1143,0.6021,0.6427,0.3166,0.355,0.2196,4.16,0.8055,0.5846,0.6685,0.032,0.0803,0.649,0.5444,0.0798
complement,High automation / high adaptation,28,JPN,Japan,0.07,0.0,0.3826,0.88,0.788,0.0,0.0,0.1697,1.0,1.0,0.2343,1.0,0.18,0.7547,0.2294,0.2636,0.3566,1.0,0.0032,0.5004,0.3492,0.6859,0.5695,0.414,0.5935,0.8551,0.195,insurgency,5,0.5376,0.456,0.6255,0.4057,0.6288,0.0,0.0,0.0,0.0,0.0,none,0.0542,0.0614,0.0,0.0598,0.8844,0.1691,0.4591,0.7097,0.2258,0.7773,0.212,3.19,1.0,0.4948,0.7743,0.0282,0.0864,0.6088,0.1191,0.0584
complement,High automation / high adaptation,28,IND,India,0.19,0.4355,0.65,0.63,0.5894,0.0,0.0,0.0576,1.0,1.0,0.1075,1.0,0.42,0.5027,0.0066,0.1906,0.3034,1.0,0.1212,0.486,0.0201,0.6964,0.6477,0.3476,0.7541,0.8415,0.16,riot,4,0.5573,0.4498,0.655,0.4745,0.6753,0.0,0.0,0.0,0.0,0.0,none,0.037,0.0417,0.0,0.0527,0.9213,0.0054,0.4856,0.6407,0.2559,0.3099,0.4106,2.73,0.9361,0.4999,0.6893,0.0192,0.0597,0.6094,0.2797,0.044
complement,High automation / high adaptation,28,SAU,Saudi Arabia,0.03,0.96,0.28,0.58,0.5609,0.0,0.0,0.335,1.0,1.0,0.18,1.0,0.43,0.4401,0.0,0.1936,0.3206,1.0,0.0011,0.5223,0.3634,0.6859,0.6091,0.248,0.6228,0.8508,0.16,riot,4,0.5409,0.415,0.605,0.4038,0.639,0.0,0.0,0.0,0.0,0.0,none,0.0423,0.043,0.0,0.04,0.9148,0.0,0.5147,0.6646,0.2648,0.4864,0.4391,2.64,0.9748,0.5367,0.5621,0.0205,0.0552,0.6017,0.197,0.0533
complement,High automation / high adaptation,28,RUS,Russia,0.04,0.8428,0.7285,0.52,0.3485,0.0063,0.0031,0.0199,1.0,1.0,0.9939,1.0,0.26,0.0534,0.1181,0.5001,0.3202,1.0,0.2054,0.5776,0.0,0.7061,0.7947,0.2344,0.9407,0.933,0.26,civil_conflict,6,0.6027,0.4716,0.7149,0.541,0.7684,0.7215,0.4353,0.5337,0.5143,0.0363,proxy,0.0242,0.0229,0.0,0.0431,0.9529,0.0637,0.4345,0.7653,0.2021,0.4568,0.6515,0.48,1.0,0.6099,0.5575,0.0112,0.0667,0.6899,0.2533,0.0364
complement,High automation / high adaptation,28,BRA,Brazil,0.05,0.691,0.8026,0.54,0.4895,0.0,0.0,0.0,1.0,1.0,0.08,1.0,0.47,0.2712,0.0668,0.2238,0.3032,1.0,0.1316,0.3147,0.0,0.7077,0.6899,0.3189,0.7822,0.8435,0.23,civil_conflict,6,0.5879,0.5034,0.6922,0.4846,0.7373,0.0,0.0,0.0,0.0,0.0,none,0.027,0.029,0.0,0.0431,0.944,0.0387,0.4678,0.6506,0.2441,0.2242,0.5105,1.83,1.0,0.325,0.8373,0.0136,0.0631,0.4888,0.0,0.0295
complement,High automation / high adaptation,29,USA,United States,0.18,0.7093,0.857,0.97,0.6009,0.0,0.0,0.0836,1.0,1.0,0.1706,1.0,0.22,0.5542,0.0739,0.2838,0.3456,1.0,0.1427,0.5552,0.3054,0.6982,0.616,0.4643,0.6398,0.8545,0.23,civil_conflict,6,0.5468,0.4836,0.6391,0.4382,0.6849,0.5045,0.3735,0.5618,0.2269,0.0081,proxy,0.0392,0.0445,0.0,0.0677,0.9163,0.0434,0.5761,0.6368,0.3048,0.2341,0.3991,3.22,0.9164,0.5808,0.7381,0.0204,0.071,0.719,0.0,0.0513
complement,High automation / high adaptation,29,CHN,China,0.18,0.6512,0.7,0.78,0.5434,0.006,0.003,0.1206,1.0,1.0,0.6713,1.0,0.3,0.2791,0.1277,0.4849,0.3453,1.0,0.0982,0.664,0.0968,0.697,0.6803,0.3417,0.7993,0.8974,0.16,riot,4,0.5601,0.4403,0.661,0.5007,0.6847,0.5952,0.585,0.7936,0.3997,0.1626,limited_war,0.0406,0.0417,0.0,0.0628,0.9177,0.0819,0.5377,0.6947,0.2684,0.2297,0.4566,2.21,0.9615,0.6831,0.556,0.0198,0.076,0.7361,0.3153,0.0562
complement,High automation / high adaptation,29,EU,European Union,0.16,0.201,0.8,0.84,0.7838,0.0,0.0,0.3873,1.0,1.0,0.2001,1.0,0.23,0.8046,0.2273,0.2652,0.3506,1.0,0.0,0.5972,0.3526,0.6809,0.5214,0.4104,0.5621,0.8457,0.12,protest,2,0.5146,0.3794,0.5937,0.3915,0.5247,0.0,0.0,0.0,0.0,0.0,none,0.0624,0.0689,0.0,0.0609,0.8687,0.1364,0.5904,0.6529,0.3073,0.3779,0.2162,4.04,0.8331,0.5839,0.6722,0.0319,0.084,0.6522,0.292,0.0783
complement,High automation / high adaptation,29,JPN,Japan,0.07,0.0,0.3826,0.88,0.7901,0.0,0.0,0.1125,1.0,1.0,0.2343,1.0,0.18,0.7541,0.262,0.2767,0.362,1.0,0.0056,0.4906,0.3132,0.687,0.583,0.4144,0.6156,0.8565,0.195,insurgency,5,0.5424,0.4607,0.634,0.4159,0.6367,0.0,0.0,0.0,0.0,0.0,none,0.0523,0.0597,0.0,0.0598,0.888,0.1736,0.4511,0.7138,0.2209,0.78,0.2099,3.09,1.0,0.4864,0.7845,0.0273,0.0871,0.6072,0.1265,0.0554
complement,High automation / high adaptation,29,IND,India,0.19,0.4355,0.65,0.63,0.5938,0.0,0.0,0.0134,1.0,1.0,0.1075,1.0,0.42,0.4868,0.0054,0.1925,0.3049,1.0,0.1284,0.4779,0.0,0.6973,0.6557,0.3489,0.7662,0.8415,0.16,riot,4,0.5602,0.453,0.66,0.4796,0.6804,0.0,0.0,0.0,0.0,0.0,none,0.0356,0.0403,0.0,0.0527,0.9241,0.0044,0.4777,0.6423,0.2513,0.3226,0.4062,2.69,0.9398,0.493,0.6975,0.0185,0.0595,0.6074,0.2865,0.0424
complement,High automation / high adaptation,29,SAU,Saudi Arabia,0.03,0.96,0.28,0.58,0.5654,0.0,0.0,0.2911,1.0,1.0,0.18,1.0,0.43,0.4242,0.0,0.1963,0.322,1.0,0.0019,0.5154,0.3327,0.6846,0.6172,0.2481,0.6393,0.8488,0.16,riot,4,0.5426,0.4172,0.6095,0.4083,0.6438,0.0,0.0,0.0,0.0,0.0,none,0.0409,0.0416,0.0,0.04,0.9175,0.0,0.5068,0.6666,0.2602,0.5027,0.4346,2.6,0.9793,0.5303,0.5666,0.0198,0.0552,0.5997,0.2016,0.0514
complement,High automation / high adaptation,29,RUS,Russia,0.04,0.828,0.717,0.52,0.3503,0.0063,0.0032,0.0,1.0,1.0,1.0,1.0,0.26,0.0361,0.1396,0.537,0.3244,1.0,0.2201,0.5646,0.0,0.7114,0.8074,0.237,0.9485,0.9369,0.23,civil_conflict,6,0.6099,0.4916,0.7232,0.5497,0.7943,0.7294,0.4416,0.5407,0.5257,0.0382,proxy,0.022,0.021,0.0,0.043,0.9571,0.0816,0.422,0.7687,0.1956,0.4804,0.6497,0.36,1.0,0.5996,0.5743,0.0103,0.0696,0.6899,0.0,0.0343
complement,High automation / high adaptation,29,BRA,Brazil,0.05,0.6762,0.7911,0.54,0.4925,0.0,0.0,0.0,1.0,1.0,0.08,1.0,0.47,0.2533,0.0712,0.2364,0.3062,1.0,0.1427,0.3032,0.0,0.7094,0.6977,0.3209,0.7874,0.8435,0.23,civil_conflict,6,0.5915,0.5073,0.6967,0.4868,0.7414,0.0,0.0,0.0,0.0,0.0,none,0.0263,0.0278,0.0,0.043,0.9459,0.0421,0.456,0.6529,0.2374,0.2373,0.5075,1.75,1.0,0.3153,0.8491,0.0131,0.0637,0.4866,0.0,0.0282
complement,High automation / high adaptation,30,USA,United States,0.18,0.6946,0.8456,0.97,0.6047,0.0,0.0,0.0278,1.0,1.0,0.1706,1.0,0.22,0.5363,0.077,0.2949,0.3487,1.0,0.157,0.545,0.2683,0.6988,0.6274,0.4669,0.6605,0.8525,0.23,civil_conflict,6,0.5504,0.4881,0.6462,0.445,0.6921,0.5101,0.3822,0.5722,0.2336,0.0085,proxy,0.0373,0.0427,0.0,0.0677,0.92,0.0458,0.5617,0.6388,0.2966,0.2454,0.3953,3.12,0.924,0.5715,0.7479,0.0195,0.0714,0.7166,0.0,0.0486
complement,High automation / high adaptation,30,CHN,China,0.18,0.6386,0.7,0.78,0.5463,0.0081,0.0,0.0374,1.0,1.0,0.6965,1.0,0.3,0.2633,0.1743,0.4947,0.3487,1.0,0.1085,0.6565,0.0519,0.6978,0.693,0.3435,0.8244,0.8979,0.225,insurgency,5,0.5643,0.4448,0.6695,0.5108,0.6931,0.6048,0.5861,0.7939,0.3997,0.163,limited_war,0.0387,0.0401,0.0,0.0628,0.9212,0.0835,0.5191,0.7117,0.2548,0.2446,0.4537,1.99,1.0,0.6765,0.5649,0.019,0.0762,0.7346,0.3296,0.0535
complement,High automation / high adaptation,30,EU,European Union,0.16,0.169,0.8,0.84,0.7868,0.0,0.0,0.3591,1.0,1.0,0.2001,1.0,0.23,0.8134,0.2503,0.2785,0.3553,1.0,0.0,0.5958,0.3233,0.6846,0.5291,0.4104,0.5744,0.8481,0.155,mass_protest,3,0.5189,0.3962,0.5993,0.4039,0.5483,0.0,0.0,0.0,0.0,0.0,none,0.0619,0.0688,0.0,0.0607,0.8693,0.1551,0.5748,0.6639,0.2959,0.4122,0.2132,3.91,0.8638,0.5833,0.6752,0.0318,0.0871,0.6549,0.2169,0.077
complement,High automation / high adaptation,30,JPN,Japan,0.07,0.0,0.3509,0.88,0.7916,0.0,0.0,0.0492,1.0,1.0,0.2343,1.0,0.18,0.7587,0.3221,0.3087,0.3679,1.0,0.0087,0.4808,0.2761,0.6897,0.5967,0.415,0.6356,0.8565,0.26,civil_conflict,6,0.5481,0.4663,0.6425,0.4284,0.643,0.0,0.0,0.0,0.0,0.0,none,0.0504,0.0582,0.0,0.0598,0.8913,0.1983,0.435,0.7276,0.2101,0.78,0.2084,2.89,1.0,0.4781,0.7934,0.0265,0.0908,0.6081,0.1362,0.0525
complement,High automation / high adaptation,30,IND,India,0.19,0.4355,0.65,0.63,0.5982,0.0,0.0,0.0,1.0,1.0,0.1075,1.0,0.42,0.471,0.0044,0.1941,0.3063,1.0,0.1362,0.4698,0.0,0.6982,0.6609,0.3503,0.7698,0.8415,0.16,riot,4,0.5625,0.4555,0.6631,0.4807,0.6834,0.0,0.0,0.0,0.0,0.0,none,0.0342,0.039,0.0,0.0527,0.9269,0.0036,0.4714,0.6439,0.2476,0.3354,0.4018,2.66,0.9428,0.4861,0.7058,0.0179,0.0594,0.6053,0.2879,0.041
complement,High automation / high adaptation,30,SAU,Saudi Arabia,0.03,0.9474,0.28,0.58,0.57,0.0,0.0,0.2424,1.0,1.0,0.18,1.0,0.43,0.4068,0.014,0.1986,0.3233,1.0,0.0033,0.5073,0.3012,0.6849,0.6269,0.2484,0.6562,0.8488,0.225,insurgency,5,0.5457,0.4204,0.6154,0.4158,0.6498,0.0,0.0,0.0,0.0,0.0,none,0.0395,0.0403,0.0,0.04,0.9202,0.0,0.4916,0.6777,0.2496,0.5224,0.43,2.47,1.0,0.5234,0.5737,0.0192,0.0552,0.5978,0.2096,0.0493
complement,High automation / high adaptation,30,RUS,Russia,0.04,0.8133,0.7056,0.52,0.3517,0.0064,0.0032,0.0,1.0,1.0,1.0,1.0,0.26,0.019,0.1575,0.5691,0.3286,1.0,0.2345,0.5544,0.0,0.713,0.8155,0.2396,0.9548,0.9355,0.23,civil_conflict,6,0.6135,0.4959,0.7277,0.5513,0.7974,0.7364,0.4436,0.5426,0.5285,0.0392,proxy,0.0208,0.0195,0.0,0.0429,0.9597,0.0965,0.409,0.7736,0.1887,0.5045,0.6483,0.25,1.0,0.5903,0.5847,0.0096,0.072,0.6894,0.0,0.0328
complement,High automation / high adaptation,30,BRA,Brazil,0.05,0.6615,0.7796,0.54,0.4953,0.0,0.0,0.0,1.0,1.0,0.08,1.0,0.47,0.2354,0.0748,0.2473,0.3093,1.0,0.1541,0.2917,0.0,0.7112,0.7054,0.3229,0.7926,0.8435,0.23,civil_conflict,6,0.595,0.5112,0.7012,0.4889,0.7455,0.0,0.0,0.0,0.0,0.0,none,0.0257,0.0265,0.0,0.0429,0.9478,0.0449,0.4442,0.655,0.2307,0.2505,0.5047,1.67,1.0,0.3055,0.8609,0.0126,0.0642,0.4843,0.0,0.0269
