step	country_code	country_name	country_name_en	region	risk_stage	stance	foreign_action	domestic_message	private_constraint	geopolitical_risk	energy_price_pressure	labor_market_uncertainty	compute_supply_constraint	fiscal_pressure	supply_chain_fragility	sns_anxiety_amplification	japan_policy_buffer	japan_impact_summary
1	USA	アメリカ	United States	北米	圧力上昇	同盟負担増とAI優位維持	日へ防衛・対中・AI規制協調を要求	抑止強化と物価対策を同時遂行	中東再燃と選挙で継続性が揺れる	68.0	57.0	54.0	46.0	60.0	52.0	56.0	49.0	安全保障と物価不安が重なり将来設計が慎重化
1	CHN	中国	China	東アジア	境界的圧力	台湾と成長の同時管理	対日経済圧力と周辺海空の示威を継続	外圧下でも雇用と成長を守ると強調	輸出不振と若年雇用で強硬一辺倒不可	72.0	43.0	61.0	58.0	36.0	67.0	63.0	46.0	安保緊張と雇用不安が重なり将来像が曇る
1	JPN	日本	Japan	東アジア	圧力上昇	同盟軸で需給不安を緩和	米国と共同備蓄調整、LNG調達を多元化	停戦でも原油不安は残る、負担軽減を優先	補助金依存と財政規律の両立が難しい	45.0	63.0	44.0	24.0	61.0	46.0	52.0	55.0	物価不安が将来設計を圧迫、支援の継続性が鍵
1	TWN	台湾	Taiwan	東アジア	境界的圧力	半導体死守と抑止強化	米日と共同演習・供給網冗長化を推進	危機管理を強化し経済の連続性を守る	海上封鎖懸念と電力コストが重荷	74.0	61.0	52.0	47.0	56.0	66.0	58.0	54.0	台湾海峡不安と物価観測で将来設計が慎重化
1	KOR	韓国	South Korea	東アジア	圧力上昇	同盟維持と半導体防衛	対米協調で対北抑止、素材規制を調整	安全と雇用を守るため産業・軍備を同時に強化	若者雇用と対北対応で財政が細る	57.0	52.0	54.0	40.0	56.0	58.0	51.0	50.0	近隣緊張と半導体競争が不安を増やし、進路が慎重化
1	PRK	北朝鮮	North Korea	東アジア	間接衝突	抑止誇示で体制統制	短距離発射と暗号資金窃取を継続	敵対包囲に備え結束と動員を要請	経済逼迫と不満抑えが最優先	74.0	18.0	41.0	36.0	22.0	33.0	69.0	52.0	安全不安が周期増幅し将来設計が短期化
1	RUS	ロシア	Russia	ユーラシア	間接衝突	戦時経済を維持し外圧に対抗	資源輸出を武器化し制裁回避を拡大	包囲に耐え勝ち抜くため動員継続	戦費と動員疲弊で統治コスト増	74.0	67.0	58.0	62.0	54.0	61.0	57.0	46.0	資源高と安保不安が将来設計を曇らせる
1	UKR	ウクライナ	Ukraine	欧州	限定戦争	支援確保と戦線維持	欧米支援継続要請と弾薬・防空優先調達	長期戦に備え生活防衛と動員を両立	支援疲れと財政逼迫で継戦余力が細る	63.0	41.0	54.0	37.0	60.0	46.0	52.0	56.0	遠い戦争の長期化が将来不安を底上げ、堅調なら影響は中程度
1	IRN	イラン	Iran	中東	境界的圧力	停戦維持で体制守る	抑止を誇示し制裁回避の対話も探る	停戦は維持、生活防衛を優先する	強硬派と財政難で譲歩余地が狭い	66.0	72.0	54.0	49.0	63.0	58.0	61.0	45.0	原油高と不安定報道で将来像が曇り、挑戦回避が増える
1	ISR	イスラエル	Israel	中東	間接衝突	抑止維持と技術防衛	米国と連携し抑止・対サイバー強化	停戦下でも警戒継続、生活支援は維持	戦費・治安費が重く内政分断も残る	66.0	58.0	46.0	44.0	61.0	54.0	57.0	49.0	中東不安で将来不安が増すが直接影響は限定的
1	SAU	サウジアラビア	Saudi Arabia	中東	圧力上昇	価格安定と体制安定を優先	産油調整で急騰抑制、米国と対話継続	市場安定で歳入確保、改革投資は守る	安全保障費と改革投資が競合しやすい	38.0	63.0	41.0	24.0	44.0	36.0	40.0	56.0	光熱費不安が継続。将来設計は慎重化するが急落は限定
1	EU	欧州連合	European Union	欧州	圧力上昇	規制と支援で安定確保	米国と協調し制裁と停戦監視、調達先分散	安全保障と物価対策を両立し雇用を守る	合意形成が遅く、景気と支援の両立が難しい	54.0	52.0	46.0	38.0	50.0	49.0	47.0	56.0	物価と雇用の不透明感が残り、将来設計が慎重化する
2	USA	アメリカ	United States	北米	圧力上昇	同盟動員でAI優位を固守	日へ対中抑止分担と計算資源枠組み要求	AI競争で雇用と安全を守る投資を拡大	分断と物価で追加負担に限界、停戦再燃も懸念	72.0	60.0	62.0	58.0	63.0	56.0	61.0	44.0	就職観が揺れ、安定志向が強まり挑戦意欲が鈍る
2	CHN	中国	China	東アジア	境界的圧力	AI覇権と雇用不安の抑制	対日輸出管理示唆と台湾周辺示威を調整	AI投資と雇用維持で外圧に対抗	景気減速で強硬策は長期維持困難	75.0	46.0	69.0	66.0	38.0	72.0	70.0	41.0	計算資源と雇用不安が直撃し将来設計が短期化
2	JPN	日本	Japan	東アジア	圧力上昇	人材・産業防衛で不安を抑制	同盟国とAI供給網協調、計算資源確保	雇用転換と賃上げ支援で将来不安を減らす	財政制約で支援は薄く、格差不満が残る	50.0	60.0	58.0	38.0	66.0	52.0	63.0	49.0	仕事の先行き不安が増幅、学び直しが希望の鍵
2	TWN	台湾	Taiwan	東アジア	境界的圧力	半導体優先で同盟協調	米日EUへ供給枠確保と規制整合を要請	技術競争下でも雇用と供給を守る	電力・人材・資金がボトルネック	76.0	63.0	58.0	62.0	60.0	70.0	66.0	51.0	計算資源不足と雇用観測で将来設計が保守化
2	KOR	韓国	South Korea	東アジア	圧力上昇	同盟軸で技術確保優先	対米で対中規制整合と投資誘致	AI競争で雇用転換を急ぎ国益守る	計算資源と人材が不足、財政も硬直	60.0	54.0	58.0	52.0	60.0	56.0	57.0	47.0	計算資源争奪と雇用不安が増え、挑戦より安定志向へ
2	PRK	北朝鮮	North Korea	東アジア	間接衝突	示威と外貨確保を優先	発射示威とサイバー窃取で資金確保	包囲に備え動員と規律を徹底	外貨不足と統制維持が最優先	78.0	20.0	46.0	40.0	24.0	36.0	74.0	49.0	ミサイル不安とAI雇用不安が重なり将来像が縮む
2	RUS	ロシア	Russia	ユーラシア	間接衝突	制裁下で戦時と技術自立	資源輸出維持と友好国へAI協力拡大	外圧下でも雇用と防衛を優先	戦費と制裁で投資余力が細る	76.0	69.0	62.0	66.0	56.0	63.0	61.0	44.0	AI競争と資源不安で将来像が揺れ、慎重志向が強まる
2	UKR	ウクライナ	Ukraine	欧州	限定戦争	支援維持と体制持久	欧米へ防空・弾薬とAI制裁例外を要請	戦時統制を維持し生活支援を優先する	支援疲れと人員不足、財政が限界に近い	64.0	43.0	57.0	41.0	62.0	47.0	55.0	54.0	AI競争で雇用不安が増幅、遠因の戦争長期化も重なり悲観寄り
2	IRN	イラン	Iran	中東	境界的圧力	停戦維持で主権固守	抑止を示しつつ制裁緩和の経路探る	外圧下でも安定と生活を守る	強硬派圧力と財政難で譲歩困難	69.0	75.0	58.0	56.0	66.0	60.0	67.0	43.0	資源高とAI競争不安が重なり将来像が縮む
2	ISR	イスラエル	Israel	中東	間接衝突	抑止と計算資源確保	米欧とAI協力枠組み強化、輸出管理厳格化	技術優位で安全確保、産業支援も継続	戦費と分断で改革余力が削られる	64.0	56.0	52.0	49.0	60.0	53.0	60.0	47.0	AI雇用不安と中東緊張が重なり将来像が曇る
2	SAU	サウジアラビア	Saudi Arabia	中東	圧力上昇	価格管理と対外均衡	産油を小幅調整し急騰抑制、対米協議継続	歳入確保と改革投資を守り雇用不安に備える	安全保障費とAI投資が競合、対米依存も残る	40.0	61.0	46.0	28.0	42.0	37.0	43.0	55.0	光熱費の不安が続き節約志向強化。AI雇用不安は間接的に増す
2	EU	欧州連合	European Union	欧州	圧力上昇	規制競争で産業防衛	AI規制整備と資金動員、同盟で調達確保	競争力と雇用を守り安全も確保する	加盟国利害が割れ、意思決定が遅い	56.0	53.0	51.0	46.0	54.0	52.0	52.0	52.0	AI職不安と物価警戒が続き、挑戦より安定志向が強まる
3	USA	アメリカ	United States	北米	境界的圧力	対中抑止と半導体確保を優先	日へ対中抑止分担増と半導体・計算資源の共同確保要求	供給網防衛で雇用と物価を守り抑止を強化	選挙・物価で負担増に限界、停戦再燃も警戒	78.0	62.0	66.0	71.0	68.0	74.0	70.0	39.0	半導体不安で将来設計が保守化、安定職志向とSNS不安が強まる
3	CHN	中国	China	東アジア	境界的圧力	台湾圧力と輸出管理を併用	台湾周辺示威を強めつつ対日供給を選別	外圧に屈せず安全と雇用を守る	景気鈍化で強硬維持はコスト高	82.0	48.0	73.0	74.0	40.0	78.0	76.0	38.0	供給不安と戦争連想で将来計画が短期化、挑戦回避が増える
3	JPN	日本	Japan	東アジア	境界的圧力	同盟連携で供給不安を抑制	米台欧と半導体・部材の代替調達枠を拡大	供給不安に備え、産業と雇用を守る	在庫積み増しと補助で財政負担が増える	68.0	57.0	62.0	55.0	72.0	74.0	78.0	44.0	供給不安が就活と賃上げ期待を冷やし、将来像が曇る
3	TWN	台湾	Taiwan	東アジア	境界的圧力	供給維持で抑止協調	米日EUと供給枠・輸送保険を前倒し協議	平常運用を維持し投資と雇用を守る	電力増強と人材流出が継続リスク	80.0	66.0	60.0	68.0	62.0	74.0	70.0	48.0	供給不安が就活・進路を慎重化、海外志向と不安が同居
3	KOR	韓国	South Korea	東アジア	境界的圧力	同盟整合で供給網防衛	対米整合で輸出管理強化、対日協力拡大	危機管理で産業と雇用を守る	対中依存と国内雇用不満が同時に重い	68.0	57.0	62.0	60.0	63.0	71.0	66.0	44.0	半導体不安で将来設計が短期化、安定志向が強まる
3	PRK	北朝鮮	North Korea	東アジア	間接衝突	示威で抑止と外貨確保	短距離発射示威とサイバー資金獲得	外部脅威に備え規律と動員を強化	外貨難と統制不安で挑発が止めにくい	82.0	22.0	50.0	42.0	26.0	39.0	78.0	47.0	半導体不安にミサイル不安が重なり将来像が萎む
3	RUS	ロシア	Russia	ユーラシア	間接衝突	資源収入確保と対外牽制	資源輸出を武器化し対中協調で制裁回避	外圧下でも雇用と安全を守る	戦費と制裁で技術投資が詰まる	78.0	73.0	64.0	67.0	58.0	66.0	63.0	43.0	半導体不安と資源高で将来像が霞み、慎重志向が強まる
3	UKR	ウクライナ	Ukraine	欧州	限定戦争	支援確保と長期持久	欧米へ防空・弾薬と資金継続を要請	戦時統制を維持し生活支援を優先する	人員不足と支援疲れ、財政余力が薄い	66.0	45.0	58.0	48.0	64.0	55.0	59.0	52.0	半導体不安と戦争長期化が重なり将来不安が増幅、慎重化
3	IRN	イラン	Iran	中東	境界的圧力	制裁下で影響力と停戦維持	対米は停戦枠組み維持、対中露で取引深耕	外圧は続くが主権と生活を守る	強硬派と財政難で譲歩幅が狭い	71.0	77.0	59.0	58.0	67.0	62.0	69.0	41.0	半導体不安に原油高観測が重なり、将来設計が守りに寄る
3	ISR	イスラエル	Israel	中東	間接衝突	技術確保と抑止を優先	米欧と半導体・AI供給枠を優先配分	脅威下でも成長投資と防衛を両立	戦費と分断で産業支援が先細る	66.0	57.0	54.0	56.0	62.0	58.0	63.0	45.0	半導体不安で就職観が硬化し、将来不信が増幅
3	SAU	サウジアラビア	Saudi Arabia	中東	圧力上昇	市場安定と対外均衡	アジア向け供給維持、OPEC+で急変回避	価格安定で歳入と改革投資を守る	対米安保と投資資金の両立が難しい	42.0	58.0	47.0	30.0	44.0	45.0	49.0	53.0	半導体不安で将来像が曇り、生活コスト懸念が重なる
3	EU	欧州連合	European Union	欧州	圧力上昇	供給網防衛で対中距離調整	対中依存を減らし半導体調達を多角化	危機耐性を高め雇用と安全を守る	加盟国分裂と景気悪化で実行が遅い	60.0	54.0	52.0	49.0	56.0	58.0	51.0	50.0	半導体不安で将来設計が慎重化、転職不安が増す
4	USA	アメリカ	United States	北米	境界的圧力	中東警戒で同盟負担増	日本へ備蓄放出協調と海上警備支援要求	原油高対策と抑止で家計と市場を守る	停戦再燃と選挙で追加負担は限定的	81.0	76.0	69.0	72.0	71.0	79.0	73.0	34.0	電気代・物価不安が進路選択を短期化、挑戦回避が増える
4	CHN	中国	China	東アジア	境界的圧力	台湾圧力は維持、経済は安定化	台湾周辺の示威継続、供給は選別緩和	外圧に備えつつ物価と雇用を守る	景気鈍化と原油高で強硬の持続が重い	84.0	57.0	75.0	73.0	42.0	79.0	78.0	36.0	電気代・物流不安が将来像を曇らせ、挑戦より防衛的選択が増える
4	JPN	日本	Japan	東アジア	境界的圧力	電気代対策で不安抑制	産油国と調達枠確保、海上護衛連携強化	価格高騰に備え支援と抑止を同時に進める	補助と備蓄で財政負担、賃上げ余力も圧迫	70.0	74.0	64.0	58.0	78.0	76.0	81.0	39.0	光熱費と物価が将来設計を圧迫。就活・結婚観が慎重化
4	TWN	台湾	Taiwan	東アジア	境界的圧力	エネ不安下でも供給と抑止	米日と燃料・物流保険を確保し海峡監視強化	価格高は一時的、雇用と供給は守り抜く	燃料・電力制約で稼働余力が細い	82.0	78.0	63.0	71.0	66.0	77.0	74.0	44.0	電気代と物流高で将来不安増、IT進路は様子見が増える
4	KOR	韓国	South Korea	東アジア	境界的圧力	同盟軸で供給網と物価抑制	対米協議でエネ調達分散、物流警戒強化	物価と安保を同時に守る危機対応	対中取引と輸出管理、雇用不満が衝突	70.0	74.0	66.0	62.0	65.0	76.0	71.0	41.0	電気代・物流不安が将来設計を短期化、慎重志向が強まる
4	PRK	北朝鮮	North Korea	東アジア	間接衝突	示威で抑止と取引余地確保	発射示威とサイバー外貨獲得を継続	制裁と脅威下で規律・動員を強化	外貨難と統制不安で挑発が止めにくい	84.0	34.0	52.0	43.0	30.0	44.0	81.0	45.0	電気代不安に安全保障不安が上乗せされ将来設計が縮む
4	RUS	ロシア	Russia	ユーラシア	間接衝突	資源高で制裁耐久を優先	迂回輸出拡大とOPEC+協調で高値維持	外圧下でも歳入確保し生活を守る	戦費と技術遮断で長期成長が痩せる	80.0	79.0	67.0	69.0	61.0	68.0	65.0	41.0	電気代不安が将来設計を圧迫し、挑戦より節約・安定志向が強まる
4	UKR	ウクライナ	Ukraine	欧州	限定戦争	支援維持へ交渉強化	欧米へ資金・防空と補給の継続を要請	戦局は厳しいが統制と生活支援を続ける	支援疲れと人員不足、財政余力が限界	68.0	57.0	60.0	50.0	66.0	60.0	62.0	50.0	原油不安と戦争長期化で将来像が霞み、節約と慎重化が進む
4	IRN	イラン	Iran	中東	境界的圧力	停戦維持と航路抑止誇示	代理勢力を抑制しつつ海上圧力を示す	外圧下でも主権と生活を守り抜く	強硬派統制と財政難で柔軟性が乏しい	74.0	85.0	63.0	60.0	70.0	66.0	73.0	38.0	原油高警戒で生活コスト不安が増幅し将来設計が萎縮
4	ISR	イスラエル	Israel	中東	間接衝突	抑止維持と供給確保	米欧と防衛・サイバー協力を強化	警戒を維持し生活・経済を守る	戦費と分断で財政余力が目減り	68.0	66.0	56.0	58.0	64.0	61.0	66.0	42.0	電気代・物価不安で将来設計が慎重化、SNS不安が増幅
4	SAU	サウジアラビア	Saudi Arabia	中東	境界的圧力	価格高騰回避と抑止重視	OPEC+で増産余地示唆、航路警戒強化	市場安定で歳入と雇用改革を守る	対米安保と地域均衡で選択肢が狭い	56.0	71.0	52.0	32.0	47.0	54.0	57.0	46.0	光熱費と物流不安が将来設計を鈍らせ、節約志向と悲観が広がる
4	EU	欧州連合	European Union	欧州	圧力上昇	価格警戒で対外協調	ホルムズ警戒で共同備蓄放出と調達分散	エネルギー高に備え家計と産業を守る	加盟国利害と選挙で迅速決定が難しい	63.0	67.0	55.0	50.0	60.0	57.0	56.0	46.0	電気代と物価の先行き不安で将来像が曇り、挑戦回避が増える
5	USA	アメリカ	United States	北米	境界的圧力	同盟結束で技術囲い込み	対日で半導体供給枠と防衛協力を条件化	対中抑止と雇用確保へ重要技術を守る	選挙・財政制約で負担転嫁が必要	84.0	72.0	74.0	81.0	75.0	86.0	78.0	30.0	供給不安と就活不透明で将来像が縮み、慎重化が進む
5	CHN	中国	China	東アジア	境界的圧力	技術主権優先で圧力維持	輸出管理対抗と台湾周辺示威、取引は選別	封じ込めに対抗し雇用と安定を守る	景気鈍化で強硬長期化の負担が増す	87.0	58.0	78.0	80.0	45.0	84.0	81.0	33.0	進路が不安定化し、挑戦より安定志向と焦りが増える
5	JPN	日本	Japan	東アジア	境界的圧力	経済安定を優先し分断対応	半導体調達の同盟枠確保と国内投資加速	分断下でも雇用と物価を守り成長へ繋ぐ	コスト増と財政制約で支援の選別が必要	68.0	61.0	66.0	72.0	82.0	84.0	86.0	33.0	分断で将来像が霞み、進路選択が保守化・海外志向も二極化
5	TWN	台湾	Taiwan	東アジア	境界的圧力	供給維持を軸に抑止を強化	米日欧と供給保証枠を拡大、海峡監視継続	分断下でも雇用と供給を守り、備えを強める	ブロック化で販路・調達が硬直、電力も制約	86.0	80.0	66.0	78.0	69.0	84.0	79.0	41.0	半導体不安が就職・進路不安を増幅、慎重化が進む
5	KOR	韓国	South Korea	東アジア	境界的圧力	同盟軸で半導体主権を防衛	対米で輸出管理整合、対中は選別継続	雇用と安保を守るため産業防衛を強化	対中依存と若者不満、政局が足枷	74.0	69.0	72.0	70.0	67.0	82.0	76.0	38.0	供給網不安と雇用懸念が増幅し、将来設計が保守化
5	PRK	北朝鮮	North Korea	東アジア	間接衝突	示威継続で交渉余地確保	発射準備示威とサイバー外貨獲得強化	包囲下の自力更生と規律を強調	技術遮断と外貨難で譲歩しにくい	86.0	36.0	56.0	52.0	33.0	49.0	84.0	43.0	安全保障不安と技術分断感が重なり進路選択が保守化
5	RUS	ロシア	Russia	ユーラシア	間接衝突	資源で制裁耐久を継続	友好国迂回と資源値決めで交渉圧力	外圧下でも歳入と治安を守る	半導体・AI遮断で軍需と成長が鈍る	82.0	81.0	69.0	74.0	63.0	71.0	68.0	39.0	物価と計算資源不安が重なり、挑戦より内向き安定が強まる
5	UKR	ウクライナ	Ukraine	欧州	限定戦争	支援確保と戦力維持を優先	欧米へ弾薬・防空・資金を再要請、調達網も分散	長期戦に備え動員と生活支援を両立する	支援疲れと財政限界、供給網分断で調達難	70.0	60.0	63.0	56.0	69.0	66.0	65.0	47.0	分断と長期戦の継続感で不安が強まり、挑戦より安全志向が増える
5	IRN	イラン	Iran	中東	境界的圧力	停戦維持し対外圧力を分散	制裁回避の貿易網拡張と航路抑止誇示	包囲に屈せず生活と主権を守る	強硬派と財政難で譲歩余地が小	78.0	88.0	66.0	63.0	72.0	69.0	77.0	36.0	原油高と分断報道で不安が増幅し、進路・家計計画が慎重化
5	ISR	イスラエル	Israel	中東	間接衝突	技術囲い込みに備える	米欧と輸出管理協調、代替供給網を優先確保	安全と経済の両立へ、技術・防衛投資を継続	戦費と政治対立で余力が細り持久戦に不安	70.0	64.0	58.0	66.0	68.0	67.0	63.0	40.0	半導体・AI分断で就職像が揺れ、挑戦より安定志向が強まる
5	SAU	サウジアラビア	Saudi Arabia	中東	境界的圧力	価格安定と対外均衡	OPEC+で供給調整、航路警戒と対話継続	市場安定で歳入確保、改革と治安を守る	対米安保と地域均衡で急な増産は難しい	60.0	69.0	53.0	38.0	49.0	61.0	60.0	43.0	生活コストと分断感が重なり、挑戦より安定志向が強まる
5	EU	欧州連合	European Union	欧州	境界的圧力	技術主権で対中依存を圧縮	輸出管理調整と域内投資、調達同盟化	雇用と安全を守るため供給網を強化	加盟国分裂と産業利害で規制が遅れる	66.0	59.0	56.0	58.0	61.0	64.0	57.0	45.0	半導体制約と物価不安が重なり、将来設計が短期化しがち
6	USA	アメリカ	United States	北米	境界的圧力	同盟負担増と技術統制	対日で防衛費・輸出管理遵守を要求	同盟結束で抑止と雇用を守る	選挙・財政で対外負担転嫁が必要	82.0	68.0	76.0	84.0	80.0	85.0	79.0	26.0	支援停滞観測と就活不透明が重なり、将来設計が縮む
6	CHN	中国	China	東アジア	境界的圧力	技術主権で揺さぶる	台湾周辺圧力と対日経済は選別運用	外圧下でも雇用と安定を最優先する	景気減速で強硬の持久戦コストが重い	88.0	60.0	80.0	82.0	52.0	86.0	84.0	28.0	生活不安と先行き不透明が増え、挑戦回避と焦りが強まる
6	JPN	日本	Japan	東アジア	境界的圧力	財政制約下で選別支援	同盟枠で調達確保し対中依存を低減	生活と防衛を両立、支援は重点化する	歳出増が限界、増税回避と物価対策が衝突	66.0	59.0	64.0	69.0	88.0	81.0	84.0	28.0	支援の選別で不公平感が増え、将来設計が慎重化し挑戦回避が広がる
6	TWN	台湾	Taiwan	東アジア	境界的圧力	供給優先で抑止と輸出管理	米日欧と供給枠を固定、重要品は優先配分	危機に備えつつ雇用と電力安定を守る	対中圧力と販路維持が両立しにくい	84.0	78.0	68.0	80.0	70.0	85.0	80.0	38.0	半導体と有事不安が進路選択を保守化、将来設計が短期化
6	KOR	韓国	South Korea	東アジア	境界的圧力	同盟軸で技術主権を維持	対米で輸出管理整合、対中は選別協力	安保と雇用を守るため産業防衛を強化	対中依存と政局、財政制約が重い	76.0	67.0	74.0	72.0	70.0	84.0	78.0	34.0	物価・雇用不安が増幅。支援の遅れ観測で将来像が縮む
6	PRK	北朝鮮	North Korea	東アジア	間接衝突	示威で抑止維持、交渉余地	発射関連示威とサイバー外貨獲得を継続	包囲下でも体制守ると結束を要請	外貨難と制裁で後退できない	88.0	37.0	58.0	54.0	36.0	50.0	86.0	39.0	安全保障不安と財政論争で、挑戦より安定志向が強まる
6	RUS	ロシア	Russia	ユーラシア	間接衝突	資源収入で消耗戦継続	資源輸出先分散と制裁迂回を拡大	外圧下でも安定と歳入を確保	技術遮断で軍需更新と成長が鈍化	84.0	83.0	71.0	76.0	67.0	73.0	70.0	36.0	物価と将来不安が増幅し、挑戦より守りが強まる
6	UKR	ウクライナ	Ukraine	欧州	限定戦争	支援固定化と戦力温存	欧州・米国へ長期支援枠と防空を再要請	戦時経済を維持し生活基盤を守る	支援疲れと財政限界、動員の摩耗	72.0	58.0	66.0	57.0	71.0	67.0	68.0	44.0	財政議論と長期戦が重なり、若者の将来像が縮む
6	IRN	イラン	Iran	中東	境界的圧力	停戦維持し制裁回避を優先	航路で抑止誇示し、制裁回避貿易を拡張	包囲に屈せず、生活と主権を守る	財政難と強硬派で譲歩が難しい	76.0	84.0	64.0	62.0	78.0	68.0	79.0	31.0	原油高と財政論争で将来設計が縮み、挑戦より節約が勝つ
6	ISR	イスラエル	Israel	中東	間接衝突	同盟維持と技術優位を死守	米欧と輸出管理強化、調達先を硬化	安全確保へ技術・防衛を優先し継続	戦費と政治分断で財政余力が縮む	72.0	66.0	61.0	69.0	71.0	70.0	66.0	36.0	財政不安で支援が見えず、若者は将来設計を縮め安定志向が増す
6	SAU	サウジアラビア	Saudi Arabia	中東	境界的圧力	価格と航路の安定優先	OPEC+調整、航路警戒強化と対話維持	歳入確保と治安維持で改革を継続する	対米安保と地域均衡で急な増産困難	62.0	73.0	55.0	39.0	54.0	63.0	62.0	40.0	生活費高止まりと将来不安が重なり慎重化が進む
6	EU	欧州連合	European Union	欧州	境界的圧力	技術主権と景気を優先	域内投資と輸出管理、調達同盟を強化	雇用と安全を守るため供給網を再設計	加盟国分裂で規制と支援が遅れがち	64.0	58.0	60.0	61.0	66.0	63.0	62.0	40.0	支援の優先順位争いが伝わり、将来設計が縮む
7	USA	アメリカ	United States	北米	境界的圧力	AI電力制約で同盟に負担要請	対日で防衛負担と対中統制の同調を迫る	電力網強化で成長と雇用を守る	電力・物価と選挙で外圧依存が増す	84.0	72.0	79.0	88.0	82.0	86.0	83.0	22.0	計算資源不安と就職観測悪化で、挑戦より保守へ傾く
7	CHN	中国	China	東アジア	境界的圧力	計算資源で選別圧力	対日輸出管理を選別強化し代替供給も提示	外圧下でも雇用安定と技術自立を守る	電力制約でAI投資の伸びが鈍り焦る	86.0	63.0	83.0	86.0	54.0	88.0	86.0	26.0	AI格差と雇用不安が強まり、挑戦回避と焦燥が拡大
7	JPN	日本	Japan	東アジア	境界的圧力	電力制約下でAI利用を配分	同盟と協調しLNG確保と送電増強を急ぐ	電力・物価を抑えつつAI投資は重点化する	電力網増強は遅く、補助金と負担増が限界	64.0	63.0	67.0	78.0	90.0	83.0	86.0	24.0	AI利用格差と生活費不安が重なり、進路選択が保守化する
7	TWN	台湾	Taiwan	東アジア	境界的圧力	電力確保で供給継続	米日と電力・燃料融通枠、供給優先配分	電力逼迫に備え料金抑制と雇用維持を優先	電力網制約で増産と軍民需要が衝突しやすい	86.0	82.0	70.0	84.0	73.0	87.0	83.0	36.0	計算資源不足と料金高で将来設計が縮むが、供給枠明確化で混乱は限定
7	KOR	韓国	South Korea	東アジア	境界的圧力	電力制約でAI産業防衛	対米で計算資源確保、対日へ部材優先交渉	電力と雇用を守るためAI投資を選別支援	電力網反発と物価、対中依存が同時に重い	74.0	71.0	77.0	78.0	73.0	86.0	80.0	32.0	AI格差と電力コストが可視化し、将来設計が慎重化
7	PRK	北朝鮮	North Korea	東アジア	間接衝突	示威継続で譲歩誘発	短距離発射示威と対外サイバー収益化	敵対環境を強調し総動員と忍耐を要請	外貨・食料難で引けず誤発リスクも増大	90.0	40.0	60.0	56.0	38.0	52.0	88.0	36.0	電力制約でAI格差不安が増す中、安保不安が上乗せされ将来像が縮む
7	RUS	ロシア	Russia	ユーラシア	間接衝突	資源カードで制裁耐久	エネルギー割引と迂回輸出を拡大	外圧下でも雇用と物価安定を優先	電力・半導体制約で軍需更新が遅れる	85.0	86.0	73.0	79.0	69.0	75.0	72.0	34.0	電力制約でAI格差懸念が増幅し、挑戦より安定志向が強まる
7	UKR	ウクライナ	Ukraine	欧州	限定戦争	支援維持と復興計画の前倒し	欧州へ防空・弾薬継続支援と復興枠要請	長期戦でも生活線と復興準備を守る	支援疲れと電力・財政制約で余力逼迫	74.0	62.0	69.0	61.0	74.0	68.0	71.0	41.0	AI投資の電力制約と戦争長期化で、将来設計の不確実性が増す
7	IRN	イラン	Iran	中東	境界的圧力	停戦維持と抑止誇示を両立	航路近傍で示威、制裁回避貿易を維持	外圧に屈せず生活防衛を続ける	財政難と強硬派で譲歩余地が小さい	78.0	87.0	66.0	68.0	80.0	70.0	82.0	28.0	電力制約でAI格差不安が増幅、原油高で将来設計が守りに寄る
7	ISR	イスラエル	Israel	中東	間接衝突	電力・計算資源を優先確保	同盟と電力・DC投資、輸出管理を維持	安全維持と物価対策で電力投資を前倒し	戦費と分断で増税余地が小さい	74.0	71.0	63.0	77.0	76.0	73.0	69.0	34.0	計算資源逼迫と電力高で不安増、若者は挑戦控え
7	SAU	サウジアラビア	Saudi Arabia	中東	境界的圧力	原油と電力で主導権確保	OPEC+微調整、電力・AI投資で提携拡大	歳入確保で改革と雇用を守る	増産は同盟配慮と需給読みに縛られる	60.0	70.0	56.0	45.0	55.0	61.0	64.0	38.0	電力制約でAI格差不安が増幅し、将来設計が慎重化
7	EU	欧州連合	European Union	欧州	境界的圧力	電力制約下で技術主権優先	電力・DC規制と補助金、域内調達を加速	電力網強化で成長と公正利用を両立	加盟国利害と住民反発で拡張が遅い	63.0	60.0	62.0	68.0	69.0	65.0	64.0	38.0	計算資源の奪い合いが伝わり、進路の安全感が下がる
8	USA	アメリカ	United States	北米	境界的圧力	AI覇権維持へ同盟動員	対日で輸出管理同調と防衛負担増を要請	雇用再配置に備え産業・訓練へ集中投資	電力・物価と選挙で対外強硬に寄る	82.0	70.0	86.0	90.0	83.0	85.0	84.0	20.0	初職不安が増幅。計算資源不安で挑戦回避が強まる
8	CHN	中国	China	東アジア	境界的圧力	計算資源で実利誘導	対日サプライ網を選別運用し交渉カード化	雇用安定と技術自立を同時に守る	雇用摩擦で統制強化が必要、譲歩しにくい	88.0	66.0	86.0	89.0	56.0	90.0	88.0	24.0	初職不安がAI供給不確実性と結び、将来像が縮む
8	JPN	日本	Japan	東アジア	境界的圧力	雇用再配置を急ぎ抑え込む	同盟と標準整合し半導体と電力確保	職業訓練と生活支援で移行不安を抑制	財政余力が薄く利害調整が遅い	66.0	62.0	74.0	79.0	92.0	85.0	88.0	22.0	初職不安が強まり挑戦回避が増えるが訓練次第で緩和
8	TWN	台湾	Taiwan	東アジア	境界的圧力	供給維持と雇用摩擦の抑制	米日と供給枠を再確認し人材訓練協力	産業転換期の雇用と物価を同時に守る	若年不安が政治化し防衛優先と衝突	84.0	78.0	76.0	82.0	75.0	86.0	87.0	34.0	初職不安と半導体懸念が重なり将来像が曇る
8	KOR	韓国	South Korea	東アジア	境界的圧力	半導体主導で雇用防衛	対米で計算枠確保、対日へ部材相互保証提案	雇用と安保のためAI産業を重点支援	電力・物価・対中依存で強硬策は限定	72.0	68.0	82.0	76.0	74.0	84.0	83.0	30.0	初職の不確実性が増し、海外志向と諦めが同時に強まる
8	PRK	北朝鮮	North Korea	東アジア	間接衝突	示威で交渉余地を探る	短距離発射の断続示威と対外サイバー継続	敵対環境を強調し結束と耐乏を要求	外貨・食料難で引けず誤算の余地	92.0	42.0	66.0	58.0	40.0	54.0	90.0	34.0	雇用再配置不安に安保警戒が重なり、挑戦より回避が強まる
8	RUS	ロシア	Russia	ユーラシア	間接衝突	資源迂回で戦時耐久を維持	迂回輸出維持と価格操作で制裁を相殺	外圧下でも雇用と物価を守り抜く	動員負担と部材不足で消耗が積み上がる	86.0	88.0	78.0	81.0	70.0	77.0	76.0	33.0	雇用再配置の不安に外部ショックが重なり、将来像が縮む
8	UKR	ウクライナ	Ukraine	欧州	限定戦争	支援維持で持久戦に耐える	欧米へ弾薬・防空継続と復興資金前倒し要請	戦況は厳しいが生活線と動員を維持する	支援疲れと財政・電力制約で余力が細る	76.0	64.0	72.0	63.0	78.0	70.0	74.0	39.0	戦争長期化とAI雇用摩擦が重なり、将来像が曇る
8	IRN	イラン	Iran	中東	境界的圧力	停戦維持しつつ強硬派抑え	航路の安全と制裁回避貿易を優先	外圧下でも生活防衛と抑止を両立	財政難と強硬派で妥協が狭い	76.0	85.0	71.0	69.0	81.0	72.0	84.0	26.0	原油高と雇用再配置不安が重なり、挑戦より防衛的な進路選択が増える
8	ISR	イスラエル	Israel	中東	間接衝突	技術優位と雇用耐久を両立	同盟協調で輸出管理継続、AI投資優先	安全と成長の両立へ再訓練を拡充	戦費と分断で配分が硬直、若者不満	76.0	69.0	70.0	79.0	78.0	74.0	73.0	32.0	AI雇用摩擦と計算資源逼迫が連動し、若者の将来不安が増幅
8	SAU	サウジアラビア	Saudi Arabia	中東	境界的圧力	価格安定で歳入と影響力維持	OPEC+は小幅調整、対日供給は維持	改革資金と雇用を守るため安定運用	急な増産は価格下落と同盟調整が痛い	58.0	66.0	61.0	44.0	56.0	60.0	67.0	36.0	物価と雇用不安が重なり、挑戦より安全志向が強まる
8	EU	欧州連合	European Union	欧州	境界的圧力	雇用摩擦抑制と技術主権	AI規制整備と職業訓練基金、域内投資促進	公正な移行で雇用と競争力を守る	加盟国利害と電力制約で実行が遅い	60.0	58.0	70.0	66.0	67.0	62.0	69.0	40.0	職の再配置不安が輸入され、挑戦より安定志向が強まる
9	USA	アメリカ	United States	北米	境界的圧力	同盟動員と技術囲い込み	対日で輸出管理同調と防衛・サプライ網協力を要求	雇用転換期に備え産業保護と再訓練を加速	選挙・物価で強硬寄り、同盟負担を求める	84.0	68.0	90.0	92.0	85.0	86.0	86.0	18.0	ロボ導入で職の見通しが曇り、計算資源不安が挑戦回避を強める
9	CHN	中国	China	東アジア	境界的圧力	雇用不安を抑え対外圧力維持	対日部材・装置の供給条件を選別し交渉化	ロボ導入で生産性を上げ雇用も守る	失業不安で統制強化、譲歩余地が狭い	90.0	67.0	89.0	91.0	57.0	92.0	90.0	22.0	ロボ導入格差と初職不安が重なり将来像が縮む
9	JPN	日本	Japan	東アジア	境界的圧力	雇用移行と財政統制を優先	同盟連携で計算資源・部材確保を交渉	再訓練と生活支援で移行不安を抑える	財政逼迫で給付拡大が続かない	64.0	60.0	80.0	82.0	94.0	83.0	90.0	18.0	ロボ導入で初職・中間職不安が増幅、挑戦回避が強まる
9	TWN	台湾	Taiwan	東アジア	境界的圧力	供給安定と人材転換を優先	日米と供給優先枠を更新し輸送防護強化	半導体と雇用を守り段階的に産業転換する	防衛負担と若者不安が政治対立を誘発	86.0	79.0	81.0	83.0	77.0	88.0	89.0	33.0	ロボ導入格差と有事懸念が重なり初職と将来像が不透明化
9	KOR	韓国	South Korea	東アジア	境界的圧力	自動化加速で雇用と同盟守る	対米で計算枠継続、対日へ部材・需給の相互保証	ロボ導入は不可逆。再訓練と雇用移行を支える	電力・物価・対中依存で対外強硬は抑制	74.0	70.0	88.0	78.0	77.0	86.0	85.0	28.0	初職の置換不安が強まり、技能投資圧と将来悲観が拡大
9	PRK	北朝鮮	North Korea	東アジア	間接衝突	示威継続で譲歩を引く	短距離発射の頻度調整と対外サイバー継続	外部脅威を強調し規律と耐乏を要請	外貨・食料難で引けず誤算リスク増	93.0	44.0	72.0	60.0	42.0	56.0	92.0	33.0	自動化不安に安保警戒が上乗せされ、挑戦より安定志向が強まる
9	RUS	ロシア	Russia	ユーラシア	間接衝突	資源収入確保と動員負担抑制	エネルギー輸出先を固め価格で主導権維持	制裁下でも産業近代化と雇用を守る	ロボ導入は部材・投資不足で格差拡大	85.0	87.0	80.0	82.0	71.0	78.0	77.0	32.0	自動化で職の将来像が揺れる所へ外部ショックが重なり不安が増幅
9	UKR	ウクライナ	Ukraine	欧州	限定戦争	支援確保で戦線を維持	欧米へ防空・弾薬と復興資金の前倒し要請	動員と生活線を両立し長期戦に備える	支援疲れと財政・電力制約で余力が細る	78.0	63.0	77.0	64.0	80.0	71.0	78.0	37.0	戦争長期化に加え汎用ロボで職不安増、将来像が曇る
9	IRN	イラン	Iran	中東	境界的圧力	停戦維持で対外圧力を調整	航路緊張は抑えつつ制裁回避取引	生活防衛を優先し抑止は維持	財政逼迫と強硬派で選択肢が狭い	74.0	83.0	74.0	70.0	82.0	73.0	86.0	24.0	原油高に加えロボ導入不安が重なり、若者は将来像が縮む
9	ISR	イスラエル	Israel	中東	間接衝突	抑止維持と技術優位を死守	同盟と輸出管理を維持し防衛AIを優先	雇用再編に備え再訓練と生活支援を拡充	戦費と社会分断で配分硬直、若年不満	78.0	66.0	74.0	81.0	80.0	76.0	75.0	30.0	ロボ導入格差とAI摩擦が重なり、将来設計の不安が増幅
9	SAU	サウジアラビア	Saudi Arabia	中東	境界的圧力	価格帯管理で体制と影響力維持	OPEC+は段階調整、対日供給枠は維持	歳入を守りつつ雇用と改革投資を継続	増産は価格下落、抑制は再燃リスクで難しい	55.0	62.0	63.0	44.0	54.0	57.0	69.0	37.0	物価不安に加えロボ化で将来像が揺れ、安全志向が強まる
9	EU	欧州連合	European Union	欧州	境界的圧力	移行管理と競争力維持	ロボ導入指針・再訓練基金拡充、域内調達強化	雇用移行を守りつつ成長投資を継続する	加盟国の財政差と電力・賃金摩擦で足並み難	58.0	56.0	76.0	64.0	70.0	63.0	72.0	38.0	身体労働の再編不安が波及し、早期安定志向が強まる
10	USA	アメリカ	United States	北米	境界的圧力	同盟負担と技術囲い込み	対日で防衛費増・輸出管理同調を再要求	生活費対策と覇権競争を同時に進める	選挙・物価で強硬化、対外成果が要る	86.0	71.0	88.0	93.0	82.0	84.0	87.0	16.0	物価不安と職不安が重なり、挑戦より回避が強まる
10	CHN	中国	China	東アジア	境界的圧力	内需下支えつつ対外圧力	対日重要部材を許認可で調整し交渉化	物価と雇用を守り外圧に屈しない	若年失業と統制負担で強硬に寄る	89.0	71.0	86.0	93.0	61.0	91.0	89.0	19.0	物価と半導体不安が重なり初職・転職が慎重化
10	JPN	日本	Japan	東アジア	境界的圧力	生活費対策を優先し統制強化	LNG長期契約と備蓄放出で価格圧力を緩和	物価高は続くが支援は重点化し持続させる	財政余力が乏しく広範給付は困難	60.0	66.0	78.0	80.0	96.0	81.0	92.0	16.0	生活防衛で将来投資が先送りされ、進路選択が保守化
10	TWN	台湾	Taiwan	東アジア	境界的圧力	供給防護と生活不満の抑制	日米と輸送・工場防護を協議し備蓄拡充	生活費対策を優先しつつ安全保障も強化	生活費不満が政治分断を促し動員に制約	88.0	82.0	83.0	86.0	80.0	90.0	91.0	31.0	生活費不安と有事観測が重なり、挑戦より防衛的選択が増える
10	KOR	韓国	South Korea	東アジア	圧力上昇	生活費抑制と同盟維持	対米で計算枠と防衛協力維持、対日へ需給協調	物価対策を優先しつつ安保の穴は作らない	電力高と対中依存で強硬策は取りにくい	69.0	76.0	84.0	74.0	81.0	82.0	83.0	26.0	生活費と初職不安が同時に刺さり、将来設計が短期化する
10	PRK	北朝鮮	North Korea	東アジア	間接衝突	示威で外圧と譲歩を誘う	発射示威とサイバーで資金獲得を強化	外敵脅威と耐乏を強調し結束を要請	外貨・食料逼迫で後退困難、誤算怖い	95.0	46.0	74.0	62.0	44.0	58.0	93.0	31.0	生活費不安に安保不安が重なり将来像が縮む
10	RUS	ロシア	Russia	ユーラシア	間接衝突	資源で制裁耐性を固める	輸出割引と海上迂回で資源収入を確保	生活費圧力下でも雇用と防衛を守る	動員・制裁で投資不足、技術更新が遅い	86.0	90.0	82.0	84.0	73.0	80.0	79.0	30.0	生活費不安に資源ショックが重なり、将来設計が短期化する
10	UKR	ウクライナ	Ukraine	欧州	限定戦争	支援を繋ぎ戦線維持	欧州・日米へ防空/弾薬と財政支援要請	生活費対策を併走し持久戦に備える	支援疲れと動員負担で統治が摩耗	79.0	66.0	78.0	66.0	82.0	72.0	79.0	36.0	物価不安と戦争長期化が重なり将来設計が縮む
10	IRN	イラン	Iran	中東	境界的圧力	停戦維持で圧力を調整	航路への示威と裏交渉で制裁回避	生活防衛を優先し抑止は堅持	物価不満と強硬派で譲歩が難しい	72.0	85.0	76.0	71.0	83.0	74.0	87.0	22.0	生活費高止まりが直撃し、若者は将来設計を縮めがち
10	ISR	イスラエル	Israel	中東	間接衝突	抑止維持と内政安定を優先	停戦監視を強化し防衛AI輸出を厳格化	生活費対策を継続し安全保障も緩めない	戦費と物価で財政硬直、若年不満が残る	76.0	67.0	72.0	82.0	81.0	75.0	77.0	29.0	生活費不安に地政学・供給網不安が重なり将来設計が縮む
10	SAU	サウジアラビア	Saudi Arabia	中東	境界的圧力	価格帯管理で影響力維持	OPEC+は小幅調整、対日供給は維持	歳入確保で雇用と改革投資を継続	増産は下落、抑制は再燃で難しい	58.0	66.0	64.0	45.0	56.0	58.0	71.0	35.0	生活費の重さが将来不安を増幅、慎重志向が強まる
10	EU	欧州連合	European Union	欧州	境界的圧力	生活費対策と競争力死守	対露制裁維持、ガス・電力の長期調達を拡大	物価対策を優先しつつウクライナ支援は継続	加盟国の財政差で給付設計が割れやすい	60.0	62.0	74.0	63.0	76.0	65.0	73.0	36.0	物価不安が再燃し、安定志向と海外志向が同時に強まる
11	USA	アメリカ	United States	北米	圧力上昇	同盟強化と技術囲い込み	対日で防衛負担増と輸出管理同調を継続要求	抑止と供給網を守り雇用も確保する	選挙・物価で成果必須、同盟に負担転嫁	72.0	66.0	80.0	88.0	79.0	78.0	82.0	20.0	衝突不安はやや減るが職と計算資源不安が残り将来像が縮む
11	CHN	中国	China	東アジア	境界的圧力	沈静化を活かし圧力は維持	演習は抑制しつつ輸出許認可で対日牽制	外部環境は厳しいが雇用と秩序を守る	若年失業と統制負担で譲歩しにくい	82.0	66.0	83.0	91.0	59.0	88.0	84.0	22.0	衝突不安はやや低下も、半導体停滞で将来設計が硬直化
11	JPN	日本	Japan	東アジア	圧力上昇	緊張緩和を活かし内政優先	同盟協議と供給網多角化を継続	緊張は一服、物価と雇用を守る	財政・防衛・若者支援の配分が限界	52.0	60.0	70.0	74.0	92.0	76.0	86.0	20.0	衝突不安は少し後退も、将来投資の停滞で閉塞感は残る
11	TWN	台湾	Taiwan	東アジア	圧力上昇	沈静化を活用し備え継続	演習沈静化を発信し日米と供給護衛協議	緊張は緩むが備えと物価対策は継続	政治分断と動員負担で強硬化に限界	74.0	76.0	72.0	78.0	77.0	84.0	82.0	36.0	急な有事恐怖は薄れるが供給不安が残り慎重志向が続く
11	KOR	韓国	South Korea	東アジア	圧力上昇	供給網安定と同盟維持	対米で安保協調、対日へ半導体需給協調	安保は強化、物価と雇用も同時に守る	対中市場と電力コストで強硬策は限定	60.0	68.0	78.0	66.0	76.0	72.0	75.0	30.0	地政学は緩むが雇用・物価不安が残り将来像が縮む
11	PRK	北朝鮮	North Korea	東アジア	境界的圧力	示威を抑えつつ譲歩探る	短距離発射と対話示唆で制裁緩和を誘う	外圧は継続、体制防衛と耐乏を強調	外貨・食料逼迫、挑発低下は弱腰に見える	88.0	40.0	68.0	60.0	42.0	54.0	86.0	34.0	安保不安は残り、就職・生活の見通しが萎むが急落はしない
11	RUS	ロシア	Russia	ユーラシア	間接衝突	資源収入を死守し長期戦に備える	資源輸出を迂回継続し制裁の抜け道を拡張	対外圧力に屈せず雇用と物価対策を進める	戦費と動員で消耗、技術更新と投資が細る	82.0	86.0	78.0	82.0	72.0	77.0	76.0	32.0	物価と雇用不安が続き、挑戦より安全志向が強まる
11	UKR	ウクライナ	Ukraine	欧州	限定戦争	支援維持と復興準備を両立	欧州・日本へ防空/弾薬と復興資金を要請	戦線を維持しつつ生活支援を継続する	支援疲れと動員負担で統治余力が細る	78.0	64.0	77.0	62.0	83.0	70.0	78.0	35.0	戦争長期化の物価不安が残り、挑戦より安全志向が強まる
11	IRN	イラン	Iran	中東	圧力上昇	停戦維持で強硬派を管理	航路示威を抑えつつ裏交渉で制裁回避	抑止は維持、生活負担の緩和を優先	物価不満と強硬派で譲歩幅が狭い	66.0	79.0	72.0	68.0	81.0	70.0	82.0	26.0	物価高と不安が残り、若者は挑戦より防衛志向に寄る
11	ISR	イスラエル	Israel	中東	境界的圧力	抑止優先で技術管理強化	停戦枠組みを維持し輸出審査を拡大	安全確保と物価対策を同時に進める	戦費と連立維持で譲歩幅が小さい	71.0	61.0	69.0	79.0	78.0	72.0	74.0	32.0	中東不安は残り、AI職不安と物価で将来像が曇る
11	SAU	サウジアラビア	Saudi Arabia	中東	圧力上昇	価格安定で歳入と影響力維持	OPEC+は据置寄り、対日供給は優先維持	安定財政で雇用と改革投資を守る	増産は価格下落、抑制は再燃で板挟み	52.0	60.0	58.0	44.0	54.0	55.0	66.0	38.0	物価不安は続くが急悪化は鈍化、将来設計は慎重寄り
11	EU	欧州連合	European Union	欧州	圧力上昇	規制と競争力の同時維持	対露制裁を維持しつつ供給網協調を強化	生活費を抑えつつ安全保障責務を果たす	加盟国の合意形成が遅く景気対策が薄い	54.0	58.0	66.0	61.0	72.0	62.0	68.0	38.0	物価と雇用不安が残り、将来像が短期化しやすい
12	USA	アメリカ	United States	北米	圧力上昇	同盟維持とAI覇権優先	対日:防衛負担増と輸出管理・人材連携を要求	同盟と産業基盤を守り、雇用移行を支える	選挙・物価で成果必須、負担は同盟へ寄せる	70.0	63.0	84.0	90.0	80.0	76.0	83.0	18.0	AI教育格差と雇用不安が増幅。計算資源制約も重なり将来像が狭まる
12	CHN	中国	China	東アジア	境界的圧力	技術主権で外圧を相殺	対日輸出許認可を梃に人材・標準で囲い込み	雇用転換を加速し外部圧力に備える	若年雇用不安と統制コストで譲歩困難	80.0	64.0	85.0	92.0	57.0	87.0	83.0	21.0	学び直し圧で焦燥増。計算資源不安が将来像を狭める
12	JPN	日本	Japan	東アジア	圧力上昇	技能転換を急ぎ格差抑制	同盟と協調し教育・半導体調達を安定化	AI時代の学び直しで雇用を守る	財政制約で支援が薄まり不満が増える	50.0	58.0	66.0	72.0	94.0	74.0	84.0	18.0	学び直し機会は希望だが、取り残され不安が増幅
12	TWN	台湾	Taiwan	東アジア	圧力上昇	教育適応と抑止の同時運用	日米と供給継続枠組み強化、訓練連携	安全と雇用の両立へAI教育を加速	党派対立と人的不足で改革が鈍る	72.0	70.0	74.0	80.0	76.0	82.0	84.0	34.0	技能格差不安と供給不安が重なり慎重志向が強まる
12	KOR	韓国	South Korea	東アジア	圧力上昇	人材転換と抑止維持	対米で訓練基金連携、対日で需給共有	AI教育投資で雇用不安を抑え成長を守る	対中市場・電力費で産業転換は段階的	58.0	64.0	81.0	62.0	74.0	70.0	78.0	32.0	技能格差不安が増幅し将来像が二極化、焦りが強まる
12	PRK	北朝鮮	North Korea	東アジア	境界的圧力	示威で譲歩を引き出す	短距離発射を抑制しつつ交渉窓口を開く	対外脅威を強調し結束と耐乏を訴える	外貨・食料難で挑発拡大は危険	84.0	38.0	70.0	61.0	44.0	56.0	87.0	33.0	安保不安が学習投資の迷いを増やし将来像が曇る
12	RUS	ロシア	Russia	ユーラシア	間接衝突	資源収入を維持し消耗管理	資源輸出を迂回継続し価格影響力を維持	制裁下でも賃金と物価を下支えする	戦費と人材流出で技術更新が遅れる	83.0	87.0	80.0	84.0	74.0	78.0	77.0	31.0	再訓練需要が急増し、適応格差が不安を増幅。慎重志向が強まる
12	UKR	ウクライナ	Ukraine	欧州	限定戦争	支援確保と持久戦継続	欧州・日本へ防空/訓練と復興枠を要請	教育と動員を両立し国家を保つ	人材流出と財政逼迫で改革が遅い	79.0	63.0	80.0	64.0	85.0	71.0	77.0	34.0	戦争不安にAI技能格差懸念が重なり、将来に慎重化
12	IRN	イラン	Iran	中東	圧力上昇	停戦維持と統制強化	航路示威は抑え裏交渉で制裁緩和探る	抑止は維持し物価対策で生活を守る	強硬派と物価不満で譲歩余地が小さい	64.0	77.0	73.0	69.0	82.0	71.0	83.0	24.0	物価高と不安が続き、若者は学び直し圧力と将来悲観が強まる
12	ISR	イスラエル	Israel	中東	境界的圧力	治安優先で供給網を選別	停戦枠組み維持、技術輸出審査を拡大	安全と物価を両立、訓練投資で雇用を守る	戦費と連立不安で妥協余地が狭い	73.0	63.0	72.0	81.0	80.0	74.0	77.0	30.0	AI教育競争が加速し、適応不安と物価で将来像が揺れる
12	SAU	サウジアラビア	Saudi Arabia	中東	圧力上昇	価格安定で影響力維持	OPEC+は慎重調整、対日供給を優先	価格安定で財政と雇用、改革投資を守る	停戦再燃と内政不満で急な増減産が難しい	54.0	62.0	60.0	44.0	56.0	57.0	68.0	36.0	物価と学び直し圧で将来不安、適応層は前向き
12	EU	欧州連合	European Union	欧州	圧力上昇	規制と人材投資で競争維持	AI人材枠組みを提案し同盟供給網も調整	教育投資で雇用転換を支え物価も抑える	加盟国合意が遅く財政配分も割れる	52.0	56.0	61.0	58.0	70.0	60.0	66.0	36.0	技能格差の話題が強まり、若者は焦りと学び直し圧を感じやすい
13	USA	アメリカ	United States	北米	境界的圧力	同盟動員とAI主導維持	対日:防衛即応・医療介護AI連携を要求	同盟で抑止し生活コストも下げる	選挙・物価で成果必須、負担は同盟へ	74.0	60.0	88.0	92.0	83.0	78.0	86.0	16.0	介護負担と賃金停滞の不安に、対米要求が重なり未来像が縮む
13	CHN	中国	China	東アジア	境界的圧力	技術・人材で対日圧力維持	医療AI/部材供給を許認可で選別	自立技術で雇用と安定を守る	若年雇用と統制コストで譲歩困難	82.0	63.0	88.0	93.0	60.0	89.0	86.0	19.0	介護負担増に外的制約が重なり将来像が萎む
13	JPN	日本	Japan	東アジア	圧力上昇	ケア危機の負担分散を優先	介護人材・医療物資の協力枠を拡充	現場支援と家族負担軽減を急ぐ	増税回避で財源が細り調整難	52.0	57.0	70.0	69.0	96.0	76.0	88.0	14.0	家族ケア負担で将来設計が揺れ、不安が増幅。支援が見えれば離職は抑制
13	TWN	台湾	Taiwan	東アジア	境界的圧力	供給継続と抑止の強化	日米と海峡有事の抑止連携、供給継続協定	緊張下でも雇用と生活を守る投資を継続	人手不足で軍民両用の人材確保が難しい	74.0	68.0	72.0	83.0	78.0	84.0	86.0	32.0	介護不安と供給不安が重なり、将来設計が先延ばしに傾く
13	KOR	韓国	South Korea	東アジア	圧力上昇	人材争奪と抑止維持	対日で介護人材・技能交流枠を協議	ケア負担軽減と雇用転換を同時に進める	人手不足でも賃上げ余力は限定、対中依存も残る	60.0	62.0	79.0	60.0	76.0	68.0	80.0	30.0	介護負担の現実味で将来不安が増幅、早期離職不安が強まる
13	PRK	北朝鮮	North Korea	東アジア	境界的圧力	示威で抑止と譲歩を狙う	短距離発射を断続、対話窓口は残す	対外脅威を強調し結束と耐乏を訴える	外貨・食料難で挑発拡大は体制に危険	86.0	34.0	69.0	62.0	45.0	55.0	89.0	32.0	安保不安と介護負担が重なり将来設計が萎む
13	RUS	ロシア	Russia	ユーラシア	間接衝突	資源梃子で継戦と交渉	資源供給を調整し制裁迂回を強化	外圧下でも雇用と物価を守る	戦費負担と技術停滞で長期消耗	84.0	89.0	82.0	85.0	75.0	79.0	78.0	30.0	介護負担増の不安に物価高が重なり将来像が縮む
13	UKR	ウクライナ	Ukraine	欧州	限定戦争	支援確保し持久戦維持	欧州・日本へ復興/防空支援を再要請	長期戦でも動員と生活を両立	人的損耗と財政難で余力が細い	81.0	62.0	83.0	66.0	86.0	72.0	79.0	32.0	介護負担不安に戦争長期化が重なり慎重化が進む
13	IRN	イラン	Iran	中東	境界的圧力	停戦堅持と示威の抑制	航路は限定示威、裏交渉で制裁緩和探る	停戦を守りつつ物価と治安を抑える	強硬派・物価不満で譲歩が難しい	66.0	79.0	74.0	70.0	83.0	72.0	85.0	23.0	介護負担増の不安に資源高が重なり、若者は将来悲観が強まる
13	ISR	イスラエル	Israel	中東	境界的圧力	安全優先で輸出と連携を選別	停戦維持を探りつつ輸出審査を強化	治安と物価を守るため選別措置は必要	戦費と政局で妥協余地が小さい	72.0	62.0	74.0	82.0	81.0	75.0	79.0	28.0	介護負担不安に、物価・雇用の揺れが重なり将来像が曇る
13	SAU	サウジアラビア	Saudi Arabia	中東	圧力上昇	価格管理で体制安定	OPEC+で小幅調整、対日供給は維持	市場安定と収益確保で改革投資を継続	停戦再燃リスクと財政需要で急変不可	56.0	64.0	63.0	45.0	61.0	58.0	70.0	33.0	介護負担増と物価連動で将来像が曇り、挑戦意欲が揺れる
13	EU	欧州連合	European Union	欧州	圧力上昇	介護危機で人材確保優先	介護人材の域内移動と域外受入を拡大	医療介護を守りつつ賃上げと訓練で補う	財政と移民反発、加盟国調整が重い	53.0	55.0	66.0	57.0	72.0	60.0	70.0	34.0	介護人材引き合いと財政不安が重なり、若者は将来負担感が増す
14	USA	アメリカ	United States	北米	圧力上昇	同盟負担分担と技術囲い込み	対日:防衛即応維持とAI供給網の同調要求	同盟で抑止し供給網の安定も進める	物価と選挙で成果必須、負担転嫁が必要	70.0	58.0	84.0	86.0	80.0	68.0	82.0	22.0	供給改善は見えるが、対米負担と職不安で将来像が固まりにくい
14	CHN	中国	China	東アジア	圧力上昇	許認可と市場で対日圧力調整	先端品は許認可厳格、汎用品は供給を維持	外部封鎖に備え供給安定と雇用を守る	若年雇用と統制コストで強硬を崩しにくい	79.0	58.0	85.0	86.0	61.0	78.0	83.0	23.0	汎用品は落ち着くが先端不安が残り将来設計が縮む
14	JPN	日本	Japan	東アジア	圧力上昇	配分再設計で持久	半導体を調達多角化し同盟枠で確保	供給回復を取り込み生活不安を抑える	財源乏しく若者支援と防衛が衝突	54.0	56.0	63.0	58.0	92.0	62.0	82.0	18.0	供給回復で停滞感はやや緩むが、増税回避の調整で将来不安が残る
14	TWN	台湾	Taiwan	東アジア	境界的圧力	供給安定と抑止を維持	先端品優先の供給枠、日米と警戒連携	供給回復を雇用と賃金へつなげる	先端は逼迫、対外圧と人材流出が痛い	70.0	62.0	66.0	74.0	73.0	77.0	80.0	34.0	供給は一部安心も、先端不足が不安を残し進路決断が鈍る
14	KOR	韓国	South Korea	東アジア	圧力上昇	供給改善を内政安定へ転用	対米・対日で先端品調達枠と標準を調整	供給は持ち直すが雇用と安保は警戒継続	対中依存と北朝鮮で強硬化を迫られる	58.0	60.0	72.0	52.0	74.0	56.0	76.0	34.0	部材不安は薄れるが雇用競争と安保報道で将来不安は残る
14	PRK	北朝鮮	North Korea	東アジア	境界的圧力	示威継続、対話窓口は維持	短距離発射を抑制的に継続、密輸とサイバーで外貨獲得	制裁下でも自力更生と国防強化で耐える	食料・外貨難で挑発拡大は統治不安を増幅	84.0	33.0	66.0	58.0	44.0	49.0	86.0	34.0	供給網の不安は少し緩むが、周期的示威で将来不安が残る
14	RUS	ロシア	Russia	ユーラシア	間接衝突	継戦維持と資源梃子	資源供給を調整し制裁迂回を継続	長期戦でも雇用と物価を守る	戦費と技術停滞で消耗が深い	82.0	86.0	78.0	72.0	74.0	72.0	74.0	34.0	計算資源不安はやや緩むが、物価高と安全保障不安で将来像が縮む
14	UKR	ウクライナ	Ukraine	欧州	限定戦争	支援維持で防空と持久	欧州・日本へ防空/復興資金と装備を要請	戦争継続下でも生活と動員を支える	人的損耗と資金不足、支援疲れが怖い	80.0	60.0	78.0	58.0	85.0	66.0	76.0	34.0	半導体不安が少し緩むが、戦争長期化が将来感を曇らす
14	IRN	イラン	Iran	中東	境界的圧力	停戦維持と影響力の保持	航路は抑制しつつ代理圧力を継続	外圧下でも生活と治安を守る	強硬派と物価不満で譲歩困難	64.0	75.0	71.0	64.0	81.0	66.0	82.0	28.0	資源高不安は残るが、半導体回復で閉塞感が微減
14	ISR	イスラエル	Israel	中東	境界的圧力	停戦継続を探りつつ技術を選別	米欧と防衛協力、技術輸出審査を継続	安全優先だが物価と雇用の支えも続ける	戦費と連立維持で妥協の幅が狭い	70.0	60.0	66.0	70.0	78.0	66.0	76.0	32.0	先端供給は少し持ち直すが、物価と将来不安は残る
14	SAU	サウジアラビア	Saudi Arabia	中東	圧力上昇	価格安定で改革資金確保	OPEC+で減産緩和は抑えつつ供給維持	収益を確保し雇用と改革投資を守る	停戦再燃と財政需要で急な増産は困難	55.0	60.0	60.0	40.0	60.0	54.0	66.0	35.0	物価不安は残るが、計算資源の目詰まりが緩み進路不安はやや減る
14	EU	欧州連合	European Union	欧州	圧力上昇	規制と供給安定を優先	対日含む調達分散と先端品の規制整備	供給安定と雇用保護を同時に進める	加盟国利害と景気減速で妥協が必要	52.0	54.0	60.0	51.0	70.0	56.0	66.0	36.0	半導体不安はやや緩むが、仕事と負担感の不安は残る
15	USA	アメリカ	United States	北米	圧力上昇	同盟負担と技術囲い込み継続	対日:即応維持とAI供給網同調を要求	抑止と産業競争力で生活不安を抑える	選挙・物価で成果必須、負担転嫁が必要	72.0	60.0	86.0	88.0	82.0	70.0	74.0	20.0	情報回避で一時沈静も、負担増と職不安で諦念が残る
15	CHN	中国	China	東アジア	境界的圧力	対日圧力を選別し長期化に備える	規制は先端に限定、汎用品は供給維持	外圧下でも雇用と安定を優先し耐久へ	若年雇用悪化と統制コストで強硬化しがち	81.0	57.0	86.0	88.0	63.0	79.0	78.0	22.0	情報回避で実感は鈍るが先端不安が残り未来像が縮む
15	JPN	日本	Japan	東アジア	圧力上昇	配分再設計で不安を抑制	同盟枠で半導体・エネルギー調達を分散	生活防衛と抑止力を同時に守る	財源が逼迫し若者支援と防衛が競合	56.0	58.0	66.0	55.0	93.0	64.0	78.0	16.0	情報回避が増え、将来設計が鈍り焦燥と諦念が残る
15	TWN	台湾	Taiwan	東アジア	境界的圧力	抑止維持と供給信頼の死守	日米欧へ供給枠を再配分、海峡警戒強化	安全を固め、産業と雇用の安定を優先	先端逼迫と世論疲れで強硬策が取りにくい	72.0	63.0	67.0	76.0	74.0	78.0	85.0	33.0	危機疲れで情報回避が増え、先端不足不安が進路の確信を削る
15	KOR	韓国	South Korea	東アジア	圧力上昇	供給安定と雇用防衛	対米協調で先端品枠確保、対日調整	安保警戒を維持し雇用・物価対策を優先	対中依存と北朝鮮で強硬論が増える	60.0	58.0	74.0	54.0	76.0	55.0	80.0	32.0	情報回避が増え不安は鈍化するが、雇用競争と安保報道で未来感は重い
15	PRK	北朝鮮	North Korea	東アジア	境界的圧力	示威は抑制、対話窓口維持	短距離示威を低頻度で実施、サイバーで外貨確保	外部脅威に備えつつ生活と体制の安定を守る	食料・外貨難と統治不安で挑発拡大は避けたい	83.0	34.0	67.0	59.0	45.0	50.0	78.0	33.0	情報回避で不安は鈍るが、将来像の閉塞感が残る
15	RUS	ロシア	Russia	ユーラシア	間接衝突	継戦維持と資源梃子	資源供給を小刻みに調整し制裁迂回を継続	長期戦でも雇用と物価を守ると強調	戦費負担と技術停滞で持久力が削れる	83.0	84.0	76.0	70.0	75.0	71.0	78.0	33.0	不安情報の過多で回避が進み、将来設計が縮む
15	UKR	ウクライナ	Ukraine	欧州	限定戦争	支援の再固定化を急ぐ	欧州・日本へ復興/防空の継続支援を要請	厳しいが防衛と生活を同時に守る	支援疲れと動員負担、資金不足が限界	82.0	61.0	79.0	57.0	86.0	67.0	70.0	33.0	情報回避で体感不安は鈍るが、将来への諦念が残る
15	IRN	イラン	Iran	中東	境界的圧力	停戦維持と対外圧力の継続	航路への直接干渉は抑え代理圧力を調整	外圧下でも治安と物価対策を優先	強硬派と物価不満で譲歩が難しい	63.0	74.0	70.0	63.0	80.0	65.0	76.0	27.0	危機情報の過多で諦念と回避が増え、将来像が曇る
15	ISR	イスラエル	Israel	中東	境界的圧力	停戦維持と抑止強化	米欧と防衛協力、対外技術審査を強化	安全確保を最優先しつつ物価対策も続行	連立と戦費で譲歩余地が小さい	68.0	57.0	62.0	66.0	80.0	63.0	69.0	30.0	危機疲れで情報回避が進み、不安が慢性化しやすい
15	SAU	サウジアラビア	Saudi Arabia	中東	圧力上昇	価格安定で体制と改革維持	OPEC+で供給維持を優先し価格急騰抑制	収益確保で雇用と改革投資を守る	停戦再燃懸念と歳出増で増産余地は限定	57.0	58.0	62.0	41.0	61.0	55.0	72.0	33.0	物価不安が継続し情報回避が進む。将来像は曇るが急落は回避
15	EU	欧州連合	European Union	欧州	圧力上昇	規制運用を柔軟化し景気下支え	対日で先端品の適合認証を整備し摩擦抑制	安全保障と雇用を両立し負担を平準化する	加盟国分裂と景気減速で強硬策は続かない	54.0	53.0	62.0	49.0	71.0	55.0	58.0	35.0	不安情報の回避が増え、将来像が描けず無力感が残る
16	USA	アメリカ	United States	北米	圧力上昇	同盟負担とAI囲い込み強化	対日:防衛即応維持と輸出管理順守要求	同盟で抑止し雇用と物価を守る	選挙・財政・中東停戦不安で成果必須	74.0	62.0	88.0	90.0	86.0	72.0	77.0	16.0	負担増と将来税不安が拡散し、挑戦より安定志向が強まる
16	CHN	中国	China	東アジア	境界的圧力	対日圧力を先端に絞り持久	先端材・装置で選別遅延、汎用品は維持	安定と雇用優先、外圧には粘り強く対応	若年雇用と統制コストで強硬寄り	83.0	58.0	87.0	90.0	71.0	81.0	79.0	18.0	先端不安と財政不安が重なり、将来像が縮む
16	JPN	日本	Japan	東アジア	圧力上昇	更新費を優先配分し不安抑制	同盟枠で調達分散と投資呼び込み	基盤更新を急ぎ負担増を抑える	更新費が重く給付と防衛が圧迫	57.0	59.0	68.0	56.0	96.0	66.0	81.0	12.0	将来設計が先送りされ、焦燥と諦めが濃くなる
16	TWN	台湾	Taiwan	東アジア	境界的圧力	抑止維持と供給信頼の維持	日米欧へ供給計画を再確認、海峡監視強化	安全と産業基盤を守り、雇用不安を抑える	投資負担増で賃上げ余力が細る	74.0	61.0	66.0	78.0	77.0	80.0	86.0	29.0	財政不安と供給懸念が重なり、将来設計が慎重化
16	KOR	韓国	South Korea	東アジア	圧力上昇	同盟維持と産業防衛	対米枠で先端品確保、対日調整継続	安保警戒と物価対策を同時に進める	若者雇用支援と防衛費が財政を圧迫	63.0	57.0	72.0	56.0	79.0	58.0	77.0	30.0	財政不安報道と雇用競争で将来像が曇り、消費と挑戦意欲が縮む
16	PRK	北朝鮮	North Korea	東アジア	間接衝突	示威で主導権、越境は回避	短距離発射で示威、外貨はサイバー依存	外圧に屈せず体制と生活を守る	食料・外貨難で長期緊張は負担	86.0	36.0	69.0	61.0	58.0	52.0	81.0	29.0	財政不安と安保不安が重なり、将来設計の自信が削られる
16	RUS	ロシア	Russia	ユーラシア	間接衝突	資源梃子で持久	供給先を選別し制裁迂回と揺さぶり	包囲下でも雇用と生活を守ると強調	戦費と部品不足で近代化が遅れる	84.0	86.0	78.0	72.0	81.0	73.0	80.0	29.0	物価と不安情報が重なり、若者は挑戦より防衛的選択へ
16	UKR	ウクライナ	Ukraine	欧州	限定戦争	支援維持を条件付きで再交渉	欧州・日本へ防空/復興支援の枠組み更新要請	持久戦でも生活基盤を守り抜く	支援疲れと動員負担、財源が逼迫	83.0	63.0	78.0	58.0	89.0	68.0	71.0	30.0	財政不安が支援疲れと連動し、将来設計の萎縮が増す
16	IRN	イラン	Iran	中東	境界的圧力	停戦維持し圧力は代理で調整	代理勢力の強度を調整し制裁回避を優先	停戦下でも警戒維持、物価対策を継続	体制正統性と物価不満で譲歩しにくい	64.0	77.0	72.0	64.0	83.0	66.0	78.0	24.0	物価高と増税観測が重なり、将来設計を先延ばししやすい
16	ISR	イスラエル	Israel	中東	境界的圧力	停戦維持と技術防衛	米欧と防衛協力継続、輸出管理と監視強化	抑止を維持しつつ物価・雇用の下支えを優先	連立維持と戦費で裁量が狭い	66.0	58.0	63.0	69.0	83.0	64.0	70.0	28.0	外部不安に加え財政懸念が重なり、将来設計が萎縮しやすい
16	SAU	サウジアラビア	Saudi Arabia	中東	圧力上昇	供給調整で価格乱高下抑制	OPEC+で小幅調整、急騰回避を優先	収益確保で雇用と改革投資を守る	停戦再燃と歳出増で増産余地が薄い	55.0	52.0	60.0	40.0	66.0	52.0	70.0	30.0	物価と財政不安が重なり、将来設計が保守化する
16	EU	欧州連合	European Union	欧州	圧力上昇	規制調整で景気を守る	対日で規格互換と認証簡素化を提案	安全と雇用を守る現実的な規制へ	加盟国調整と財政制約で強硬不可	56.0	52.0	59.0	47.0	74.0	54.0	60.0	32.0	財政不安が就職観を冷やし、挑戦より安定志向が強まる
17	USA	アメリカ	United States	北米	圧力上昇	同盟負担維持とAI規律強化	対日:安保分担増と輸出管理の実効順守要求	独占抑制で雇用を守り対外抑止も維持	選挙前で物価・格差不満、成果が必要	78.0	64.0	90.0	92.0	88.0	74.0	82.0	14.0	分担増と職不安が同時に可視化し、将来像が縮む
17	CHN	中国	China	東アジア	境界的圧力	対日先端圧力を維持	装置・素材の審査遅延拡大、観光は限定緩和	雇用と秩序を守り外部依存を減らす	利益集中批判で正統性不安、強硬で相殺	85.0	59.0	90.0	92.0	73.0	83.0	82.0	16.0	先端停滞と雇用不安が連動し将来像が曇る
17	JPN	日本	Japan	東アジア	境界的圧力	再分配と成長で不信封じ	同盟枠で計算資源確保と投資条件を調整	利益集中を是正し雇用移行支援を強化	財源乏しく給付と防衛と産業が衝突	60.0	58.0	74.0	54.0	97.0	64.0	86.0	10.0	努力が報われない感が増し、挑戦回避と怒りが強まる
17	TWN	台湾	Taiwan	東アジア	境界的圧力	抑止と分配不満の抑制	日米と供給継続策を再確認、情報戦警戒	雇用再訓練と物価対策で不安を抑える	防衛と福祉の両立で財政が硬直化	76.0	60.0	69.0	81.0	79.0	82.0	88.0	27.0	利益集中の不信が連鎖し、就職と将来設計が一段慎重化
17	KOR	韓国	South Korea	東アジア	圧力上昇	雇用不安の沈静と産業防衛	対米で先端供給枠確保、対日調整	利益集中を是正し雇用と物価を守る	財政と対外依存で即効策が限られる	61.0	56.0	78.0	59.0	82.0	60.0	83.0	28.0	雇用競争と不信拡散で将来像が暗くなり挑戦が鈍る
17	PRK	北朝鮮	North Korea	東アジア	間接衝突	示威継続、交渉余地は残す	発射準備示威とサイバー収益拡大	外圧と不平等に屈せず体制を守る	外貨・食料不足で長期緊張は限界	88.0	38.0	72.0	63.0	60.0	54.0	85.0	27.0	安保不安に制度不信が重なり、努力の報われ感が下がる
17	RUS	ロシア	Russia	ユーラシア	間接衝突	制裁耐久と情報戦継続	資源供給を選別し制裁迂回網を強化	西側の利益集中を批判し結束を促す	戦費と部品不足で経済の柔軟性が低い	85.0	88.0	79.0	74.0	82.0	75.0	86.0	27.0	格差不信の話題が輸入され将来像が縮む
17	UKR	ウクライナ	Ukraine	欧州	限定戦争	支援の質重視で再交渉	欧州・日本へ復興AI/防空の現物支援を要請	負担は増すが、公平な支援配分で耐える	支援疲れと格差不満、財源と動員が限界	84.0	61.0	79.0	60.0	90.0	69.0	74.0	29.0	利益集中批判が雇用不安に連結し、若者の将来設計がさらに慎重化
17	IRN	イラン	Iran	中東	境界的圧力	停戦維持と制裁回避優先	代理行動を抑制しつつ制裁緩和を探る	不公平な利益集中に対抗し生活を守る	物価不満と体制正統性で妥協が難しい	63.0	74.0	73.0	65.0	82.0	67.0	80.0	23.0	物価高と雇用不安の連想が強まり、将来像が描きにくい
17	ISR	イスラエル	Israel	中東	境界的圧力	治安維持と技術防衛を優先	米欧と協調し輸出管理・対サイバーを強化	利益偏在へ是正策、同時に安全保障を堅持	連立不安と戦費で再分配の余地が小さい	64.0	57.0	66.0	72.0	86.0	67.0	74.0	26.0	格差不安と雇用懸念が増幅し、挑戦より防衛的に
17	SAU	サウジアラビア	Saudi Arabia	中東	圧力上昇	価格安定と体制収益を優先	OPEC+で慎重調整、急騰回避を示唆	歳入で雇用・社会支出と改革投資を維持	停戦再燃リスクと歳出増で増産は限定的	58.0	56.0	63.0	41.0	68.0	54.0	74.0	28.0	物価高と雇用不安が連動し、努力の見返り感が薄れる
17	EU	欧州連合	European Union	欧州	圧力上昇	利益集中へ競争・再分配強化	AI競争規制と課税協調を対外提案	勝者総取りを正し雇用と信頼回復	加盟国利害と景気で急進は困難	54.0	50.0	62.0	46.0	76.0	53.0	66.0	30.0	規制・課税の波及で将来設計が硬直し、挑戦より安定志向が強まる
18	USA	アメリカ	United States	北米	圧力上昇	同盟負担増と規制協調	対日:防衛分担とAI輸出管理順守を再要求	生活費対策と覇権維持を同時に進める	住居費が争点化、対外成果で求心力維持	79.0	66.0	91.0	93.0	90.0	76.0	85.0	13.0	住居不安に加え負担増が可視化し、将来設計の確度が落ちる
18	CHN	中国	China	東アジア	境界的圧力	対日先端圧力を調整維持	装置・素材審査を選別遅延、観光は小幅緩和	外部封じ込めに備え雇用と安定を守る	景気停滞と失業不満で強硬維持が必要	86.0	58.0	91.0	93.0	74.0	84.0	83.0	15.0	住居不安の争点化に先端停滞が重なり、将来設計の見通しがさらに曇る
18	JPN	日本	Japan	東アジア	境界的圧力	住居不安を火消し優先	資源調達分散と同盟枠の投資条件を再調整	住居支援を急ぎ生活防衛と成長を両立	財源不足で住居・防衛・産業が三つ巴	63.0	57.0	76.0	56.0	98.0	66.0	88.0	9.0	住居が詰まるほど将来設計が崩れ、怒りと諦めが強まる
18	TWN	台湾	Taiwan	東アジア	境界的圧力	抑止維持と生活防衛	日米と供給継続枠組み強化、危機広報連携	安全確保と物価・住宅対策を同時に進める	防衛優先で住宅支援の財源が窮屈	78.0	62.0	70.0	83.0	81.0	84.0	90.0	25.0	住宅不安の争点化に供給不安が重なり、将来設計が防衛的に固まる
18	KOR	韓国	South Korea	東アジア	圧力上昇	住居不安抑え産業防衛	対米で先端供給枠維持、対日で需給調整	住居費・雇用・安保を同時に守る	財政制約と対外依存で配分が苦しい	63.0	57.0	79.0	61.0	83.0	62.0	85.0	26.0	住居不安の争点化が将来設計を圧迫し、転職・挑戦が保守化
18	PRK	北朝鮮	North Korea	東アジア	間接衝突	示威で譲歩を引き出す	短距離発射示威とサイバー外貨獲得	外圧下でも抑止力で体制を守る	外貨・食料難で長期緊張は負担	90.0	40.0	74.0	66.0	63.0	56.0	88.0	24.0	安保不安が住居不安と結合し将来設計が萎む
18	RUS	ロシア	Russia	ユーラシア	間接衝突	資源収入優先で圧力調整	輸出先を選別し価格と供給で揺さぶる	制裁下でも国家機能と生活を守る	戦費増と部品不足で選択肢が狭い	86.0	90.0	81.0	76.0	84.0	78.0	88.0	26.0	物価・家賃不安が増幅し将来設計が短期化する
18	UKR	ウクライナ	Ukraine	欧州	限定戦争	支援再設計で持久	EU・日本へ防空/復興資金を再要請	長期戦でも国家機能を守り抜く	動員疲れと財源枯渇、支援疲れが怖い	83.0	62.0	78.0	58.0	91.0	70.0	77.0	28.0	住居不安が争点化し、対外支援への反発がSNSで増幅、若者の将来設計が萎む
18	IRN	イラン	Iran	中東	境界的圧力	停戦維持で制裁緩和模索	代理勢力を選別支援し交渉余地を残す	生活不安に対処しつつ屈しない	物価と若者不満で強硬演出が要る	64.0	76.0	74.0	66.0	83.0	68.0	82.0	22.0	住居不安の争点化と重なり、将来設計への悲観が増幅
18	ISR	イスラエル	Israel	中東	境界的圧力	治安と技術優位を優先	米欧と輸出管理・対サイバー連携を強化	治安確保と成長投資で不安を抑える	戦費と連立不安で生活支援が薄い	66.0	60.0	68.0	74.0	88.0	70.0	78.0	24.0	物価・住居不安が増幅し、若者の将来像が内向き化
18	SAU	サウジアラビア	Saudi Arabia	中東	圧力上昇	価格抑制と歳入確保を両立	OPEC+で小幅調整、供給安定を対外発信	改革投資と雇用維持のため歳入安定を優先	停戦再燃と財政支出増で増産余地が小さい	60.0	58.0	64.0	41.0	70.0	55.0	76.0	26.0	光熱費上振れが家賃不安と結び、将来設計の諦めが増える
18	EU	欧州連合	European Union	欧州	圧力上昇	規制維持と生活不安の火消し	AI規制整備と対露制裁維持、LNG調達協調	生活費・住居不安に即応し雇用を守る	加盟国分断と景気で財政追加は限定的	56.0	54.0	64.0	49.0	78.0	55.0	70.0	29.0	住居不安と規制波及で将来設計が硬直、安定志向が強まる
19	USA	アメリカ	United States	北米	圧力上昇	対話継続と同盟負担の要求	対日:防衛分担維持、AI管理で協調	対話で緊張は緩むが覇権防衛は継続	物価と分断で成果が要る、輸出規制は堅持	72.0	61.0	88.0	92.0	89.0	73.0	81.0	16.0	軍事不安は少し緩むが、計算資源不安で進路が揺れる
19	CHN	中国	China	東アジア	圧力上昇	対日圧力は選別、対話で緊張管理	対話枠組みは活用、先端審査は選別遅延	対話しつつ封じ込めに備え雇用を守る	景気停滞で譲歩は限定、統制と成果が要る	78.0	56.0	84.0	88.0	72.0	80.0	78.0	22.0	軍事不安は少し緩むが先端停滞が残り、将来像が描きにくい
19	JPN	日本	Japan	東アジア	圧力上昇	住居・雇用不安の沈静化優先	対話再開を梃子に抑止確認と供給網協調	緊張は緩むが物価と住居を最優先で守る	財源逼迫で住居・防衛・産業が同時圧迫	58.0	54.0	72.0	53.0	96.0	63.0	84.0	11.0	対話で恐怖は少し下がるが、住居と仕事の不安が将来像を曇らせる
19	TWN	台湾	Taiwan	東アジア	圧力上昇	対話活用で抑止と経済維持	対話枠で危機管理線を整備、供給協議継続	対話再開でも備え継続、物価と雇用を守る	対外不確実性で投資と財政配分が硬直	72.0	58.0	64.0	78.0	79.0	80.0	86.0	28.0	緊張緩和の報で息継ぎも、分断残り将来像は慎重化
19	KOR	韓国	South Korea	東アジア	圧力上昇	対話継続で産業防衛	安保対話を継続し対日で供給調整	緊張は緩むが雇用と安保を守る	対米枠と国内世論で譲歩幅が狭い	58.0	54.0	73.0	58.0	78.0	60.0	80.0	30.0	安保不安はやや後退。だが雇用・物価不安が将来設計を鈍らせる
19	PRK	北朝鮮	North Korea	東アジア	境界的圧力	対話を利用し圧力は維持	対話に参加しつつ発射準備を誇示	対話は主導権確保の手段、警戒継続	外貨・食料難で長期緊張は重い	78.0	38.0	68.0	63.0	59.0	52.0	81.0	28.0	緊張は一服も再燃前提で不安が残り挑戦意欲が鈍る
19	RUS	ロシア	Russia	ユーラシア	境界的圧力	資源カードで圧力を再設計	輸出条件を細分化し価格で揺さぶる	制裁下でも歳入と雇用を守る	戦費と部品不足で妥協余地が小さい	80.0	84.0	76.0	74.0	82.0	74.0	84.0	30.0	物価不安は残り、進路選択が安全志向に偏る
19	UKR	ウクライナ	Ukraine	欧州	限定戦争	支援維持で前線安定	EU・日本へ防空/復興の継続支援要請	国土防衛と復興準備を同時に進める	動員疲れと財源不足、支援疲れが制約	80.0	58.0	76.0	56.0	88.0	68.0	74.0	30.0	対外支援の是非が可視化し、若者は将来設計を先送りしがち
19	IRN	イラン	Iran	中東	圧力上昇	停戦維持と制裁緩和模索	代理勢力を抑制し交渉枠組み維持	対外圧力下でも生活安定を優先	物価高と若者不満で強硬演出も要る	60.0	72.0	71.0	65.0	82.0	66.0	79.0	24.0	原油高止まり不安が続き、就職・家計の見通しが曇る
19	ISR	イスラエル	Israel	中東	圧力上昇	抑止維持と経済耐久を優先	米欧と停戦監視・対サイバー協力を継続	停戦は脆弱、治安と成長投資を同時に進める	戦費と政局で生活支援の拡充が難しい	63.0	57.0	64.0	72.0	86.0	68.0	76.0	26.0	物価と雇用の揺れが続き、若者の将来設計が慎重化
19	SAU	サウジアラビア	Saudi Arabia	中東	圧力上昇	価格安定を優先し漸進調整	OPEC+で微調整、供給安定を対外強調	歳入安定で改革投資と雇用を守る	停戦再燃と支出増で増産余地が小さい	56.0	54.0	60.0	42.0	68.0	53.0	70.0	30.0	光熱費の高止まりが可処分所得を圧迫し、将来設計の慎重化が進む
19	EU	欧州連合	European Union	欧州	圧力上昇	対話活用し規制と景気を両立	対露制裁維持、対話支持とエネ共同調達	対話進展を評価しつつ物価と雇用を守る	分断と選挙で追加支出は細切れに	52.0	50.0	58.0	52.0	74.0	53.0	64.0	33.0	軍事不安は少し薄いが規制波及で進路が保守化
20	USA	アメリカ	United States	北米	圧力上昇	同盟統合でAI主導権維持	対日:AI教育・標準連携要求、規制協調	国内格差に対処しつつ同盟で競争優位	教育格差と物価で成果必須、規制は譲れず	70.0	58.0	90.0	94.0	88.0	74.0	84.0	15.0	教育AI格差が進路不安を増幅。計算資源不安で挑戦が萎む
20	CHN	中国	China	東アジア	境界的圧力	対日選別圧力で優位確保	先端供給は選別遅延、教育AIは交流提案	外圧下でも雇用と技術自立を守る	景気と若年雇用が弱く成果演出が要る	82.0	58.0	86.0	90.0	74.0	83.0	84.0	20.0	学校AI格差が進路不安に直結し、先端停滞で将来像が霞む
20	JPN	日本	Japan	東アジア	圧力上昇	教育格差抑制を優先	AI教育基盤で同盟国と標準化・調達協調	進路不安を抑え公教育のAI環境差を縮める	財源が薄く教育・防衛・物価対策が競合	60.0	56.0	76.0	54.0	97.0	64.0	88.0	10.0	学校のAI格差が進路不安を増幅し、努力の報われ感が揺らぐ
20	TWN	台湾	Taiwan	東アジア	境界的圧力	供給安定を優先し抑止維持	重要品の輸出管理を強化し同盟と供給協議	外圧下でも産業と教育投資を守る	安全保障費と人材育成が財政を圧迫	74.0	60.0	66.0	82.0	81.0	83.0	88.0	26.0	学内AI格差報道に供給不安が重なり進路の諦めが増える
20	KOR	韓国	South Korea	東アジア	圧力上昇	半導体優先で同盟協調	対米で半導体・AI規制整合、対日で供給安定協議	技術競争下でも雇用と安保の両立を進める	若者雇用不安と政争で追加支援が出しにくい	60.0	53.0	76.0	61.0	79.0	62.0	86.0	28.0	教育AI格差の連想で将来不安が増幅。技能投資への焦りが強まる
20	PRK	北朝鮮	North Korea	東アジア	境界的圧力	挑発を抑えず取引余地確保	短距離発射示威とサイバー偵察を強化	敵対勢力の脅威増大、備えと統制を徹底	外貨不足で長期緊張は維持費が重い	82.0	41.0	70.0	64.0	60.0	53.0	86.0	26.0	安全不安と学校AI格差が重なり、将来像が見えず挑戦回避が増える
20	RUS	ロシア	Russia	ユーラシア	境界的圧力	資源・情報で揺さぶり継続	資源輸出条件を硬化し抜け道取引を探る	対外圧力に耐え歳入と雇用を守る	戦費と部品不足で譲歩が難しい	82.0	86.0	78.0	76.0	83.0	76.0	88.0	28.0	物価と進路不安にAI格差が重なり将来像が縮む
20	UKR	ウクライナ	Ukraine	欧州	限定戦争	支援継続を最大化	EU・日本へ防空/復興資金と弾薬支援要請	前線維持と復興準備を同時に進める	動員疲れと財源難、支援疲れが最大制約	82.0	57.0	78.0	60.0	90.0	69.0	79.0	28.0	支援負担とAI格差不安が重なり、若者は将来設計を先送り
20	IRN	イラン	Iran	中東	境界的圧力	停戦維持と対外圧力分散	航路不安を抑えつつ制裁緩和を交渉	生活防衛を優先しつつ抑止は崩さない	物価高と不満で強硬姿勢も演出要	67.0	76.0	73.0	66.0	84.0	69.0	81.0	22.0	原油高と不安報道が家計・就活を圧迫し、AI格差不安も増幅
20	ISR	イスラエル	Israel	中東	圧力上昇	抑止維持と技術防衛を優先	停戦監視を維持し対サイバー連携を強化	治安を守りつつ生活コスト対策も続ける	戦費と政局で教育・若者投資が先送り	64.0	58.0	66.0	74.0	87.0	69.0	78.0	25.0	教育AI格差の不安に、物価と雇用の揺れが重なり将来設計が硬直
20	SAU	サウジアラビア	Saudi Arabia	中東	圧力上昇	価格安定と体制維持を優先	OPEC+で小幅調整、対日供給の安定を示す	価格の乱高下を抑え改革投資と雇用を守る	停戦再燃リスクと財政支出で増産は限定的	58.0	57.0	62.0	41.0	69.0	55.0	73.0	29.0	教育AI格差不安に光熱費高止まりが重なり将来設計が保守化
20	EU	欧州連合	European Union	欧州	圧力上昇	規制整合と教育格差対応	AI教育・規制で国際標準化を主導	公正なAI利用と競争力維持を両立	加盟国間格差で統一策は遅れがち	50.0	47.0	62.0	54.0	72.0	52.0	70.0	34.0	AI学習格差の連想が強まり進路不安が増幅、資格志向へ
21	USA	アメリカ	United States	北米	圧力上昇	同盟負担増で技術覇権維持	対日:計算資源・輸出管理協調と防衛分担要求	生活費は一息、同盟で競争優位を確保	分断と物価で成果必須、規制緩和は困難	68.0	49.0	88.0	93.0	86.0	72.0	82.0	18.0	燃料不安は弱まるが、就職と計算資源不安が進路の萎縮を招く
21	CHN	中国	China	東アジア	境界的圧力	対日選別圧力を維持	先端材は許認可で調整、民生協力は継続	外圧下でも雇用と安定を守り前進する	成長鈍化で若年雇用が弱く成果が要る	83.0	45.0	87.0	91.0	72.0	82.0	83.0	24.0	生活費不安は一息だが、先端停滞と進路不安が残る
21	JPN	日本	Japan	東アジア	圧力上昇	生活防衛と再配分を優先	燃料調達を分散し電力投資で同盟協調	燃料高は一服、負担は電力投資で続く	財政が硬直し教育・防衛・物価が競合	61.0	41.0	73.0	52.0	95.0	62.0	82.0	12.0	生活不安は一時緩むが、将来の仕事と負担感が残る
21	TWN	台湾	Taiwan	東アジア	圧力上昇	抑止を維持し供給不安を抑える	同盟と海峡抑止を調整し供給計画を前倒し	外圧は続くが産業と教育投資は守る	防衛・電力投資で財政が細り若者策が薄い	72.0	44.0	64.0	80.0	79.0	81.0	84.0	28.0	生活不安は少し緩むが、供給と有事報道で進路不安は残る
21	KOR	韓国	South Korea	東アジア	圧力上昇	技術競争の管理を優先	対米で半導体枠組み調整、対日で供給安定協議	安保と産業を守りつつ物価負担を抑える	政争と若者不安で追加策が限定的	58.0	45.0	74.0	60.0	77.0	60.0	84.0	30.0	生活不安は一息も、技能競争の焦りが残り将来観が揺れる
21	PRK	北朝鮮	North Korea	東アジア	境界的圧力	制裁下で示威と取引を継続	短距離発射の示威と対外交渉を併走	外敵の脅威を強調し統制と動員を維持	外貨・食料不足で緊張維持の費用が重い	80.0	30.0	68.0	63.0	58.0	52.0	84.0	30.0	生活費不安は一服も、安全不安が残り挑戦意欲が鈍る
21	RUS	ロシア	Russia	ユーラシア	圧力上昇	資源と情報で制裁耐久を優先	資源輸出は維持し条件交渉と抜け道拡大	外圧下でも雇用と歳入を守り戦時継続	戦費負担と部品不足で妥協余地が小さい	78.0	72.0	74.0	75.0	80.0	73.0	84.0	32.0	短期の物価不安は和らぐが進路・安全保障不安は残る
21	UKR	ウクライナ	Ukraine	欧州	限定戦争	支援確保と持久戦準備	EU・日本へ復興資金と防空支援を再要請	戦線維持と復興基盤づくりを続ける	動員疲れと財源難、支援疲れが最大制約	80.0	49.0	76.0	59.0	89.0	66.0	77.0	30.0	燃料不安は少し緩むが長期戦観測で将来不安が残る
21	IRN	イラン	Iran	中東	圧力上昇	停戦維持で圧力を緩和	航路威嚇を抑え制裁緩和を探る	生活防衛を優先し抑止は維持	不満抑えに強硬演出が要る	60.0	56.0	66.0	64.0	78.0	63.0	74.0	28.0	燃料不安は一服するが、再燃報道で将来感が揺れ就活慎重化
21	ISR	イスラエル	Israel	中東	圧力上昇	抑止維持と技術防衛	停戦維持を優先し監視・対サイバー協力強化	治安優先だが物価は落ち着き生活支援も継続	戦費と政局で若者投資が後回しになりやすい	63.0	46.0	60.0	72.0	84.0	66.0	76.0	28.0	燃料不安は一服も、半導体・雇用の揺れが将来像を曇らせる
21	SAU	サウジアラビア	Saudi Arabia	中東	圧力上昇	価格安定と投資継続を優先	OPEC+で現状維持、対日供給安定を再確認	価格安定で改革投資と雇用を守る	停戦再燃と歳出増で増産余地は小さい	56.0	44.0	58.0	41.0	66.0	52.0	69.0	34.0	光熱費不安は一服するが将来の再上昇懸念で計画は慎重化
21	EU	欧州連合	European Union	欧州	圧力上昇	規制整合と成長防衛	規制運用を調整し投資と同盟協議を継続	物価は一服、産業競争力と支援を守る	加盟国差と選挙で統一判断が遅い	52.0	38.0	58.0	53.0	70.0	49.0	63.0	36.0	物価不安は弱まるがAI技能競争の焦りが残り、資格・安定志向が強まる
22	USA	アメリカ	United States	北米	圧力上昇	同盟維持とAI供給網を優先	対日:計算資源・半導体供給の囲い込み協調要求	介護負担に技術投資、同盟で雇用と安全を守る	ケア報酬と移民で対立、財政と選挙が制約	70.0	47.0	90.0	95.0	88.0	74.0	84.0	16.0	介護の将来像は見えるが、就職と計算資源不安が進路を縮める
22	CHN	中国	China	東アジア	境界的圧力	対日選別圧力を微調整	先端材は厳格運用、民生・ケア協力は継続	雇用と安定を守り、技術自立を加速する	若年雇用の不満抑制に成果が必要	84.0	43.0	86.0	92.0	71.0	80.0	82.0	23.0	ケア自動化論争で将来像が割れ、進路不安が増幅
22	JPN	日本	Japan	東アジア	圧力上昇	ケア自動化を制度で吸収	介護ロボ調達・標準で同盟協調し供給確保	ケア人材の待遇とロボ活用を同時に進める	財政硬直で給付・賃上げ・防衛が競合	63.0	44.0	79.0	55.0	96.0	60.0	86.0	10.0	ケア職の将来像が揺れ、負担感と不公平感が不安を増幅
22	TWN	台湾	Taiwan	東アジア	圧力上昇	抑止維持と供給安定	同盟調整と先端供給枠を再配分し公表	安全を守りつつ産業と生活投資を続ける	防衛・電力負担で若者支援が後回し	74.0	47.0	66.0	83.0	81.0	82.0	85.0	27.0	介護ロボ需要で半導体逼迫感が再燃し、進路と生活の不安が残る
22	KOR	韓国	South Korea	東アジア	圧力上昇	ケア産業の自国優先整備	ケアAI/ロボ輸出を強化し対日協議も継続	雇用と介護負担を同時に下げる改革を進める	賃金評価は対立が深く予算も有限	60.0	46.0	78.0	62.0	79.0	58.0	87.0	28.0	ケア職の価値議論が波及し、将来の働き方像が揺れる
22	PRK	北朝鮮	North Korea	東アジア	間接衝突	示威で交渉余地を確保	発射示威と対南・対米の取引打診	敵対勢力の脅威に備え結束を要請	食料・外貨難で長期緊張は重荷	86.0	34.0	70.0	66.0	60.0	55.0	88.0	28.0	安全不安が再燃し、将来設計よりリスク回避が強まる
22	RUS	ロシア	Russia	ユーラシア	境界的圧力	資源・情報で対外耐久を維持	資源価格で揺さぶり、対日世論工作を強化	制裁下でも歳入確保し国民生活を守る	戦費と部品不足で譲歩は弱さに直結	81.0	76.0	66.0	78.0	83.0	70.0	87.0	29.0	介護ロボ報酬論争がSNSで拡散し将来不安が増す
22	UKR	ウクライナ	Ukraine	欧州	限定戦争	支援維持と動員負担の緩和	EU・日本へ防空/復興支援を優先要請	長期戦でも生活基盤と前線を守る	支援疲れと財源難、動員疲労が重い	78.0	46.0	74.0	60.0	88.0	65.0	76.0	31.0	戦争長期化観測が将来不安を維持。介護論争と重なり希望が揺れる
22	IRN	イラン	Iran	中東	圧力上昇	停戦維持で取引余地確保	航路威嚇は抑えつつ制裁緩和を交渉	生活支援を守りつつ抑止も維持する	不満抑えに強硬演出も要るが余力薄い	63.0	58.0	67.0	65.0	79.0	64.0	76.0	27.0	介護ロボ議論が雇用観を揺らし、燃料再燃報道で将来不安が増幅
22	ISR	イスラエル	Israel	中東	圧力上昇	抑止維持と内政コスト抑制	停戦監視継続、対サイバー連携と輸出管理強化	安全優先を維持しつつ生活費対策も続行	戦費と政局で社会投資が絞られやすい	64.0	50.0	58.0	74.0	83.0	68.0	77.0	27.0	ケア評価論は財政不安を刺激。半導体制約と雇用観で将来像が曇る
22	SAU	サウジアラビア	Saudi Arabia	中東	圧力上昇	価格安定と体制安定を優先	OPEC+で微調整、対日供給の継続を示す	価格の乱高下を抑え改革投資を守る	停戦再燃リスクと歳出で増産余地が狭い	58.0	49.0	57.0	41.0	67.0	52.0	70.0	33.0	光熱費の揺れがケア負担不安を増幅、進路は慎重化
22	EU	欧州連合	European Union	欧州	圧力上昇	ケア自動化と公正賃金	対日含む規制整合を進め介護AI投資を誘導	ケア不足に技術と賃金で対応し格差を抑える	加盟国財政差で給付と規制が割れやすい	50.0	36.0	60.0	51.0	72.0	48.0	62.0	35.0	介護職の評価議論が日本にも波及し、若者は安定職志向と技能焦りが併存
23	USA	アメリカ	United States	北米	境界的圧力	安全優先で供給網を再編	対日:AI安全基準同調と計算資源配分を条件化	事故再発防止と雇用保護のため規制と投資を両立	選挙と訴訟リスクで規制緩和しにくい、同盟負担も	74.0	50.0	92.0	97.0	90.0	78.0	88.0	14.0	安全重視で計算資源が細り、就職観が萎縮し将来不安が増す
23	CHN	中国	China	東アジア	境界的圧力	安全規制を梃に選別圧力	AI安全名目で輸出審査厳格化、対日牽制	安全事故防止と雇用維持へ規制と投資を両立	成長鈍化と若年雇用で成果が急務、対外強硬に依存	86.0	45.0	88.0	94.0	72.0	83.0	85.0	22.0	規制強化でAI就職像が揺れ、計算資源不安が進路不安を増幅
23	JPN	日本	Japan	東アジア	圧力上昇	規制適合と成長を両立	同盟とAI安全基準整合、監査枠組み共有	事故再発防止と産業育成を同時に進める	財政硬直で救済・規制運用・防衛が競合	64.0	46.0	82.0	58.0	97.0	63.0	88.0	9.0	規制不安と雇用不透明が強まり、挑戦意欲が冷えやすい
23	TWN	台湾	Taiwan	東アジア	境界的圧力	安全と輸出規制対応	米欧と安全基準合意し供給枠を調整	安全強化で信頼確保し雇用も守る	規制対応コストと電力負担が重い	76.0	52.0	63.0	88.0	79.0	84.0	87.0	25.0	AI事故報道と供給制約で将来不安が増え、進路選択が慎重化
23	KOR	韓国	South Korea	東アジア	境界的圧力	安全規制を梃に競争優位確保	AI安全規制を先行導入し対米連携強化	事故再発防止と産業保護を両立する	規制で成長鈍化、雇用不安が再燃し得る	64.0	49.0	81.0	66.0	77.0	61.0	89.0	26.0	AI不信と雇用焦りが増幅、挑戦意欲が揺れる
23	PRK	北朝鮮	North Korea	東アジア	間接衝突	示威を抑制し取引狙い	発射準備示威と対米対南の接触強化	規制強化の混乱は敵の弱体化と宣伝	外貨不足で長期挑発は資源を消耗	84.0	36.0	72.0	70.0	62.0	58.0	90.0	26.0	規制不安と安保不安が重なり挑戦回避が強まる
23	RUS	ロシア	Russia	ユーラシア	間接衝突	制裁下で資源と情報戦を継続	資源輸出を調整し制裁回避網を拡張	対外圧力下でも戦費と物価を抑える	AI規制で部品・計算資源がさらに逼迫	84.0	79.0	68.0	82.0	86.0	73.0	88.0	27.0	物価と雇用不安が強まり、規制論争で将来像が曇る
23	UKR	ウクライナ	Ukraine	欧州	限定戦争	支援確保と戦線維持	EU・日本へ防空/復興支援継続を要請	規制強化でも復興と防衛を止めない	支援疲れと財源難、動員疲労が限界	80.0	49.0	76.0	67.0	90.0	68.0	79.0	29.0	安全事故でAI投資が揺れ、将来設計が曖昧化し不安が増す
23	IRN	イラン	Iran	中東	境界的圧力	停戦維持し制裁緩和を狙う	限定挑発は抑え、裏交渉と輸出迂回を強化	危機は管理下、生活支援と抑止を両立する	体制引締め要るが財政と不満で綱渡り	65.0	61.0	69.0	68.0	81.0	66.0	78.0	25.0	燃料高と規制強化の連想で将来像が曇り、不安が拡散
23	ISR	イスラエル	Israel	中東	圧力上昇	安全優先で技術規制を先行	AI事故受け規制整備と輸出管理を強化	安全と競争力の両立で国を守る	戦費と政局で成長投資が揺れる	66.0	53.0	61.0	79.0	85.0	71.0	80.0	24.0	AI規制と供給制約が将来像を曇らせ、不安が拡散
23	SAU	サウジアラビア	Saudi Arabia	中東	圧力上昇	原油安定と体制改革を防衛	OPEC+微調整、対米協調で供給不安を抑制	市場安定で改革投資と雇用を守る	停戦再燃と歳出増で増産余地は限定	60.0	53.0	59.0	44.0	66.0	54.0	72.0	34.0	規制強化で成長期待が揺れ、生活費不安と将来設計の慎重化が進む
23	EU	欧州連合	European Union	欧州	圧力上昇	安全規制と競争力両立	対日も含めAI安全基準を厳格化し相互承認交渉	事故再発防止と雇用保護を両立し信頼を回復	加盟国利害と産業ロビーで規制運用が割れる	46.0	33.0	66.0	58.0	63.0	54.0	69.0	34.0	AI不信と規制競争で進路不安増、ただ安全職志向も強まる
24	USA	アメリカ	United States	北米	境界的圧力	同盟負担とAI統制を強化	対日:防衛分担増とAI基準同調を要請	雇用保護と安全のため規制と投資を両立	選挙・訴訟で緩和困難、同盟維持も必須	78.0	54.0	90.0	96.0	88.0	80.0	86.0	12.0	負担要請と計算制約で就職観が硬直し将来不安が増す
24	CHN	中国	China	東アジア	境界的圧力	雇用安定優先の選別圧力	対日で重要部材の審査・遅延を運用	雇用と安全を守る管理強化を実施	成長鈍化で成果が要る、強硬に傾く	87.0	46.0	90.0	95.0	74.0	85.0	86.0	21.0	採用停滞と計算資源不安が進路悲観を増幅
24	JPN	日本	Japan	東アジア	圧力上昇	分配調整で社会安定優先	同盟とAI基準連携、調達多角化を継続	雇用・住居・介護の不安に手当し秩序維持	財政硬直で若者支援・防衛・規制運用が競合	63.0	49.0	79.0	57.0	96.0	61.0	86.0	8.0	格差論争が可視化し、将来設計が短期化しやすい
24	TWN	台湾	Taiwan	東アジア	境界的圧力	供給安定と社会不安抑制	米欧日と供給枠協議、電力・港湾防護強化	雇用と安全を同時に守り、生活不安を抑える	電力逼迫と規制コストで若者支援が圧迫	78.0	56.0	66.0	90.0	81.0	86.0	88.0	23.0	供給不安と雇用不安が重なり、将来設計が保守化しやすい
24	KOR	韓国	South Korea	東アジア	境界的圧力	半導体主権と抑止優先	対米連携で輸出管理整合、対日協議は条件付	安保と産業を守り雇用を下支えする	規制強化で成長鈍化、若者不満が火種	66.0	52.0	78.0	64.0	74.0	60.0	86.0	28.0	AI雇用不安と競争焦りが増幅、将来像が短期化する
24	PRK	北朝鮮	North Korea	東アジア	間接衝突	示威で交渉余地を確保	短距離示威と瀬取り強化、対南対米に揺さぶり	敵対勢力の圧迫に対抗し結束と規律を強化	外貨・燃料不足で長期緊張は統治コスト増	86.0	34.0	74.0	72.0	63.0	60.0	91.0	24.0	安保不安が雇用・住居不安と結合し、将来設計の回避が増える
24	RUS	ロシア	Russia	ユーラシア	間接衝突	制裁下で資源と情報戦を維持	資源輸出を調整し制裁回避網を拡大	長期戦でも雇用と物価を守り抜く	部品・計算資源不足で近代化が遅れる	86.0	82.0	71.0	85.0	88.0	76.0	90.0	24.0	物価と将来不安が固定化し、若者の生活設計が萎む
24	UKR	ウクライナ	Ukraine	欧州	限定戦争	支援維持と動員負担の抑制	EU・日本へ防空/復興の継続支援要請	長期戦でも生活維持と復興を進める	支援疲れと財源難、動員疲労が臨界	82.0	52.0	74.0	66.0	88.0	67.0	78.0	28.0	長期不確実性で就業と住居不安が増幅し、将来像が描きにくくなる
24	IRN	イラン	Iran	中東	境界的圧力	停戦維持で制裁緩和狙い	裏交渉を継続、海上緊張は限定管理	危機は抑止下、物価対策と統制を強化	不満高止まりで強硬化と緩和が両立困難	63.0	58.0	70.0	69.0	82.0	67.0	80.0	24.0	燃料高と雇用不安が重なり、将来設計の萎縮が拡散
24	ISR	イスラエル	Israel	中東	間接衝突	安全優先で供給網を囲い込む	同盟連携でサイバー防衛と技術輸出管理	脅威対応と雇用維持を同時に進める	戦費と政治分断で若者投資が削られやすい	68.0	56.0	63.0	82.0	78.0	72.0	81.0	26.0	計算資源と雇用不安が長期化し、将来設計が硬直しやすい
24	SAU	サウジアラビア	Saudi Arabia	中東	圧力上昇	価格安定で体制と改革を守る	OPEC+調整を継続し停戦監視で供給不安を抑制	市場安定を優先し改革投資と雇用を守る	再燃リスクと歳出増で増産・値下げ余地は限定	63.0	57.0	62.0	45.0	67.0	55.0	74.0	33.0	光熱費と物価不安が長引き、若者の進路選択が保守化する
24	EU	欧州連合	European Union	欧州	圧力上昇	規制運用を調整し雇用不安抑制	対日でAI監査・相互承認を協議し供給網も連携	安全と競争力を両立し再訓練と生活支援を強化	加盟国利害で運用が割れ財政も分配で摩耗	44.0	34.0	70.0	57.0	66.0	56.0	71.0	33.0	規制競争と雇用不安で将来不透明感増、再訓練情報が鍵
25	USA	アメリカ	United States	北米	境界的圧力	同盟負担とAI雇用基準統一	対日:防衛分担継続要請とAI採用透明基準の同調	公平な採用と雇用防衛のため基準を示し投資継続	訴訟・選挙で規制緩和難、計算資源は戦略物資	80.0	56.0	86.0	97.0	90.0	82.0	84.0	14.0	基準の可視化は学習指針になるが、負担増と計算制約で不安は高止まり
25	CHN	中国	China	東アジア	境界的圧力	雇用不安抑制の管理強化	対日で半導体・部材の審査を厳格運用	雇用と秩序維持へ産業安全を徹底	成長鈍化で成果が要る、譲歩しにくい	89.0	48.0	92.0	96.0	76.0	86.0	88.0	19.0	採用基準不透明が拡散し、学習迷子と悲観が増える
25	JPN	日本	Japan	東アジア	圧力上昇	透明基準で不安抑制	AI雇用指針を官民で整備し国際整合も確保	学ぶべき技能と移行支援を見える化する	財政硬直で給付・再訓練・防衛が競合	62.0	50.0	83.0	58.0	97.0	62.0	88.0	7.0	基準が示されても競争感は強く、将来像が二極化しやすい
25	TWN	台湾	Taiwan	東アジア	境界的圧力	供給信頼と人材不安抑制	米日欧と供給枠・人材基準を共同整備	採用透明化で学習投資と雇用の不安を減らす	安全保障と電力・規制費が若者策を圧迫	80.0	58.0	72.0	92.0	83.0	88.0	90.0	22.0	半導体不安に加え学びの正解探しが強まり将来が硬直
25	KOR	韓国	South Korea	東アジア	境界的圧力	公正採用基準の制度化	対米でAI採用基準の整合、対日協議は条件付	透明な採用と再訓練で若者不安を抑える	企業負担増と景気鈍化で不満が再燃し得る	64.0	50.0	83.0	66.0	76.0	62.0	88.0	26.0	採用基準の不透明さが波及し、焦りと学習負担感が強まる
25	PRK	北朝鮮	North Korea	東アジア	間接衝突	示威で体制安定を確保	短距離発射とサイバーで外貨確保、対米牽制	敵対勢力の挑発に対抗し結束と規律を強化	外貨・燃料不足で緊張長期化は統治負担増	88.0	36.0	77.0	75.0	66.0	62.0	93.0	22.0	安保不安がAI就職不安と結び、学習先行き不透明感が増幅
25	RUS	ロシア	Russia	ユーラシア	間接衝突	制裁下で資源と情報戦を継続	資源輸出を選別し制裁回避網と影響工作を拡大	外圧に屈せず雇用と物価を守り抜く	部品・計算資源不足で軍民近代化が鈍る	84.0	79.0	74.0	86.0	87.0	78.0	91.0	26.0	採用基準の不透明感に外圧が重なり、将来設計と学習投資が揺らぐ
25	UKR	ウクライナ	Ukraine	欧州	限定戦争	支援維持へ基準透明化	復興AIの採用/調達基準をEU・日本と整合	復興雇用の道筋を示し、公平性を守る	戦時動員と復興雇用の両立が限界	83.0	53.0	77.0	68.0	89.0	68.0	80.0	27.0	基準不透明への不安が増え、学習投資が迷いやすい
25	IRN	イラン	Iran	中東	境界的圧力	停戦維持で対外余力確保	裏交渉継続、海上示威は閾値管理	抑止は維持、生活防衛と統制を強化	体制不信と財政制約で軟硬の両立難	64.0	61.0	72.0	70.0	83.0	68.0	82.0	22.0	燃料高と採用基準不透明が結び付き、将来不安が増幅
25	ISR	イスラエル	Israel	中東	間接衝突	安全優先で技術囲い込み	同盟と輸出管理を強化、サイバー先制防衛	危機下でも雇用とAI訓練を守る	戦費と分断で教育投資が後回し	70.0	58.0	66.0	86.0	80.0	74.0	83.0	24.0	学ぶ指針要求が強まるが資源制約で不安が増幅
25	SAU	サウジアラビア	Saudi Arabia	中東	圧力上昇	価格安定を優先し揺れ抑制	OPEC+調整と停戦監視で供給不安抑制	価格安定で雇用と改革投資を守る	再燃・歳出圧で増産余地は小さい	61.0	58.0	66.0	46.0	68.0	56.0	78.0	32.0	物価不安が学習投資を鈍らせ、将来像の明示要求が強まる
25	EU	欧州連合	European Union	欧州	圧力上昇	採用AIの透明性を制度化	対日で採用AI監査指標を共通化協議	若者の納得と公正を守り競争力も確保	加盟国で運用差、企業負担反発を懸念	43.0	33.0	74.0	58.0	67.0	55.0	76.0	32.0	採用基準の可視化は安心材料だが移行期の不安は増す
26	USA	アメリカ	United States	北米	境界的圧力	同盟負担とAI供給統制	対日:防衛分担再要請と計算資源配分管理	同盟と雇用を守るため戦略物資を優先配分	選挙前で追加支出難、対中抑止で余力薄	82.0	58.0	88.0	96.0	91.0	83.0	86.0	13.0	地方流出が進む局面で計算制約と負担増が重なり将来不安が増幅
26	CHN	中国	China	東アジア	境界的圧力	対日依存を梃子に管理	対日部材審査を選別強化、企業へ代替調達促進	外部リスクを抑え雇用と成長を守る	景気鈍化で成果圧力、譲歩は弱さに映る	90.0	47.0	93.0	97.0	74.0	88.0	90.0	18.0	地方脱出焦りに外需不安が重なり、将来設計の悲観が増える
26	JPN	日本	Japan	東アジア	圧力上昇	地方流出に雇用再編で対処	同盟調整と人材投資で産業移転を誘導	地方の学び直しと住居支援を厚くする	財政硬直で若者支援と防衛が競合	64.0	54.0	86.0	60.0	98.0	63.0	89.0	6.0	地方の選択肢が細り焦燥増。都市競争も強まり将来像が割れる
26	TWN	台湾	Taiwan	東アジア	境界的圧力	供給安定と人材囲い込み	米日欧と供給優先枠・技術者往来を強化	雇用と安全の両立で若者の将来設計を守る	電力・防衛・規制費が賃上げ余力を削る	82.0	60.0	76.0	93.0	84.0	89.0	91.0	21.0	地方流出不安に半導体不確実性が重なり進路の硬直化
26	KOR	韓国	South Korea	東アジア	境界的圧力	雇用・半導体・抑止の同時防衛	対米で半導体枠組み維持、対日で供給調整協議	若者の移動負担を軽減し、雇用と安保を守る	企業採算と同盟要請で再分配が割れやすい	66.0	54.0	85.0	69.0	78.0	65.0	90.0	24.0	都市集中と競争加速が重なり、将来像が狭まり焦燥が増す
26	PRK	北朝鮮	North Korea	東アジア	間接衝突	示威継続で譲歩誘導	発射示威とサイバー継続、制裁回避取引	対外脅威に備え自力更生と規律を強化	燃料・外貨不足で緊張の常態化は統治負担	90.0	38.0	80.0	78.0	68.0	64.0	95.0	20.0	安保不安が地方流出不安と結合し、将来設計が硬直
26	RUS	ロシア	Russia	ユーラシア	間接衝突	制裁下で資源と攪乱を継続	資源価格で揺さぶり、制裁回避網を拡張	外圧に対抗し雇用と物価を守る	戦費と制裁で近代化が詰まり不満増	86.0	82.0	77.0	87.0	88.0	80.0	92.0	24.0	地方の将来不安に外圧が重なり、移動と学習投資が萎む
26	UKR	ウクライナ	Ukraine	欧州	限定戦争	支援持続へ負担配分要求	EU・日本に復興調達と資金の前倒し要請	支援維持で防衛と復興の両輪を回す	動員疲弊と財政枯渇で政策余力が薄い	84.0	56.0	80.0	71.0	90.0	70.0	82.0	25.0	地政学不安と財政負担観測が、地方若者の将来像を曇らせる
26	IRN	イラン	Iran	中東	境界的圧力	停戦維持で制裁下の余力確保	裏交渉継続、航路周辺は示威を閾値管理	抑止を維持しつつ生活防衛を優先する	財政難と不満拡大で強硬一辺倒は不可	63.0	60.0	74.0	69.0	84.0	67.0	85.0	21.0	燃料高の連想が地方雇用不安と結び、都市移動圧と将来不安が増幅
26	ISR	イスラエル	Israel	中東	間接衝突	安全優先で技術統制継続	同盟調整と輸出管理継続、対サイバー強化	安全と経済を両立、若者技能支援は維持	戦費と分断で教育・住宅支援が薄い	72.0	61.0	69.0	88.0	83.0	77.0	86.0	22.0	地方の迷いが増え都市志向が強化、将来不安が拡散
26	SAU	サウジアラビア	Saudi Arabia	中東	圧力上昇	価格安定と歳入確保を併追	OPEC+で小幅調整、停戦監視と航路警備	歳入を守り雇用・改革投資を継続	再燃リスクと若者不満で急変できず	63.0	60.0	68.0	47.0	70.0	57.0	80.0	30.0	物価と雇用不安が地方離脱を促し、将来設計が短期化
26	EU	欧州連合	European Union	欧州	圧力上昇	雇用移動と公正規制を両立	対日で採用AI監査と職能移行支援を連携	公正な採用と再訓練で地域流出を抑える	加盟国差と企業負担で実装が遅れがち	44.0	36.0	77.0	59.0	69.0	56.0	79.0	30.0	移動と職探し不安が増幅。基準可視化は救いだが競争感は強まる
27	USA	アメリカ	United States	北米	境界的圧力	同盟負担とAI供給統制継続	対日:防衛分担再要請とGPU配分条件化	同盟維持と雇用確保へ戦略物資を優先	国内分断と選挙圧、対中抑止で余力薄	80.0	56.0	86.0	94.0	90.0	81.0	88.0	14.0	再教育の地域差が露呈し、計算制約と負担増が将来不安を増幅
27	CHN	中国	China	東アジア	境界的圧力	対日選別圧力を継続	対日重要部材の許認可を運用で揺さぶる	外部圧力に備え産業と雇用を守る	景気減速で成果必須、緩和は弱腰化	91.0	49.0	94.0	98.0	76.0	89.0	92.0	16.0	再教育の地域格差がSNSで拡散し、若者の不公平感と将来悲観が強まる
27	JPN	日本	Japan	東アジア	圧力上昇	再教育を絞りつつ地域差抑制	同盟国と人材・研究枠を連動し国内偏在を補う	地域の学び直し格差を是正し雇用を守る	財政硬直で配分がゼロサム化し不満が増える	63.0	55.0	88.0	61.0	99.0	64.0	92.0	5.0	地域格差の可視化で焦燥と嫉視が増え、進路選択が短期化する
27	TWN	台湾	Taiwan	東アジア	境界的圧力	供給優先と不安抑制	米日欧と供給優先枠を再確認し訓練連携	雇用と安全を両立し若者の見通しを守る	電力・防衛費と人材流出が同時に重い	84.0	61.0	78.0	92.0	86.0	90.0	92.0	19.0	再教育の地域差が可視化し、供給不安と重なり将来像が二極化
27	KOR	韓国	South Korea	東アジア	境界的圧力	半導体人材と雇用の防衛	対米枠組み堅持、対日で供給・人材協議	若者雇用を守り同盟抑止を強化する	企業採算と防衛費で支援配分が割れる	68.0	56.0	83.0	71.0	79.0	67.0	92.0	22.0	再教育の地域差が可視化し、勝ち組感が強まり焦燥が増す
27	PRK	北朝鮮	North Korea	東アジア	間接衝突	示威と撹乱で譲歩誘導	短距離発射示威と対日サイバー、制裁回避取引	外圧に対抗し規律と動員で体制を守る	燃料・外貨不足で長期緊張は統治負担	92.0	40.0	82.0	79.0	70.0	66.0	96.0	18.0	安保不安と地域格差の可視化が重なり、将来像が固まりやすい
27	RUS	ロシア	Russia	ユーラシア	間接衝突	制裁下で攪乱と資源収入維持	資源輸出を調整し制裁回避網を強化	外圧下でも雇用と物価を守る	戦費で投資不足、地方不満が蓄積	84.0	78.0	74.0	86.0	85.0	77.0	90.0	26.0	再教育予算競争で地域差が可視化し、外圧と重なり将来像が割れる
27	UKR	ウクライナ	Ukraine	欧州	限定戦争	支援継続へ条件整理を要求	EU・日へ復興調達と資金前倒しを要請	支援を引き出し防衛と復興を同時遂行	動員疲弊と歳入不足で交渉余地が狭い	83.0	54.0	79.0	70.0	91.0	69.0	84.0	23.0	地域の再教育格差が可視化し、支援負担不安と重なり将来像が揺れる
27	IRN	イラン	Iran	中東	境界的圧力	停戦維持で体制防衛	示威は閾値管理、裏交渉と制裁緩和探る	抑止を維持し生活防衛を優先する	不満と財政難で長期対立は危うい	64.0	62.0	78.0	70.0	86.0	69.0	88.0	20.0	地域差の可視化に燃料高不安が重なり将来観が冷える
27	ISR	イスラエル	Israel	中東	間接衝突	安全優先で技術統制継続	同盟調整と輸出管理継続、対サイバー強化	安全と成長の両立を掲げ統制を正当化	戦費と分断で若者投資が後回し	70.0	63.0	72.0	89.0	84.0	78.0	90.0	20.0	再教育の地域差が可視化し不公平感と将来不安が増幅
27	SAU	サウジアラビア	Saudi Arabia	中東	圧力上昇	価格安定を軸に慎重運用	OPEC+で小幅調整、航路警備を継続	歳入確保と改革投資を守る	停戦再燃と体制不満で急変できず	62.0	58.0	70.0	48.0	72.0	58.0	83.0	29.0	再教育の地域差が不公平感を増幅し、将来像が分断される
27	EU	欧州連合	European Union	欧州	圧力上昇	再教育競争を制度で整流	対日で職能認証とAI監査の相互運用を迫る	地域格差を抑え公正な移行を守る	加盟国財政差で補助設計が割れやすい	45.0	37.0	81.0	61.0	70.0	57.0	82.0	28.0	地域差の可視化で焦り増。資格と基準は道標だが競争感が強まる
28	USA	アメリカ	United States	北米	境界的圧力	同盟負担とAI統制を優先	対日:防衛分担再要請とGPU供給を条件化	同盟強化と産業保護で雇用と安全を守る	生活費・医療不満と選挙圧で譲歩しにくい	82.0	58.0	88.0	95.0	92.0	83.0	90.0	12.0	介護離職不安に計算制約と負担増が重なり将来観が冷える
28	CHN	中国	China	東アジア	境界的圧力	対日選別圧力を固定化	重要部材許認可を絞り、条件緩和を提示	外圧下でも雇用と産業安全を守る	景気と雇用で成果必須、譲歩は弱腰化	90.0	52.0	93.0	97.0	79.0	90.0	93.0	14.0	介護離職不安に供給網ショックが重なり、若者の将来設計が縮む
28	JPN	日本	Japan	東アジア	圧力上昇	ケア危機を抑え制度維持	同盟と医療人材・薬品供給協力を強化	医療介護の穴を埋め家計負担を抑える	財政硬直で増員と支援が両立しにくい	62.0	56.0	91.0	60.0	100.0	66.0	94.0	4.0	家族ケア不安で進学就職が慎重化、将来像が縮む
28	TWN	台湾	Taiwan	東アジア	境界的圧力	供給安定と抑止維持	米日と海峡抑止・供給優先枠を再点検	危機管理と雇用維持で生活不安を抑える	電力・防衛費・人材流出で余力が細い	86.0	63.0	81.0	93.0	89.0	91.0	93.0	18.0	介護離職不安が供給不安と重なり、将来設計が萎む
28	KOR	韓国	South Korea	東アジア	圧力上昇	半導体防衛と近隣安定	対米連携を維持し対日で人材・供給協議	雇用と安保を守り投資と支援を両立する	若者雇用対策と防衛費で財源調整が難航	63.0	54.0	79.0	69.0	76.0	65.0	90.0	23.0	介護離職不安が雇用不安と結び、将来設計が短期化する
28	PRK	北朝鮮	North Korea	東アジア	間接衝突	示威と取引で制裁緩和狙い	短距離発射示威と対日サイバー、密貿易強化	外圧に屈せず動員で体制と安全を守る	外貨・燃料不足で挑発の頻度は調整	93.0	42.0	86.0	80.0	72.0	67.0	97.0	16.0	安保不安が介護離職不安と重なり、将来が閉じやすい
28	RUS	ロシア	Russia	ユーラシア	間接衝突	制裁下で資源と攪乱を継続	資源輸出調整と制裁回避網を拡張	外圧下でも雇用・物価を守る	戦費で投資不足、地方不満が増す	86.0	81.0	76.0	88.0	87.0	79.0	92.0	24.0	介護離職不安に外圧が重なり、進路が内向き化する
28	UKR	ウクライナ	Ukraine	欧州	限定戦争	支援前倒しで持久戦に備える	日・EUへ復興調達と医療支援の拡充要請	前線維持と社会機能を同時に守る	動員疲弊と歳入難で交渉余地が小さい	84.0	56.0	81.0	71.0	92.0	70.0	86.0	22.0	介護離職不安と戦争長期化が重なり、若者は将来負担と進路に悲観が増す
28	IRN	イラン	Iran	中東	境界的圧力	停戦維持で制裁緩和模索	示威は抑制、裏交渉で制裁緩和探る	生活防衛を優先し抑止は維持する	不満と財政難で再燃は避けたい	63.0	60.0	76.0	69.0	84.0	68.0	89.0	21.0	介護離職不安に燃料高が重なり将来観が冷えやすい
28	ISR	イスラエル	Israel	中東	間接衝突	抑止維持で技術統制を継続	同盟連携を軸に輸出管理継続、対サイバー前倒し	安全確保と経済維持のため統制と警戒を強化する	戦費と分断で人材投資が細り、負担が長期化	68.0	60.0	74.0	90.0	86.0	77.0	91.0	18.0	介護離職不安と物価観測が重なり、将来設計が縮む感覚が強まる
28	SAU	サウジアラビア	Saudi Arabia	中東	圧力上昇	価格安定優先、航路リスクに備える	OPEC+で生産枠を慎重運用、紅海航路警備を連携	歳入安定で改革投資と雇用を守る	停戦再燃と国内不満で急な増産減産は難しい	64.0	60.0	74.0	49.0	73.0	60.0	85.0	27.0	生活費高止まりが介護離職不安と重なり、未来設計が縮む
28	EU	欧州連合	European Union	欧州	圧力上昇	ケア危機を制度投資で吸収	対日でケアAI監査・職能認証の整合要求	介護医療の人材流出を止め生活を守る	財政と移民受入で加盟国合意が難航	44.0	36.0	78.0	60.0	72.0	55.0	83.0	26.0	介護離職不安が将来観を曇らせる。基準は道標だが競争感が強まる
29	USA	アメリカ	United States	北米	圧力上昇	AI基盤確保と同盟要求	対日:DC・電力投資要求とGPU供給条件化	雇用と安全保障へAIインフラを優先	電力水反発と選挙圧で譲歩困難	78.0	60.0	86.0	93.0	90.0	80.0	88.0	14.0	計算資源不安と負担増観測が拡散し将来像が曇る
29	CHN	中国	China	東アジア	境界的圧力	対日依存を梃子に取引	重要素材の許認可を調整し投資協力を提示	安全と雇用を守り対外圧力に対抗	景気減速で成果必須、強硬と景気の綱引き	88.0	54.0	90.0	96.0	78.0	89.0	92.0	15.0	電力・水摩擦でAI投資が揺れ、雇用と将来像の不確実性が増す
29	JPN	日本	Japan	東アジア	圧力上昇	AI投資を続けつつ摩擦抑制	電力・水制約を踏まえDC立地を再配分	地域負担を減らし雇用と成長を両立	電力水と財政が限界、反発が怖い	61.0	63.0	84.0	67.0	95.0	70.0	90.0	6.0	地元対立と就職不安が拡散、挑戦より安定志向が強まる
29	TWN	台湾	Taiwan	東アジア	境界的圧力	抑止維持とインフラ調整	米日と供給優先枠を維持し電力燃料も確保	電力・水の負担を抑えつつ雇用と成長を守る	立地反発と電力制約で投資速度が落ちる	88.0	70.0	78.0	95.0	90.0	92.0	94.0	16.0	計算資源不安と物価観測が重なり挑戦意欲が細る
29	KOR	韓国	South Korea	東アジア	圧力上昇	AI電力摩擦の管理優先	電力・水制約を前提に投資枠を再配分し対日協議	地域負担を抑えつつAI投資と雇用を守る	住民反発と電力不足で成長策が鈍る	61.0	60.0	82.0	73.0	78.0	67.0	92.0	22.0	AI成長期待と生活コスト不安が同居し進路選択が保守化
29	PRK	北朝鮮	North Korea	東アジア	間接衝突	示威維持で取引余地探る	発射準備示威と対日サイバー、偽情報拡散	外圧下でも抑止力を維持し生活を守る	外貨・燃料不足で長期対峙は困難	94.0	44.0	84.0	81.0	73.0	66.0	98.0	15.0	AI雇用不安と安保不安が重なり将来像が縮む
29	RUS	ロシア	Russia	ユーラシア	間接衝突	資源梃子で対外圧力を維持	輸出条件を揺らし制裁回避と攪乱を拡大	外圧下でも雇用と物価を守り勝つ	戦費優先で投資不足、地方不満が残る	87.0	84.0	78.0	90.0	88.0	81.0	93.0	22.0	電力・雇用摩擦が不信を増幅し、将来設計が萎縮する
29	UKR	ウクライナ	Ukraine	欧州	限定戦争	支援確保と消耗抑制	日EUに復興調達と電力系支援を要請	前線維持と生活基盤を同時に守る	動員疲弊と財政難で譲歩余地が狭い	85.0	60.0	82.0	74.0	93.0	73.0	88.0	20.0	インフラ摩擦で電力不安が可視化し、若者は負担増と将来設計に悲観が強まる
29	IRN	イラン	Iran	中東	境界的圧力	停戦維持し交渉で利得	示威は限定し制裁緩和を裏交渉	生活防衛を優先し抑止は維持	不満と財政難で再燃は避けたい	64.0	63.0	74.0	71.0	83.0	69.0	90.0	20.0	燃料高と計算資源不安が重なり将来観が冷えやすい
29	ISR	イスラエル	Israel	中東	間接衝突	抑止維持とAI優先配分	同盟と輸出管理を維持し計算資源を確保	治安と成長の両立へ電力・水配分を調整	戦費と分断でインフラ反発が増えやすい	70.0	62.0	76.0	92.0	88.0	79.0	93.0	16.0	電力と計算資源の不安が再燃し、将来像が描きにくい
29	SAU	サウジアラビア	Saudi Arabia	中東	圧力上昇	価格安定と投資誘致両立	OPEC+微調整、アジア向け供給を優先	価格安定で歳入確保し改革を継続	停戦再燃と投資競争で余裕が薄い	66.0	63.0	76.0	52.0	74.0	62.0	86.0	26.0	電力・物価不安がAI投資期待と衝突し将来像が揺れる
29	EU	欧州連合	European Union	欧州	圧力上昇	AIインフラを規制と受容で前進	対日でDC立地の環境・労務基準整合を要求	電力水の負担を抑えつつ投資と雇用を確保	加盟国で電力コストと反対運動が分断要因	45.0	40.0	74.0	63.0	75.0	57.0	85.0	24.0	DC摩擦が『成長=負担』感を強め、就職と暮らし不安が増幅
30	USA	アメリカ	United States	北米	境界的圧力	同盟負担とAI基盤を要求	対日:防衛費・電力投資・GPU枠を条件化	同盟強化と雇用確保で競争に勝つ	選挙・電力水反発で対外譲歩しにくい	82.0	63.0	88.0	94.0	92.0	81.0	90.0	12.0	住宅停滞に外圧負担が重なり将来設計が萎む
30	CHN	中国	China	東アジア	境界的圧力	対日カードで譲歩誘導	重要素材・部材の許認可を選別運用し交渉	外圧下でも成長と雇用を守り抜く	景気下押しで成果必須、過圧は逆効果	90.0	56.0	92.0	97.0	80.0	90.0	94.0	12.0	住宅停滞で将来不安が増幅し、AI投資と就職観が冷える
30	JPN	日本	Japan	東アジア	圧力上昇	住宅停滞で若者不満抑制	同盟協議で調達分散と投資枠確保	住居支援は継続、負担増は抑える	財源不足で対象絞り、反発が怖い	63.0	61.0	86.0	69.0	97.0	71.0	92.0	5.0	住宅停滞が将来不安を増幅、挑戦回避と分断が進む
30	TWN	台湾	Taiwan	東アジア	境界的圧力	抑止維持と供給安定優先	米日と危機時の優先供給枠を再確認	安全確保と産業継続で生活を守る	電力・水制約と地政学で投資が硬直	86.0	72.0	80.0	92.0	88.0	90.0	96.0	14.0	住居不安に供給不安が重なり将来設計が縮む
30	KOR	韓国	South Korea	東アジア	圧力上昇	若者生活と半導体競争の同時管理	対日で供給網・人材交流枠を協議し摩擦を抑制	住宅停滞でも雇用と物価の下支えを優先	住宅財源が詰まり不満が政権支持を削る	63.0	58.0	79.0	70.0	81.0	65.0	93.0	20.0	住居不安が波及し将来設計が短期志向、挑戦が減る
30	PRK	北朝鮮	North Korea	東アジア	間接衝突	示威継続で譲歩引き出す	短距離発射示威と対日サイバー継続	敵対勢力の脅威に備え団結し耐える	外貨・燃料不足で長期強硬は難しい	95.0	46.0	85.0	82.0	76.0	67.0	99.0	13.0	住居停滞に安保不安が重なり将来設計がさらに縮む
30	RUS	ロシア	Russia	ユーラシア	間接衝突	資源梃子で対外圧力継続	輸出条件を不透明化し制裁回避を拡大	対外圧力に耐え生活と雇用を守る	戦費優先で民生投資が薄く不満が残る	86.0	88.0	81.0	92.0	91.0	84.0	95.0	18.0	住宅停滞で将来設計が詰まり、外部不安が増幅する
30	UKR	ウクライナ	Ukraine	欧州	限定戦争	支援維持と消耗抑制	日EUへ復興調達枠と防空支援の継続を要請	前線維持と復旧を並行し生活を守る	動員疲弊と財政難で長期戦の余力が薄い	86.0	63.0	84.0	76.0	94.0	74.0	90.0	18.0	海外危機と住宅停滞が重なり、負担感が増して将来設計が縮む
30	IRN	イラン	Iran	中東	境界的圧力	停戦維持で制裁緩和狙い	示威は限定し交渉窓口を拡大	抑止は維持し生活を守る	国内不満と財政難で再燃は高コスト	66.0	70.0	76.0	73.0	86.0	71.0	92.0	18.0	燃料高と生活費不安が住宅停滞に重なり、将来感情が冷えやすい
30	ISR	イスラエル	Israel	中東	間接衝突	抑止優先、技術確保	同盟協議で防空とサイバーを強化	脅威継続、民生は最小限守る	戦費と分断で歳出調整が限界	72.0	63.0	78.0	91.0	90.0	80.0	94.0	14.0	住居支援停滞と外部不安が重なり、将来設計が縮む
30	SAU	サウジアラビア	Saudi Arabia	中東	圧力上昇	価格安定と対アジア重視	OPEC+小幅維持、対アジア供給を優先	価格の急変を避け歳入で改革を継続	停戦再燃と歳入依存で増産余地が小	64.0	61.0	72.0	50.0	76.0	60.0	84.0	24.0	住居停滞と物価不安が重なり、将来設計が保守化する
30	EU	欧州連合	European Union	欧州	圧力上昇	規制順守を取引条件化	対日で住宅・DC投資の基準整合を要求	生活費抑制と雇用確保を同時に進める	加盟国の電力高と景気鈍化で合意が難しい	47.0	44.0	78.0	66.0	77.0	59.0	88.0	22.0	住宅停滞とDC摩擦が将来不安を増幅し挑戦回避が進む
31	USA	アメリカ	United States	北米	境界的圧力	同盟負担とAI覇権を優先	対日:防衛費・電力/GPU投資を枠組み化	同盟と先端産業で雇用と安全を守る	選挙と生活費不満で譲歩しにくい	84.0	65.0	92.0	95.0	94.0	83.0	93.0	10.0	初任給格差が外圧と重なり努力の報われ感が薄れる
31	CHN	中国	China	東アジア	境界的圧力	対日圧力は選別、過熱回避	素材・部材の許認可を絞り交渉継続	雇用と成長を守りつつ外圧に対抗	若者雇用が痛点、強硬は景気を削る	88.0	58.0	94.0	96.0	82.0	91.0	95.0	10.0	初任給格差の話題が刺さり、努力の報われ感が揺らぐ
31	JPN	日本	Japan	東アジア	圧力上昇	賃金二極化の緩和優先	同盟枠で計算資源確保と職能訓練連携	成長分野育成と底上げで格差を抑える	財源逼迫で対象絞り、反発が怖い	64.0	60.0	90.0	72.0	96.0	73.0	94.0	6.0	選別感が強まり焦燥と諦めが増えるが訓練が救いに
31	TWN	台湾	Taiwan	東アジア	境界的圧力	抑止維持と供給防衛	米日と演習連携・半導体供給枠を再固定	不確実性下でも雇用と供給を守る	電力水・保険料上昇で投資と賃上げが圧迫	88.0	74.0	83.0	93.0	86.0	91.0	95.0	16.0	初任給二極化に供給不安が重なり将来像が細る
31	KOR	韓国	South Korea	東アジア	圧力上昇	賃金二極化の緩和優先	対日で半導体・人材協力を取引化	選別感を抑え再訓練と雇用を厚くする	財源と住宅不満で政権が揺らぐ	61.0	57.0	76.0	68.0	79.0	63.0	90.0	22.0	初任給二極化が日本にも波及し将来不安と自己否定が増える
31	PRK	北朝鮮	North Korea	東アジア	間接衝突	示威とサイバーで揺さぶる	短距離発射準備示唆と対日サイバー継続	敵対勢力の圧力に備え結束と耐乏	外貨・燃料不足で長期強硬は難	93.0	44.0	88.0	83.0	78.0	69.0	98.0	12.0	安保不安が選別感と結びつき、挑戦より萎縮が強まる
31	RUS	ロシア	Russia	ユーラシア	間接衝突	資源梃子で制裁耐久	輸出先振替と価格条件で圧力維持	制裁下でも雇用と生活を守る	戦費と統制で民生の限界が近い	84.0	86.0	83.0	90.0	89.0	82.0	96.0	17.0	賃金二極化に外部不安が乗り、選別感と将来不信が強まる
31	UKR	ウクライナ	Ukraine	欧州	限定戦争	支援確保と動員負担緩和	日EUへ防空・復興調達とAI活用支援を要請	前線維持と生活防衛を同時に進める	財政難と動員疲弊で改革余力が乏しい	85.0	62.0	86.0	77.0	95.0	75.0	91.0	17.0	初任給二極化の報道と外的危機が重なり不安が増幅、挑戦より回避が強まる
31	IRN	イラン	Iran	中東	境界的圧力	停戦維持で制裁緩和探る	代理勢力の行動を抑制し停戦監視で交渉継続	抑止は維持しつつ物価と雇用を守る	財政難と国内不満で再燃は危険	63.0	68.0	78.0	72.0	85.0	70.0	90.0	19.0	燃料高が生活不安を増幅し、選別感の強い賃金二極化と重なり将来が細る
31	ISR	イスラエル	Israel	中東	間接衝突	抑止維持と技術確保	防空・サイバー強化と輸出管理を調整	停戦下でも脅威は残る、警戒継続	戦費と分断で歳出余力が乏しい	70.0	60.0	82.0	92.0	88.0	78.0	95.0	16.0	初任給二極化が不安を増幅し、外部緊張で将来設計が硬直
31	SAU	サウジアラビア	Saudi Arabia	中東	圧力上昇	価格安定を優先し供給維持	OPEC+微調整、対アジア長期契約を強化	歳入安定で改革と雇用を守る	停戦再燃と投資負担で増産は限定	63.0	58.0	74.0	51.0	77.0	61.0	86.0	23.0	物価不安が賃金二極化と共振し挑戦が萎縮
31	EU	欧州連合	European Union	欧州	圧力上昇	規制整合を市場条件化	対日でAI/データ規制整合と認証を要求	公正競争と雇用防衛を優先し規制を徹底	加盟国景気差で強硬策は長続きしにくい	49.0	45.0	82.0	63.0	78.0	58.0	90.0	20.0	初任給二極化が可視化し、適応不安と諦めが増える
32	USA	アメリカ	United States	北米	境界的圧力	同盟負担とAI供給網を固定	対日:防衛増・港湾/物流自動化標準を連動	雇用転換と同盟強化で繁栄を守る	物価と選挙で対外譲歩が難しい	86.0	66.0	95.0	96.0	95.0	84.0	95.0	9.0	自動化の現実感で将来不安が増幅し、挑戦意欲が鈍る
32	CHN	中国	China	東アジア	境界的圧力	対日圧力を選別し抑制	素材・部材の許認可を厳格化、対話は維持	雇用安定を優先し外圧に備える	若者雇用が脆弱、強硬は景気悪化を招く	86.0	57.0	96.0	97.0	83.0	92.0	96.0	9.0	ロボ実証拡大で低賃金職の将来不安が増幅、努力の見返り感が薄れる
32	JPN	日本	Japan	東アジア	圧力上昇	雇用不安の先回り支援	同盟枠で半導体・計算資源枠を確保	自動化に備え再訓練と底上げを急ぐ	財源が薄く対象選別で反発が出る	63.0	58.0	92.0	70.0	97.0	74.0	95.0	5.0	現場職の将来像が揺れ、焦燥と諦めが増える。訓練の見える化が鍵
32	TWN	台湾	Taiwan	東アジア	境界的圧力	抑止継続と供給安定	米日と供給継続枠・海峡監視を強化	雇用と産業基盤を守り投資を継続	電力水・保険料が賃上げと投資を圧迫	86.0	72.0	84.0	92.0	85.0	90.0	94.0	18.0	半導体不安と自動化不安が重なり将来像が揺れる
32	KOR	韓国	South Korea	東アジア	圧力上昇	雇用不安を抑え競争維持	対日でロボ・半導体標準協力を条件化	自動化は不可避、再訓練と補償を拡充	財源制約で支援が薄いと政権が傷む	63.0	56.0	81.0	70.0	78.0	64.0	92.0	21.0	低賃金職の先細り感が強まり、焦りと分断不安が増える
32	PRK	北朝鮮	North Korea	東アジア	間接衝突	示威と情報戦で牽制	発射準備を誇示し対日サイバー継続	外圧に屈せず総動員で耐え抜く	外貨・燃料不足で長期エスカレ不可	92.0	46.0	90.0	84.0	79.0	70.0	99.0	11.0	安保不安に加え自動化不安が重なり将来像が縮む
32	RUS	ロシア	Russia	ユーラシア	間接衝突	資源と情報で制裁耐久	輸出先振替と条件強化で価格圧力	戦時経済で雇用維持、結束を訴える	戦費と統制で民生の不満が増す	86.0	88.0	85.0	92.0	90.0	84.0	97.0	16.0	省人化期待と職不安が同居し将来感が揺れる
32	UKR	ウクライナ	Ukraine	欧州	限定戦争	支援維持へ調達を最適化	日EUへ復興調達・防空と計算資源支援を要請	前線維持と経済再建を同時に進める	財政難と動員疲弊で統治余力が細る	83.0	60.0	84.0	78.0	93.0	73.0	92.0	18.0	戦争長期化報道と自動化不安が重なり、将来像が描きにくくなる
32	IRN	イラン	Iran	中東	境界的圧力	停戦維持で圧力管理	代理勢力を抑制し停戦枠内で制裁緩和探る	抑止を保ちつつ物価と雇用を守る	財政難と不満で再燃は政権に痛手	62.0	70.0	82.0	74.0	86.0	71.0	92.0	18.0	燃料高と物流ロボ実証が重なり、低賃金層ほど将来像が縮む
32	ISR	イスラエル	Israel	中東	間接衝突	抑止継続と技術優位確保	停戦監視を維持し、サイバー・輸出管理を強化	停戦下でも警戒継続、経済と治安を守る	戦費と分断で財政・徴兵負担が重い	68.0	58.0	86.0	90.0	84.0	76.0	93.0	18.0	ロボ実証拡大で低賃金層の将来不安が増幅し、外部緊張が挑戦意欲を削ぐ
32	SAU	サウジアラビア	Saudi Arabia	中東	圧力上昇	供給維持で価格急変を抑制	OPEC+小幅調整、対アジア長期契約を拡充	歳入安定で改革と雇用を守る	停戦再燃・設備投資で増産余地は小	64.0	61.0	77.0	52.0	78.0	62.0	88.0	22.0	物価と自動化不安が重なり、進路選択が保守化しやすい
32	EU	欧州連合	European Union	欧州	圧力上昇	規制と競争力の両立	対日でAI監査・データ移転条件を強化	雇用と安全を守るため規制整備を加速	加盟国景気差で一律強硬は続きにくい	50.0	44.0	84.0	64.0	79.0	57.0	92.0	19.0	ロボ実証拡大で低賃金職の将来不安が増幅、学び直し圧が強まる
33	USA	アメリカ	United States	北米	境界的圧力	同盟統合とAI標準主導	対日:教育AI標準・安全規格を連動し調達要求	競争力と安全を守る投資で次世代を支える	分断と物価で負担転嫁が増えやすい	84.0	61.0	92.0	94.0	88.0	82.0	93.0	12.0	学習環境格差が進路不安を増幅、AI適応圧で焦燥感が強まる
33	CHN	中国	China	東アジア	境界的圧力	対日圧力を選別し持続	輸出許認可を運用強化、対話窓口は維持	外圧下でも雇用と技術基盤を守る	若者雇用と景気が制約、強硬一辺倒は不可	84.0	60.0	93.0	96.0	82.0	90.0	97.0	10.0	学習AI格差が進路格差化し、将来の納得感と挑戦意欲が下がる
33	JPN	日本	Japan	東アジア	圧力上昇	教育格差の抑制優先	同盟枠で教育AIと計算資源の確保	学習機会の底上げで格差拡大を抑える	財源不足で全国一律が難しい	61.0	57.0	90.0	72.0	98.0	73.0	96.0	4.0	環境差が進路不安を増幅。見える支援がないと諦めが広がる
33	TWN	台湾	Taiwan	東アジア	境界的圧力	抑止維持と人材確保	米日と海峡監視・半導体供給枠を再調整	教育AI格差を是正し産業競争力を守る	電力水・保険・人材流出で供給維持が綱渡り	88.0	70.0	86.0	93.0	84.0	91.0	95.0	17.0	学習AI格差と半導体不安が重なり将来像が狭まる
33	KOR	韓国	South Korea	東アジア	圧力上昇	教育AIで競争力防衛	対日で教育AI標準連携を提案	格差是正と人材転換を急ぐ	財源薄く格差不満が噴く	61.0	54.0	78.0	68.0	79.0	63.0	93.0	20.0	教育環境差が将来差へ直結し焦り増幅
33	PRK	北朝鮮	North Korea	東アジア	境界的圧力	示威で譲歩を引き出す	短距離発射で警戒維持、対日サイバー継続	外圧下でも軍事力が生活を守ると強調	外貨・燃料不足で長期対峙は不利	94.0	47.0	91.0	86.0	80.0	72.0	99.0	10.0	安保不安が教育AI格差不安と合流し将来像がさらに縮む
33	RUS	ロシア	Russia	ユーラシア	間接衝突	資源収入と統制で耐久	資源輸出を条件化し制裁迂回を拡大	戦時経済で雇用維持、敵対に備える	戦費と統制疲れで不満を抑え込み	87.0	90.0	88.0	93.0	91.0	86.0	98.0	14.0	AI教育の格差が将来不安を増幅、焦りが強まる
33	UKR	ウクライナ	Ukraine	欧州	限定戦争	支援継続へ復興優先度を再配分	日EUへ復興調達と防空・AI教育支援を要請	前線維持と学習支援で将来を守る	動員疲弊と財政難で教育投資が削られがち	82.0	62.0	85.0	79.0	94.0	74.0	90.0	17.0	戦争報道に加えAI学習格差不安が進路選択を萎縮させる
33	IRN	イラン	Iran	中東	境界的圧力	停戦維持で対外圧力制御	代理勢力を絞り制裁緩和交渉を優先	緊張は抑え物価と雇用を守る方針	不満と財政難で強硬姿勢も必要	63.0	72.0	83.0	75.0	87.0	72.0	93.0	17.0	教育AI格差の話題が燃え、燃料高と重なり将来不安が増幅
33	ISR	イスラエル	Israel	中東	間接衝突	抑止維持と技術統制	停戦監視を継続し輸出管理・サイバー防衛強化	停戦中でも脅威は継続、治安と産業を守る	戦費と社会分断で教育・生活支援が逼迫	70.0	60.0	88.0	92.0	86.0	78.0	94.0	16.0	教育AI標準化で格差不安が拡大。計算資源制約と雇用不確実性が将来観を冷やす
33	SAU	サウジアラビア	Saudi Arabia	中東	圧力上昇	供給安定で価格を抑える	OPEC+据置寄り、対アジア契約を厚く	歳入を守り改革と雇用を維持する	停戦再燃と設備制約で増産余地小	63.0	58.0	79.0	54.0	77.0	61.0	89.0	23.0	教育AI格差が進路格差に直結し不安増幅
33	EU	欧州連合	European Union	欧州	圧力上昇	規制適合を軸に競争力確保	対日で教育AI・データ取扱の適合証明を要請	公正な学習機会と雇用保護のため基準を徹底	加盟国差と企業反発で実装は段階的になりがち	52.0	46.0	87.0	66.0	78.0	58.0	93.0	18.0	学習環境差が将来差に直結し不安増、適合費用が機会格差を拡大
34	USA	アメリカ	United States	北米	圧力上昇	同盟負担の再調整とAI覇権	対日:海上保険・港湾警戒と装備補完を要求	中東再燃は抑えたが備えを継続し物価も抑える	分断と物価で対外負担を同盟へ寄せがち	78.0	58.0	86.0	92.0	85.0	74.0	88.0	16.0	将来設計が安全保障とAI適応に挟まれ焦りが強まる
34	CHN	中国	China	東アジア	境界的圧力	対日圧力を分野別に強弱	素材・部材の許認可を揺らし対話も維持	外部環境に備え雇用と供給網を守る	景気と若者雇用が制約、全面強硬は損	82.0	67.0	90.0	95.0	80.0	89.0	96.0	12.0	燃料高と供給不安で生活防衛化し、挑戦の先送りが増える
34	JPN	日本	Japan	東アジア	圧力上昇	不安抑制と配分最適化	中東動向を注視し調達・海運の代替線を確保	物価と安全保障の両面で家計と雇用を守る	財政逼迫で若者・防衛・物価対策が競合	63.0	66.0	86.0	71.0	97.0	74.0	93.0	6.0	物価と将来不安が続く。支援の見える化がないと諦めが固定化
34	TWN	台湾	Taiwan	東アジア	境界的圧力	抑止維持と供給網の耐性化	米日と海峡監視を継続し供給枠と備蓄を調整	不確実性に備え産業と生活の両方を守る	電力水・保険・人材流出で増産が難しい	87.0	66.0	83.0	92.0	80.0	89.0	94.0	18.0	半導体・海運の不安が進路選択を狭め、慎重化が強まる
34	KOR	韓国	South Korea	東アジア	圧力上昇	エネ分散と半導体防衛	対米協議で海上警戒強化、調達分散	物価対応と抑止力を同時に進める	燃料脆弱で物価不満、財源も硬直	63.0	67.0	74.0	66.0	61.0	58.0	88.0	22.0	物価と雇用不安が再燃し、将来設計の萎縮が強まる
34	PRK	北朝鮮	North Korea	東アジア	境界的圧力	限定示威で交渉余地を作る	短距離発射を抑制しつつ偵察・サイバー継続	対外包囲に屈せず抑止力で生活を守る	外貨・燃料不足で長期高強度は維持困難	88.0	52.0	86.0	84.0	78.0	70.0	96.0	12.0	安保不安が就職・学習投資不安を増幅し将来像が縮む
34	RUS	ロシア	Russia	ユーラシア	間接衝突	資源と統制で持久	輸出条件を強め制裁迂回と取引を拡大	外圧下でも雇用と治安を守ると強調	戦費負担と統制疲れで不満が蓄積	84.0	82.0	83.0	91.0	88.0	81.0	94.0	16.0	燃料高止まりと供給不安で将来設計が揺れ、焦燥が増す
34	UKR	ウクライナ	Ukraine	欧州	限定戦争	復興確保と防空を最優先	日本EUへ復興資金・防空部品・AI訓練支援を要請	前線維持と復興雇用で社会を支える	支援疲れと財政難で若者施策が後回し	83.0	68.0	84.0	78.0	95.0	77.0	89.0	16.0	戦争長期化と原油不安が重なり、将来設計が守りに寄る
34	IRN	イラン	Iran	中東	圧力上昇	停戦維持で緊張を小出し管理	海上輸送の妨害を抑えつつ交渉余地を探る	対外圧力下でも物価抑制と治安を優先する	制裁と不満で強硬演出が要るが戦火は避けたい	58.0	66.0	79.0	74.0	85.0	69.0	88.0	19.0	燃料高の断続で生活不安が残り、SNSで将来観が揺れやすい
34	ISR	イスラエル	Israel	中東	境界的圧力	停戦維持と先端優位	停戦監視継続、海上護衛協調と輸出管理	再燃は抑える、治安と技術基盤を守る	戦費と分断で社会投資が削られやすい	66.0	58.0	82.0	90.0	84.0	72.0	90.0	18.0	原油・物流の断続不安で将来設計が縮み、AI格差と雇用不安が残る
34	SAU	サウジアラビア	Saudi Arabia	中東	圧力上昇	供給微調整で安定優先	OPEC+微調整、対アジア長期契約維持	価格安定と改革投資を両立する	停戦再燃・設備余力小で急増産困難	60.0	52.0	70.0	53.0	74.0	58.0	85.0	26.0	物価不安は残り、学費・就活の先行き不透明感が続く
34	EU	欧州連合	European Union	欧州	圧力上昇	規制と景気の綱渡り	対日でAI監査・データ移転条件を厳格化	安全と雇用を守るため基準と支援を両立	加盟国差と財政制約で一枚岩になれない	49.0	54.0	83.0	63.0	76.0	56.0	88.0	20.0	適合負担で進路不安が続くが、急落はしにくい
35	USA	アメリカ	United States	北米	境界的圧力	同盟の可視化と負担増	対日:共同訓練拡大と装備・港湾警戒を要請	停戦は脆い。物価抑制と抑止を同時に進める	分断と物価で対外費用を同盟へ寄せたい	82.0	63.0	88.0	94.0	87.0	78.0	90.0	14.0	制度不信の話題化に同盟圧力が重なり、若者は将来設計を先送りしやすい
35	CHN	中国	China	東アジア	境界的圧力	対日を分野別に揺さぶる	輸出許認可を微調整し対話窓口も維持	外圧に備え雇用と供給網の安定を守る	景気と若者雇用が重し、過度強硬は逆風	84.0	70.0	92.0	96.0	83.0	90.0	98.0	10.0	制度不信報道で不安が増幅、安定志向が強まり挑戦が先送り
35	JPN	日本	Japan	東アジア	圧力上昇	信頼回復と痛み分散	同盟連携で抑止維持、資源・半導体調達を分散	不安調査を受け、家計支援と将来投資を両立	増税回避と給付拡大が両立しにくい	64.0	63.0	84.0	70.0	98.0	73.0	96.0	5.0	調査拡散で不信が増幅。将来像の提示が弱いと諦めが固定化
35	TWN	台湾	Taiwan	東アジア	境界的圧力	抑止と社会結束の維持	米日と情報共有し海峡監視と供給枠を再確認	不安拡散に対処し生活と産業の安定を守る	電力水・保険料高騰で投資継続が脆い	88.0	67.0	82.0	93.0	81.0	90.0	95.0	17.0	海峡不安が制度不信の話題と結びつき将来像が縮む
35	KOR	韓国	South Korea	東アジア	圧力上昇	制度信頼の補修を優先	対米協議で対北抑止維持、供給網連携	若者不安に雇用・住宅で応える	物価と対北対応で改革余力が乏しい	64.0	62.0	71.0	63.0	65.0	60.0	90.0	20.0	不信調査が波及し就職・将来不安が増幅、萎縮
35	PRK	北朝鮮	North Korea	東アジア	境界的圧力	限定示威で不安を揺さぶる	衛星名目の発射準備とサイバー窃取を強化	敵対包囲に対抗し抑止力を更新する	燃料・外貨不足で長期エスカレーション困難	90.0	54.0	82.0	83.0	76.0	68.0	97.0	11.0	制度不信の報道と安保不安が結びつき将来設計が萎縮
35	RUS	ロシア	Russia	ユーラシア	間接衝突	資源レバーで持久と揺さぶり	資源輸出条件を硬化し制裁迂回と情報戦	外圧下でも戦費と生活を確保と強調	戦費と統制疲れで不満、収入確保が最優先	86.0	84.0	81.0	90.0	89.0	83.0	96.0	14.0	制度不信報道に同調する攪乱で不安が増幅し、将来設計がさらに縮む
35	UKR	ウクライナ	Ukraine	欧州	限定戦争	支援維持と防空優先	日本EUへ復興枠の前倒しと防空部品要請	戦時統治でも汚職抑止と公正配分を徹底	支援疲れで改革と動員の両立が限界	84.0	66.0	85.0	79.0	94.0	78.0	90.0	15.0	制度不信報道が戦争不確実性と結び、若者は挑戦より安定へ傾く
35	IRN	イラン	Iran	中東	境界的圧力	停戦維持で圧力を管理	制裁緩和を迫り航路リスクを示唆	抵抗と生活防衛を両立し体制を守る	不満沈静に強硬演出が要るが戦火は避けたい	60.0	70.0	78.0	74.0	86.0	70.0	92.0	17.0	燃料高と不信調査が重なり将来不安が増幅しやすい
35	ISR	イスラエル	Israel	中東	境界的圧力	停戦維持と技術優位確保	停戦監視継続、海上護衛協調と輸出管理	再燃抑止と治安維持、技術基盤を守る	戦費と分断で社会投資が削られやすい	68.0	60.0	84.0	92.0	86.0	75.0	93.0	16.0	制度不信報道と中東不安が重なり、将来設計が萎み不安が増幅
35	SAU	サウジアラビア	Saudi Arabia	中東	圧力上昇	供給維持で価格抑制	OPEC+慎重運用、対アジア契約優先	安定収益で改革と雇用を支える	停戦再燃と設備余力で急増産しにくい	63.0	57.0	72.0	54.0	76.0	60.0	88.0	24.0	物価と将来不安が再拡散し、就活・結婚の決断が先送り
35	EU	欧州連合	European Union	欧州	圧力上昇	制度信頼の回復を優先	対日でAI透明性・監査要件を段階強化	若者不信に対し雇用と安全の両立を示す	加盟国分断と景気悪化で再分配が難しい	50.0	56.0	80.0	66.0	78.0	58.0	90.0	19.0	適合負担と不信報道が増幅し、将来設計が萎む
36	USA	アメリカ	United States	北米	境界的圧力	同盟負担増とAI優位維持	対日:防衛費増・共同訓練拡大と輸出管理同調	停戦は脆い。物価と雇用を守りAI覇権も確保	選挙・物価・弾薬生産制約で同盟へ負担転嫁	80.0	60.0	85.0	92.0	88.0	76.0	88.0	12.0	同盟負担と雇用不安が同時進行し、将来像が描きにくい
36	CHN	中国	China	東アジア	境界的圧力	対日を可変圧力で管理	重要鉱物・部材の許認可を選別運用	雇用と供給網を守り外圧に備える	景気弱含みで強硬一辺倒は難しい	82.0	68.0	90.0	95.0	80.0	88.0	96.0	12.0	先行き不透明感が常態化し挑戦より安定志向が強まる
36	JPN	日本	Japan	東アジア	圧力上昇	構造改革へ痛み再配分	資源・半導体の分散調達と同盟抑止を維持	短期策を見直し、住居・教育・ケアへ重点移す	財政逼迫で給付拡大が続かず対立が増える	63.0	58.0	78.0	66.0	97.0	71.0	90.0	7.0	将来像が曖昧だと諦め固定。役割と住居の見通し提示で不安は鈍る
36	TWN	台湾	Taiwan	東アジア	境界的圧力	抑止維持と産業継続	米日と危機連絡を常設化し供給優先枠を調整	不確実性は続くが稼働と雇用を守る	制度疲労で補助の持続性が疑われる	86.0	69.0	79.0	94.0	84.0	88.0	93.0	16.0	先端供給不安が将来設計を萎縮させ、挑戦回避が強まる
36	KOR	韓国	South Korea	東アジア	圧力上昇	制度疲労下で雇用と抑止	対米で対北抑止維持、供給網と半導体協調	生活防衛と若者雇用の底割れ回避を優先	物価・住宅不満と防衛負担で調整が硬直	66.0	60.0	74.0	65.0	70.0	63.0	92.0	18.0	近隣不安と雇用連想が強まり、挑戦より保守に傾く
36	PRK	北朝鮮	North Korea	東アジア	間接衝突	示威と取引で外貨を確保	短距離発射示威とサイバー窃取を継続	包囲に対抗し抑止力を強化すると強調	燃料・外貨不足で長期戦は避けたい	88.0	56.0	80.0	84.0	78.0	70.0	96.0	10.0	安保不安が制度疲労と結びつき、挑戦より萎縮が強まる
36	RUS	ロシア	Russia	ユーラシア	間接衝突	資源と情報で長期揺さぶり	輸出先と条件を調整し制裁迂回を拡大	長期戦でも国家と生活を守ると強調	戦費負担と統制疲れ、外貨収入が生命線	84.0	82.0	79.0	88.0	86.0	81.0	94.0	18.0	制度疲労の報道と攪乱が重なり、将来設計への諦めが増える
36	UKR	ウクライナ	Ukraine	欧州	限定戦争	支援固定化と動員再設計	日本EUへ復興枠固定と防空弾薬要請	制度疲労を抑え補償と汚職対策を強化	支援疲れと人員不足で継戦余力が細る	86.0	64.0	82.0	77.0	92.0	76.0	88.0	16.0	長期戦報道が将来像を曇らせ、若者は安定志向が強まる
36	IRN	イラン	Iran	中東	境界的圧力	停戦維持し制裁緩和を誘導	停戦枠を維持しつつ航路警戒を誇示	外圧下でも生活を守り抵抗を継続	不満沈静に強硬演出、再燃は避けたい	63.0	72.0	79.0	76.0	88.0	71.0	90.0	16.0	燃料高と停戦再燃観測で将来不安が濃く、進路選択が慎重化
36	ISR	イスラエル	Israel	中東	境界的圧力	停戦維持と内政修復を優先	停戦監視を継続しサイバー抑止と輸出管理	治安と生活の同時防衛、制度の立て直しへ	戦費と分断で制度疲労、予算配分が硬直	66.0	58.0	78.0	90.0	88.0	72.0	91.0	18.0	中東不安と技術供給の揺れが重なり、将来像が描きにくい
36	SAU	サウジアラビア	Saudi Arabia	中東	圧力上昇	供給維持で価格の急騰回避	OPEC+増産は限定、アジア向け契約を優先	収益の安定で改革投資と雇用を守る	停戦再燃・設備保守で余力は大きくない	61.0	54.0	70.0	53.0	75.0	59.0	86.0	23.0	物価と将来像の曖昧さが残り、挑戦より安定志向が強まる
36	EU	欧州連合	European Union	欧州	圧力上昇	制度疲労で実装支援重視	対日で監査互換と適合支援枠組み提案	規制と成長を両立し生活不安を抑える	加盟国分断で再分配が遅れやすい	54.0	52.0	74.0	61.0	76.0	56.0	86.0	23.0	適合負担と雇用移行不安が残り、将来像が揺れるが互換策で一部緩和
37	USA	アメリカ	United States	北米	境界的圧力	AI覇権と同盟負担要求	対日:輸出管理同調+拠出増を要請	AI覇権と雇用を守り同盟で抑止	財政は余るが分断と産業票が制約	78.0	58.0	82.0	90.0	86.0	74.0	87.0	14.0	同盟負担とAI再編で将来像が霧化、焦燥が増す
37	CHN	中国	China	東アジア	境界的圧力	利益還元論で対外主導	AI利益還元を国際提案し規格主導、対日には供給許認可を梃子に協調要求	AI成長の果実を教育・雇用に回し外圧に備える	景気と雇用不安で過度な対立は避けたい	80.0	66.0	88.0	94.0	78.0	86.0	95.0	14.0	分断と規格競争が強まり、将来像が曖昧で安定志向が増す
37	JPN	日本	Japan	東アジア	圧力上昇	還元議論を取り込み負担調整	AI利益還元の枠組み協議に参加し同盟国と足並み	成長と公正の両立で教育・ケアを下支えする	増税回避と競争力維持で再分配は限定的	61.0	57.0	76.0	64.0	94.0	69.0	86.0	9.0	還元の実感が薄いと不信が増えるが、学び直しの見通しで不安は緩む
37	TWN	台湾	Taiwan	東アジア	境界的圧力	同盟連携と分配主導	AI利益還元枠組み支持と供給枠交渉	産業利益を教育・生活に回し不安を抑える	分配で投資余力減、対中抑止費と競合	84.0	66.0	76.0	92.0	86.0	86.0	90.0	18.0	還元議論で救済期待は出るが、供給不安が将来設計を圧迫
37	KOR	韓国	South Korea	東アジア	圧力上昇	AI還元論で雇用防衛優先	対米協調で半導体・AI投資継続、還元枠組み交渉	AI利益を教育・雇用に回し格差不安を抑える	財政配分が逼迫、企業反発と同盟負担が重い	64.0	58.0	78.0	67.0	74.0	62.0	90.0	16.0	AI課税・雇用不安が連想され、挑戦より安定志向が強まる
37	PRK	北朝鮮	North Korea	東アジア	境界的圧力	示威を抑え取引窓口を探る	発射準備を誇示しつつ対話仲介を打診	外圧に屈せず生活防衛も進めると強調	外貨枯渇で挑発を続ける余力が細い	86.0	58.0	82.0	85.0	79.0	72.0	95.0	9.0	安全不安が再燃し、将来設計は防衛的になりやすい
37	RUS	ロシア	Russia	ユーラシア	間接衝突	資源と規範で揺さぶり	資源条件を揺らし制裁迂回と情報戦を強化	AI還元論は西側の搾取だと批判し結束訴え	外貨と戦費の綱渡り、統制疲れが蓄積	86.0	84.0	80.0	90.0	87.0	82.0	95.0	17.0	分断情報と物価不安が重なり、将来設計が短期化する
37	UKR	ウクライナ	Ukraine	欧州	限定戦争	復興資金と継戦の両立	AI利益還元議論に参加し復興基金化を提案	前線維持と復興準備を同時に進める	動員疲労と支援鈍化で財政が逼迫	84.0	62.0	78.0	74.0	90.0	72.0	86.0	18.0	戦争長期化と負担論が拡散し、将来設計が保守化
37	IRN	イラン	Iran	中東	境界的圧力	停戦枠維持と交渉圧力	制裁緩和を梃子に国際議論へ接続	不公正な分配に対抗し生活を守る	失業と不満が高く強硬演出が要る	64.0	74.0	81.0	77.0	86.0	72.0	91.0	15.0	燃料高と再燃観測が続き将来像が曇る。学習・就職の選択が保守化
37	ISR	イスラエル	Israel	中東	境界的圧力	安全優先で技術優位を死守	AI還元議論に条件付き賛同、輸出管理維持	国益と生活を守るため外圧に線引きする	分断と戦費で余力不足、技術課税に弱い	64.0	56.0	74.0	88.0	86.0	70.0	89.0	20.0	AI還元論で雇用不安が再燃し、半導体制約が将来設計を曇らせる
37	SAU	サウジアラビア	Saudi Arabia	中東	圧力上昇	価格安定と改革投資を優先	OPEC+は慎重運用、アジア契約を厚く維持	歳入の安定で雇用と改革を継続する	停戦再燃と設備制約で増産余力は限定	63.0	57.0	69.0	52.0	74.0	60.0	84.0	24.0	物価連動の不安が続き、挑戦より安定志向が強まる
37	EU	欧州連合	European Union	欧州	圧力上昇	利益還元を規制に組み込む	対日で監査互換と利益還元原則の協議	AI利益を教育・地域へ回し不安を抑制	加盟国分断で合意が遅く景気が弱い	55.0	53.0	72.0	60.0	77.0	56.0	84.0	24.0	適合負担は続くが還元議論が将来像の手掛かりに
38	USA	アメリカ	United States	北米	境界的圧力	同盟負担とAI規律を要求	対日:防衛拠出・輸出管理同調を再要請	雇用と覇権を守るため同盟で抑止	分断と産業票、対外コストに限界	80.0	60.0	83.0	92.0	88.0	76.0	88.0	12.0	防衛費と生活支援の綱引きが可視化し、将来設計が縮む
38	CHN	中国	China	東アジア	境界的圧力	規格と供給で対日誘導	半導体材・部材の許認可で協調要求	外圧下でも雇用と成長を守る	景気鈍化で強硬一辺倒は難しい	84.0	64.0	90.0	95.0	80.0	88.0	96.0	12.0	将来不安が強まり、安定職志向と海外志向が二極化
38	JPN	日本	Japan	東アジア	圧力上昇	防衛と生活支援を両立	同盟調整と調達分散、費用分担交渉	安全保障も物価も守る、重点支援で穴埋め	増税回避で財源が窮屈、優先順位が割れる	63.0	58.0	74.0	62.0	95.0	70.0	88.0	8.0	支援の線引きが不公平感を生み、将来像が曇る
38	TWN	台湾	Taiwan	東アジア	境界的圧力	抑止強化と家計緩和	同盟と半導体安定供給枠を再交渉	安全保障と生活支援を同時に守る	防衛・補助金・投資が予算で競合	86.0	68.0	77.0	93.0	88.0	87.0	91.0	17.0	将来費用不安が強まり、進路選択が慎重化する
38	KOR	韓国	South Korea	東アジア	圧力上昇	防衛優先で生活支援は選別	対米で防衛分担調整、半導体投資は維持	安全保障を優先しつつ弱者支援は守る	財源が競合し若者支援を削りにくい	66.0	60.0	82.0	70.0	79.0	64.0	92.0	14.0	防衛と生活の板挟みが可視化し、将来設計の不安と萎縮が増える
38	PRK	北朝鮮	North Korea	東アジア	間接衝突	限定挑発で主導権確保	短距離発射で誇示、裏で取引窓口探る	抑止力強化で体制と生活を守る	外貨・燃料不足で長期挑発は難しい	89.0	61.0	84.0	86.0	82.0	74.0	96.0	8.0	防衛費と生活支援の対立が可視化し、将来像が萎む
38	RUS	ロシア	Russia	ユーラシア	間接衝突	資源と情報で圧力維持	資源供給を選別し制裁迂回と情報戦継続	長期戦でも経済を回し耐えると強調	戦費と統制疲れ、収入確保が最優先	88.0	86.0	81.0	91.0	89.0	83.0	96.0	15.0	防衛と生活支援の綱引きが可視化し、将来不信と分断感が強まる
38	UKR	ウクライナ	Ukraine	欧州	限定戦争	支援確保と戦線維持	欧米に長期支援枠と復興債を要請	前線を守り生活も崩さない	支援疲れと動員疲労で継戦が脆い	83.0	63.0	79.0	75.0	91.0	73.0	87.0	17.0	防衛と生活支援の二者択一感が強まり将来設計が縮む
38	IRN	イラン	Iran	中東	境界的圧力	停戦維持で対外取引狙い	停戦枠に残り制裁緩和を取引材料化	国益と生活防衛のため抑止を維持	不満沈静に強硬演出も必要で綱渡り	66.0	78.0	83.0	79.0	88.0	74.0	92.0	14.0	燃料高と再燃観測で将来像が縮む。支援と防衛の競合が不信を増幅
38	ISR	イスラエル	Israel	中東	間接衝突	安全最優先で財源配分を硬化	同盟調整で対イラン抑止強化、輸出管理堅持	安全保障を優先しつつ生活支援は的を絞る	戦費と分断で財政余力が狭い、妥協が難しい	66.0	58.0	77.0	90.0	88.0	72.0	90.0	18.0	財源競合の報道で将来不安が増幅、理工系も計算資源難で停滞感
38	SAU	サウジアラビア	Saudi Arabia	中東	圧力上昇	価格安定と歳入確保を両立	OPEC+で慎重減産維持、対アジア長期契約を重視	価格の乱高下を抑え、雇用と改革投資を守る	停戦再燃と設備制約で増産カードは小さい	64.0	59.0	71.0	52.0	77.0	61.0	85.0	22.0	生活費不安が強まり、若者は挑戦より節約・安定へ傾く
38	EU	欧州連合	European Union	欧州	圧力上昇	財源競合を制度で調停	対日で規制整合と防衛産業協力を要請	安全保障と生活を両立し雇用を守る	加盟国分断で財源合意が遅い	58.0	56.0	70.0	62.0	79.0	57.0	86.0	23.0	適合負担と財源不安が将来像を曇らせるが、制度還元が支えに
39	USA	アメリカ	United States	北米	境界的圧力	対日負担増とAI囲い込み	対日:防衛負担増・AI供給網同調を再要求	雇用と競争力を守るため同盟で結束	産業票と物価不満で対外コストに限界	78.0	62.0	88.0	94.0	90.0	79.0	91.0	10.0	仕事と賃金の見通しが曇り、進学・転職の決断が遅れる
39	CHN	中国	China	東アジア	境界的圧力	供給と規格で主導権確保	部材許認可を調整し対日協調を条件化	雇用安定と産業高度化を同時に進める	景気鈍化で圧力強化は反作用が怖い	86.0	63.0	93.0	96.0	82.0	90.0	97.0	10.0	中小の淘汰観測が不安を加速、安定志向と回避行動が強まる
39	JPN	日本	Japan	東アジア	圧力上昇	雇用不安の火消し優先	対米・対欧でAI/半導体枠確保、同盟調整	雇用と物価を守る、再訓練と中小支援を拡充	財源逼迫で配分対立、効果が遅れて不満が残る	64.0	57.0	82.0	63.0	96.0	72.0	92.0	7.0	中小の淘汰観測で将来不安が増幅、学び直しが鍵
39	TWN	台湾	Taiwan	東アジア	境界的圧力	供給安定と抑止維持	日米と供給枠を固定し有事訓練を拡大	供給安定と雇用支援で不安を抑える	電力・防衛・産業支援が同時に逼迫	88.0	70.0	82.0	94.0	90.0	88.0	92.0	15.0	雇用不安と供給懸念が重なり、挑戦より安定志向が強まる
39	KOR	韓国	South Korea	東アジア	圧力上昇	雇用不安の封じ込め優先	対米協調で半導体枠確保、対北抑止強化	雇用支援と安保を同時に守ると説明	財源と世論が割れ支援は薄くなりがち	67.0	61.0	86.0	72.0	81.0	66.0	90.0	16.0	雇用の先細り感が強まり挑戦より保守に傾く
39	PRK	北朝鮮	North Korea	東アジア	間接衝突	挑発と取引で体制延命	発射示威とサイバー窃取、裏で交渉窓口	敵対勢力に備え抑止を強化し生活を守る	外貨・燃料不足で長期対峙は困難	90.0	63.0	86.0	88.0	84.0	76.0	97.0	7.0	雇用不安に安全保障不安が重なり、将来設計が縮む
39	RUS	ロシア	Russia	ユーラシア	間接衝突	資源と情報で揺さぶり	資源輸出の条件化と制裁迂回、情報戦を継続	制裁下でも動員と産業維持で耐えると強調	戦費と統制疲れ、外貨収入確保が最優先	90.0	84.0	86.0	88.0	87.0	82.0	94.0	16.0	雇用不安と物価圧が同時進行し、将来像が描けず焦燥が増える
39	UKR	ウクライナ	Ukraine	欧州	限定戦争	支援維持と動員負担の管理	欧州・日米に防空弾薬と復興AI投資枠を要請	防衛を優先しつつ雇用と生活を下支えする	支援疲れと人的損耗で正統性が揺らぐ	84.0	61.0	76.0	72.0	89.0	71.0	86.0	18.0	防衛・物価・雇用不安が重なり若者の将来設計が縮む
39	IRN	イラン	Iran	中東	境界的圧力	停戦維持で取引余地確保	停戦枠に残り原油供給と航路安定を交渉	生活防衛のため抑止と交渉を両立	制裁と不満で強硬演出も要り綱渡り	69.0	83.0	87.0	80.0	90.0	77.0	93.0	12.0	燃料高と再燃観測がAI淘汰不安に重なり将来像が縮む
39	ISR	イスラエル	Israel	中東	間接衝突	安全優先で技術囲い込み	対イラン抑止継続、AI/サイバー輸出管理強化	安全確保が前提、雇用不安へ再訓練を上乗せ	戦費と分断で歳出硬直、妥協余地が小さい	68.0	60.0	80.0	92.0	90.0	74.0	92.0	16.0	AI淘汰報道と計算資源逼迫が重なり、将来像が縮む
39	SAU	サウジアラビア	Saudi Arabia	中東	圧力上昇	価格安定で歳入確保	OPEC+減産を維持しアジア長期契約を優先	改革投資と雇用を守るため価格を安定させる	停戦再燃リスクと設備制約で増産余地が小さい	66.0	61.0	78.0	53.0	80.0	63.0	88.0	20.0	雇用不安と生活費が重なり、若者は挑戦回避と閉塞感が強まる
39	EU	欧州連合	European Union	欧州	圧力上昇	規制整合と雇用防衛を優先	対日へAI規制整合と共同支援枠を提案	競争力と雇用を守るため支援と規律を両立	加盟国分断で財源合意が遅れ実装が鈍い	60.0	54.0	74.0	63.0	80.0	58.0	88.0	22.0	適合負担と雇用不安が増幅し、将来設計が短期化する
40	USA	アメリカ	United States	北米	境界的圧力	同盟結束でAI・安保を統制	対日:防衛負担増と計算資源枠の同盟優先	雇用と供給網を守るため同盟で規律	物価と分断で対外支出は増やしにくい	80.0	60.0	86.0	95.0	92.0	78.0	90.0	12.0	介護格差の不安に加え、仕事と学び直しの迷いが増える
40	CHN	中国	China	東アジア	境界的圧力	規格と供給で影響力維持	対日部材供給を選別、介護機器規格で囲い込む	内需と雇用を守り技術優位を確保する	景気鈍化で過度な締付けは逆効果	88.0	62.0	91.0	95.0	83.0	92.0	96.0	9.0	介護の地域格差が将来不安を増幅、安定志向が強まる
40	JPN	日本	Japan	東アジア	圧力上昇	地方格差の火消し優先	同盟枠で介護AI機器・部材の確保交渉	都市偏重を是正し、現場負担を軽減する	財源薄く成果が遅い、反発が残る	63.0	56.0	84.0	66.0	97.0	74.0	93.0	6.0	地方の遅れが可視化し将来不安増、移住や学び直しが分岐
40	TWN	台湾	Taiwan	東アジア	境界的圧力	供給安定と抑止の継続	日米と重要品目の優先供給枠を更新	雇用と産業を守りつつ備えを強化する	電力・防衛・産業支援の三重負担が続く	86.0	68.0	79.0	92.0	88.0	85.0	90.0	17.0	介護ロボ格差の報道と供給不安が重なり、将来観が硬直する
40	KOR	韓国	South Korea	東アジア	圧力上昇	産業保護と対北抑止を優先	対米協調で半導体枠確保、対日競争牽制	雇用と安保を守るため産業支援を強化	財源不足で若者対策は薄く政治対立も残る	66.0	60.0	82.0	74.0	83.0	68.0	88.0	14.0	介護の地域格差と雇用不安が重なり、将来像が縮む
40	PRK	北朝鮮	North Korea	東アジア	間接衝突	発射示威で外圧と取引	短距離発射準備示威、サイバー外貨獲得継続	敵対勢力の脅威に備え自力更生を強化	外貨・燃料不足で持久戦は避けたい	92.0	62.0	84.0	87.0	82.0	75.0	96.0	8.0	安全保障不安が再燃。地方の介護格差不安と重なり将来が曇る
40	RUS	ロシア	Russia	ユーラシア	間接衝突	資源と情報で揺さぶり継続	資源条件化と制裁迂回、海空で示威	長期戦でも国家は耐えると強調	戦費と統制疲れ、外貨確保が必須	88.0	82.0	83.0	87.0	85.0	80.0	92.0	18.0	介護格差の不満に物価不安が重なり、閉塞感が増す
40	UKR	ウクライナ	Ukraine	欧州	限定戦争	支援確保と疲弊抑制	欧米日へ防空・弾薬と復興AI枠の拡充要請	戦線維持と生活支援を同時に進める	人的損耗と支援疲れで統治が脆い	86.0	63.0	74.0	73.0	90.0	72.0	85.0	17.0	防衛・物価不安に介護格差が重なり将来像が曇る
40	IRN	イラン	Iran	中東	境界的圧力	停戦維持で制裁緩和狙い	停戦枠を維持し原油・航路の交渉圧力を強める	生活防衛のため抑止と交渉を同時に進める	不満抑制の強硬演出と経済維持が両立困難	71.0	85.0	86.0	81.0	89.0	78.0	92.0	13.0	燃料高と再燃観測が強まり、介護の格差不安も重なり将来像が細る
40	ISR	イスラエル	Israel	中東	間接衝突	抑止維持と技術統制	停戦維持を探りつつAI/サイバー輸出管理強化	安全確保を優先しつつ生活負担は軽減する	戦費と分断で財政硬直、妥協余地が小さい	70.0	63.0	77.0	90.0	88.0	76.0	90.0	18.0	介護ロボ格差報道と供給逼迫が重なり将来不安が増幅
40	SAU	サウジアラビア	Saudi Arabia	中東	圧力上昇	価格安定と体制維持	OPEC+で供給管理しアジア契約を優先	歳入を守り改革投資と雇用を支える	停戦再燃と設備制約で増産余地が小さい	64.0	58.0	76.0	52.0	82.0	62.0	87.0	18.0	介護の導入格差が不公平感を増やし、生活費と将来不安が固定化
40	EU	欧州連合	European Union	欧州	圧力上昇	規制整合と社会支出を両立	対日へ介護ロボ共同調達と規制整合要求	高齢化対応と雇用転換を同時に進める	加盟国差で財源・調達が割れ実行が遅い	59.0	52.0	71.0	60.0	78.0	57.0	86.0	23.0	介護の格差報道が将来不安を増幅、就業観が慎重化
41	USA	アメリカ	United States	北米	境界的圧力	同盟規律でAI・安保を再固定	対日:防衛負担要求継続、計算資源は同盟優先枠	雇用と供給網を守るため同盟で競争を管理	物価と分断で対外支出は増やしにくい	78.0	58.0	82.0	93.0	90.0	76.0	84.0	18.0	共同PJが希望を少し支えるが、計算資源と仕事不安は残る
41	CHN	中国	China	東アジア	境界的圧力	供給選別と対話を併用	対日重要部材は許可制、民生枠は維持	安全と雇用を守り外圧に対処する	景気減速で強硬一辺倒は自傷になり得る	86.0	60.0	88.0	94.0	80.0	90.0	92.0	14.0	共同PJは希望の足場になるが、供給不安が将来像を曇らす
41	JPN	日本	Japan	東アジア	圧力上昇	若者支援の可視化で安定化	同盟枠で半導体・計算資源の確保を継続	地域横断の取組を支え、生活不安を抑える	財政逼迫で広域支援が続かない	62.0	55.0	81.0	64.0	96.0	72.0	88.0	8.0	小さな成功が見え希望は微増、ただ負担感は強く不安残る
41	TWN	台湾	Taiwan	東アジア	境界的圧力	供給継続と抑止強化	日米欧と重要品目の優先供給を再確認	生活維持と備えを両立し産業を守る	電力逼迫と防衛負担で支援が薄い	84.0	66.0	74.0	90.0	86.0	82.0	84.0	22.0	供給不安は残るが共同PJ増で悲観が一部緩む
41	KOR	韓国	South Korea	東アジア	圧力上昇	同盟軸に半導体競争管理	対米協調で半導体枠確保、対北抑止維持	雇用と安保を同時に守るため支援を継続	財政と与野党対立で若者対策は薄まりがち	64.0	58.0	74.0	68.0	80.0	64.0	78.0	22.0	共同プロジェクトが将来像の足場に。不安は残るが孤立感はやや減る
41	PRK	北朝鮮	North Korea	東アジア	間接衝突	示威を抑え取引余地確保	発射準備を誇示し制裁緩和を示唆	敵対の脅威に備え結束と自力更生	外貨と燃料難で長期緊張は重荷	88.0	58.0	78.0	85.0	79.0	72.0	91.0	14.0	不安は継続。ただ共同PJが拠り所となり絶望はやや緩む
41	RUS	ロシア	Russia	ユーラシア	間接衝突	資源と示威で対外圧継続	資源供給を条件化、制裁迂回と示威行動	包囲下でも国家は耐えると強調	戦費と統制疲れ、外貨確保が最優先	86.0	78.0	79.0	85.0	82.0	77.0	88.0	23.0	物価と将来不安は続くが、共同PJが孤立感を少し薄める
41	UKR	ウクライナ	Ukraine	欧州	限定戦争	支援維持と統治持久	欧米日へ防空・弾薬と復興投資の継続要請	長期戦でも生活支援と動員を両立する	人的損耗と支援疲れで政治統合が弱い	84.0	61.0	72.0	70.0	88.0	71.0	82.0	20.0	戦争長期化の不安は続くが、共同PJ増で無力感が少し薄れる
41	IRN	イラン	Iran	中東	境界的圧力	停戦維持で制裁緩和探る	航路リスクをてこに停戦枠の交渉圧力を強める	抑止を保ち生活悪化を抑えるため交渉も進める	強硬演出が必須だが経済と不満抑制が限界	68.0	82.0	79.0	77.0	84.0	74.0	86.0	24.0	燃料高の不安は残るが共同PJが受け皿となり悲観が少し薄まる
41	ISR	イスラエル	Israel	中東	間接衝突	抑止継続と選別的緊張緩和	停戦枠組み維持、対サイバー即応と輸出審査	安全最優先、同時に物価負担へ限定支援	分断と戦費で妥協余地が狭い	68.0	60.0	72.0	88.0	84.0	74.0	84.0	24.0	供給逼迫は続くが協働の芽が不安の連鎖を少し断つ
41	SAU	サウジアラビア	Saudi Arabia	中東	圧力上昇	価格安定優先で供給調整	OPEC+で段階増産を協議しアジア契約を維持	歳入を確保し改革投資と雇用を守る	停戦再燃リスクと設備制約で急増産は難しい	61.0	56.0	70.0	51.0	79.0	60.0	80.0	24.0	生活費不安は残るが、共同PJの広がりで将来の手応えが少し増す
41	EU	欧州連合	European Union	欧州	圧力上昇	規制整合と成長投資を優先	対日へAI監査枠組み整合と共同調達提案	雇用転換を守りつつ対外依存を減らす	加盟国差で規制運用と財源が揺れる	60.0	53.0	66.0	58.0	77.0	56.0	82.0	26.0	共同PJ報道で小さな希望が生まれるが雇用不安は残る
42	USA	アメリカ	United States	北米	境界的圧力	景気防衛で同盟負担を精査	対日:防衛協力要求維持、AI計算枠は厳格運用	景気後退に備え雇用と供給網を最優先で守る	財政と世論で対外関与を増やしにくい	80.0	60.0	86.0	94.0	92.0	78.0	87.0	16.0	初職・転職の不透明感が増幅、計算枠制約で希望が細る
42	CHN	中国	China	東アジア	境界的圧力	選別圧力で交渉余地維持	対日重要部材は許可制強化、景気対策で輸出下支え	雇用と安全を守り、外圧には原則で対応する	景気後退で強硬策は失業と資本流出を招く	85.0	58.0	91.0	93.0	82.0	91.0	93.0	12.0	初職不安が増幅。技術・供給の見通し難で将来像が縮むが、民生協力は希望の糸口
42	JPN	日本	Japan	東アジア	圧力上昇	雇用不安を先回り抑制	同盟枠で半導体・計算資源確保を優先	景気減速に備え雇用と生活を下支えする	財政余力が薄く給付と防衛が競合	63.0	57.0	88.0	66.0	94.0	74.0	90.0	6.0	初職・転職の目詰まり感が増え、将来像が描けず焦燥が強まる
42	TWN	台湾	Taiwan	東アジア	境界的圧力	景気防衛と抑止維持	日米欧へ供給安定と投資継続を要請	景気逆風下でも雇用と安保を守る	電力・防衛・景気対策が同時に重い	86.0	68.0	80.0	92.0	90.0	85.0	87.0	18.0	初職不安と供給懸念が重なり将来観が曇る
42	KOR	韓国	South Korea	東アジア	圧力上昇	景気減速下で雇用優先	対米連携で半導体枠維持、対北抑止継続	雇用防衛と安保を両立し景気下支えする	与野党対立と歳出制約で若者対策が薄い	66.0	60.0	82.0	70.0	84.0	68.0	81.0	20.0	採用減速と先行不安が拡大。隣国景気の影響で将来像が曇る
42	PRK	北朝鮮	North Korea	東アジア	境界的圧力	示威で交渉優位を狙う	短距離発射と対話窓口を併走	外圧に屈せず国防と生計を守る	外貨・燃料難で長期対峙は限界	90.0	60.0	82.0	86.0	83.0	75.0	93.0	12.0	景気後退と安保不安が重なり将来像が曇る。安定志向が強まる
42	RUS	ロシア	Russia	ユーラシア	間接衝突	資源カードで制裁耐久を優先	輸出先を再配分し価格条件を強化	景気後退でも国家運営は揺るがぬ	戦費と景気悪化で歳入確保が逼迫	84.0	81.0	83.0	86.0	85.0	80.0	90.0	20.0	求人悪化と物価が重なり、努力が報われない感が増す
42	UKR	ウクライナ	Ukraine	欧州	限定戦争	支援確保と戦線維持	欧米日へ弾薬・防空と復興資金を再要請	景気逆風でも防衛と生活支援を継続	景気後退で支援疲れ、財政と動員が限界	85.0	56.0	76.0	71.0	90.0	73.0	84.0	18.0	景気後退×長期戦で将来不安が増し、挑戦意欲が鈍る
42	IRN	イラン	Iran	中東	境界的圧力	停戦維持で制裁緩和を優先	停戦枠で交渉圧力、航路リスクは示威に限定	交渉で生活悪化を抑えつつ抑止は崩さない	景気後退で収入減、強硬演出と家計支援が競合	70.0	86.0	83.0	78.0	87.0	76.0	88.0	22.0	燃料高と景気後退が重なり初職不安が増幅、将来像が曇る
42	ISR	イスラエル	Israel	中東	間接衝突	抑止維持と景気防衛	停戦維持を探りつつ輸出審査と対サイバー強化	安全優先だが景気後退に備え雇用と物価を支える	戦費と分断で財政配分が硬直し妥協が難しい	66.0	58.0	76.0	90.0	86.0	76.0	85.0	22.0	景気後退で就職不安が増幅。先端部材逼迫も重なり将来像が曇る
42	SAU	サウジアラビア	Saudi Arabia	中東	圧力上昇	歳入維持へ供給慎重	OPEC+で減産維持も含め調整、アジア契約重視	価格安定で歳入を守り改革投資と雇用を維持	景気後退で需要弱含み、過度な値崩れが最大懸念	60.0	52.0	76.0	50.0	78.0	59.0	82.0	23.0	燃料高は小緩和も、求人悪化が将来不安を増幅する
42	EU	欧州連合	European Union	欧州	圧力上昇	景気下支えと規制整合	対日へ共同投資と監査互換を条件化	雇用と物価を守り競争力も確保	財源と加盟国温度差で実行が遅い	61.0	54.0	74.0	60.0	82.0	58.0	86.0	24.0	景気不安で初職観が冷え、協調投資の報道だけが小さな希望になる
43	USA	アメリカ	United States	北米	境界的圧力	規制同盟化で対日選別	対日:AI規制整合要求、計算枠は優先枠のみ	安全と雇用を守るため技術流通を管理する	分断下で例外拡大は議会と世論が難色	82.0	62.0	88.0	96.0	93.0	81.0	90.0	14.0	進路選択が規制で狭まり、良い仕事ほど入口が見えず焦燥が増える
43	CHN	中国	China	東アジア	境界的圧力	規制分断に乗り主導権確保	対日技術・データ取引を審査強化、標準で包囲	安全と発展を両立し外部規制には自立で対抗	景気と雇用が弱く過剰制裁は逆流を招く	86.0	60.0	93.0	95.0	83.0	93.0	94.0	10.0	規制分断で進路と技能投資が読めず不安増。渡航・研究機会も縮みがち
43	JPN	日本	Japan	東アジア	圧力上昇	規制分断へ適応優先	米欧と相互認証交渉、輸出管理を調整	国際分断下でも投資と雇用を守る	財政逼迫で若者支援と防衛が競合	66.0	59.0	84.0	72.0	95.0	78.0	92.0	5.0	進路が制度と規制で揺れ、挑戦より様子見が増える
43	TWN	台湾	Taiwan	東アジア	境界的圧力	輸出管理対応と抑止維持	日米欧へ規制整合と供給確約を要請	規制分断でも雇用と安保を守る	規制コスト増で投資判断が鈍る	88.0	70.0	82.0	95.0	91.0	89.0	90.0	16.0	AI職の道筋が見えにくく、将来設計が後ろ倒しになる
43	KOR	韓国	South Korea	東アジア	境界的圧力	規制分断下で技術主権優先	対米同調で輸出管理順守、対中は選別継続	安保と産業を守り雇用を下支えする	与野党対立と若者雇用で妥協が難しい	68.0	58.0	84.0	78.0	86.0	74.0	83.0	18.0	規制で採用と学習投資が揺れ、将来像が再び曇る
43	PRK	北朝鮮	North Korea	東アジア	間接衝突	分断を突き示威で譲歩迫る	発射示威と闇調達・対話窓口を併走	規制分断は敵の弱体化、国防で生存	規制強化で外貨・部材が詰まりやすい	92.0	62.0	84.0	89.0	86.0	78.0	94.0	10.0	安保不安と規制分断で就職・技術の見通しが曇り、挑戦より安定志向が強まる
43	RUS	ロシア	Russia	ユーラシア	間接衝突	規制分断を利用し制裁耐久	非西側とAI・半導体迂回取引を拡大	西側分断は好機、産業と軍需を維持	戦費と技術不足で長期消耗が怖い	86.0	84.0	82.0	90.0	86.0	83.0	91.0	18.0	規制分断で将来設計が霞み、仕事と学びが不安定化
43	UKR	ウクライナ	Ukraine	欧州	限定戦争	支援維持と規制適応	EU・米・日へ規制調整と軍需支援を要請	戦時でも安全と雇用を守る改革を進める	支援疲れと規制分断で投資と復興が鈍る	86.0	58.0	78.0	74.0	92.0	76.0	85.0	17.0	規制分断で成長像が霞み、海外志向と挑戦意欲が揺れる
43	IRN	イラン	Iran	中東	境界的圧力	規制分断を対外取引の梃子に	データ・輸出管理の抜け道を模索し交渉圧力	外圧下でも生活を守り抑止を維持する	制裁と財政難で譲歩余地が小さい	72.0	84.0	81.0	82.0	85.0	78.0	87.0	23.0	燃料高と供給不安が長引き、初職・転職の不安が将来像を曇らせる
43	ISR	イスラエル	Israel	中東	間接衝突	規制分断下で抑止と技術死守	輸出管理強化と同盟国ルール整合を提案	安全と競争力維持へ規制対応を急ぐ	分断と戦費で妥協が難しく投資が偏る	67.0	60.0	79.0	93.0	88.0	80.0	87.0	20.0	規制分断で先端職が不透明化し、就職と挑戦意欲が冷える
43	SAU	サウジアラビア	Saudi Arabia	中東	圧力上昇	供給は慎重、AI投資は選別	OPEC+調整継続、AI規制分断で対中西二面交渉	歳入安定と改革継続、技術は安全優先で守る	規制分断で投資判断が鈍り、体制安定が最優先	61.0	56.0	78.0	57.0	79.0	62.0	84.0	22.0	燃料高とAI雇用不安が重なり、将来像が霞む感覚が強まる
43	EU	欧州連合	European Union	欧州	圧力上昇	規制主導で同盟整合を優先	対日へ監査互換とデータ移転条件を提示	安全と雇用を守るため規制と投資を両立	加盟国差と景気減速で合意形成が遅い	63.0	55.0	76.0	64.0	83.0	61.0	87.0	23.0	国際ルール割れで進路の確実性が下がり不安が増す
44	USA	アメリカ	United States	北米	境界的圧力	技術同盟を条件化	対日:AI規制整合と計算枠選別を強化	雇用と安全のため先端技術を管理する	教育費争点化で家計不満が増え譲歩困難	84.0	63.0	90.0	97.0	94.0	83.0	92.0	12.0	学費不安と就職不透明が直結し、努力の見返り感が薄れて焦燥が増す
44	CHN	中国	China	東アジア	境界的圧力	対外強硬と内需安定の両立	対日素材・部材の許認可を選別、標準で圧迫	外圧に屈せず発展と雇用を守る	雇用不安と教育費負担で強硬一辺倒は困難	84.0	58.0	91.0	94.0	82.0	92.0	93.0	12.0	教育費不安と供給制約が重なり、進路選択が萎縮し焦燥が増える
44	JPN	日本	Japan	東アジア	圧力上昇	教育費と生活防衛を優先	同盟と協調し調達分散、AI投資確保	教育費と生活を守りつつ安保も維持	財政制約で給付拡充は限定、合意形成難	64.0	58.0	82.0	70.0	96.0	76.0	93.0	4.0	進学・学び直しが家計と政治で揺れ、将来像が縮む
44	TWN	台湾	Taiwan	東アジア	境界的圧力	供給安定と抑止強化	日米へ供給確約と共同備蓄枠を提案	雇用と教育機会を守り危機に備える	投資費用増で教育支援の余地が削れる	86.0	68.0	78.0	92.0	88.0	85.0	87.0	18.0	教育費不安と先端職の不透明感が重なり進路決断が遅れる
44	KOR	韓国	South Korea	東アジア	境界的圧力	技術主権維持と家計対策	対米で輸出管理整合、対中は例外枠交渉	安保と物価に同時対応、教育負担も軽減	与野党対立で財源合意が遅れ、若者不満が増す	66.0	57.0	82.0	76.0	88.0	72.0	86.0	16.0	教育費不安が学び直しを萎縮、就職観も硬直し将来像が曇る
44	PRK	北朝鮮	North Korea	東アジア	間接衝突	示威で譲歩と注目を獲得	短距離発射示威と対話窓口を併走	外圧に屈せず国防で生活を守る	外貨不足で部材・燃料の詰まり続く	93.0	63.0	86.0	90.0	87.0	79.0	95.0	9.0	安保不安が教育費政治化と重なり、進学投資より安定選好が強まる
44	RUS	ロシア	Russia	ユーラシア	間接衝突	資源と分断で耐久	資源供給の揺さぶりと制裁迂回を継続	外圧に屈せず雇用と軍需を守る	戦費負担と技術不足で消耗が増す	87.0	86.0	84.0	91.0	88.0	85.0	92.0	16.0	教育費が争点化し将来像が割れ、不安が就学・就職へ波及
44	UKR	ウクライナ	Ukraine	欧州	限定戦争	支援維持へ負担分散を要求	EU・米・日に復興資金と軍需枠の安定化を要請	教育・生活を守りつつ総力で継戦と復興を進める	財政逼迫と支援疲れで教育優先が揺らぐ	88.0	60.0	80.0	76.0	93.0	78.0	86.0	15.0	教育費不安と海外情勢の同時圧で、将来設計が縮む
44	IRN	イラン	Iran	中東	境界的圧力	停戦維持で譲歩は限定	非公式輸出と代理網で交渉圧力を維持	外圧下でも治安と生活を守り抵抗する	制裁と不満で強硬姿勢を崩しにくい	74.0	86.0	83.0	83.0	87.0	80.0	88.0	22.0	教育費が政治化し将来設計が萎む中、燃料高が追い打ち
44	ISR	イスラエル	Israel	中東	間接衝突	抑止維持と経済防衛	対同盟協調で輸出管理強化と調達分散	安全確保と生活費対策を同時に進める	戦費と分断で教育支援が後回しになりがち	66.0	63.0	77.0	92.0	90.0	81.0	86.0	18.0	教育費政治化と先端規制で将来像が曇り、挑戦が慎重化
44	SAU	サウジアラビア	Saudi Arabia	中東	圧力上昇	価格安定と対外均衡	OPEC+で小刻み調整、対米協調と対中投資も維持	歳入安定で改革継続、地域緊張でも供給責任は果たす	停戦再燃懸念と体制安定で、急な増産は取りにくい	63.0	58.0	80.0	57.0	81.0	63.0	86.0	21.0	教育費不安に燃料高が重なり、将来設計の諦めが増える
44	EU	欧州連合	European Union	欧州	圧力上昇	規制整合と景気下支え	対日へAI監査互換と教育・人材協力枠を提案	学費負担と雇用不安に対応し成長投資も守る	加盟国差と財政規律で合意が遅れがち	60.0	53.0	78.0	66.0	84.0	60.0	86.0	22.0	国際基準対応と学費不安が重なり将来設計の確信が揺れる
45	USA	アメリカ	United States	北米	境界的圧力	同盟負担と技術管理を要求	対日:AI規制整合と計算枠配分を条件化	雇用と安全を守るため先端技術を管理	SNS不満拡大で譲歩が政治的に困難	86.0	66.0	92.0	98.0	95.0	85.0	96.0	10.0	抗議連鎖で将来設計が崩れ、努力の報酬感が薄れ焦燥が増す
45	CHN	中国	China	東アジア	境界的圧力	内政安定優先で対外圧迫	対日素材・装置の許認可を絞り迂回取引を監視	雇用と安定を守り外圧には断固対応	若者不満が怖く景気失速は避けたい	82.0	56.0	88.0	93.0	78.0	90.0	92.0	14.0	将来像が曇り、技能投資が怖くなり焦燥が増す
45	JPN	日本	Japan	東アジア	境界的圧力	若者不満を制度内で吸収	同盟協議で調達安定化、規制対話	雇用・住居を最優先、秩序維持	財源薄く再分配に限界、炎上が政治化	66.0	60.0	88.0	72.0	97.0	78.0	96.0	3.0	抗議拡大で将来像が曇るが、制度対応次第で反転余地
45	TWN	台湾	Taiwan	東アジア	境界的圧力	供給信頼を守り国内不満を抑制	日米欧と供給協定を再確認し輸送保険を拡充	雇用・住居負担を和らげ社会の分断を防ぐ	治安・世論対応で対外強硬の余地が狭い	84.0	66.0	81.0	93.0	89.0	86.0	92.0	16.0	SNS不安が就職・進学の先送りを増やし将来像が縮む
45	KOR	韓国	South Korea	東アジア	境界的圧力	雇用不安抑制と同盟整合	対米で輸出管理を擦り合わせ、対中は供給安定の例外枠を探る	雇用と住宅不安に即応しつつ安保協力は維持する	与野党対立で財源が詰め切れずSNS不満が増幅する	67.0	58.0	84.0	78.0	90.0	74.0	91.0	14.0	雇用不安と学び直し萎縮が強まり、将来設計がさらに短期化する
45	PRK	北朝鮮	North Korea	東アジア	間接衝突	示威と攪乱で譲歩を引く	発射準備示威とサイバー攪乱を併用	外圧と混乱に備え団結し耐える	外貨・燃料不足で継戦余力が細い	94.0	61.0	88.0	91.0	89.0	80.0	97.0	8.0	不安と怒りが同時に増幅し、将来設計が短期化する
45	RUS	ロシア	Russia	ユーラシア	間接衝突	資源で圧力を維持	制裁迂回と資源輸出の条件変更を示唆	外圧下でも雇用と秩序を守る	戦費と制裁で劣化、技術不足が痛い	88.0	84.0	82.0	90.0	86.0	83.0	94.0	15.0	物価と将来不安がSNSで増幅、挑戦より回避に傾く
45	UKR	ウクライナ	Ukraine	欧州	限定戦争	支援継続へ制度改革を訴求	EU・米・日に復興枠固定と軍需増産を要請	不満を受け止め汚職抑止と兵站を強化する	支援疲れと動員負担で統治正統性が脆い	86.0	58.0	77.0	74.0	91.0	76.0	90.0	14.0	世界の不満連鎖が不安を増幅し、就職と生活の将来像が曇る
45	IRN	イラン	Iran	中東	境界的圧力	停戦維持し圧力カード温存	代理勢力抑制を条件に制裁緩和を要求	外圧に屈せず治安と生活を守る	不満拡大で強硬と配給が手放せない	76.0	89.0	84.0	82.0	86.0	81.0	92.0	20.0	燃料高と物価で将来不安が再燃、抗議連鎖が可視化し萎縮
45	ISR	イスラエル	Israel	中東	間接衝突	抑止維持と内政沈静	同盟協調で対サイバー強化と輸出管理	治安と生活費対策を優先し分断を抑える	戦費と抗議対応で若者投資が削られやすい	68.0	66.0	79.0	93.0	92.0	83.0	90.0	16.0	規制と物価不安が重なり、若者は将来設計を縮めがち
45	SAU	サウジアラビア	Saudi Arabia	中東	圧力上昇	供給責任と体制安定	OPEC+で供給微調整、停戦維持へ仲介	歳入安定と改革継続、供給は守る	再燃懸念と財政規律で急増産は難しい	64.0	61.0	79.0	58.0	82.0	65.0	89.0	20.0	燃料高と不確実性が抗議感情と共振し、将来像が縮む
45	EU	欧州連合	European Union	欧州	圧力上昇	規制と若者安定の同時運用	対日へAI監査互換とSNS危機対策を要請	雇用不安に即応し規制は公平性を守る	加盟国差で合意遅延、対外姿勢が割れる	61.0	54.0	82.0	67.0	85.0	62.0	90.0	20.0	抗議連鎖が雇用不安を増幅し、将来設計の確信が薄れる
46	USA	アメリカ	United States	北米	境界的圧力	抑止優先、同盟に負担要請	対日:防衛負担増と輸出管理を条件化	抑止強化で戦争と物価高を防ぐ	分断と選挙で譲歩が弱点化する	90.0	72.0	78.0	99.0	88.0	92.0	91.0	12.0	安全保障不安と就職懸念が増幅、将来設計が短期化する
46	CHN	中国	China	東アジア	境界的圧力	安定維持で対外圧力を継続	対日装置・素材の許認可を厳格化、海空で示威	主権と雇用を守るため必要な措置	景気失速と若年不満の同時化が怖い	86.0	60.0	90.0	95.0	80.0	92.0	93.0	12.0	半導体不安が将来像を曇らせ、挑戦回避と焦燥が強まる
46	JPN	日本	Japan	東アジア	境界的圧力	抑止強化と家計防衛を両立	同盟連携で監視強化、半導体・燃料備蓄を前倒し	緊張に備えつつ生活と雇用を守る	財政逼迫で給付と防衛の両立が苦しい	74.0	66.0	90.0	78.0	98.0	84.0	97.0	4.0	緊張報道で将来不安が増幅。進路選択が慎重化し挑戦意欲が鈍る
46	TWN	台湾	Taiwan	東アジア	境界的圧力	抑止強化と供給継続を優先	日米と海空連携を可視化し供給回廊を確保	危機管理を強化し経済と雇用を守る	強硬化は報復リスクと内政摩擦を招く	88.0	70.0	84.0	95.0	90.0	89.0	94.0	14.0	半導体不安が就活・投資判断を萎縮させ閉塞感が増す
46	KOR	韓国	South Korea	東アジア	境界的圧力	同盟整合と供給確保を優先	対米で抑止強化、対中は供給例外枠交渉	安全保障強化と物価対策を同時に進める	与野党対立で財源難、若者不満が増幅	74.0	63.0	86.0	82.0	92.0	79.0	93.0	12.0	緊張報道で先行き不安が再燃し、挑戦より安全志向へ寄る
46	PRK	北朝鮮	North Korea	東アジア	間接衝突	示威と攪乱で主導権維持	短距離発射で示威、サイバー攪乱も継続	外圧に屈せず戦時動員で耐える	外貨・燃料不足で長期化は不利	96.0	63.0	90.0	93.0	91.0	82.0	98.0	7.0	安全保障不安が常態化し、進路選択が守りに偏る
46	RUS	ロシア	Russia	ユーラシア	境界的圧力	資源と情報で揺さぶる	資源輸出条件を硬化、制裁迂回を拡大	包囲に対抗し雇用と治安を守る	戦費負担と技術不足、制裁長期化が重い	92.0	88.0	86.0	93.0	89.0	87.0	95.0	12.0	安保と物価の不安が進路選択を保守化、挑戦回避が増える
46	UKR	ウクライナ	Ukraine	欧州	限定戦争	支援維持の優先度を上げる	欧米日へ軍需・復興枠の固定化を要請	長期戦でも統治改革と補償を進める	支援の関心分散で資金と兵站が詰まる	84.0	61.0	79.0	78.0	92.0	81.0	91.0	13.0	半導体不安と戦争長期化で、就職と生活設計の悲観が増える
46	IRN	イラン	Iran	中東	境界的圧力	停戦維持で交渉力確保	航路リスクを匂わせつつ制裁緩和を取引	外圧に備え治安と物価を守る	制裁と不満で強硬姿勢を崩しにくい	74.0	86.0	82.0	88.0	84.0	83.0	90.0	18.0	燃料高と半導体不安が重なり将来像が曇る。節約・挑戦回避が増える
46	ISR	イスラエル	Israel	中東	間接衝突	抑止優先で技術管理	同盟連携でサイバー強化と輸出管理継続	安全を最優先し生活費対策も継続	戦費と分断対応で若者投資が後回し	70.0	63.0	76.0	95.0	90.0	86.0	88.0	18.0	半導体不安と規制が重なり、若者は挑戦より防衛的に
46	SAU	サウジアラビア	Saudi Arabia	中東	圧力上昇	供給安定で体制と歳入確保	OPEC+で供給枠維持、航路警戒を強化	価格安定で歳入確保、改革と雇用を守る	増産は値崩れと財政計画を招きやすい	66.0	63.0	76.0	60.0	80.0	67.0	87.0	22.0	燃料高止まりと半導体不安が重なり、将来設計が萎む
46	EU	欧州連合	European Union	欧州	境界的圧力	規制維持と供給網防衛	対日へ半導体供給・監査互換・危機連携を条件化	安全保障と雇用防衛のため規制と支援を強化	加盟国分裂と景気減速で対外強硬は続かない	66.0	57.0	85.0	74.0	88.0	69.0	93.0	18.0	半導体不安と規制適合負担が就職観を冷やし将来像が霞む
47	USA	アメリカ	United States	北米	境界的圧力	同盟負担増で抑止維持	対日:防衛負担・基地運用強化と輸出管理継続	公共サービス逼迫下でも同盟で危機を抑える	人材不足と物価で強硬維持が政治的に要る	86.0	68.0	74.0	97.0	84.0	88.0	87.0	16.0	生活実感の悪化報道と安保要請が重なり、将来展望が縮む
47	CHN	中国	China	東アジア	境界的圧力	経済を守り対日圧力維持	対日輸出許認可を運用強化、海空で示威継続	外圧に備え雇用と産業を守る	成長減速で強硬一辺倒は不安定化	84.0	59.0	93.0	95.0	83.0	93.0	95.0	10.0	社会サービス不安と供給制約が重なり、将来設計を萎縮させる
47	JPN	日本	Japan	東アジア	境界的圧力	制度維持を優先し火消し	同盟連携維持、調達分散と人材受入拡大	生活基盤の穴を埋め、治安と雇用を守る	現場崩れが正統性を直撃、財政も限界	71.0	63.0	86.0	74.0	99.0	82.0	98.0	3.0	学校・医療の不安が直撃。将来像が霞み離職と萎縮が進む
47	TWN	台湾	Taiwan	東アジア	境界的圧力	抑止維持と人材確保を優先	日米と危機連絡強化、重要品は優先供給枠	有事備えと生活基盤の維持を同時に進める	人材流出と財政負担で即応力が削れる	86.0	68.0	80.0	93.0	88.0	87.0	92.0	16.0	公共人材不足の不安に半導体懸念が重なり将来像が曇る
47	KOR	韓国	South Korea	東アジア	境界的圧力	同盟整合と国内安定優先	対米抑止協議、対中は半導体例外枠を維持	安保と生活、公共人材確保を同時に進める	公共部門の人手不足で政策実行が鈍る	76.0	60.0	84.0	80.0	90.0	78.0	92.0	14.0	公的サービス不安が連鎖し、若者は挑戦回避と安定志向が強まる
47	PRK	北朝鮮	North Korea	東アジア	間接衝突	示威と攪乱で譲歩引出し	短距離発射で示威、対日サイバー攪乱強化	敵対勢力の脅威に備え結束を固める	外貨・燃料不足で長期対峙は負担	97.0	62.0	92.0	94.0	92.0	83.0	99.0	6.0	人手不足の不安に安全保障不安が重なり将来像が縮む
47	RUS	ロシア	Russia	ユーラシア	間接衝突	資源と情報で優位確保	資源供給を硬軟調整し制裁迂回を拡大	対外圧力に耐え国家と雇用を守る	戦費と人材流出で技術更新が遅い	90.0	85.0	84.0	92.0	88.0	86.0	94.0	14.0	公共人材不足の不安に外圧が重なり、将来像が縮み挑戦回避が増える
47	UKR	ウクライナ	Ukraine	欧州	限定戦争	支援固定化と動員維持	欧米日へ軍需・復興枠の長期固定を要請	戦時統治を維持し生活基盤を守る	兵站と財政が細り士気維持が難しい	86.0	63.0	82.0	80.0	93.0	83.0	92.0	12.0	公共人材不足と戦争長期化で将来設計が曇る
47	IRN	イラン	Iran	中東	境界的圧力	停戦維持で体制安定優先	航路緊張を示唆し制裁緩和を誘う	外圧下でも治安と生活を守る	不満と制裁で譲歩が体制弱体化に直結	72.0	88.0	84.0	86.0	87.0	85.0	92.0	16.0	公共サービス不安に燃料高が重なり、若者は将来設計を縮め挑戦回避が増える
47	ISR	イスラエル	Israel	中東	間接衝突	抑止継続と資源確保	同盟連携でサイバー強化と輸出管理継続	安全優先と生活費対策を同時に進める	戦費と社会分断で人的投資が不足	72.0	66.0	78.0	94.0	88.0	84.0	87.0	20.0	公共人材不足で将来不安が増幅、挑戦より安定志向が強まる
47	SAU	サウジアラビア	Saudi Arabia	中東	圧力上昇	価格と供給で歳入最適化	OPEC+協調で供給枠を微調整、航路警戒継続	改革財源を守りつつ物価不安を抑える	増産は値崩れ、減産は対外批判を招く	64.0	66.0	78.0	62.0	81.0	68.0	88.0	21.0	生活コスト高と公共人材不足が重なり、若者の将来設計が縮む
47	EU	欧州連合	European Union	欧州	境界的圧力	人材確保と規制運用の軟化	対日で監査互換を拡大、供給網連携を条件化	公共サービス維持へ人材確保と効率化を急ぐ	加盟国分裂と財政制約で対外強硬は続かない	64.0	54.0	82.0	71.0	86.0	70.0	90.0	19.0	規制適合と供給不安が続き、将来の職と暮らし像が曇る
48	USA	アメリカ	United States	北米	境界的圧力	同盟動員とAI覇権維持	対日:防衛費・基地運用増、輸出管理と共同開発要求	同盟で危機と生活費上昇を抑える投資だ	国内分断と物価で成果が要る、譲歩余地小	84.0	66.0	78.0	96.0	86.0	85.0	88.0	14.0	将来は努力で差が開く感覚が強まり、離脱と挑戦が二極化する
48	CHN	中国	China	東アジア	境界的圧力	対日圧力を選別し維持	輸出許認可を選別運用、台湾周辺示威を抑制継続	外圧下でも雇用と産業を守るため管理強化	成長鈍化で強硬化は失業と不満を誘発	86.0	60.0	92.0	96.0	84.0	94.0	96.0	9.0	供給不安が固定化し、参加層と諦念層の分岐を促す
48	JPN	日本	Japan	東アジア	境界的圧力	制度維持で分断を抑える	同盟調整と調達分散、計算資源確保交渉	負担配分を見直し、生活と雇用を守る	財政逼迫で若者支援が削られやすい	69.0	61.0	84.0	72.0	98.0	80.0	96.0	4.0	参加層と離脱層が固定化。将来像が割れ不安が常態化
48	TWN	台湾	Taiwan	東アジア	境界的圧力	抑止と供給安定を優先	日米と海空監視連携、半導体供給枠を再調整	分断を抑えつつ産業と防衛の両輪を回す	人材流出と電力制約、政争で政策が遅い	88.0	70.0	82.0	94.0	89.0	88.0	93.0	15.0	供給不安が常態化し、努力が報われない感覚が強まる
48	KOR	韓国	South Korea	東アジア	境界的圧力	同盟整合と半導体防衛	対米協調で対北抑止強化、対中は輸出管理の例外枠を交渉	安保を固めつつ産業と雇用を守る	若者雇用と防衛費、家計支援が財政枠を奪い合う	74.0	58.0	82.0	77.0	88.0	76.0	90.0	16.0	雇用と将来像が揺れ、若者は分岐に置いていかれる恐怖が強まる
48	PRK	北朝鮮	North Korea	東アジア	間接衝突	限定示威で主導権維持	発射準備を誇示、対日サイバー攪乱を継続	外圧に屈せず体制と生活を守る	燃料・外貨不足で継戦は不利	94.0	58.0	88.0	92.0	90.0	80.0	96.0	8.0	安全不安が進路選択を萎縮させ、諦念層が増えやすい
48	RUS	ロシア	Russia	ユーラシア	間接衝突	資源と不安で交渉圧力	輸出・航路を揺さぶり制裁迂回を強化	長期戦でも生活と秩序を守り抜く	戦費と人材枯渇で近代化が鈍い	92.0	87.0	86.0	93.0	89.0	87.0	95.0	13.0	不確実性が常態化し、挑戦より安定志向が強まる
48	UKR	ウクライナ	Ukraine	欧州	限定戦争	支援の長期固定と動員最適化	欧米日に軍需・復興の複年枠を再要請	格差拡大を抑え戦時生活を守る	財政・兵站が逼迫し社会分断が痛い	84.0	60.0	78.0	77.0	90.0	80.0	88.0	18.0	戦争長期化が進路選択を萎縮させ、希望格差が拡大
48	IRN	イラン	Iran	中東	境界的圧力	停戦維持で制裁緩和狙い	航路リスクを示し交渉で緊張管理	外圧下でも治安と生活を守る	体制不安と財政難で強硬も譲歩も痛い	74.0	86.0	82.0	85.0	88.0	83.0	91.0	17.0	燃料高と不確実性が将来像を曇らせ挑戦回避が増える
48	ISR	イスラエル	Israel	中東	間接衝突	抑止優先、技術統制強化	同盟調整で対サイバー先制と輸出管理を厳格化	安全と経済を守るため統制を一時強める	戦費・分断・徴集で人材育成が回らない	74.0	63.0	79.0	92.0	86.0	82.0	88.0	22.0	統制と供給不安で将来設計が難化、若者は安定志向へ寄る
48	SAU	サウジアラビア	Saudi Arabia	中東	圧力上昇	価格安定優先で供給調整	OPEC+枠を小幅調整、航路警戒と対話継続	歳入を守り改革投資と治安維持を両立	値崩れ回避と対外圧力の板挟み	63.0	64.0	76.0	60.0	79.0	66.0	86.0	23.0	物価高が続き、参加層と離脱層の差が拡大し不安が深まる
48	EU	欧州連合	European Union	欧州	圧力上昇	規制現実化と成長防衛	対日で監査互換拡大、供給網協力を条件化	安全と雇用を守るため規制運用を現実化する	加盟国分裂と選挙で強硬一辺倒は不可	61.0	53.0	79.0	69.0	84.0	68.0	88.0	22.0	適合コストと雇用不安が残るが相互運用で道筋も見える
49	USA	アメリカ	United States	北米	境界的圧力	同盟の負担増を要求	対日:防衛費増・基地運用、輸出管理共同化	同盟強化で危機と物価高を抑える	分断と物価で早い成果が必要、譲歩小	82.0	63.0	74.0	95.0	84.0	82.0	86.0	18.0	制度化の議論は希望の芯になるが、負担増で不安も増幅
49	CHN	中国	China	東アジア	境界的圧力	対日圧力を管理し抑制	輸出許認可を調整し日系供給を選別	雇用安定と安全を両立する管理を強化	失業不安で強硬化は逆効果になり得る	84.0	58.0	88.0	95.0	80.0	92.0	94.0	12.0	供給不安が続き将来設計が縮むが制度化議論は希望の逃げ道にもなる
49	JPN	日本	Japan	東アジア	圧力上昇	分断抑制と制度更新を優先	同盟調整と資源・計算調達分散を前進	地域維持・ケア等を報酬化し不安を減らす	財政余力が乏しく配分対立が再燃しやすい	66.0	59.0	79.0	70.0	96.0	78.0	88.0	10.0	制度化が見え一部に希望、ただ負担議論で不安も再燃
49	TWN	台湾	Taiwan	東アジア	境界的圧力	抑止維持と社会耐久	日米と監視連携、供給契約を分散再編	有事抑止と生活安定を同時に進める	電力・人材・政争で実装が遅れる	86.0	68.0	76.0	92.0	85.0	84.0	88.0	22.0	供給不安は続くが、制度化議論で将来像が少し言語化される
49	KOR	韓国	South Korea	東アジア	圧力上昇	移行雇用の制度化で沈静	日米と移行雇用・訓練枠を協調し供給網を安定	雇用転換を制度で支え安保も同時に強化	半導体投資と社会給付で財政余力が縮む	66.0	56.0	74.0	73.0	84.0	72.0	82.0	22.0	制度化が見えれば不安は鈍化。だが競争圧で将来設計は硬直しやすい
49	PRK	北朝鮮	North Korea	東アジア	境界的圧力	限定示威で交渉力確保	短距離発射を示唆し制裁緩和を探る	外圧下でも体制防衛と配給を守る	燃料・外貨不足で長期挑発は損	88.0	54.0	82.0	90.0	86.0	76.0	92.0	12.0	安全不安が強まり将来設計が縮むが、国内制度化議論が一部の希望を支える
49	RUS	ロシア	Russia	ユーラシア	間接衝突	資源収入確保で体制維持	輸出先・決済迂回を拡大し制裁耐性を強化	国家の持久力を優先し生活支援も守る	戦費と人材流出で技術更新が遅れる	90.0	82.0	78.0	92.0	84.0	80.0	91.0	18.0	物価と将来不安が長期化し、挑戦より安定志向が強まる
49	UKR	ウクライナ	Ukraine	欧州	限定戦争	復興と動員の持久化	欧米日に復興・ケア枠の制度化と複年支援要請	前線維持と生活再建を同時に進める	人員・財政が限界で社会分断が再燃	83.0	58.0	76.0	74.0	88.0	78.0	84.0	22.0	戦争不確実性は強いが、制度化の議論が将来像の手掛かりに
49	IRN	イラン	Iran	中東	圧力上昇	停戦維持で体制安定優先	航路緊張を抑えつつ制裁緩和を探る	生活と治安を守り改革も進める	財政難と不満で強硬長期化は危険	66.0	79.0	76.0	83.0	84.0	78.0	86.0	22.0	燃料高は続くが、ケア等の報酬化議論が将来不安を少し緩める
49	ISR	イスラエル	Israel	中東	間接衝突	総力維持へ制度動員	同盟と協議しAI・サイバー連携と輸出管理を再調整	安全と生活を両立するため制度を更新し負担を平準化	戦費と分断で人材・財政の回復余力が細る	72.0	60.0	76.0	90.0	84.0	79.0	86.0	24.0	統制と供給不安が続き、若者は安定志向・海外分散を強める
49	SAU	サウジアラビア	Saudi Arabia	中東	圧力上昇	価格安定と体制安定を優先	OPEC+調整を示唆し航路警戒と停戦維持	歳入確保で改革と雇用を守る	価格下落・治安費・対外圧力が同時進行	61.0	67.0	74.0	59.0	77.0	64.0	84.0	24.0	物価高が継続。制度的な安心像は出るが実感は遅い
49	EU	欧州連合	European Union	欧州	圧力上昇	制度安定と包摂型成長	対日で制度設計協議と監査互換を条件化	ケア・教育等の報酬化で社会安定と成長を両立	加盟国間の財政観と規制観が割れやすい	60.0	52.0	73.0	66.0	82.0	64.0	84.0	24.0	適合負担と雇用不安は残るが、社会接続の道筋が見える
50	USA	アメリカ	United States	北米	境界的圧力	同盟負担とAI統制を要求	対日:防衛・輸出管理・AI規制整合を迫る	雇用転換と競争力で中間層守る	選挙・物価・雇用不安で成果が急務	84.0	66.0	81.0	96.0	86.0	83.0	88.0	16.0	仕事観が揺れ将来不安増。再訓練が見えれば緩和
50	CHN	中国	China	東アジア	境界的圧力	対日依存を利用し圧力調整	計算資源と部材の輸出許認可を選別運用	雇用と安定を守るため対外リスク管理	自動化で失業不安、強硬は景気悪化	86.0	60.0	90.0	96.0	82.0	93.0	95.0	11.0	雇用不安と供給制約が重なり将来設計が萎縮
50	JPN	日本	Japan	東アジア	境界的圧力	雇用転換の制度化を急ぐ	計算資源の同盟枠確保と供給網再編	雇用の移行を支え生活防衛を優先	給付・防衛・投資が同時に必要で限界	68.0	61.0	86.0	73.0	97.0	80.0	90.0	8.0	職の将来像が揺れ不安増。移行支援の見え方が希望を左右
50	TWN	台湾	Taiwan	東アジア	境界的圧力	抑止維持と産業防衛	日米と供給協調、重要設備の輸送優先	雇用転換と安全保障を同時に支える	電力・人材不足で転換策が追いつかない	84.0	66.0	82.0	93.0	87.0	86.0	90.0	20.0	職の将来不安が強まり、半導体供給懸念が重なる
50	KOR	韓国	South Korea	東アジア	圧力上昇	雇用転換を急ぎ競争維持	日米と半導体・AI供給網の相互優先枠を協議	自動化の波に備え再訓練と雇用保険を拡充	財政と格差不満で痛み分担が難しい	64.0	57.0	79.0	71.0	83.0	70.0	84.0	21.0	雇用不安が波及し将来設計は硬直。転換策が見えれば下支え
50	PRK	北朝鮮	North Korea	東アジア	間接衝突	示威で主導権と抑止維持	短距離発射準備を誇示し対話窓口も残す	外圧に屈せず安定と配給を守る	外貨・燃料不足で長期緊張は続け難い	90.0	56.0	84.0	91.0	87.0	77.0	93.0	11.0	不安が固定化し挑戦回避が強まる。AI波で職の不確実性も増幅
50	RUS	ロシア	Russia	ユーラシア	間接衝突	資源と戦時統治を優先	資源輸出の割引販売と決済迂回を拡大	自動化で生産性を上げ戦時経済を支える	戦費と制裁で技術・部材の更新が鈍い	88.0	80.0	82.0	90.0	81.0	78.0	89.0	19.0	雇用不安と物価が重なり、挑戦回避と閉塞感が強まる
50	UKR	ウクライナ	Ukraine	欧州	限定戦争	動員維持と復興財源の確保	欧米日に複年支援と防空増強を要請	前線維持と生活再建を同時に進める	人員不足と財政枯渇で社会摩耗が深い	84.0	59.0	79.0	76.0	90.0	80.0	86.0	20.0	戦争長期化と自動化波で将来像が霧化、焦燥増
50	IRN	イラン	Iran	中東	境界的圧力	停戦維持し対外圧力を管理	航路リスクを示しつつ制裁緩和を交渉	雇用と物価を守り治安も維持する	若年失業と財政難で強硬は続かない	68.0	82.0	79.0	85.0	86.0	80.0	88.0	20.0	燃料高と雇用不安が重なり、若者の将来期待が冷えやすい
50	ISR	イスラエル	Israel	中東	間接衝突	同盟軸で統制継続	同盟とAI・サイバー協力強化、輸出管理を厳格化	安全確保と物価対策を同時に進める	戦費と分断で人材・財政の回復が遅れる	74.0	62.0	81.0	92.0	86.0	81.0	88.0	22.0	雇用の先行き不安が強まり、安定志向と海外分散が加速
50	SAU	サウジアラビア	Saudi Arabia	中東	圧力上昇	価格防衛と改革資金を確保	OPEC+で減産維持、紅海航路警戒を強化	歳入を守り雇用・改革投資を継続する	価格下落と治安費、米中板挟みが重い	63.0	69.0	77.0	60.0	78.0	66.0	85.0	23.0	物価高と職不安が重なり将来像が曇る。学び直し圧が増す
50	EU	欧州連合	European Union	欧州	圧力上昇	規制調整と雇用防衛	対日でAI監査互換と移行基金連携を要請	雇用移行と競争力を両立し社会を守る	加盟国間で規制・財政の合意が脆い	58.0	50.0	76.0	63.0	80.0	60.0	82.0	22.0	適合負担と職の揺れで不安増、道筋提示なら失望は抑制
51	USA	アメリカ	United States	北米	境界的圧力	同盟負担とAI統制を継続要求	対日:防衛増・対中管理・AI/輸管整合	雇用移行と安全保障で中間層を守る	選挙・物価・雇用で成果が必要	86.0	69.0	84.0	97.0	88.0	85.0	90.0	14.0	出生報道で将来観が冷え、不安増。支援見えねば離脱感
51	CHN	中国	China	東アジア	境界的圧力	対日経済を梃子に圧力調整	部材・計算資源の許認可を選別し交渉	外部環境の不確実性に備え供給を管理	強硬は景気悪化と雇用不安を増幅	87.0	61.0	92.0	90.0	83.0	94.0	96.0	10.0	将来不安が制度不信と結び、出生意向の低下が加速
51	JPN	日本	Japan	東アジア	境界的圧力	出生不安へ生活費と雇用転換を前面	同盟と供給網を再固定し資源・計算枠を確保	住居・教育・雇用の不安を下げ将来設計を支える	給付拡大は必須だが財政余力が枯渇寸前	66.0	63.0	88.0	72.0	98.0	81.0	92.0	7.0	子ども・結婚の見通しがさらに曇る。移行支援の実感が希望を左右
51	TWN	台湾	Taiwan	東アジア	境界的圧力	供給死守と社会安定	日米と供給枠確保、分散生産を加速	雇用と生活を守り抑止力を維持する	電力・人材・対中圧力で余力が削れる	86.0	69.0	84.0	94.0	88.0	87.0	91.0	18.0	将来不安と家計負担感が増え、出生意向低下が強化される
51	KOR	韓国	South Korea	東アジア	圧力上昇	若者負担を抑え競争維持	日米で供給網優先枠を更新し投資集中	雇用転換と住居・教育負担の緩和を拡充	防衛・半導体投資と生活支援が財政競合	63.0	58.0	82.0	72.0	85.0	71.0	86.0	20.0	出生不安報道が増幅し将来設計は保守化。支援と転換策の見える化が鍵
51	PRK	北朝鮮	North Korea	東アジア	境界的圧力	示威で抑止維持し譲歩誘導	発射訓練を誇示し制裁緩和を示唆	外圧下でも体制と配給を守る	燃料と外貨不足で長期緊張は負担	88.0	54.0	86.0	92.0	88.0	78.0	94.0	10.0	安全不安が将来設計を萎縮させ、家族形成意欲の低下報道と共鳴する
51	RUS	ロシア	Russia	ユーラシア	間接衝突	制裁耐久と資源影響力維持	資源供給を調整し制裁回避網を強化	包囲下でも雇用と物価を守ると強調	戦費で投資が細り部材調達も不安定	86.0	78.0	80.0	88.0	79.0	76.0	87.0	21.0	物価と雇用不安が出生意向低下報道と共鳴し閉塞感が強まる
51	UKR	ウクライナ	Ukraine	欧州	限定戦争	継戦と復興財源の確保	欧米日に長期支援枠と防空弾薬を要請	前線維持と復興準備を同時に進める	動員疲労と財政逼迫で社会摩耗が拡大	82.0	57.0	77.0	74.0	89.0	79.0	85.0	21.0	戦費・物価不安が増幅し、将来設計と出生意向の慎重化が進む
51	IRN	イラン	Iran	中東	境界的圧力	停戦維持で交渉力確保	航路安全を条件に制裁緩和と資金流入を探る	物価と雇用を守りつつ抑止も崩さない	財政難と若年不満で長期対立は無理	70.0	84.0	78.0	86.0	85.0	81.0	89.0	19.0	燃料高と先行き不安が重なり、若者の将来像と出生意向が冷えやすい
51	ISR	イスラエル	Israel	中東	間接衝突	安全優先で統制維持	同盟協議で抑止強化、輸出管理を継続	安全確保と物価・家計支援を同時に進める	戦費と分断で若者支援の持続が難しい	76.0	64.0	79.0	93.0	84.0	80.0	87.0	24.0	将来設計が不透明化し、安定志向と出産回避が強まる
51	SAU	サウジアラビア	Saudi Arabia	中東	圧力上昇	価格維持と安定供給を両立	OPEC+減産を微調整、紅海護衛で航路確保	歳入を守りつつ物価対策と雇用投資を継続	治安費と改革投資が重く価格下落は避けたい	61.0	66.0	74.0	59.0	79.0	63.0	83.0	22.0	光熱費と物価が家計を圧迫し、出産・将来設計の見通しがさらに短期化
51	EU	欧州連合	European Union	欧州	圧力上昇	規制整合と生活防衛	対日で子育て・雇用移行政策の相互学習枠を提案	出生低下に備え生活費・住居と技能移行を強化	加盟国の財政差で合意が遅れ、対外姿勢も割れる	57.0	49.0	78.0	61.0	82.0	59.0	84.0	21.0	適合負担と雇用不安が出生不安に重なり、将来像なければ失望増
52	USA	アメリカ	United States	北米	境界的圧力	同盟負担とAI統制を強化	対日:防衛増要求と輸管整合を加速	雇用転換期、同盟で安定と成長を確保	選挙・物価・雇用で成果が要る	84.0	66.0	88.0	97.0	90.0	86.0	92.0	12.0	採用厳格化が直撃。進路不安と格差感が増幅しやすい
52	CHN	中国	China	東アジア	境界的圧力	対日レバーを小刻みに調整	部材・AI計算関連の許認可を選別運用	雇用と産業安全のため供給を管理する	景気減速で強硬一辺倒は取りにくい	88.0	60.0	94.0	92.0	84.0	95.0	97.0	12.0	採用絞りと供給不安が連鎖し、将来観が冷える
52	JPN	日本	Japan	東アジア	境界的圧力	雇用移行を制度で下支え	同盟国と人材・計算枠の相互確保を協議	採用変化に備え学び直しと移動支援を拡充	財政が限界で給付と投資の両立が難しい	64.0	61.0	92.0	74.0	99.0	82.0	94.0	6.0	就職の不確実性が増え将来設計が縮む。移行支援の実感が希望を左右
52	TWN	台湾	Taiwan	東アジア	境界的圧力	供給死守と抑止協調	日米欧と供給枠合意、重要物資を優先配分	供給と雇用を守り、抑止で危機を避ける	電力・人材不足と対中圧力で余力逼迫	88.0	71.0	86.0	95.0	89.0	90.0	92.0	16.0	就職不安が増幅し挑戦回避が強化、将来期待が薄れる
52	KOR	韓国	South Korea	東アジア	圧力上昇	雇用転換で競争維持	日米と半導体・人材枠を強化し競争調整	採用転換期に再訓練と若者支援を拡充	防衛・投資・福祉が財政と世論で綱引き	61.0	57.0	86.0	74.0	87.0	72.0	88.0	18.0	新卒不利観測が拡散し将来設計が慎重化。転換支援の見える化で緩和
52	PRK	北朝鮮	North Korea	東アジア	間接衝突	示威継続で譲歩引き出し	短距離訓練誇示、対話窓口は残す	外圧下でも抑止と配給を守る	外貨・燃料不足で長期緊張は損	90.0	56.0	88.0	93.0	89.0	79.0	95.0	9.0	採用転換の不安に安全危機が重なり、将来像が縮む
52	RUS	ロシア	Russia	ユーラシア	間接衝突	資源レバレッジで制裁耐久	輸出先と決済網を再編し供給調整	長期戦でも雇用と物価を守ると強調	戦費優先で民生投資が痩せ部材不足	88.0	76.0	83.0	86.0	81.0	78.0	89.0	19.0	採用絞りの不安に物価高が重なり将来像が曇る
52	UKR	ウクライナ	Ukraine	欧州	限定戦争	継戦と長期支援の確保	欧米日に防空・弾薬と復興金融枠を要請	前線維持と復興雇用で社会を支える	動員疲労と歳入不足で統治コスト増	83.0	56.0	80.0	75.0	90.0	78.0	86.0	20.0	採用絞りと物価不安が重なり将来設計が慎重化
52	IRN	イラン	Iran	中東	境界的圧力	停戦維持で制裁緩和を狙う	海上輸送の抑止は維持しつつ交渉再開	抑止を保ち生活コストを下げる努力	財政逼迫と若年不満で長期緊張は不利	68.0	82.0	81.0	86.0	84.0	80.0	90.0	20.0	燃料高に加え採用変化が不安を増幅し、将来像が曇る
52	ISR	イスラエル	Israel	中東	間接衝突	安全優先で統制と抑止	同盟調整と対地域抑止、輸出管理維持	安全最優先、家計負担は補助で抑える	戦費と分断で若者投資が後回し	78.0	66.0	83.0	94.0	86.0	82.0	88.0	22.0	採用厳格化×供給不安で将来像が縮み挑戦回避
52	SAU	サウジアラビア	Saudi Arabia	中東	圧力上昇	価格下支えと供給安定を優先	OPEC+調整と紅海航路の安全協力を継続	歳入確保で改革投資と雇用創出を維持	価格下落は財政と体制安定を直撃し得る	60.0	64.0	77.0	58.0	78.0	62.0	82.0	23.0	物価高が続く中で採用転換が重なり、将来設計が短期化
52	EU	欧州連合	European Union	欧州	圧力上昇	雇用移行と規制整合を優先	対日でリスキル相互認証と人材循環枠提案	雇用転換期、再訓練と生活費対策で不安を抑える	加盟国の利害差で実行速度が揃わない	58.0	50.0	81.0	63.0	84.0	60.0	86.0	20.0	新卒観の揺らぎが将来像不安を増幅。移行路線の見える化で緩和
53	USA	アメリカ	United States	北米	境界的圧力	同盟負担とAI統制を維持	対日:防衛増と対中輸管の整合を要求	生活不安に対処しつつ同盟で抑止を維持	介護・生活費で分配圧、選挙成果が要る	82.0	63.0	90.0	96.0	88.0	84.0	93.0	10.0	家計と介護不安に景気鈍化が重なり、将来像が描けず焦燥が増える
53	CHN	中国	China	東アジア	境界的圧力	対日依存を切り崩す圧力維持	重要部材・計算関連を許認可で選別し揺さぶる	外部リスク下で産業安全と雇用を守る	景気鈍化で全面強硬はコスト高	90.0	62.0	96.0	93.0	86.0	96.0	98.0	10.0	介護・育児負担に供給不安が重なり、若者の将来設計が萎む
53	JPN	日本	Japan	東アジア	境界的圧力	ケア危機に制度で耐える	同盟と計算枠・燃料融通を再交渉	介護・子育て負担に給付と休業支援を集中	財政限界で防衛・成長投資が削れない	66.0	63.0	94.0	77.0	100.0	84.0	96.0	5.0	家族要因で離職不安が増幅。将来設計が縮み、支援の実感が希望を左右
53	TWN	台湾	Taiwan	東アジア	境界的圧力	供給継続と抑止を優先	日米欧と供給優先枠を再確認、代替生産も推進	雇用と供給網を守り、危機は抑止で回避する	電力・人材・対中圧力で増産余地が小さい	87.0	69.0	84.0	93.0	86.0	89.0	91.0	18.0	介護不安に供給不安が重なり、若者は安定志向へ傾く
53	KOR	韓国	South Korea	東アジア	圧力上昇	雇用安定と技術主権優先	日米と半導体・人材枠を再調整し北朝鮮監視を強化	家計と雇用を守りつつ安保と産業競争力を維持	介護負担で世論が疲弊し増税も歳出削減も困難	64.0	56.0	88.0	75.0	90.0	73.0	91.0	16.0	介護と就職不安が重なり将来設計が先送り、支援の見え方次第で緩和
53	PRK	北朝鮮	North Korea	東アジア	間接衝突	示威で交渉余地確保	発射準備を誇示し制裁緩和を揺さぶる	外圧に屈せず抑止と配給を守る	外貨・燃料不足で長期緊張は不利	92.0	58.0	90.0	94.0	90.0	80.0	96.0	8.0	介護不安に安全危機が重なり、進路選択が萎む
53	RUS	ロシア	Russia	ユーラシア	間接衝突	資源と情報で圧力維持	輸出先分散と供給調整、対日揺さぶり	制裁下でも歳入と雇用を守る	戦費優先で民生が疲弊、部材不足	86.0	78.0	85.0	87.0	83.0	80.0	92.0	16.0	介護・育児不安に物価高と雇用懸念が重なり、将来像がさらに曇る
53	UKR	ウクライナ	Ukraine	欧州	限定戦争	継戦と復興資金の確保	欧米日へ防空・弾薬と復興債務支援を要請	前線維持と復興雇用で生活基盤を守る	動員疲労と歳入不足で統治余力が削れる	84.0	58.0	82.0	76.0	91.0	79.0	88.0	18.0	物価と雇用不安が介護負担と重なり将来設計が萎む
53	IRN	イラン	Iran	中東	境界的圧力	停戦維持と国内不満封じ	停戦枠組み維持を演出し制裁緩和打診	生活費抑制と治安確保を同時に進める	財政逼迫と若年不満で強硬は長続きせず	66.0	84.0	83.0	87.0	86.0	82.0	92.0	18.0	介護・育児負担増の不安に燃料高が重なり将来像が縮む
53	ISR	イスラエル	Israel	中東	間接衝突	安保優先、経済は選別支援	同盟調整強化、輸出管理維持と対サイバー連携	治安維持と成長投資を両立、負担は段階的に緩和	戦費と分断で福祉拡充は限定、若者支援は後回し	80.0	69.0	86.0	95.0	88.0	84.0	90.0	20.0	介護不安に加え採用慎重化と計算資源不足で夢が縮む
53	SAU	サウジアラビア	Saudi Arabia	中東	圧力上昇	価格下支えと供給安定を継続	OPEC+で段階調整、航路警備協力を強化	歳入を確保し雇用と改革投資を維持	価格下落と治安不安が体制安定を削る	63.0	66.0	81.0	58.0	80.0	64.0	86.0	21.0	生活費高と介護負担不安が重なり将来設計が縮む
53	EU	欧州連合	European Union	欧州	圧力上昇	家計防衛と移行秩序を優先	対日で介護×就労の制度知見共有と共同研究	生活費とケア負担を和らげ雇用移行を支える	加盟国差と人手不足で実装が遅れがち	57.0	52.0	78.0	61.0	82.0	58.0	88.0	22.0	介護不安で将来像が縮む。両立モデル提示は不安を部分緩和
54	USA	アメリカ	United States	北米	境界的圧力	同盟負担とAI覇権を堅持	対日:防衛増・電力網投資・輸管遵守を要求	電力と物価を抑えつつ抑止と競争力を守る	電力・DC投資が家計直撃、選挙前に成果要	84.0	72.0	88.0	95.0	90.0	86.0	94.0	9.0	電気代と雇用不安が同時に来て、挑戦より防衛に寄る
54	CHN	中国	China	東アジア	境界的圧力	対日てこ入れと揺さぶり併用	部材・計算資源の許認可を絞りつつ一部緩和	外部圧力下で雇用と産業安全を確保	電力・DC負担で景気優先の妥協も必要	88.0	70.0	92.0	90.0	84.0	93.0	96.0	12.0	電力・物価と計算制約が同時に効き、将来設計が縮む
54	JPN	日本	Japan	東アジア	境界的圧力	負担調整で制度維持	燃料・電力調達を多角化し同盟に協力要請	電力・物価対策と防衛を両立し負担を平準化	投資費が家計と財政を直撃、裁量が枯渇	64.0	72.0	86.0	73.0	98.0	78.0	92.0	7.0	光熱費と増税観測で将来が縮む。学び直しや転職は増えるが失敗恐怖も増幅
54	TWN	台湾	Taiwan	東アジア	境界的圧力	電力確保と供給維持を優先	日米欧と電力・部材確保枠を交渉	電力投資は不可避、雇用と安定を守る	電力網費用と増産が衝突、余力薄い	88.0	73.0	86.0	94.0	88.0	90.0	92.0	16.0	電力・物価不安で将来像が曇り、若者は慎重化
54	KOR	韓国	South Korea	東アジア	圧力上昇	エネ負担抑制と同盟堅持	日米と電力網・DC協調投資、燃料調達を多角化	電気代と雇用を守り安保も緩めない	投資負担が家計直撃、増税も抑制も限界	63.0	69.0	86.0	74.0	92.0	70.0	90.0	15.0	電気代と就職難の連想で将来不安が増幅、理系集中と転職圧が強まる
54	PRK	北朝鮮	North Korea	東アジア	間接衝突	示威で譲歩と支援を引き出す	短距離発射示威で対話再開と支援要求	外圧下でも体制と配給を守り抜く	外貨・燃料難で長期挑発は負担増	93.0	66.0	88.0	95.0	92.0	82.0	97.0	7.0	電力・物価不安に安保警戒が上乗せされ、将来設計が縮む
54	RUS	ロシア	Russia	ユーラシア	間接衝突	資源で有利条件を引き出す	供給調整と迂回取引で価格を揺らす	戦時経済を維持し生活は守る	戦費と制裁で投資不足、疲弊が進む	88.0	86.0	78.0	84.0	89.0	83.0	91.0	12.0	電気代と将来負担感が増し挑戦意欲が冷える
54	UKR	ウクライナ	Ukraine	欧州	限定戦争	継戦と復興財源の上積み	欧米日へ防空・電力網復旧と財政支援を要請	停戦不確実でも雇用と電力を優先し耐える	戦費と電力投資が競合し統治余力が限界	83.0	63.0	80.0	74.0	93.0	78.0	86.0	17.0	電力・物価負担が将来計画を圧迫し不安が増幅
54	IRN	イラン	Iran	中東	境界的圧力	停戦維持で制裁緩和狙い	海上抑止を誇示しつつ停戦枠を延命	生活費対策を優先し外圧に耐える	財政弱く強硬継続は国内が持たない	68.0	88.0	79.0	86.0	84.0	81.0	93.0	16.0	燃料高と物価が将来設計を圧迫し不安が拡散
54	ISR	イスラエル	Israel	中東	間接衝突	安保優先、資源確保に転換	停戦枠維持しつつ対サイバー連携と調達分散	安全保障最優先、電力投資は段階実施で負担抑制	戦費と電力網投資で財政硬直、分断も継続	78.0	74.0	84.0	92.0	90.0	83.0	89.0	18.0	物価と雇用不安が増し、挑戦より節約志向が強まる
54	SAU	サウジアラビア	Saudi Arabia	中東	圧力上昇	価格安定と投資負担の吸収	OPEC+で供給調整、アジア向け長期契約を拡大	投資と雇用を守りつつ財政規律も維持	歳出拡大で補助金と治安費が競合	61.0	70.0	57.0	54.0	63.0	56.0	62.0	34.0	光熱・輸送コストが重く、可処分減で将来設計が保守化
54	EU	欧州連合	European Union	欧州	圧力上昇	エネルギー負担抑制と秩序維持	対日で電力網・DC投資の共同標準と調達協力	電力と物価の負担を抑えつつ移行投資を進める	加盟国差と資金調達で実装が遅れやすい	58.0	63.0	74.0	59.0	86.0	61.0	90.0	18.0	電気代と将来負担感が不安を増幅。共同標準は一部緩和
55	USA	アメリカ	United States	北米	境界的圧力	同盟負担とAI覇権を継続	対日:防衛増・AI供給網整列・人材協定を要求	雇用転換と抑止を同時に守る	選挙・物価・電力で譲歩余地が小さい	82.0	68.0	84.0	93.0	88.0	83.0	92.0	11.0	進路接続の再設計が急務化し、安定志向が強まる
55	CHN	中国	China	東アジア	境界的圧力	対日レバー維持し部分協調	部材・計算資源の許認可を選別運用、経済対話は継続	外部環境が厳しいため産業安全と雇用を守る	景気下支えが要るが対外強硬も緩めにくい	86.0	66.0	88.0	87.0	82.0	90.0	93.0	16.0	移行支援の試みはあるが外圧で雇用不安が残り、挑戦を先送りしがち
55	JPN	日本	Japan	東アジア	境界的圧力	負担を絞り制度を持続	同盟と協調し燃料・重要物資の確保を前倒し	学びと就労接続を強化し生活費高を緩和	財政が硬直、若者支援と防衛が競合	62.0	68.0	80.0	70.0	96.0	74.0	88.0	9.0	就職導線が見える分だけ安心するが、物価と増税観測で長期設計は縮む
55	TWN	台湾	Taiwan	東アジア	境界的圧力	供給連携と抑止の維持	日米欧と半導体・部材の優先枠を拡張	供給と安全を守り雇用を確保する	電力・人材・保険料が増産の上限	85.0	70.0	82.0	92.0	84.0	88.0	86.0	18.0	進路接続改革期に外的リスクが重なり慎重化が進む
55	KOR	韓国	South Korea	東アジア	圧力上昇	人材循環と同盟の同時維持	日米と人材・半導体工程の相互補完を拡大	就職の不安を減らし輸出競争力を守る	家計支援と防衛費が衝突、政治余力薄い	64.0	67.0	78.0	68.0	88.0	66.0	86.0	18.0	就活接続改革が話題化し期待は出るが、半導体・安保連動で不安が残る
55	PRK	北朝鮮	North Korea	東アジア	間接衝突	示威で対話と支援を迫る	短距離発射準備を誇示し制裁緩和探る	外圧に屈せず体制と配給を守る	外貨・燃料難で長期挑発は限界	92.0	64.0	86.0	94.0	90.0	80.0	96.0	9.0	安保不安が就学・就職の見通しを曇らせ慎重化が進む
55	RUS	ロシア	Russia	ユーラシア	間接衝突	資源と制裁回避で主導権	輸出迂回強化と供給調整で価格圧力	制裁下でも安定と防衛を維持する	戦費・人材流出で産業更新が遅れる	87.0	84.0	77.0	83.0	88.0	82.0	90.0	13.0	物価と将来負担感が残り、進路選択が保守化しやすい
55	UKR	ウクライナ	Ukraine	欧州	限定戦争	継戦優先で支援の継続要請	欧米日へ防空・復興資金と弾薬供与を増要請	動員と生活支援を両立し持久戦に備える	財政・人材が枯渇し復興が政治負担化	84.0	61.0	78.0	72.0	92.0	77.0	85.0	19.0	援助負担と物価不安が重なり、将来設計が萎む
55	IRN	イラン	Iran	中東	境界的圧力	停戦枠維持で制裁緩和探る	海上抑止は誇示しつつ停戦協議を継続	外圧下でも治安と物価対策を優先	財政逼迫で強硬長期化は体制を削る	64.0	82.0	74.0	84.0	82.0	78.0	90.0	18.0	燃料高が生活設計を圧迫。接続再設計は希望も、SNS不安が勝ちやすい
55	ISR	イスラエル	Israel	中東	間接衝突	停戦維持、技術防衛を強化	対サイバー連携拡大と軍需調達を優先	停戦枠は維持、危機対応と雇用を守る	戦費と社会分断で財政・統治が硬直	76.0	71.0	80.0	90.0	88.0	82.0	86.0	20.0	先端職は選別強まり不安増、職業接続改革の焦りが強まる
55	SAU	サウジアラビア	Saudi Arabia	中東	圧力上昇	価格安定と対外均衡を優先	OPEC+で段階増産、アジア長期契約は維持	財政と雇用を守り改革投資を継続	補助金・治安費・投資が同時に重い	63.0	62.0	56.0	55.0	64.0	57.0	61.0	33.0	光熱高止まりが進路選択を堅実化、接続再設計も焦りが残る
55	EU	欧州連合	European Union	欧州	圧力上昇	規制と雇用転換を優先	対日で職業訓練・AI監査の相互承認	規制で信頼を守り雇用移行を支える	加盟国差と財源で実装が遅れがち	57.0	60.0	78.0	62.0	83.0	58.0	88.0	20.0	進路不安が強まるが、学職接続の枠組みは希望を一部支える
56	USA	アメリカ	United States	北米	境界的圧力	同盟負担と技術覇権を優先	対日:防衛増・AI供給網整列・輸出管理順守を要求	AI競争と抑止維持で雇用と安全を守る	AI税制停滞で財源難、同盟に費用転嫁圧力	84.0	70.0	86.0	95.0	90.0	86.0	93.0	10.0	進路・賃金の見通し悪化で不安増、海外依存への警戒が強まる
56	CHN	中国	China	東アジア	境界的圧力	技術主権優先で選別圧力	対日・対外の許認可を厳格化し交渉余地確保	外圧下でも産業安全と雇用を守る	財源が細り強硬姿勢を崩しにくい	87.0	64.0	90.0	89.0	86.0	91.0	94.0	14.0	財源不安と供給制約が増幅し、挑戦より安定志向が強まる
56	JPN	日本	Japan	東アジア	境界的圧力	配分調整で制度を延命	同盟と資源国へ働きかけ、燃料・計算資源を確保	給付と成長投資を絞りつつ、生活防衛を優先	AI利益課税が進まず財源が出ない。防衛と若者で綱引き	64.0	70.0	82.0	72.0	97.0	76.0	90.0	8.0	支援の先細り観測で将来設計が縮み、挑戦より安全志向が強まる
56	TWN	台湾	Taiwan	東アジア	境界的圧力	抑止強化と産業防衛を優先	日米欧と供給枠継続、輸出管理と保険を強化	安全と雇用を守るため同盟と投資を進める	税制停滞で財源が細り、電力と人材も逼迫	86.0	68.0	79.0	93.0	86.0	89.0	88.0	16.0	半導体・財源不安が重なり、若者は進路と消費を保守化しやすい
56	KOR	韓国	South Korea	東アジア	圧力上昇	財源難下で同盟と産業維持	日米で半導体・計算資源の枠組みを維持	財源制約でも雇用と安保の両立を図る	AI税停滞で歳入不足、支援の持続性が弱い	63.0	62.0	74.0	70.0	90.0	68.0	87.0	16.0	財源不安が若者の将来感情を冷やし、就職観も不安定化
56	PRK	北朝鮮	North Korea	東アジア	間接衝突	示威を抑え対価を引き出す	発射準備を示し交渉窓口と支援を要求	外圧下でも体制と配給を守り抜く	外貨・燃料不足で長期挑発は続かない	90.0	66.0	84.0	95.0	91.0	79.0	95.0	10.0	安保不安と財源不透明が重なり将来設計が萎縮する
56	RUS	ロシア	Russia	ユーラシア	間接衝突	資源収入と戦費を優先	供給調整と迂回輸出で価格主導を維持	国家の安全と生活を守るため耐える	AI税停滞で財源薄く戦費依存が増す	89.0	86.0	79.0	84.0	90.0	83.0	91.0	12.0	物価高と先行き不透明が常態化し挑戦意欲が縮む
56	UKR	ウクライナ	Ukraine	欧州	限定戦争	継戦と復興資金の確保	欧米日へ防空・復興財源の上積み要請	戦時経済を維持し復興計画を前倒しで示す	支援疲れと税制停滞で資金の目処が薄い	86.0	63.0	79.0	74.0	93.0	78.0	86.0	18.0	増税・物価不安が先行し、若者の将来像が縮む
56	IRN	イラン	Iran	中東	境界的圧力	停戦維持で制裁緩和狙う	停戦協議継続、海上抑止は限定誇示	外圧下でも治安と物価を守る	税制停滞で歳入弱く強硬長期化は危険	66.0	85.0	76.0	86.0	84.0	79.0	91.0	16.0	燃料高と不安拡散で将来設計が萎む。学び直し意欲も揺れる
56	ISR	イスラエル	Israel	中東	間接衝突	停戦維持、技術優位確保	対サイバー協力と軍需・計算資源調達	安全と雇用維持、負担は段階的に調整	戦費と分断で財政硬直、支援財源が不足	78.0	73.0	82.0	92.0	90.0	84.0	87.0	18.0	半導体・計算資源逼迫で進路不安増、賃金停滞感が強まる
56	SAU	サウジアラビア	Saudi Arabia	中東	圧力上昇	高値維持で改革財源確保	OPEC+は慎重増産、アジア契約堅持	安定財政で雇用と改革投資を守る	治安・補助金・投資で支出硬直	60.0	64.0	58.0	56.0	66.0	59.0	63.0	31.0	物価高長期化が将来設計を保守化、挑戦意欲が目減り
56	EU	欧州連合	European Union	欧州	圧力上昇	規制と財源確保を優先	対日でAI監査基準と税協調を提案	公正課税と信頼確保で雇用移行を支える	加盟国対立で税制合意が進みにくい	55.0	58.0	74.0	60.0	86.0	56.0	84.0	18.0	負担増観測で将来不安は増すが、共通基準は安心材料
57	USA	アメリカ	United States	北米	圧力上昇	同盟負担とAI供給網を優先	対日:防衛分担増と輸出管理順守を再要請	抑止とAI競争で雇用と安全を守る	財源・世論が割れ、同盟に費用転嫁しがち	78.0	66.0	79.0	92.0	86.0	81.0	88.0	18.0	移住実験は希望の逃げ道になるが、対外圧で不安は残る
57	CHN	中国	China	東アジア	境界的圧力	技術主権で選別圧力維持	対日許認可を絞り代替調達を誘導	外圧に備え産業安全と雇用を守る	雇用不安で譲歩が正統性を傷つく	85.0	62.0	86.0	88.0	82.0	89.0	90.0	22.0	供給不安は続くが、移住実験が足場となり将来観の下振れを一部緩和
57	JPN	日本	Japan	東アジア	境界的圧力	配分の痛みを局所緩和	燃料・鉱物・計算資源で多国間確保を強化	生活防衛と成長投資を両立し地方で実証する	財源不足で全国展開できず、負担増は先送り	66.0	68.0	79.0	70.0	95.0	74.0	88.0	10.0	移住実験は一部に希望を作るが、全国では不安が勝つ
57	TWN	台湾	Taiwan	東アジア	境界的圧力	抑止維持と供給鎖の確保	日米欧と供給枠を再確認、保険と備蓄を拡大	危機管理を強化し雇用と投資を守る	電力・人材・財源が限界で全方位は困難	84.0	66.0	77.0	92.0	85.0	87.0	86.0	18.0	移住実験は希望材料だが、供給不安で若者は将来設計に慎重
57	KOR	韓国	South Korea	東アジア	圧力上昇	同盟維持と産業選別	日米と半導体・計算資源の配分を再調整	雇用と安保を守るため投資を集中する	歳入が弱く若者支援と防衛が競合	64.0	60.0	72.0	73.0	88.0	70.0	84.0	18.0	近隣不安と計算資源不足が就職観を冷やし、移住実験にも慎重化
57	PRK	北朝鮮	North Korea	東アジア	境界的圧力	示威を絞り譲歩を迫る	短距離発射で示威、制裁緩和と支援を示唆	外圧に屈せず体制と配給を守る	外貨・燃料不足で長期挑発は損	86.0	63.0	81.0	94.0	88.0	76.0	92.0	14.0	安保不安は強いが、地域移住実験が一部の展望を支える
57	RUS	ロシア	Russia	ユーラシア	間接衝突	戦費と統制を優先	資源輸出を迂回維持し価格交渉を強める	制裁下でも雇用と物価を守ると強調	戦費負担と部品不足で成長余地が狭い	88.0	84.0	77.0	83.0	88.0	82.0	90.0	18.0	物価と先行き不安は残るが移住実験が逃げ道を示す
57	UKR	ウクライナ	Ukraine	欧州	限定戦争	継戦維持と支援再固定	欧米日へ防空・弾薬と復興債支援要請	防衛最優先、復興は段階化し生活線維持	支援疲れと動員負担で正統性が摩耗	84.0	61.0	77.0	72.0	90.0	76.0	83.0	22.0	海外不確実性は継続。地域移住実験が逃げ道となり不安の一部を吸収
57	IRN	イラン	Iran	中東	境界的圧力	停戦維持し交渉で優位確保	停戦枠組み維持、海上圧力を限定誇示	外圧下でも治安と物価を守る	歳入弱く強硬長期化は体制不安	64.0	82.0	72.0	84.0	81.0	76.0	88.0	22.0	燃料高は続くが、移住実験が逃げ道になり不安を一部相殺
57	ISR	イスラエル	Israel	中東	間接衝突	停戦維持と技術優位	停戦監視強化とサイバー協力、軍需調達	停戦は継続、警戒維持で生活は守る	戦費と分断で財政硬直、支援枠が狭い	76.0	70.0	81.0	93.0	89.0	83.0	85.0	22.0	計算資源逼迫は続くが、地域移住実験が不安の逃げ道に
57	SAU	サウジアラビア	Saudi Arabia	中東	圧力上昇	高値許容で安定優先	OPEC+増産は小幅、アジア長期契約堅持	価格安定で雇用と改革投資を守る	治安・補助金・投資が硬直、急増産は難しい	61.0	66.0	59.0	55.0	67.0	58.0	62.0	32.0	物価高で移住実験も様子見に寄り、将来像が縮む
57	EU	欧州連合	European Union	欧州	圧力上昇	規制整合と供給網防衛	対日でAI監査・データ移転の整合要求	競争と安全の両立へ規制を急ぐ	加盟国の景気差で一枚岩になりにくい	57.0	54.0	72.0	61.0	83.0	58.0	81.0	20.0	基準対応コストで不安増、移住実験は受け皿次第で希望維持
58	USA	アメリカ	United States	北米	境界的圧力	同盟即応と供給網統制を優先	対日:防衛増・共同演習拡大と先端輸出管理を強化	長期警戒で雇用と安全を守る現実策だ	長期疲労と財政で同盟へ負担移転が増える	82.0	68.0	81.0	93.0	88.0	83.0	90.0	16.0	常時警戒の空気が就職と挑戦意欲を冷やし、海外逃避願望が増える
58	CHN	中国	China	東アジア	境界的圧力	技術主権優先で圧力継続	対日ハイエンド部材許認可を選別運用	外圧下でも雇用と産業安全を死守	景気と雇用不安で譲歩は正統性を損ねる	86.0	60.0	84.0	89.0	83.0	90.0	91.0	21.0	供給不安が常態化し、若者の将来設計は慎重化。渡航・就職の選別感が不安を増幅
58	JPN	日本	Japan	東アジア	境界的圧力	負担分散で不安を抑制	資源・計算資源を多国間で確保し備蓄	警戒は続くが生活と雇用を守る	恒常警戒で財政が摩耗し配分が限界	69.0	71.0	82.0	74.0	96.0	78.0	90.0	8.0	先が読めず将来設計が縮む。挑戦より安全志向へ
58	TWN	台湾	Taiwan	東アジア	境界的圧力	抑止継続と供給安定	日米欧と共同備蓄・迂回輸送を拡張	長期警戒下でも雇用と投資を守る	電力・人材逼迫で増産と防衛が競合	86.0	68.0	79.0	93.0	87.0	89.0	88.0	16.0	長期警戒が心理を摩耗。将来設計は慎重化し不安が常態化
58	KOR	韓国	South Korea	東アジア	圧力上昇	同盟軸で産業防衛を継続	日米と半導体・計算資源の優先配分を協議	長期警戒下でも雇用と安保の投資を守る	財政と世論が割れ、支援と防衛が競合	66.0	58.0	74.0	76.0	86.0	72.0	82.0	20.0	近隣の常時警戒と計算資源逼迫が将来像を曇らせる
58	PRK	北朝鮮	North Korea	東アジア	境界的圧力	小挑発で譲歩を誘う	発射準備示唆と交渉打診、対中露依存強化	警戒継続で体制と配給を守る	燃料・外貨不足で大規模挑発は抑制	84.0	61.0	79.0	95.0	87.0	74.0	93.0	13.0	常時警戒が心理を摩耗し、将来設計の不安が長引く
58	RUS	ロシア	Russia	ユーラシア	間接衝突	戦時統制を維持し消耗戦	資源輸出の迂回を強化し制裁回避を探る	長期警戒下でも雇用と物価を守ると訴える	戦費と部品不足で景気下支えに限界	86.0	80.0	75.0	82.0	87.0	80.0	88.0	17.0	警戒の常態化で将来像が描きにくく、物価不安と転職迷いが長引く
58	UKR	ウクライナ	Ukraine	欧州	限定戦争	継戦と復興枠の確保	欧米日へ防空・弾薬と復興資金の再約束要請	長期戦前提で生活線を守り復興を進める	支援疲れと動員負担で正統性が摩耗	83.0	60.0	76.0	71.0	89.0	75.0	82.0	23.0	長期警戒が常態化し将来像が曇る。不安は強いが技術・支援参加が意味を作る
58	IRN	イラン	Iran	中東	境界的圧力	停戦維持し影響力を確保	停戦枠組み維持、海上示威を限定運用	外圧下でも治安と物価を守る	制裁と歳入難で強硬長期化は危険	63.0	80.0	70.0	83.0	82.0	75.0	87.0	21.0	警戒常態化で将来不安が摩耗。燃料高が可処分を圧迫
58	ISR	イスラエル	Israel	中東	境界的圧力	停戦維持と抑止の強化	停戦監視と防空配備、サイバー連携強化	全面戦争は避けつつ警戒を常態化する	戦費と分断で投資余力が細りやすい	74.0	68.0	79.0	90.0	87.0	80.0	83.0	24.0	長期警戒で将来不安が粘着、進路選択が萎縮しやすい
58	SAU	サウジアラビア	Saudi Arabia	中東	圧力上昇	高値維持で体制安定	OPEC+増産は小幅、対アジア契約を優先	安定収入で改革と雇用を継続する	治安・補助金・投資が硬直、急増産困難	63.0	69.0	60.0	56.0	68.0	59.0	64.0	31.0	物価高と警戒疲れで挑戦を先送りし、将来像が細る
58	EU	欧州連合	European Union	欧州	圧力上昇	規制主導で供給網を固める	対日でAI監査・データ移転基準の順守圧	常時警戒下でも競争力と安全を両立	加盟国間の景気差と選挙で妥協が増える	60.0	56.0	74.0	62.0	84.0	59.0	82.0	19.0	基準対応と雇用変動が不安増。越境機会は一部の希望に
59	USA	アメリカ	United States	北米	境界的圧力	同盟負担増と技術囲い込み	対日:防衛負担増要求と共同演習継続、先端輸出管理を維持	抑止維持と雇用保護のため同盟を強化する	長期疲労と選挙政治で対外関与の費用対効果を迫られる	80.0	66.0	78.0	92.0	86.0	81.0	86.0	22.0	負担増の圧が続き不安は残るが、地域の報酬化試行が将来像の暗さを少し緩める
59	CHN	中国	China	東アジア	境界的圧力	技術主権で圧力を調整継続	対日部材・原料の許認可を景気連動で絞る	外圧下でも産業安全と雇用を守る	景気減速で強硬一辺倒は負担が増す	84.0	58.0	82.0	88.0	80.0	88.0	89.0	24.0	供給制約が続き就職観が保守化。地域の報酬化試行は一部で不安を緩和
59	JPN	日本	Japan	東アジア	圧力上昇	制度試行で不安を抑える	資源・計算資源の確保を継続し分散調達	生活不安を抑えつつ安全保障も維持する	財政摩耗で若者・防衛の配分が限界	64.0	66.0	78.0	70.0	95.0	76.0	88.0	12.0	制度試行は安心材料だが、負担感で将来設計は硬直
59	TWN	台湾	Taiwan	東アジア	境界的圧力	抑止維持と供給の冗長化	日米欧と分散生産・備蓄枠を拡大	生活維持も評価し雇用不安を抑える	電力・人材・保険料で供給安定が高コスト	84.0	66.0	76.0	92.0	85.0	86.0	86.0	18.0	危機は継続。だが社会維持の報酬化が見え、若者の無力感は微減
59	KOR	韓国	South Korea	東アジア	圧力上昇	産業防衛と社会緩衝を併走	日米と半導体枠を調整し供給網を強化	雇用不安を抑えつつ安保投資を継続	若者支援と防衛費が同じ財源を奪う	64.0	57.0	69.0	74.0	83.0	70.0	78.0	24.0	近隣の緊張と計算資源競争が不安を維持、制度報酬の芽は希望をわずかに押し上げる
59	PRK	北朝鮮	North Korea	東アジア	境界的圧力	小挑発で譲歩を誘う	短距離発射示唆、対話窓口維持し対中露取引	外圧に備え統制と軍需優先、配給は守る	外貨・燃料不足で長期緊張は負担、失策恐れ	86.0	63.0	80.0	96.0	88.0	75.0	94.0	12.0	警戒報道がSNS不安を増幅し、進路選択が保守化する
59	RUS	ロシア	Russia	ユーラシア	間接衝突	戦時統制を維持し消耗戦	資源輸出の迂回を継続し制裁の穴を探る	長期戦でも生活と雇用は守れると強調	戦費と部品不足で産業更新が鈍い	84.0	78.0	73.0	81.0	86.0	79.0	85.0	20.0	不安の常態化は続くが、地域報酬化の兆しが希望を少し支える
59	UKR	ウクライナ	Ukraine	欧州	限定戦争	継戦と復興枠の死守	欧米日へ防空・弾薬と復興資金の前倒し要請	生活線維持と動員の公平で持久戦に耐える	支援疲れと財政逼迫で統治正統性が薄い	82.0	58.0	74.0	69.0	90.0	73.0	80.0	22.0	戦争長期化で未来像が曇るが、社会維持報酬の試行は希望の根に。
59	IRN	イラン	Iran	中東	境界的圧力	停戦維持で内政安定優先	停戦線は維持しつつ海上圧力を限定	外圧下でも治安と物価を守る	制裁と歳入難で強硬長期化は危険	61.0	77.0	66.0	82.0	80.0	73.0	84.0	24.0	燃料高と不確実性が可処分を削り将来不安が続く
59	ISR	イスラエル	Israel	中東	境界的圧力	停戦維持で抑止を更新	停戦監視継続、防空・サイバー即応を強化	戦線拡大は避けつつ警戒と生活を両立	戦費と分断で投資・若者支援が細る	72.0	66.0	77.0	89.0	85.0	78.0	82.0	27.0	警戒の長期化で不安が粘着。挑戦より安定志向へ傾く
59	SAU	サウジアラビア	Saudi Arabia	中東	圧力上昇	高値維持と関係維持	OPEC+は微調整、対アジア長期契約優先	財政安定で改革と治安投資を継続	増産余地は限定、政権正統性に依存	62.0	67.0	58.0	55.0	66.0	57.0	63.0	33.0	生活コスト高が続き、挑戦より安定志向が強まり将来不安が残る
59	EU	欧州連合	European Union	欧州	圧力上昇	制度実装で安定優先	対日でAI監査と労働移行支援連携を要求	社会維持と成長の両立へ制度を試行拡大	加盟国差と選挙で財政合意が遅い	58.0	53.0	70.0	60.0	83.0	57.0	78.0	21.0	制度対応負担は続くが、移行支援の可視化で絶望はやや緩む
60	USA	アメリカ	United States	北米	境界的圧力	同盟負担増とAI囲い込み継続	対日:防衛費・基地運用負担増を再要請、先端輸出管理を維持	抑止と雇用を守るため同盟と供給網を強化する	選挙政治と財政圧で外向き支出に上限がある	78.0	64.0	76.0	93.0	87.0	80.0	85.0	23.0	負担増と技術制約で将来像が曇るが、協業枠が見えれば希望低下は一部止まる
60	CHN	中国	China	東アジア	境界的圧力	統制強化と対外圧力の選別	対日素材・装置部材の許認可を再調整	外圧に備え雇用と産業安全を守る	景気と雇用悪化で強硬継続は負担	86.0	60.0	84.0	90.0	78.0	89.0	88.0	22.0	供給不安が続き将来設計が短期化。挑戦より安定志向が強まる
60	JPN	日本	Japan	東アジア	圧力上昇	配分見直しで摩耗抑制	資源・計算資源を同盟内で確保し分散	生活防衛を優先し改革は段階実装する	財政と制度信頼の同時維持が難しい	63.0	62.0	80.0	69.0	96.0	74.0	90.0	11.0	支援は見えるが負担感が勝ち、将来像は狭まりやすい
60	TWN	台湾	Taiwan	東アジア	境界的圧力	抑止維持と供給耐性強化	日米欧と分散生産・保険枠・備蓄を増強	危機管理と雇用維持を同時に進める	電力・人材・保険料が重く投資が逼迫	83.0	64.0	73.0	91.0	86.0	84.0	82.0	20.0	危機は長期化観。だが冗長化が見え、若者の絶望は横ばい〜微減
60	KOR	韓国	South Korea	東アジア	圧力上昇	産業防衛と同盟維持を優先	日米と先端半導体枠を維持し対北抑止も強化	安保と成長を守り雇用支援も続ける	若者支援と防衛・産業補助が財源競合	65.0	58.0	67.0	73.0	84.0	69.0	79.0	23.0	近隣緊張と計算資源競争が不安を固定、制度介入が弱いと希望の分岐が拡大
60	PRK	北朝鮮	North Korea	東アジア	境界的圧力	小挑発と対話窓口を併用	短距離発射で存在誇示、制裁緩和を探る	外圧下でも体制と配給を守る、団結せよ	燃料・外貨不足で長期緊張は重荷	88.0	66.0	79.0	97.0	89.0	77.0	95.0	11.0	警戒報道が常態化し不安が増幅、挑戦より安定志向が強まる
60	RUS	ロシア	Russia	ユーラシア	間接衝突	統制維持で持久	資源迂回輸出と制裁回避を強化	長期戦でも生活基盤は守ると強調	戦費と部品不足で産業更新が遅い	86.0	74.0	70.0	83.0	84.0	78.0	86.0	18.0	不安が固定化し将来設計が短期化、海外志向が揺れる
60	UKR	ウクライナ	Ukraine	欧州	限定戦争	支援維持の再交渉	欧米日へ復興枠固定と弾薬融通を要請	動員負担の是正と生活線の維持を優先	支援疲れと人員枯渇で統治が揺れる	84.0	60.0	77.0	70.0	91.0	74.0	82.0	20.0	長期戦が先行不安を増幅。支援の可視化が希望の底割れを防ぐ
60	IRN	イラン	Iran	中東	境界的圧力	停戦枠を守り圧力は調整	停戦維持を表明し海上攪乱は抑制	対外圧力下でも治安と物価を守る	制裁と歳入難で長期強硬は維持不能	63.0	79.0	67.0	84.0	81.0	74.0	85.0	23.0	燃料高が家計を圧迫し将来設計が縮む不安が続く
60	ISR	イスラエル	Israel	中東	境界的圧力	停戦維持で抑止と再建	停戦監視継続、対サイバー協力と防空即応強化	拡大は抑えつつ警戒と復興を進める	戦費・分断で若者投資と技術調達が逼迫	74.0	63.0	72.0	87.0	82.0	76.0	80.0	29.0	紛争長期化と供給不安で将来像が曇り、挑戦より安定志向が強まる
60	SAU	サウジアラビア	Saudi Arabia	中東	圧力上昇	高値安定と対外均衡	OPEC+は小幅調整、対アジア契約を維持	収益で改革と雇用を下支え、治安も強化	増産余地は限定、治安費と改革費が競合	60.0	64.0	56.0	54.0	63.0	55.0	61.0	34.0	物価高が続き挑戦より安定志向が強まり、将来像が縮む
60	EU	欧州連合	European Union	欧州	圧力上昇	規制調整と景気下支え	対日でAI監査相互承認と人材移行支援枠	成長と公正の両立へ規制を段階適用	加盟国差と選挙で合意が遅れがち	59.0	52.0	66.0	58.0	81.0	56.0	76.0	23.0	制度対応負担は続くが支援枠が見え将来不安は微減
61	USA	アメリカ	United States	北米	境界的圧力	同盟負担とAI囲い込み継続	対日:防衛負担増を再要請、先端規制と共同開発枠を提示	雇用と安全を守るため同盟とAI基盤を確保する	財政と選挙で譲歩余地が小さく同盟へ負担転嫁	79.0	61.0	74.0	92.0	86.0	78.0	84.0	24.0	負担増と計算資源制約で将来不安が強まるが、協業枠が見えれば一部緩む
61	CHN	中国	China	東アジア	境界的圧力	統制維持と対日圧力の調整	対日輸出許認可を選別運用、迂回調達網を拡大	雇用と産業安全を守り外圧に耐える	雇用不安で強硬一辺倒は逆風、景気優先も必要	84.0	58.0	83.0	92.0	76.0	90.0	87.0	23.0	供給不安が長期化し挑戦が鈍る。安定志向と将来不信が強まる
61	JPN	日本	Japan	東アジア	圧力上昇	雇用再設計で不安抑制	同盟内で計算資源・部材の確保枠を拡張	学び直しと所得下支えを同時に進める	財政制約で給付と投資の両立が難しい	64.0	60.0	82.0	66.0	94.0	72.0	88.0	13.0	再訓練は増えるが不安が先行し、将来像は揺れやすい
61	TWN	台湾	Taiwan	東アジア	境界的圧力	抑止維持と制度調整支援	日米欧と供給冗長化・保険枠を更新	雇用再設計と危機管理を同時遂行	電力・人材・保険料が重く投資が綱渡り	82.0	63.0	71.0	90.0	84.0	83.0	79.0	22.0	危機の長期感は残るが、制度再編が見え不安は微減
61	KOR	韓国	South Korea	東アジア	圧力上昇	産業防衛と雇用再設計を優先	日米と半導体協調を維持し対北抑止継続	雇用移行を支え成長と安保を守る	補助金と防衛費が財源競合し調整困難	63.0	57.0	70.0	74.0	82.0	68.0	78.0	24.0	雇用再設計競争が日本の将来感を揺らし不安が長期化
61	PRK	北朝鮮	North Korea	東アジア	境界的圧力	挑発で譲歩を引き出す	短距離発射と衛星名目を反復、対話窓口は残す	外圧と制裁に屈せず団結、配給と治安を守る	燃料・外貨不足で長期緊張は維持困難	90.0	62.0	76.0	83.0	87.0	74.0	94.0	14.0	警戒報道が続き将来不安が増幅、安定志向が強まる
61	RUS	ロシア	Russia	ユーラシア	間接衝突	持久と統制で優位維持	資源輸出を梃子に制裁回避と分断工作	制度再編でも国家は守り生活は維持	戦費・部品不足で産業更新が停滞	88.0	76.0	72.0	84.0	86.0	80.0	87.0	16.0	雇用再設計期に不確実性が増幅し、将来像が短期化
61	UKR	ウクライナ	Ukraine	欧州	限定戦争	支援を条件固定し戦線維持	欧米日へ復興枠の長期契約と弾薬優先を要請	動員と生活を両立し復興準備を進める	人員枯渇と財政逼迫で統治が脆い	83.0	58.0	78.0	69.0	92.0	73.0	81.0	21.0	長期戦の常態化が将来像を曇らせ不安が続く
61	IRN	イラン	Iran	中東	境界的圧力	停戦維持と内政引締め	停戦枠を維持し代理勢力は抑制的運用	生活防衛を優先し対外圧力に耐える	制裁下の歳入難で強硬路線は持続困難	60.0	76.0	66.0	83.0	79.0	72.0	82.0	25.0	燃料高と不況連想が続き、進路選択が慎重化する
61	ISR	イスラエル	Israel	中東	境界的圧力	停戦下で抑止と内政修復	停戦枠組み維持、対サイバー連携と輸出管理強化	拡大は避けつつ治安と生活基盤を立て直す	戦費と分断で人材育成・投資が先細る	76.0	61.0	74.0	88.0	83.0	78.0	81.0	27.0	紛争とAI再編の二重不安で、若者は挑戦より防衛的選択に寄る
61	SAU	サウジアラビア	Saudi Arabia	中東	圧力上昇	高値安定で改革原資確保	OPEC+小幅調整を主導、アジア長期契約を優先	原油収益で雇用・治安・改革を同時に下支え	増産余地は限界、治安費と改革投資が競合	61.0	66.0	57.0	55.0	62.0	56.0	63.0	33.0	燃料高が固定化し生活防衛が優先、挑戦意欲が削られ将来像が硬直
61	EU	欧州連合	European Union	欧州	圧力上昇	規制運用と雇用再設計	対日で監査互換と職能移行基金を協議	公正と競争力の両立へ制度を更新	加盟国差と選挙で拠出・規制調整が難航	60.0	53.0	64.0	56.0	83.0	55.0	74.0	24.0	制度対応負担は続くが移行支援が見え将来不安は微減
62	USA	アメリカ	United States	北米	境界的圧力	同盟負担とAI囲い込み維持	対日:負担増再要請、計算枠と規制順守を条件化	雇用と安全を守るため同盟とAI基盤を確保	選挙と財政で譲歩困難、同盟へ負担転嫁が続く	81.0	63.0	77.0	93.0	88.0	79.0	86.0	22.0	地域格差固定化と負担増が重なり、若者の定着・将来像が痩せる
62	CHN	中国	China	東アジア	境界的圧力	統制優先で対日選別圧力	半導体・部材の許認可を厳格化、対日交渉を誘導	雇用安定と産業安全を守り外圧に対処する	景気減速で強硬の持久力が不安、失業が怖い	86.0	60.0	85.0	93.0	78.0	91.0	88.0	22.0	地域差と雇用不安が重なり、挑戦回避と将来不信が強まる
62	JPN	日本	Japan	東アジア	圧力上昇	地域格差の火種を抑える	同盟枠で計算資源枠確保、投資誘致	地方の学び直し・移動支援で機会を守る	財政逼迫で一律給付は難しく優先選別	63.0	58.0	79.0	62.0	92.0	70.0	86.0	14.0	住む場所で将来が決まる感覚が増幅、移動と学びの支援で差が緩む
62	TWN	台湾	Taiwan	東アジア	境界的圧力	供給安定と人材定着を優先	日米欧と代替生産・在庫協定を強化	地域支援で雇用と生活基盤を守る	電力制約と保険負担で投資が伸びない	80.0	61.0	69.0	88.0	85.0	82.0	77.0	21.0	格差固定の長期不安が残り、進路選択が慎重化
62	KOR	韓国	South Korea	東アジア	境界的圧力	半導体防衛と若者定着	日米と供給網協調、対北抑止を強化	地域格差是正と雇用移行で成長を守る	補助金・住宅支援と防衛費が財源競合	66.0	58.0	73.0	76.0	84.0	70.0	80.0	22.0	人材・投資の奪い合いで日本の将来感が揺れ、不安が増幅
62	PRK	北朝鮮	North Korea	東アジア	境界的圧力	限定挑発で交渉余地確保	短距離発射と電子妨害を示威、対話窓口は維持	外圧に屈せず抑止力で国家を守る	燃料・外貨不足で緊張維持は高コスト	92.0	60.0	72.0	84.0	88.0	73.0	95.0	13.0	安全不安がSNSで増幅し、地域格差の閉塞感と重なり将来像が縮む
62	RUS	ロシア	Russia	ユーラシア	間接衝突	資源梃子で持久と強制	資源供給を選別し制裁回避網を拡張	対外圧力下でも統制で生活を守る	戦費と部品不足で成長投資が細る	86.0	79.0	74.0	86.0	88.0	82.0	85.0	15.0	地域格差固定化と重なり将来像が短期化、挑戦回避が増える
62	UKR	ウクライナ	Ukraine	欧州	限定戦争	支援の長期固定を優先	欧米日へ復興資金の複数年枠と弾薬継続を要請	戦時運営を続けつつ地域復旧の優先順位を示す	動員疲弊と財政難で地域格差が統治不安に直結	84.0	57.0	79.0	70.0	93.0	74.0	82.0	20.0	長期戦と復興負担が格差不安を増幅し、若者の将来像を曇らせる
62	IRN	イラン	Iran	中東	境界的圧力	停戦維持と影響力維持	停戦枠は維持しつつ航路圧力を示唆	外圧に屈せず生活防衛と治安を守る	歳入難と不満で大規模冒険は避けたい	63.0	81.0	68.0	86.0	80.0	74.0	84.0	23.0	燃料高の長期化観測で将来像が縮み、地方定着は慎重化
62	ISR	イスラエル	Israel	中東	境界的圧力	停戦維持で抑止を再強化	停戦枠組み維持、対サイバー連携と輸出管理継続	拡大回避と治安確保を両立し生活を守る	戦費・分断で投資と人材確保が細る	74.0	63.0	72.0	86.0	80.0	77.0	79.0	29.0	世界格差固定と供給不安で、若者は将来設計を縮めがち
62	SAU	サウジアラビア	Saudi Arabia	中東	圧力上昇	高値維持で体制安定優先	OPEC+調整を継続、アジア長期供給を優先	収益で雇用・治安・改革投資を維持	治安費と改革投資が競合、増産余地は限定	63.0	67.0	58.0	56.0	63.0	57.0	64.0	32.0	物価高が長期化し地域格差の不安が増幅、若者は安定志向へ寄る
62	EU	欧州連合	European Union	欧州	圧力上昇	格差抑制と競争力防衛	対日で規制互換と人材・研究連携を拡張	地域格差是正で成長と公正を両立	加盟国差と選挙で財源合意が割れる	59.0	52.0	66.0	57.0	85.0	54.0	73.0	23.0	格差固定の物語が波及し、若者は移動/学び直し焦り増
63	USA	アメリカ	United States	北米	境界的圧力	同盟結束とAI囲い込み継続	対日:防衛負担増とAI規制順守を再要請	雇用と安全を守るため同盟と技術基盤を確保	選挙・物価・産業圧力で緩和困難、負担転嫁	78.0	60.0	75.0	92.0	86.0	77.0	84.0	24.0	負担増と計算資源不安が重なり将来像が細る
63	CHN	中国	China	東アジア	圧力上昇	統制強化で対日選別圧力	半導体・鉱物の許認可を絞り交渉誘導	雇用と安全を守るため外圧に対応する	景気減速で長期強硬は失業が怖い	88.0	63.0	87.0	95.0	80.0	93.0	90.0	20.0	研究・就職の見通しが霞み、挑戦より安定志向が強まる
63	JPN	日本	Japan	東アジア	圧力上昇	配分調整で社会不安を抑制	同盟枠で計算資源確保、供給網協定を拡張	防衛と物価対策を両立し若者の機会を守る	財政制約で支援は選別、負担増が政治リスク	66.0	60.0	81.0	68.0	93.0	74.0	88.0	12.0	努力しても報われない不安が増すが、学び直しと移動支援で緩和
63	TWN	台湾	Taiwan	東アジア	境界的圧力	供給死守と抑止強化	日米欧と規制整合、輸出管理と分散投資	安全と雇用を守り、産業基盤を維持する	電力・保険・人材流出で増産が頭打ち	83.0	64.0	71.0	91.0	87.0	84.0	79.0	20.0	半導体不安が進路を保守化。挑戦意欲が鈍り将来感が曇る
63	KOR	韓国	South Korea	東アジア	境界的圧力	半導体主導権と抑止維持	日米と規制整合、供給網・対北抑止を強化	成長と安全の両輪で雇用を守る	補助金と防衛費、住宅支援が財源競合	68.0	60.0	78.0	82.0	86.0	74.0	83.0	20.0	人材・投資競争が激化し、将来不安と焦燥が強まる
63	PRK	北朝鮮	North Korea	東アジア	境界的圧力	挑発で抑止と取引余地	発射予告とサイバー示威、対話窓口は維持	外圧に備え結束し体制を守る	外貨・燃料不足で長期緊張は重荷	94.0	63.0	74.0	86.0	90.0	75.0	96.0	12.0	安全不安が就職・進学判断を萎縮させ、将来像が短期化
63	RUS	ロシア	Russia	ユーラシア	境界的圧力	資源と制裁回避で持久	資源輸出を選別し友好国決済網を拡張	包囲下でも雇用と物価を統制し耐える	戦費・部品制約で民生投資が先細る	88.0	82.0	76.0	87.0	86.0	83.0	84.0	14.0	物価と安全保障の不確実性が長期化し将来設計が萎む
63	UKR	ウクライナ	Ukraine	欧州	限定戦争	支援の制度固定を急ぐ	欧米日に復興・防空の複数年枠を要請	耐久戦と復旧を同時に進めると説明	動員疲弊と財政逼迫で統治が揺れる	86.0	61.0	77.0	72.0	92.0	76.0	83.0	22.0	長期化で物価・雇用不安が残り将来像が曇る
63	IRN	イラン	Iran	中東	境界的圧力	停戦維持で交渉余地確保	停戦枠維持し制裁迂回と航路示威を併用	外圧下でも治安と生活必需を守る	歳入難と不満で全面対決は避けたい	66.0	84.0	70.0	88.0	82.0	76.0	85.0	21.0	燃料高と不安報道で将来設計が萎縮し挑戦を先送り
63	ISR	イスラエル	Israel	中東	境界的圧力	抑止維持と技術優位確保	停戦枠組み維持しつつ輸出管理強化	拡大は避けるが抑止は緩めない	戦費と分断で人材・投資が細る	71.0	60.0	69.0	88.0	78.0	75.0	77.0	30.0	供給網と計算資源不安が強まり、若者は挑戦を先送り
63	SAU	サウジアラビア	Saudi Arabia	中東	圧力上昇	価格帯維持で体制安定優先	OPEC+は慎重運用、アジア向け長期契約を厚めにする	収益を雇用・治安・改革投資に回し安定を守る	増産余地は限定、治安費と改革投資が競合する	66.0	70.0	60.0	58.0	66.0	59.0	67.0	30.0	物価と将来費用の見通しが重く、若者は挑戦より安定へ傾く
63	EU	欧州連合	European Union	欧州	圧力上昇	規制主導で競争力防衛	AI規制整合を対日要求、供給網を欧州寄り	公正と安全を守り産業を再強化する	加盟国分断と景気で強硬策は続かない	61.0	54.0	68.0	60.0	82.0	58.0	74.0	22.0	規制適応と職の再編が可視化し、若者は将来設計の焦り増
64	USA	アメリカ	United States	北米	境界的圧力	同盟負担増とAI囲い込み	対日:防衛負担・共同生産・輸出管理順守要求	雇用と安全を守る現実的な同盟再編	世代間負担見直しで財政摩擦、外へ負担転嫁	80.0	62.0	74.0	93.0	88.0	79.0	86.0	22.0	将来負担感と仕事不安が増幅、進路選択が萎む
64	CHN	中国	China	東アジア	境界的圧力	対日依存を梃子に圧力継続	鉱物・部材の許認可を選別し交渉圧力	外圧下でも雇用と安定を最優先する	景気鈍化で長期強硬は失業が痛い	90.0	66.0	82.0	94.0	83.0	92.0	88.0	18.0	負担見直し論と重なり将来像が曇り、挑戦回避が増える
64	JPN	日本	Japan	東アジア	圧力上昇	世代間再設計で負担分散	同盟枠で調達・計算資源を確保し物価抑制	制度を見直しつつ生活と若者機会を守る	増税回避は困難、給付削減は反発が大きい	64.0	58.0	78.0	66.0	95.0	72.0	90.0	10.0	将来負担の見通し不安が増すが、教育・住居支援の明確化で一部緩和
64	TWN	台湾	Taiwan	東アジア	境界的圧力	供給防衛と抑止継続	日米欧と分散投資、供給優先枠を交渉	雇用と安全を守り、産業を止めない	電力・保険・人材が制約、優先配分必須	85.0	66.0	73.0	92.0	88.0	86.0	81.0	18.0	世代間負担論と不況不安が重なり、挑戦より安定志向が強まる
64	KOR	韓国	South Korea	東アジア	境界的圧力	技術主権と雇用防衛	日米と規制整合、投資奪い合いを強化	成長投資で雇用と安保を同時に守る	補助金・防衛費・福祉で財源が逼迫	66.0	58.0	74.0	80.0	84.0	72.0	82.0	22.0	人材争奪と制度不安が重なり、将来の見通しが曇る
64	PRK	北朝鮮	North Korea	東アジア	間接衝突	示威で抑止と譲歩誘導	短距離発射示威とサイバー攪乱、対話窓口は残す	敵対勢力に屈せず体制と生活を守る	外貨・燃料不足で長期緊張は維持困難	96.0	61.0	77.0	88.0	92.0	79.0	97.0	10.0	年金・負担論争期に不安が増幅し、将来設計が短期化
64	RUS	ロシア	Russia	ユーラシア	間接衝突	制裁下で資源と戦時経済を維持	資源輸出を取引条件化し制裁回避網を拡張	包囲に耐え国家機能と雇用を守る	戦費と部品不足で民生の不満が蓄積	86.0	80.0	74.0	86.0	84.0	81.0	83.0	15.0	負担見直し議論に外部不安が重なり、将来像が縮む
64	UKR	ウクライナ	Ukraine	欧州	限定戦争	支援多年度化で戦線維持	欧州・米国・日本に防空/弾薬/復興の複数年枠を再要請	負担配分を見直しつつ防衛と生活を両立	動員疲弊と財政難で統治の限界が近い	88.0	63.0	78.0	73.0	93.0	77.0	84.0	21.0	負担再設計の議論と重なり将来像が不透明化、慎重化が進む
64	IRN	イラン	Iran	中東	境界的圧力	停戦維持で制裁緩和狙い	停戦枠を維持しつつ航路で示威と交渉	外圧下でも生活と治安を守り抜く	歳入難と不満で全面再燃は避けたい	68.0	87.0	74.0	89.0	86.0	79.0	88.0	18.0	燃料高と負担議論が重なり将来不安が増幅、挑戦が先送り
64	ISR	イスラエル	Israel	中東	境界的圧力	抑止優先、技術管理強化	停戦枠組み維持しつつ対外規制と連携強化	拡大は抑えつつ安全と競争力を守る	戦費・分断で投資と人材循環が鈍る	73.0	63.0	70.0	90.0	80.0	77.0	79.0	28.0	年金等の再設計で不安が増幅し、挑戦より安定志向へ
64	SAU	サウジアラビア	Saudi Arabia	中東	圧力上昇	価格安定で需要国と関係維持	OPEC+慎重運用、対アジア長期契約を優先	収益を雇用・治安・改革に配分し安定確保	増産余地は限定、治安費と改革投資が競合	64.0	68.0	63.0	57.0	70.0	60.0	71.0	26.0	生活費と負担議論が重なり、若者は将来不安が増し慎重化
64	EU	欧州連合	European Union	欧州	圧力上昇	規制と成長の両立探る	対日へAI規制整合と供給網透明化を要求	公正と安全を守り雇用と成長を両立する	加盟国分断と景気で強硬策は長続きしない	63.0	56.0	70.0	62.0	84.0	60.0	75.0	20.0	負担再設計の圧が可視化し、若者は将来不安と焦りが増す
65	USA	アメリカ	United States	北米	境界的圧力	同盟負担増とAI統制	対日:防衛費・共同生産・輸出管理順守を強化	雇用と安全を守るため同盟の実効性を上げる	生活費と分断で余力が細り、同盟に負担要請	78.0	60.0	72.0	92.0	86.0	76.0	84.0	24.0	負担増と進路不安が続き、希望の回復が遅れる
65	CHN	中国	China	東アジア	境界的圧力	選別圧力で譲歩誘導	重要鉱物・部材を許認可で選別し圧力	外圧下でも雇用と秩序を守る	景気鈍化で長期強硬は失業が増える	88.0	64.0	84.0	93.0	81.0	91.0	86.0	20.0	供給不安が常態化し将来像が曇り、挑戦回避が増える
65	JPN	日本	Japan	東アジア	圧力上昇	負担分散で正統性確保	同盟枠で調達分散と計算資源枠を確保	生活防衛と人材投資を守り制度を更新する	増税・給付調整の両面で反発が強い	63.0	57.0	74.0	62.0	92.0	69.0	88.0	14.0	将来負担の実感が残り迷いが増すが、住居・学び直しの見える化で諦念は一部抑制
65	TWN	台湾	Taiwan	東アジア	境界的圧力	抑止維持と供給優先	日米欧と供給確保枠を再交渉、分散投資	産業と雇用を守り、危機でも通常運転を維持	電力・保険・人材不足で供給優先が不可避	86.0	68.0	74.0	93.0	89.0	87.0	82.0	17.0	先行き不安が長期化し、挑戦回避と安定志向が強まる
65	KOR	韓国	South Korea	東アジア	境界的圧力	技術主権と雇用防衛	日米と規制整合、投資誘致と輸出管理強化	安保と成長投資で雇用の底割れを防ぐ	補助金疲れと対北リスクで政策余力が薄い	68.0	57.0	71.0	78.0	82.0	70.0	79.0	24.0	人材・計算資源の奪い合いが続き、若者の進路不安が長期化
65	PRK	北朝鮮	North Korea	東アジア	間接衝突	示威継続、対話は温存	発射訓練を示威、サイバー攪乱、米韓に条件付き対話	外圧に屈せず体制と生活を守る	燃料・外貨不足で長期緊張は負担増	93.0	58.0	72.0	86.0	90.0	76.0	95.0	12.0	不安報道が反復し、将来設計が短期化。回復期待は揺れやすい
65	RUS	ロシア	Russia	ユーラシア	間接衝突	戦時経済維持と分断工作	資源価格を揺らし制裁回避網を強化	長期戦に備え雇用と物価を統制する	兵站・部品不足と不満で統治コスト増	88.0	83.0	76.0	87.0	85.0	82.0	86.0	14.0	不安定な対外環境が常態化し、将来設計が縮みやすい
65	UKR	ウクライナ	Ukraine	欧州	限定戦争	支援固定化で戦線維持	欧州・米日に防空/弾薬/復興の年次枠を再要請	長期戦を前提に生活と動員を再設計する	疲弊と財政難で統治・動員の限界が近い	90.0	65.0	80.0	74.0	94.0	78.0	85.0	20.0	長期不確実性が進路判断を硬直化。希望より慎重が優勢
65	IRN	イラン	Iran	中東	境界的圧力	停戦枠維持で主導権確保	航路周辺で示威と裏協議を併走	抑止を保ち生活防衛を続ける	歳入難と不満で再燃は高コスト	70.0	84.0	72.0	88.0	85.0	78.0	86.0	20.0	燃料高と先行き不透明が続き、若者は挑戦より防衛志向へ傾く
65	ISR	イスラエル	Israel	中東	境界的圧力	抑止維持、技術流出警戒	停戦枠組みを維持し対サイバー連携強化	拡大は抑えつつ安全と雇用を守る	戦費と分断で投資・人材循環が鈍い	71.0	60.0	68.0	88.0	79.0	75.0	78.0	30.0	先端領域の供給不安が続き、将来設計は慎重化する
65	SAU	サウジアラビア	Saudi Arabia	中東	圧力上昇	価格安定で対アジア重視	OPEC+は慎重増産、対アジア契約維持	改革と治安を優先し雇用を下支え	増産余地は限定、治安費と投資が競合	63.0	62.0	58.0	55.0	68.0	58.0	69.0	28.0	物価高観測が続き、若者は将来設計を先送りし慎重化
65	EU	欧州連合	European Union	欧州	圧力上昇	規制標準化で主導権確保	対日へAI監査標準と供給網開示を要求	安全と公正を守り成長と雇用を確保する	加盟国分断と景気で強硬策は限定的	61.0	54.0	66.0	60.0	82.0	58.0	73.0	22.0	適合コスト増が将来設計を曇らせ、挑戦意欲が揺れる
66	USA	アメリカ	United States	北米	境界的圧力	同盟負担とAI統制を再要求	対日:防衛費増・共同生産・輸出管理順守を迫る	雇用と安全を守るため同盟の実効性を高める	生活費不満と分断で余力不足、同盟へ負担転嫁	80.0	62.0	75.0	93.0	88.0	78.0	86.0	22.0	負担増と役割不安が重なり、将来像の形成が遅れやすい
66	CHN	中国	China	東アジア	境界的圧力	選別緩和と抑止誇示	重要鉱物は条件付きで供給、演習は増勢	秩序と雇用を守り外圧に対抗する	景気鈍化で全面強硬は失業と資本流出	86.0	62.0	82.0	92.0	79.0	89.0	84.0	21.0	供給不安が進路選択を萎縮させ、将来像が曇る
66	JPN	日本	Japan	東アジア	圧力上昇	役割再生産を制度で支える	同盟枠で計算資源と重要部材の確保	家計と学び直しを守り移行を支援	財政逼迫で給付拡充に限界がある	61.0	56.0	79.0	60.0	94.0	68.0	86.0	12.0	家族形成期の不安が強まりやすいが、住居・育児・学び直しが見えると諦めは抑制
66	TWN	台湾	Taiwan	東アジア	境界的圧力	抑止と供給の堅持	日米欧と危機時供給枠、保険・電力支援を協議	危機管理を強化しつつ雇用と産業の継続を守る	電力・保険料・人材が逼迫し余力が薄い	88.0	70.0	76.0	94.0	90.0	88.0	84.0	16.0	役割形成期の不確実性が増幅し、挑戦より安全志向が強まる
66	KOR	韓国	South Korea	東アジア	境界的圧力	技術主権と若者雇用防衛	日米と規制整合、対北抑止強化と投資誘致	成長投資と雇用支援で将来不安を抑える	補助金疲れと安保負担で余力が細る	70.0	59.0	76.0	81.0	84.0	72.0	81.0	22.0	人材・計算資源の競争が強まり、若者の将来設計が硬直
66	PRK	北朝鮮	North Korea	東アジア	間接衝突	示威と交渉窓口を併存	短距離発射訓練、サイバー攪乱、対話条件を提示	外圧下でも抑止力で体制と生活を守る	燃料・外貨不足、制裁で長期化は困難	94.0	60.0	74.0	88.0	91.0	78.0	96.0	11.0	安全不安が常態化し、進路・家族形成の見通しが短期化しやすい
66	RUS	ロシア	Russia	ユーラシア	間接衝突	資源梃子に制裁耐久	影の貿易維持と資源輸出先を再編	包囲下でも雇用と物価を守る	戦費と部品不足で統治コスト増	90.0	86.0	78.0	88.0	86.0	83.0	87.0	13.0	不安定が常態化し進路・家庭形成の確信が弱まる
66	UKR	ウクライナ	Ukraine	欧州	限定戦争	支援の長期枠を固定化	EU・米・日本へ防空/弾薬/復興基金の複数年化要請	長期戦でも生活基盤と徴用制度を維持する	疲弊と財政難で動員・統治の限界が近い	88.0	62.0	78.0	72.0	92.0	76.0	84.0	22.0	遠い戦争の長期化が将来設計を萎縮。安定志向が強まる
66	IRN	イラン	Iran	中東	境界的圧力	停戦維持で体制安定優先	航路で示威抑制し裏協議で取引	抑止は維持、生活と雇用を守る	制裁・歳入難で再燃は負担過大	68.0	82.0	71.0	87.0	84.0	77.0	85.0	22.0	燃料高と先行き不透明が残り、若者は挑戦より安定選好が強まる
66	ISR	イスラエル	Israel	中東	境界的圧力	停戦維持と技術防衛	停戦枠組み維持、対サイバー協力拡大	抑止を保ち生活と雇用を守る	戦費と分断で人材・投資が細る	72.0	61.0	70.0	89.0	80.0	77.0	79.0	29.0	先端供給不安が続き、若者の将来像は慎重化
66	SAU	サウジアラビア	Saudi Arabia	中東	圧力上昇	価格安定で対アジア維持	OPEC+は慎重調整、対アジア長期契約優先	歳入確保と雇用維持で改革を継続	増産余地小、治安費と投資が綱引き	62.0	60.0	56.0	54.0	66.0	57.0	67.0	30.0	物価不安が続き、若者は家計優先で挑戦を先送り
66	EU	欧州連合	European Union	欧州	圧力上昇	規制と再訓練で秩序維持	対日へAI人材移動枠と監査適合を提示	雇用転換を支え安全と競争力を守る	加盟国温度差と産業保護で一枚岩でない	60.0	52.0	69.0	57.0	76.0	54.0	71.0	24.0	適合競争で焦り増。だが技能移動の道が見えれば回復
67	USA	アメリカ	United States	北米	境界的圧力	同盟負担とAI統制を優先	対日:防衛費増・共同生産・輸出管理強化	雇用と安全を守るため同盟を実効化する	分断と物価で余力乏しく負担を外へ	82.0	66.0	78.0	95.0	90.0	80.0	88.0	20.0	地域維持不安に負担増が重なり、将来の選択が縮む
67	CHN	中国	China	東アジア	境界的圧力	管理競争で外圧を分散	対日鉱物は条件付き、海空演習継続	雇用と安全を守り外圧に対処	景気鈍化で強硬一辺倒は不安定化	87.0	64.0	83.0	93.0	80.0	90.0	86.0	20.0	供給不安と緊張が進路を萎縮、将来像がぼやける
67	JPN	日本	Japan	東アジア	境界的圧力	出生・地域維持へ再配分	同盟枠で計算資源と重要部材の確保継続	出生・地域の維持へ重点化し生活不安を抑える	増税困難で再配分の痛みが政治負担	63.0	56.0	81.0	62.0	96.0	70.0	89.0	10.0	将来設計の見通しが割れ焦燥が増すが、居住・育児の具体策で緩和
67	TWN	台湾	Taiwan	東アジア	境界的圧力	抑止維持と社会持久	日米欧と供給協定を更新し電力・保険支援を要請	人口・地域の負荷に備え雇用と安定を優先する	電力・人材・保険費が逼迫し投資余力が細る	87.0	72.0	78.0	93.0	92.0	86.0	85.0	15.0	供給不安が進路選択に影響し安定志向と不安が続く
67	KOR	韓国	South Korea	東アジア	境界的圧力	半導体主導権と同盟維持	日米と供給網規範を調整し対北抑止を強化	雇用と安保を両立し地域格差を緩和する	補助金負担と防衛費で若者投資が削られやすい	68.0	57.0	74.0	79.0	86.0	70.0	83.0	20.0	人材・計算資源争奪で将来像が狭まり、地方ほど諦めが増える
67	PRK	北朝鮮	North Korea	東アジア	境界的圧力	示威を抑え対話余地確保	発射は抑制し挑発的演習とサイバー継続	外圧下でも抑止力維持と生活安定を優先	外貨・燃料不足で長期緊張は負担増	90.0	58.0	72.0	86.0	88.0	76.0	93.0	14.0	安全不安が継続し将来計画が短期化、地域定着を迷わせる
67	RUS	ロシア	Russia	ユーラシア	間接衝突	資源梃子で制裁耐久継続	影の貿易維持、資源値崩し回避で輸出調整	長期戦でも雇用と物価を守る体制を維持	戦費・労働力・部品不足で統治費が重い	88.0	84.0	76.0	86.0	83.0	80.0	86.0	16.0	不確実性が常態化し、将来設計と地域定着の確信が薄まる
67	UKR	ウクライナ	Ukraine	欧州	限定戦争	支援の多年度化を死守	日EUへ復興・防空の長期基金を要請	社会サービス維持で動員疲弊を抑える	歳入不足と統治疲労で限界近い	90.0	64.0	80.0	74.0	93.0	77.0	85.0	21.0	出生・地域不安が現実化し将来像が硬直。安定志向強まる
67	IRN	イラン	Iran	中東	境界的圧力	停戦維持で対外圧力を調整	航路の示威は抑えつつ制裁緩和を交渉	強硬姿勢は維持し生活防衛を優先	歳入不足と不満増で再燃は統治負担	66.0	78.0	69.0	86.0	82.0	74.0	83.0	24.0	燃料高と不確実性が長期化し、若者は地域移動と将来設計に慎重化
67	ISR	イスラエル	Israel	中東	境界的圧力	停戦枠維持と技術防衛	停戦監視を維持し、サイバー連携と輸出管理を強化	安全を確保しつつ、生活・雇用の下支えを続ける	戦費と分断で投資が鈍り人材流出も懸念	74.0	63.0	68.0	90.0	82.0	78.0	80.0	28.0	先端供給と雇用観測が曇り、若者の将来設計が保守化
67	SAU	サウジアラビア	Saudi Arabia	中東	圧力上昇	価格は守るが増産は限定	OPEC+は小幅調整、対アジア契約重視	改革継続へ歳入安定と雇用を優先	治安費・投資・王室合意で増産余地小	64.0	63.0	58.0	55.0	68.0	58.0	69.0	28.0	光熱費と物価の重みで将来設計が保守化し、地方移動や挑戦を絞る
67	EU	欧州連合	European Union	欧州	圧力上昇	規制順守と社会支援で秩序維持	対日へAI監査適合と人材循環枠を条件化	雇用転換と安全を両立し生活を守る	加盟国温度差と景気減速で財政配分が難しい	63.0	54.0	72.0	60.0	78.0	56.0	74.0	22.0	適合競争と雇用不安で焦り増。移動枠が見えれば冷却
68	USA	アメリカ	United States	北米	境界的圧力	同盟負担とAI優位を維持	対日:防衛分担増要求・輸出管理維持・共同生産	雇用と安全を守るため同盟と技術規律を強化	分断と生活費で余力乏しく負担を同盟へ転嫁	84.0	64.0	79.0	94.0	91.0	78.0	86.0	18.0	将来の選択肢が制度と同盟要請で狭まり、挑戦より萎縮が増える
68	CHN	中国	China	東アジア	境界的圧力	内政安定優先で対外圧調整	対日部材は許可制強化、海空活動は抑制的	安定雇用と安全を守り秩序ある発展へ	成長減速で強硬固定は失業不安を増やす	84.0	60.0	79.0	92.0	78.0	88.0	83.0	22.0	進路は安全志向に寄り、挑戦意欲が鈍り将来像が縮む
68	JPN	日本	Japan	東アジア	境界的圧力	制度信頼の回復と再配分	同盟枠で計算資源・重要部材の確保を継続	次世代の安心へ教育・雇用移行と生活支援を優先	増税困難で既得配分の抵抗が強い	60.0	58.0	78.0	60.0	92.0	68.0	84.0	12.0	努力が報われる感覚が揺れやすいが、移行支援が見えれば持ち直す
68	TWN	台湾	Taiwan	東アジア	境界的圧力	抑止と供給継続を優先	日米欧へ保険・電力支援を再要請し供給維持	生活と雇用を守り平時体制を強化する	電力・人材・保険費が重く財政余力が削れる	88.0	70.0	76.0	94.0	90.0	84.0	82.0	16.0	不安が常態化し安定職志向が強まり挑戦意欲が鈍る
68	KOR	韓国	South Korea	東アジア	境界的圧力	半導体統制と対北抑止を優先	日米と供給網・輸出管理を再調整	安保と雇用を守り格差不満を抑える	補助金・防衛費で若者投資が圧迫	70.0	60.0	78.0	82.0	88.0	73.0	84.0	18.0	計算資源と職の奪い合いが固定化し、将来の選択肢が狭い感覚が強まる
68	PRK	北朝鮮	North Korea	東アジア	境界的圧力	抑止誇示で体制求心維持	短距離示威と対南強硬、サイバー継続	外圧に屈せず体制と安全を守る	外貨・燃料不足で長期緊張は持たない	88.0	60.0	74.0	87.0	85.0	78.0	94.0	13.0	安全不安が再燃し将来像が縮む。挑戦回避と海外志向が増える
68	RUS	ロシア	Russia	ユーラシア	間接衝突	資源収入で戦費耐久	影の貿易拡大、原油ガス輸出先を再配分	制裁下でも賃金と治安を守り国家を維持	戦費と人員欠損、部品不足で統治費が重い	86.0	82.0	74.0	88.0	81.0	78.0	84.0	17.0	不確実性が常態化し、長期の将来設計への信頼が削れる
68	UKR	ウクライナ	Ukraine	欧州	限定戦争	支援継続の信用を固める	日EUへ復興・防空の成果連動支援を要請	改革と公正配分で次世代の信頼を守る	動員疲労と歳入不足で統治が脆い	88.0	61.0	77.0	72.0	91.0	74.0	83.0	22.0	長期戦の制度疲労が可視化し、安定職志向と未来不信が強まる
68	IRN	イラン	Iran	中東	境界的圧力	体制正統性の防衛優先	停戦枠組みを維持しつつ航路で抑止示威	制度の継続と生活防衛を同時に守る	制裁・歳入難で統治コストが限界	63.0	74.0	66.0	84.0	79.0	72.0	80.0	27.0	燃料高と情報不安が残り、若者は挑戦より安定志向が強まる
68	ISR	イスラエル	Israel	中東	境界的圧力	停戦維持と技術防衛	停戦監視を維持し、輸出管理とサイバー連携を強化	安全を最優先に、雇用と物価対策を続ける	戦費と分断で投資停滞、人材流出が重い	76.0	66.0	70.0	88.0	84.0	79.0	82.0	26.0	先端供給不安と物価観測が残り、若者は将来設計を縮めがち
68	SAU	サウジアラビア	Saudi Arabia	中東	圧力上昇	価格安定と対アジア重視	OPEC+は据置寄り、対アジア長期契約強化	歳入安定で改革と雇用を守る	合意政治と投資計画で増産余地は小	63.0	61.0	56.0	54.0	67.0	57.0	70.0	27.0	物価高の長期化感が残り、若者の挑戦は慎重化し将来信頼が揺れる
68	EU	欧州連合	European Union	欧州	圧力上昇	規制と雇用転換で秩序維持	対日へAI監査適合と人材循環を条件化	公正な転換と安全基準で生活と雇用を守る	加盟国分断と景気で支援継続に限界	60.0	52.0	66.0	58.0	74.0	54.0	70.0	24.0	適合競争が焦りを増す。循環枠が具体化すれば将来感は持ち直す
69	USA	アメリカ	United States	北米	境界的圧力	同盟負担とAI覇権を優先	対日:防衛負担増要求・輸出管理強化・共同開発	雇用と安全のため同盟と技術規律を強化	分断と生活費で余力乏しく同盟に負担転嫁	86.0	61.0	83.0	95.0	92.0	80.0	88.0	16.0	家族形成の現実性が費用と将来不安で崩れ、諦めが増える
69	CHN	中国	China	東アジア	境界的圧力	雇用安定優先で対外圧は可変	対日重要部材は許可制維持、検査で圧力調整	家計と雇用を守り安定成長で将来不安を減らす	家族形成不安が正統性に直結、強硬一辺倒は危険	82.0	58.0	81.0	93.0	74.0	87.0	84.0	21.0	生活設計不安が増幅。安定志向が強まり挑戦と家族形成の展望が細る
69	JPN	日本	Japan	東アジア	境界的圧力	配分改革で将来不安を抑制	同盟枠で燃料・重要部材・計算資源を確保	家計負担を抑えつつ雇用移行と子育て基盤を整備	増税困難、既得配分抵抗で緩衝余力が薄い	64.0	57.0	74.0	58.0	93.0	66.0	82.0	11.0	家族形成の現実感が下がり不安増、支援の見える化で反転余地
69	TWN	台湾	Taiwan	東アジア	境界的圧力	抑止維持と供給網の安定化	日米欧へ危機時の生産継続枠と保険支援を要請	安全と暮らしを守り、雇用と家計支援を続ける	電力・保険費と人材確保が重く財政が削れる	86.0	68.0	74.0	92.0	89.0	82.0	80.0	17.0	家計と将来不安が強まり、結婚・出産の現実感が遠のく
69	KOR	韓国	South Korea	東アジア	境界的圧力	家族支援と技術防衛を優先	日米と半導体・人材・輸出管理を再設計	生活と出生の土台を守り成長を取り戻す	若者支援と補助金で財政余力が細る	68.0	58.0	74.0	79.0	82.0	71.0	80.0	22.0	職と計算資源の競争が強まり、将来設計と家族形成の現実感がさらに揺らぐ
69	PRK	北朝鮮	North Korea	東アジア	境界的圧力	抑止誇示と交渉余地確保	示威発射とサイバー圧力、対話窓口は残す	外敵に備え団結し生活困難は耐え抜く	外貨・燃料不足で長期緊張は負担が大きい	90.0	58.0	76.0	88.0	84.0	79.0	93.0	14.0	安全不安が家族形成の展望を冷やし、将来設計が保守化する
69	RUS	ロシア	Russia	ユーラシア	間接衝突	戦時経済の耐久を優先	影の物流を強化し資源輸出を維持	制裁下でも雇用と物価を抑え国を守る	戦費と人員損耗、部品不足が長期化	88.0	80.0	76.0	90.0	83.0	79.0	85.0	16.0	物価と雇用不安が家族形成の現実感を削り、将来設計が先延ばしになる
69	UKR	ウクライナ	Ukraine	欧州	限定戦争	復興筋道を示し支援を確保	日EUへ復興案件の透明化と防空支援を要請	家族と暮らしを守るため支援獲得を優先	動員疲労と財源不足で若者支援が薄い	86.0	59.0	79.0	70.0	90.0	72.0	82.0	23.0	長期戦と復興負担が将来設計を曇らせ、家族形成に慎重化が進む
69	IRN	イラン	Iran	中東	境界的圧力	停戦維持と統制強化	停戦枠維持を演出し航路で限定示威	生活防衛と抑止を同時に守る	制裁歳入難で統治費と不満が限界	66.0	78.0	69.0	86.0	82.0	74.0	83.0	24.0	燃料高と物価不安が家計見通しを曇らせ、若者は家族形成を先送り
69	ISR	イスラエル	Israel	中東	境界的圧力	停戦維持と供給網防衛	停戦監視を維持し輸出管理とサイバー協力	安全最優先で物価と雇用の下支えを継続	戦費と分断で投資停滞、人材流出が続く	74.0	63.0	68.0	86.0	82.0	77.0	80.0	27.0	先端部材と計算資源の不安が残り、若者は家族計画を先送りしやすい
69	SAU	サウジアラビア	Saudi Arabia	中東	圧力上昇	価格安定優先で対アジア維持	OPEC+は小幅調整、アジア長期枠を固守	歳入確保で改革投資と雇用を守る	政権正統性と投資計画で増産は限定的	60.0	58.0	54.0	52.0	64.0	55.0	68.0	29.0	生活コスト不安が家族形成の現実感を下げ、将来設計は先送り傾向
69	EU	欧州連合	European Union	欧州	圧力上昇	規制と生活防衛を両立	対日へAI適合監査と供給網協調を要求	雇用と家計を守り公正な転換を進める	加盟国分断で家族支援と防衛が競合	63.0	54.0	69.0	60.0	77.0	57.0	74.0	22.0	生活費と将来設計が重なり焦り増。適合枠が見えれば一部回復
70	USA	アメリカ	United States	北米	境界的圧力	同盟負担と計算資源を締める	対日:防衛費・基地支援増、輸出管理維持	雇用と安全のため同盟と技術規律を強化	物価と分断で余力乏しく負担転嫁が必要	84.0	63.0	79.0	96.0	90.0	78.0	86.0	18.0	家族形成の費用感が跳ね上がり、将来像が縮む
70	CHN	中国	China	東アジア	境界的圧力	雇用安定優先で圧力調整	対日重要部材は許可制継続、通関検査で強弱	安定雇用と物価抑制で家計不安を抑える	若年層不安が正統性に直結、対立激化は逆効果	84.0	61.0	83.0	95.0	76.0	89.0	86.0	19.0	住居・教育費の将来不安が増幅。子育て意思決定が先送りされ、挑戦より安定志向が強まる
70	JPN	日本	Japan	東アジア	境界的圧力	家計と将来設計の下支え	同盟枠で燃料・重要部材・計算資源を確保	子育て可能性を上げ、負担増を抑える	増税困難で再配分抵抗、余力が乏しい	66.0	59.0	78.0	60.0	94.0	68.0	84.0	10.0	住居・所得・ケア不安が増幅し、家族形成の現実感が下がる
70	TWN	台湾	Taiwan	東アジア	境界的圧力	抑止強化と供給継続	日米欧と危機時供給枠・保険を再交渉	抑止を強めつつ雇用と家計を守る	電力・保険費と人材流出で負担増	88.0	70.0	76.0	93.0	90.0	84.0	83.0	16.0	住居・所得不安が増幅し子育て可能感が下がる
70	KOR	韓国	South Korea	東アジア	境界的圧力	技術防衛と出生下支え	日米と輸出管理・人材・防衛連携を深掘り	雇用と生活を守りつつ抑止力を維持する	若者支援と防衛費で財政が目減りする	70.0	60.0	78.0	82.0	86.0	74.0	83.0	20.0	職・住居・計算資源の競争が強まり、子育て実行可能性の見通しがさらに曇る
70	PRK	北朝鮮	North Korea	東アジア	間接衝突	示威と取引窓口維持	短距離発射で圧力、裏で対価交渉	抑止強化で体制と生活を守る	外貨・燃料不足で長期緊張は不利	92.0	60.0	78.0	90.0	86.0	80.0	94.0	13.0	安全不安が子育て計画を遅らせ、将来像が縮む
70	RUS	ロシア	Russia	ユーラシア	間接衝突	戦時経済の維持を優先	資源輸出を維持し制裁回避網を拡大	困難は続くが雇用と物価を守り勝ち抜く	戦費・人員損耗と部品不足が蓄積	90.0	82.0	78.0	92.0	84.0	80.0	86.0	15.0	物価高と雇用不安が住宅・教育費の見通しを曇らせ、子育て決断が先送りになる
70	UKR	ウクライナ	Ukraine	欧州	限定戦争	支援維持へ条件整備	復興入札透明化を提示し日欧へ財政支援要請	戦況は厳しいが復興の道筋で生活を守る	動員疲労と歳入不足で社会支出が削れない	84.0	57.0	77.0	69.0	88.0	70.0	80.0	24.0	長期戦の不確実性が住宅・育児費の見通しを曇らせる
70	IRN	イラン	Iran	中東	境界的圧力	停戦演出と限定圧力	航路周辺で示威しつつ停戦窓口維持	抑止を保ち生活負担の急増を防ぐ	制裁歳入難で統治費と不満が限界	68.0	81.0	71.0	86.0	83.0	76.0	84.0	22.0	燃料高と物価見通し悪化で住居・教育費不安が増え、若者は出産を先送り
70	ISR	イスラエル	Israel	中東	境界的圧力	停戦維持と技術優位確保	停戦監視継続、輸出管理強化と連携	治安と成長を両立し負担を抑える	戦費と分断で投資減、人材流出が痛い	72.0	60.0	70.0	88.0	84.0	79.0	82.0	26.0	物価・雇用・計算資源不安で、若者は子育て見通しを下げやすい
70	SAU	サウジアラビア	Saudi Arabia	中東	圧力上昇	価格レンジ管理で歳入確保	OPEC+は小幅調整、対アジア長期供給を優先	安定歳入で雇用と改革投資を守る	体制安定と投資計画で増産余地は小さい	61.0	60.0	55.0	53.0	66.0	56.0	70.0	28.0	光熱費と物価の上振れが家計計算を厳しくし、子育ての実行可能感が下がる
70	EU	欧州連合	European Union	欧州	圧力上昇	規制と成長・家計支援を調停	対日へAI適合監査と人材協定を強化	公正な移行で雇用と家計を守る	加盟国分断で家計支援と防衛が競合	60.0	52.0	67.0	58.0	74.0	56.0	72.0	24.0	育児費用不安に雇用不確実性が重なり先送り増。制度見通し提示で一部緩和
71	USA	アメリカ	United States	北米	境界的圧力	同盟負担増とAI統制を継続	対日:防衛負担増要請、輸出管理厳格化	雇用と安全のため同盟と技術を守る	分断と物価で余力乏しく負担転嫁	82.0	60.0	76.0	95.0	88.0	74.0	84.0	20.0	職と家計の見通しが曇り、家族形成が先送りされる
71	CHN	中国	China	東アジア	境界的圧力	体制安定優先で圧力調整	対日重要部材は許可制維持、検査で可変圧力	外部リスクに備えつつ雇用と物価を守る	若年不安が正統性直撃、過熱対立は損	86.0	63.0	82.0	96.0	78.0	90.0	87.0	18.0	長期の役割像が曇り、挑戦回避と将来不安が残る
71	JPN	日本	Japan	東アジア	圧力上昇	将来不安の沈静化優先	同盟と多角調達で燃料・計算資源確保	負担増を抑え生活と投資を両立する	増税困難で再配分反発、支出競合	63.0	57.0	74.0	56.0	92.0	64.0	82.0	12.0	将来設計は細るが、可処分支援と学び直しで底割れ回避
71	TWN	台湾	Taiwan	東アジア	境界的圧力	抑止継続と供給安定化	日米欧と供給・保険枠を更新し分散調達	危機に備えつつ雇用と家計の底割れを防ぐ	電力費・保険料と人材流出で余力が削れる	86.0	66.0	72.0	90.0	88.0	80.0	81.0	18.0	将来設計の前提が揺れ、進路と家族形成の慎重化が進む
71	KOR	韓国	South Korea	東アジア	境界的圧力	技術主権優先で同盟深掘り	日米と輸出管理・共同調達・抑止演習を強化	成長の土台は技術と雇用、抑止は不可欠	出生・雇用対策と防衛費で財政が詰む	72.0	63.0	81.0	85.0	84.0	76.0	84.0	18.0	半導体・人材・計算資源の奪い合いが続き、将来設計の確度が下がる
71	PRK	北朝鮮	North Korea	東アジア	間接衝突	示威で交渉余地を確保	発射準備の誇示と限定発射、対話窓口維持	外圧に屈せず抑止を強化し生活を守る	外貨・燃料不足で長期緊張は持たない	90.0	58.0	76.0	88.0	84.0	79.0	93.0	14.0	安全不安が長期化し、進学・結婚・出産の意思決定が先延ばしになる
71	RUS	ロシア	Russia	ユーラシア	間接衝突	戦時経済と体制維持を優先	資源輸出を梃に制裁回避網を深耕し圧力	長期戦でも雇用と生活を守り国家を保つ	戦費と損耗が重く部品・投資不足が痛い	88.0	79.0	76.0	91.0	83.0	78.0	84.0	18.0	生活コストと将来不確実性が固定化し、学び・転職・家族形成の展望が細る
71	UKR	ウクライナ	Ukraine	欧州	限定戦争	支援固定化と復興信用の確保	対日欧に復興資金の長期枠と防空支援を要請	戦時でも生活基盤と将来設計を守り抜く	動員疲労と財政逼迫で社会分断が拡大	82.0	56.0	74.0	66.0	86.0	69.0	78.0	26.0	長期戦の固定化が将来の安定像を削り、若者の慎重化を促す
71	IRN	イラン	Iran	中東	境界的圧力	停戦維持と示威継続	代理勢力を抑制し航路で限定示威	譲歩せず停戦窓口も確保する	歳入難と不満で長期対立は不可	66.0	78.0	69.0	87.0	82.0	74.0	82.0	24.0	燃料高と物価観測が重く、将来設計と家族形成の確信が揺らぐ
71	ISR	イスラエル	Israel	中東	境界的圧力	停戦維持と技術優位死守	停戦監視継続、対イラン抑止と輸出管理	安全優先で生活負担は最小化する	戦費と分断で投資停滞、人材流出が続く	74.0	63.0	72.0	90.0	86.0	81.0	84.0	24.0	計算資源・物価の不安が残り、若者は将来設計を縮めやすい
71	SAU	サウジアラビア	Saudi Arabia	中東	圧力上昇	価格高め維持で体制資金確保	OPEC+は慎重運営、対アジア供給を固定化	財政と雇用を守り改革投資を継続する	治安と歳入優先で大増産は取りにくい	63.0	62.0	54.0	52.0	67.0	57.0	71.0	27.0	物価高が長引く感覚が残り、将来設計の確信が薄れる
71	EU	欧州連合	European Union	欧州	圧力上昇	規制と競争力を再調整	対日へAI規制適合・監査枠組みを強化	公正な移行と安全保障で生活を守る	加盟国分断で防衛・家計支援が競合	61.0	54.0	63.0	60.0	76.0	57.0	73.0	22.0	規制順守負担と雇用不確実性が重なり将来像が縮む
72	USA	アメリカ	United States	北米	境界的圧力	同盟負担とAI統制を固定化	対日:防衛負担再要請、先端計算の許認可強化	雇用と安全の基盤として技術と同盟を守る	物価・分断で国内合意が薄く同盟へ転嫁	84.0	58.0	78.0	96.0	89.0	76.0	85.0	18.0	努力が制度に継承される感覚が薄れ、将来設計を縮めやすい
72	CHN	中国	China	東アジア	境界的圧力	対外圧力を可変化し体制安定	対日部材は許可制維持、検査遅延で調整	外圧に備え雇用と物価を守る措置	若年不安が正統性直撃、過熱対立は損	88.0	66.0	84.0	97.0	79.0	91.0	88.0	17.0	将来像が霧散し、挑戦回避と不安が世代記憶化
72	JPN	日本	Japan	東アジア	圧力上昇	制度記憶で不安を抑制	同盟連携で燃料・計算資源の多角確保	将来設計を守る支援と基盤投資を継続	増税困難で再配分反発、支出競合が重い	61.0	56.0	70.0	55.0	90.0	63.0	80.0	14.0	制度が続く見通しは希望を支えるが、財政制約が将来感を曇らせる
72	TWN	台湾	Taiwan	東アジア	境界的圧力	長期耐性の制度化	日米欧と供給・避難計画を年次更新	危機は続くが制度で生活と産業を守る	電力・人材・保険費が恒常負担化	84.0	64.0	70.0	88.0	86.0	78.0	76.0	20.0	不安が常態化し、進路は安定職偏重・海外志向が増える
72	KOR	韓国	South Korea	東アジア	境界的圧力	技術主権と雇用安定を優先	日米と供給網枠組み維持、対北抑止も継続	雇用転換と安保を同時に守る局面	若者対策と防衛負担で財政が硬直	70.0	60.0	78.0	84.0	82.0	74.0	83.0	20.0	半導体・AI人材競争が固定化し将来像が狭まる
72	PRK	北朝鮮	North Korea	東アジア	間接衝突	周期的示威で主導権確保	短距離発射と挑発声明、対話窓口は残す	外圧下でも抑止を維持し体制を守る	外貨・燃料難で長期緊張は不利	88.0	56.0	74.0	87.0	82.0	78.0	92.0	16.0	安全不安が制度記憶化し、将来設計の先送りが常態化
72	RUS	ロシア	Russia	ユーラシア	間接衝突	戦時維持と制裁回避を継続	資源輸出と灰色金融で制裁網を迂回	長期戦でも雇用と生活を守ると強調	損耗と技術・部品不足で余力が削れる	86.0	74.0	72.0	88.0	78.0	75.0	80.0	26.0	不確実性は残るが制度記憶が支え、諦めの固定化はやや緩む
72	UKR	ウクライナ	Ukraine	欧州	限定戦争	復興信用と支援の固定化	対日欧へ長期復興枠と防空継続を要請	制度として支援を定着させ生活を守る	動員疲労と財政難で正統性が揺れる	80.0	54.0	72.0	64.0	85.0	67.0	76.0	27.0	長期不安が常態化し、若者は将来設計を保守化しやすい
72	IRN	イラン	Iran	中東	境界的圧力	停戦維持で対外強硬を管理	航路周辺で示威、代理勢力は抑制	譲歩せず抑止維持、生活も守る	制裁と不満で長期緊張は限界	64.0	76.0	63.0	86.0	79.0	70.0	80.0	26.0	燃料高と物価不安が続き、将来設計の確信が薄れる
72	ISR	イスラエル	Israel	中東	間接衝突	停戦維持と抑止の再設計	停戦枠組みを維持しつつ対イラン抑止強化	安全優先だが教育・雇用の基盤も守る	分断と戦費で若者流出、投資が戻りにくい	70.0	58.0	66.0	82.0	79.0	68.0	76.0	28.0	半導体・物価不安が長引き、若者は将来計画を保守化
72	SAU	サウジアラビア	Saudi Arabia	中東	圧力上昇	価格管理で歳入安定	OPEC+を維持し対アジア供給を確保	改革投資と雇用を守り安定を優先する	治安・歳入優先で急増産は難しい	61.0	60.0	53.0	51.0	66.0	56.0	69.0	29.0	物価高の記憶が残り、若者の将来像が固まりにくい
72	EU	欧州連合	European Union	欧州	圧力上昇	規制の実装を現実化	対日へ適合支援と監査相互承認を提案	安全と競争力を両立し雇用を守る	加盟国分断で規制・防衛・家計支援が競合	60.0	52.0	61.0	58.0	74.0	55.0	70.0	24.0	順守負担と雇用不透明が残り、将来設計が慎重化
73	USA	アメリカ	United States	北米	境界的圧力	同盟負担とAI労働再編を迫る	対日:防衛費・拠点整備を再要請、先端計算枠を選別	雇用転換と安全保障を同時に守るため同盟を強化	分断と生活費で国内合意が細く、同盟へ負担転嫁	82.0	54.0	81.0	94.0	86.0	74.0	83.0	19.0	努力が評価に結びつかない感覚が強まり、進路を短期化しやすい
73	CHN	中国	China	東アジア	境界的圧力	雇用安定優先で外圧調整	対日重要部材は許可制維持、港湾検査を強弱調整	AI普及下でも雇用と地域維持を国家が支える	若年不安が正統性直撃、対立激化は輸出に痛手	90.0	64.0	86.0	98.0	77.0	92.0	89.0	16.0	計算資源不安が夢を狭め、挑戦回避と閉塞感が増す
73	JPN	日本	Japan	東アジア	圧力上昇	人の仕事再定義で安定維持	同盟枠で燃料・計算資源の確保を強化	ケア・地域維持を雇用の柱として支える	再配分の痛みと財政硬直で合意形成が難	60.0	54.0	68.0	56.0	92.0	61.0	78.0	12.0	役割が見えれば希望は残るが、負担感と不確実性が将来感を鈍らせる
73	TWN	台湾	Taiwan	東アジア	境界的圧力	供給維持と抑止強化	日米欧と半導体供給枠・保険を拡張	生活を守りつつ抑止と産業継続を優先	電力・人材の制約でコストが下がらない	86.0	66.0	72.0	90.0	84.0	80.0	74.0	23.0	不安は続き、安定職偏重と海外志向が強まる
73	KOR	韓国	South Korea	東アジア	境界的圧力	技術雇用と対北抑止優先	対日協力は維持、半導体支援と対北警戒強化	雇用転換を急ぎ、安保も緩めない	若者不満と国防負担で合意形成が難しい	72.0	58.0	80.0	83.0	79.0	73.0	82.0	22.0	人材・計算資源争奪が続き、将来像が競争前提に偏る
73	PRK	北朝鮮	North Korea	東アジア	間接衝突	示威と交渉窓口を併用	短距離発射示唆と挑発声明、対話窓口は維持	外圧下でも抑止を強化し体制を守る	外貨・燃料難で長期緊張は維持困難	86.0	53.0	71.0	85.0	80.0	76.0	91.0	17.0	安全不安が反復し、若者の将来設計が先送りになりやすい
73	RUS	ロシア	Russia	ユーラシア	間接衝突	資源で耐久し停戦圧力を牽制	資源輸出を武器化し制裁迂回網を強化	自立と社会維持のため動員と産業を継続	損耗と部品不足でAI化の恩恵が限定	84.0	71.0	68.0	86.0	76.0	74.0	79.0	27.0	資源・安全保障不安が長期化し、若者は将来設計を先送りしがち
73	UKR	ウクライナ	Ukraine	欧州	限定戦争	復興と防空の制度化	対日欧へ復興財源と防空弾薬の継続確保を要請	復興とケア雇用で生活基盤を守る	動員疲労と財政難で合意形成が脆い	78.0	52.0	70.0	61.0	84.0	65.0	73.0	26.0	長期戦の常態化で若者は将来を保守化、海外不安も増す
73	IRN	イラン	Iran	中東	境界的圧力	停戦維持で交渉余地確保	海上示威は抑えつつ制裁緩和を探る	安全を守りつつ物価対策を優先	不満と財政難で長期緊張は維持困難	61.0	72.0	60.0	85.0	77.0	68.0	78.0	28.0	燃料高観測が続き不安は残るが、急激な悪化は限定的
73	ISR	イスラエル	Israel	中東	境界的圧力	停戦維持し抑止を増強	停戦枠組み維持、対イラン抑止とサイバー強化	安全最優先、生活と雇用の下支えも継続	戦費と分断で投資停滞、若者流出が止まらない	74.0	60.0	68.0	84.0	81.0	70.0	78.0	26.0	計算資源と物価不安が続き、若者は挑戦より安定志向へ
73	SAU	サウジアラビア	Saudi Arabia	中東	圧力上昇	減産維持で歳入防衛	OPEC+協調と対アジア供給枠を調整	安定財源で改革投資と雇用を継続	治安と財政優先で増産余地は限定	63.0	62.0	55.0	52.0	67.0	57.0	70.0	28.0	物価と不確実性が続き、若者の将来設計が先延ばしになりやすい
73	EU	欧州連合	European Union	欧州	圧力上昇	規制と成長の再調整	対日へ監査相互承認と人材協力を促進	AI移行の公正と雇用の連続性を守る	加盟国温度差で合意形成が遅い	58.0	50.0	63.0	56.0	72.0	53.0	68.0	28.0	順守負担と雇用再編が続き、将来像は慎重化。ケア職価値は上がる
74	USA	アメリカ	United States	北米	境界的圧力	同盟負担とAI規律を再要求	対日:負担増と輸出管理順守を条件化	財政信認と雇用を守るため同盟を最適化	選挙・物価・分断で長期負担が困難	84.0	57.0	83.0	95.0	88.0	76.0	85.0	17.0	評価が外部条件に左右され、将来像が縮み不安が増幅
74	CHN	中国	China	東アジア	境界的圧力	通貨信頼守り対外圧力維持	対日重要部材は許可制継続、港湾検査を厳格化	財政規律と雇用安定を両立し信頼を守る	景気下支えと通貨信頼が競合、強硬は輸出に傷	88.0	61.0	84.0	96.0	75.0	91.0	87.0	17.0	半導体・計算資源不安が将来像を曇らせ、挑戦より安定志向が強まる
74	JPN	日本	Japan	東アジア	圧力上昇	財政信頼を守り再配分	同盟・市場へ財政規律と供給網強化を発信	物価と雇用を守りつつ支出の優先度を整理	増税回避と防衛・福祉で調整余地が薄い	61.0	56.0	70.0	55.0	94.0	63.0	81.0	10.0	支援が絞られ将来像が霞むが、説明が丁寧なら悲観は限定
74	TWN	台湾	Taiwan	東アジア	境界的圧力	財政規律で供給と抑止維持	日米欧に供給安定枠と保険拠出を要請	通貨信認を守り雇用と防衛を両立する	電力・人材不足でコスト高、歳出は限界	88.0	68.0	74.0	91.0	87.0	82.0	78.0	21.0	不安が続き安定志向・海外回避が強まるが、説明次第で悪化は鈍る
74	KOR	韓国	South Korea	東アジア	境界的圧力	財政信頼と技術主権優先	対米協調で半導体補助を継続、対日協力は選別	財政規律を守りつつ雇用転換と安保を進める	若者不満と補助金負担で政権基盤が脆い	74.0	57.0	83.0	86.0	82.0	76.0	84.0	20.0	人材・計算資源争奪と財政不安が重なり、将来像が「競争と節約」に寄る
74	PRK	北朝鮮	North Korea	東アジア	境界的圧力	示威で譲歩を引き出す	発射実験示唆と交渉再開の条件提示	外圧に屈せず抑止と生活を守る	外貨・燃料難で長期対峙は割高	88.0	54.0	73.0	86.0	81.0	77.0	92.0	16.0	警戒報道が反復し、若者の将来計画が先送りになりやすい
74	RUS	ロシア	Russia	ユーラシア	間接衝突	資源収入で体制耐久を優先	資源輸出で圧力維持、制裁迂回と通貨防衛	外圧下でも賃金・治安を守り国家を維持	財政信認と損耗で長期戦コストが重い	83.0	74.0	69.0	84.0	78.0	75.0	80.0	26.0	物価と安全保障の不確実性が残り、将来選択に慎重化
74	UKR	ウクライナ	Ukraine	欧州	限定戦争	防空優先と財政信認確保	日欧へ防空・復興資金を長期枠で要請	耐久戦でも歳出規律で生活を守る	通貨信認と動員疲労で政治が割れる	80.0	54.0	72.0	62.0	86.0	66.0	74.0	25.0	財政不安と戦争長期化が重なり、若者の将来設計は慎重化
74	IRN	イラン	Iran	中東	境界的圧力	停戦維持と制裁緩和探り	航路周辺の示威を調整し交渉材料を確保	安全と物価の両立で生活を守る	通貨不信と財政難で長期緊張は限界	63.0	74.0	61.0	86.0	79.0	70.0	80.0	27.0	燃料高と輸送不安が続き、将来設計の不確実感が強まる
74	ISR	イスラエル	Israel	中東	境界的圧力	停戦維持、財政で軍民調整	停戦枠組み継続、抑止と対外資金確保	安全は維持しつつ物価と通貨信頼を守る	戦費と分断で財政余力が細り投資が鈍い	72.0	61.0	70.0	86.0	83.0	71.0	79.0	25.0	物価と計算資源不安が継続し、若者は安定志向が強まる
74	SAU	サウジアラビア	Saudi Arabia	中東	圧力上昇	価格安定優先で供給微調整	OPEC+で急変回避、対アジア枠を調整	財政と通貨信認を守り改革投資を継続	増産は治安・協調制約で限定、歳入死守	61.0	58.0	54.0	51.0	69.0	56.0	71.0	26.0	物価と将来不安が粘り、進路・消費が保守化しやすい
74	EU	欧州連合	European Union	欧州	圧力上昇	財政規律で移行を安定化	対日へ規制適合監査の厳格化と連携	財政と物価を守り移行支援を継続	合意形成遅延と財政監視が強い	60.0	52.0	66.0	58.0	74.0	55.0	70.0	26.0	順守負担と雇用再編が長期化し将来不安が増幅。連携枠が見えれば一部は緩和
75	USA	アメリカ	United States	北米	境界的圧力	同盟負担とAI統制を再強化	対日:防衛負担・輸出管理順守・共同開発を条件化	生活費と雇用を守るため対外関与を選別する	選挙周期と分断で長期支援が続かない	86.0	60.0	81.0	96.0	89.0	78.0	86.0	16.0	役割継承が揺れ、努力の見返り像が縮み将来不安が増幅
75	CHN	中国	China	東アジア	境界的圧力	雇用安定優先で対外圧力維持	対日重要部材は許可制維持、通関検査を選別強化	外部環境に備え雇用と産業を守る	景気下支えと対外強硬の両立が難しい	90.0	63.0	86.0	97.0	73.0	92.0	88.0	16.0	将来設計が不透明化し、挑戦より防衛的選択が増える
75	JPN	日本	Japan	東アジア	圧力上昇	制度信頼の再建を優先	供給網・エネルギー分散で同盟協調	将来不安に先回りし支援を再設計	負担増回避で再配分が痛む	60.0	54.0	66.0	50.0	88.0	61.0	78.0	18.0	役割感の継承が揺れ不安増。説明と参加機会で持ち直す
75	TWN	台湾	Taiwan	東アジア	境界的圧力	供給継続と抑止の信頼確保	日米欧へ供給枠・保険・共同備蓄を提案	雇用と防衛を両立し生活コストを抑える	電力・人材制約で増産余地は細い	86.0	66.0	72.0	90.0	85.0	80.0	76.0	23.0	制度継承世代ほど不安が実感化、安定志向が強まる
75	KOR	韓国	South Korea	東アジア	境界的圧力	半導体同盟を軸に安保優先	対米で先端供給枠確保、対日協業は選別拡大	雇用転換と安保を同時に進め不安を抑える	補助金と防衛費が財政を圧迫、若者不満が怖い	76.0	60.0	86.0	84.0	84.0	78.0	86.0	18.0	人材・計算資源争奪が強まり、若者の未来像が『競争前提』に寄る
75	PRK	北朝鮮	North Korea	東アジア	間接衝突	示威と交渉を反復	短距離発射と対話条件を同時提示	抑止強化で体制と生活を守る	燃料・外貨不足で長期緊張は不利	90.0	56.0	74.0	87.0	82.0	78.0	93.0	15.0	警戒常態化で役割感が揺れ、若者は進路・結婚を先送りしがち
75	RUS	ロシア	Russia	ユーラシア	間接衝突	戦時経済を維持し強硬	資源輸出を調整し制裁迂回網を拡張	包囲に屈せず雇用と秩序を守る	損耗と技術不足で長期負担が増大	85.0	76.0	71.0	86.0	79.0	77.0	82.0	24.0	物価と安保不確実性が継続し将来設計が保守化
75	UKR	ウクライナ	Ukraine	欧州	限定戦争	防空・動員疲労の抑制	日欧へ防空弾薬と復興の長期枠要請	戦時でも若年層の生活線を維持する	歳出制約で復興と兵站が競合する	82.0	56.0	74.0	63.0	88.0	67.0	76.0	24.0	長期戦と財政不安が重なり、若者は進路・投資を保守化
75	IRN	イラン	Iran	中東	境界的圧力	停戦維持と内政引締め	航路示威は抑え制裁緩和交渉を優先	物価と治安を抑え国の秩序を守る	若年不満と財政難で強硬継続は危険	61.0	72.0	63.0	84.0	81.0	71.0	82.0	26.0	燃料高とSNS不安が続き、若者の将来設計が萎縮
75	ISR	イスラエル	Israel	中東	境界的圧力	停戦枠組み維持と抑止強化	停戦監視を維持し、対空・サイバーで抑止誇示	安全を優先しつつ、生活費対策も継続する	戦費と分断で若者層の制度信頼が揺れる	74.0	63.0	72.0	85.0	84.0	73.0	82.0	24.0	計算資源と物価の不安が続き、若者は将来設計を縮めがち
75	SAU	サウジアラビア	Saudi Arabia	中東	圧力上昇	価格安定で漸進調整	OPEC+協調維持、対アジア供給を微調整	歳入安定で改革投資と雇用を守る	増産余地は治安・協調・設備で限定	60.0	57.0	55.0	52.0	70.0	57.0	72.0	25.0	物価高が長引く想定で将来像が縮み、挑戦より安定志向が強まる
75	EU	欧州連合	European Union	欧州	圧力上昇	規制軸で同盟圧力調整	対日へAI監査/輸出管理の整合要求	安全と公正で移行の秩序を守る	合意形成遅延と成長停滞が重い	61.0	50.0	63.0	56.0	72.0	54.0	69.0	28.0	適合負担と雇用再編で先が見えず不安増。枠組み明確化なら一部緩和
76	USA	アメリカ	United States	北米	境界的圧力	同盟負担とAI統制を固定化	対日:防衛増・輸出管理順守・AI共同基盤を条件化	福祉と雇用を守るため同盟に役割分担を求める	財政赤字と選挙で長期支援の継続性が弱い	84.0	58.0	79.0	95.0	90.0	77.0	87.0	14.0	社会保障の持続不安が重なり、努力の報酬期待が縮み将来観が暗くなる
76	CHN	中国	China	東アジア	境界的圧力	内需安定で対外圧力は選別	対日重要部材は許可制継続、検査を重点化	雇用と物価を守り外部リスクに備える	景気下支え優先で対外強硬を調整	88.0	61.0	84.0	95.0	72.0	90.0	86.0	18.0	就職と生活コスト不安が増え、挑戦より安定志向が強まる
76	JPN	日本	Japan	東アジア	圧力上昇	ケア持続へ再配分を決断	同盟協調で調達多角化、供給網点検	医療介護教育を守りつつ負担を平準化	増税回避で削減先が難航、説明力不足	61.0	56.0	63.0	52.0	90.0	62.0	81.0	16.0	将来負担の恐れが強まり不安増。参加機会が鍵
76	TWN	台湾	Taiwan	東アジア	境界的圧力	供給継続と社会耐久の両立	日米欧へ供給優先枠と共同備蓄を再提案	医療・介護の持続も守り不安を抑える	電力・人材・財政で増産と福祉が競合	84.0	64.0	70.0	89.0	88.0	78.0	79.0	22.0	将来負担不安が増幅、安定志向で挑戦が萎む
76	KOR	韓国	South Korea	東アジア	境界的圧力	同盟軸で半導体防衛	対米で先端枠確保、対日協業は条件付き	安保と雇用転換を同時に進める	補助金・防衛費で財政硬直、世論が割れる	74.0	58.0	82.0	86.0	80.0	72.0	84.0	22.0	計算資源・人材の奪い合いが可視化し、若者の未来感が不安寄りに振れる
76	PRK	北朝鮮	North Korea	東アジア	境界的圧力	挑発で存在感維持	短距離発射示唆と制裁緩和を要求	外圧に屈せず体制と生活を守る	外貨・燃料不足で長期緊張は負担	92.0	58.0	76.0	88.0	84.0	79.0	94.0	13.0	介護負担議論に安全保障不安が重なり、若者は将来設計がさらに慎重化
76	RUS	ロシア	Russia	ユーラシア	間接衝突	資源を梃に制裁へ対抗	価格・輸出先を調整し迂回取引を強化	長期戦でも雇用と給付を守り抜く	損耗と技術不足で財政負担が増す	84.0	78.0	74.0	87.0	82.0	79.0	83.0	22.0	介護・医療の持続不安に物価と安保不確実性が重なり、将来設計が萎縮する
76	UKR	ウクライナ	Ukraine	欧州	限定戦争	防空維持と復興優先度調整	日欧へ弾薬・防空支援と復興資金の安定枠要請	消耗戦でも生活線と動員公平を守る	支援の揺らぎと財政逼迫で継戦が脆い	84.0	58.0	76.0	64.0	90.0	69.0	78.0	23.0	介護財政不安と対外不確実性が重なり、若者は将来設計を縮めがち
76	IRN	イラン	Iran	中東	境界的圧力	停戦維持で体制安定優先	航路示威は限定し、制裁緩和交渉を継続	生活不安を抑え秩序と福祉を守る	財政逼迫と若年不満で強硬は逆効果	60.0	70.0	61.0	83.0	79.0	69.0	80.0	27.0	燃料高と将来不安が長引き、若者の消費・進路選択が慎重化
76	ISR	イスラエル	Israel	中東	境界的圧力	停戦維持し抑止を継続	停戦監視継続、対空・サイバー演習を強化	安全確保と生活費対策を同時に進める	戦費と分断で福祉余力が削られる	72.0	60.0	70.0	86.0	87.0	74.0	83.0	23.0	福祉持続不安と物価で将来設計が縮み、挑戦が鈍る
76	SAU	サウジアラビア	Saudi Arabia	中東	圧力上昇	価格安定を優先し漸進調整	OPEC+協調で供給調整、対アジア契約重視	歳入を安定させ改革投資と雇用を守る	増産は設備・治安・協調で上限がある	58.0	54.0	53.0	51.0	68.0	56.0	70.0	27.0	生活コスト不安が続き、介護・住居負担も重なり将来が細る
76	EU	欧州連合	European Union	欧州	圧力上昇	福祉耐久と規制で安定	対日へAI監査整合と供給網協力要請	福祉維持へ改革、AIは安全優先で管理	合意形成遅く財政と成長が両立困難	60.0	52.0	64.0	58.0	74.0	56.0	70.0	27.0	適合負担と財政不安が将来像を曇らせるが、協力枠組み明確化で不安は一部緩和
77	USA	アメリカ	United States	北米	境界的圧力	同盟負担と供給網を再配分	対日:防衛負担増と輸出管理を強要	雇用と安保のため同盟へ役割を求める	選挙周期と財政で長期コミット困難	86.0	61.0	82.0	96.0	91.0	80.0	88.0	12.0	地域格差不安と雇用不確実性が重なり将来像が狭まる
77	CHN	中国	China	東アジア	境界的圧力	内需安定と対外圧力を併用	対日重要部材は許可制維持、通関検査を増減	地域格差に対応し雇用と供給を守る	地方財政と雇用悪化で強硬一辺倒は困難	86.0	58.0	82.0	94.0	70.0	88.0	84.0	20.0	地域の先行き格差が話題化し、就職と移住の不安が強まる
77	JPN	日本	Japan	東アジア	圧力上昇	地域格差の抑制を優先	同盟協調で調達分散、地方投資枠を確保	地域の基盤維持へ重点配分、負担は抑制	財政逼迫で防衛・若者・地域が競合	63.0	58.0	66.0	50.0	92.0	64.0	83.0	14.0	地元の先細り感が増幅。移動/学び直し支援の見え方が希望を左右
77	TWN	台湾	Taiwan	東アジア	境界的圧力	供給防衛と人口流出抑止	日米欧へ供給枠更新と海峡抑止協議	雇用と生活を守り分断を抑える	電力・人材・保険財政が同時に逼迫	86.0	66.0	72.0	91.0	90.0	80.0	82.0	20.0	半導体不安が将来像を曇らせ、安定志向が強まる
77	KOR	韓国	South Korea	東アジア	境界的圧力	成長投資で同盟維持	対米枠で先端投資、対日連携は選別	雇用転換と安保強化を同時に進める	財政硬直と世論分断で配分が難しい	72.0	57.0	84.0	83.0	82.0	74.0	86.0	20.0	人材・計算資源の競争が強まり、地方格差も重なり不安が増幅
77	PRK	北朝鮮	North Korea	東アジア	間接衝突	限定挑発で交渉主導	発射準備を誇示し支援・制裁緩和を要求	外敵脅威に備え団結と自力更生を強調	外貨・燃料・食料不足で長期緊張は痛手	94.0	61.0	78.0	90.0	85.0	82.0	95.0	12.0	地域格差不安に安全保障ショックが重なり、若者の進路・定住判断が保守化
77	RUS	ロシア	Russia	ユーラシア	間接衝突	資源収入で体制維持優先	輸出先・価格を再調整し制裁回避を継続	地域格差対策と動員維持で秩序を守る	損耗と部材不足で成長策が細る	86.0	81.0	76.0	88.0	84.0	80.0	84.0	21.0	物価と安保不確実性が続き、地方の将来像が描けず進路選択が保守化
77	UKR	ウクライナ	Ukraine	欧州	限定戦争	防空と復興の優先順位更新	日欧へ防空・弾薬と復興枠の長期確約要請	動員の公平と地域サービス維持を両立	支援の政治変動と財政逼迫で継戦が脆い	86.0	60.0	74.0	66.0	92.0	71.0	79.0	22.0	海外不確実性と財政不安が重なり、若者は地元定着に迷いが増える
77	IRN	イラン	Iran	中東	境界的圧力	停戦管理で体制と統治維持	航路示威は抑え、制裁緩和と取引枠を探る	地域格差に備え、治安と最低生活を守る	歳入不安と若年不満で強硬は火種	63.0	72.0	64.0	84.0	81.0	70.0	82.0	26.0	燃料高と情報不安で将来像が曇り、挑戦より安定志向が強まる
77	ISR	イスラエル	Israel	中東	境界的圧力	抑止維持と内政安定	停戦枠組み維持、対空・サイバー即応を強化	安全優先で同時に生活費支援を守る	戦費と分断で若者投資が先送り	70.0	58.0	66.0	84.0	86.0	72.0	82.0	24.0	治安・物価・計算資源不安が重なり、将来像が縮む
77	SAU	サウジアラビア	Saudi Arabia	中東	圧力上昇	価格安定と国内改革を優先	OPEC+で供給微調整、対アジア長期契約維持	歳入を安定させ雇用と改革投資を守る	増産余地は限定、治安と協調で身動きが狭い	60.0	57.0	52.0	50.0	66.0	55.0	68.0	28.0	地域格差と物価不安が重なり、若者の将来設計が縮む
77	EU	欧州連合	European Union	欧州	圧力上昇	規制統一と景気下支え	対日へAI監査相互承認と標準連携要請	地域格差に支援集中、AIは安全と雇用守る	合意形成遅く成長策と歳出抑制が衝突	61.0	54.0	66.0	60.0	76.0	57.0	72.0	29.0	適合コストと雇用不安で将来像が曇るが、協力枠組みは安心材料
78	USA	アメリカ	United States	北米	境界的圧力	同盟負担増とAI規制主導	対日:防衛費増・共同開発・輸出管理を継続	雇用と安全のため同盟と技術を守る	選挙と財政で長期支援は絞りたい	84.0	58.0	79.0	94.0	88.0	77.0	86.0	15.0	支援が権利か負担かで世代分断が強まり、将来設計が短期化
78	CHN	中国	China	東アジア	境界的圧力	体制安定優先で揺さぶり	対日重要材の許可枠調整、検査強化	雇用と産業を守り外圧に対処する	雇用不安で強硬一辺倒は逆効果	88.0	60.0	85.0	95.0	72.0	90.0	86.0	18.0	支援を権利視か負担視かが割れ、将来観が荒れる
78	JPN	日本	Japan	東アジア	圧力上昇	支援の権利化を調整	調達多角化と同盟連携で負担平準化	支援は維持、負担増は段階化する	財政と防衛で若者策の厚みが出ない	62.0	57.0	69.0	53.0	93.0	66.0	85.0	12.0	支援が当然視されるほど失望も増幅。公平感の設計が未来感情を左右
78	TWN	台湾	Taiwan	東アジア	境界的圧力	供給継続と社会統合	日米欧へ供給優先枠と海峡抑止を再確認	支援は権利と責任を両立し継続する	電力・保険財政・人材流出が同時に重い	88.0	67.0	74.0	92.0	91.0	82.0	84.0	18.0	供給不安が進路を保守化、支援観の分断が不安を増幅
78	KOR	韓国	South Korea	東アジア	境界的圧力	半導体優先で対日牽制	対米で先端投資加速、対日協力は条件付	雇用転換と安保の同時達成を急ぐ	世代間負担論で給付拡大が割れる	70.0	56.0	82.0	84.0	78.0	72.0	85.0	22.0	計算資源・人材競争が濃く、将来の席不足感がSNS不安を押し上げる
78	PRK	北朝鮮	North Korea	東アジア	間接衝突	限定挑発で主導権維持	短距離発射と対話窓口を併用	抑止強化で体制と生活を守る	燃料・食料・外貨が逼迫し長期戦不可	92.0	64.0	76.0	89.0	84.0	81.0	94.0	13.0	安全保障ショックが支援観の分断を刺激し、若者は将来設計を縮小する
78	RUS	ロシア	Russia	ユーラシア	間接衝突	資源統制で体制維持優先	制裁回避の輸出網を拡張し価格を硬直化	長期戦でも生活と秩序を守ると強調	損耗と部材不足、財政は戦費に吸われる	88.0	83.0	78.0	90.0	86.0	82.0	85.0	19.0	物価高と安保不安が常態化し、若者は支援依存か負担忌避へ分岐、挑戦が萎む
78	UKR	ウクライナ	Ukraine	欧州	限定戦争	継戦と復興資金の確保	日欧へ長期支援枠と防空増強を再要請	支援獲得で生活維持と防衛を両立	支援疲れと財政逼迫で継戦が不安定	88.0	58.0	76.0	67.0	93.0	72.0	81.0	20.0	支援負担の常態化観測で、若者は将来設計を慎重化
78	IRN	イラン	Iran	中東	境界的圧力	停戦維持で体制延命	航路示威は抑え、制裁緩和取引を模索	若者支援は権利として守り、治安も確保	歳入不安で給付と治安費が食い合う	62.0	74.0	65.0	85.0	82.0	71.0	83.0	25.0	燃料高と不安報道が重なり、将来は挑戦より防衛的になる
78	ISR	イスラエル	Israel	中東	境界的圧力	抑止と内政の同時優先	停戦枠組み維持、対空・サイバー強化	安全優先と生活防衛を両立し負担を抑える	分断と戦費で若者投資の余力が小さい	68.0	57.0	63.0	80.0	84.0	70.0	78.0	26.0	支援を権利/負担で受け止めが割れ不安が増幅、将来像が揺れる
78	SAU	サウジアラビア	Saudi Arabia	中東	圧力上昇	歳入確保と市場安定を優先	OPEC+で供給慎重、アジア契約を再確認	改革投資と雇用を守り物価変動に備える	増産余力と治安配慮で強気に出にくい	61.0	59.0	54.0	49.0	67.0	56.0	70.0	27.0	物価高の連想が強まり、若者は支援を権利化し将来不安が増す
78	EU	欧州連合	European Union	欧州	圧力上昇	規制実装と若者不満抑制	対日へAI監査共通化と標準連携を再要請	安全と雇用を守る移行支援で統合を維持	加盟国利害が割れ景気と歳出規律が緊張	63.0	56.0	69.0	61.0	78.0	58.0	74.0	27.0	適合負担と雇用不安で将来像が曇るが、共同枠組みは安心材料
79	USA	アメリカ	United States	北米	境界的圧力	同盟結束と制度標準化	対日:防衛負担増・AI標準同調・輸出管理	制度競争で雇用と安全を守るため結束	選挙分断と財政で対外関与は抑制圧力	86.0	60.0	81.0	95.0	89.0	79.0	87.0	14.0	同調圧力で選択肢が狭まり、将来設計が短期化し不安増
79	CHN	中国	China	東アジア	境界的圧力	体制安定軸で選別圧力	対日素材・部材を許可制強化、投資誘導	制度の強みで雇用と成長を守る	景気鈍化で強硬は失業不安を増やす	90.0	63.0	87.0	96.0	74.0	92.0	88.0	16.0	就職と技術将来が曇り、焦燥と分断が増える
79	JPN	日本	Japan	東アジア	圧力上昇	制度持続型へ段階調整	同盟連携で調達分散、対外信用を維持	生活防衛と成長投資を両立させる	財政逼迫で若者策と防衛が競合	64.0	58.0	72.0	58.0	95.0	68.0	88.0	10.0	将来像の差が移住・雇用観を揺らし、不公平感が不安を増幅
79	TWN	台湾	Taiwan	東アジア	境界的圧力	制度競争で結束維持	日米欧へ供給安定枠と抑止連携を要請	制度の信頼で投資と安全を守る	電力費・保険料・人材流出が同時に逼迫	86.0	63.0	70.0	90.0	88.0	79.0	82.0	20.0	供給と有事観測が続き、進路が保守化し不安が長期化
79	KOR	韓国	South Korea	東アジア	境界的圧力	技術主権優先で対日条件交渉	対米で先端半導体枠を確保、対日は供給連携を取引化	雇用転換と安保投資で制度競争に勝つ	世代負担と輸出依存で強硬一辺倒は困難	72.0	58.0	78.0	86.0	80.0	74.0	86.0	20.0	計算資源と就職枠の取り合い感が強まり、将来像が曇る
79	PRK	北朝鮮	North Korea	東アジア	間接衝突	挑発で交渉余地確保	発射示威と対話窓口を使い分け	外圧に備え団結と抑止を強化	外貨不足で長期緊張は負担増	93.0	66.0	78.0	90.0	85.0	82.0	95.0	12.0	安全保障の波で進路不安が増し、挑戦より回避が優勢
79	RUS	ロシア	Russia	ユーラシア	間接衝突	資源と制度締付で長期戦維持	価格調整と輸出迂回で制裁耐性を強化	包囲下でも秩序と生活を守ると強調	損耗・部材不足と動員負担で不満増	90.0	84.0	79.0	91.0	87.0	83.0	86.0	18.0	物価と安保不安が常態化。将来設計が短期化し挑戦回避と国外志向が分岐
79	UKR	ウクライナ	Ukraine	欧州	限定戦争	長期継戦と制度信頼確保	日欧へ復興債・防空・制度支援を一体要請	制度を守り支援を繋ぎ生活を維持する	支援疲れと財政制約で動員継続が限界	90.0	56.0	78.0	68.0	94.0	73.0	82.0	19.0	制度競争で不確実性が常態化し、若者は将来設計を保守化
79	IRN	イラン	Iran	中東	境界的圧力	停戦管理で体制防衛	停戦枠は維持しつつ航路影響力を示す	制裁下でも生活を守り治安を維持する	歳入細りで給付と治安が両立困難	64.0	78.0	66.0	86.0	84.0	73.0	85.0	23.0	燃料高と報道不安が重なり、若者は挑戦より安定志向へ寄る
79	ISR	イスラエル	Israel	中東	境界的圧力	抑止維持と制度安定を優先	停戦枠組みを維持し同盟協調と輸出管理対応	安全と経済の両立へ制度改革と負担分担を進める	分断・戦費・人材流出で長期投資が詰まる	66.0	60.0	64.0	82.0	86.0	73.0	80.0	24.0	供給不安と物価観測で将来設計が縮み、挑戦より防衛志向が強まる
79	SAU	サウジアラビア	Saudi Arabia	中東	圧力上昇	財政安定と市場管理を優先	OPEC+調整を主導しアジア向け供給を維持	歳入を守り改革投資と雇用を継続する	体制安定と治安配慮で急な増産は難しい	63.0	61.0	55.0	50.0	68.0	57.0	71.0	26.0	物価連想が強まり、若者は将来設計を縮め不安が増す
79	EU	欧州連合	European Union	欧州	圧力上昇	制度競争で標準主導	対日へ監査互換とデータ移転厳格化を提示	安全と雇用を守るため規制と支援を両立	加盟国分裂と景気鈍化で実行速度が落ちる	61.0	52.0	70.0	63.0	79.0	57.0	76.0	25.0	適合負担と雇用不安が将来像を曇らせる一方、共通枠は安心材料
80	USA	アメリカ	United States	北米	境界的圧力	同盟負担増と規制同調	対日:防衛負担増要請・AI/半導体規制同調	生活コスト高でも抑止と供給網を守る	インフラ劣化と分断で対外支出に反発	84.0	66.0	78.0	93.0	87.0	76.0	86.0	16.0	選択肢が狭まり将来設計が短期化、焦燥と諦めが増える
80	CHN	中国	China	東アジア	境界的圧力	資源制約下で対日選別圧力	重要部材の許可制を維持し輸入代替加速	生活コスト抑制と雇用安定を最優先する	景気と水・電力制約で強硬一辺倒は困難	88.0	71.0	84.0	95.0	76.0	90.0	86.0	18.0	物価と就職不安が重なり、将来像が縮み挑戦回避が増える
80	JPN	日本	Japan	東アジア	境界的圧力	配分見直しで制度維持	資源・インフラ協力枠で調達分散と備蓄拡充	生活コスト抑制と防災更新を優先し段階的に実施	財政余力が乏しく給付と投資が両立しにくい	66.0	72.0	78.0	62.0	97.0	76.0	90.0	8.0	物価と雇用の先行き不安が強まり、挑戦より防衛的選択が増える
80	TWN	台湾	Taiwan	東アジア	境界的圧力	有事抑止と供給死守	日米欧に電力・保険支援と供給枠を要請	生活費対策を優先しつつ抑止力を維持	電力・水・保険料で企業負担増、離職懸念	88.0	69.0	74.0	92.0	90.0	83.0	85.0	18.0	有事と物価の連想が強まり、挑戦より安定志向が増える
80	KOR	韓国	South Korea	東アジア	圧力上昇	内政優先で対日協調を条件化	対米で半導体枠確保、対日は供給連携を交換条件に	生活コスト対策と産業転換で雇用を守る	インフラ投資と防衛で財政が逼迫し妥協が要る	66.0	63.0	74.0	82.0	84.0	71.0	83.0	22.0	生活コスト連想と就職競争感が増え、将来像が曇る
80	PRK	北朝鮮	North Korea	東アジア	間接衝突	示威で譲歩と統制維持	短距離発射で警戒を上げ対話窓口も残す	制裁と外圧に対抗し結束と防衛を優先	燃料・食料不足で長期緊張は維持困難	94.0	71.0	81.0	92.0	86.0	84.0	96.0	11.0	安全不安と物価観測で将来像が縮み、挑戦より回避が増える
80	RUS	ロシア	Russia	ユーラシア	間接衝突	資源統制で戦時財政を維持	輸出迂回と価格調整で収入確保	制裁下でも生活と秩序を守ると強調	インフラ劣化と損耗で不満管理が重荷	92.0	88.0	81.0	93.0	89.0	86.0	87.0	16.0	生活コストと安保不安が重なり、若者は将来設計を縮め挑戦回避と流出志向が分岐
80	UKR	ウクライナ	Ukraine	欧州	限定戦争	支援維持と復興線の死守	日欧に防空・復興枠とエネ支援を要請	生活コスト高でも継戦と復興を両立する	動員疲れと財政枯渇で制度が擦り減る	88.0	62.0	81.0	70.0	96.0	77.0	84.0	17.0	生活コストと不安定感が重なり、将来設計が縮む
80	IRN	イラン	Iran	中東	境界的圧力	停戦維持と航路影響力誇示	停戦枠は保ちつつ紅海・湾岸で示威と交渉	生活コスト高に対処し治安と配給を強化する	歳入不足で給付・治安・外圧対応が競合	66.0	82.0	68.0	87.0	86.0	75.0	86.0	22.0	燃料高と物流不安が継続し、若者は節約・安定志向が強まる
80	ISR	イスラエル	Israel	中東	間接衝突	抑止優先で資源配分を再調整	同盟協議で停戦維持、重要物資の輸出管理強化	生活コスト対策と治安確保を同時に進める	戦費と物価で財政が硬直、分断も残る	68.0	63.0	66.0	84.0	88.0	75.0	82.0	22.0	物価と供給不安が進路選択を保守化させ、挑戦より安定志向が強まる
80	SAU	サウジアラビア	Saudi Arabia	中東	境界的圧力	価格管理と体制安定を優先	OPEC+枠で増産は小幅、長期契約重視	安定収入で改革と生活支援を守る	水・電力・治安で急増産は政治的に難	66.0	72.0	58.0	52.0	71.0	63.0	74.0	24.0	生活コスト不安が強まり、若者は挑戦より節約志向へ傾く
80	EU	欧州連合	European Union	欧州	境界的圧力	生活防衛と規制標準維持	対日へ供給網監査と炭素規制適合を要求	物価と安全保障に同時対応し結束を守る	加盟国温度差とコスト増で妥協が増える	63.0	67.0	74.0	66.0	82.0	61.0	79.0	22.0	適合負担と物価連想で将来不安が増幅、挑戦意欲が鈍る
81	USA	アメリカ	United States	北米	境界的圧力	同盟負担増と技術囲い込み	対日:防衛費増・共同生産・規制同調要求	抑止と雇用を守りAI競争で先行する	分断と物価で対外支出が政治リスク	82.0	62.0	80.0	94.0	86.0	74.0	88.0	18.0	進路が“安全寄り”に収束し、挑戦の自己検閲が増える
81	CHN	中国	China	東アジア	境界的圧力	対日を分野別に圧力維持	重要部材の許可制継続、対日牽制と取引併用	雇用と物価を守り外圧に対処する	成長鈍化で強硬策はコスト高、安定優先	90.0	74.0	86.0	96.0	78.0	92.0	87.0	16.0	就職と挑戦の見通しが細り、安定志向と不安拡散が強まる
81	JPN	日本	Japan	東アジア	境界的圧力	配分再設計で制度維持	資源協力と同盟調整で調達分散を継続	負担の見える化で生活と防衛を両立する	恒常財源が弱く給付と投資が競合する	64.0	70.0	74.0	60.0	95.0	73.0	88.0	10.0	世代の期待水準が高く、停滞は怒りと無力感を増幅する
81	TWN	台湾	Taiwan	東アジア	境界的圧力	抑止維持と産業防衛を優先	日米欧へ保険・電力・代替生産枠を再要請	供給と雇用を守りつつ有事抑止を継続	電力制約と企業保険料で人材流出が怖い	86.0	67.0	72.0	90.0	88.0	81.0	83.0	20.0	有事連想で将来設計が短期化し、安定職志向が強まる
81	KOR	韓国	South Korea	東アジア	圧力上昇	半導体協調は条件付き	対米枠確保と対日供給連携を取引化	安保と物価を両立し雇用転換を支える	若者支援と防衛費で財政が綱引き	64.0	60.0	72.0	78.0	81.0	69.0	80.0	24.0	就職競争と生活コスト連想が増え、将来設計が短期化する
81	PRK	北朝鮮	North Korea	東アジア	間接衝突	示威継続で主導権確保	発射示威と海空域活動を増やし対話口も残す	外圧に屈せず自力国防で生活を守る	燃料・食料逼迫で長期緊張の維持は重い	93.0	69.0	78.0	91.0	84.0	82.0	95.0	12.0	安全不安が常態化し、若者は将来設計を短期化し回避志向が強まる
81	RUS	ロシア	Russia	ユーラシア	間接衝突	戦時維持で対外圧力継続	資源価格と輸出迂回で制裁耐久を図る	長期戦でも秩序と雇用は守れると強調	損耗と投資不足で不満管理が限界に近い	90.0	86.0	79.0	92.0	87.0	84.0	85.0	18.0	生活費と安保不安が常態化し、若者は安定志向と海外志向に二極化
81	UKR	ウクライナ	Ukraine	欧州	限定戦争	支援確保と統治維持	日欧へ防空・復興資金と供給網協力を要請	長期戦でも生活と統治を崩さない	動員疲れと財政不足で改革が遅れる	86.0	60.0	78.0	68.0	94.0	75.0	82.0	18.0	物価と不確実性が続き、若者は安定志向が強まる
81	IRN	イラン	Iran	中東	境界的圧力	停戦下で抑止と体制維持	湾岸で示威しつつ停戦窓口で取引拡大	外圧下でも治安と物価対策を優先する	歳入逼迫で給付・治安・軍事が競合	68.0	84.0	66.0	88.0	87.0	76.0	85.0	20.0	燃料高と不確実性が続き、若者は将来設計を短期化
81	ISR	イスラエル	Israel	中東	間接衝突	抑止維持で資源再配分	停戦枠組み維持協議、技術輸出管理を運用	安全最優先、物価対策も継続する	戦費と分断で改革余地が狭い	66.0	61.0	64.0	86.0	85.0	74.0	81.0	24.0	供給不安と物価で将来設計が短期化し、挑戦より安全志向
81	SAU	サウジアラビア	Saudi Arabia	中東	圧力上昇	価格安定と体制維持	OPEC+で小幅増産、アジア向け契約優先	収入安定で改革と生活支援を継続	停戦再燃と設備制約で急増産は困難	61.0	69.0	57.0	51.0	68.0	62.0	73.0	26.0	光熱費の体感不安が残り、若者は将来設計を保守化
81	EU	欧州連合	European Union	欧州	境界的圧力	規制標準と支援継続	対日へAI監査互換と供給網開示を要求	生活防衛と対外抑止を同時に進める	加盟国対立と景気後退で合意が遅い	66.0	61.0	70.0	59.0	79.0	64.0	77.0	24.0	基準適合負担と雇用不安が強まり、将来像が描きにくい
82	USA	アメリカ	United States	北米	境界的圧力	同盟負担増とAI統制強化	対日:防衛費上積みと規制同調、共同生産加速	制度再設計で公正と雇用を守り抑止も維持	財政と分断で海外関与が反発を招く	84.0	60.0	82.0	93.0	88.0	76.0	87.0	16.0	進路が安定志向へ寄り、挑戦の自己検閲と閉塞感が増す
82	CHN	中国	China	東アジア	境界的圧力	対日圧力を分野別に調整継続	重要素材の許可運用を絞り、取引条件で揺さぶる	外圧下でも産業と雇用を守り制度を更新する	景気と不満で全面強硬は逆効果、統制と成長が綱引き	88.0	70.0	84.0	95.0	76.0	90.0	86.0	18.0	制度不安と外圧が重なり、挑戦より安定志向が強まり不安が拡散
82	JPN	日本	Japan	東アジア	境界的圧力	制度再設計で信頼回復	同盟調整と資源長期契約で価格変動を抑制	不公平感を是正し負担と給付を再設計する	恒常財源不足で給付・防衛・投資が奪い合い	66.0	72.0	76.0	63.0	96.0	75.0	89.0	9.0	制度不信と将来不安が強まり、挑戦より防衛的選択が増える
82	TWN	台湾	Taiwan	東アジア	境界的圧力	統治刷新と抑止の両立	日米欧へ供給保証と危機管理枠組みを再提案	制度更新で公平感を回復し雇用と安全を守る	監査負担と電力制約で投資が鈍り人材流出懸念	84.0	66.0	74.0	88.0	86.0	82.0	85.0	18.0	制度不信と有事連想が重なり、挑戦より安定志向が強まる
82	KOR	韓国	South Korea	東アジア	圧力上昇	制度再設計で競争力防衛	対米枠維持し対日供給は条件付き調整	制度更新で不公平感を抑え雇用転換を守る	監査負担と分配調整で政治コストが高い	66.0	58.0	74.0	80.0	83.0	71.0	82.0	22.0	制度疲労の連想で不安増、挑戦より安定志向が強まる
82	PRK	北朝鮮	North Korea	東アジア	境界的圧力	限定挑発で体制主導権維持	短距離発射を抑制し交渉窓口を誇示	制度再設計は自力更生で乗り切る	資源不足と統制疲れで長期緊張が限界	88.0	63.0	74.0	89.0	82.0	79.0	92.0	14.0	不安が続き将来計画が短期化、挑戦より回避が強まる
82	RUS	ロシア	Russia	ユーラシア	間接衝突	統制維持と制裁迂回優先	資源輸出迂回を強化し同盟分断を狙う	制度再設計で不公平是正と安全を両立	損耗と監査疲労で正統性が削れる	92.0	83.0	78.0	91.0	88.0	85.0	84.0	17.0	生活費高止まりと安保不安が続き、若者は将来設計を縮めがち
82	UKR	ウクライナ	Ukraine	欧州	限定戦争	支援維持と制度再設計	日欧へ防空・復興と監査簡素化を要請	制度を直しつつ動員と生活を両立する	疲弊と監査負担で若年層離脱が怖い	84.0	58.0	77.0	66.0	92.0	73.0	80.0	20.0	長期不確実性が続き、若者は安定職志向と将来不安が強まる
82	IRN	イラン	Iran	中東	境界的圧力	停戦維持と体制正統性補強	停戦窓口を維持し制裁緩和を探る	制度更新で不公平感を抑え生活を守る	歳入不足で給付・治安・軍が衝突	66.0	82.0	64.0	86.0	88.0	74.0	83.0	22.0	燃料高と不確実性が継続し将来像が短期化
82	ISR	イスラエル	Israel	中東	間接衝突	抑止維持と制度再設計	停戦維持交渉と対サイバー連携を強化	安全最優先、負担配分を見直す	分断と監査負担で機動性が落ちる	64.0	58.0	62.0	88.0	86.0	72.0	79.0	23.0	供給と物価の不安が続き、安定志向が強まり挑戦の先送りが増える
82	SAU	サウジアラビア	Saudi Arabia	中東	圧力上昇	価格安定と改革資金確保	OPEC+調整継続、アジア向け供給を優先	価格と雇用を守り改革投資を継続する	制度疲労と監査負担で配分が硬直化	63.0	71.0	58.0	52.0	69.0	63.0	74.0	25.0	物価不安が残り、若者は挑戦より安定志向が強まる
82	EU	欧州連合	European Union	欧州	境界的圧力	規制再設計で負担抑制	対日へ監査互換とデータ移転枠組みを提示	公正な再設計で競争力と雇用を守る	加盟国利害と景気で合意が鈍い	63.0	58.0	67.0	56.0	77.0	62.0	74.0	26.0	適合負担は続くが互換が見えれば不安は一部低下
83	USA	アメリカ	United States	北米	境界的圧力	同盟負担増とAI統治整合	対日:防衛投資増とAI規制同調、供給網再編	雇用と公正を守りつつ抑止と競争力を維持	分断と財政で長期関与に限界、成果が必要	86.0	58.0	80.0	94.0	90.0	78.0	88.0	14.0	評価圧力で安定志向が強まり、挑戦が萎縮し閉塞感増
83	CHN	中国	China	東アジア	境界的圧力	対日圧力を選別し持続	素材・部材の許可運用を可変化し交渉材料化	制度の持続性評価を梃に雇用と安定を守る	景気減速で強硬一辺倒は不満増、統制は必要	90.0	68.0	86.0	96.0	72.0	92.0	88.0	16.0	先行きと選別圧力で挑戦回避が増え、将来像が縮む
83	JPN	日本	Japan	東アジア	境界的圧力	制度信頼と若者経路の再提示	同盟協議で抑止強化、資源契約と供給網を再編	負担と給付を見える化し希望経路を残す	恒常財源が足りず防衛・給付・投資が競合	68.0	70.0	74.0	66.0	97.0	77.0	86.0	10.0	将来設計の道筋が見えず、挑戦回避と分断不安が増える
83	TWN	台湾	Taiwan	東アジア	境界的圧力	供給信頼と抑止優先	日米欧へ供給優先枠と海峡監視を提案	制度の持続と安全で生活を守る	電力・監査負担で増産が伸びず人材流出	86.0	68.0	77.0	90.0	83.0	84.0	87.0	16.0	有事連想と供給不安が重なり、将来設計が保守化する
83	KOR	韓国	South Korea	東アジア	境界的圧力	技術主権を優先し防衛	対米枠は維持し対日供給は厳格管理	雇用転換と安保強化で将来を守る	分配摩擦と監査増で政権負担が重い	68.0	57.0	77.0	82.0	79.0	74.0	84.0	21.0	隣国の供給管理が不安を増幅し、挑戦より安定志向が強まる
83	PRK	北朝鮮	North Korea	東アジア	間接衝突	示威と交渉で体制維持	短距離発射は示威程度、対話窓口を再提示	外圧下でも体制の安全と配給を守る	資源枯渇と統制疲れ、長期緊張は危険	90.0	64.0	76.0	90.0	83.0	80.0	93.0	13.0	安全不安が常態化し、若者は将来設計を縮め回避志向が強まる
83	RUS	ロシア	Russia	ユーラシア	間接衝突	戦時統制と資源収入を優先	資源供給を政治化し制裁迂回網を拡張	外圧下でも国家基盤と生活を守る	損耗と動員疲れで統治コストが増大	90.0	81.0	76.0	89.0	84.0	83.0	82.0	19.0	物価と安保不安が残り、若者は挑戦より防衛的な進路へ
83	UKR	ウクライナ	Ukraine	欧州	限定戦争	復興と動員の最適化	日欧へ復興投資枠と防空継続を要請	復興の道筋を示し負担を分かち合う	人的損耗と資金不足で希望が削れる	83.0	57.0	78.0	65.0	93.0	74.0	81.0	19.0	長期戦の影が残り、若者は安定志向と将来不安が強まる
83	IRN	イラン	Iran	中東	境界的圧力	体制安定を優先し停戦維持	停戦窓口維持と輸送路リスクを抑制	制裁下でも秩序と生活を守ると強調	歳入不足と治安負担で譲歩が難しい	68.0	84.0	66.0	88.0	90.0	76.0	85.0	20.0	燃料高と緊張長期化で将来設計が短期化し不安が増す
83	ISR	イスラエル	Israel	中東	間接衝突	抑止優先、制度評価に対応	停戦枠組み維持とサイバー連携を拡大	安全確保と制度改革で将来の道筋を示す	分断と動員疲れ、技術供給網が脆い	66.0	60.0	64.0	90.0	88.0	74.0	81.0	22.0	計算資源不安と物価観測が続き、挑戦より安定志向が強まる
83	SAU	サウジアラビア	Saudi Arabia	中東	圧力上昇	価格を抑え改革資金確保	OPEC+で増産余地示しアジア供給を確約	体制安定と雇用のため価格乱高下を抑える	歳出固定化と治安費で配分の自由度が低い	60.0	66.0	56.0	51.0	67.0	60.0	72.0	27.0	生活コスト不安が続き、若者は挑戦より守りを選びやすい
83	EU	欧州連合	European Union	欧州	圧力上昇	規制互換で摩擦を抑制	対日へ監査互換とAI安全評価の共同枠組み	公正なルールで雇用と競争力を守る	景気停滞と加盟国利害で実装が遅い	60.0	56.0	64.0	54.0	75.0	60.0	70.0	28.0	適合負担は続くが互換が見え不安はやや緩む
