step	country_code	country_name	country_name_en	region	risk_stage	stance	foreign_action	domestic_message	private_constraint	geopolitical_risk	energy_price_pressure	labor_market_uncertainty	compute_supply_constraint	fiscal_pressure	supply_chain_fragility	sns_anxiety_amplification	japan_policy_buffer	japan_impact_summary
1	USA	アメリカ	United States	北米	圧力上昇	同盟負担の上積み要求	日本へ防衛・AI協力の拡大を要請	抑止と雇用を守る投資だと説明	分断と物価で強硬一辺倒は不可	63.0	58.0	54.0	46.0	57.0	52.0	56.0	47.0	負担増の空気が将来不安を押し上げるが、協業枠が希望も残す
1	CHN	中国	China	東アジア	境界的圧力	台湾周辺で圧力維持	台湾周辺で示威、対日技術・観光を選別	外圧に備えつつ雇用と安定を守る	輸出減速と若年失業、強硬と景気が両立困難	74.0	46.0	63.0	58.0	39.0	71.0	66.0	54.0	対中依存の不確実性が増え将来設計が慎重化
1	JPN	日本	Japan	東アジア	圧力上昇	生活防衛と抑止の同時運用	同盟連携で抑止維持、原油・LNG調達先分散	停戦でも不安定、生活と雇用を守る施策を継続	財政配分が逼迫、若者支援と防衛が競合	58.0	64.0	52.0	36.0	63.0	49.0	57.0	46.0	物価と将来不安が増すが、継続支援が見えれば悲観は限定
1	TWN	台湾	Taiwan	東アジア	境界的圧力	抑止強化と供給維持	米日と抑止連携、半導体輸出の安定運用	危機管理を強化し、経済と雇用を守る	エネルギー脆弱で物価高が政権負担	68.0	57.0	46.0	40.0	52.0	62.0	54.0	49.0	台湾海峡不安が進路観を曇らせ、安定志向が強まる
1	KOR	韓国	South Korea	東アジア	圧力上昇	同盟維持と半導体主導を優先	米韓協調で抑止強化、調達先を分散	安全保障と物価対策を同時に進める	資源脆弱で物価高が政権支持を削る	58.0	61.0	54.0	46.0	57.0	52.0	56.0	49.0	東アジア緊張と物価連動で将来不安がじわり増す
1	PRK	北朝鮮	North Korea	東アジア	間接衝突	抑止示威で交渉余地確保	短距離発射で警戒維持、対話窓口も残す	敵対環境下でも体制と生活を守る	制裁・食料難で示威が内政補填化	78.0	34.0	57.0	46.0	44.0	41.0	72.0	52.0	安全不安が進路選択を冷やし、SNSで悲観が増幅
1	RUS	ロシア	Russia	ユーラシア	間接衝突	制裁耐久と資源収入維持	資源輸出を再配分し制裁回避網を強化	対外圧力に耐え生活を守ると強調	戦費と制裁で投資不足、長期疲弊	71.0	63.0	52.0	57.0	46.0	58.0	54.0	49.0	エネ高と安全保障不安で将来設計が慎重化
1	UKR	ウクライナ	Ukraine	欧州	限定戦争	前線維持と支援確保	欧米に軍事・財政支援の継続を要請	長期戦でも国家機能を守り抜く	人員・財政逼迫、支援疲れが怖い	67.0	46.0	52.0	40.0	60.0	54.0	49.0	47.0	物価と不確実性が残り、将来像が描きにくい
1	IRN	イラン	Iran	中東	境界的圧力	停戦維持と対外抑止を両立	航路威嚇を抑えつつ制裁緩和を探る	停戦を維持し生活防衛を優先する	体制不安と軍事圧力で妥協が難しい	66.0	72.0	44.0	46.0	52.0	58.0	61.0	49.0	原油不安とSNS緊張で将来像が曇りやすい
1	ISR	イスラエル	Israel	中東	間接衝突	抑止強化と技術防衛を優先	米国と停戦監視を強化しサイバー抑止	停戦は脆弱。安全と経済を同時に守る	長期動員で社会疲弊、財政と分断が限界	64.0	57.0	46.0	35.0	61.0	52.0	54.0	47.0	原油不安と紛争報道で将来像が曇り、挑戦意欲が揺れる
1	SAU	サウジアラビア	Saudi Arabia	中東	圧力上昇	供給安定で価格高を抑制	OPEC+協調で増産余地を示し市場鎮静	安定供給と改革投資を両立する	地域再燃と財政規律で増産幅が限定	46.0	64.0	32.0	18.0	41.0	38.0	44.0	57.0	ガソリン・物価不安が就職観を冷やすが急落は避ける
1	EU	欧州連合	European Union	欧州	圧力上昇	規制と支援で秩序維持	対露抑止を維持しつつ原油・LNG調達を分散	安全保障と生活防衛を両立し景気下支えする	加盟国間の負担配分と選挙で合意が揺れる	54.0	58.0	49.0	38.0	52.0	46.0	45.0	56.0	物価不安と就職不確実性が残り将来観が揺れやすい
2	USA	アメリカ	United States	北米	圧力上昇	計算資源同盟で囲い込み	対日で計算資源・半導体枠組みを優先配分	AI主導権と雇用防衛のため同盟投資	物価と分断で負担転嫁は限界	64.0	57.0	60.0	55.0	60.0	56.0	62.0	45.0	就職観が揺れ不安増、だが協業枠は一部の希望
2	CHN	中国	China	東アジア	境界的圧力	技術主権優先で圧力調整	輸出管理を強化し対日協力を選別	技術と雇用を守るため管理を強める	成長鈍化で強硬一辺倒は危険	76.0	49.0	69.0	63.0	41.0	75.0	70.0	50.0	計算資源と雇用不安が重なり将来像が曇る
2	JPN	日本	Japan	東アジア	圧力上昇	投資誘致と生活防衛を併走	米欧と計算資源確保・同盟調整を強化	AI競争に備え、雇用移行と物価対策を継続	人材育成は時間がかかり財政配分が硬直	60.0	62.0	66.0	44.0	67.0	52.0	63.0	45.0	進路不安が増すが、学び直しと所得支援が見えれば悲観は鈍る
2	TWN	台湾	Taiwan	東アジア	境界的圧力	抑止継続と供給信頼確保	米日欧と輸出管理協議、供給継続を優先	安全と産業を守り、雇用の急変に備える	電力脆弱と対外規制で自由度が狭い	70.0	58.0	52.0	48.0	55.0	66.0	59.0	46.0	AI競争と海峡不安が重なり、将来像が短期志向へ傾く
2	KOR	韓国	South Korea	東アジア	圧力上昇	AI競争で産業防衛を強化	対米協調で計算資源確保、対中依存を抑制	成長投資と雇用支援で競争に勝つ	若者雇用不安と産業補助が財政を圧迫	60.0	57.0	63.0	58.0	61.0	55.0	64.0	47.0	計算資源争奪と雇用不安が波及し将来像が曇る
2	PRK	北朝鮮	North Korea	東アジア	間接衝突	示威継続で譲歩引き出し	発射訓練を誇示、対米非公式接触も維持	強硬な外圧下でも体制と生活を守る	制裁下で外貨・食料逼迫、示威が内政向け	82.0	36.0	61.0	50.0	46.0	44.0	75.0	49.0	安全不安とAI雇用不安が重なり、将来像が曇る
2	RUS	ロシア	Russia	ユーラシア	間接衝突	資源収入維持とAI自立	制裁回避網を維持し計算資源の迂回調達	技術自立と生活防衛で長期戦に備える	先端計算資源が不足、戦費で民生投資が圧迫	73.0	66.0	55.0	64.0	50.0	61.0	58.0	47.0	AI競争で雇用と学び直し不安が増え、将来像が揺れる
2	UKR	ウクライナ	Ukraine	欧州	限定戦争	支援維持と復興筋の確保	欧米に防空・弾薬と復興資金を優先要請	前線を守りつつ生活と復興の基盤をつなぐ	支援疲れと財政難、若者流出が痛い	68.0	47.0	56.0	44.0	62.0	55.0	52.0	45.0	AI競争で雇用観が揺れ、物価不安と重なり将来像が霞む
2	IRN	イラン	Iran	中東	境界的圧力	停戦維持と制裁緩和探求	航路威嚇は抑制、対米間接交渉継続	生活防衛と技術自立へ資源を集中	財政逼迫と体制不安で譲歩が難しい	64.0	70.0	46.0	52.0	55.0	60.0	63.0	47.0	資源高とAI雇用不安が重なり将来設計が縮む
2	ISR	イスラエル	Israel	中東	間接衝突	抑止維持とAI優先配分	米とAI連携、輸出管理とサイバー強化	停戦は脆弱。AIと防衛で国力を守る	動員疲弊と分断。人材流出と財政が痛い	63.0	56.0	49.0	43.0	62.0	53.0	57.0	46.0	AI競争で雇用不安と計算資源不信が増え、将来像が揺れる
2	SAU	サウジアラビア	Saudi Arabia	中東	圧力上昇	資金誘致と市場安定を優先	OPEC+協調維持、AI投資で対外提携拡大	改革と雇用創出で生活安定を守る	治安配慮と価格変動で舵取りが難しい	48.0	61.0	38.0	22.0	44.0	40.0	46.0	56.0	物価不安は続くが急騰回避で就職不安は拡大しにくい
2	EU	欧州連合	European Union	欧州	圧力上昇	規制と投資で競争対応	AI規制を整備し供給網と計算資源を確保	雇用転換と成長投資で生活不安を抑える	加盟国の温度差と企業反発で実装が遅れがち	55.0	52.0	57.0	46.0	56.0	53.0	58.0	54.0	AI雇用不安がSNSで増幅し将来像が揺れやすい
3	USA	アメリカ	United States	北米	境界的圧力	台湾抑止と供給網を同盟で固める	対日へ半導体・AI枠組み遵守と防衛協力を要求	台湾抑止と供給安定で米国の雇用を守る	国内分断と物価で長期負担は続かない	72.0	60.0	66.0	68.0	62.0	74.0	71.0	41.0	半導体不安で将来設計が縮み、選別圧と不安が増える
3	CHN	中国	China	東アジア	境界的圧力	台湾圧力で輸出管理を硬軟併用	周辺演習を拡大し対日輸出許可を選別	外部圧力に対抗し雇用と安全を守る	景気鈍化で長期緊張は社会不安を招く	82.0	52.0	73.0	70.0	44.0	83.0	77.0	46.0	半導体不安と採用鈍化が重なり将来設計が保守化
3	JPN	日本	Japan	東アジア	境界的圧力	供給網防衛と抑止強化	米欧台と半導体協力枠組みを前倒し	供給不安に備え産業と家計を守る	代替調達は高コストで財政と摩擦	72.0	64.0	69.0	58.0	73.0	74.0	71.0	40.0	就職と物価の不安が強まり、将来計画が先送りされる
3	TWN	台湾	Taiwan	東アジア	境界的圧力	抑止強化と供給信頼維持	米日欧と供給継続枠組み、訓練拡大	日常維持と産業防衛を同時に進める	電力・海上輸送が脆弱、規制で選択肢が減る	74.0	61.0	56.0	54.0	57.0	72.0	67.0	44.0	海峡不安と部材懸念で将来設計が短期化、慎重化が進む
3	KOR	韓国	South Korea	東アジア	境界的圧力	半導体防衛と危機管理	対米・日で供給網協議、対中リスク低減	安保不安に備え産業と雇用を守る	対外依存と補助金負担で選択肢が狭い	67.0	59.0	66.0	64.0	65.0	69.0	71.0	44.0	半導体不安が就職観を冷やしSNSで将来不安が増幅
3	PRK	北朝鮮	North Korea	東アジア	間接衝突	示威で交渉空間を確保	短距離発射示威、対米接触は継続	外圧下でも抑止力と配給を守る	外貨・食料逼迫で示威が必要	84.0	37.0	63.0	56.0	48.0	53.0	78.0	47.0	安全不安に半導体不安が重なり、進路の確信が薄れる
3	RUS	ロシア	Russia	ユーラシア	間接衝突	資源収入確保と対外示威	対中協調を強め資源割引と制裁迂回を拡大	包囲下でも経済と戦線を維持すると強調	戦費と制裁で先端計算資源が細る	76.0	69.0	58.0	71.0	53.0	74.0	63.0	44.0	半導体不安と物価観測で将来設計が縮み不安が増える
3	UKR	ウクライナ	Ukraine	欧州	限定戦争	支援の維持と復興枠の確保	欧州に弾薬・防空優先、復興枠を先行確定	長期戦を想定し生活と動員の両立を続ける	支援疲れと人材流出、資金の目詰まり	70.0	50.0	58.0	52.0	64.0	60.0	56.0	43.0	半導体不安で先行き感がさらに曇り、将来設計が硬直
3	IRN	イラン	Iran	中東	境界的圧力	停戦維持し影響力誇示	航路安全で取引、制裁緩和を探る	外圧下でも生活防衛と自立を継続	財政難と不満で強硬派を抑えにくい	66.0	74.0	49.0	56.0	58.0	64.0	67.0	45.0	エネ高と半導体不安が重なり、就職と生活設計が曇る
3	ISR	イスラエル	Israel	中東	間接衝突	半導体優先確保で抑止維持	米欧と供給網囲い込み、対台有事備え	技術と安全保障を同時に守り抜く	動員疲弊と分断。調達費が財政を圧迫	66.0	54.0	52.0	58.0	64.0	61.0	60.0	44.0	計算資源の取り合いで不安増。将来設計が短期化する
3	SAU	サウジアラビア	Saudi Arabia	中東	圧力上昇	原油安定と対外均衡を優先	OPEC+調整で急騰回避、アジア向け供給を確保	市場安定で歳入を守り改革投資と雇用を継続	安全保障不確実性で投資と治安コストが増える	52.0	63.0	40.0	26.0	46.0	46.0	50.0	54.0	物価不安は続くが急騰回避なら将来悲観の加速は限定的
3	EU	欧州連合	European Union	欧州	境界的圧力	規制と供給網で防衛	対中リスク点検と半導体調達を再編	成長と雇用を守りつつ安全保障も強化	加盟国差と企業負担で足並みが揺れる	67.0	50.0	60.0	58.0	57.0	65.0	62.0	52.0	半導体不安が就職観を冷やし、将来像が曇る
4	USA	アメリカ	United States	北米	境界的圧力	対中東警戒で同盟の負担共有	対日へエネ分散・備蓄放出協調と海上警戒	物価と雇用を守るため同盟で抑止と安定を確保	物価高と分断で長期関与は続けにくい	74.0	78.0	69.0	70.0	65.0	77.0	76.0	39.0	電気代・物価不安が将来像を曇らせ、挑戦より防衛的選択が増える
4	CHN	中国	China	東アジア	境界的圧力	台湾圧力と資源確保を優先	周辺演習を継続し対日許認可を絞る	外圧と資源高に備え安定を守る	景気鈍化で長期緊張は統治負担	84.0	66.0	75.0	71.0	46.0	85.0	79.0	44.0	光熱費不安と半導体懸念で就活・進路が守りに寄る
4	JPN	日本	Japan	東アジア	境界的圧力	物価抑制と供給網防衛	G7・産油国と調達分散・備蓄放出協議	電気代と物流の急変に備え家計を守る	対外調達は高コスト、財政の説得が難しい	70.0	78.0	64.0	56.0	76.0	77.0	74.0	35.0	光熱費と就活不安が増え、将来設計が短期化する
4	TWN	台湾	Taiwan	東アジア	境界的圧力	抑止維持と供給信頼死守	米日欧と護送・保険枠組み、供給優先配分	生活コスト上昇に備えつつ防衛と産業を守る	燃料・海運が外部要因で揺れ、企業統制も限界	76.0	73.0	60.0	58.0	61.0	78.0	71.0	41.0	電気代・物流不安が増幅し、就職と挑戦の判断が保守化
4	KOR	韓国	South Korea	東アジア	境界的圧力	エネルギー不安の同盟管理	米・日と原油・LNG融通協議、海上警戒	物価高に備え支援しつつ安保協力を強化	輸入依存で価格に弱く補助金が膨張	70.0	78.0	68.0	66.0	72.0	73.0	74.0	41.0	電気代と景気不安で進路が慎重化、SNSで焦燥が拡散
4	PRK	北朝鮮	North Korea	東アジア	間接衝突	示威と取引で体制余力確保	発射準備示威とサイバー外貨獲得を強化	外圧下でも抑止力と生活配給を守る	外貨・食料不足で緊張管理が必要	86.0	63.0	66.0	58.0	52.0	56.0	81.0	43.0	電気代不安に安全保障警戒が重なり、将来設計が短期化する
4	RUS	ロシア	Russia	ユーラシア	間接衝突	資源を梃子に制裁迂回継続	対中・第三国経由の資源輸出を強化	包囲下でも財政と戦線を維持と強調	戦費と技術遮断で生産性が伸びない	78.0	74.0	60.0	72.0	55.0	76.0	66.0	43.0	物価と供給不安で計画が萎み将来不安が増える
4	UKR	ウクライナ	Ukraine	欧州	限定戦争	支援疲れを抑え戦争継続	欧州に防空・弾薬優先、支援枠の前倒し交渉	戦時経済を維持しつつ生活支援を優先する	資金と人員が細り、支援の政治条件が重い	72.0	62.0	60.0	54.0	66.0	63.0	58.0	41.0	電気代不安と戦争長期化が重なり、就職・進路の慎重化が進む
4	IRN	イラン	Iran	中東	境界的圧力	停戦維持し航路で圧力	ホルムズ周辺で示威、制裁緩和交渉	外圧に屈せず生活防衛と抑止を継続	不満と財政難で強硬派を抑えにくい	69.0	82.0	53.0	58.0	61.0	68.0	72.0	43.0	光熱費と物価不安が増幅し、将来設計が短期化する
4	ISR	イスラエル	Israel	中東	間接衝突	抑止継続と危機管理	米国と連携し海上警戒・供給線確保	長期化に備え安全と経済を両立	動員疲労と分断。費用高騰が重荷	68.0	63.0	55.0	60.0	66.0	64.0	63.0	42.0	燃料高と物流不安で節約志向。将来不安が増幅しやすい
4	SAU	サウジアラビア	Saudi Arabia	中東	圧力上昇	供給安定で価格警戒を抑制	OPEC+で増産余地示し、航路警戒を協調	不安定化でも歳入と改革投資を守る	安全保障費と治安維持が財政を圧迫	58.0	70.0	43.0	27.0	49.0	52.0	56.0	51.0	電気代・物流不安で悲観は強まるが、急騰回避なら持久可能
4	EU	欧州連合	European Union	欧州	境界的圧力	エネルギーと規制で持久	ホルムズ警戒で共同備蓄と調達分散を加速	物価対策と安全保障の両面で危機対応	加盟国温度差と企業負担で統一が難しい	69.0	66.0	61.0	60.0	60.0	68.0	66.0	49.0	光熱費不安と供給網懸念が将来設計を萎縮させる
5	USA	アメリカ	United States	北米	境界的圧力	同盟結束と技術囲い込み	対日へ防衛負担と対中技術管理を要求	覇権と雇用を守るため同盟で抑止強化	物価と分断で長期関与は政治的に限界	78.0	74.0	72.0	82.0	68.0	83.0	79.0	34.0	進路が『安定志向』へ寄り、挑戦より守りが優勢になる
5	CHN	中国	China	東アジア	境界的圧力	技術主権と統制維持	輸出管理に報復し対日許認可を厳格化	包囲への自力更生で雇用と安定を守る	分断長期化は景気と若者不満の火種	86.0	68.0	78.0	80.0	48.0	88.0	83.0	41.0	分断で半導体・就職不安が増し挑戦より安定志向へ
5	JPN	日本	Japan	東アジア	境界的圧力	供給網・計算資源を死守	同盟と連携し輸出規制順守と代替調達	供給網の揺れに備え物価と雇用を守る	代替調達は高コスト、財政説明が難しい	72.0	74.0	67.0	66.0	81.0	84.0	79.0	30.0	職の見通しが霞み、挑戦より防衛的選択が増える
5	TWN	台湾	Taiwan	東アジア	境界的圧力	供給信頼の維持と抑止強化	米日欧と対海峡監視・保険枠、供給優先	分断下でも雇用と物価を守り抑止を固める	輸出規制と海運保険が供給を縛る	79.0	75.0	64.0	66.0	63.0	82.0	74.0	39.0	分断感で将来不安が強まり、挑戦より安定志向が増す
5	KOR	韓国	South Korea	東アジア	境界的圧力	半導体同盟化で防衛線	米日と輸出管理調整、素材・装置の囲い込み	技術安保は雇用と国益を守るための措置	対中依存と若者雇用悪化で強硬一辺倒は難しい	73.0	76.0	71.0	72.0	75.0	78.0	77.0	38.0	供給網不安と採用慎重化が進路不安を増幅、焦燥が拡散
5	PRK	北朝鮮	North Korea	東アジア	間接衝突	示威で取引余地を確保	発射訓練誇示とサイバー外貨獲得を継続	敵対包囲に対抗し抑止力を強化する	外貨・食料不足で暴発は避けたい	88.0	66.0	69.0	64.0	55.0	61.0	84.0	41.0	安全保障不安と供給不安が重なり、進路選択が保守化する
5	RUS	ロシア	Russia	ユーラシア	間接衝突	ブロック化を逆手に資源圧力	友好国経由の輸出・決済を拡張	外圧下でも雇用と歳入を守る	半導体不足で軍民生産が鈍い	80.0	77.0	64.0	76.0	58.0	79.0	70.0	41.0	物価と分断報道で将来像が曇り挑戦意欲が削がれる
5	UKR	ウクライナ	Ukraine	欧州	限定戦争	支援条件を受け入れ持久	欧州に弾薬・防空優先、支援条件を調整	厳しい戦局でも補助と動員改革で耐える	支援の政治条件と人員不足が重い	74.0	63.0	61.0	60.0	69.0	66.0	60.0	39.0	ブロック化で半導体不安が増し、進路選択が慎重化
5	IRN	イラン	Iran	中東	境界的圧力	停戦維持し制裁緩和を狙う	ホルムズ示威を抑制、非西側と技術・貿易強化	停戦は維持しつつ生活と抑止を守る	制裁と不満で妥協は弱腰に見える	71.0	86.0	55.0	62.0	63.0	72.0	76.0	41.0	光熱費・物価高と分断報道で不安増、挑戦が先送りに
5	ISR	イスラエル	Israel	中東	間接衝突	技術優位と抑止を維持	米欧と技術同盟強化・対中輸出管理	安全保障優先で生活負担は補助で緩和	動員疲労と分断。財政と人材が逼迫	70.0	62.0	58.0	72.0	69.0	71.0	65.0	39.0	半導体・計算資源が細り、将来設計が揺れ不安が増幅
5	SAU	サウジアラビア	Saudi Arabia	中東	圧力上昇	供給維持で交渉余地確保	OPEC+で調整継続、航路警戒と対話を併走	安定供給で歳入を守り改革投資を継続	停戦再燃と分断で投資・治安コスト増	61.0	66.0	46.0	31.0	52.0	58.0	60.0	49.0	分断で物価と将来不安がじわり増幅、ただし急騰回避なら耐える
5	EU	欧州連合	European Union	欧州	境界的圧力	規制と同盟で防波堤	対中デリスクと輸出管理で協調強化	雇用と安全を守るため供給網を強靭化	加盟国温度差と産業負担で一枚岩化困難	66.0	61.0	58.0	67.0	62.0	72.0	69.0	46.0	先端職は期待も、分断で将来像が揺れ不安増
6	USA	アメリカ	United States	北米	境界的圧力	同盟負担の再配分を迫る	対日へ防衛・技術管理の実行計画を要求	同盟で抑止しつつ米国内の負担を軽減	分断と物価で対外関与は拡大しにくい	80.0	72.0	74.0	84.0	73.0	82.0	81.0	28.0	支援の不透明さが将来不安を増やし、安定志向が強まる
6	CHN	中国	China	東アジア	境界的圧力	技術主権優先で揺さぶり	対日素材・部材の許認可を選別的に運用	外圧下でも供給網と雇用を守る	景気減速で強硬一辺倒は不満を招く	87.0	66.0	82.0	83.0	55.0	90.0	86.0	36.0	物価と就活不安が強まり、将来像が縮む感覚が増える
6	JPN	日本	Japan	東アジア	境界的圧力	財政制約下で優先配分	同盟と調達網を再点検し摩擦回避	生活防衛と成長投資を両立する	増税回避と歳出拡大が両立しにくい	68.0	70.0	71.0	60.0	86.0	78.0	82.0	24.0	支援の不確実さが将来観を曇らせ、安定志向が強まる
6	TWN	台湾	Taiwan	東アジア	境界的圧力	供給安定と抑止の継続	米日欧と保険枠・港湾迂回、供給優先	安全保障下でも産業と雇用を守り抜く	海運保険・輸出管理が供給を縛る	81.0	72.0	66.0	69.0	64.0	84.0	76.0	36.0	財政議論で支援の見通しが揺れ、不安が増幅しやすい
6	KOR	韓国	South Korea	東アジア	境界的圧力	半導体同盟は維持、摩擦抑制	米日と輸出管理を継続、対中取引は選別	雇用と安全を守る現実的な技術安保	対中依存と若者不満で強硬は持続困難	70.0	74.0	73.0	71.0	78.0	76.0	79.0	34.0	物価と採用慎重化が重なり、将来不安がSNSで増幅
6	PRK	北朝鮮	North Korea	東アジア	境界的圧力	示威で交渉主導権を確保	短距離発射誇示とサイバー外貨獲得を強化	敵対勢力に備え抑止力を更新すると強調	食料・外貨不足で全面対決は回避したい	90.0	64.0	71.0	66.0	60.0	63.0	86.0	37.0	防衛と生活の優先競合が可視化し、将来像が縮む
6	RUS	ロシア	Russia	ユーラシア	間接衝突	資源収入維持で圧力継続	友好国経由輸出を拡大し価格交渉を強化	制裁下でも賃金と歳入を守り戦時継続	半導体・部材不足で生産と補修が詰まる	82.0	79.0	66.0	77.0	63.0	80.0	72.0	38.0	物価高と将来不安が固定化し挑戦より防衛的選択へ傾く
6	UKR	ウクライナ	Ukraine	欧州	限定戦争	支援維持へ条件交渉	欧州に継戦支援要請、復興資金枠も協議	厳しいが支援を確保し前線を維持する	人員と財政が限界、支援疲れが怖い	76.0	64.0	62.0	61.0	72.0	67.0	63.0	36.0	財政余地論で支援が揺れ、将来不安と節約志向が強まる
6	IRN	イラン	Iran	中東	境界的圧力	停戦維持し交渉余地を探る	ホルムズ周辺は示威抑制、非西側と貿易拡大	抑止は維持しつつ生活防衛を優先する	制裁下で財政難、強硬も融和も傷になる	70.0	84.0	57.0	63.0	66.0	73.0	78.0	36.0	財政論争で支援が見えにくく、生活不安が将来感を圧迫
6	ISR	イスラエル	Israel	中東	間接衝突	抑止維持と技術確保	米欧と防空・サイバー連携、輸出管理強化	安全保障最優先、生活負担は限定補助で耐える	動員疲労と分断。財政余地が縮小し人材逼迫	72.0	64.0	61.0	74.0	71.0	73.0	68.0	36.0	計算資源と物価不安が重なり、将来計画が縮む感覚が強まる
6	SAU	サウジアラビア	Saudi Arabia	中東	圧力上昇	供給安定で価格主導権維持	OPEC+調整継続、対日長期契約を提案	歳入確保と市場安定で改革資金を守る	停戦再燃と治安費で余力が削られる	63.0	69.0	49.0	32.0	56.0	59.0	62.0	45.0	光熱費と生活費の重さが続き、将来設計が慎重化
6	EU	欧州連合	European Union	欧州	境界的圧力	規制協調と対外依存の縮減	対中デリスクとAI規制で域内投資誘導	雇用と安全のため供給網を再設計する	加盟国差と産業コストで合意が遅い	64.0	60.0	61.0	69.0	66.0	74.0	72.0	42.0	支援必要性は増すが財政論争で将来像が霞み不安
7	USA	アメリカ	United States	北米	境界的圧力	AI電力制約で同盟に負担要請	対日へ電力・DC協力と輸出管理順守を要請	AI競争と雇用を守るため投資と規制を調整	電力網逼迫と住民反発で拡張が鈍る	78.0	69.0	72.0	88.0	76.0	80.0	83.0	24.0	計算資源と電力不安が就職観を冷やし焦燥が拡散
7	CHN	中国	China	東アジア	境界的圧力	電力・計算資源で主導権確保	電力確保とDC誘致を優先、対日重要部材は選別許認可	成長と雇用のため電力とAI基盤を最優先する	停電不安と地方負担で拡張は政治的に難しい	88.0	72.0	84.0	86.0	57.0	91.0	87.0	34.0	電力と計算資源の奪い合いで就活・物価不安が続き、未来設計が短期化する
7	JPN	日本	Japan	東アジア	境界的圧力	電力制約下で配分最適化	電力増強とDC立地調整、同盟と調達確保	電力負担を抑えつつ成長投資と生活防衛	電力網・地元負担と財政が同時に逼迫	66.0	78.0	74.0	68.0	89.0	79.0	85.0	20.0	AI格差と生活コスト不安で将来像が縮み、堅実志向が強まる
7	TWN	台湾	Taiwan	東アジア	境界的圧力	電力と供給の同時防衛	電力確保と港湾迂回、米日欧と調整	電力制約下でも産業と生活を守る	電力網・住民反発で増設が遅れる	83.0	74.0	68.0	73.0	67.0	86.0	79.0	34.0	AI格差と半導体不安が重なり将来像が曇る
7	KOR	韓国	South Korea	東アジア	境界的圧力	電力制約下で技術安保維持	米日と供給網協調、対中取引は選別	電力負担を抑えつつ成長と雇用を守る	電力網と地元反発でAI投資が鈍る	68.0	77.0	75.0	78.0	80.0	74.0	82.0	31.0	AI格差と採用停滞が可視化し、努力の報酬不信が強まる
7	PRK	北朝鮮	North Korea	東アジア	境界的圧力	示威で資源と譲歩を引き出す	短距離発射誇示とサイバー外貨獲得を継続	制裁下でも国防優先で体制を守ると強調	電力・食料・外貨不足で長期対峙は苦しい	92.0	67.0	73.0	69.0	62.0	64.0	88.0	35.0	安全保障不安と電力制約の連想が拡散し、挑戦意欲が萎む
7	RUS	ロシア	Russia	ユーラシア	間接衝突	資源レバレッジで持久戦	エネ輸出条件を硬化し友好国決済を拡大	制裁下でも歳入確保で社会支出を維持	電力・部材不足で産業と軍需の維持が難化	84.0	83.0	68.0	81.0	65.0	82.0	75.0	36.0	電力制約でAI格差不安が増幅し、進路選択が保守化
7	UKR	ウクライナ	Ukraine	欧州	限定戦争	支援維持へ電力・復興も束ねる	EUに継戦支援と復興枠拡大要請、AI電力協力も協議	前線維持を最優先、復興と電力確保も同時に進める	人員不足と財政逼迫、支援疲れと電力制約が痛い	78.0	66.0	64.0	66.0	74.0	69.0	65.0	34.0	電力制約でAI格差不安が増幅、将来設計が保守化しやすい
7	IRN	イラン	Iran	中東	境界的圧力	停戦維持し制裁回避を優先	原油輸出の迂回強化、航路示威は抑制	外圧下でも生活を守り抑止は維持する	財政難と不満増、強硬で統制か融和で失点	72.0	87.0	60.0	66.0	68.0	74.0	80.0	34.0	電力制約でAI格差不安が拡大し、燃料高も重なり将来像が曇る
7	ISR	イスラエル	Israel	中東	間接衝突	抑止継続と計算資源確保	米欧と電力・DC協力、輸出管理を運用	安全保障優先、電力負担は段階調整で吸収	電力制約と財政で若者支援が後回し	73.0	68.0	63.0	80.0	74.0	76.0	71.0	33.0	AI格差と計算資源不安で、将来設計が縮む感覚が強まる
7	SAU	サウジアラビア	Saudi Arabia	中東	圧力上昇	供給維持で価格と安定両立	OPEC+は増産抑制、対日契約は維持提示	価格安定で歳入確保、改革投資を継続	停戦再燃と警備費で増産余力が限定	64.0	71.0	50.0	36.0	58.0	60.0	66.0	43.0	電力制約でAI格差不安が増幅、生活費高止まりで将来設計が保守化
7	EU	欧州連合	European Union	欧州	境界的圧力	電力制約下で規制と投資	電力網投資優先とDC許認可厳格化	AI格差を抑え公正な移行を守る	電力反発と加盟国差で実装が遅い	63.0	62.0	64.0	74.0	69.0	72.0	75.0	40.0	AI利用格差と職の不透明感が増え、将来像が曇る
8	USA	アメリカ	United States	北米	境界的圧力	同盟負担分担とAI統制	対日へAI人材・DC投資と輸出管理順守を再要請	雇用移行期の支援とAI競争力確保を両立	電力・世論・財政で拡張が遅れ同盟圧が増す	80.0	71.0	78.0	90.0	79.0	82.0	88.0	22.0	初職の不安が強まり、AI適応格差への焦りが拡散する
8	CHN	中国	China	東アジア	境界的圧力	雇用安定と技術主権優先	対日重要部材は許認可を絞り交渉継続	雇用を守りAI投資で成長を確保する	若年雇用摩擦で不満管理が最優先	90.0	70.0	88.0	87.0	60.0	92.0	89.0	32.0	初職不安が増幅し学び直し急増、将来設計が短期化
8	JPN	日本	Japan	東アジア	境界的圧力	雇用再配置を抑えつつ投資	同盟と調達で電力・計算資源を確保	生活防衛と再訓練で移行期の痛みを減らす	財政と電力網が詰まり政策余力が薄い	64.0	77.0	82.0	70.0	91.0	76.0	88.0	18.0	初職不安と再訓練負担が増え、将来設計が短期化する
8	TWN	台湾	Taiwan	東アジア	境界的圧力	供給維持と社会不安の抑制	米日欧と供給・航路を再確認、代替生産も協議	雇用転換期でも生活と産業を守る	電力・人材・財政が同時に逼迫	84.0	73.0	76.0	75.0	69.0	87.0	81.0	33.0	初職不安と半導体逼迫が重なり、将来設計が短期化する
8	KOR	韓国	South Korea	東アジア	境界的圧力	雇用不安抑制と技術安保	米日と半導体供給網を堅持、対中は審査強化	AI転換期の雇用を守り、安保も緩めない	電力・人材不足でAI投資が選別的になる	66.0	72.0	80.0	76.0	78.0	71.0	85.0	33.0	初職の不安が拡大し、能力差が運命差に見えて焦燥が増す
8	PRK	北朝鮮	North Korea	東アジア	境界的圧力	示威とサイバーで外貨確保	短距離発射の示威と対日サイバー窃取	対外包囲下でも抑止と自立を強調	外貨・食料・電力不足で長期強硬は不利	90.0	63.0	78.0	68.0	60.0	62.0	89.0	34.0	安全保障不安がSNSで増幅し、AI雇用不安と結びつき将来像が曇る
8	RUS	ロシア	Russia	ユーラシア	間接衝突	制裁耐久と資源収入を優先	輸出条件を揺らし、対日・対欧の取引圧力を強化	国益防衛と雇用維持のため対外強硬は必要	戦費と部材不足で産業維持が逼迫	85.0	86.0	72.0	83.0	67.0	84.0	78.0	34.0	初職不安にエネ高と計算資源格差が重なり、将来観が萎む
8	UKR	ウクライナ	Ukraine	欧州	限定戦争	継戦と復興資金を同時確保	EU・同盟へ継戦支援と復興債枠拡大を要請	前線維持を軸に電力復旧と雇用維持も進める	人的損耗と財政逼迫、支援疲れが最大の制約	80.0	67.0	69.0	68.0	77.0	70.0	66.0	33.0	戦争長期化とAI雇用摩擦が重なり、将来設計が慎重化し不安が増えやすい
8	IRN	イラン	Iran	中東	境界的圧力	停戦維持と輸出確保	輸出迂回継続、航路示威は限定	外圧下でも生活を守り抑止は維持	不満と財政難、強硬と融和が両罰	70.0	84.0	68.0	65.0	69.0	73.0	82.0	33.0	燃料高とSNS不安が重なり、AI雇用再配置の恐怖が増幅する
8	ISR	イスラエル	Israel	中東	間接衝突	抑止維持とAI産業防衛	米欧と輸出管理強化、DC防護連携	安全保障と成長投資で雇用を守る	戦費と社会分断で再訓練が追い付かない	74.0	66.0	67.0	82.0	76.0	77.0	73.0	31.0	初職不安とAI格差感が増幅し、将来を狭く見積もる
8	SAU	サウジアラビア	Saudi Arabia	中東	圧力上昇	価格上振れ回避で歳入確保	OPEC+は小幅調整、対日長期契約優先	改革投資を守りつつ市場安定に寄与	停戦再燃と治安費で余力が限定	63.0	68.0	56.0	38.0	60.0	59.0	69.0	41.0	物価高止まりと職不安が重なり、挑戦より安定志向が強まる
8	EU	欧州連合	European Union	欧州	境界的圧力	規制維持と雇用移行支援	AI規制運用を硬化し再訓練基金を拡充	雇用不安に備え公正な移行を進める	加盟国差と電力・財政で実装が鈍る	61.0	59.0	70.0	73.0	71.0	68.0	78.0	38.0	初職の不安が増幅し、『学んでも報われない』感が強まる
9	USA	アメリカ	United States	北米	境界的圧力	同盟負担とロボ導入加速	対日に防衛協力・輸出管理・DC投資を再要求	雇用移行を支えつつ対外抑止を維持	電力・供給網・世論で拡張が詰まりがち	78.0	69.0	84.0	88.0	81.0	79.0	90.0	20.0	ロボ普及で職の見通しが揺れ、学び直し圧と焦りが増す
9	CHN	中国	China	東アジア	境界的圧力	雇用安定と技術主権を優先	対日重要部材の許認可を選別し交渉継続	ロボ導入で生産性を上げ雇用を守る	若年雇用不安と監視コストが増大	91.0	72.0	90.0	89.0	62.0	93.0	91.0	30.0	ロボ導入格差が焦りを増幅、初職と進路が短期志向に傾く
9	JPN	日本	Japan	東アジア	境界的圧力	再訓練と配分の両立	同盟国とロボ・半導体調達を多重化	移行期の雇用を守り生産性を上げる	電力・財政・人材が同時に不足	63.0	72.0	85.0	68.0	92.0	74.0	90.0	16.0	初職と中技能職の不安が増し、将来設計が短期化
9	TWN	台湾	Taiwan	東アジア	境界的圧力	供給防衛と雇用転換支援	米日欧と半導体供給・航路を点検	雇用再編に備え訓練と投資を強化	電力・人材不足で増産余地が小さい	86.0	74.0	82.0	78.0	72.0	88.0	85.0	31.0	ロボ化で職の見通しが揺れ、初職選択が保守化する
9	KOR	韓国	South Korea	東アジア	境界的圧力	技術主権と雇用安定を優先	米日とロボ供給網協調、対中審査維持	ロボ導入で生産性確保、雇用移行を支援	電力・人材・規制で導入は選別的	64.0	69.0	86.0	78.0	81.0	68.0	88.0	31.0	身体労働も置換の恐れが増え、進路不安が拡散する
9	PRK	北朝鮮	North Korea	東アジア	境界的圧力	示威継続、対話余地も残す	発射予告と電力・식料確保へ対中露交渉	外圧下でも抑止と生活防衛を強調	外貨不足で挑発は管理必要、失敗は致命傷	92.0	64.0	82.0	70.0	61.0	63.0	91.0	33.0	安保不安が拡散し、ロボ導入の職不安と連結して悲観増
9	RUS	ロシア	Russia	ユーラシア	間接衝突	資源収入と制裁耐久を優先	資源輸出条件で対日・対欧に揺さぶり	長期戦でも雇用と物価を守る	戦費と部材不足で産業が脆い	86.0	84.0	78.0	82.0	70.0	83.0	80.0	32.0	ロボ導入格差で職の先細り感が強まり不安増
9	UKR	ウクライナ	Ukraine	欧州	限定戦争	継戦優先、産業再編も管理	EUへ防空・弾薬と復興資金を追加要請	前線維持と雇用維持を同時に進める	人的損耗と財政逼迫、支援疲れが痛い	81.0	66.0	73.0	69.0	79.0	72.0	68.0	31.0	戦争長期化に加えロボ導入格差不安で将来設計が慎重化
9	IRN	イラン	Iran	中東	境界的圧力	停戦維持と制裁回避を優先	代理勢力の抑制度合い調整、輸出迂回維持	外圧下でも供給と治安を守る	不満拡大で強硬派に引っ張られやすい	72.0	86.0	71.0	66.0	70.0	74.0	83.0	32.0	燃料高と物流ロボ格差不安が重なり、職の将来像が曇る
9	ISR	イスラエル	Israel	中東	間接衝突	抑止維持と雇用防衛	同盟とDC防護強化、輸出管理運用	安全と成長投資で雇用の再配置を支える	戦費と分断で再訓練・補助が不足	76.0	63.0	72.0	84.0	79.0	75.0	78.0	29.0	ロボ導入格差と初職不安が重なり将来を悲観しやすい
9	SAU	サウジアラビア	Saudi Arabia	中東	圧力上昇	市場安定と歳入確保	OPEC+は据置寄り、対日供給を優先	市場安定で歳入を守り改革投資を継続	停戦再燃リスクと治安費が重い	64.0	66.0	61.0	39.0	62.0	57.0	71.0	39.0	物価高とロボ導入不安が重なり、将来像が描きにくい
9	EU	欧州連合	European Union	欧州	圧力上昇	規制と再訓練を加速	ロボ導入指針と基金連動、同盟と供給網協議	雇用移行を守り生産性投資で競争力維持	加盟国格差と電力・賃金で摩擦が残る	60.0	57.0	74.0	72.0	73.0	66.0	80.0	36.0	ロボ普及の波が「置換」不安を増幅、進路迷いが強まる
10	USA	アメリカ	United States	北米	境界的圧力	同盟負担と生活費抑制	対日に防衛費・輸出管理・電力/DC投資を再圧力	物価高対策と抑止力を同時に守る	電力・財政・分断で継戦と再分配が衝突	80.0	72.0	86.0	90.0	83.0	81.0	91.0	18.0	物価と雇用不安が重なり、将来設計が短期化して焦りが増す
10	CHN	中国	China	東アジア	境界的圧力	技術主権と雇用を優先	対日重要部材を許認可で調整し牽制	外圧下でも成長と雇用を守る	若年雇用不安と治安コストが重い	92.0	74.0	91.0	90.0	64.0	94.0	92.0	28.0	生活費不安に供給網不安が重なり、学業投資より短期安定へ傾く
10	JPN	日本	Japan	東アジア	境界的圧力	生活費対策を優先維持	資源国と長期契約、同盟で供給網補強	物価高を抑えつつ雇用移行を支える	財政余力が薄く配分の不満が噴出しやすい	64.0	75.0	87.0	70.0	94.0	76.0	92.0	14.0	生活費と将来不安が重なり、挑戦より防衛的選択が増える
10	TWN	台湾	Taiwan	東アジア	境界的圧力	供給安定と抑止維持	米日欧へ供給確約と航路演習を要請	生活費対策を優先しつつ安全を守る	電力・人材・保険料高で増産が硬い	87.0	76.0	84.0	80.0	74.0	89.0	86.0	30.0	物価高と有事不安が重なり将来設計が短期化
10	KOR	韓国	South Korea	東アジア	境界的圧力	生活費抑制と技術防衛	米日と供給網連携、対中審査を維持	物価対策と雇用移行を同時に進める	電力・人材不足で投資と支援が綱引き	66.0	72.0	84.0	76.0	79.0	70.0	87.0	30.0	物価と置換不安が重なり、将来像が曇るが影響は間接
10	PRK	北朝鮮	North Korea	東アジア	境界的圧力	示威継続、誤発は抑制	短距離発射示威と対中露で燃料確保	外圧下でも抑止と配給安定を強調	外貨難で長期対決は不利、失敗は禁物	90.0	63.0	80.0	69.0	62.0	64.0	90.0	32.0	生活費不安に安保警戒が重なり将来像が縮む
10	RUS	ロシア	Russia	ユーラシア	間接衝突	資源と対外圧力で持久	資源輸出条件を硬化し制裁回避網を拡大	生活費は支援しつつ国家防衛を優先	戦費と設備劣化で財政・産業が細る	88.0	86.0	80.0	83.0	72.0	84.0	82.0	30.0	物価高と先行き不透明で将来設計が縮み不安が強まる
10	UKR	ウクライナ	Ukraine	欧州	限定戦争	継戦と復興資金の確保	EU・米へ防空/弾薬と復興融資を追加要請	生活費支援を絞りつつ前線維持優先	支援疲れと人的損耗、財政が限界近い	82.0	67.0	74.0	70.0	80.0	73.0	69.0	30.0	物価不安と戦争長期化で将来設計が保守化、挑戦回避が増える
10	IRN	イラン	Iran	中東	境界的圧力	停戦維持と制裁回避	代理勢力の抑制と航路威嚇を併用	生活費圧力下でも治安と供給を守る	不満拡大で強硬路線に傾きやすい	74.0	88.0	73.0	67.0	72.0	76.0	84.0	30.0	燃料・物価高が続き、若者の家計と将来設計が縮む
10	ISR	イスラエル	Israel	中東	間接衝突	抑止維持と内政沈静	米と停戦監視協議、輸出管理厳格化	生活費対策と安全確保を同時に進める	戦費と物価で給付拡大は限界	74.0	66.0	70.0	85.0	81.0	73.0	79.0	28.0	物価と初職不安が連動し、将来像が縮む
10	SAU	サウジアラビア	Saudi Arabia	中東	圧力上昇	価格安定と体制維持優先	OPEC+は慎重運用、対日長期契約を維持	財政と雇用を守り改革投資を継続する	停戦再燃と治安費、歳入目標が硬い	63.0	68.0	62.0	40.0	63.0	58.0	73.0	38.0	光熱費の重さが将来設計を圧迫。節約疲れが不安を増幅
10	EU	欧州連合	European Union	欧州	圧力上昇	生活費対策と競争力維持	対日も含め供給網協議、対露制裁維持と調達分散	物価高に対処しつつ雇用移行と防衛も守る	加盟国間格差で合意が遅れ、財政と電力が足かせ	61.0	60.0	72.0	70.0	76.0	64.0	78.0	34.0	物価と置換不安が重なり将来像が曇るが、再訓練連携は一部で希望を残す
11	USA	アメリカ	United States	北米	圧力上昇	同盟負担とAI覇権維持	対日で防衛負担・輸出管理・DC投資を要求	同盟で抑止し物価も守ると強調	分断と電力制約で対外強硬が揺れる	68.0	64.0	78.0	86.0	79.0	76.0	84.0	24.0	緊張は少し緩むが、雇用と学び直し不安が残る
11	CHN	中国	China	東アジア	圧力上昇	沈静化演出で主導権維持	演習を縮小しつつ対日重要品許認可で牽制	緊張管理しつつ雇用と安定を守る	景気と若年雇用が脆く強硬一辺倒は困難	78.0	66.0	86.0	88.0	62.0	90.0	84.0	32.0	衝突不安は少し低下も供給網と雇用不安が残り、将来設計は慎重化
11	JPN	日本	Japan	東アジア	圧力上昇	生活費と移行支援を優先	供給網合意更新、資源調達を分散	衝突リスクは低下も備えと支援は継続	財政硬直で配分不満と先送りが増えやすい	56.0	68.0	84.0	66.0	92.0	72.0	88.0	16.0	緊張緩和で恐怖は少し下がるが、将来設計は慎重化が続く
11	TWN	台湾	Taiwan	東アジア	圧力上昇	抑止維持と供給安定	米日欧へ供給計画更新と保険枠支援要請	演習沈静化も備え継続、物価対策は維持	電力・保険料・人材で増産余地が小さい	72.0	66.0	73.0	69.0	70.0	78.0	74.0	34.0	急性不安は弱まるが供給懸念が残り将来像が揺れる
11	KOR	韓国	South Korea	東アジア	圧力上昇	技術防衛と生活安定	米日と供給網連携継続、対中審査は維持	演習沈静化でも油断せず物価と雇用を守る	電力・人材不足で投資優先度が割れる	58.0	64.0	77.0	72.0	76.0	66.0	82.0	34.0	緊張低下で恐怖は緩むが、物価と職の不安が将来像を曇らせる
11	PRK	北朝鮮	North Korea	東アジア	境界的圧力	示威は維持、越境は回避	短距離発射の示威と対中露で燃料確保	敵対環境下でも抑止と配給を守る	外貨難で挑発の失敗は許容不能	86.0	60.0	78.0	68.0	63.0	62.0	88.0	34.0	安保警戒はやや緩むが不安は常態化し希望が細る
11	RUS	ロシア	Russia	ユーラシア	間接衝突	制裁下で資源収入を確保	資源輸出の条件維持と迂回貿易を継続	長期戦を想定し生活支援と動員を両立	戦費・設備劣化で成長余力が縮小	84.0	82.0	78.0	82.0	71.0	83.0	80.0	32.0	物価高と供給不安が続き、将来設計が保守化して不安が残る
11	UKR	ウクライナ	Ukraine	欧州	限定戦争	継戦と復興支援の固定化	EU・米へ防空/弾薬と長期融資枠を要請	長期戦を前提に負担配分と動員を調整	支援疲れ・兵員不足・財政の同時限界	78.0	62.0	68.0	66.0	76.0	69.0	64.0	34.0	戦争長期化観測で物価と雇用不安が残り、若者は挑戦より安全志向へ
11	IRN	イラン	Iran	中東	境界的圧力	停戦維持で制裁回避を優先	代理勢力を抑制しつつ航路で交渉圧力	抑止と統制で生活と治安を守る	不満高止まりで強硬転換の誘惑	70.0	84.0	71.0	65.0	70.0	74.0	82.0	32.0	燃料・物価不安が続き、進学就職の期待が縮む
11	ISR	イスラエル	Israel	中東	境界的圧力	抑止優先で摩擦管理	米と停戦枠維持、輸出管理とサイバー強化	安全最優先で生活防衛も継続する	戦費と物価で財政余地が狭い	70.0	62.0	68.0	83.0	78.0	71.0	76.0	30.0	物価と半導体不安が就職観を冷やし、将来設計が縮む
11	SAU	サウジアラビア	Saudi Arabia	中東	圧力上昇	価格安定で関係維持	OPEC+は中立運用、対日供給は堅持	歳入と改革投資を守り雇用を下支え	停戦再燃リスクと歳入目標が硬い	60.0	64.0	59.0	41.0	61.0	56.0	69.0	40.0	光熱費不安は継続。節約と将来費用の読めなさが不安を残す
11	EU	欧州連合	European Union	欧州	圧力上昇	規制と景気下支え優先	対日で供給網とAI規制協議、対露制裁維持	物価と雇用移行を守りつつ対外支援を継続	加盟国合意が遅く、防衛・産業補助が綱引き	56.0	57.0	69.0	66.0	74.0	60.0	74.0	36.0	地政学の急落は薄れるが、雇用移行と物価不安で将来像が曇る
12	USA	アメリカ	United States	北米	圧力上昇	同盟負担とAI標準主導	対日で人材再訓練協力と規制整合要求	雇用転換を支え同盟で抑止と説明	再訓練財源と分断で強硬一辺倒困難	66.0	61.0	82.0	84.0	80.0	74.0	86.0	22.0	学び直し格差が可視化し焦燥増、将来像が揺れる
12	CHN	中国	China	東アジア	圧力上昇	対日レバー維持し沈静化	演習は抑制し資源・部材で選別圧力	安定最優先、雇用と産業を守る	若年雇用と成長鈍化で強硬限定	74.0	63.0	88.0	86.0	60.0	89.0	82.0	33.0	AI職業教育の競争圧で焦り増。技能格差と雇用不安が将来感を冷やす
12	JPN	日本	Japan	東アジア	圧力上昇	学び直しと生活防衛	職業訓練協力と人材交流を強化	AI教育を拡充し移行支援を厚くする	財源と現場人材不足で格差が出やすい	54.0	63.0	86.0	64.0	94.0	70.0	90.0	14.0	適応できる層は前向き、取り残され不安と焦りが増える
12	TWN	台湾	Taiwan	東アジア	境界的圧力	抑止強化と供給信頼の死守	米日欧へBCP共有、対中抑止連携を拡張	緊張は続くが経済と雇用を守る	電力・保険・人材が増産の上限	74.0	63.0	78.0	71.0	69.0	80.0	77.0	33.0	供給懸念にAI教育格差不安が重なり将来像が曇る
12	KOR	韓国	South Korea	東アジア	圧力上昇	人材再訓練と技術防衛	米日と人材・標準連携、対中審査は維持	AI訓練を拡充し雇用移行と物価を支える	教育改革が遅れ格差と不満が出やすい	57.0	62.0	81.0	73.0	78.0	65.0	84.0	33.0	再訓練競争で焦り増。適応できる層は前向きも二極化
12	PRK	北朝鮮	North Korea	東アジア	境界的圧力	示威維持、偶発戦闘は抑制	短距離示威とサイバーで交渉力を誇示	抑止を強め、配給と統制を守る	外貨・燃料不足で長期対峙は脆い	84.0	61.0	80.0	69.0	64.0	63.0	89.0	33.0	安保不安が学び直し焦りを増幅、将来像が曇る
12	RUS	ロシア	Russia	ユーラシア	間接衝突	制裁下で戦時経済を固定化	資源輸出を梃子に迂回貿易を強化	制裁は長期化、生活支援で耐える	人材流出と設備劣化で成長が鈍化	83.0	80.0	76.0	84.0	72.0	82.0	79.0	31.0	物価・雇用不安にAI学習圧が重なり将来像が縮む
12	UKR	ウクライナ	Ukraine	欧州	限定戦争	継戦維持と動員の最適化	EU・米へ防空/弾薬と訓練・教育支援を要請	教育と復員支援を強化し持久力を確保	支援疲れと兵員・財政の三重制約	79.0	60.0	70.0	65.0	77.0	68.0	66.0	33.0	戦況不安と技能格差の連想で、若者は学び直し焦燥が増す
12	IRN	イラン	Iran	中東	境界的圧力	停戦維持で交渉圧力継続	航路の緊張管理と制裁緩和交渉	抑止を保ち生活防衛を進める	不満と財政制約で強硬派が圧力	72.0	86.0	73.0	66.0	72.0	76.0	83.0	30.0	燃料高と不安が続き、AI学び直し格差で将来像が揺れる
12	ISR	イスラエル	Israel	中東	境界的圧力	抑止維持と内政沈静化	停戦枠を死守しつつ対サイバー抑止を強化	安全確保と物価対策を同時に進める	戦費・分断で教育投資が後回しになりがち	72.0	64.0	70.0	84.0	80.0	73.0	78.0	29.0	AI技能格差の不安が増幅し、学び直し圧で将来像が揺れる
12	SAU	サウジアラビア	Saudi Arabia	中東	圧力上昇	価格安定と投資継続	OPEC+で急騰抑制、対日供給を優先維持	歳入を確保し改革と雇用を守る	停戦再燃と歳入目標で柔軟性が小さい	58.0	62.0	57.0	43.0	60.0	54.0	67.0	41.0	光熱費と学び直し負担が重なり、将来像が揺れる
12	EU	欧州連合	European Union	欧州	圧力上昇	規制順守と移行支援を急ぐ	対日で職業訓練・AI規制整合を協議	技能移行を支え競争力と雇用を守る	加盟国合意が遅く補助金配分が難航	55.0	54.0	73.0	65.0	75.0	59.0	76.0	34.0	技能格差の焦りが増え、将来設計が揺れるが一部は前向き
13	USA	アメリカ	United States	北米	圧力上昇	同盟負担維持と対中抑止	対日で防衛分担とAI/医療人材連携を要求	同盟強化で抑止し雇用転換も進める	国内分断と財源制約で対外負担増に限界	64.0	58.0	84.0	83.0	82.0	72.0	88.0	20.0	介護負担増で学び直し・就労不安が重なり将来像が曇る
13	CHN	中国	China	東アジア	境界的圧力	対日選別圧力で主導権維持	レアアース・部材で選別圧力、対話は継続	安定と雇用を守り外圧に耐える	若年雇用と成長鈍化で強硬は限定	76.0	64.0	90.0	87.0	61.0	90.0	84.0	31.0	介護負担の不安に加え供給不安が重なり、若者の将来感が冷える
13	JPN	日本	Japan	東アジア	境界的圧力	介護危機に備え再配分	介護・医療AIと人材受入で連携拡大	介護逼迫に備え支援と生産性投資を両立	増税回避と現場不足で対症療法化	56.0	60.0	88.0	66.0	96.0	71.0	92.0	12.0	家族ケア負担で将来設計が縮み、焦りと離職不安が増える
13	TWN	台湾	Taiwan	東アジア	境界的圧力	抑止継続と供給安定を優先	対日で人材・BCP連携を更新し供給安定示す	緊張下でも雇用と産業基盤を守る	電力・人材制約で増産余力は限定的	76.0	64.0	80.0	73.0	70.0	82.0	79.0	31.0	介護不安と供給懸念が重なり将来設計が保守化
13	KOR	韓国	South Korea	東アジア	圧力上昇	人材確保と技術防衛を優先	半導体人材囲い込みと対日供給は維持	医療・介護含め再配置を急ぎ成長を守る	介護逼迫で若者不満、財政配分が難しい	58.0	60.0	74.0	69.0	76.0	63.0	82.0	32.0	介護負担と雇用再編が同時進行し将来像が揺れる
13	PRK	北朝鮮	North Korea	東アジア	境界的圧力	示威継続、偶発は回避	短距離発射示威と対日サイバー誇示	外部脅威に備え結束と統制を強化	燃料・外貨不足で長期対峙に限界	86.0	63.0	83.0	70.0	67.0	64.0	91.0	31.0	安保不安に介護負担が重なり、将来設計が縮む
13	RUS	ロシア	Russia	ユーラシア	間接衝突	資源と情報で対外圧力	資源供給条件を硬化し迂回貿易を拡張	長期対立に備え戦時経済を維持する	装備劣化と人材流出で持久に限界	84.0	82.0	74.0	85.0	73.0	83.0	81.0	30.0	介護不安に物価高が重なり、将来設計が短期化する
13	UKR	ウクライナ	Ukraine	欧州	限定戦争	継戦と支援持久の確保	防空・弾薬と復興資金の追加枠を要請	長期戦に備え社会機能を守る	支援疲れと動員・財政が限界	80.0	58.0	74.0	64.0	79.0	67.0	70.0	30.0	介護不安に戦争由来の物価・不確実性が重なり将来観が曇る
13	IRN	イラン	Iran	中東	境界的圧力	停戦維持し制裁緩和を探る	航路の示威と対話を併走、資金確保	抑止を保ち生活と雇用を守る	財政難と強硬派圧力で譲歩が難しい	74.0	88.0	74.0	67.0	73.0	77.0	85.0	28.0	燃料高が家計と介護負担に直撃、将来不安が増幅
13	ISR	イスラエル	Israel	中東	境界的圧力	停戦維持と技術防衛	対サイバー抑止強化と重要技術の輸出管理	安全確保を優先しつつ生活コストを抑える	戦費と分断で若者・福祉投資が伸びない	74.0	66.0	72.0	86.0	82.0	76.0	81.0	27.0	介護負担不安に加え、計算資源不安で将来設計が曇る
13	SAU	サウジアラビア	Saudi Arabia	中東	圧力上昇	価格安定優先で対日維持	OPEC+で増産余地示し、対日契約を優先	価格の急変を抑え歳入と改革を守る	停戦再燃リスクと歳入目標で減産圧力	60.0	64.0	58.0	43.0	63.0	55.0	69.0	39.0	光熱費高止まりが介護負担の不安と重なり、将来像が曇る
13	EU	欧州連合	European Union	欧州	圧力上昇	規制整合と労働移行を優先	対日でAI規制整合と介護DX協力を提案	公正な規制で雇用と安全を両立する	加盟国合意と財源配分が遅れがち	56.0	52.0	78.0	66.0	76.0	60.0	77.0	33.0	介護負担と技能転換の焦りが増え将来不安が強まる
14	USA	アメリカ	United States	北米	圧力上昇	同盟要求を保ちつつ供給安定	対日で防衛分担と先端半導体の優先枠を調整	同盟で抑止し供給網を立て直し物価を抑える	国内分断と選挙圧力で負担増は出しにくい	63.0	56.0	80.0	74.0	79.0	62.0	84.0	26.0	計算資源不安は少し緩むが雇用不安が残り将来像は霧がち
14	CHN	中国	China	東アジア	境界的圧力	対日選別圧力を維持	部材は選別、先端品は迂回調達拡大	雇用と産業を守り外圧に対抗する	成長鈍化で強硬は長期維持困難	74.0	60.0	86.0	78.0	58.0	82.0	80.0	35.0	供給不安はやや緩むが雇用不安が残り未来感は冷え気味
14	JPN	日本	Japan	東アジア	圧力上昇	財政制約下で不安沈静化	先端半導体は同盟連携、汎用品は調達多元化	供給回復を活かし物価と雇用の不安を抑える	増税回避で支援が薄く、現場不足も残る	52.0	57.0	81.0	54.0	94.0	58.0	86.0	15.0	半導体不安は少し和らぐが、家計と雇用の先行き不安が残る
14	TWN	台湾	Taiwan	東アジア	境界的圧力	抑止維持と供給回復の両立	対日で先端品の優先枠とBCP訓練を強化	緊張下でも産業と雇用を守り供給回復を進める	電力・人材がボトルネックで回復は段階的	74.0	60.0	72.0	64.0	68.0	70.0	74.0	34.0	供給回復で焦りは弱まるが、有事不安が進路選択を慎重化
14	KOR	韓国	South Korea	東アジア	圧力上昇	供給安定と技術防衛を両立	先端品は囲い込み、対日は汎用品供給を維持	供給は戻るが競争は続く、雇用転換を支援	若者雇用と対北備えで予算配分が硬直	57.0	58.0	68.0	61.0	74.0	54.0	78.0	35.0	供給回復で不安は少し緩むが、競争激化観測で将来像は揺れる
14	PRK	北朝鮮	North Korea	東アジア	境界的圧力	示威は継続、偶発回避	短距離発射の示威とサイバー撹乱を継続	外部脅威に備え結束と統制を維持	燃料・外貨不足で長期対峙は厳しい	84.0	61.0	81.0	65.0	66.0	60.0	89.0	33.0	安保不安は続くが、半導体の一部回復で悲観が少し緩む
14	RUS	ロシア	Russia	ユーラシア	間接衝突	資源条件で圧力維持	資源供給は条件硬化し迂回貿易を継続	包囲に耐え戦時経済で安定を守る	人材流出と装備劣化で長期戦が重い	82.0	79.0	72.0	78.0	71.0	76.0	79.0	34.0	物価と地政学不安は残るが、調達改善で悲観が少し薄れる
14	UKR	ウクライナ	Ukraine	欧州	限定戦争	継戦維持と支援疲れ対処	防空・弾薬を優先要請し復興枠も死守	防衛を優先しつつ社会機能を維持する	動員・財政と支援疲れで選択肢が狭い	82.0	56.0	73.0	58.0	80.0	62.0	69.0	31.0	戦争長期化の不確実性は残るが供給網改善で悲観がやや緩む
14	IRN	イラン	Iran	中東	境界的圧力	停戦維持と対外取引拡大	航路の示威を抑え交渉と取引を加速	抑止を保ち物価と雇用を守る	制裁・財政難と強硬派で妥協が狭い	70.0	84.0	70.0	61.0	71.0	72.0	82.0	30.0	燃料高と報道で不安が続くが半導体は一部緩和
14	ISR	イスラエル	Israel	中東	境界的圧力	停戦継続と技術防衛	輸出管理を維持し代替調達網を拡張	安全確保を軸に生活コスト抑制を続ける	戦費と分断で若者投資が後回し	70.0	62.0	69.0	78.0	80.0	68.0	77.0	31.0	計算資源不安はやや緩むが、物価と雇用不安が残る
14	SAU	サウジアラビア	Saudi Arabia	中東	圧力上昇	価格安定で対日関係維持	OPEC+で微調整し対日長期契約を優先	歳入確保と改革継続のため価格を安定化	停戦再燃と財政計画で増産は限定的	58.0	61.0	56.0	39.0	62.0	52.0	66.0	40.0	物価高の継続感が将来設計を鈍らせ、不安がSNSで増幅
14	EU	欧州連合	European Union	欧州	圧力上昇	規制整合と産業防衛を両立	対日でAI規制整合と半導体調達連携を促進	競争力と公正を守り雇用移行を支える	加盟国利害と産業保護で意思決定が遅い	54.0	49.0	74.0	58.0	73.0	54.0	72.0	36.0	計算資源不安は少し緩むが職の先行き不安は残る
15	USA	アメリカ	United States	北米	圧力上昇	同盟維持とAI覇権を優先	対日で防衛分担と先端輸出管理を継続	同盟で抑止し雇用と物価を守る	選挙・分断で負担転嫁は限定的	64.0	57.0	82.0	72.0	81.0	63.0	88.0	24.0	情報回避が増え、就職不安だけ残り未来像が薄れる
15	CHN	中国	China	東アジア	境界的圧力	対日圧力は選別し継続	重要部材は握り、民生は供給安定化	外圧下でも雇用と産業を守る	景気鈍化で強硬一辺倒は難しい	76.0	58.0	84.0	79.0	60.0	80.0	68.0	33.0	情報回避が進み不安が鈍化する一方、停滞感が残り将来像は描きにくい
15	JPN	日本	Japan	東アジア	圧力上昇	不安疲れ抑え優先配分	同盟協議で半導体・燃料の調達安定化	危機情報は整理し生活と雇用を守る	財政余力が薄く若者策が先送り	54.0	56.0	80.0	55.0	95.0	57.0	88.0	14.0	情報回避が増え将来像が霞むが、支援可視化で緩和
15	TWN	台湾	Taiwan	東アジア	境界的圧力	抑止維持と生産優先	対日BCPと優先供給枠を継続・拡大	緊張下でも雇用と輸出の安定を守る	電力・人材不足で増産は限定的	76.0	61.0	74.0	66.0	69.0	72.0	70.0	33.0	情報回避で不安は麻痺するが、将来像は慎重化し停滞感が残る
15	KOR	韓国	South Korea	東アジア	圧力上昇	技術防衛と安定供給	対米協調で先端囲い込み、対日供給維持	雇用転換と安全保障を同時に進める	若者不満と対北備えで歳出が硬直	60.0	57.0	71.0	63.0	76.0	53.0	70.0	33.0	情報回避で不安は表面上鈍るが、将来像の空白感が増す
15	PRK	北朝鮮	North Korea	東アジア	境界的圧力	示威継続、心理戦重視	短距離示威とサイバーで揺さぶる	包囲に対抗し結束と統制を強化	燃料・外貨不足で長期挑発は困難	86.0	60.0	79.0	66.0	67.0	61.0	92.0	31.0	不安情報が多すぎ情報回避が増え、将来像が縮む
15	RUS	ロシア	Russia	ユーラシア	間接衝突	資源と戦線で圧力維持	資源供給は条件硬化し迂回貿易を継続	包囲下でも戦時経済で安定を守る	長期戦コストと人材流出が限界	83.0	77.0	73.0	79.0	72.0	75.0	76.0	33.0	情報回避が増え不安は鈍化するが、諦念と閉塞感が残る
15	UKR	ウクライナ	Ukraine	欧州	限定戦争	継戦維持と支援再編	防空・弾薬を最優先要請し復興枠も確保	耐久戦でも社会機能を守り復興準備を進める	動員疲れと財政逼迫、支援疲れが最大制約	83.0	58.0	74.0	60.0	81.0	63.0	76.0	29.0	不安情報が長期化し回避・諦念が増え、将来像が描きにくい
15	IRN	イラン	Iran	中東	境界的圧力	停戦維持、示威は抑制	航路は管理下で圧力、取引窓口を拡大	抑止は保つ、生活安定を最優先	制裁・強硬派・財政で譲歩が狭い	68.0	82.0	69.0	63.0	72.0	70.0	76.0	28.0	燃料高は続く一方、情報回避で不安は鈍化し諦めが増える
15	ISR	イスラエル	Israel	中東	境界的圧力	停戦維持と防衛優先	輸出管理を維持し供給網を多重化	抑止を保ちつつ生活負担を抑える	戦費と分断で投資余力が細る	68.0	60.0	66.0	75.0	79.0	67.0	72.0	33.0	危機疲れで情報回避が増え、将来像が描きにくい
15	SAU	サウジアラビア	Saudi Arabia	中東	圧力上昇	価格安定と対日供給優先	OPEC+は小幅維持、対日契約の安定供給を強調	歳入と改革を守りつつ市場の過度な変動を抑える	停戦再燃リスクと治安費で増産余地は小さい	60.0	58.0	54.0	40.0	61.0	51.0	63.0	41.0	情報回避で不安が鈍化する一方、物価の重さが将来像を曇らせる
15	EU	欧州連合	European Union	欧州	圧力上昇	規制整合と景気下支え	対日でAI規制整合と供給網協力を進める	不安情報を抑えつつ雇用移行と物価対策を継続	加盟国選挙と産業保護で合意が遅れがち	56.0	51.0	70.0	54.0	72.0	52.0	60.0	38.0	情報回避が進み体感不安は残るが、資源不安はやや緩む
16	USA	アメリカ	United States	北米	圧力上昇	同盟負担増と技術囲い込み	対日で防衛分担増と輸出管理順守を要求	同盟で抑止と雇用を守り対中優位を維持	財政赤字と分断で海外負担に限界	66.0	58.0	84.0	75.0	86.0	67.0	90.0	20.0	増税観測と将来不安が強まり挑戦回避が増える
16	CHN	中国	China	東アジア	境界的圧力	対日圧力を選別し梃子化	重要部材は許認可で調整、協力枠も提示	外圧に耐え産業と雇用を守る	景気鈍化で強硬の持久は難しい	78.0	57.0	86.0	81.0	66.0	83.0	70.0	29.0	財政不安と供給不透明で、挑戦より安定志向が強まる
16	JPN	日本	Japan	東アジア	圧力上昇	更新投資と生活防衛の両立	同盟協議で燃料・資材調達を平準化	更新は先送りせず生活不安も抑える	更新費が重なり裁量が極小	56.0	58.0	78.0	54.0	97.0	60.0	90.0	12.0	将来投資と生活防衛の板挟みが可視化し、希望が削れやすい
16	TWN	台湾	Taiwan	東アジア	境界的圧力	抑止継続と供給優先	対日BCPを更新し供給配分の透明化	緊張下でも雇用と輸出の安定を守る	電力制約と防衛負担で増産余地が薄い	78.0	63.0	76.0	68.0	72.0	75.0	73.0	30.0	財政不安が重なり将来設計が縮む。安定志向が強まる
16	KOR	韓国	South Korea	東アジア	圧力上昇	供給維持と雇用安定	対米協調で先端管理、対日供給は条件付き維持	安保と産業を守り雇用転換を急ぐ	若者不満と対北備えで予算が硬直	63.0	58.0	74.0	66.0	79.0	56.0	72.0	31.0	財政不安と雇用変動で将来像が曇り、慎重化が進む
16	PRK	北朝鮮	North Korea	東アジア	境界的圧力	示威継続、取引余地探る	短距離発射準備とサイバーで牽制	対外包囲に屈せず統制と動員を強化	燃料・外貨不足で挑発は頻度制限	88.0	62.0	81.0	68.0	74.0	63.0	93.0	26.0	安全不安と財政不安が重なり、将来設計を先送りしがち
16	RUS	ロシア	Russia	ユーラシア	間接衝突	戦時継続で圧力維持	資源価格で主導権を取り迂回取引を拡大	制裁下でも安定と安全を守り抜く	動員疲労と投資不足で継戦が重い	84.0	79.0	75.0	81.0	78.0	77.0	74.0	27.0	物価と将来不安が強まり、挑戦より防衛的選択が増える
16	UKR	ウクライナ	Ukraine	欧州	限定戦争	支援維持へ優先度再提示	防空・弾薬を優先要請し復興は段階化	前線維持と社会機能を同時に守る	支援疲れと財政逼迫、動員疲労が痛い	84.0	57.0	76.0	61.0	86.0	64.0	78.0	25.0	財政不安と戦争長期化で、挑戦より回避が強まる
16	IRN	イラン	Iran	中東	境界的圧力	停戦維持しつつ交渉優位確保	海上リスクを示唆しつつ取引窓口拡大	抑止を保ち生活物価の悪化を抑える	制裁と財政難で譲歩余地が狭い	70.0	85.0	71.0	64.0	78.0	72.0	77.0	24.0	財政不安と燃料高が重なり将来像が縮みやすい
16	ISR	イスラエル	Israel	中東	境界的圧力	抑止維持と内政沈静	停戦枠を維持しつつ監視・サイバー強化	脅威は継続、生活費対策も継続	戦費と分断で財政余力が縮む	66.0	57.0	64.0	74.0	81.0	65.0	70.0	31.0	海外不安と物価観測で将来設計が短期化しがち
16	SAU	サウジアラビア	Saudi Arabia	中東	圧力上昇	価格安定と歳入確保	OPEC+は現状維持寄り、対日長期契約を強調	市場安定で歳入を守り改革投資を継続	停戦再燃と治安費で増産は限定的	61.0	57.0	55.0	41.0	66.0	52.0	64.0	37.0	更新費と物価が重なり、将来不安がじわり増す
16	EU	欧州連合	European Union	欧州	圧力上昇	規制整合と景気下支え	対日で規制整合と供給網・インフラ協力	雇用移行と物価対策を継続し分断を抑える	加盟国財政と選挙で合意が遅れやすい	57.0	50.0	69.0	53.0	78.0	51.0	61.0	33.0	国内インフラ不安で将来像が曇り、節約・就活慎重化が進む
17	USA	アメリカ	United States	北米	圧力上昇	同盟維持とAI統制強化	対日で防衛負担と輸出管理順守を再要求	AI利益の偏り是正で雇用と中間層を守る	反企業感情と分断で対外負担に限界	68.0	60.0	86.0	78.0	88.0	70.0	92.0	18.0	雇用不安と増税観測が強まり、将来への投資を控える
17	CHN	中国	China	東アジア	境界的圧力	対外圧力と再分配を併用	対日輸出許認可を絞りつつ対話枠提示	利益集中を是正し雇用と安定を守る	景気鈍化で強硬一辺倒は続かない	80.0	56.0	88.0	83.0	67.0	85.0	74.0	27.0	将来不安と就職慎重化が強まり、挑戦投資が萎む
17	JPN	日本	Japan	東アジア	圧力上昇	利益偏在に制度補強	同盟国とAI課税・競争政策の整合を探る	集中是正と雇用移行を同時に進める	財政逼迫で再分配は限定、反発も怖い	58.0	57.0	82.0	55.0	96.0	62.0	93.0	10.0	『報われない』感が増幅。移行支援が弱いと将来観が急落
17	TWN	台湾	Taiwan	東アジア	境界的圧力	抑止維持と分配配慮	対日供給優先枠を再確認し発信	利益集中是正と雇用安定を両立	増産余地薄く政治不信も警戒	80.0	62.0	79.0	70.0	73.0	78.0	77.0	28.0	供給不安と格差論が重なり、将来像が縮む
17	KOR	韓国	South Korea	東アジア	圧力上昇	雇用防波堤と技術主権	対米協調で先端規制対応、対日供給は選別	利益集中是正と雇用転換で安定を守る	財政は硬く、若者不満が政権コスト化	61.0	57.0	76.0	65.0	81.0	58.0	78.0	30.0	雇用不安とSNS不信が波及し、将来設計が保守化
17	PRK	北朝鮮	North Korea	東アジア	境界的圧力	示威で取引余地確保	短距離発射示唆とサイバーで牽制	外圧に備え結束と統制を強化	外貨・燃料不足で挑発は限定	90.0	63.0	83.0	70.0	76.0	64.0	95.0	24.0	安全不安と利益集中批判が連動し、将来像が曇る
17	RUS	ロシア	Russia	ユーラシア	間接衝突	制裁下で資源と情報戦を強化	資源輸出を調整し迂回取引と宣伝戦を拡大	外圧に屈せず秩序と雇用を守る	戦費と動員疲労、技術不足が重荷	86.0	82.0	79.0	83.0	80.0	79.0	82.0	24.0	利得集中不信と物価不安が重なり将来観が硬直化
17	UKR	ウクライナ	Ukraine	欧州	限定戦争	支援維持と戦時経済の立て直し	欧米へ防空・弾薬優先を再要請、復興は最小稼働	耐久戦でも社会機能と分配を守る	支援疲れと格差不満、動員限界が制約	86.0	60.0	78.0	63.0	88.0	66.0	82.0	23.0	戦争長期化とAI格差論が重なり、将来が縮む感覚が増す
17	IRN	イラン	Iran	中東	境界的圧力	停戦維持で交渉優位	航路安全と原油供給で圧力示唆	外圧下でも生活と尊厳を守る	制裁と物価で不満が噴出しやすい	72.0	88.0	74.0	66.0	80.0	73.0	82.0	22.0	燃料高と雇用不安に格差批判が重なり悲観増幅
17	ISR	イスラエル	Israel	中東	境界的圧力	治安維持と技術優位死守	同盟協議で制裁回避・供給網を再編	安全と成長を守り格差不満に対処	戦費と分断で再分配は限定的	68.0	59.0	66.0	76.0	83.0	67.0	74.0	29.0	利益集中批判が雇用不安と制度不信を増幅し将来観が曇る
17	SAU	サウジアラビア	Saudi Arabia	中東	圧力上昇	原油安定と体制防衛	OPEC+は慎重運用、対日供給は履行を強調	市場安定で歳入確保、改革と雇用を守る	停戦再燃リスクと治安費で増産余地が小さい	63.0	58.0	57.0	41.0	67.0	53.0	68.0	36.0	物価と雇用不安に企業批判が重なり、若者の先行き不信が強まる
17	EU	欧州連合	European Union	欧州	圧力上昇	規制と再分配で不信抑制	AI課税・競争強化を提案し対日整合要請	利益集中を是正し雇用移行と物価対策を守る	加盟国合意が遅く企業反発で妥協しがち	58.0	49.0	73.0	55.0	81.0	52.0	66.0	32.0	“努力しても報われない”感が増え転職・起業が慎重化
18	USA	アメリカ	United States	北米	圧力上昇	同盟負担増とAI優位維持	対日で防衛費増・輸出管理厳守を再要求	同盟強化と産業保護で雇用と安全を守る	分断と生活費で対外支出に上限	70.0	58.0	84.0	80.0	90.0	72.0	93.0	16.0	住居不安が政治化し、増税と雇用不安が重なり将来観が冷える
18	CHN	中国	China	東アジア	境界的圧力	対日圧力を微調整し主導権確保	輸出許認可を選別、対話枠は維持	雇用と物価を守り外圧に対処する	景気鈍化で過度な強硬は逆流	82.0	57.0	90.0	85.0	69.0	87.0	78.0	24.0	住居不安と景気不透明が重なり将来像が縮む
18	JPN	日本	Japan	東アジア	圧力上昇	住居不安に集中対策	同盟国と生活コスト協力、資源調達分散	住まいの不安を最優先で支え、移行も進める	財政余力が薄く住居支援と防衛費が競合	60.0	58.0	80.0	54.0	97.0	63.0	95.0	12.0	家が足場にならず将来設計が縮む。支援の見え方が鍵
18	TWN	台湾	Taiwan	東アジア	境界的圧力	抑止と民生の同時維持	対日供給枠を再発信し在庫連携を強化	安全と生活基盤を同時に守る	供給余力乏しく民生負担が増す	82.0	63.0	81.0	72.0	76.0	80.0	79.0	26.0	住居不安と供給不安が重なり将来設計が縮む
18	KOR	韓国	South Korea	東アジア	圧力上昇	住居不安の火消し優先	対米協調で先端規制順守、対日供給は条件付	住居費対策と雇用転換で生活基盤を守る	住宅・防衛・産業支援が財政で食い合う	63.0	56.0	74.0	66.0	82.0	60.0	79.0	29.0	住居不安と雇用不透明が連鎖し挑戦回避が強まる
18	PRK	北朝鮮	North Korea	東アジア	境界的圧力	示威と対話窓口を併走	発射準備の誇示と限定サイバーで牽制	敵対勢力に備え結束と統制を強化	燃料と外貨不足で挑発の頻度は抑制	88.0	58.0	80.0	72.0	74.0	62.0	93.0	26.0	安全不安が住居不安の政治争点と結び、将来設計が萎む
18	RUS	ロシア	Russia	ユーラシア	間接衝突	制裁下で資源と情報戦を継続	資源輸出を絞り迂回取引と圧力を強化	長期戦でも雇用と秩序を守ると強調	戦費負担と動員疲労、技術調達難	87.0	83.0	80.0	84.0	81.0	80.0	84.0	23.0	住居不安に物価高が重なり、将来設計が縮む
18	UKR	ウクライナ	Ukraine	欧州	限定戦争	支援確保と動員負荷の抑制	欧州・米へ防空弾薬を優先要請、停戦枠も探る	戦線維持と生活防衛を同時に進める	支援疲れと財政逼迫、動員の限界が痛い	84.0	58.0	77.0	62.0	86.0	65.0	81.0	22.0	住居不安の争点化に、戦争長期化の先行き不安が重なり将来像が縮む
18	IRN	イラン	Iran	中東	境界的圧力	停戦維持で交渉圧力	航路示威と供給調整を示唆し交渉迫る	外圧に屈せず生活と主権を守る	制裁と物価で抗議再燃が怖い	74.0	90.0	77.0	68.0	82.0	76.0	85.0	20.0	燃料高が家計と家賃不安を刺激し将来悲観が増幅
18	ISR	イスラエル	Israel	中東	境界的圧力	抑止維持と経済防衛	同盟と連携しサイバー防衛・輸出管理	安全保障優先、生活負担は限定支援	戦費と分断で財政配分が硬直	70.0	61.0	69.0	78.0	84.0	68.0	77.0	27.0	外部不確実性が住居不安の怒りを増幅し、将来設計を先送りさせる
18	SAU	サウジアラビア	Saudi Arabia	中東	圧力上昇	原油安定で歳入と体制維持	OPEC+調整で価格安定、対日供給履行を強調	市場安定で歳入確保、改革と雇用を守る	停戦再燃と治安費で増産余地が小さい	64.0	60.0	58.0	41.0	69.0	54.0	72.0	34.0	光熱費由来の住居不安が争点化し、若者の将来設計が萎む
18	EU	欧州連合	European Union	欧州	圧力上昇	規制整合と産業防衛を優先	AI規制適合と調達基準の対日要請強化	雇用と安全を守るため市場ルールを整える	加盟国分裂と住宅不満で対外強硬に傾く	60.0	53.0	77.0	57.0	83.0	55.0	70.0	30.0	住居不安と雇用不安が重なり将来設計が縮む
19	USA	アメリカ	United States	北米	圧力上昇	対話支持も同盟負担を維持	対日で防衛・輸出管理順守を継続要請	対話を活かし抑止と雇用を同時に守る	財政と世論で対外負担の増額は限定的	60.0	54.0	78.0	76.0	88.0	70.0	90.0	18.0	緊張は小幅に緩むが、負担増期待が残り将来不安は続く
19	CHN	中国	China	東アジア	圧力上昇	対話維持で対日圧力を選別	対話枠を活用しつつ輸出許認可を調整	緊張を管理し雇用と安定を守る	強硬は景気悪化と投資離れを招く	76.0	54.0	86.0	82.0	66.0	83.0	74.0	28.0	緊張は小緩和も、仕事と技術不安が残り将来像が曇る
19	JPN	日本	Japan	東アジア	圧力上昇	対話で緊張緩和、内政優先	対話枠を維持し資源調達と技術連携を分散	緊張は一部緩むが、生活不安と雇用移行を支える	財政逼迫で住居・若者支援と防衛費が競合	54.0	52.0	78.0	56.0	95.0	58.0	88.0	14.0	対外不安は少し下がるが、仕事と住まい不安で未来像が揺れる
19	TWN	台湾	Taiwan	東アジア	境界的圧力	対話活用し抑止と供給維持	対話を梃子に危機管理線を再確認、対日供給枠を条件付き明確化	対話で緊張は下げつつ、備えと産業基盤を守る	分断は続き、供給と防衛の両立が限界近い	78.0	60.0	74.0	68.0	72.0	76.0	73.0	30.0	対話で急落不安は緩むが、供給条件化が将来設計を揺らす
19	KOR	韓国	South Korea	東アジア	圧力上昇	対話で緊張緩和、技術守る	対話枠組み維持、対日供給は精査継続	対話を梃に危機を抑え雇用転換を進める	半導体競争と世論分断で譲歩が難しい	57.0	52.0	66.0	61.0	79.0	56.0	73.0	34.0	軍事不安は少し緩むが、就活と物価の先行き不安が残る
19	PRK	北朝鮮	North Korea	東アジア	圧力上昇	対話を利用し示威は抑制	対話参加を演出しつつ短距離戦力を誇示	対話は主導権確保、警戒と結束を維持	燃料・外貨難で大規模挑発は損得悪化	82.0	54.0	74.0	68.0	71.0	59.0	89.0	32.0	緊張は少し緩むが周期的不安が残り挑戦意欲が揺れる
19	RUS	ロシア	Russia	ユーラシア	境界的圧力	対話を利用し制裁回避を継続	対話再開を歓迎しつつ資源取引を選別	対外圧力下でも秩序と雇用を守る	戦費と動員疲労、先端技術調達難	82.0	76.0	74.0	82.0	78.0	75.0	80.0	28.0	緊張緩和で恐怖は減るが物価と将来不安は残る
19	UKR	ウクライナ	Ukraine	欧州	限定戦争	防空優先で支援継続を固める	欧米へ弾薬・防空の前倒し供与を要請	戦線維持を軸に生活支援も最小限守る	支援疲れと動員限界、財政の糊代が薄い	82.0	56.0	76.0	63.0	85.0	64.0	79.0	26.0	対話再開で極端な不安は減るが、戦争長期化が将来設計を曇らせる
19	IRN	イラン	Iran	中東	境界的圧力	停戦維持で対外交渉を強める	航路示威は抑えつつ供給調整を示唆	外圧に屈せず生活と主権を守る	物価と制裁で抗議再燃が怖い	70.0	86.0	74.0	66.0	80.0	72.0	82.0	24.0	燃料高と物流不安が家計直撃、将来設計が萎む
19	ISR	イスラエル	Israel	中東	間接衝突	抑止維持と技術防衛	米国と協調し輸出管理・サイバー連携強化	安全優先、物価には限定的に支援	戦費と分断で財政配分が硬直	66.0	58.0	63.0	76.0	82.0	66.0	74.0	29.0	技術分断が進路不安を長引かせ、挑戦より防衛的選択が増える
19	SAU	サウジアラビア	Saudi Arabia	中東	圧力上昇	供給安定で歳入と体制維持	OPEC+で小幅調整、対日供給安定を優先	価格安定で改革資金と雇用を守る	停戦再燃と治安費で増産余力が限定	58.0	57.0	55.0	42.0	66.0	52.0	69.0	36.0	物価不安は続くが緊張緩和で心理はやや落ち着く
19	EU	欧州連合	European Union	欧州	圧力上昇	規制整合と景気下支え	対日でAI規制整合と調達透明性を要請	雇用と安全を守るため競争ルールを徹底	加盟国温度差で強硬と緩和が揺れる	56.0	50.0	66.0	55.0	78.0	52.0	63.0	36.0	規制対応負担が進路不安を押すが緊張緩和で悪化は鈍る
20	USA	アメリカ	United States	北米	圧力上昇	同盟負担とAI規律を要求	対日で防衛分担と輸出管理順守を再要請	雇用と安全を守るため同盟調整を進める	国内分断と財政で追加関与は抑制的	63.0	56.0	80.0	78.0	89.0	71.0	92.0	17.0	進路不安が増幅。計算資源格差が努力の見通しを曇らせる
20	CHN	中国	China	東アジア	境界的圧力	対日依存を揺さぶり交渉有利	重要素材・部材の審査厳格化と対話窓口維持	外部圧力に備え産業と雇用を守る	景気減速で強硬一辺倒は続けにくい	79.0	56.0	88.0	85.0	68.0	86.0	78.0	25.0	学校AI格差が“機会の不平等”感を増幅し、就職と学び直し不安が強まる
20	JPN	日本	Japan	東アジア	圧力上昇	教育AI格差を緊急是正	同盟国と教育AI・端末調達を共同化	学びの機会均等を守り移行期を支える	財政逼迫で給付・防衛・教育が競合	55.0	51.0	82.0	58.0	96.0	60.0	92.0	12.0	進路不安が増幅。支援が見えぬと諦めが強まる
20	TWN	台湾	Taiwan	東アジア	境界的圧力	供給維持を梃子に抑止強化	対日供給の優先枠を更新、危機連絡を強化	抑止と産業稼働を守り生活不安を抑える	電力・人材・防衛が同時逼迫、余力薄い	76.0	61.0	78.0	70.0	73.0	79.0	80.0	28.0	学校AI格差と供給不安が重なり、将来像が二極化する
20	KOR	韓国	South Korea	東アジア	圧力上昇	技術防衛と雇用防波堤	対米協調で対中規制順守、対日供給は選別	技術競争下でも雇用と教育再訓練を優先する	世論分断で譲歩困難、対外依存も残る	58.0	50.0	70.0	64.0	81.0	57.0	78.0	32.0	学校AI格差が就活不安を増幅、半導体制約が将来像を曇らせる
20	PRK	北朝鮮	North Korea	東アジア	圧力上昇	示威を散発し対話も残す	短距離発射で存在誇示、対話窓口維持	包囲下でも自力更生、警戒と結束を強化	燃料・外貨不足で大規模挑発は高コスト	84.0	56.0	76.0	69.0	72.0	60.0	90.0	31.0	安全保障不安が増幅。AI格差不安と重なり将来像が曇る
20	RUS	ロシア	Russia	ユーラシア	境界的圧力	資源収入を守り圧力維持	資源輸出を選別し制裁回避網を拡張	長期戦でも雇用と物価を守ると強調	戦費・動員疲労と先端調達難が重い	84.0	78.0	72.0	83.0	77.0	74.0	82.0	27.0	物価高と供給不安が続き、学習AI格差が将来不安を増幅
20	UKR	ウクライナ	Ukraine	欧州	限定戦争	防空と復興線を同時維持	欧州・米へ防空と財政支援の継続を要請	戦線維持と復興準備を同時に進める	動員疲れと資金不足、支援減が怖い	81.0	57.0	78.0	64.0	86.0	65.0	82.0	25.0	戦争長期化に加え教育AI格差が進路不安を増幅
20	IRN	イラン	Iran	中東	境界的圧力	停戦維持で制裁緩和を狙う	航路示威は抑えつつ供給調整カードを残す	外圧下でも物価抑制と主権を守る	物価高と失業で抗議再燃が最大の懸念	68.0	84.0	76.0	64.0	79.0	71.0	86.0	23.0	燃料高と物流不安にAI格差不安が重なり将来像が曇る
20	ISR	イスラエル	Israel	中東	間接衝突	抑止継続と技術囲い込み	米欧と輸出管理・サイバー連携を強化	安全優先、技術優位を守り雇用を確保	戦費と分断で教育投資が後回し	67.0	56.0	64.0	79.0	84.0	68.0	78.0	27.0	学校のAI格差に「努力で埋まらない」感が乗り不安が強まる
20	SAU	サウジアラビア	Saudi Arabia	中東	圧力上昇	供給安定で歳入と体制維持	OPEC+で慎重調整、対日供給は維持	市場安定で改革資金と雇用を守る	停戦再燃リスクで増産と治安費が綱引き	60.0	56.0	57.0	43.0	67.0	53.0	71.0	35.0	光熱費不安が学習投資格差を拡大し進路不安が強まる
20	EU	欧州連合	European Union	欧州	圧力上昇	規制整合と格差対策要求	対日で教育AIの公平性指標と監査共有を要請	子どもの機会と安全の両立を進める	加盟国差と選挙で強弱が揺れる	57.0	49.0	69.0	56.0	79.0	53.0	67.0	34.0	学校AI格差が比較不安を増幅、進路の萎縮が強まる
21	USA	アメリカ	United States	北米	圧力上昇	同盟負担とAI統制を継続	対日で防衛分担増と輸出管理順守を再確認	競争力と安全のため同盟と産業を守る	分断と選挙・金利で対外関与は絞る	62.0	44.0	76.0	79.0	90.0	69.0	88.0	22.0	生活費不安は一息も、進路と計算資源格差で先行き不透明
21	CHN	中国	China	東アジア	境界的圧力	対日圧力は維持し管理	部材審査を運用強化し対話窓口は残す	外部圧力下でも雇用と産業安全を守る	景気と雇用不安で過度な強硬は逆効果	78.0	47.0	86.0	84.0	66.0	85.0	77.0	29.0	物価不安は少し減るが、AI格差と就職不安が残る
21	JPN	日本	Japan	東アジア	圧力上昇	生活費緩和を改革へ転用	燃料調達を再配分し電力投資を前倒し	当面の物価は落ち着くが将来不安を減らす	財政余力が乏しく給付縮小は反発が強い	56.0	38.0	79.0	57.0	92.0	58.0	88.0	14.0	短期の生活不安は弱まるが、将来設計の不安は残る
21	TWN	台湾	Taiwan	東アジア	境界的圧力	供給確保で抑止と安定	対日供給枠を維持し危機連絡と海峡監視強化	価格安定を活かし稼働維持と防衛準備を両立	電力投資と防衛負担が重く人材流出も懸念	74.0	52.0	73.0	68.0	75.0	77.0	78.0	32.0	生活不安は一息も、供給と有事懸念で進路不安が残る
21	KOR	韓国	South Korea	東アジア	圧力上昇	技術防衛と生活安定	対米協調で規制順守、調達分散を加速	物価は一服、雇用と安保を同時に守る	若者不満と対外依存で政策の自由度が狭い	59.0	41.0	66.0	63.0	78.0	55.0	72.0	34.0	生活不安は薄れるが就活とAI格差の不安が残る
21	PRK	北朝鮮	North Korea	東アジア	圧力上昇	示威を抑え牽制を継続	短距離発射は抑制、軍事訓練を誇示	包囲下でも抑止力維持、結束を要請	外貨・燃料制約で大規模挑発は高コスト	80.0	48.0	73.0	68.0	70.0	58.0	88.0	36.0	安保不安は高止まり。物価不安は少し緩むが将来像は曇る
21	RUS	ロシア	Russia	ユーラシア	境界的圧力	資源収入と制裁回避を継続	輸出先を調整し制裁回避網を維持	外圧下でも雇用と物価を守ると強調	戦費負担と動員疲労、先端調達難	80.0	62.0	70.0	84.0	75.0	72.0	80.0	30.0	燃料不安は一息も、物価とAI格差懸念が残り将来像が曇る
21	UKR	ウクライナ	Ukraine	欧州	限定戦争	防空優先、支援継続狙い	欧米へ防空弾薬・財政支援の前倒し要請	厳しい戦況でも生活維持と復興準備を進める	動員疲れと資金難、支援疲れが最大懸念	80.0	50.0	76.0	62.0	84.0	63.0	80.0	28.0	燃料不安は一息だが、戦争長期化が進路と雇用観を曇らせる
21	IRN	イラン	Iran	中東	圧力上昇	停戦維持で交渉余地を確保	航路の示威を抑えつつ供給カードを保持	外圧下でも生活費を守り主権を堅持	物価・失業と抗議再燃で強硬化は難しい	63.0	66.0	73.0	63.0	76.0	68.0	82.0	27.0	燃料不安は一服も、物流と雇用不安が残り将来感は晴れにくい
21	ISR	イスラエル	Israel	中東	境界的圧力	抑止維持と戦費抑制	米欧と輸出管理・防空協力を継続	停戦下でも備えを緩めず家計負担を抑える	戦費優先で教育・若者投資が逼迫	64.0	47.0	62.0	78.0	82.0	66.0	75.0	31.0	生活費不安は一息だが、AI格差と将来不透明感は残る
21	SAU	サウジアラビア	Saudi Arabia	中東	圧力上昇	価格安定を優先し対外均衡	OPEC+で小幅調整、対日供給継続	市場安定で歳入と改革資金を確保	停戦再燃と治安費で増産余地は限定	58.0	44.0	52.0	43.0	63.0	49.0	66.0	40.0	燃料不安は和らぐが物価高の記憶で将来観が揺れやすい
21	EU	欧州連合	European Union	欧州	圧力上昇	規制整合と景気下支え	対日へAI監査相互承認と供給網協議	生活費緩和を活かし産業と雇用を守る	加盟国利害と選挙で強硬/緩和が揺れる	55.0	38.0	63.0	54.0	76.0	51.0	62.0	36.0	費用不安は一息だが、規制比較で進路迷いが残る
22	USA	アメリカ	United States	北米	圧力上昇	同盟維持とAI統制を強化	対日へ防衛分担と輸出管理順守を再要請	安全と成長のため同盟と先端産業を守る	選挙・財政で追加支援は限定、責任転嫁も	66.0	47.0	78.0	82.0	91.0	72.0	90.0	20.0	介護AI競争で職の再編不安が増幅、計算資源格差で将来像が曇る
22	CHN	中国	China	東アジア	境界的圧力	対日圧力を選別し抑制	対日輸出審査を選別強化し対話は維持	雇用と社会安定を守り外圧に対処	介護自動化の不満増で対外強硬は調整	80.0	49.0	88.0	86.0	68.0	87.0	79.0	27.0	ケア職の将来不安とAI格差が増幅、就活心理が冷える
22	JPN	日本	Japan	東アジア	圧力上昇	ケア再設計で正統性維持	介護ロボ標準化で同盟圏と連携、供給確保	人手不足に対応し、ケアの報酬と質を守る	財政制約で給付拡大は困難、負担増反発	58.0	41.0	73.0	55.0	94.0	54.0	82.0	12.0	ケア職の評価は希望要因だが、負担増と将来不安が強まる
22	TWN	台湾	Taiwan	東アジア	境界的圧力	供給安定と内政火消し	対日供給枠を維持し海峡監視と危機連絡を強化	介護自動化を進めつつ雇用と賃金の調整も行う	電力・人材・防衛費が競合し社会合意が割れる	76.0	54.0	75.0	67.0	77.0	79.0	80.0	31.0	半導体不安が続き、介護自動化議論も重なり将来像が揺れる
22	KOR	韓国	South Korea	東アジア	圧力上昇	介護自動化と安保の同時管理	対米協調で規制順守、対日協力は選別的	ケア産業の生産性と雇用転換を急ぐ	若者雇用と福祉負担が政治不安の火種	61.0	47.0	69.0	60.0	74.0	56.0	75.0	35.0	就活不安と介護負担の議論が連鎖し将来像が揺れる
22	PRK	北朝鮮	North Korea	東アジア	圧力上昇	示威は抑え資金確保を優先	発射は抑制、サイバー収入と訓練誇示	包囲下でも抑止維持、節約と結束を要請	燃料・外貨不足で大規模挑発は高コスト	78.0	46.0	74.0	70.0	71.0	59.0	89.0	35.0	安保不安が介護ロボ議論も飲み込み、将来像が曇る
22	RUS	ロシア	Russia	ユーラシア	境界的圧力	戦時経済維持と体制防衛	資源輸出先を再配分し制裁回避網を強化	社会支援は維持、外圧には耐えると強調	動員疲労と戦費、先端部材・計算資源不足	82.0	64.0	72.0	86.0	76.0	73.0	81.0	28.0	資源・安全保障不安が再燃。ケア自動化は進むが将来の職と報酬像が揺れる
22	UKR	ウクライナ	Ukraine	欧州	限定戦争	防空維持と復興財源確保	EU・日本へ復興資金と保健支援を要請	防衛を続けつつ生活・医療を守る	動員疲れと財政枯渇、支援疲れが痛い	82.0	52.0	74.0	63.0	86.0	64.0	81.0	27.0	ケア自動化論争が日本の賃金観を揺らし将来不安が増幅
22	IRN	イラン	Iran	中東	圧力上昇	停戦維持で体制安定を優先	航路の示威は抑制し制裁緩和を探る	外圧下でも物価抑制と治安を守る	財政薄く抗議再燃が最大の弱点	61.0	63.0	70.0	62.0	75.0	66.0	80.0	28.0	燃料は高止まり。ケア報酬論争と将来不安が増幅
22	ISR	イスラエル	Israel	中東	境界的圧力	抑止優先、民生は選別	防空・サイバー協力と輸出管理を強化	停戦下でも脅威は残る、優先配分で守る	戦費と治安で若者・ケア投資が後回し	66.0	49.0	63.0	82.0	84.0	68.0	77.0	29.0	半導体・AI制約で就職像が揺れ、将来不安が増幅
22	SAU	サウジアラビア	Saudi Arabia	中東	圧力上昇	価格安定と対外均衡を維持	OPEC+で需給を微調整し対日供給を優先	価格安定で歳入を確保し改革を継続する	停戦再燃と治安費で増産余力は小さい	60.0	50.0	53.0	43.0	64.0	50.0	67.0	39.0	燃料不安は抑制。介護の賃金論争で将来不安が増幅しやすい
22	EU	欧州連合	European Union	欧州	圧力上昇	ケアAI規制と雇用防衛	対日へケアAI安全基準と認証協議	ケアの質と雇用を守り負担を抑える	加盟国で報酬化と財源設計が割れる	54.0	40.0	66.0	55.0	74.0	52.0	64.0	34.0	介護職・進路の揺れ増。資格/賃金見通しで差が出る
23	USA	アメリカ	United States	北米	圧力上昇	AI事故で統制強化	対日へAI規制整合と輸出管理順守を要求	安全確保と覇権維持のため規制と投資を両立	選挙と分断で負担増は困難、同盟へ要求	68.0	50.0	81.0	86.0	92.0	74.0	92.0	18.0	規制と競争が同時進行し将来設計が揺れ、焦燥が増す
23	CHN	中国	China	東アジア	境界的圧力	安全規制を梃子に対外圧力	AI安全名目で技術流通を選別、対日は審査強化	事故再発防止と産業保護を同時に進める	失業不安と統制強化の反発が同時に高まる	82.0	50.0	90.0	89.0	70.0	88.0	82.0	24.0	AI規制と供給制約が就活と学習投資を冷やし不安増
23	JPN	日本	Japan	東アジア	圧力上昇	安全規制と産業維持を両立	同盟圏と安全基準調和、計算資源確保	事故再発防止と成長を同時に進める	財政余力乏しく、規制コスト転嫁に懸念	60.0	43.0	76.0	63.0	95.0	57.0	86.0	10.0	事故報道で不安増。規制で道筋が見えれば冷え込みは緩和
23	TWN	台湾	Taiwan	東アジア	境界的圧力	安全規制と供給信頼の維持	AI安全基準を前倒しし対日供給の優先枠を調整	事故再発防止と産業競争力を同時に守る	規制負担で投資減速、電力と人材も逼迫	78.0	56.0	73.0	72.0	79.0	82.0	83.0	29.0	規制と供給不安が重なり、就職と将来像の霧が濃くなる
23	KOR	韓国	South Korea	東アジア	圧力上昇	規制順守で競争力死守	対米でAI規制整合、対日協力は供給網中心	安全事故を受け監督強化、雇用転換も支援	輸出規制と世論圧力で産業政策の自由度が低い	63.0	49.0	72.0	66.0	76.0	58.0	81.0	33.0	AI規制と雇用不安が拡散し、将来設計が保守化する
23	PRK	北朝鮮	North Korea	東アジア	境界的圧力	示威とサイバーで外貨確保	短距離発射示唆とサイバー収入強化	事故と規制でも抑止力は揺るがない	燃料・外貨不足で挑発は限定的	82.0	49.0	76.0	71.0	72.0	60.0	91.0	33.0	安保不安とAI規制論が重なり、進路の確信が薄れる
23	RUS	ロシア	Russia	ユーラシア	境界的圧力	規制逆手に技術制裁を回避	AI安全を掲げ規制分断と迂回調達を推進	安全確保のため統制と産業保護が必要	戦費と動員疲労、計算資源の不足が重い	84.0	62.0	74.0	90.0	78.0	76.0	83.0	26.0	規制強化でAI雇用像が揺れ、資源不安と併せ将来観が曇る
23	UKR	ウクライナ	Ukraine	欧州	限定戦争	防空優先と復興計画の死守	EU・G7へ防空と復興枠の継続を要請	安全最優先で雇用と医療の維持を急ぐ	支援疲れと動員疲れ、財政が限界	83.0	54.0	76.0	66.0	87.0	65.0	82.0	26.0	規制強化でAI期待が揺れ、若者の就職観が不安定化
23	IRN	イラン	Iran	中東	圧力上昇	規制波に便乗し制裁緩和狙い	停戦枠は維持しつつ影響力を誇示	外圧下でも治安と生活を守り抜く	物価と抗議再燃が体制の急所	66.0	68.0	72.0	64.0	78.0	67.0	83.0	26.0	燃料高と雇用不安が続き、規制不透明で将来像が曇る
23	ISR	イスラエル	Israel	中東	境界的圧力	安全優先で規制は選別	AI輸出管理とサイバー協力を強化	事故対応と抑止を両立、重点配分	同盟依存と戦費で民生余力が薄い	67.0	52.0	66.0	86.0	85.0	71.0	80.0	27.0	計算資源の不確実性が増え、就職像が曇り不安が拡散
23	SAU	サウジアラビア	Saudi Arabia	中東	圧力上昇	価格安定と規制対応を優先	OPEC+調整とAI規制協調を強化	歳入安定と安全なAI導入を進める	停戦再燃と規制で投資判断が硬直	62.0	56.0	55.0	48.0	65.0	52.0	70.0	37.0	燃料高とAI不信が重なり、就職と将来像が霞みやすい
23	EU	欧州連合	European Union	欧州	圧力上昇	安全優先の規制強化	対日へAI安全認証と監査連携を要求	事故再発防止と雇用保護を両立する	競争力低下と加盟国分断が怖い	56.0	42.0	70.0	62.0	76.0	55.0	71.0	31.0	安全重視で職選びが慎重化。AI職は資格不安が増える
24	USA	アメリカ	United States	北米	圧力上昇	同盟負担増とAI統制を優先	対日へ防衛負担・対中管理・AI規制整合を要請	雇用不安に対応しつつ覇権と安全を守る	選挙・分断で増税困難、同盟へコスト転嫁	70.0	52.0	84.0	88.0	93.0	76.0	90.0	16.0	雇用と規制が同時に揺れ、進路選択が短期化し焦燥が増す
24	CHN	中国	China	東アジア	境界的圧力	対外強硬と内需雇用優先	輸出管理と通関で対日圧力、代替調達	雇用安定と安全確保を最優先で進める	失業不安と統制強化の反発が重なる	84.0	52.0	88.0	90.0	66.0	87.0	83.0	23.0	計算資源と部材逼迫で将来設計が揺れ不安増
24	JPN	日本	Japan	東アジア	圧力上昇	分配調整で社会安定を優先	同盟調整し計算資源確保と調達分散	雇用不安と生活費に対策を集中する	財政制約で給付と投資が両立困難	63.0	48.0	81.0	60.0	96.0	58.0	88.0	9.0	雇用・住居不安が増幅。将来像が曖昧だと諦めが強まる
24	TWN	台湾	Taiwan	東アジア	境界的圧力	供給信頼と抑止の同時維持	対日優先枠を微修正し同盟連携を強化	雇用不安に対応しつつ防衛と供給を守る	電力・人材・保険コストが投資を圧迫	80.0	57.0	76.0	75.0	78.0	84.0	86.0	27.0	半導体と有事不安が就職観を曇らせ、将来設計が短期化
24	KOR	韓国	South Korea	東アジア	圧力上昇	雇用不安を抑え競争力維持	対米で輸出管理調整、対日で供給網協調	雇用転換と生活支援で不安を抑える	半導体投資と社会支出が財政を圧迫	64.0	52.0	75.0	63.0	78.0	60.0	83.0	32.0	雇用不安と規制連動で慎重化、挑戦意欲が鈍る
24	PRK	北朝鮮	North Korea	東アジア	間接衝突	示威と外貨確保を優先	発射訓練を示唆し、サイバー収入を拡大	外圧下でも抑止力と統制で体制を守る	燃料・外貨不足で挑発は調整が必要	86.0	52.0	78.0	73.0	74.0	62.0	92.0	31.0	安保不安が就職・住居不安と重なり、将来像が曇る
24	RUS	ロシア	Russia	ユーラシア	間接衝突	制裁耐久で戦時経済を固定	資源輸出で収入確保、迂回調達を拡大	長期対立に備え生活と雇用を守る	動員疲労と戦費、計算資源不足が限界	86.0	64.0	76.0	88.0	74.0	78.0	82.0	24.0	雇用像の揺れと物価不安が重なり将来感が沈む
24	UKR	ウクライナ	Ukraine	欧州	限定戦争	防空と社会維持を最優先	EU・G7へ防空弾薬と財政支援を再要請	長期戦でも雇用と生活基盤を守る	支援疲れと動員負担、財政が逼迫	84.0	56.0	78.0	67.0	88.0	66.0	83.0	25.0	戦況長期化が雇用・物価不安を増幅し将来像が曇る
24	IRN	イラン	Iran	中東	境界的圧力	停戦維持で制裁緩和を狙う	航路威嚇は抑えつつ代理勢力を管理	外圧下でも治安と物価を守る	物価と抗議再燃が体制の急所	68.0	74.0	70.0	66.0	80.0	69.0	86.0	24.0	燃料高と政治不透明が続き、将来設計の不安が増幅
24	ISR	イスラエル	Israel	中東	境界的圧力	安全優先で技術を囲い込む	AI・サイバー輸出管理を強化、同盟調整	脅威対応と生活支援を両立、重点投資	戦費と分断で民生・若者支援が細る	69.0	54.0	70.0	88.0	84.0	73.0	82.0	26.0	AI職の競争が先鋭化し、将来像の分断がSNSで拡大
24	SAU	サウジアラビア	Saudi Arabia	中東	圧力上昇	価格安定と体制改革を優先	OPEC+で供給調整、停戦維持へ仲介継続	歳入と物価を安定させ改革投資を守る	停戦再燃と歳入変動で雇用策が絞られる	64.0	59.0	57.0	49.0	66.0	53.0	73.0	36.0	物価と雇用不安が連動し、将来設計の自信が揺れやすい
24	EU	欧州連合	European Union	欧州	圧力上昇	規制維持で雇用摩擦を抑制	対日へAI監査互換と労働移行支援協議	安全と雇用の両立で社会分断を抑える	加盟国利害と景気で規制強度が揺れる	58.0	46.0	74.0	65.0	78.0	57.0	73.0	29.0	資格・監査負担が進路不安を増幅、挑戦は慎重化
25	USA	アメリカ	United States	北米	圧力上昇	AI基準主導と同盟整合	対日へAI採用透明性指針と監査枠組み整合を要請	雇用転換を守りつつAI覇権と同盟を維持	企業反発と分断で規制が揺れ、同盟へ負担転嫁	68.0	54.0	87.0	90.0	92.0	78.0	92.0	14.0	採用基準の明示は進むが競争が可視化し焦りと分断が増える
25	CHN	中国	China	東アジア	境界的圧力	対外圧力と雇用維持	対日通関厳格化、重要材輸出を運用調整	雇用と安定のため外部依存を減らす	若年不安が強く成果の可視化が要る	86.0	54.0	90.0	91.0	64.0	88.0	86.0	21.0	基準不透明感と部材逼迫で学習投資が迷い不安増
25	JPN	日本	Japan	東アジア	圧力上昇	透明性で不安沈静化を優先	同盟と産業界でAI採用透明性指針を調整	学び直しと採用基準の見える化を進める	財政逼迫で給付と再教育が両立困難	61.0	49.0	86.0	58.0	97.0	57.0	92.0	8.0	基準不透明が焦りを増幅。道筋提示で諦めを抑える
25	TWN	台湾	Taiwan	東アジア	境界的圧力	供給信頼と人材定着を優先	対日供給枠を維持し人材交流を拡大	雇用の見通しを示し供給と防衛を守る	電力・保険・人件費で投資が鈍る	82.0	58.0	74.0	77.0	79.0	83.0	88.0	26.0	AI採用の不透明感が不安を増幅し、理系志向と短期志向が強まる
25	KOR	韓国	South Korea	東アジア	圧力上昇	透明基準で不安を抑え競争維持	米国とAI雇用基準協議、対日で指標共有	採用の公平性を高め再教育で転換支援	基準整備は遅く、若者不安が政治化	63.0	53.0	80.0	64.0	80.0	61.0	86.0	31.0	学ぶべき指標が揺れ不安増、堅実志向が強まる
25	PRK	北朝鮮	North Korea	東アジア	間接衝突	示威と外貨確保を継続	短距離発射を誇示、暗号・サイバー収入拡大	外圧でも抑止と統制で体制を守る	燃料・外貨不足で全面挑発は抑制	88.0	54.0	80.0	74.0	76.0	64.0	93.0	29.0	安保不安とAI就活不透明が重なり将来像が縮む
25	RUS	ロシア	Russia	ユーラシア	間接衝突	戦時経済を固定し持久	資源輸出維持と迂回調達、情報戦強化	制裁下でも雇用と物価を守り勝つ	戦費と動員疲労、精密部材と計算不足	84.0	66.0	78.0	90.0	76.0	79.0	83.0	23.0	透明性要求が強まるほど技能不安が増幅、将来設計が曇る
25	UKR	ウクライナ	Ukraine	欧州	限定戦争	戦線維持と統治能力確保	EU・G7に防空/財政とAI運用透明支援を要請	戦時でも公正な採用と職業訓練を拡充	支援疲れと財政難で改革は段階的	86.0	58.0	80.0	69.0	90.0	68.0	84.0	23.0	戦況不安に加えAI採用の不透明感が将来不安を増幅
25	IRN	イラン	Iran	中東	境界的圧力	停戦維持で交渉余地確保	航路威嚇を抑制し制裁緩和を模索	外圧下でも治安と物価を守る	物価高と抗議再燃が体制の急所	66.0	72.0	74.0	65.0	78.0	70.0	88.0	23.0	燃料高と不透明感に加え、AI採用の見えなさで将来不安が増幅
25	ISR	イスラエル	Israel	中東	間接衝突	安全優先で技術を選別	AI・サイバー協力は拡大、輸出管理厳格化	採用透明化と治安を同時に守る	戦費と分断で若者投資が後回し	71.0	56.0	73.0	90.0	86.0	75.0	84.0	24.0	AI採用の基準不透明が拡散し、努力の方向性不安が強まる
25	SAU	サウジアラビア	Saudi Arabia	中東	圧力上昇	価格安定と投資維持	OPEC+で供給微調整、停戦仲介を継続	歳入を安定させ改革投資と雇用を守る	停戦再燃と市場変動で裁量が揺れる	63.0	57.0	60.0	50.0	65.0	54.0	77.0	34.0	物価不安に加え、AI採用基準の不透明感が将来像を曇らせる
25	EU	欧州連合	European Union	欧州	圧力上昇	採用AI透明化を制度化	対日へ監査互換と開示指標の共同策定	公正な採用で若者不信と分断を抑える	企業負担と加盟国温度差で実装が遅れる	56.0	44.0	78.0	66.0	76.0	55.0	75.0	30.0	基準明示は安心材料だが監査負担で挑戦が慎重化
26	USA	アメリカ	United States	北米	圧力上昇	同盟負担とAI供給網を優先	対日へ防衛分担・半導体輸出管理整合を要求	雇用転換と抑止力維持で国家を守る	国内分断と財政制約で同盟へ圧力増	72.0	58.0	90.0	92.0	93.0	81.0	93.0	12.0	地方流出が進み競争が可視化、将来不安と焦りが増幅
26	CHN	中国	China	東アジア	境界的圧力	雇用安定と対外牽制	対日重要材の許認可を厳格運用	雇用防衛と安全を優先する	若年不安で成果の即時提示が必要	84.0	53.0	92.0	93.0	63.0	90.0	87.0	20.0	地方流出不安に部材不確実性が重なり将来像が曇る
26	JPN	日本	Japan	東アジア	圧力上昇	地方流出対策を急ぐ	同盟協議で対中摩擦管理と供給網を点検	地方の仕事と住居支援で移動不安を抑える	財政余力が薄く地方投資が後回し	63.0	52.0	89.0	60.0	98.0	58.0	93.0	7.0	地元の展望が薄れ焦燥感が増す。住居と職の見通しで緩和
26	TWN	台湾	Taiwan	東アジア	境界的圧力	人材流出抑止と供給信頼	対日供給枠を再確認、保険・港湾代替も協議	雇用と住宅支援で若者定着、備えも強化	電力・家賃・徴用負担が企業投資を圧迫	84.0	60.0	78.0	80.0	82.0	86.0	90.0	24.0	半導体不安と“逃げ遅れ”感が拡散、挑戦より安定志向へ
26	KOR	韓国	South Korea	東アジア	圧力上昇	人材囲い込みと抑止維持	対米で半導体連携維持、対日で人材交流枠調整	若者流出を抑えつつ雇用転換と安保を両立	住宅・賃金で都市偏重、支援は財政と対立で制限	64.0	54.0	83.0	61.0	82.0	63.0	88.0	30.0	日韓で人材競争が強まり、地方若者は将来不安が増える
26	PRK	北朝鮮	North Korea	東アジア	間接衝突	示威を抑え外貨確保優先	発射準備誇示とサイバー収入を強化	外圧下でも抑止と配給で耐える	燃料・食料難で長期挑発は困難	86.0	52.0	82.0	76.0	78.0	66.0	94.0	27.0	地方不安と安保警戒が重なり、上京/残留の選択が重くなる
26	RUS	ロシア	Russia	ユーラシア	間接衝突	資源で持久し分断	資源価格操作と迂回取引、情報工作	制裁下でも雇用と物価を守り抜く	動員疲労と戦費、精密部材と計算不足	86.0	69.0	81.0	91.0	78.0	82.0	85.0	22.0	都市集中の焦りに外部不安が上乗せ、将来像が短期化
26	UKR	ウクライナ	Ukraine	欧州	限定戦争	戦線維持と統治持久	EU・G7へ長期財政/防空と復興投資枠を要請	動員と生活を両立、地方雇用も守る	若者流出と疲弊で統治コストが増大	85.0	60.0	82.0	70.0	91.0	69.0	86.0	22.0	戦況長期化で将来像が曇り、地方若者ほど不安が増幅
26	IRN	イラン	Iran	中東	境界的圧力	停戦維持で内政安定優先	航路威嚇を抑えつつ代理勢力の抑止継続	外圧下でも治安と物価を最優先に守る	物価高と抗議再燃が体制の急所	68.0	76.0	77.0	66.0	79.0	72.0	90.0	22.0	燃料高と供給不安が続き、地方移動の迷いが将来不安を増幅
26	ISR	イスラエル	Israel	中東	間接衝突	安全優先で供給網を締める	サイバー連携拡大、輸出管理を再強化	安全確保と生活防衛を同時に進める	戦費・分断で若者投資が遅れる	73.0	58.0	76.0	92.0	88.0	78.0	86.0	22.0	雇用と住居の選別感が拡散し、挑戦より撤退志向が強まる
26	SAU	サウジアラビア	Saudi Arabia	中東	圧力上昇	価格安定優先で供給調整	OPEC+で供給微調整、停戦枠組み支援	歳入安定で改革投資と雇用を維持する	停戦再燃と米国圧力で裁量が狭い	64.0	60.0	63.0	52.0	66.0	55.0	78.0	33.0	エネルギー高止まり観測が地方離脱不安を増幅し将来像が揺れる
26	EU	欧州連合	European Union	欧州	圧力上昇	人材流動と規制整備を両立	対日へ人材・監査指標を相互運用化	若者流出を抑え投資と雇用を守る	加盟国差と企業負担で実装が遅い	57.0	47.0	74.0	63.0	78.0	56.0	72.0	28.0	透明化は安心だが監査負担で挑戦控え、地方不安が増幅
27	USA	アメリカ	United States	北米	圧力上昇	同盟負担とAI覇権を優先	対日へ防衛分担増と輸出管理整合を圧迫	雇用転換と抑止力維持で国益を守る	国内分断と選挙・財政で譲歩余地小	74.0	60.0	92.0	93.0	94.0	83.0	95.0	10.0	再教育の地域差が露呈し、競争と不安が加速する
27	CHN	中国	China	東アジア	境界的圧力	選別緩和で対日圧力維持	重要材許認可を案件別に締緩、圧力調整	安全と雇用を守り対外リスクを管理	若年雇用不安で短期成果が要る	86.0	52.0	90.0	94.0	66.0	91.0	88.0	19.0	再教育の地域差が可視化し、格差不安と将来不信が増幅
27	JPN	日本	Japan	東アジア	圧力上昇	地域格差の火消しを優先	同盟と供給網点検、対外摩擦を抑制	再教育は全国で底上げ、雇用不安を抑える	財源は硬直、自治体間の執行差が残る	62.0	54.0	86.0	61.0	99.0	57.0	95.0	6.0	地域差が可視化し焦燥が増幅。移住か撤退かの不安が強まる
27	TWN	台湾	Taiwan	東アジア	境界的圧力	供給信頼と若者定着を優先	対日向け供給計画を更新、代替航路も協議	雇用・住宅支援を厚くし、備えを平常化	電力・家賃・徴用負担で投資と人材が揺れる	85.0	62.0	79.0	82.0	83.0	87.0	92.0	23.0	再教育の地域差が不安を増幅。安定志向と海外志向が同時に強まる
27	KOR	韓国	South Korea	東アジア	圧力上昇	人材確保と抑止の同時運転	対米で半導体枠維持、対日で人材流動を管理	再教育投資を拡大し雇用不安と安保を両立	住宅高騰と財政制約で支援が地域に届きにくい	63.0	56.0	80.0	62.0	83.0	64.0	87.0	29.0	再教育の地域差が可視化し、若者の格差不安が増幅
27	PRK	北朝鮮	North Korea	東アジア	間接衝突	示威管理し外貨確保	短距離示威とサイバー収入を継続	抑止を維持し配給で耐える	燃料・食料難で長期挑発は不利	84.0	51.0	81.0	77.0	79.0	65.0	93.0	29.0	安保不安と地域再教育格差で将来像が揺れ、移住判断が重くなる
27	RUS	ロシア	Russia	ユーラシア	間接衝突	資源と情報で持久・揺さぶり	資源割引の迂回販売と世論分断工作	制裁下でも賃金と安全を守る	戦費と動員疲労、部材と計算不足	84.0	66.0	79.0	90.0	77.0	80.0	86.0	23.0	再教育の地域差が焦りを増幅、外部不安で将来設計が短期化
27	UKR	ウクライナ	Ukraine	欧州	限定戦争	長期戦の耐久と支援確保	EU・G7に防空弾薬と復興融資枠を再要請	前線維持を最優先、生活支援は選別して継続	動員疲労と財政逼迫で若者流出が止まらない	86.0	62.0	83.0	71.0	92.0	70.0	88.0	21.0	海外危機が続き、再教育の地域差が将来不安を増幅
27	IRN	イラン	Iran	中東	境界的圧力	停戦維持で体制安定を優先	航路威嚇は抑えつつ代理勢力の抑止を維持	制裁下でも治安と物価を守り体制を維持する	物価高と抗議再燃が最大の脅威	66.0	74.0	76.0	67.0	78.0	71.0	88.0	24.0	燃料高と不安定報道で将来不安が続き、再教育格差が焦りを増幅
27	ISR	イスラエル	Israel	中東	間接衝突	同盟軸で技術と安保を確保	サイバー協力拡大、輸出管理を運用強化	安全最優先、物価対策は限定的に実施	戦費と分断で教育・産業投資が先送り	74.0	61.0	79.0	93.0	90.0	80.0	88.0	20.0	再教育は地域差が強調され、勝ち筋不明感が増す
27	SAU	サウジアラビア	Saudi Arabia	中東	圧力上昇	価格安定と対米調整を優先	OPEC+で小幅調整、停戦枠の維持を後押し	歳入を安定させ改革投資と雇用を守る	停戦再燃と対米要請で裁量が狭い	63.0	58.0	61.0	51.0	65.0	54.0	82.0	32.0	再教育予算の地域差が可視化し、生活コスト不安と将来像の分断感が増す
27	EU	欧州連合	European Union	欧州	圧力上昇	規制整合と人材囲い込み	対日、AI監査相互承認と人材協定を提案	信頼あるAIで雇用と競争力を守る	加盟国差と企業負担で合意が遅い	58.0	49.0	77.0	66.0	79.0	57.0	74.0	27.0	監査負担で挑戦が鈍り、地域差可視化が不安を増幅
28	USA	アメリカ	United States	北米	圧力上昇	同盟負担とAI供給網を優先	対日へ防衛分担増と人材・半導体協力要求	雇用と抑止を守り生活費高に対応する	選挙・分断・対中で譲歩余地が薄い	76.0	58.0	90.0	94.0	96.0	85.0	94.0	9.0	介護離職不安と再教育負担が重なり将来像が曇る
28	CHN	中国	China	東アジア	境界的圧力	台湾抑止と対日選別圧力	軍演示威と重要材許認可を再引締め	雇用確保と外部封じ込めに対抗	成長鈍化で対外圧力が必要	88.0	54.0	92.0	95.0	72.0	92.0	90.0	16.0	介護離職不安に外圧が重なり、学業・就職の見通しがさらに縮む
28	JPN	日本	Japan	東アジア	境界的圧力	医療介護を最優先で火消し	同盟調整と医療人材確保策を急ぐ	介護離職を止め生活を守る	財源硬直で給付と防衛が衝突	63.0	56.0	90.0	62.0	100.0	58.0	97.0	4.0	家族介護負担で将来設計が縮む。学び直しも中断し焦燥が増える
28	TWN	台湾	Taiwan	東アジア	境界的圧力	供給継続と人材流出抑制	対日向け供給枠を再確認、医療人材協力も協議	備えを常態化し雇用と生活支援を優先	電力・住宅・動員負担で若者離反が怖い	86.0	64.0	80.0	84.0	84.0	88.0	93.0	22.0	介護離職の不安が重なり将来像が曇る。安定職志向と海外志向が同時に強まる
28	KOR	韓国	South Korea	東アジア	圧力上昇	生活不安と抑止を並走	対米で供給網協議、対日で人材流出抑制	医療介護の負担増に対応し雇用不安を抑える	財政と住宅負担で支援が薄まり世論が割れる	61.0	57.0	82.0	60.0	85.0	65.0	88.0	28.0	ケア離職不安が波及し、将来設計の萎縮と格差不安が増す
28	PRK	北朝鮮	North Korea	東アジア	間接衝突	示威を抑制し資金優先	短距離示威を間引き、サイバー収入集中	抑止は維持、生活は耐乏で守る	燃料食料難で長期挑発は逆効果	82.0	49.0	83.0	78.0	80.0	66.0	94.0	27.0	介護離職不安に安保懸念が重なり将来設計が縮む
28	RUS	ロシア	Russia	ユーラシア	間接衝突	資源と情報で持久・揺さぶり	資源の迂回販売継続、対日世論撹乱を強化	長期戦でも生活と安全を守り抜く	戦費膨張と動員疲労、精密部材と計算不足	86.0	69.0	82.0	92.0	79.0	82.0	90.0	21.0	介護離職不安に外部緊張が重なり、将来設計が短期化
28	UKR	ウクライナ	Ukraine	欧州	限定戦争	支援固定化へ交渉強化	EU・G7へ防空弾薬と長期融資枠を要求	前線維持と復興準備を同時に進める	動員疲労と財政逼迫で人的基盤が削れる	87.0	63.0	84.0	72.0	93.0	71.0	89.0	19.0	外部危機の長期化に介護離職不安が重なり将来設計が縮む
28	IRN	イラン	Iran	中東	境界的圧力	停戦維持で体制安定優先	代理勢力は温存、航路示威で交渉力確保	外圧下でも治安と物価を守る	物価高と抗議再燃、軍事費が財政を圧迫	68.0	77.0	74.0	69.0	80.0	72.0	86.0	22.0	燃料高と緊張報道が、介護離職不安と重なり将来観を冷やす
28	ISR	イスラエル	Israel	中東	間接衝突	安保優先で技術囲い込み	同盟国と輸出管理・サイバー協力を強化	安全確保を最優先、生活支援は重点化	戦費と分断で福祉・人材投資が後回し	76.0	63.0	82.0	94.0	91.0	82.0	89.0	18.0	介護離職不安と競争強化が重なり、将来像が霧化
28	SAU	サウジアラビア	Saudi Arabia	中東	圧力上昇	価格下支えと対米調整	OPEC+微調整で価格を下支え、停戦枠を維持	歳入安定で改革投資と雇用を守る	停戦再燃と対米圧力で裁量が狭い	64.0	60.0	66.0	52.0	67.0	56.0	85.0	30.0	介護離職不安と物価圧が重なり、若者の将来像が縮む
28	EU	欧州連合	European Union	欧州	圧力上昇	介護危機と規制信頼の維持	対日、医療AI監査枠と共同実証を促進	医療負担を下げつつ信頼あるAIを守る	加盟国差と労組配慮で実装が遅れがち	60.0	52.0	79.0	68.0	81.0	59.0	76.0	26.0	ケア離職不安が増幅し、規制対応で挑戦が鈍る感覚が強まる
29	USA	アメリカ	United States	北米	圧力上昇	同盟束ねとAI基盤確保	対日へ電力・立地支援と供給網遵守を要求	雇用と競争力のためAI基盤投資を加速	電力水反発と物価で譲歩幅が狭い	74.0	61.0	88.0	95.0	94.0	86.0	93.0	10.0	AI雇用の再編と負担感が増し、将来像が揺れやすい
29	CHN	中国	China	東アジア	境界的圧力	対日選別圧力を維持	重要材許認可を運用強化し牽制	雇用と安全を守り外圧に対抗	成長鈍化で成果演出が要る	86.0	52.0	90.0	96.0	74.0	91.0	92.0	14.0	DC摩擦で期待と反発が割れ、進路不安が増幅
29	JPN	日本	Japan	東アジア	境界的圧力	AIインフラを条件付き推進	同盟と調達で電力・計算資源を確保	地域負担を減らし雇用と成長を両立	財源硬直で反発と投資が同時に来る	64.0	59.0	87.0	60.0	98.0	56.0	92.0	6.0	地元反発と雇用不安が拡散し、将来像が揺れる
29	TWN	台湾	Taiwan	東アジア	境界的圧力	インフラ摩擦の鎮静と供給死守	対日供給枠を維持し計算資源配分を調整	電力水対策と雇用創出で負担を均す	立地反発と停電懸念で政権支持が揺れる	87.0	67.0	82.0	86.0	86.0	89.0	94.0	21.0	半導体と電力不安が再燃。将来設計が先送りになり安定志向が強まる
29	KOR	韓国	South Korea	東アジア	境界的圧力	AI投資と抑止を同時優先	米国と計算資源枠を協議、対日で人材囲い込み	AI基盤は雇用と安保の両輪、地域配慮も実施	電力水と住宅費で反発、支援財源が不足	64.0	60.0	78.0	66.0	86.0	68.0	89.0	26.0	AI職争奪と電力制約の報道で、将来不安と焦燥が増す
29	PRK	北朝鮮	North Korea	東アジア	境界的圧力	示威を調整し外貨確保	小規模発射を示唆しつつサイバー収入拡大	抑止は揺るがず、耐乏で国を守る	燃料食料難で大規模挑発は持たない	84.0	52.0	79.0	81.0	79.0	65.0	95.0	26.0	AI投資の摩擦に安保不安が上乗せされ将来像が縮む
29	RUS	ロシア	Russia	ユーラシア	間接衝突	資源と情報で対外圧力維持	資源輸出を武器化し制裁回避網を拡張	包囲に耐え国家の安定と雇用を守る	戦費と動員疲労、精密部材と計算不足	88.0	74.0	80.0	93.0	81.0	84.0	92.0	19.0	電力不安と雇用迷いが増幅し、将来設計が保守化
29	UKR	ウクライナ	Ukraine	欧州	限定戦争	支援確保と消耗管理	EU・G7へ防空と融資枠の前倒し要請	前線維持と生活安定を同時に守る	動員疲労と資金難で継戦力が細る	86.0	61.0	82.0	70.0	92.0	69.0	87.0	20.0	危機の長期化とAI投資摩擦が重なり将来像が曇る
29	IRN	イラン	Iran	中東	境界的圧力	停戦維持で体制安定優先	代理勢力抑制示唆、航路で交渉圧力	外圧下でも物価と治安を守る	歳入不安で補助金と治安費が競合	66.0	74.0	72.0	68.0	82.0	70.0	85.0	23.0	電力・物価不安がAI投資摩擦報道と結び、将来像が曇る
29	ISR	イスラエル	Israel	中東	間接衝突	安保維持で技術優先	同盟と輸出管理維持、電力確保も交渉	治安最優先、インフラ投資は選別する	戦費と電力逼迫で民生投資が削られる	78.0	66.0	80.0	95.0	92.0	84.0	90.0	16.0	計算資源の争奪感が強まり、若者の将来設計が硬直
29	SAU	サウジアラビア	Saudi Arabia	中東	圧力上昇	原油収益と対米調整を優先	OPEC+で供給を小幅調整、停戦枠維持	歳入確保で改革投資と雇用を守る	停戦再燃と米圧力で増産余地が限定	63.0	58.0	64.0	51.0	66.0	57.0	82.0	31.0	電力・物価の連想が強まり、将来設計が短期化しやすい
29	EU	欧州連合	European Union	欧州	圧力上昇	AIインフラ拡大と反発管理	対日、DC立地基準と電力調達の連携要求	雇用と競争力のため投資、環境も守る	電力水・住民反発で拡張が遅れやすい	61.0	58.0	82.0	72.0	83.0	62.0	79.0	24.0	計算資源不安が強まり、将来設計が保守化しやすい
30	USA	アメリカ	United States	北米	圧力上昇	同盟負担とAI基盤優先	対日へ防衛分担・供給網順守を再要求	競争と雇用のため同盟で基盤を守る	物価と分断で対外負担転嫁が増す	76.0	63.0	90.0	96.0	95.0	87.0	94.0	9.0	住宅停滞で生活不安が増幅し、将来設計が細る
30	CHN	中国	China	東アジア	境界的圧力	対日選別圧力を継続	重要材許認可を絞り、台湾周辺で示威	外圧に対抗し産業と雇用を守る	景気鈍化で成果が要り摩擦管理も必要	88.0	54.0	92.0	97.0	78.0	93.0	94.0	12.0	住宅停滞と供給網不安が重なり、将来設計が縮む
30	JPN	日本	Japan	東アジア	境界的圧力	住宅停滞の火消し優先	同盟調整で燃料・部材確保を継続	住まい不安に対策、成長投資も守る	財源硬直で給付も投資も薄くなる	66.0	61.0	90.0	63.0	99.0	58.0	94.0	5.0	家賃と将来不安が直撃し、努力の報酬感が弱まる
30	TWN	台湾	Taiwan	東アジア	境界的圧力	抑止強化と供給維持	対米連携で海峡抑止と供給契約を堅持	安全保障と産業基盤を守り雇用を確保	電力・世論・防衛負担で内政調整が難航	88.0	70.0	84.0	87.0	88.0	90.0	96.0	18.0	住宅停滞で将来不安が増幅。供給不安と重なり挑戦回避が強まる
30	KOR	韓国	South Korea	東アジア	境界的圧力	若者不満を抑えつつ抑止	対米で防衛協力維持、対日で人材確保強化	住居と雇用を下支えし安保も揺るがせない	住宅停滞で政権負担増、予算の付け替えが限界	66.0	58.0	81.0	69.0	89.0	70.0	92.0	24.0	住居難と職競争の連想が強まり、将来像が曇る
30	PRK	北朝鮮	North Korea	東アジア	間接衝突	示威で譲歩誘い外貨確保	短距離発射訓練を誇示し、サイバー収入を継続	包囲に屈せず抑止を強化し生活を守る	燃料・食料難で挑発の頻度は抑制	86.0	54.0	81.0	83.0	80.0	66.0	96.0	24.0	住宅停滞の不満に安保不安が重なり将来不信が増す
30	RUS	ロシア	Russia	ユーラシア	間接衝突	資源と灰色網で圧力継続	価格誘導と制裁回避網を拡張	長期戦でも雇用と歳入を守る	戦費負担と技術・計算不足が痛い	86.0	77.0	82.0	94.0	83.0	85.0	93.0	17.0	住宅停滞に外部不安が重なり、将来設計が縮みやすい
30	UKR	ウクライナ	Ukraine	欧州	限定戦争	支援維持と動員疲労抑制	EU・G7へ防空弾薬と復興融資の継続確約要請	前線維持と生活基盤を同時に守る	兵員・資金が逼迫し長期戦が重い	88.0	63.0	83.0	72.0	93.0	70.0	88.0	19.0	住宅支援停滞の不満に外的危機が重なり将来不安が増幅
30	IRN	イラン	Iran	中東	境界的圧力	停戦維持しつつ交渉圧力	航路・代理勢力で抑止と交渉圧力	外圧下でも治安と生活を守る	歳入不安で補助金と治安費が競合	67.0	78.0	74.0	69.0	84.0	72.0	88.0	20.0	住宅停滞の不満に燃料高報道が重なり、将来設計が萎む
30	ISR	イスラエル	Israel	中東	間接衝突	安保優先で技術統制	同盟連携で輸出管理強化、サイバー抑止	安全保障と経済基盤を守る局面だ	戦費と電力制約で民生投資が細る	80.0	68.0	82.0	96.0	93.0	86.0	92.0	12.0	住宅停滞で不安が増幅、計算資源争奪も重なり将来像が閉じる
30	SAU	サウジアラビア	Saudi Arabia	中東	圧力上昇	価格安定を優先し対立回避	OPEC+で据え置き基調、停戦枠と航路警戒強化	安定歳入で雇用と改革投資を継続する	増産は価格下落と対米摩擦で得策でない	62.0	61.0	66.0	50.0	69.0	58.0	84.0	29.0	住宅支援停滞と生活コスト連想が重なり将来展望が曇る
30	EU	欧州連合	European Union	欧州	圧力上昇	生活防衛と規制整合を優先	対日、AI規制整合と供給網監査を要請	生活費圧力下でも競争力と公正を守る	住宅停滞で不満が増え財政余力も削る	60.0	57.0	78.0	70.0	85.0	64.0	81.0	22.0	住居不安が重なり就職・結婚・挑戦が先送りされやすい
31	USA	アメリカ	United States	北米	境界的圧力	同盟分担とAI基盤を最優先	対日へ防衛増・輸出管理順守を要求	雇用と競争力のため同盟で主導権維持	初任給格差と不満で対外成果が必要	80.0	66.0	92.0	97.0	93.0	88.0	95.0	8.0	待遇二極化が将来像を割り、焦燥と自己責任感が増す
31	CHN	中国	China	東アジア	境界的圧力	技術主権優先で対日選別	重要材・装置周辺の許認可を選別強化	外圧下でも雇用と成長を守ると強調	景気減速で成果必須、摩擦過熱は避けたい	86.0	56.0	90.0	96.0	79.0	92.0	93.0	14.0	初任給格差と供給不安が重なり、若者の将来像が細る
31	JPN	日本	Japan	東アジア	境界的圧力	若者格差の緩和を急ぐ	同盟調整で燃料・半導体供給を確保	賃金二極化に対策し学び直しを拡充	財源硬直で分配も投資も薄い	64.0	60.0	93.0	65.0	99.0	60.0	96.0	4.0	選別感が強まり努力の見返りが不透明、焦りが増す
31	TWN	台湾	Taiwan	東アジア	境界的圧力	抑止優先で供給継続	対米連携で海峡抑止と輸出管理を調整	安全と産業を同時に守り雇用を維持	電力不安と防衛負担で政争が激化	90.0	72.0	87.0	89.0	90.0	92.0	97.0	16.0	初任給二極化に供給不安が重なり、若者の挑戦回避が強まる
31	KOR	韓国	South Korea	東アジア	境界的圧力	人材囲い込みで正統性維持	対日で半導体人材獲得と協業を同時展開	AI高賃金偏在に対し再訓練と住居支援を強化	財政硬直で支援は薄く、世代不満が燃えやすい	64.0	57.0	83.0	71.0	90.0	69.0	93.0	23.0	賃金格差と人材争奪が可視化し、将来不安が増幅
31	PRK	北朝鮮	North Korea	東アジア	間接衝突	示威を抑制し外貨確保を優先	発射準備の誇示とサイバー収入を継続	包囲下でも抑止を維持し生活を守る	燃料・食料不足で挑発は頻発できない	84.0	52.0	79.0	82.0	78.0	64.0	95.0	23.0	安保不安と初任給二極化が重なり、努力が報われない感覚が強まる
31	RUS	ロシア	Russia	ユーラシア	間接衝突	資源と戦時経済で持久	資源価格誘導と制裁回避網を維持	長期戦でも雇用と歳入を守る	戦費と技術・計算不足で余力が削れる	84.0	79.0	86.0	93.0	85.0	83.0	92.0	15.0	初任給格差の不安に外部価格高が重なり、挑戦より安全志向へ傾く
31	UKR	ウクライナ	Ukraine	欧州	限定戦争	支援固定化で戦線維持	EU・G7へ弾薬増産枠と復興資金を再要請	戦線維持と電力・物価の耐久を優先	兵員補充と財政が限界、支援疲れが怖い	90.0	62.0	84.0	71.0	92.0	69.0	89.0	18.0	外的危機が選別感と重なり、将来設計が萎む
31	IRN	イラン	Iran	中東	境界的圧力	停戦維持で制裁緩和を探る	航路の示威と交渉で相手の譲歩を誘う	外圧下でも治安と物価を守る	歳入不安で補助金と治安費が競合	70.0	82.0	78.0	70.0	86.0	74.0	90.0	19.0	燃料高と初任給二極化報道が重なり、努力の見返り不信が増す
31	ISR	イスラエル	Israel	中東	間接衝突	安保優先で技術囲い込み	同盟と輸出管理維持、対外サイバー抑止	安全保障と生活防衛を同時に守る	戦費と電力で民生・若者投資が後退	78.0	66.0	84.0	95.0	91.0	83.0	93.0	13.0	初任給二極化と計算資源争奪で将来像が狭まる
31	SAU	サウジアラビア	Saudi Arabia	中東	圧力上昇	価格高騰回避で慎重調整	OPEC+で微調整示唆、航路警戒と停戦枠維持	安定収入で雇用と改革投資を守る	増産は価格崩れと対外摩擦の火種	64.0	59.0	70.0	51.0	71.0	60.0	86.0	27.0	生活費連想が賃金二極化不安と合流し将来像が霞む
31	EU	欧州連合	European Union	欧州	圧力上昇	規制整合と雇用摩擦の抑制	対日、AI人材基準共有と雇用移行支援を協議	公正と競争力を両立し雇用移行を支える	合意形成が遅く財政と移民で分断が残る	61.0	54.0	82.0	69.0	84.0	63.0	83.0	21.0	初任給格差が焦燥を増幅し、進路選択が短期志向化
32	USA	アメリカ	United States	北米	境界的圧力	同盟負担とAI基盤を優先	対日へ防衛増と輸出管理・調達協調	雇用と物価を守り同盟で競争力確保	生活費不満と分断で外成果が要る	78.0	63.0	90.0	96.0	92.0	86.0	93.0	10.0	ロボ実証で低賃金層の不安が増幅し将来像が割れる
32	CHN	中国	China	東アジア	境界的圧力	技術主権と雇用安定を優先	対日重要部材の許認可を更に選別運用	自動化で雇用転換を進め安定を守る	景気鈍化で成果必須、摩擦拡大は困る	88.0	57.0	92.0	97.0	76.0	93.0	94.0	13.0	現場自動化期待と職の先細りが同時に拡散し不安が勝つ
32	JPN	日本	Japan	東アジア	境界的圧力	雇用不安の火種を抑える	同盟・企業とロボ機材調達と輸入調整	省人化は不可避、移行支援と賃上げ促進	財源硬直で移行支援が薄く炎上に弱い	63.0	58.0	90.0	62.0	97.0	61.0	94.0	6.0	置換不安と選別感が増幅、将来設計が短期化し焦燥が強まる
32	TWN	台湾	Taiwan	東アジア	境界的圧力	抑止維持と供給防衛	対米連携で抑止強化、輸出管理を厳格化	安全最優先で産業と雇用を守る	電力・防衛費・政争で余力が削れる	88.0	70.0	90.0	92.0	86.0	91.0	96.0	18.0	供給と雇用不安が重なり、若者は挑戦より安全志向に傾く
32	KOR	韓国	South Korea	東アジア	境界的圧力	人材確保と雇用不安抑制	対日で半導体協業と人材囲い込みを加速	ロボット実証で生産性向上と再訓練を強調	低賃金層の反発が怖く財政も硬直	66.0	58.0	86.0	73.0	92.0	67.0	95.0	22.0	自動化が現実化し、職の先細り感と焦燥が強まる
32	PRK	北朝鮮	North Korea	東アジア	境界的圧力	示威を絞り外貨確保	短距離発射示唆とサイバー窃取を増強	抑止を保ちつつ生活物資を守る	燃料・食料逼迫で挑発は制限的	86.0	54.0	81.0	83.0	79.0	66.0	96.0	22.0	安保不安に加え自動化不安が重なり、将来像が霞む
32	RUS	ロシア	Russia	ユーラシア	間接衝突	資源収入で戦時持久を優先	資源輸出の条件調整と制裁回避網を拡張	雇用と歳入を守り、社会不安を抑える	戦費負担と先端計算・部品不足が重い	85.0	81.0	88.0	94.0	86.0	84.0	93.0	14.0	物価高と自動化不安が重なり、挑戦より安定志向が強まる
32	UKR	ウクライナ	Ukraine	欧州	限定戦争	支援確保で戦線と復興維持	EU・G7へ弾薬増産と復興枠の前倒し要請	継戦と生活基盤を同時に守る方針	兵員・財政逼迫、支援疲れが最大リスク	88.0	60.0	82.0	70.0	90.0	67.0	86.0	20.0	戦争長期化×自動化不安で、安定就職の展望が細りやすい
32	IRN	イラン	Iran	中東	境界的圧力	停戦維持で既成事実化	航路監視強化と限定示威、裏で交渉	外圧でも治安と物価を守る	歳入難で補助金と治安費が綱引き	72.0	85.0	80.0	72.0	88.0	76.0	92.0	17.0	燃料高に加え自動化報道で不安が増幅、将来像が霞む
32	ISR	イスラエル	Israel	中東	間接衝突	安保優先で技術統制を継続	同盟協調で輸出管理強化、サイバー抑止	脅威は継続、先端産業と雇用を守る	戦費・社会分断で民生投資が細る	80.0	64.0	86.0	96.0	90.0	82.0	92.0	12.0	低賃金職の将来不安と計算資源不足が増幅
32	SAU	サウジアラビア	Saudi Arabia	中東	圧力上昇	価格と体制安定を優先	OPEC+で小幅調整、紅海航路の警戒強化	歳入安定で改革投資と雇用を維持する	増産は価格崩れと対外摩擦、減産は非難	63.0	57.0	72.0	50.0	69.0	58.0	88.0	26.0	物価連想が雇用自動化不安と結び、将来設計が鈍る
32	EU	欧州連合	European Union	欧州	圧力上昇	雇用移行を急ぎ規制整合	対日、現場ロボ導入と移行訓練の共同枠組み提案	人手不足補完と公正競争を両立し移行を支援	合意形成遅延と財政制約で支援が薄まりがち	60.0	53.0	86.0	70.0	85.0	62.0	85.0	20.0	低賃金層の将来不安が増幅し、若者の安定志向が強まる
33	USA	アメリカ	United States	北米	圧力上昇	同盟標準とAI基盤を優先	対日へ教育AI標準・輸出管理・人材連携を要請	教育格差を抑え競争力と雇用を守る	分断と物価で成果が要る。対中制約は緩めにくい	72.0	58.0	87.0	94.0	83.0	78.0	89.0	14.0	教育のAI前提化で格差実感が強まり、努力の見返り不信と焦燥が増える
33	CHN	中国	China	東アジア	境界的圧力	技術主権と社会安定を優先	対日重要部材の許認可を教育AI用途で選別	人材競争に備え教育AI投資と雇用転換を加速	景気鈍化で成果必須、摩擦は管理したい	86.0	55.0	90.0	95.0	78.0	92.0	96.0	14.0	教育AIの環境差が可視化し、将来格差不安が増幅
33	JPN	日本	Japan	東アジア	境界的圧力	教育格差火種を抑制	同盟とAI教育支援・計算資源確保を交渉	AI前提教育へ移行、格差是正と再訓練を優先	財政硬直で現場支援が薄く炎上に弱い	62.0	57.0	92.0	64.0	98.0	60.0	96.0	5.0	環境差が進路差に直結し不公平感増、将来像が描けず焦燥が強まる
33	TWN	台湾	Taiwan	東アジア	境界的圧力	抑止維持と供給信頼	対米欧で供給協定、重要品輸送を強化	安全確保と産業継続で雇用を守る	電力・防衛費・分断で政策余力が薄い	90.0	72.0	86.0	93.0	84.0	92.0	94.0	20.0	教育AI格差の話題が供給不安と結合し、若者は将来を短期化
33	KOR	韓国	South Korea	東アジア	境界的圧力	教育AI格差と雇用不安の抑制	対日で半導体協業継続、AI人材確保も強化	教育AI標準化に合わせ再訓練と学費支援を拡充	格差拡大の反発と北朝鮮警戒で財政が逼迫	68.0	56.0	88.0	74.0	93.0	66.0	96.0	21.0	AI学習環境差が将来格差感を刺激し、焦燥が強まる
33	PRK	北朝鮮	North Korea	東アジア	境界的圧力	示威で結束、外貨を優先	短距離発射の示唆と対日サイバー窃取	外部脅威に備え体制と生活を守る	燃料・食料難で長期挑発は困難	88.0	56.0	83.0	85.0	80.0	67.0	97.0	21.0	学習環境格差の不安に安保不安が重なり、将来像が曇る
33	RUS	ロシア	Russia	ユーラシア	間接衝突	資源カードで長期持久	輸出条件を揺さぶり制裁回避網を更新	戦時経済で雇用と物価を守ると強調	部品・計算資源不足と戦費が重い	84.0	79.0	82.0	92.0	83.0	80.0	90.0	16.0	教育AI格差の不安に物価高が重なり、将来像が縮む
33	UKR	ウクライナ	Ukraine	欧州	限定戦争	支援維持で戦線と国家機能確保	EU・G7に防空/弾薬と復興金融の追加要請	教育・医療を守りつつ長期戦に耐える	兵員不足と財政逼迫、支援疲れが怖い	87.0	58.0	80.0	68.0	88.0	65.0	84.0	22.0	戦争長期化の不確実性に、AI教育格差の焦りが上乗せ
33	IRN	イラン	Iran	中東	境界的圧力	抑止維持で交渉余地確保	航路周辺で示威と監視、裏で停戦枠組み探る	主権と治安を守り生活も崩さない	制裁と歳入難で補助金が限界	70.0	83.0	78.0	73.0	87.0	75.0	90.0	18.0	燃料高と供給不安が家計と就活不安を強め、AI教育格差報道で将来像が分断される
33	ISR	イスラエル	Israel	中東	間接衝突	安保優先で技術優位維持	同盟連携で輸出管理継続、対サイバー強化	教育AI活用は推進、治安と産業も守る	戦費と分断で教育投資に回りにくい	78.0	63.0	88.0	95.0	89.0	83.0	93.0	11.0	学習環境格差が進路差に直結し不安が増幅
33	SAU	サウジアラビア	Saudi Arabia	中東	圧力上昇	価格安定と体制維持	OPEC+で需給調整、航路警戒を継続	歳入を守り改革投資と雇用を維持	増産は値崩れ、減産は対外圧力	64.0	58.0	74.0	51.0	70.0	59.0	90.0	25.0	教育のAI格差が進路不安を増幅し、生活費連想で将来設計が縮む
33	EU	欧州連合	European Union	欧州	圧力上昇	教育AI標準と規制整合	対日、教育AIの透明性基準と監査枠を要請	子どもの機会均等と安全なAI利用を守る	加盟国合意と予算で実装が遅れがち	58.0	52.0	84.0	68.0	83.0	60.0	88.0	22.0	学習環境格差が可視化し進路不安が強まる
34	USA	アメリカ	United States	北米	圧力上昇	同盟負担とAI主導を維持	対日へ海上警戒協力とAI輸出管理順守を要請	物価と雇用を守りつつ同盟で抑止する	分断と生活費で成果必須、対中緩和は困難	70.0	63.0	78.0	93.0	79.0	72.0	86.0	16.0	原油不安とAI規制で先行きが曇り、将来設計の焦燥が増える
34	CHN	中国	China	東アジア	境界的圧力	技術主権と雇用安定を優先	対日で半導体・素材の許認可を厳格運用	外部環境は不安定、供給網と雇用を守る	景気減速で成果必須、摩擦は制御したい	84.0	62.0	88.0	93.0	77.0	91.0	94.0	15.0	計算資源と就職不安が連動し、将来像が縮む感覚が強まる
34	JPN	日本	Japan	東アジア	圧力上昇	格差火種と物価を抑える	原油・LNG調達分散と海上輸送保険を強化	物価と雇用の不安に備え支援と再訓練を継続	財政硬直で即効策が薄く炎上に脆い	60.0	63.0	90.0	62.0	96.0	64.0	94.0	7.0	物価高と将来不安が続き、努力が報われない感覚が強まる
34	TWN	台湾	Taiwan	東アジア	境界的圧力	抑止強化と供給継続	同盟と訓練連携、重要品輸送を優先	安全確保と産業継続で雇用を守る	電力・防衛費・分断で余力が限界	88.0	64.0	82.0	91.0	83.0	89.0	92.0	22.0	供給不安が進路不安に直結し、若者は計画を短期化
34	KOR	韓国	South Korea	東アジア	圧力上昇	半導体主導権と安定優先	対日協業は維持しつつ装置・人材は囲い込む	雇用転換と安全保障を同時に守る投資を継続	北朝鮮警戒と物価で政権支持が揺れやすい	64.0	61.0	82.0	70.0	88.0	62.0	90.0	24.0	原油不安と職の先細り感が重なり、将来像が描きにくい
34	PRK	北朝鮮	North Korea	東アジア	境界的圧力	示威継続で譲歩を引く	発射準備を誇示し対外取引を探る	外部脅威に備え結束と配給を守る	燃料・食料不足で挑発は短期勝負	86.0	58.0	82.0	84.0	81.0	69.0	96.0	20.0	断続的な安保報道で不安が増幅し、進路選好が保守化する
34	RUS	ロシア	Russia	ユーラシア	間接衝突	資源輸出で制裁戦を持久	輸出割引と迂回網で外貨確保、影響工作も継続	外圧に耐えつつ生活と雇用を守ると強調	戦費と部材不足で生産・計算資源が詰む	82.0	74.0	79.0	91.0	81.0	78.0	88.0	18.0	物価高とAI機会格差の不安が続き、将来設計が短期化する
34	UKR	ウクライナ	Ukraine	欧州	限定戦争	防空優先で支援を固定化	EU・G7に防空/弾薬と長期財政枠を要請	都市機能と徴募を維持し持久に備える	兵員・弾薬不足、支援疲れと財政が限界	88.0	60.0	82.0	69.0	89.0	66.0	85.0	21.0	原油と物流の断続不安で将来設計が揺れ、学費・就活不安が増幅
34	IRN	イラン	Iran	中東	圧力上昇	停戦維持し制裁下の体制防衛	航路周辺の監視は継続、裏で停戦枠組みを維持	主権と治安を守り、生活難の緩和を続ける	制裁と歳入難で補助金が先細り、若者不満が怖い	62.0	74.0	70.0	72.0	84.0	68.0	86.0	22.0	燃料高が続き、家計圧迫と就活不安が長期化。将来観が縮む
34	ISR	イスラエル	Israel	中東	境界的圧力	抑止維持と限定的沈静化	停戦維持へ米欧調整、海上護衛とサイバー強化	大規模戦は回避、警戒継続と経済下支え	戦費と分断で若者投資が後回しになりやすい	70.0	58.0	82.0	92.0	86.0	78.0	90.0	14.0	資源・計算制約の長期化で将来設計が縮み不安が残る
34	SAU	サウジアラビア	Saudi Arabia	中東	圧力上昇	価格安定を優先し抑止も維持	OPEC+で小幅調整、航路監視を強化	歳入を守り改革投資と治安を両立	増産は値崩れ、減産は対外圧力増	60.0	54.0	70.0	50.0	68.0	58.0	86.0	27.0	燃料・物流不安が生活費の先行きに直結し進路設計が保守化
34	EU	欧州連合	European Union	欧州	圧力上昇	規制整合と供給網防衛	対日、AI監査相互承認と輸出管理協調を提案	安全なAIと経済防衛で雇用と秩序を守る	加盟国合意と企業反発で実装が遅い	60.0	57.0	78.0	70.0	80.0	63.0	86.0	24.0	就活と学習の基準変化が不安を増やすが、適応策次第で緩む
35	USA	アメリカ	United States	北米	圧力上昇	同盟負担増とAI統制を優先	対日へ防衛負担増とAI規制同調を要求	雇用と安全を守るため同盟で抑止強化	物価と分断で成果必須、譲歩余地が小	74.0	66.0	81.0	95.0	82.0	76.0	88.0	14.0	負担増と規制で展望が揺れ、制度不信が焦燥を増幅
35	CHN	中国	China	東アジア	境界的圧力	技術主権と体制安定を優先	対日で先端素材・装置部材の審査を強化	外圧下でも雇用と産業基盤を守る	景気減速で成果必須、摩擦は管理したい	86.0	63.0	90.0	95.0	79.0	92.0	96.0	14.0	就職・学習投資の見通しが曇り、制度不信調査で悲観が増幅
35	JPN	日本	Japan	東アジア	圧力上昇	若者不信に即応し火消し	同盟連携を維持し物価要因の外圧を緩和	不安の声を受け止め家計支援と再訓練を上積み	財政硬直で成果が遅く炎上に弱い	61.0	64.0	88.0	63.0	97.0	66.0	96.0	6.0	制度不信が可視化し将来像が曇るが、具体支援の提示で下げ止まる
35	TWN	台湾	Taiwan	東アジア	境界的圧力	抑止と供給継続を優先	同盟連携で警戒強化、供給優先枠を維持	安全確保と産業維持で雇用と生活を守る	電力・人材・防衛費で同時最適が困難	90.0	66.0	84.0	92.0	82.0	90.0	94.0	21.0	制度不信の話題と重なり、進路不安が増幅し短期志向が強まる
35	KOR	韓国	South Korea	東アジア	圧力上昇	若者不信抑えつつ技術防衛	対日協業は継続、先端人材と装置は囲い込む	将来不安に対応し雇用・物価対策を強化する	北朝鮮警戒と景気減速で政権正統性が傷みやすい	66.0	63.0	84.0	72.0	86.0	64.0	92.0	23.0	雇用の不確実性と隣国緊張が重なり不信が加速する
35	PRK	北朝鮮	North Korea	東アジア	境界的圧力	挑発管理で対価を引く	短距離発射で示威し対外取引窓口を探る	外圧に屈せず結束し配給と統制を守る	燃料・食料逼迫で長期対立は不利	88.0	60.0	84.0	86.0	82.0	71.0	97.0	18.0	制度不信報道に安保刺激が重なり、不安が連鎖し将来像が縮む
35	RUS	ロシア	Russia	ユーラシア	間接衝突	資源と情報で持久戦	資源輸出の割引継続、迂回金融と対日情報戦を強化	制裁下でも雇用と治安を守り勝ち抜くと宣伝	戦費・部材・計算資源が不足し長期化が重荷	84.0	77.0	80.0	92.0	83.0	79.0	91.0	16.0	制度不信の話題に便乗し不安が増幅、将来像が縮む
35	UKR	ウクライナ	Ukraine	欧州	限定戦争	防空と財政支援の固定化	EU・G7に防空/弾薬と復興債枠を要請	長期戦でも都市機能と徴募を守る	支援疲れと兵站限界、財政余地が薄い	87.0	62.0	83.0	70.0	90.0	67.0	88.0	20.0	不信調査がSNSで増幅し、物価・就活の不安が将来像を曇らせる
35	IRN	イラン	Iran	中東	境界的圧力	停戦維持と体制引き締め	停戦枠組みは維持、航路周辺で示威と監視	外圧下でも主権と治安を守り生活支援を続ける	制裁と歳入難で補助金縮小、若者不満が臨界	68.0	78.0	72.0	74.0	86.0	70.0	90.0	20.0	燃料高と不安報道が重なり、将来不信がSNSで増幅。就活と結婚観が冷える
35	ISR	イスラエル	Israel	中東	境界的圧力	抑止維持と内政の火消し	停戦枠の維持を米欧と再確認、サイバー即応強化	戦線拡大は避け治安と家計支援を優先する	分断と動員負担で若者の将来投資が後回し	68.0	57.0	79.0	90.0	84.0	76.0	88.0	16.0	不信調査が不安を増幅、雇用と計算制約で将来設計が縮む
35	SAU	サウジアラビア	Saudi Arabia	中東	圧力上昇	価格安定と体制安定を優先	OPEC+微調整、航路警戒と対米対話	歳入を守り改革投資と治安を維持	増産は値崩れ、減産は外圧と不満	61.0	56.0	71.0	51.0	69.0	59.0	88.0	26.0	燃料高と物流不安が将来不安調査を増幅し進路が慎重化
35	EU	欧州連合	European Union	欧州	圧力上昇	正統性防衛と規制適応	対日、AI監査標準と人材循環枠を協議	透明なAI運用で雇用と権利を守る	合意形成が遅く景気悪化が怖い	61.0	56.0	81.0	71.0	82.0	64.0	88.0	22.0	基準変更と制度不信が就活不安を増幅、説明力が鍵
36	USA	アメリカ	United States	北米	圧力上昇	同盟負担とAI統制を継続	対日へ防衛負担増・輸出管理順守を再要請	雇用と安全を守るため同盟と技術防衛を強化	制度疲労で成果要請、対外強硬が優位	76.0	63.0	79.0	96.0	85.0	78.0	90.0	12.0	負担増と技術制約が将来像を曇らせ、諦めが拡散
36	CHN	中国	China	東アジア	境界的圧力	台湾抑止と技術主権を堅持	対日で半導体・素材の審査を選別強化	外圧下でも雇用と安定を最優先する	景気鈍化で成果必須、摩擦は制御したい	84.0	61.0	88.0	94.0	78.0	91.0	95.0	16.0	制度疲労で将来像が描けず、学習投資と就職の不安が増幅
36	JPN	日本	Japan	東アジア	境界的圧力	構造改革と負担再配分	同盟調整と供給網協議で外圧吸収	短期策を改め住居・仕事・ケアを再設計	財政硬直と利害対立で実装が遅れる	63.0	60.0	84.0	61.0	98.0	67.0	94.0	5.0	短期支援の限界で不安が再燃、役割と住居像が鍵
36	TWN	台湾	Taiwan	東アジア	境界的圧力	抑止と産業耐久を優先	同盟と連携し海峡警戒と供給枠を維持	安全と雇用を守るため備えと補助を継続	電力・人材・防衛費が同時に逼迫	88.0	64.0	79.0	90.0	84.0	87.0	92.0	22.0	供給不安と緊張が進路不安を増幅し短期志向が強まる
36	KOR	韓国	South Korea	東アジア	圧力上昇	制度疲労下で雇用不安を抑制	対日協業は維持しつつ先端装置・人材を囲い込む	物価と雇用を優先し、安保は同盟で補完する	財政と世論が硬化し、配分の失点が致命傷	64.0	60.0	78.0	74.0	82.0	66.0	90.0	22.0	近隣緊張と職の不確実性が重なり、将来像が描きにくい
36	PRK	北朝鮮	North Korea	東アジア	間接衝突	示威抑制で取引余地確保	発射準備誇示と秘密接触で制裁緩和を探る	敵対勢力に備え統制を強め配給優先	燃料食料逼迫、誤算で全面化は避けたい	85.0	58.0	79.0	87.0	80.0	70.0	95.0	20.0	警戒報道が長期化し、学業就職の展望が縮み不安が常態化
36	RUS	ロシア	Russia	ユーラシア	間接衝突	資源と情報で戦争継続	資源輸出を選別・割引、迂回金融と対日攪乱を継続	長期戦でも生活と雇用を守れると強調	戦費と部材不足、制裁回避コストが増大	86.0	74.0	78.0	93.0	81.0	80.0	90.0	17.0	制度疲労の空気に不安語りが乗り、将来像が細る
36	UKR	ウクライナ	Ukraine	欧州	限定戦争	防空維持と復興資金の確保	EU・G7に防空弾薬と復興融資を再要請	制度疲労に対し生活基盤を守り抜く	支援疲れと兵力補充、財政が限界	86.0	58.0	80.0	68.0	88.0	65.0	84.0	22.0	長期化観測で将来像が霧化、就活と物価不安が増す
36	IRN	イラン	Iran	中東	境界的圧力	停戦維持しつつ示威継続	航路周辺の監視強化、代理勢力を抑制調整	外圧下でも治安と生活を守り抵抗を継続	歳入難で補助金と治安費が競合、若者不満	66.0	74.0	70.0	76.0	84.0	68.0	88.0	22.0	燃料高が家計と企業に波及。制度疲労報道で将来不信が再燃し就活意欲が鈍る
36	ISR	イスラエル	Israel	中東	境界的圧力	抑止維持と社会分断の抑制	停戦枠を米欧と維持、サイバーと輸入審査を強化	安全保障は譲れないが家計負担の緩和も続ける	動員と物価で制度疲労、若者投資が削られる	70.0	60.0	76.0	88.0	86.0	74.0	90.0	14.0	不安定報道と供給網不安で将来像が曇り、挑戦より守りが増える
36	SAU	サウジアラビア	Saudi Arabia	中東	圧力上昇	価格安定と航路安定を優先	OPEC+は小幅調整、紅海航路警戒を強化	歳入確保と治安維持で改革投資を継続	増産は値崩れ、減産は対外圧と物価不満	63.0	58.0	73.0	52.0	71.0	61.0	89.0	25.0	燃料高と物流懸念が固定化し、若者の将来設計が防衛的になる
36	EU	欧州連合	European Union	欧州	圧力上昇	制度疲労の再設計へ	対日、AI監査相互承認と研究連携を提案	規制を簡素化し雇用移行と権利を守る	加盟国利害で決定が遅れ景気が脆い	63.0	57.0	78.0	69.0	84.0	66.0	86.0	24.0	基準改定と景気不安が就活不確実性を押し上げるが、共同枠が緩衝
37	USA	アメリカ	United States	北米	圧力上昇	利益還元を梃に同盟統制	AI超過利益還元の国際枠組み主導、対日協調要求	生活費と雇用を守るため大手AIに負担を求める	財政は強いが分断深く、成果の可視化が必要	74.0	61.0	76.0	95.0	82.0	77.0	88.0	14.0	還元議論は救いになるが、統制と負担増で将来不安が続く
37	CHN	中国	China	東アジア	境界的圧力	分配議論を主導し安定優先	AI利益還元を対外提案し対日監督継続	外圧下でも雇用と生活の下支えを強化	景気鈍化で分配が必要、対外摩擦は管理	82.0	60.0	86.0	93.0	76.0	90.0	94.0	17.0	分配論は希望材料だが供給制約で就学・就職不安は高止まり
37	JPN	日本	Japan	東アジア	境界的圧力	還元議論を国内実装へ接続	還元枠組み協調と供給網・同盟調整を継続	AI利益を教育・ケア・雇用へ回す方針を示す	財政硬直と利害対立で配分が遅れる	62.0	58.0	82.0	60.0	97.0	66.0	90.0	7.0	還元の見通しは希望を支えるが、雇用不安が残る
37	TWN	台湾	Taiwan	東アジア	境界的圧力	抑止維持と分配議論を活用	供給信頼を示し国際分配枠に参加	雇用と生活を守り成長果実を還元	還元財源は不確実、安保費と競合	86.0	62.0	76.0	88.0	82.0	85.0	89.0	24.0	還元議論で希望は微増も、海峡緊張が進路不安を残す
37	KOR	韓国	South Korea	東アジア	圧力上昇	利益還元で雇用不安を緩和	AI利益還元の枠組み主導と対日協業維持	超過利益を教育・再訓練へ回し格差を抑える	財政・世論の硬化で再分配は対立を招く	63.0	58.0	74.0	72.0	80.0	64.0	88.0	24.0	再訓練競争と供給網不安で将来設計が揺らぐが、協業余地は残る
37	PRK	北朝鮮	North Korea	東アジア	間接衝突	示威と交渉の両建て維持	短距離示威と秘密接触で譲歩を探る	外圧下でも体制守り生活配給を優先	外貨枯渇と統制疲れ、誤算は避けたい	83.0	57.0	76.0	86.0	79.0	69.0	94.0	19.0	報道と不確実性が続き、進路選択が保守化し不安が粘る
37	RUS	ロシア	Russia	ユーラシア	間接衝突	資源収入で長期戦を維持	資源輸出を選別し制裁回避網を拡張	外圧下でも賃金と治安を守ると訴求	戦費増と部材不足、統治コストが重い	84.0	76.0	79.0	92.0	82.0	81.0	91.0	16.0	AI利益還元論が空論化し、努力の見返り不信が増す
37	UKR	ウクライナ	Ukraine	欧州	限定戦争	防空維持と復興資金の再確保	G7に防空弾薬と復興融資、AI利益還元枠の適用を要請	戦時でも生活維持を優先し復興の道筋を固める	支援疲れと財政逼迫で兵站と年金が競合	84.0	57.0	78.0	66.0	87.0	63.0	82.0	24.0	戦争長期化観測は継続。AI利益還元議論で将来不安は微減
37	IRN	イラン	Iran	中東	境界的圧力	停戦下で抑止と内政優先	航路周辺で示威抑制、交渉窓口維持	外圧下でも生活を守り抵抗継続	制裁と歳入難、若者不満が限界	64.0	72.0	68.0	77.0	82.0	66.0	86.0	24.0	燃料高と停戦再燃報道で不安が優勢。AI利益還元論が格差感を刺激し、将来期待は小幅に悪化
37	ISR	イスラエル	Israel	中東	境界的圧力	技術優位と抑止を優先	AI利益還元案へ例外確保をロビー、輸出審査とサイバー連携強化	安全保障と生活を守るため技術投資を維持する	動員・物価・政治分断で財政配分が限界	68.0	57.0	72.0	86.0	84.0	71.0	88.0	16.0	中東不安と計算資源逼迫の連想で、将来が見えず慎重化が進む
37	SAU	サウジアラビア	Saudi Arabia	中東	圧力上昇	価格安定と対外均衡を優先	OPEC+は据置寄り、小幅調整を示唆	歳入を守り改革投資と物価抑制を両立	増産は値崩れ、減産は対外圧が痛い	64.0	61.0	70.0	51.0	72.0	62.0	86.0	24.0	燃料高が固定化し、若者は挑戦より守りの選択へ
37	EU	欧州連合	European Union	欧州	圧力上昇	利益還元と規制安定化	対日、利益還元の枠組みと監査互換を協議	AI利益を教育・移行支援へ回す	加盟国差と景気減速で合意が遅い	62.0	56.0	75.0	68.0	85.0	65.0	83.0	26.0	還元論は希望材料だが景気鈍化で就活不安が残る
38	USA	アメリカ	United States	北米	圧力上昇	同盟負担増とAI統制強化	対日へ防衛負担と対中輸出管理を要求	安全保障と生活支援を両立し雇用を守る	分断下で成果可視化が必須、譲歩余地小	78.0	64.0	74.0	96.0	84.0	79.0	90.0	12.0	負担増と将来不安が強まり、挑戦意欲が萎える
38	CHN	中国	China	東アジア	境界的圧力	対日圧力を調整し分断を誘う	台湾周辺で示威継続、対日輸出管理を選別運用	外圧を抑えつつ雇用と秩序を守る	景気鈍化で失業不安、対外強硬は制御	84.0	61.0	87.0	94.0	79.0	91.0	95.0	15.0	防衛と生活支援の対立が可視化し、将来像が割れる
38	JPN	日本	Japan	東アジア	境界的圧力	配分対立の沈静化優先	同盟調整と調達分散、費用分担交渉	防衛と生活を両立、痛みは最小化	硬直財政で再配分が遅れ対立が残る	64.0	60.0	84.0	62.0	98.0	68.0	92.0	6.0	支援と負担の綱引きが可視化し将来像が揺れる
38	TWN	台湾	Taiwan	東アジア	境界的圧力	抑止優先で生活支援を絞る	半導体供給枠を維持し同盟調整を強化	安全保障を最優先、支援は重点化する	防衛費増で生活支援の余力が縮む	88.0	63.0	78.0	90.0	85.0	86.0	91.0	23.0	将来不安が増幅。進路は慎重化、希望は横ばい〜微減
38	KOR	韓国	South Korea	東アジア	圧力上昇	生活支援と防衛の綱渡り	対米連携で抑止維持、調達・輸出管理を調整	防衛は必要、ただし生活支援も削らない	財源が限界で世代間対立が増幅しやすい	64.0	57.0	72.0	70.0	82.0	66.0	86.0	23.0	防衛と支援の奪い合いが可視化し、将来像が曇る
38	PRK	北朝鮮	North Korea	東アジア	境界的圧力	示威で譲歩を引き出す	短距離発射示唆と瀬戸際発言で揺さぶる	強硬姿勢で安全を守り配給を維持	外貨不足と統制疲れ、誤算は回避	88.0	60.0	78.0	87.0	82.0	71.0	95.0	16.0	防衛費vs生活支援が可視化し将来不安が増幅、挑戦回避へ
38	RUS	ロシア	Russia	ユーラシア	間接衝突	長期戦維持へ外圧を分散	資源輸出を選別し友好国へ値引き強化	制裁下でも雇用と生活を守ると強調	戦費・部材不足で統治コスト増大	86.0	72.0	77.0	93.0	85.0	82.0	90.0	14.0	防衛と生活の取り合いが可視化し将来像が曇る
38	UKR	ウクライナ	Ukraine	欧州	限定戦争	支援疲れ抑えつつ防空優先	EU/G7に防空・復興融資の前倒し要請	防空と生活維持を同時に守り抜く	歳入弱く兵站・年金・支援が競合	86.0	58.0	79.0	67.0	89.0	64.0	83.0	23.0	安保費と生活支援の競合観測で将来不安が再燃しやすい
38	IRN	イラン	Iran	中東	境界的圧力	停戦維持し交渉で圧力	航路で示威と対話窓口を併用	外圧に屈せず生活も守る	制裁歳入難と若者不満が重い	66.0	78.0	70.0	79.0	84.0	68.0	88.0	22.0	燃料高と再燃懸念が続き、支援と防衛の財源競合が将来不安を強める
38	ISR	イスラエル	Israel	中東	間接衝突	抑止優先、生活は最小補填	米と弾薬・迎撃補給を調整、輸出審査と対サイバー連携を強化	安全保障を最優先しつつ家計支援も絞って継続する	動員長期化で財政と世論が限界、世代対立が再燃	70.0	60.0	74.0	84.0	86.0	72.0	89.0	14.0	防衛と生活支援の綱引きが重なり、若者は将来設計を先送りしがち
38	SAU	サウジアラビア	Saudi Arabia	中東	圧力上昇	価格安定で均衡維持	OPEC+で据置寄り、小幅調整を協議	歳入確保で改革投資と物価を両立	値崩れ回避と対外圧力の板挟み	63.0	58.0	72.0	52.0	74.0	63.0	87.0	22.0	生活支援と安保費の財源競合が可視化し、若者は将来に慎重化
38	EU	欧州連合	European Union	欧州	圧力上昇	負担調整と規制整合	対日、AI監査互換と供給網対話を加速	生活支援は維持し安全保障も段階的に強化	財源競合と加盟国差で決定が遅れる	64.0	57.0	73.0	66.0	88.0	67.0	84.0	24.0	支援の言葉はあるが財源競合で将来像が揺れ不安
39	USA	アメリカ	United States	北米	圧力上昇	同盟結束と産業AI加速	対日へAI投資協調と輸出管理順守を要請	雇用を守るため中小企業AI支援と保護策を強化	分断と物価で成果が必須、対外強硬が楽	76.0	61.0	81.0	92.0	79.0	74.0	88.0	16.0	中小の淘汰不安が増幅し、若者は安定志向へ傾く
39	CHN	中国	China	東アジア	境界的圧力	対日圧力を選別し揺さぶる	台湾周辺で示威維持、対日素材輸出を選別	雇用と秩序を守り外圧に対抗する	内需鈍化で失業懸念、強硬は制御	86.0	60.0	90.0	95.0	80.0	92.0	96.0	14.0	中小の淘汰不安が直撃し、努力観と将来像が分断する
39	JPN	日本	Japan	東アジア	境界的圧力	雇用不安の抑制を優先	同盟と連携しAI投資・中小支援を急ぐ	雇用の急変を抑え、移行支援を厚くする	財政と制度が硬直し迅速給付が難しい	61.0	58.0	89.0	60.0	96.0	67.0	94.0	7.0	淘汰と転職圧で将来像が曇り、学び直し格差が刺さる
39	TWN	台湾	Taiwan	東アジア	境界的圧力	抑止維持と産業転換支援	同盟と供給保証を再調整し投資を誘導	雇用転換を急ぎ成長と安全を両立	防衛費と転換支援で財政が逼迫	87.0	64.0	82.0	91.0	86.0	87.0	93.0	22.0	半導体不安に雇用不安が重なり、進路は保守化。希望は微減
39	KOR	韓国	South Korea	東アジア	圧力上昇	雇用不安と安保の同時管理	対米協調で抑止維持、半導体投資優遇を調整	AI移行で痛みは出るが雇用支援で吸収する	若者支援と防衛費が競合、財源説明が難しい	63.0	56.0	78.0	68.0	83.0	67.0	88.0	22.0	雇用淘汰の連想が拡散し、将来設計が萎縮しやすい
39	PRK	北朝鮮	North Korea	東アジア	間接衝突	瀬戸際で体制引き締め	ミサイル訓練示唆と交渉窓口維持	外圧下でも体制が生活を守る	外貨難と統制疲れ、誤算は回避	90.0	62.0	81.0	88.0	83.0	73.0	96.0	15.0	雇用不安に安全保障不安が重なり挑戦回避が増える
39	RUS	ロシア	Russia	ユーラシア	間接衝突	戦費維持で外圧分散	資源輸出を政治化し制裁回避網を拡張	長期戦でも雇用と物価を守ると強調	戦費・部材・人材流出で統治負担増	88.0	74.0	79.0	94.0	86.0	83.0	91.0	13.0	世界不安とAI淘汰が重なり、就職と生活設計の不確実性が増す
39	UKR	ウクライナ	Ukraine	欧州	限定戦争	防空優先で支援枠死守	EU/G7に防空弾薬と復興財源の確約要請	前線維持と生活基盤を同時に守る	財政逼迫で復興・兵站・社会保障が競合	87.0	61.0	82.0	70.0	90.0	66.0	84.0	21.0	安保費と景気不安、AI淘汰観測が重なり将来像が曇る
39	IRN	イラン	Iran	中東	境界的圧力	停戦維持し制裁緩和狙い	航路示威を抑え仲介交渉を継続	停戦を守り生活支援を優先する	歳入難と若者不満で強硬は限界	64.0	76.0	74.0	80.0	85.0	69.0	90.0	21.0	AI淘汰で就業不安が増幅、燃料高が追い打ち
39	ISR	イスラエル	Israel	中東	間接衝突	抑止継続、家計は薄く補填	米と迎撃・弾薬補給を継続、輸出審査強化	安全優先だが物価対策も最小限で続ける	動員長期化で財政・世論が硬直、妥協余地薄	72.0	62.0	77.0	86.0	88.0	74.0	91.0	13.0	AI淘汰不安に地政学と供給制約が重なり、将来設計を縮める
39	SAU	サウジアラビア	Saudi Arabia	中東	圧力上昇	価格安定優先で調整維持	OPEC+で小幅調整を主導し急変動を抑制	歳入と改革投資を守り生活安定を優先	米国圧力と域内不安で増産余地が限定	64.0	60.0	75.0	53.0	76.0	65.0	88.0	20.0	物価と雇用不安が重なり、若者は将来設計を先送りしやすい
39	EU	欧州連合	European Union	欧州	圧力上昇	規制整合と雇用緩衝	対日、AI監査互換と中小支援枠組み協議	規制で公正維持し雇用移行支援を拡充	加盟国差と財源競合で即効策が限定	63.0	56.0	76.0	68.0	90.0	66.0	86.0	23.0	雇用不安が増幅。欧州規制対応負担で将来像が揺れやすい
40	USA	アメリカ	United States	北米	圧力上昇	同盟とAI供給網の締結束	対日へ介護DX投資協調と輸出管理順守を要求	生活費対策とAI競争力を同時に守る	国内分断と選挙圧、成果が急務で強硬寄り	77.0	60.0	84.0	93.0	80.0	75.0	90.0	15.0	介護DX格差が将来不安を増幅、都市偏重感で悲観が強まる
40	CHN	中国	China	東アジア	境界的圧力	対日圧力を選別し継続	台湾示威維持、対日部材・データ規制を運用	雇用と秩序を守り外圧に対抗する	内需鈍化と失業懸念、過度な強硬は抑制	88.0	58.0	92.0	96.0	82.0	93.0	97.0	13.0	介護の地域格差が不安を増幅し、将来像が縮む
40	JPN	日本	Japan	東アジア	境界的圧力	移行支援を絞り込み	同盟と供給網で介護機器・部材を確保	都市/地方格差を抑え介護現場を支える	財政硬直で即応給付が細り現場に届きにくい	63.0	57.0	88.0	62.0	97.0	69.0	95.0	6.0	介護現場の格差が可視化し、地方の将来像が暗くなる
40	TWN	台湾	Taiwan	東アジア	境界的圧力	抑止強化と供給信頼維持	米日欧へ供給優先枠と共同備蓄を提案	安全と雇用転換を同時に進める	防衛費と産業補助で財政が硬直化	88.0	63.0	79.0	90.0	84.0	86.0	92.0	24.0	介護自動化の格差報道が不安を増幅。半導体逼迫観測で進路は堅実化
40	KOR	韓国	South Korea	東アジア	圧力上昇	同盟維持と産業防衛	対米協調で抑止維持、半導体支援を選別	安保と雇用を両立、介護現場も段階支援	介護格差と若者不満、財源と対外圧が重い	64.0	57.0	80.0	69.0	84.0	68.0	89.0	21.0	介護格差と雇用不安が連想され、将来設計が縮む
40	PRK	北朝鮮	North Korea	東アジア	間接衝突	瀬戸際で威嚇と管理	短距離発射示唆、対話窓口は残す	外圧に屈せず国防で生活を守る	외貨難で挑発は限定、誤算は避けたい	92.0	60.0	83.0	89.0	84.0	74.0	97.0	14.0	介護現場格差の不安に安保不安が重なり将来観が冷える
40	RUS	ロシア	Russia	ユーラシア	間接衝突	資源を梃子に外圧分散	影の貿易網拡大と資源条件を硬化	制裁下でも生活と雇用は守れる	戦費負担と部材不足で余力が細る	86.0	72.0	77.0	92.0	84.0	81.0	89.0	15.0	介護ロボ格差が不安を増幅。地方の将来像が曇り、進路決定が慎重化
40	UKR	ウクライナ	Ukraine	欧州	限定戦争	防空と復興資金の確保	EU/G7に防空弾薬と復興債務枠を要請	前線維持と生活防衛を優先する	支援の先細り懸念、動員疲労が重い	86.0	63.0	80.0	69.0	89.0	67.0	83.0	22.0	介護ロボ格差で不安増、海外危機が将来設計を曇らす
40	IRN	イラン	Iran	中東	境界的圧力	停戦維持で制裁緩和探る	航路示威を抑え仲介交渉と対米窓口維持	生活防衛を優先し外圧に耐える姿勢を示す	歳入難と若者不満で強硬策は長期化不可	60.0	72.0	70.0	78.0	83.0	66.0	86.0	24.0	燃料高とSNS不安が残り、介護現場の格差不安と重なる
40	ISR	イスラエル	Israel	中東	間接衝突	抑止優先、技術統制を強化	米と迎撃連携継続、AI・ロボ輸出審査を拡大	安全確保が最優先、生活負担は限定的に補助	動員長期化で財政硬直、妥協は政治コスト高	74.0	64.0	79.0	88.0	90.0	76.0	92.0	12.0	介護ロボ格差の焦りに、半導体制約が重なり閉塞感増
40	SAU	サウジアラビア	Saudi Arabia	中東	圧力上昇	価格安定と対外均衡を維持	OPEC+で小幅調整、停戦再燃に備え警戒	収益安定で改革投資と生活支援を継続	米国圧力と域内不安で増産余地が狭い	63.0	58.0	74.0	53.0	75.0	64.0	86.0	21.0	介護ロボ格差で負担感が増し、物価不安と重なり将来設計を先送り
40	EU	欧州連合	European Union	欧州	圧力上昇	導入格差を是正し雇用移行	対日、介護DX標準と人材移行支援を協議	介護の生産性向上と地方支援を同時に進める	加盟国差と財源で一律支援が難しい	61.0	54.0	79.0	66.0	88.0	64.0	84.0	24.0	介護分野の格差が将来不安を刺激。移行策次第で緩和
41	USA	アメリカ	United States	北米	圧力上昇	同盟負担増とAI優位維持	対日へ防衛協力拡大と輸出管理順守を再要請	競争と停戦不安に備え雇用と供給網を守る	選挙・分断で成果が必要、同盟へ要求が強まる	78.0	58.0	80.0	92.0	77.0	72.0	84.0	23.0	共同PJが局所の希望を補うが、計算資源不安が残る
41	CHN	中国	China	東アジア	境界的圧力	圧力を選別し継続	台湾周辺で示威維持、対日要所品の許認可を調整	外圧に備え産業と雇用を守る	内需停滞と失業懸念、強硬一辺倒は負担	86.0	57.0	88.0	94.0	80.0	90.0	89.0	19.0	共同PJが小さな手応えを作るが、職と先端産業不安は残る
41	JPN	日本	Japan	東アジア	圧力上昇	若者協働を制度に接続	同盟協議でエネルギー・部材調達を分散	地域横断の取組を支え負担増を抑える	財政硬直で広く薄い支援に戻せない	61.0	56.0	84.0	60.0	96.0	67.0	88.0	10.0	協働の成功例が見えると希望は戻るが、負担感は残る
41	TWN	台湾	Taiwan	東アジア	圧力上昇	抑止維持と供給安定	日米欧へ供給優先枠を再確認し共同備蓄	危機は続くが雇用と物価対策を並行	防衛と産業補助で財政硬直、余力薄	84.0	60.0	74.0	88.0	82.0	83.0	86.0	26.0	供給不安は残るが、共同PJ報道が連帯感を補強
41	KOR	韓国	South Korea	東アジア	圧力上昇	同盟維持と産業防衛を調整	対米協調で抑止維持、半導体協力を選別	雇用と安保を両立、若者プロジェクト支援を拡充	財源不足で若者支援と防衛費が競合	63.0	56.0	74.0	66.0	81.0	65.0	84.0	24.0	共同PJの芽は希望だが、雇用不安とSNS増幅で将来像が揺れる
41	PRK	北朝鮮	North Korea	東アジア	間接衝突	瀬戸際挑発を管理し継続	発射準備を誇示、対話窓口は維持	外圧に備え結束と国防を優先	外貨・食料難で長期緊張は負担	90.0	58.0	80.0	88.0	82.0	72.0	92.0	18.0	安保不安は強いが協働PJが不安の連鎖を一部遮断
41	RUS	ロシア	Russia	ユーラシア	間接衝突	資源と情報で外圧を分散	資源条件を硬化し制裁迂回網を拡張	包囲下でも賃金と治安を守る	戦費と部材不足で統治余力が削れる	84.0	70.0	74.0	91.0	82.0	79.0	84.0	22.0	不安は続くが、共同PJが局所的に希望と選択肢を可視化
41	UKR	ウクライナ	Ukraine	欧州	限定戦争	防空維持と復興資金の確保	EU/G7に防空・発電支援と復興融資枠を要請	前線と生活基盤を同時に守る方針だ	支援の揺らぎと動員疲労で統治負担が重い	84.0	60.0	78.0	66.0	87.0	65.0	79.0	26.0	危機報道は残るが共同PJ増で孤立感が少し和らぐ
41	IRN	イラン	Iran	中東	境界的圧力	停戦維持で制裁緩和を探る	航路は抑制しつつ仲介交渉と対米窓口維持	外圧に耐えつつ物価対策と治安を優先	歳入難と若年層不満で強硬策は継続困難	58.0	68.0	66.0	76.0	80.0	63.0	78.0	30.0	燃料高不安は残るが、共同PJ増で将来感の底割れは抑制
41	ISR	イスラエル	Israel	中東	間接衝突	抑止継続、技術流出を警戒	米と迎撃・サイバー連携、先端AI輸出審査強化	安全確保を優先、負担増は限定補助で抑える	動員長期化で財政硬直、停戦は脆い	72.0	62.0	77.0	86.0	88.0	74.0	86.0	18.0	計算資源制約が続く一方、共同PJが不安の連鎖を少し切る
41	SAU	サウジアラビア	Saudi Arabia	中東	圧力上昇	価格安定と対外均衡を継続	OPEC+小幅調整、停戦再燃へ警戒強化	収益安定で改革投資と生活支援を継続	米国圧力と域内不安で増産余地が狭い	62.0	56.0	70.0	52.0	72.0	62.0	78.0	28.0	物価不安は続くが、共同PJで連帯感が増し悲観がやや緩む
41	EU	欧州連合	European Union	欧州	圧力上昇	規制調整で雇用移行を優先	対日、介護DX標準と若者PJ連携枠を協議	雇用移行と物価対策を同時に進める	加盟国差と財源で支援の厚みが割れる	60.0	52.0	72.0	63.0	84.0	61.0	77.0	30.0	協業の見える化で不安はやや低下。移行遅れは将来不安に残る
42	USA	アメリカ	United States	北米	圧力上昇	同盟要求と景気防衛	対日へ防衛負担増と輸出管理順守要請	雇用と供給網を守り抑止を維持する	景気後退で成果が要る、同盟へ圧力	81.0	61.0	86.0	93.0	81.0	76.0	87.0	19.0	初職不安が増幅し、挑戦より安定志向が強まる
42	CHN	中国	China	東アジア	境界的圧力	対外圧力は選別し内需優先	台湾周辺の示威は維持、対日要所品は選別許認可	景気減速下でも雇用と安定を守る	輸出不安と雇用圧、強硬のコストが増大	88.0	59.0	92.0	95.0	83.0	91.0	91.0	17.0	初職不安と先端供給不安が増幅、将来期待は冷えやすい
42	JPN	日本	Japan	東アジア	圧力上昇	雇用不安を最優先で抑制	同盟・中東停戦下で燃料調達を分散	景気後退に備え雇用と生活を守る	財政硬直で厚い支援は続けにくい	63.0	57.0	88.0	62.0	97.0	70.0	90.0	9.0	就活・転職の見通しが曇り将来不安が増幅する
42	TWN	台湾	Taiwan	東アジア	境界的圧力	抑止維持と景気下支え	日米欧に供給安定枠を再確認し投資継続	景気逆風でも雇用と安全を同時に守る	防衛・補助金が重く若者支援が削れない	82.0	58.0	78.0	86.0	84.0	80.0	88.0	24.0	半導体不安と求人悪化が重なり将来不安が増幅
42	KOR	韓国	South Korea	東アジア	圧力上昇	同盟抑止と雇用安定を優先	対米協議で抑止強化、供給網協力は条件付	景気減速に備え雇用支援と安保を同時に守る	輸出鈍化で財源逼迫、半導体競争も激化	64.0	57.0	78.0	68.0	83.0	67.0	85.0	23.0	初職不安が増幅し将来像が霞む一方、共同支援が見えれば持ち直す
42	PRK	北朝鮮	North Korea	東アジア	間接衝突	挑発は抑制し既成事実化	短距離発射を示威、対話窓口は維持	景気後退は外圧の結果、結束で耐える	外貨・食料難で制裁強化は致命傷	88.0	60.0	82.0	89.0	84.0	74.0	93.0	16.0	景気不安と安保不安が重なり将来像が縮む
42	RUS	ロシア	Russia	ユーラシア	間接衝突	資源収入優先で圧力維持	資源条件を硬化し迂回貿易を拡大	景気逆風でも雇用と治安を守る	戦費と投資不足で成長余力が薄い	86.0	76.0	81.0	92.0	84.0	83.0	88.0	18.0	初職不安が増幅し、将来像が短期化。学習投資も迷いが出る
42	UKR	ウクライナ	Ukraine	欧州	限定戦争	防空維持と資金確保優先	EU/G7に景気後退下の融資・防空継続を要請	景気悪化でも前線と生活基盤を守る	支援疲れと財政難で動員不満が増す	86.0	63.0	81.0	68.0	90.0	67.0	82.0	24.0	景気後退と戦争報道が重なり将来不安が増幅、挑戦意欲が冷える
42	IRN	イラン	Iran	中東	境界的圧力	停戦維持で内政安定を優先	航路攪乱は抑えつつ制裁緩和交渉を加速	外圧下でも物価と雇用を守り体制を維持	景気後退で歳入悪化、強硬路線は持たない	60.0	70.0	69.0	78.0	82.0	65.0	80.0	28.0	燃料高と景気悪化が重なり将来不安が増幅、挑戦意欲が萎む
42	ISR	イスラエル	Israel	中東	間接衝突	抑止継続、景気悪化に備える	米と迎撃・サイバー連携維持、輸出審査は厳格化	治安と雇用を同時に守る、支援は選別実施	動員長期化で財政硬直、停戦は再燃リスク	74.0	66.0	82.0	88.0	90.0	78.0	88.0	16.0	景気後退と半導体制約が不安を増幅、将来設計が縮む
42	SAU	サウジアラビア	Saudi Arabia	中東	圧力上昇	減産維持で収益と安定優先	OPEC+維持寄り、停戦監視と海上警備	財政と改革投資を守り雇用を下支え	需要減で値崩れ怖いが増産は政治的に難	60.0	58.0	74.0	50.0	73.0	61.0	79.0	27.0	原油高止まりと景気後退観測で将来不安が増幅
42	EU	欧州連合	European Union	欧州	圧力上昇	景気後退で安定優先	対日、規制整合と雇用移行協力を継続	雇用と物価を守り競争力を維持	加盟国差と選挙で合意が遅い	58.0	54.0	78.0	60.0	86.0	63.0	80.0	28.0	初職不安が強まり慎重化。協業枠が見えれば安心は少し戻る
43	USA	アメリカ	United States	北米	境界的圧力	規制同盟化で主導権確保	対日へ輸出管理整合と共同規制枠組み要求	安全と雇用を守るため同盟と規制を強化	企業反発と中東停戦不安で同盟圧力	78.0	60.0	83.0	96.0	84.0	80.0	86.0	17.0	計算資源と就職の詰まりが強まり、将来像が縮む
43	CHN	中国	China	東アジア	境界的圧力	規制分断を梃に技術主権強化	AI規制枠組み主導、対日要所品は許認可で調整	外圧下でも安全と雇用を守る制度整備	成長鈍化で雇用不安、強硬は投資離反を招く	90.0	60.0	93.0	96.0	82.0	92.0	92.0	16.0	先端供給と就職不安が重なり将来期待が冷えやすい
43	JPN	日本	Japan	東アジア	圧力上昇	規制分断に適応し緩衝	米欧同盟維持と輸出管理対応を調整	安全と成長を両立し雇用を守る	財政硬直で支援の厚みを出せない	64.0	56.0	86.0	71.0	96.0	78.0	92.0	8.0	規制分断で進路と技能投資が揺れ不安が増す
43	TWN	台湾	Taiwan	東アジア	境界的圧力	規制分断下で供給死守	日米欧へ適合策提示し輸出管理対応枠組み	規制変化に備え雇用と産業を守る	対外要件が増えコスト高、補助金が膨張	84.0	60.0	81.0	90.0	87.0	83.0	90.0	22.0	半導体とAI就活の見通しが曇り不安が拡散、ただし破局感は限定
43	KOR	韓国	South Korea	東アジア	境界的圧力	規制陣営選択を迫られる	対米協議で規制整合、対中は限定協力	安全と雇用を守るため段階的に制度対応	輸出依存と世論分断で中立が取りにくい	66.0	58.0	81.0	74.0	86.0	72.0	88.0	21.0	AI進路が揺れ就活不安が増幅、挑戦より防衛に傾く
43	PRK	北朝鮮	North Korea	東アジア	間接衝突	規制分断を隙に制裁回避	サイバー窃取強化、発射は抑え示威	外圧下でも自力更生で体制守る	外貨不足で挑発過多は危険	86.0	58.0	80.0	90.0	82.0	72.0	92.0	18.0	安保とAI雇用不安が連結し将来感が曇る
43	RUS	ロシア	Russia	ユーラシア	間接衝突	制裁回避と資源収入死守	AI規制分断を利用し迂回貿易を強化	外圧下でも賃金と治安を守る	技術制約と戦費で産業更新が遅い	87.0	79.0	83.0	95.0	86.0	85.0	90.0	16.0	規制分断で学習・就職の見通しが曇り不安が常態化
43	UKR	ウクライナ	Ukraine	欧州	限定戦争	防空と資金確保を最優先	EU/G7に防空・融資継続とAI輸出規制の例外枠を要請	規制分断下でも前線と生活を守る	支援疲れと規制で復興投資が鈍る	88.0	66.0	83.0	74.0	91.0	69.0	84.0	22.0	規制分断と戦争長期化報道で将来像が曇り、不安が増幅
43	IRN	イラン	Iran	中東	境界的圧力	制裁下で体制防衛を優先	AI規制分断を利用し取引先を分散	外圧下でも統制と生活を守る	制裁と失業で強硬継続は困難	63.0	72.0	71.0	81.0	84.0	68.0	82.0	26.0	燃料高とAI不確実性が重なり将来像が曇り不安が増す
43	ISR	イスラエル	Israel	中東	間接衝突	安全と技術供給を優先	輸出管理を強化、米欧と規制整合を主導	技術優位と雇用を守るため管理を徹底	動員と財政硬直で産業支援が限定的	76.0	64.0	84.0	92.0	91.0	82.0	90.0	14.0	AI規制分断で進路不安が増幅、挑戦の萎縮が進む
43	SAU	サウジアラビア	Saudi Arabia	中東	圧力上昇	減産軸で安定と投資守る	OPEC+結束を優先、海上安全と停戦監視	価格安定で歳入確保し雇用・改革を継続	規制分断で投資先分散、値崩れが最大懸念	63.0	61.0	76.0	52.0	72.0	62.0	80.0	26.0	エネルギー高止まりとAI分断で就職不安が増幅
43	EU	欧州連合	European Union	欧州	圧力上昇	規制整合と景気安定	AI規制同盟を強化し対日整合を要求	安全と雇用を守るため規制主導で競争力維持	加盟国差と選挙で妥協が増え遅い	60.0	53.0	80.0	62.0	84.0	66.0	82.0	26.0	規制分断で就職観が硬直。不確実性が長引き慎重化
44	USA	アメリカ	United States	北米	境界的圧力	同盟負担増とAI統制強化	対日へ規制整合と費用分担、教育連携要求	生活負担と安全を守るため同盟と産業を動員	教育費政治化で歳出逼迫、企業反発も強い	80.0	62.0	86.0	95.0	88.0	82.0	87.0	16.0	学費と雇用の不安が重なり、将来設計が縮む
44	CHN	中国	China	東アジア	境界的圧力	技術主権優先で対日てこ	重要鉱物・部材の許認可を厳格化	雇用と学費負担を守るため管理強化	成長鈍化で若者不満、過度強硬は逆風	88.0	58.0	90.0	95.0	80.0	90.0	93.0	18.0	学費不安の政治化に供給制約が重なり将来像が曇る
44	JPN	日本	Japan	東アジア	圧力上昇	教育費対策を前面に緩衝	同盟調整継続、教育・人材投資で協調	教育費負担を下げ学び直しを支える	財源制約で防衛・給付と奪い合い	63.0	57.0	82.0	72.0	97.0	79.0	93.0	7.0	学費不安が進路と結婚観を冷やし、努力の回収感が揺れる
44	TWN	台湾	Taiwan	東アジア	境界的圧力	供給安定と対外適合を優先	日米欧へ供給継続と規制適合を再提示	雇用と産業を守り不確実性に備える	補助金膨張で教育支援と防衛が競合	86.0	61.0	83.0	91.0	89.0	85.0	92.0	21.0	教育費の政治化で将来設計が縮み、就活不安が増幅
44	KOR	韓国	South Korea	東アジア	境界的圧力	半導体主導権と治安優先	対米で規制整合強化、対中依存を縮小	教育負担と雇用不安へ追加支援で社会安定	防衛費と教育支援が財政枠で衝突	69.0	57.0	83.0	78.0	88.0	74.0	90.0	19.0	進学費と就職難が重なり将来像が縮む。不安拡散
44	PRK	北朝鮮	North Korea	東アジア	間接衝突	示威と窃取で体制資金確保	サイバー窃取増、短距離発射で示威	外圧に屈せず抑止と自力更生を継続	外貨難。過剰挑発は制裁強化を招く	88.0	56.0	83.0	92.0	81.0	74.0	93.0	17.0	安保不安が教育費論争と結び、将来設計が縮む
44	RUS	ロシア	Russia	ユーラシア	間接衝突	資源収入と戦費を優先	資源輸出を再配分し制裁迂回を強化	外圧下でも雇用と給付を守り抜く	戦費と技術制約で産業更新が詰まる	88.0	82.0	78.0	94.0	84.0	83.0	91.0	15.0	物価と学費不安が重なり将来設計が縮む
44	UKR	ウクライナ	Ukraine	欧州	限定戦争	防空維持と長期財源確保	G7/EUに複数年支援と復興資金を要請	戦時でも教育と生活の最低線は守る	支援疲れで教育・復興が後回しになり得る	86.0	63.0	82.0	75.0	92.0	68.0	85.0	21.0	支援競合で教育費不安が増幅し、学び直しに慎重化
44	IRN	イラン	Iran	中東	境界的圧力	体制維持へ生活不満を抑制	停戦を維持しつつ海上圧力で交渉力確保	教育と生活を守り外圧に屈しない	制裁と失業で給付拡大は限界が近い	64.0	76.0	73.0	82.0	86.0	70.0	83.0	24.0	燃料高と学費不安が重なり将来設計が細り、焦燥が増す
44	ISR	イスラエル	Israel	中東	間接衝突	安全優先、供給は選別	輸出管理を維持し同盟と共同調達	安全と成長を両立、負担は抑制	動員と治安で予算が硬直し支援薄	78.0	66.0	86.0	93.0	92.0	84.0	91.0	13.0	計算資源逼迫と物価で進学費不安が増幅、将来像が縮む
44	SAU	サウジアラビア	Saudi Arabia	中東	圧力上昇	価格防衛と対外安定を優先	OPEC+調整で緩やかに供給管理、海上安全協力	歳入を確保し改革投資と雇用を維持する	需要減と域内不安で、値崩れ回避が最優先	61.0	60.0	78.0	52.0	73.0	63.0	82.0	25.0	生活コスト高が進学費議論を刺激し、将来不安が増幅
44	EU	欧州連合	European Union	欧州	圧力上昇	規制整合と若者支援優先	AI規制整合を対日要請、教育支援協調	教育負担を緩和し雇用転換を支える	加盟国差と財政制約で支援が薄まり得る	61.0	54.0	82.0	63.0	86.0	67.0	85.0	25.0	規制適応と学費不安が重なり将来設計が慎重化
45	USA	アメリカ	United States	北米	境界的圧力	同盟動員とAI統制を優先	対日へ費用分担・輸出管理整合・供給網再編を要求	雇用と安全を守るため産業政策と抑止を強化	若者抗議で正統性が揺れ、歳出拡大は限界	83.0	64.0	88.0	96.0	90.0	85.0	92.0	14.0	海外要請と雇用不安が重なり、挑戦より回避が増える
45	CHN	中国	China	東アジア	境界的圧力	内政安定優先で対日圧力調整	重要鉱物・部材の審査を選別強化	雇用と住居負担に対策、秩序維持	若者不満が火種、強硬一辺倒は逆効果	86.0	57.0	92.0	96.0	79.0	91.0	95.0	16.0	供給制約とSNS不満が連鎖し将来像が曇る
45	JPN	日本	Japan	東アジア	圧力上昇	若者不満の沈静と制度調整	同盟協議で供給網・計算資源の確保	雇用・住居支援を拡充し制度対話を開始	財源逼迫で防衛・給付・教育が衝突	64.0	58.0	86.0	74.0	98.0	81.0	96.0	6.0	抗議の可視化で不安増幅。対話と支援が見えれば離脱感は鈍る
45	TWN	台湾	Taiwan	東アジア	境界的圧力	供給堅持と世論沈静	日米欧へ供給継続保証と緊急枠を協議	雇用と物価を守り社会不安を抑える	補助金と防衛で財政が逼迫し調整難	88.0	64.0	86.0	93.0	91.0	87.0	94.0	19.0	供給不安とSNS波及で将来設計が縮み不満が連鎖
45	KOR	韓国	South Korea	東アジア	境界的圧力	秩序維持と雇用防衛	対米で対中規制整合、半導体投資加速	SNS抗議は受け止め、雇用・家計支援を拡充	輸出依存と財政制約で配分が硬直	71.0	58.0	86.0	81.0	90.0	76.0	92.0	18.0	雇用不安と抗議連鎖が日本SNSへ波及し将来像が曇る
45	PRK	北朝鮮	North Korea	東アジア	間接衝突	示威と窃取で統治維持	短距離発射で示威、対日サイバー窃取増	外圧下でも抑止力と自力更生を堅持	外貨難。挑発過多は制裁・中国圧力も	90.0	57.0	84.0	93.0	82.0	75.0	95.0	16.0	安保不安がSNS抗議と結び、将来像がさらに萎む
45	RUS	ロシア	Russia	ユーラシア	間接衝突	戦時経済を維持し外圧に対抗	資源輸出を絞り制裁迂回と友好国取引拡大	長期戦でも賃金と治安を守ると強調	戦費と人材流出で技術更新が停滞	90.0	86.0	80.0	95.0	87.0	85.0	93.0	12.0	物価高と雇用不安がSNS抗議を増幅し将来像が曇る
45	UKR	ウクライナ	Ukraine	欧州	限定戦争	支援維持へ制度要求を強化	EU/G7に複数年枠と防空弾薬を要請	抗議は受け止め、生活線と防衛を両立	支援疲れと汚職懸念で資金が細る	84.0	62.0	80.0	74.0	90.0	66.0	88.0	20.0	世界の抗議連鎖で将来不安が拡散し、進路が保守化
45	IRN	イラン	Iran	中東	境界的圧力	停戦維持し交渉力確保	海上抑止を誇示し制裁緩和を探る	外圧に屈せず物価対策を進める	財政窮屈で不満沈静の弾が少ない	66.0	81.0	75.0	84.0	88.0	72.0	87.0	21.0	燃料高と不安報道がSNS抗議に共鳴し、将来像が縮む
45	ISR	イスラエル	Israel	中東	間接衝突	安全優先、輸出は厳格化	対外作戦継続、AI・サイバー輸出管理強化	脅威抑止と経済の両立を図る	動員長期化で財政硬直、内政不満が増す	81.0	68.0	84.0	95.0	93.0	86.0	94.0	12.0	物価と計算資源逼迫が就職観を冷やし、抗議連鎖で将来不安が拡大
45	SAU	サウジアラビア	Saudi Arabia	中東	圧力上昇	価格安定と体制維持を優先	OPEC+で供給を小幅調整、海上警戒強化	歳入安定で改革投資と雇用を守る	域内再燃懸念で保険料上昇、減産余地も限定	63.0	66.0	81.0	54.0	75.0	64.0	86.0	24.0	光熱・物流高が可処分所得を圧迫し、将来像が曇る
45	EU	欧州連合	European Union	欧州	圧力上昇	規制強化と安定優先	AI規制整合を対日要求、監督協力	雇用転換と安全基準で社会不安を抑える	加盟国温度差で支援が薄まり得る	60.0	52.0	86.0	66.0	88.0	69.0	89.0	23.0	規制適応と雇用不安が重なり将来観が萎縮
46	USA	アメリカ	United States	北米	境界的圧力	同盟結束と輸出管理を再強化	対日へ防衛負担増と対中規制整合を要求	東アジアの抑止と産業保護で雇用を守る	二正面対応で資源不足、国内分断も重い	86.0	62.0	84.0	97.0	88.0	89.0	90.0	16.0	負担増と半導体不安で将来像が縮み、挑戦回避が増える
46	CHN	中国	China	東アジア	境界的圧力	対外強硬を演出しつつ統制優先	台湾周辺で示威、対日要所部材の審査強化	外圧に屈せず安定と雇用を守る	景気減速と若者不満で長期対立は負担	89.0	60.0	90.0	97.0	82.0	93.0	96.0	14.0	安全保障不安と供給詰まりが重なり将来像が曇る
46	JPN	日本	Japan	東アジア	境界的圧力	供給網守り生活不安を抑制	同盟協議で半導体・燃料の代替調達を確保	安全保障強化と家計支援を同時に進める	財源限界で防衛・給付・教育の配分が硬直	72.0	63.0	82.0	78.0	95.0	86.0	94.0	8.0	緊張報道で不安が再燃。雇用と住居の先行支援が見えないと将来観が沈む
46	TWN	台湾	Taiwan	東アジア	間接衝突	供給統制と抑止強化	日米へ緊急供給枠提示し海峡警戒を強化	安全確保と産業維持で生活を守る	電力脆弱と防衛負担で若者支援が薄い	92.0	68.0	88.0	95.0	93.0	90.0	96.0	17.0	供給と有事不安が直撃し挑戦より回避が増え将来像が縮む
46	KOR	韓国	South Korea	東アジア	境界的圧力	半導体優先で危機管理	対米連携で対中規制整合、在庫・代替調達拡大	安保危機に備えつつ雇用・物価対策を継続	輸出依存と財政硬直で若者対策が薄い	78.0	61.0	88.0	84.0	92.0	82.0	93.0	16.0	半導体不安と雇用悲観が連鎖し将来設計が縮む
46	PRK	北朝鮮	North Korea	東アジア	境界的圧力	示威継続で抑止誇示	発射準備を示唆し示威、対日サイバー窃取拡大	敵対勢力に備え団結と自力更生を強化	外貨・燃料難。過度挑発は中露の距離も	92.0	60.0	86.0	94.0	84.0	78.0	96.0	14.0	安保不安が就活観と結び、挑戦回避と海外志向が強まる
46	RUS	ロシア	Russia	ユーラシア	間接衝突	戦時体制を維持し対外圧力に耐える	資源輸出と情報戦で分断を誘い制裁迂回	包囲に屈せず生活と雇用を守ると強調	戦費・動員疲れと技術停滞が重荷	92.0	84.0	78.0	96.0	88.0	89.0	94.0	10.0	半導体不安と物価高が重なり、将来設計の確信が揺らぐ
46	UKR	ウクライナ	Ukraine	欧州	限定戦争	支援枠の固定化を最優先	EU/G7に複数年財政枠と防空支援を再要請	戦時経済を維持し生活線と防衛を死守	支援疲れで条件が厳格化、汚職対策が必須	86.0	66.0	78.0	82.0	92.0	72.0	87.0	18.0	半導体不安と戦争長期化が重なり将来設計が萎縮
46	IRN	イラン	Iran	中東	境界的圧力	抑止誇示で交渉余地確保	海上影響力を示し制裁緩和を再打診	外圧に屈せず物価と治安を守る	財政と不満が限界で再燃は避けたい	68.0	85.0	78.0	88.0	90.0	76.0	89.0	18.0	燃料高と半導体不安が重なり、将来設計が萎む
46	ISR	イスラエル	Israel	中東	間接衝突	同盟軸で輸出管理強化	米国協調でサイバー作戦継続と管理	脅威抑止と経済の両立を継続	動員長期化で財政硬直、内政摩擦	84.0	66.0	86.0	97.0	92.0	90.0	93.0	10.0	半導体不安で就活観が悪化し、SNSで将来不安が増幅
46	SAU	サウジアラビア	Saudi Arabia	中東	圧力上昇	価格安定で不安を抑える	OPEC+調整継続、航路警戒と保険対策	歳入安定で改革投資と雇用を守る	再燃リスクで保険料高止まり、増産余力も限定	68.0	72.0	78.0	61.0	73.0	71.0	88.0	23.0	光熱・物価高と半導体不安が重なり、将来設計が縮む
46	EU	欧州連合	European Union	欧州	境界的圧力	規制整合と供給網防衛	対日へAI監督協力と輸出管理整合を要請	安全と雇用を守るため規制と投資を両立	加盟国温度差と対中依存で動きが鈍い	67.0	54.0	80.0	74.0	86.0	77.0	84.0	20.0	半導体不安と規制負担で将来設計が曇りやすい
47	USA	アメリカ	United States	北米	境界的圧力	同盟負担増と対中統制	対日へ防衛費・サプライ網整合を要求	生活費と公共人材対策を優先しつつ抑止維持	二正面と人手不足で予算と兵站が逼迫	84.0	60.0	78.0	92.0	86.0	87.0	88.0	18.0	防衛負担と供給網調整で可処分と挑戦余力が減り不安増
47	CHN	中国	China	東アジア	境界的圧力	内政安定優先で対外圧力維持	台湾周辺の示威継続、対日部材審査を選別運用	雇用と生活を守りつつ外圧に対処する	人手不足と景気減速で強硬長期化は痛い	86.0	62.0	88.0	95.0	80.0	92.0	94.0	16.0	供給不安と生活不安が重なり、将来設計が縮む感覚が強まる
47	JPN	日本	Japan	東アジア	境界的圧力	公共サービス穴を緊急補修	同盟と供給網で燃料・部材の確保を優先	学校・医療・行政の停滞を最優先で立て直す	財源硬直で賃上げ・育成・防衛が競合	70.0	60.0	86.0	76.0	96.0	84.0	95.0	7.0	生活インフラ不安が直撃。将来像が描けず、安定職志向と諦めが強まる
47	TWN	台湾	Taiwan	東アジア	境界的圧力	供給優先で抑止維持	日米へ供給枠を条件付きで再配分し警戒継続	有事備えと雇用確保を同時に進める	人手不足で防衛と公共の両立が限界	86.0	62.0	81.0	90.0	88.0	84.0	93.0	21.0	供給不安に加え公共人材不足観測で将来設計が縮みやすい
47	KOR	韓国	South Korea	東アジア	境界的圧力	半導体確保と生活防衛	対米協調で対中規制整合、必需品と人材を優先配分	公共サービス維持を最優先、物価と治安の不安を抑える	財政と世論が硬く、若者雇用と防衛が競合する	72.0	64.0	79.0	76.0	87.0	74.0	86.0	20.0	公共サービス不安が可視化し、就職と将来設計の縮みが強まる
47	PRK	北朝鮮	North Korea	東アジア	境界的圧力	示威と窃取で体制維持	短距離発射示唆と偵察強化、サイバー窃取	対外脅威に備え団結と軍需優先を強調	外貨・燃料難。誤算は中露支援を損ねる	90.0	58.0	84.0	93.0	86.0	77.0	95.0	12.0	生活実感の悪化と安保不安が重なり将来不信が増幅
47	RUS	ロシア	Russia	ユーラシア	間接衝突	資源と情報で持久戦	資源価格を梃子に制裁迂回と分断工作	包囲下でも生活と戦線を維持と宣伝	動員疲れと技術停滞で長期化が痛い	90.0	86.0	80.0	95.0	90.0	87.0	93.0	12.0	公共サービス逼迫と物価不安が重なり将来像が霞む
47	UKR	ウクライナ	Ukraine	欧州	限定戦争	支援継続へ条件順守を強化	EU/G7へ複数年枠と防空弾薬を再要請	戦時統治を維持し復旧と動員を両立	人材流出と汚職監視で裁量が狭い	84.0	63.0	79.0	81.0	90.0	71.0	86.0	19.0	公共人材不足の連想で国内不安が増幅し将来設計が硬化
47	IRN	イラン	Iran	中東	境界的圧力	停戦維持で内政安定優先	海上圧力は抑えつつ制裁緩和を探る	生活基盤を守り外圧に備える	人材不足と物価で不満が増え強硬は困難	64.0	82.0	76.0	87.0	88.0	74.0	86.0	20.0	燃料高に加え公共サービス不安が重なり、将来像が描きにくい
47	ISR	イスラエル	Israel	中東	間接衝突	同盟連携で技術防衛優先	米国協調で輸出管理と対サイバー抑止継続	長期脅威に備え治安と経済を同時に守る	動員長期化で人材不足と財政硬直が深刻	82.0	63.0	79.0	92.0	89.0	86.0	90.0	12.0	公的現場の人手不足実感で不安増、将来設計が萎む
47	SAU	サウジアラビア	Saudi Arabia	中東	圧力上昇	価格安定を優先し波乱を回避	OPEC+は慎重減産、航路警戒と保険料抑制	歳入を守り改革投資と雇用を維持する	停戦再燃と治安で供給判断が縛られる	70.0	74.0	81.0	62.0	76.0	72.0	90.0	21.0	公共サービス不安に物価高が重なり、若者の将来像が細る
47	EU	欧州連合	European Union	欧州	境界的圧力	規制整合と人材補完	対日へ公共部門AI導入基準と調達連携要求	人手不足対策でAI活用と安全基準を強化	加盟国差と労組反発で拡大が遅い	60.0	53.0	76.0	72.0	82.0	70.0	78.0	22.0	公共の詰まりが将来不安を増幅、就職像が揺れる
48	USA	アメリカ	United States	北米	境界的圧力	同盟負担増と統制強化	対日へ防衛負担増と対中技術統制を再要請	雇用と物価を守りつつ覇権競争に勝つ	二正面対応で予算・兵站・世論が限界	86.0	58.0	76.0	93.0	84.0	85.0	87.0	19.0	負担増と統制で挑戦余力が削れ、参加層と諦念層の分岐が進む
48	CHN	中国	China	東アジア	境界的圧力	台湾周辺の示威維持と摩擦管理	台湾周辺の圧力継続、対日部材審査を選別強化	外圧に備えつつ雇用と秩序を守る	景気減速で長期強硬は内需を傷める	88.0	64.0	90.0	96.0	82.0	93.0	95.0	15.0	供給不安と雇用不安が重なり、将来像の分岐が深まる感覚が増す
48	JPN	日本	Japan	東アジア	境界的圧力	制度補修と配分見直し	同盟で燃料・部材確保、対外依存を分散	生活基盤を守りつつ制度更新へ参加を促す	硬直財政で若者・賃上げ・防衛が食い合う	72.0	63.0	84.0	74.0	95.0	82.0	93.0	9.0	参加層と離脱層の差が拡大。将来不信が固定化しやすい
48	TWN	台湾	Taiwan	東アジア	境界的圧力	供給確保で抑止維持	日米と供給枠再調整、計算資源を優先配分	安全保障と雇用を守り生活不安を抑える	人材・電力・保険料高で増産余地が薄い	88.0	64.0	79.0	92.0	86.0	83.0	92.0	22.0	供給逼迫観測が続き、挑戦層と諦念層の分岐が加速しやすい
48	KOR	韓国	South Korea	東アジア	境界的圧力	半導体と社会安定を死守	対米整合で対中規制維持、供給網を再編	雇用と物価を守りつつ安全保障を強化する	若者不満が臨界で、福祉と防衛が食い合う	70.0	62.0	82.0	74.0	84.0	77.0	88.0	22.0	近隣の緊張と競争が就職不安を増幅、挑戦が萎む
48	PRK	北朝鮮	North Korea	東アジア	間接衝突	示威とサイバーで主導権維持	発射準備を誇示し電波妨害と窃取を継続	対外包囲に備え団結と軍需優先を訴える	外貨・燃料不足。誤算は支援と統制を損なう	92.0	60.0	82.0	94.0	84.0	79.0	96.0	11.0	安保不安が再燃し、分岐期の諦念が拡大。挑戦回避が増える
48	RUS	ロシア	Russia	ユーラシア	間接衝突	資源と情報で持久継続	資源供給を調整し制裁迂回と分断工作	包囲下でも生活と戦線は維持可能と強調	動員疲れと技術停滞で長期化が重荷	88.0	82.0	78.0	92.0	86.0	84.0	91.0	14.0	物価と将来不安が固定化し、挑戦より離脱が増える
48	UKR	ウクライナ	Ukraine	欧州	限定戦争	支援枠の固定化を優先	EU/G7へ複数年支援枠と防空補給を要請	長期戦を前提に復興と動員を同時運用	人材流出と財政逼迫で交渉余地が小さい	86.0	62.0	78.0	80.0	88.0	70.0	87.0	18.0	長期不確実性が常態化し、若者の挑戦回避と分岐感が強まる
48	IRN	イラン	Iran	中東	境界的圧力	停戦維持で体制安定優先	海上示威は限定し停戦枠組みを維持	外圧下でも生活を守り秩序を維持する	物価・不満が強く長期強硬は損失大	66.0	84.0	74.0	86.0	87.0	73.0	88.0	19.0	燃料高と不安報道で諦念が増え、挑戦意欲が揺れる
48	ISR	イスラエル	Israel	中東	間接衝突	同盟軸で抑止と技術優位	輸出管理強化とサイバー報復抑止を継続	安全保障優先で生活面の補助も維持する	動員長期化で人材枯渇、財政は硬直化	84.0	66.0	81.0	93.0	90.0	87.0	92.0	11.0	分断の兆しがSNSで増幅し、若者の将来像が縮む
48	SAU	サウジアラビア	Saudi Arabia	中東	圧力上昇	供給安定と外交調停を優先	OPEC+は小幅調整、紅海航路警戒と保険料抑制	歳入安定で改革投資と雇用を守る	停戦再燃と体制安定で増産に限界	66.0	69.0	78.0	60.0	74.0	70.0	88.0	24.0	物価不安が分岐を加速。参加層と諦念層の差が広がる
48	EU	欧州連合	European Union	欧州	境界的圧力	規制統合と防衛産業優先	対日へAI規制整合と防衛供給網協力要求	安全と雇用を守るため規制と産業を強化	加盟国差と財政制約で一体化が遅い	63.0	57.0	74.0	70.0	83.0	72.0	79.0	21.0	規制・産業再編の外圧で進路不安が増幅、適応格差が広がる
49	USA	アメリカ	United States	北米	境界的圧力	同盟負担増と社会安定優先	対日へ防衛分担・対中統制を再協議し、制度連携を提案	雇用と生活を守りつつ同盟で抑止を維持する	二正面・財政・世論で同盟依存が増える	84.0	56.0	72.0	92.0	82.0	83.0	85.0	24.0	負担増の圧迫は続くが、制度的報酬化の見通しが不安を一部緩和
49	CHN	中国	China	東アジア	境界的圧力	示威は維持、対日圧力は選別	台湾周辺の活動継続、対日輸出審査を運用強化	主権と雇用を守り外圧に対処する	景気鈍化で長期強硬は産業負担が増す	86.0	62.0	86.0	94.0	78.0	90.0	88.0	22.0	制度化議論は安心材料だが、供給不安が将来感を揺らす
49	JPN	日本	Japan	東アジア	境界的圧力	制度化で分配を作り直す	同盟維持し燃料・部材を多元調達	地域維持・ケア等を報酬化し不安を減らす	財源が硬く防衛・物価・若者支援が競合	70.0	60.0	78.0	72.0	92.0	80.0	88.0	18.0	報酬化が見えれば希望は持ち直すが、実装遅延で不信が再燃
49	TWN	台湾	Taiwan	東アジア	境界的圧力	抑止維持と制度安定優先	日米と供給・保険枠を再交渉し分散化	不確実性下でも雇用と社会支援を守る	電力・人材・海上保険で増産が詰まる	86.0	61.0	73.0	90.0	82.0	80.0	90.0	24.0	供給不安は継続。制度化議論は希望の言語を与えるが、実感は遅れやすい
49	KOR	韓国	South Korea	東アジア	圧力上昇	半導体優位と社会安定を両立	対米整合を維持しつつ供給網と調達を分散	雇用と物価を守り、安保も手当てする	若者不満と財政制約で配分が限界に近い	64.0	56.0	72.0	62.0	78.0	66.0	82.0	28.0	周辺緊張と競争で就職不安が続くが、ケア等の制度化が見えれば萎縮はやや緩む
49	PRK	北朝鮮	North Korea	東アジア	間接衝突	示威継続で譲歩引き出し	短距離発射示威と暗号窃取を強化	制裁下でも体制防衛と統制を強調	外貨・燃料逼迫。失策は統制低下	94.0	62.0	83.0	95.0	85.0	80.0	97.0	10.0	不安が常態化し挑戦回避が増える。制度議論も空虚に見える
49	RUS	ロシア	Russia	ユーラシア	間接衝突	資源と情報で主導権維持	資源輸出を小刻みに調整し制裁迂回強化	経済は適応し国家は持久できると訴える	戦費と人員疲労、技術停滞が限界を作る	86.0	79.0	73.0	90.0	83.0	80.0	88.0	18.0	物価高と分断情報で不安が長期化、進路が保守化する
49	UKR	ウクライナ	Ukraine	欧州	限定戦争	支援制度化で持久戦を維持	EU/G7へ複数年支援の制度化と防空補給を再要請	復興と動員を両立し生活維持を優先する	兵員・財政・世論の疲弊で交渉余地が狭い	85.0	60.0	76.0	78.0	86.0	68.0	84.0	20.0	不確実性が長期化。制度化の兆しは若者の不安を少し緩和
49	IRN	イラン	Iran	中東	境界的圧力	停戦枠維持で体制安定を優先	海上示威を抑制し第三国仲介を活用	外圧下でも生活と秩序を守る	物価高と不満で強硬長期は危険	64.0	82.0	73.0	86.0	85.0	72.0	86.0	20.0	燃料高と不安報道が続き、将来設計が保守化する
49	ISR	イスラエル	Israel	中東	間接衝突	抑止維持と制度負担の抑制	同盟調整と輸出管理を継続、分散調達	安全保障優先だが社会維持も制度化で支える	動員長期化で人材逼迫、歳出硬直が続く	82.0	63.0	77.0	91.0	88.0	84.0	87.0	15.0	制度化の報せで希望は微増も、供給不安が未来感を削る
49	SAU	サウジアラビア	Saudi Arabia	中東	圧力上昇	供給安定と価格抑制	OPEC+は据置寄り、紅海護衛協議	歳入安定で改革と雇用を守る	停戦再燃と体制安定で増産に限界	64.0	66.0	74.0	58.0	72.0	68.0	84.0	26.0	生活コスト不安が続くが、制度化議論で将来像は僅かに補強
49	EU	欧州連合	European Union	欧州	圧力上昇	制度更新を雇用安定に接続	対日へケア・教育接続の制度設計共有と連携提案	社会維持の仕事を報酬化し不安と分断を抑える	加盟国差と労組調整で導入速度が割れる	60.0	54.0	66.0	68.0	78.0	70.0	74.0	26.0	制度転換の外圧で適応不安は続くが、社会維持職の可視化は希望を下支え
50	USA	アメリカ	United States	北米	境界的圧力	AI競争で同盟へ負担要請	対日へ防衛・対中輸出統制・計算資源枠を要求	雇用転換を支えつつ覇権と抑止を守る	自動化失業不安と分断で強硬策が必要	86.0	58.0	78.0	94.0	84.0	85.0	88.0	22.0	就職観が揺れSNS不安増。負担増で将来設計が縮む
50	CHN	中国	China	東アジア	境界的圧力	技術規制と対日圧力を選別	台湾周辺を継続、対日素材審査を運用	外圧下でも雇用と安定を守る	自動化で雇用不安、強硬は景気に痛手	88.0	64.0	90.0	95.0	80.0	92.0	90.0	20.0	就職観が揺れ、供給不安が将来像を細らせる
50	JPN	日本	Japan	東アジア	境界的圧力	雇用転換と負担抑制を優先	同盟維持し燃料・AI部材を分散調達	雇用移行支援と物価対策を同時に進める	財源硬直で防衛・物価・若者支援が競合	72.0	61.0	86.0	75.0	93.0	82.0	91.0	16.0	仕事の将来像が曖昧化し不安増。移行支援が見えれば分断は緩む
50	TWN	台湾	Taiwan	東アジア	境界的圧力	抑止維持と雇用防衛	日米と半導体供給枠・保険を再調整	安全保障と産業転換で雇用を守る	電力・人材不足で増産と賃上げが限界	87.0	63.0	78.0	92.0	84.0	82.0	92.0	23.0	自動化不安が増幅。供給懸念と重なり将来像が曇る
50	KOR	韓国	South Korea	東アジア	圧力上昇	自動化衝撃を統制し優位維持	対米連携で半導体・AI供給網を囲い込む	雇用転換を支援し安保と産業を守る	若者不満と与野党対立で改革が遅い	63.0	57.0	78.0	66.0	74.0	62.0	86.0	26.0	自動化不安と競争で将来像が曇るが、転換支援が見えれば分断は緩む
50	PRK	北朝鮮	North Korea	東アジア	間接衝突	示威と外貨確保を優先	短距離発射示威とサイバー窃取を継続	外圧下でも国防と統制で生活守る	AI波で外貨稼ぎ難化。燃料不足続く	93.0	61.0	86.0	96.0	84.0	79.0	98.0	9.0	不安常態化に加えAI代替で将来像が霞み、挑戦回避が増える
50	RUS	ロシア	Russia	ユーラシア	間接衝突	資源と内政引締めで持久	資源輸出を選別し制裁迂回と協力国拡大	自動化で生産性向上し生活は守ると強調	戦費と人材流出で技術投資が細る	84.0	82.0	77.0	92.0	86.0	81.0	90.0	16.0	自動化不安と物価高が重なり将来像が縮む
50	UKR	ウクライナ	Ukraine	欧州	限定戦争	支援確保と動員継続	EU/G7へ防空・砲弾と復興投資枠を再要求	戦時経済を維持し雇用と生活を守る	疲弊と財政難。AI波で職が揺れ不満増	86.0	62.0	80.0	82.0	88.0	70.0	86.0	18.0	長期不確実性とAI雇用不安が重なり将来像が曇る
50	IRN	イラン	Iran	中東	境界的圧力	停戦維持と統制強化	海上示威は限定し仲介交渉を継続	制裁下でも治安と生活を守る	物価高と不満で強硬の持続が難しい	66.0	84.0	78.0	87.0	86.0	74.0	90.0	18.0	燃料高とAI雇用不安が重なり、進路選択が萎縮する
50	ISR	イスラエル	Israel	中東	間接衝突	抑止維持と技術優位の確保	同盟調整を継続、AI/半導体の輸出管理強化	治安優先を維持しつつ雇用転換支援を拡充	動員長期化と自動化で格差不満が増える	84.0	64.0	81.0	93.0	90.0	85.0	89.0	14.0	自動化不安と供給制約が重なり、将来像が縮む
50	SAU	サウジアラビア	Saudi Arabia	中東	圧力上昇	価格安定と体制防衛	OPEC+微調整、紅海航路の護衛協議継続	歳入を守り改革雇用を継続、治安も強化	停戦再燃と国内統治で大幅増産は難しい	63.0	68.0	78.0	57.0	70.0	66.0	86.0	25.0	物価不安に加え自動化で将来像が曇り焦燥が増す
50	EU	欧州連合	European Union	欧州	圧力上昇	規制と再訓練を加速	対日へ再訓練・技能認証の相互運用提案	自動化移行を管理し雇用と安全を守る	加盟国差と財政規律で速度が割れる	61.0	56.0	74.0	70.0	81.0	72.0	77.0	24.0	職の置換不安が増す一方、再訓練の外圧は道筋も示す
51	USA	アメリカ	United States	北米	境界的圧力	負担分担とAI同盟を優先	対日へ防衛費・対中規制・計算資源枠を再要求	生活不安に対応しつつ同盟抑止と覇権を守る	分断と雇用不安で強硬策が政治的に有利	84.0	56.0	81.0	95.0	86.0	83.0	90.0	20.0	支援が見えず将来設計が縮む。出生・就職不安がSNSで増幅
51	CHN	中国	China	東アジア	境界的圧力	対日依存を梃子に圧力維持	素材・部材の審査強弱を機動運用	外圧下でも雇用と安定を守る	景気鈍化で強硬は自国産業に跳ねる	86.0	63.0	88.0	94.0	81.0	90.0	89.0	22.0	就職と生活費不安が出生意向低下報道と共鳴し、未来像が縮む
51	JPN	日本	Japan	東アジア	境界的圧力	家計不安の沈静を最優先	燃料・肥料を長期契約し供給網を補強	住居・教育費と雇用移行を重点支援	財政硬直で給付と投資の両立が難	70.0	63.0	84.0	73.0	95.0	80.0	92.0	14.0	将来設計が萎み出生・挑戦意欲が低下。支援が届けば分断は緩和
51	TWN	台湾	Taiwan	東アジア	境界的圧力	抑止維持と供給安定	日米欧へ供給保証枠と危機連絡網を強化	抑止を固め産業を守り生活不安を抑える	電力・人材・水制約で増産と賃上げが限界	88.0	66.0	80.0	93.0	85.0	83.0	93.0	22.0	供給不安が雇用観と将来像を暗くし出生意向低下報道と共鳴
51	KOR	韓国	South Korea	東アジア	圧力上昇	雇用不安を抑え競争維持	対米協調で半導体・AI供給網を強化	若者雇用と住宅負担に対策し安保も守る	出生不安と与野党対立で支出配分が難航	64.0	56.0	81.0	67.0	76.0	63.0	89.0	24.0	雇用・住居不安が共振し将来像が縮む。支援競争で焦燥が増す
51	PRK	北朝鮮	North Korea	東アジア	間接衝突	示威と外貨確保を継続	発射示威を間引きつつサイバー窃取を強化	外圧でも国防優先、統制で生活を守る	燃料・食料不足と制裁で余力乏しい	92.0	63.0	87.0	96.0	85.0	80.0	99.0	10.0	安全保障不安と将来不透明が重なり出生意向の冷えが加速
51	RUS	ロシア	Russia	ユーラシア	間接衝突	戦時動員と資源収入で持久	資源輸出を選別し制裁迂回網を拡張	包囲下でも国家と生活を守ると強調	戦費と人材流出で技術・社会投資が先細る	86.0	83.0	79.0	93.0	87.0	82.0	91.0	15.0	物価・雇用不安が長期化し、家庭形成の見通しがさらに縮む
51	UKR	ウクライナ	Ukraine	欧州	限定戦争	支援維持へ欧州結束を要請	EU/G7へ防空・砲弾・復興枠を再交渉	長期戦でも賃金と兵站を守り抜く	動員疲弊と財政難。若年層流出が痛い	84.0	60.0	79.0	80.0	87.0	68.0	85.0	19.0	戦争長期化と物価・雇用不安が重なり将来像が曇る
51	IRN	イラン	Iran	中東	境界的圧力	停戦維持と影響力誇示	海上示威は抑えつつ代理勢力を支援	対外抑止と生活防衛を同時に進める	制裁・物価高で強硬一辺倒は危険	64.0	82.0	76.0	86.0	85.0	73.0	89.0	20.0	燃料高と不安報道で将来設計が縮み、出生意向低下を後押し
51	ISR	イスラエル	Israel	中東	間接衝突	抑止継続と供給網の硬化	同盟調整継続、AI/半導体輸出管理を維持	安全保障最優先、生活費・雇用対策も継続	動員長期化と格差で正統性が揺れる	82.0	63.0	79.0	92.0	88.0	83.0	87.0	16.0	出生意向低下報道と雇用不安が重なり、将来展望が細る
51	SAU	サウジアラビア	Saudi Arabia	中東	圧力上昇	価格安定と体制安定優先	OPEC+は小幅調整、紅海護衛協議継続	歳入確保で改革雇用を維持、治安も強化	停戦再燃と統治で増産余地が小さい	62.0	70.0	79.0	58.0	71.0	65.0	87.0	24.0	生活コスト不安が出生意向低下報道と共鳴し将来不安が増す
51	EU	欧州連合	European Union	欧州	圧力上昇	出生不安を制度で吸収	対日へ住居・育成支援の政策対話を要請	移行期の生活不安を抑え家族形成を支える	加盟国分断と財政規律で統一策が遅れる	63.0	57.0	76.0	69.0	83.0	71.0	79.0	23.0	将来設計が難しい空気が強まるが、制度議論の外圧は選択肢も示す
52	USA	アメリカ	United States	北米	境界的圧力	同盟負担とAI優位を維持	対日へ防衛負担・対中規制・計算資源枠を再提示	雇用再編期でも覇権と抑止を守り生活も支える	採用再編で不満増、対外強硬が国内政治に効く	86.0	57.0	85.0	96.0	88.0	84.0	92.0	18.0	新卒枠縮小が直撃。努力が報われない感覚がSNSで増幅し将来設計が細る
52	CHN	中国	China	東アジア	境界的圧力	対日供給と市場で圧力調整	重要素材の審査を選別強化、投資誘致も提示	外圧下でも雇用と産業鎖の主導権を守る	景気鈍化で過度な締付は失業増に直結	87.0	64.0	91.0	95.0	82.0	91.0	90.0	21.0	採用絞りと供給不安が連鎖し、努力の報われ感が薄れる
52	JPN	日本	Japan	東アジア	圧力上昇	雇用移行と家計不安の抑制	資源国と長期契約、同盟で供給網を補強	採用変化に備え学び直しと生活支援を拡充	恒常財源が弱く給付と投資が両立困難	64.0	57.0	78.0	68.0	93.0	72.0	88.0	16.0	採用再編で不安が跳ねる。移行支援が見えれば挑戦は残る
52	TWN	台湾	Taiwan	東アジア	境界的圧力	抑止維持と供給信頼	日米欧へ供給継続枠と危機連絡を更新	安全確保と雇用維持で生活不安を抑える	電力・水・人材制約で増産と賃上げが限界	86.0	64.0	76.0	92.0	82.0	80.0	91.0	24.0	新卒縮小報道と供給不安が重なり将来設計が萎む
52	KOR	韓国	South Korea	東アジア	圧力上昇	雇用再編へ適応を急ぐ	対米協調で半導体投資と対北抑止を調整	採用転換に備え再訓練と公正競争を進める	政争と少子化で給付と投資の両立が難しい	66.0	58.0	86.0	70.0	78.0	65.0	90.0	22.0	採用再編と競争圧で将来が狭く見え、比較不安が増える
52	PRK	北朝鮮	North Korea	東アジア	間接衝突	示威で抑止と取引余地	短距離発射を誇示し対話条件を吊り上げ	国防強化で体制と生活を守る	制裁下で外貨・食料が逼迫	93.0	64.0	90.0	96.0	86.0	81.0	99.0	9.0	安全不安が就職不安と結びつき将来像が縮む
52	RUS	ロシア	Russia	ユーラシア	間接衝突	長期戦で資源レバー維持	資源輸出を絞り迂回決済網と提携を強化	制裁下でも生活と安全を守ると強調	戦費と人材流出で産業更新が遅れる	88.0	81.0	82.0	90.0	89.0	84.0	92.0	14.0	選別採用の強まりに外圧不安が重なり、将来設計が保守化する
52	UKR	ウクライナ	Ukraine	欧州	限定戦争	欧州結束と支援固定化を優先	EU/G7に防空・砲弾・復興融資を再要請	持久戦でも給与・兵站・治安を維持	動員疲弊と財政難、若年層流出が続く	83.0	58.0	81.0	79.0	88.0	66.0	86.0	18.0	採用厳選化の連想が強まり、若者の先行き不安が増幅
52	IRN	イラン	Iran	中東	境界的圧力	停戦維持しつつ抑止誇示	海上は挑発回避、代理勢力で圧力	停戦でも警戒継続、生活防衛を優先	制裁と物価高で全面強硬は不安定	66.0	84.0	79.0	86.0	86.0	74.0	90.0	18.0	燃料高と採用縮小観測が重なり、努力が報われない感覚が増す
52	ISR	イスラエル	Israel	中東	間接衝突	抑止優先、技術確保	同盟調整と輸出管理、対サイバー強化	安全最優先、景気と生活費対策も継続	動員長期化と分断で正統性が傷む	80.0	61.0	83.0	90.0	86.0	81.0	88.0	18.0	採用の絞り込みが不安を増幅、努力の報酬感が薄れやすい
52	SAU	サウジアラビア	Saudi Arabia	中東	圧力上昇	価格安定と歳入確保	OPEC+は据置基調、紅海護衛で協調	歳入で改革と雇用投資を継続する	停戦再燃と治安で増産が読みづらい	60.0	66.0	82.0	57.0	70.0	63.0	86.0	23.0	採用絞りのニュースと物価不安が重なり将来像が曇る
52	EU	欧州連合	European Union	欧州	圧力上昇	雇用移行を制度化し摩擦低減	対日へ職業訓練・移行支援の標準連携を提案	雇用転換は不可避、再訓練と保護で秩序維持	加盟国差と規制調整で実装が遅れやすい	61.0	56.0	74.0	68.0	82.0	70.0	78.0	24.0	新卒ルート細り不安増。だが移行制度の外圧は選択肢も示す
53	USA	アメリカ	United States	北米	境界的圧力	同盟負担とAI覇権を優先	対日へ負担増・対中整合・計算枠を要求	家計不安下でも抑止と産業競争力を守る	ケア負担増で不満拡大、対外要求で結束狙い	88.0	54.0	87.0	97.0	89.0	85.0	94.0	16.0	介護と就活が重なり疲弊。努力の見返り不信が拡散し将来設計が縮む
53	CHN	中国	China	東アジア	境界的圧力	対日供給で選別圧力	重要部材の輸出審査を運用強化、譲歩も条件提示	雇用と産業鎖を守り、外圧に主導権で応える	介護負担増で不満が出やすく景気悪化は禁物	86.0	66.0	92.0	94.0	83.0	92.0	91.0	20.0	介護と不安定雇用が重なり将来設計が縮む感覚が強まる
53	JPN	日本	Japan	東アジア	圧力上昇	ケア危機の緩和優先	介護AIと看護人材で協定強化	両立支援と学び直しで負担を減らす	恒常財源不足で給付が細る	60.0	56.0	82.0	70.0	95.0	73.0	90.0	14.0	介護負担が将来設計を圧迫。支援薄いと挑戦意欲が落ちる
53	TWN	台湾	Taiwan	東アジア	境界的圧力	供給信頼と社会負荷対応	日米欧と危機連絡・代替生産計画を更新	生活負担を抑え供給と雇用を守る	介護負担で労働力が細り稼働が逼迫	84.0	66.0	79.0	93.0	78.0	82.0	92.0	22.0	介護不安と供給不安が重なり将来設計が縮む
53	KOR	韓国	South Korea	東アジア	境界的圧力	ケア危機で雇用と支援を再配分	対米協調で対北抑止維持、供給網と計算資源を囲い込み	介護・育児負担へ支援拡充、雇用再訓練を急ぐ	財源と政争で痛み分けが難しく、若者離反が怖い	68.0	60.0	88.0	74.0	82.0	69.0	92.0	20.0	ケア負担と採用縮小が重なり、将来像が霞み不安が増幅
53	PRK	北朝鮮	North Korea	東アジア	間接衝突	示威を抑制し取引維持	発射準備を誇示しつつ対話条件を探る	国防強化は継続、民生も守る	外貨・食料不足で長期挑発は不利	88.0	60.0	86.0	95.0	83.0	79.0	98.0	10.0	介護と生活不安に安全不安が重なり将来像が縮む
53	RUS	ロシア	Russia	ユーラシア	間接衝突	資源レバーで制裁耐久	原油ガスの輸出条件を揺らし友好国へ傾斜	対外圧力に屈せず国益と生活を守る	戦費と人員不足で成長投資が細る	85.0	78.0	70.0	88.0	86.0	80.0	90.0	16.0	介護育児の疲弊に物価・安保不安が重なり、進路選択が保守化する
53	UKR	ウクライナ	Ukraine	欧州	限定戦争	支援継続と動員疲弊の抑制	EU/G7に防空・弾薬と復興資金を要請	前線維持と生活保障を同時に守る	財政難と若者流出で継戦余力が細る	84.0	60.0	83.0	78.0	89.0	68.0	87.0	16.0	介護と仕事不安に戦争長期化が重なり、将来像が曇る
53	IRN	イラン	Iran	中東	境界的圧力	停戦維持、代理で圧力管理	海上挑発は抑えつつ地域影響力を誇示	停戦下でも警戒継続、生活を守る	制裁と物価高で強硬一択は危険	64.0	82.0	76.0	85.0	84.0	72.0	88.0	16.0	介護・育児不安に燃料高が重なり、将来設計の確信が揺れる
53	ISR	イスラエル	Israel	中東	間接衝突	抑止維持、内政摩耗抑制	停戦枠組み維持と限定作戦、サイバー防護	安全確保を継続しつつ生活費と家計支援を拡充	動員長期化で介護・育児負担が増え正統性が摩耗	78.0	63.0	82.0	88.0	90.0	79.0	91.0	16.0	介護・育児不安と物価高が重なり将来設計の断念感が強まる
53	SAU	サウジアラビア	Saudi Arabia	中東	圧力上昇	価格抑制と歳入の均衡	OPEC+は小幅調整、紅海護衛協調	市場安定で歳入を確保し改革投資を守る	停戦再燃と治安で増産判断が遅れる	63.0	69.0	78.0	56.0	72.0	64.0	88.0	21.0	介護不安に燃料高が重なり、生活防衛で未来像が縮む
53	EU	欧州連合	European Union	欧州	圧力上昇	介護危機で社会保護強化	対日へ介護・労働移行制度の協調提案	家計と介護を守り社会不安を抑える	加盟国差と財政規律で速度が出ない	63.0	58.0	76.0	69.0	84.0	71.0	81.0	22.0	介護負担可視化で将来不安増。移行制度外圧は希望も
54	USA	アメリカ	United States	北米	境界的圧力	同盟負担とエネルギー転換を要求	対日へ負担増・電力投資協調・対中整合	生活費対策と抑止維持を同時に進める	電力網とDC投資で財政と世論が逼迫	86.0	67.0	84.0	96.0	91.0	82.0	93.0	14.0	電気代と税負担不安が就活不安と連鎖。努力の回収感が薄れ将来設計が縮む
54	CHN	中国	China	東アジア	境界的圧力	対日供給を選別し圧力維持	重要部材・電池材の許可審査を厳格化	投資負担下でも雇用と産業鎖を守る	景気悪化は不満直結、強硬一辺倒は不可	84.0	72.0	88.0	93.0	79.0	90.0	89.0	22.0	電気代と就職不安が重なり、将来設計の萎縮感が強まる
54	JPN	日本	Japan	東アジア	圧力上昇	負担抑制と安保両立	調達分散と電力網投資を前倒し	物価と電力を抑え生活を守る	恒久財源が弱く配分が苦しい	63.0	68.0	80.0	72.0	96.0	75.0	91.0	12.0	光熱費と税負担の将来不安で挑戦が先送りされやすい
54	TWN	台湾	Taiwan	東アジア	境界的圧力	電力確保と供給信頼優先	日米欧と電力・燃料確保枠と物流代替を協議	電力投資は痛いが雇用と供給維持を最優先	電力網更新費が重く家計支援が削られやすい	86.0	73.0	77.0	94.0	82.0	84.0	93.0	19.0	電気代と供給不安が重なり、将来設計がさらに慎重化
54	KOR	韓国	South Korea	東アジア	境界的圧力	電力コストを抑え同盟維持	対米協調でLNG調達分散、対北抑止	電気代対策と雇用再訓練で負担を軽減	電力投資費が家計と財政に直撃する	66.0	72.0	83.0	78.0	86.0	70.0	93.0	18.0	電気代と採用縮小が重なり、将来設計が難化し不安増幅
54	PRK	北朝鮮	North Korea	東アジア	間接衝突	小規模示威で譲歩誘発	発射訓練を示唆し制裁緩和を探る	強硬抑止で体制と生活を守る	外貨不足で長期挑発は持たない	90.0	66.0	84.0	96.0	85.0	78.0	97.0	9.0	電気代と防衛不安が重なり将来設計が縮む
54	RUS	ロシア	Russia	ユーラシア	間接衝突	資源で主導権維持	輸出先を選別し価格・輸送条件を調整	外圧下でも雇用と歳入を守り抜く	戦費と制裁で投資不足、長期疲弊	86.0	82.0	72.0	89.0	90.0	81.0	91.0	14.0	電力・物価と安保不安が重なり将来像が縮む
54	UKR	ウクライナ	Ukraine	欧州	限定戦争	支援確保と戦時経済の維持	EU/G7へ防空・弾薬と復興電力網資金を要請	前線維持と生活費高騰対策を優先する	電力網更新費と戦費が財政を圧迫する	85.0	66.0	82.0	79.0	90.0	70.0	88.0	15.0	電力・物価と雇用不安が重なり将来設計が縮む
54	IRN	イラン	Iran	中東	境界的圧力	停戦維持、エネルギーで影響力確保	航路リスク示唆と産油協調で価格下支え	停戦は守るが主権と生活を優先する	制裁下の財政難と不満で譲歩が困難	66.0	86.0	74.0	84.0	85.0	75.0	90.0	15.0	電力・燃料高とSNS不安が就職/進学の見通しを曇らせる
54	ISR	イスラエル	Israel	中東	間接衝突	停戦維持と抑止強化	停戦枠組み維持、限定作戦と同盟協議	安全確保と生活費対策を同時に進める	電力・治安・動員で財政と統治が摩耗	76.0	72.0	79.0	86.0	92.0	81.0	89.0	14.0	電力・物価不安が就職観を硬直化し挑戦回避が増える
54	SAU	サウジアラビア	Saudi Arabia	中東	圧力上昇	価格安定と歳入確保を優先	OPEC+は据置寄り、紅海警戒と供給保証	投資負担に備え価格安定で改革財源を守る	停戦再燃と設備投資で増産余力が限定	64.0	73.0	80.0	57.0	76.0	66.0	89.0	18.0	電力・燃料高が固定費不安を強め、将来設計が保守化する
54	EU	欧州連合	European Union	欧州	圧力上昇	電力・規制で安定優先	対日へ電力網・省エネ標準の共同枠組み提案	投資負担を平準化し物価と雇用を守る	家計反発と加盟国分断で合意が遅い	60.0	67.0	64.0	73.0	86.0	69.0	79.0	20.0	電気代とAI学習コストが将来不安を増幅。技能転換は希望も
55	USA	アメリカ	United States	北米	境界的圧力	対中整合と負担増を優先	対日へ防衛・DC投資・対中規制整合	物価と雇用を守り抑止も維持する	電力網更新と分断で政策余力が細る	84.0	63.0	79.0	95.0	90.0	80.0	90.0	16.0	学職接続の模索は希望に寄与も、負担増で将来設計が揺れる
55	CHN	中国	China	東アジア	境界的圧力	対日選別圧力を調整	重要素材の許可審査を維持し例外枠提示	産業鎖と雇用を守り外圧に対処する	景気・失業不安で強硬の継続は重い	82.0	70.0	84.0	92.0	78.0	88.0	86.0	24.0	進路接続の再設計期に外部不確実性が増し、挑戦より回避が優位になる
55	JPN	日本	Japan	東アジア	圧力上昇	移行不安を抑え基盤を守る	同盟協議で調達分散と人材交流を拡大	学び直しと就業接続を強化し生活を守る	恒久財源が弱く配分調整が限界	61.0	64.0	78.0	70.0	95.0	73.0	88.0	14.0	就職経路の再設計は希望を補うが、負担感が強いと挑戦が縮む
55	TWN	台湾	Taiwan	東アジア	境界的圧力	供給信頼と人材確保優先	日米欧と人材・研究連携と供給継続枠を調整	学業から就業まで接続を強め雇用と安全を守る	兵役・人材流出と電力負担が同時に重い	87.0	71.0	74.0	93.0	81.0	83.0	91.0	20.0	半導体不安は続くが、技能接続強化が希望を少し支える
55	KOR	韓国	South Korea	東アジア	圧力上昇	半導体優先と雇用安定	対米協調で半導体規律調整、対北抑止維持	雇用接続改革と産業競争力で不安を抑える	電力・人材・同盟調整が同時進行で余裕薄	64.0	68.0	77.0	74.0	81.0	66.0	86.0	22.0	就職の型が揺れ、再訓練圧と採用選別が不安を押す
55	PRK	北朝鮮	North Korea	東アジア	間接衝突	周期挑発で対外取引確保	短距離発射準備を示唆し対話窓口を残す	外圧下でも抑止を固め生活を守る	外貨と食料が逼迫し長期緊張は不利	88.0	63.0	82.0	95.0	83.0	76.0	96.0	10.0	安全保障不安が学び直しと就職設計を萎縮させる
55	RUS	ロシア	Russia	ユーラシア	間接衝突	資源と世論で粘る	輸出先と物流を再編し価格条件を強化	国家の耐久力を高め生活を守る	戦費と制裁で技術投資が細り長期疲弊	84.0	80.0	73.0	88.0	89.0	79.0	90.0	15.0	物価・安保不安が続き、進路選択が保守化しやすい
55	UKR	ウクライナ	Ukraine	欧州	限定戦争	支援維持の確約を最優先	EU/G7に防空・弾薬と復興資金を再要請	前線維持と電力復旧で生活を守る	戦費と復興費で財政余力が限界	84.0	64.0	80.0	77.0	89.0	69.0	86.0	16.0	戦争長期化が物価・雇用不安を残し、接続再設計でも将来像が揺れる
55	IRN	イラン	Iran	中東	境界的圧力	停戦維持と抑止誇示の併用	航路リスクを示唆し産油協調で下支え	停戦は守るが主権と生活を守る	制裁と不満で妥協が政権コスト	67.0	88.0	76.0	83.0	86.0	76.0	89.0	17.0	燃料高が家計と企業を圧迫し、進路設計の不安が増幅する
55	ISR	イスラエル	Israel	中東	間接衝突	抑止維持と技術囲い込み	停戦枠組み維持、対サイバー協力を強化	治安と物価の両面で持久戦に備える	動員長期化で財政・統治が摩耗	74.0	68.0	76.0	83.0	88.0	77.0	84.0	18.0	安全保障と物価不安が続き、進路選択が保守化し挑戦が減る
55	SAU	サウジアラビア	Saudi Arabia	中東	圧力上昇	価格安定で歳入と安定維持	OPEC+は据置寄り、紅海航路警戒強化	改革財源と生活安定を両立させる	停戦再燃と設備制約で増産余力小	63.0	70.0	78.0	56.0	75.0	64.0	86.0	22.0	燃料高の不安は続くが接続改革で悲観は一部緩む
55	EU	欧州連合	European Union	欧州	圧力上昇	規制と雇用安定を優先	対日へ技能認証と職業教育の相互枠組み提案	成長投資と公正な移行で雇用を守る	加盟国利害と選挙で規制運用が揺れる	61.0	63.0	58.0	70.0	82.0	66.0	76.0	24.0	職業接続の可視化は希望を支えるが、物価と計算資源不安が残る
56	USA	アメリカ	United States	北米	境界的圧力	同盟負担増とAI覇権堅持	対日へ防衛費・対中規制・計算資源協力要求	雇用と抑止を守りAI競争で勝つ	AI税停滞で財源難、分断で妥協が困難	86.0	66.0	81.0	96.0	92.0	82.0	91.0	14.0	負担増と雇用不安が重なり、努力の報われ感が揺れる
56	CHN	中国	China	東アジア	境界的圧力	対日選別圧力を継続強化	重要素材・装置部材の審査を厳格化	外圧下でも産業と雇用を守る	税制停滞で財源薄く景気優先	84.0	68.0	86.0	93.0	80.0	90.0	87.0	22.0	負担転嫁感が増え、挑戦より安定志向が強まる
56	JPN	日本	Japan	東アジア	圧力上昇	財源難下で移行不安を抑制	同盟連携で算力・燃料の調達分散を加速	成長と生活防衛を両立し負担増を抑える	国際協調税が進まず恒久財源が細い	63.0	66.0	80.0	72.0	97.0	74.0	89.0	12.0	支援の先細り感がSNS不安を増やし、挑戦より回避が強まる
56	TWN	台湾	Taiwan	東アジア	境界的圧力	供給継続と抑止強化	日米欧と供給継続枠と有事訓練連携を拡大	緊張は続くが産業と雇用を守り抜く	AI税停滞で財源不足、防衛と支援が競合	90.0	73.0	76.0	94.0	84.0	85.0	92.0	18.0	半導体・安保不安が将来像を曇らせ、挑戦意欲が揺れる
56	KOR	韓国	South Korea	東アジア	圧力上昇	雇用と技術主権を死守	対米連携で半導体規律と対北抑止強化	産業転換と雇用安全網で不安を抑える	税制停滞で財源薄く産業支援が選別化	66.0	62.0	81.0	76.0	84.0	69.0	88.0	20.0	高スキル選別が強まり、将来像が狭く見えて焦燥が増す
56	PRK	北朝鮮	North Korea	東アジア	境界的圧力	挑発管理で譲歩を誘う	発射示威と対話窓口を併用し譲歩探る	外圧に屈せず抑止と配給を守る	外貨・食料難で長期緊張は消耗	90.0	66.0	84.0	96.0	85.0	78.0	97.0	9.0	安全保障不安が進路選択を慎重化し挑戦意欲を削ぐ
56	RUS	ロシア	Russia	ユーラシア	間接衝突	資源と戦時体制を維持	資源輸出を選別し制裁迂回網を強化	圧力下でも雇用と秩序を守る	戦費で投資が枯れ技術供給が細る	86.0	78.0	74.0	90.0	91.0	80.0	88.0	14.0	物価と安保の長期不安で挑戦回避が強まりやすい
56	UKR	ウクライナ	Ukraine	欧州	限定戦争	支援確保と動員疲れ抑制	EU/G7に長期弾薬枠と復興債の前倒し要請	前線維持と冬季電力を優先し生活線を守る	国際AI税停滞で支援財源が細りやすい	86.0	63.0	78.0	79.0	91.0	70.0	84.0	17.0	国際財源停滞で不透明感が続き、将来設計に慎重化
56	IRN	イラン	Iran	中東	境界的圧力	停戦維持しつつ圧力調整	輸出と航路リスクを示し制裁緩和探る	外圧下でも生活と主権を守る	財源不足で譲歩は体制コスト	70.0	90.0	78.0	84.0	88.0	77.0	90.0	16.0	燃料高と物価で将来設計が縮み、SNS不安が増幅
56	ISR	イスラエル	Israel	中東	間接衝突	抑止維持と財政防衛	停戦監視を維持し、AI収益確保へ同盟調整	安全保障最優先、財源難でも支援は絞る	国際AI税停滞で歳入不足、動員摩耗	72.0	66.0	74.0	80.0	90.0	76.0	83.0	17.0	物価と雇用不安が長引き、挑戦より安定志向が強まる
56	SAU	サウジアラビア	Saudi Arabia	中東	圧力上昇	価格管理で体制安定優先	OPEC+は慎重運用、航路警戒と供給保証	市場安定と改革財源を両立し生活を守る	停戦再燃と設備制約で増産は限定的	66.0	74.0	80.0	57.0	78.0	66.0	88.0	20.0	物価高と財源不安が重なり将来像が曇るが急崩れは回避
56	EU	欧州連合	European Union	欧州	圧力上昇	規制と財源の再設計	対日へAI監査・人材枠の標準化協議	国際協調停滞でも公正負担で雇用を守る	財源難と加盟国選挙で合意が割れる	60.0	62.0	61.0	73.0	85.0	67.0	78.0	22.0	税制停滞で格差不安が増幅。進路が霧化し慎重化が進む
57	USA	アメリカ	United States	北米	境界的圧力	同盟負担増とAI優位維持	対日へ防衛増・対中規制・計算資源枠組み圧力	雇用と抑止を守りAI競争で主導権	財源と分断で譲歩困難、同盟成果が要る	82.0	61.0	77.0	95.0	90.0	81.0	87.0	18.0	負担増と競争圧で将来設計が硬直。移住実験は逃げ道になるが不安は残る
57	CHN	中国	China	東アジア	境界的圧力	対日選別圧力を維持	素材・部材の許認可を運用で揺さぶる	外圧下でも雇用と産業を守る	景気優先で強硬一本化は困難	82.0	66.0	84.0	92.0	78.0	88.0	85.0	26.0	移住実験は出口感を作るが、供給不安で慎重化
57	JPN	日本	Japan	東アジア	圧力上昇	地域移住で不安を分散	同盟連携で燃料・算力の調達網を多重化	移住実験で仕事と生活の道筋を示す	恒久財源が弱く実験の拡張が難しい	60.0	64.0	76.0	70.0	95.0	71.0	83.0	16.0	移住の成功例は希望を作るが、全国展開の遅さが不安を残す
57	TWN	台湾	Taiwan	東アジア	境界的圧力	供給継続と抑止の同時運用	日米欧と有事物流・代替生産の即応枠を強化	緊張下でも投資と雇用を守り生活を支える	電力・保険コスト上昇で産業維持が重荷	88.0	72.0	70.0	93.0	81.0	83.0	90.0	22.0	地政学不安は続くが、地域移住実験が逃げ道感を少し作る
57	KOR	韓国	South Korea	東アジア	圧力上昇	雇用安定と技術同盟を優先	対米半導体枠組み順守と対北抑止を継続	産業転換を急ぎ若者雇用を守る	財源制約で支援は選別、対立が残る	64.0	60.0	77.0	73.0	82.0	67.0	86.0	24.0	地域移住実験が出口に見える一方、技能選別圧で焦燥が残る
57	PRK	北朝鮮	North Korea	東アジア	境界的圧力	挑発を制御し譲歩を迫る	短距離発射示威と対話窓口を併用	抑止を強化し配給と治安を守る	外貨・食料難で長期緊張は消耗	88.0	64.0	81.0	95.0	83.0	76.0	94.0	14.0	不安は強いが移住実験が逃げ道を示し絶望を一部緩和
57	RUS	ロシア	Russia	ユーラシア	間接衝突	制裁耐性と戦時継続	資源輸出を調整し迂回貿易を拡張	外圧下でも雇用と秩序を維持する	戦費優先で民生投資と技術更新が遅れる	84.0	76.0	72.0	88.0	89.0	78.0	86.0	18.0	物価・安保不安が残り、移住実験でも将来像が揺れやすい
57	UKR	ウクライナ	Ukraine	欧州	限定戦争	支援確保と戦線持久を優先	EU/G7に弾薬・防空と復興資金枠を要請	前線維持と生活線を守り動員疲れを抑える	支援疲れと財政逼迫で長期戦が重い	84.0	60.0	72.0	76.0	88.0	66.0	80.0	23.0	国際不安定が続く一方、移住実験で不安の逃げ道が少し増える
57	IRN	イラン	Iran	中東	境界的圧力	停戦維持しつつ示威	海上航路の警戒強化と交渉条件を提示	主権と生活を守り外圧に屈しない	制裁と財政難で強硬継続は危うい	68.0	86.0	74.0	82.0	84.0	75.0	86.0	22.0	燃料高の不安は続くが、地域移住実験が一部の見通しを下支え
57	ISR	イスラエル	Israel	中東	間接衝突	抑止維持と技術供給確保	停戦監視を継続し同盟とサイバー連携強化	脅威は継続、経済も守るため警戒を維持	動員疲れと財政制約、対外依存が残る	70.0	64.0	72.0	79.0	88.0	75.0	81.0	22.0	不安基調は続くが、地域移住実験が逃げ道となり焦燥は一部緩む
57	SAU	サウジアラビア	Saudi Arabia	中東	圧力上昇	原油安定と体制維持を優先	OPEC+調整継続、航路警戒と供給保証	価格安定で改革財源と生活安定を守る	停戦再燃と設備制約で増産余地は小	63.0	68.0	74.0	56.0	73.0	64.0	84.0	26.0	物価不安は続くが、移住実験が選択肢を増やし焦燥はやや緩む
57	EU	欧州連合	European Union	欧州	圧力上昇	規制協調と景気下支え	対日へAI監査相互承認と地方人材交流枠	公正競争と雇用維持を両立し景気を支える	加盟国選挙と財源難で合意が遅い	58.0	57.0	56.0	69.0	83.0	62.0	74.0	26.0	移住実験は追い風だが外圧規制で進路は慎重化
58	USA	アメリカ	United States	北米	境界的圧力	同盟負担増で抑止維持	対日へ防衛増・対中管理・計算資源枠組み要求	抑止と産業基盤を守り物価も抑える	財政と分断で譲歩小、成果が要る	84.0	63.0	79.0	96.0	91.0	83.0	88.0	16.0	負担増と雇用不安が常態化し、将来像が描きにくい
58	CHN	中国	China	東アジア	境界的圧力	対日選別圧力を継続	許認可・通関・検査で部材供給を微調整	外圧下でも産業と雇用を守り抜く	景気減速で全面強硬は維持困難	84.0	68.0	86.0	93.0	79.0	90.0	87.0	24.0	常時警戒が就職・挑戦の萎縮を増やし将来像が曇る
58	JPN	日本	Japan	東アジア	圧力上昇	疲弊を抑え持久体制へ	同盟と中東停戦を注視し調達分散	警戒は続くが生活防衛と雇用を守る	恒久財源不足で若者支援が細る	63.0	66.0	74.0	69.0	96.0	72.0	85.0	15.0	常時警戒で将来像が曇り、挑戦より防衛志向が強まる
58	TWN	台湾	Taiwan	東アジア	境界的圧力	抑止強化と供給安定を優先	日米欧と保険・航路・在庫の共同枠を拡大	警戒は続くが雇用と電力を守り抜く	電力逼迫と保険料が産業維持を圧迫	86.0	74.0	68.0	92.0	83.0	82.0	91.0	21.0	警戒常態化で将来不安が固定化、進路選択が慎重化
58	KOR	韓国	South Korea	東アジア	圧力上昇	同盟維持と雇用防衛	対米枠組み順守、対北抑止と供給網協調	警戒長期化に備え雇用と物価を守る	支援は選別、対立と財源難が残る	66.0	63.0	79.0	74.0	84.0	69.0	88.0	22.0	常時警戒が心理を削り、将来設計が短期化し焦りが増える
58	PRK	北朝鮮	North Korea	東アジア	境界的圧力	挑発を調整し譲歩を引き出す	発射準備示威と対話窓口で揺さぶる	外圧に屈せず配給と治安を守る	外貨・食料不足で長期緊張は負担	90.0	66.0	82.0	96.0	84.0	77.0	95.0	13.0	常時警戒が不安を固定化し将来設計が縮むが、実害が無い月は鈍化
58	RUS	ロシア	Russia	ユーラシア	間接衝突	戦時継続と制裁迂回	資源輸出調整と迂回貿易を継続	長期戦でも秩序と雇用を守る	戦費優先で技術更新と民生が窮屈	83.0	74.0	70.0	86.0	87.0	77.0	84.0	20.0	警戒常態化で将来像が霞み、挑戦意欲が鈍る
58	UKR	ウクライナ	Ukraine	欧州	限定戦争	支援維持で戦線を持久	EU/G7へ継続支援と防空弾薬を再要請	警戒は長期化、生活線を守り抜く	支援疲れと動員疲れで正統性が摩耗	82.0	58.0	70.0	74.0	87.0	65.0	81.0	22.0	常時警戒の空気が続き、将来設計が縮む不安が増える
58	IRN	イラン	Iran	中東	境界的圧力	停戦維持で示威継続	航路周辺で警戒強化し交渉圧力	外圧に屈せず生活と主権を守る	制裁下で財政逼迫、強硬は限界	70.0	88.0	76.0	83.0	85.0	77.0	88.0	20.0	燃料高と不確実性が将来像を曇らせ、挑戦より防衛志向が強まる
58	ISR	イスラエル	Israel	中東	間接衝突	抑止維持と供給網防衛	停戦監視を継続し同盟・サイバー連携を拡大	長期警戒を前提に生活と安全を両立する	動員疲れと財政制約、対外調達が脆い	72.0	67.0	73.0	82.0	86.0	77.0	83.0	20.0	常時警戒が続き将来像が霞む。学業・就活の不安が増幅
58	SAU	サウジアラビア	Saudi Arabia	中東	圧力上昇	供給安定で体制維持	OPEC+調整と航路警戒、供給信頼を強化	価格変動を抑え改革財源と雇用を守る	停戦再燃と設備上限で増産は限定的	61.0	66.0	72.0	55.0	71.0	63.0	82.0	27.0	物価と将来不安が残り、若者は安定志向が強まる
58	EU	欧州連合	European Union	欧州	圧力上昇	規制協調と負担分散	対日へAI監査互認強化と供給網連携	安全と雇用を守り公正なAI市場を作る	加盟国選挙と財源で決定が遅い	60.0	58.0	55.0	72.0	82.0	64.0	73.0	25.0	規制外圧で挑戦が慎重化、ただ連携枠が希望を下支え
59	USA	アメリカ	United States	北米	境界的圧力	同盟負担調整とAI囲い込み	対日へ防衛負担・輸出管理順守を要求	同盟で抑止し雇用と物価を守る	財政と分断で妥協困難、成果必須	82.0	60.0	77.0	95.0	90.0	80.0	86.0	18.0	負担増と計算資源不安が続き、将来設計が萎むが、報酬化試行が一部で緩衝
59	CHN	中国	China	東アジア	境界的圧力	対日選別圧力を微修正	通関・検査を局所強化し対話窓口維持	外圧下でも供給安定と雇用を守る	景気と失業で全面強硬は逆効果	82.0	66.0	83.0	92.0	77.0	88.0	85.0	28.0	制度試行は支えになるが、供給不安が挑戦意欲を削る
59	JPN	日本	Japan	東アジア	圧力上昇	持久財政で生活安定を優先	同盟協議で中東再燃に備え調達分散	制度試行で地域維持と雇用を支える	恒久財源が弱く若者と防衛が競合	61.0	63.0	70.0	66.0	94.0	69.0	78.0	18.0	地域で報酬化が見え不安は少し緩むが、財源懸念で将来像はなお曇る
59	TWN	台湾	Taiwan	東アジア	境界的圧力	抑止維持と供給信頼を固める	日米欧と在庫・航路保険を再増強	警戒は継続、生活と雇用を守る	電力・保険費高騰で産業維持が重い	84.0	72.0	66.0	90.0	80.0	80.0	88.0	23.0	危機は続くが、社会維持の報酬化が見え不安が微減
59	KOR	韓国	South Korea	東アジア	圧力上昇	同盟維持と雇用安定	対米枠組みを維持しつつ半導体投資を選別強化	安保と物価の両面で生活を守る措置を拡充	財源制約で若者雇用と防衛費が競合し続ける	64.0	60.0	74.0	70.0	82.0	66.0	83.0	26.0	雇用不安と安全保障の常時警戒で将来像が縮みやすい
59	PRK	北朝鮮	North Korea	東アジア	間接衝突	示威と対話で譲歩誘導	短距離示威と交渉窓口維持	外圧下でも体制と配給を守る	外貨・食料難で緊張長期化は不利	88.0	64.0	79.0	95.0	82.0	75.0	94.0	16.0	警戒の常態化で不安が粘着し、将来設計が縮むが制度試行は微弱に緩衝
59	RUS	ロシア	Russia	ユーラシア	間接衝突	戦費優先で統制を強化	資源輸出は選別、制裁迂回網を再整備	国家の持久力を高め生活を守る	動員と戦費で民生投資が先細り	84.0	72.0	69.0	87.0	86.0	76.0	82.0	21.0	警戒の常態化が続き、将来設計が短期化しやすい
59	UKR	ウクライナ	Ukraine	欧州	限定戦争	支援確保で持久と後方安定	EU/G7へ防空・弾薬と財政の上積み要請	持久は続くが生活線と復興準備を守る	動員疲れと財政逼迫で正統性が削れる	83.0	56.0	69.0	73.0	86.0	64.0	78.0	26.0	戦争長期化の空気は残るが、社会維持の報酬化が希望の下支えになる
59	IRN	イラン	Iran	中東	境界的圧力	停戦維持で影響力確保	航路周辺の示威を抑え交渉圧力継続	生活防衛と主権堅持を同時に進める	制裁と財政難で強硬策は長期化不可	68.0	84.0	74.0	82.0	86.0	76.0	86.0	21.0	燃料高と海上不安で将来設計が縮み、防衛的選好が強まる
59	ISR	イスラエル	Israel	中東	間接衝突	抑止優先、社会維持を補助	停戦監視を継続し同盟と防空連携を強化	安全を最優先に、生活維持策も小さく拡充	動員疲れと財政制約。供給網と対外調達が脆い	70.0	64.0	72.0	81.0	84.0	75.0	82.0	22.0	警戒常態化で将来像が曇るが、維持制度の試行が希望の下支え
59	SAU	サウジアラビア	Saudi Arabia	中東	圧力上昇	価格安定で体制防衛	OPEC+枠内で調整し航路警戒を強化	収入を安定させ改革と雇用を守る	停戦再燃と設備制約で増産余地は小	63.0	62.0	70.0	54.0	68.0	61.0	79.0	30.0	光熱費不安は継続。国内の小規模制度実装が不安の底割れを抑える
59	EU	欧州連合	European Union	欧州	圧力上昇	規制整合と安定重視	対日へAI監査互認と危機供給枠を提案	安全と雇用を守り競争力も確保する	加盟国選挙と財源で合意が遅い	58.0	54.0	52.0	65.0	80.0	60.0	68.0	28.0	規制外圧で挑戦は慎重化、枠組み連携が将来像を支える
60	USA	アメリカ	United States	北米	境界的圧力	同盟負担増とAI囲い込み継続	対日へ防衛費上積みと輸出管理順守を再要求	同盟強化で抑止し雇用と物価を守る	分断と選挙圧力で譲歩しにくい	84.0	58.0	79.0	96.0	91.0	78.0	87.0	16.0	負担増と計算資源不安が続き、将来設計の萎縮が強まる
60	CHN	中国	China	東アジア	境界的圧力	対日圧力を選別し安定優先	検査・許認可を選別運用し対話は維持	外圧下でも雇用と供給安定を優先	景気減速で全面対立は統治コスト増	80.0	64.0	81.0	90.0	75.0	86.0	83.0	31.0	進路選択が保守化し、挑戦より安定志向が強まる
60	JPN	日本	Japan	東アジア	圧力上昇	財政規律で支援と防衛を両立	同盟協議で調達分散、対中東再燃を警戒	安全保障と物価に備え生活支援を優先配分	恒久財源が乏しく若者支援と防衛が競合	63.0	61.0	66.0	64.0	92.0	67.0	76.0	20.0	支援の継続は下支えだが、増税・負担感で将来像は曇る
60	TWN	台湾	Taiwan	東アジア	境界的圧力	抑止と供給信頼を維持	日米欧と航路保険・在庫・代替生産を連携	緊張は続くが産業と生活を守る支援を拡充	電力・保険・人材流出で負担が限界域	86.0	74.0	68.0	91.0	82.0	83.0	89.0	22.0	危機常態化で将来不安が強いが、供給の見通しが出れば絶望は抑制
60	KOR	韓国	South Korea	東アジア	圧力上昇	半導体主導で同盟協調	対米協調を維持しつつ半導体・防衛を優先投資	雇用と成長を守りつつ抑止力を強化する	財源と世論が割れ、福祉と安保が競合	66.0	58.0	77.0	73.0	84.0	69.0	86.0	24.0	近隣緊張と雇用競争で将来が短期志向になりやすい
60	PRK	北朝鮮	North Korea	東アジア	間接衝突	示威維持で交渉条件を上げる	短距離発射を散発、対話窓口は残す	抑止は体制防衛、配給維持を優先する	外貨・食料難で長期緊張は損	90.0	60.0	72.0	94.0	80.0	73.0	92.0	18.0	警戒疲れで希望が削れ、挑戦より安定志向が強まる
60	RUS	ロシア	Russia	ユーラシア	間接衝突	戦争持久で資源を武器化	資源輸出を選別し制裁迂回網を拡張	安全保障最優先、生活は統制で守る	戦費と動員で民生・技術投資が枯渇	86.0	74.0	71.0	88.0	87.0	78.0	83.0	20.0	警戒の常態化で挑戦回避が増え、希望が短期化しやすい
60	UKR	ウクライナ	Ukraine	欧州	限定戦争	支援維持と動員疲れ緩和	EU/G7へ防空・弾薬と復興資金を再要請	長期戦でも生活線と復興準備は守る	財政枯渇と動員疲れで正統性が脆い	84.0	57.0	70.0	74.0	88.0	65.0	79.0	25.0	長期不安が残り将来設計が揺れるが、介入差で希望格差が可視化
60	IRN	イラン	Iran	中東	境界的圧力	停戦枠を維持し示威は限定	交渉継続しつつ航路周辺の行動を調整	主権と生活防衛を両立し危機を回避	制裁と不満で長期強硬は体制を削る	66.0	80.0	72.0	80.0	84.0	74.0	82.0	24.0	燃料高と不確実性が残り、挑戦より安定志向が強まる
60	ISR	イスラエル	Israel	中東	間接衝突	抑止継続、内政負担を抑制	停戦枠組みを維持しつつ防空・サイバー即応を強化	長期戦化を避けつつ安全と生活を両立させる	動員疲れと分断、財政で若者施策が後回し	72.0	66.0	70.0	83.0	86.0	77.0	84.0	20.0	不確実性が常態化し希望が削れる。介入と支援可視化が鍵
60	SAU	サウジアラビア	Saudi Arabia	中東	圧力上昇	価格安定で体制と改革維持	OPEC+調整継続、紅海航路警戒と停戦維持に関与	市場安定で歳入を確保し雇用と改革を守る	増産余地小、地域再燃で保険料が上がる	64.0	60.0	71.0	55.0	67.0	62.0	78.0	31.0	光熱費と物価不安が粘着。将来設計が縮み、希望は政策の見え方次第
60	EU	欧州連合	European Union	欧州	圧力上昇	規制主導で安定確保	対日へAI監査互認と供給協定を要請	安全と雇用を守り競争力も維持する	加盟国選挙と財源で妥協が必要	60.0	56.0	55.0	67.0	78.0	62.0	70.0	26.0	規制適合と資源制約で挑戦は慎重化、連携は将来像の支え
61	USA	アメリカ	United States	北米	境界的圧力	同盟負担とAI優位を同時追求	対日へ防衛負担・輸出管理・規格同調を要求	雇用再設計と安全保障を両立し物価も抑える	選挙・分断で譲歩困難、産業保護圧力	86.0	61.0	82.0	97.0	90.0	80.0	88.0	14.0	負担増と計算資源不安で将来設計が萎縮、焦燥が増す
61	CHN	中国	China	東アジア	境界的圧力	対日圧力は選別し内政優先	検査・許認可を選別強化、対話窓口は維持	雇用再設計を守り外圧に耐える	失業不安で対外強硬は統治コスト増	78.0	63.0	84.0	88.0	74.0	85.0	84.0	30.0	進路が堅実化、挑戦より資格・公的安定へ傾く
61	JPN	日本	Japan	東アジア	圧力上昇	雇用再設計で不安抑制	同盟と供給網協議、計算資源枠を確保	教育・給付・雇用を接続し移行不安を抑える	財政制約で再訓練と防衛・物価対策が競合	64.0	60.0	72.0	66.0	93.0	68.0	79.0	18.0	移行期の不安が増幅しやすいが、再訓練の見通しが希望を支える
61	TWN	台湾	Taiwan	東アジア	境界的圧力	抑止維持と人材流出抑制	日米欧と在庫・保険・避難計画を更新	制度再編で雇用移行を支え、供給信頼を守る	電力・保険料高騰と若者流出が痛い	84.0	72.0	70.0	88.0	80.0	82.0	87.0	24.0	危機常態化と雇用再設計で不安増。供給見通しが鍵
61	KOR	韓国	South Korea	東アジア	圧力上昇	同盟軸で産業防衛	対米協調で半導体投資と対北抑止を強化	雇用再設計を急ぎ成長と安全を両立する	若者不満と財源制約で分配が難しい	64.0	57.0	73.0	70.0	80.0	66.0	83.0	26.0	雇用競争と安全保障の緊張で不安増、挑戦は増えるが疲弊も強い
61	PRK	北朝鮮	North Korea	東アジア	間接衝突	示威を抑えつつ条件闘争	短距離発射を減らし制裁回避と対話窓口維持	対外圧力下でも体制防衛と配給維持を強調	外貨・食料・燃料不足で長期緊張は逆効果	88.0	58.0	74.0	93.0	78.0	70.0	90.0	22.0	安全保障不安が制度再編期の将来像を曇らせ、挑戦回避が強まる
61	RUS	ロシア	Russia	ユーラシア	間接衝突	戦費優先で資源と情報を圧力化	資源輸出を選別し制裁迂回と攪乱を継続	国家防衛と経済耐性のため統制を強化	動員疲れと技術不足で成長余力が落ちる	88.0	76.0	73.0	90.0	85.0	79.0	84.0	18.0	不確実性が常態化し、将来設計が短期化・回避傾向
61	UKR	ウクライナ	Ukraine	欧州	限定戦争	支援継続と国内疲弊の抑制	EU/G7へ防空・弾薬と復興枠の前倒し要請	戦線維持と生活線を同時に守る方針を強調	動員疲れと財政逼迫で正統性が揺らぐ	86.0	60.0	73.0	76.0	90.0	67.0	81.0	24.0	長期不安が就職観を硬化。学び直しの焦りが増幅
61	IRN	イラン	Iran	中東	境界的圧力	停戦維持と抑止示威	停戦協議継続、航路周辺で限定圧力	主権と生活を守り危機を管理	制裁と不満で長期強硬は危険	64.0	77.0	70.0	78.0	83.0	72.0	80.0	26.0	燃料高と不確実性が続き、安定志向が強まる
61	ISR	イスラエル	Israel	中東	間接衝突	抑止維持と内政修復	停戦維持に注力しつつ防空・サイバーを増強	安全確保を最優先、生活負担も抑える	動員疲れと分断、財政で改革が遅れる	70.0	64.0	68.0	82.0	84.0	75.0	83.0	22.0	不確実性が長期化。将来設計が難しく不安が増幅
61	SAU	サウジアラビア	Saudi Arabia	中東	圧力上昇	価格安定優先で地域再燃を抑制	OPEC+で微調整、紅海警戒と停戦枠組み支援	安定財源で雇用と改革投資を継続する	増産余地は限定、再燃なら保険料と警備費増	63.0	58.0	69.0	54.0	65.0	61.0	77.0	32.0	物価と雇用再設計の不安が残り、将来像は政策の具体度に左右
61	EU	欧州連合	European Union	欧州	圧力上昇	規制調和と産業防衛	対日へAI監査互認と人材循環枠を提案	安全と雇用を守り競争力も維持する	加盟国格差と選挙で一枚岩になれない	58.0	54.0	57.0	64.0	76.0	60.0	68.0	28.0	規制適合負担で挑戦は慎重化、連携は将来像の支え
62	USA	アメリカ	United States	北米	境界的圧力	同盟負担とAI優位を優先	対日へ防衛増・輸出管理・AI規格同調を迫る	国内雇用と物価を守りつつ抑止を強化する	選挙・産業保護で譲歩困難、負担転嫁	88.0	63.0	84.0	96.0	92.0	82.0	89.0	12.0	地域格差固定化と負担増が重なり、若者は将来像が描けず萎縮
62	CHN	中国	China	東アジア	境界的圧力	対日圧力は精密化し抑制	通関・検査を選別強化、対話窓口は維持	雇用と格差是正を優先し外圧に耐える	景気鈍化で強硬一辺倒は統治コスト増	80.0	64.0	86.0	90.0	76.0	87.0	86.0	28.0	格差固定の不安で堅実志向が強まり挑戦が萎む
62	JPN	日本	Japan	東アジア	圧力上昇	地域格差是正を最優先	同盟と供給網再編、地方投資の外資呼込	格差固定を止め、学び直しと雇用を守る	財政逼迫で防衛・給付・投資が競合	63.0	58.0	75.0	62.0	94.0	70.0	81.0	16.0	地元に将来像がない不安が増すが、移動と再訓練が鍵
62	TWN	台湾	Taiwan	東アジア	境界的圧力	供給信頼確保と人材定着	日米欧と分散生産・在庫・避難網を拡張	雇用移行と地域支援で不安の連鎖を止める	電力制約と保険料で投資余力が削れる	86.0	74.0	72.0	90.0	82.0	84.0	88.0	22.0	危機常態化と地域格差不安で将来感が曇る。供給見通し次第
62	KOR	韓国	South Korea	東アジア	圧力上昇	同盟維持と産業雇用防衛	対米協調で半導体規律と対北抑止を調整	雇用不安を抑え地域投資を優先する	世論分断と財源で一体改革が難しい	66.0	58.0	71.0	73.0	78.0	69.0	82.0	27.0	雇用競争と近隣緊張が重なり将来像が曇りやすい
62	PRK	北朝鮮	North Korea	東アジア	間接衝突	示威と対話窓口の併用	発射準備を誇示しつつ裏で譲歩条件提示	外敵抑止で体制と配給を守ると強調	外貨・食料・燃料難で長期緊張は負担	90.0	56.0	76.0	94.0	79.0	72.0	92.0	21.0	安全不安が地域差固定化懸念と結び、進路選択が保守化
62	RUS	ロシア	Russia	ユーラシア	間接衝突	資源と情報で交渉優位	輸出先選別と制裁迂回、攪乱を継続	長期戦に備え統制と生活維持を両立	動員疲れと技術不足、財政は鈍化	86.0	74.0	71.0	88.0	82.0	77.0	83.0	20.0	地域格差の固定感が強まり、地元残留と挑戦の迷い増
62	UKR	ウクライナ	Ukraine	欧州	限定戦争	防空・復興資金の確保優先	EU/G7へ防空弾薬・復興資金の早期拠出要請	長期戦でも生活線と戦線を守ると説明	動員疲れと財政難で正統性が脆い	88.0	62.0	75.0	78.0	92.0	69.0	83.0	22.0	長期不確実性で将来設計が保守化、地域差固定化に焦り
62	IRN	イラン	Iran	中東	境界的圧力	停戦維持しつつ抑止を誇示	停戦枠組み維持、航路周辺で示威と交渉	主権と生活を守るため危機を管理	制裁・不満で長期強硬は体制危うい	66.0	79.0	72.0	77.0	84.0	73.0	81.0	24.0	燃料高と不確実性が格差不安を増幅し定着意欲が冷える
62	ISR	イスラエル	Israel	中東	間接衝突	停戦監視と技術防衛	停戦枠組み維持、サイバーと防空を強化	安全優先で生活費も補助、格差不満に対処	動員疲れと分断、財政で若者支援が細る	72.0	66.0	69.0	84.0	86.0	76.0	84.0	20.0	不確実性が長期化。地域差固定で上京/帰郷の迷いが増える
62	SAU	サウジアラビア	Saudi Arabia	中東	圧力上昇	価格安定で対外不確実性を抑える	OPEC+で小幅調整、紅海警戒と停戦維持支援	原油収益で改革投資と雇用を守る	増産余地は限定、再燃で保険料と治安費増	64.0	60.0	71.0	55.0	66.0	63.0	78.0	31.0	物価高と地域格差の固定化懸念で将来像が曇り、職探し不安が増幅
62	EU	欧州連合	European Union	欧州	圧力上昇	規制と地域格差の抑制	対日へ技能移動と規制互認を再調整	格差固定化を抑え雇用の安心を作る	加盟国間の財政差と選挙が足枷	57.0	53.0	60.0	63.0	74.0	58.0	66.0	30.0	規制適合と雇用不安で慎重化、協調枠が将来像の支え
63	USA	アメリカ	United States	北米	境界的圧力	同盟負担と技術優位を維持	対日へ防衛費増・規格同調・輸出管理厳格化	雇用と競争力を守り抑止も強める	選挙・産業保護で譲歩余地が小さい	86.0	61.0	78.0	94.0	88.0	76.0	84.0	18.0	負担増と雇用不透明で、挑戦より安定志向が強まる
63	CHN	中国	China	東アジア	境界的圧力	選別圧力で対日を揺さぶる	重要素材の許認可を揺らし対話枠は残す	外圧下でも雇用と安全を守ると強調	景気減速で強硬化は社会不安を招く	82.0	61.0	88.0	92.0	78.0	89.0	87.0	26.0	先行き不透明が常態化し、挑戦より安定志向が強まる
63	JPN	日本	Japan	東アジア	圧力上昇	再配分で社会不安を抑える	同盟調整と供給網分散、AI規制を整合	物価と雇用を守りつつ安保も外さない	財政制約で給付・防衛・投資が競合	64.0	60.0	78.0	66.0	92.0	72.0	84.0	14.0	進路の安全感が弱まり不安が常態化、再訓練と移動支援が鍵
63	TWN	台湾	Taiwan	東アジア	境界的圧力	供給安定と抑止信頼の維持	日米欧で規制適合と分散生産・保険枠組み	投資と雇用を守りつつ備えを平時化する	電力・人材・保険料が成長余力を圧迫	88.0	76.0	70.0	92.0	84.0	86.0	89.0	20.0	半導体不安が常態化し挑戦回避が増える。見通し提示で緩和
63	KOR	韓国	South Korea	東アジア	圧力上昇	同盟維持と半導体競争管理	対米協調で半導体規律を確保し対北抑止を強化	雇用と安全を守るため投資と抑止を同時に進める	世論分断で負担増は困難、産業支援も絞りにくい	68.0	60.0	74.0	76.0	80.0	72.0	84.0	25.0	雇用競争と近隣緊張が同時進行し、将来の安心感が削られやすい
63	PRK	北朝鮮	North Korea	東アジア	間接衝突	示威継続、交渉余地残す	短距離発射示威と制裁緩和条件の打診	包囲突破で体制と配給を守ると強調	燃料・外貨難で高強度緊張は続かない	88.0	60.0	79.0	95.0	80.0	74.0	93.0	20.0	報道が不安を増幅し、若者は挑戦より安定志向へ寄る
63	RUS	ロシア	Russia	ユーラシア	間接衝突	制裁下で資源と攪乱を維持	輸出先選別と制裁迂回、情報攪乱を継続	包囲下でも雇用と物価を守り戦時継続	動員疲れと部材不足、収入は不安定化	88.0	78.0	74.0	90.0	84.0	80.0	86.0	18.0	物価と地政学不安で将来設計が縮み、挑戦回避増
63	UKR	ウクライナ	Ukraine	欧州	限定戦争	支援維持と防空増強を最優先	EU/G7へ防空・復興の前倒し拠出要請	長期戦でも生活線と統治を守ると強調	動員疲れと資金枯渇で結束が揺れる	87.0	60.0	74.0	77.0	91.0	68.0	82.0	23.0	秩序再調整で不確実性が続き、将来設計が慎重化
63	IRN	イラン	Iran	中東	境界的圧力	停戦維持と地域影響力確保	航路周辺の示威抑制と制裁緩和交渉	生活を守りつつ主権を譲らない	不満と財政で強硬長期化は困難	64.0	75.0	70.0	74.0	82.0	71.0	79.0	26.0	燃料高と先行き不透明が進路迷いを増やし挑戦が鈍る
63	ISR	イスラエル	Israel	中東	間接衝突	停戦維持と技術優位確保	停戦枠を維持し防空・サイバーと供給網を強化	安全最優先、生活費支援は絞りつつ継続	動員疲れと分断、財政と同盟依存が重い	74.0	63.0	71.0	86.0	84.0	79.0	85.0	18.0	半導体とエネルギー不安で就活観が硬化。挑戦より安定志向が強まる
63	SAU	サウジアラビア	Saudi Arabia	中東	圧力上昇	原油安定と対立回避を優先	OPEC+で調整維持、紅海警戒と停戦枠を支援	収益を守り改革投資と雇用を継続する	再燃で保険料・治安費増、増産余地は限定	66.0	62.0	74.0	57.0	68.0	65.0	80.0	29.0	燃料・物流高で可処分所得が削られ、将来設計と就活の不安が拡大
63	EU	欧州連合	European Union	欧州	圧力上昇	規制主導で秩序再調整	対日でAI規制互認と供給網協議強化	雇用と安全を守るため基準を揃える	加盟国利害と選挙で決定が遅れがち	59.0	54.0	63.0	60.0	71.0	57.0	67.0	33.0	規制適合負担と雇用不安で将来像は慎重化
64	USA	アメリカ	United States	北米	境界的圧力	同盟負担とAI優位を優先	対日へ防衛費・標準同調・供給網再編を要求	雇用と生活防衛のため同盟と技術を守る	財政・世代対立で対外支援は絞りたい	84.0	59.0	74.0	92.0	90.0	78.0	82.0	16.0	負担増と将来不安が連鎖し、挑戦回避と短期志向が強まる
64	CHN	中国	China	東アジア	境界的圧力	選別圧力で対日優位を確保	素材許認可と観光・投資で強弱を調整	外圧下でも発展と安定を守ると強調	景気減速で長期強硬は逆効果になり得る	84.0	63.0	90.0	93.0	80.0	90.0	89.0	24.0	負担見直し議論に外圧不安が重なり、将来設計を先送りしやすい
64	JPN	日本	Japan	東アジア	圧力上昇	世代間再設計で不安抑制	同盟調整と資源・部材の調達多角化	負担と給付を見直し、成長と生活を両立	財政制約で年金医療と若者投資が競合	63.0	58.0	74.0	62.0	94.0	70.0	86.0	12.0	将来負担の見通しが揺れ、進路選択が保守化しやすい
64	TWN	台湾	Taiwan	東アジア	境界的圧力	供給安定と社会安定を優先	日米欧へ供給保証と保険枠の拡充要請	雇用と生活を守り抑止を強化する	電力・人材不足と保険料で余力が削れる	86.0	73.0	68.0	91.0	82.0	84.0	88.0	22.0	世代負担論と半導体不安が重なり将来設計が縮むが、見通し提示で緩和
64	KOR	韓国	South Korea	東アジア	圧力上昇	世代負担調整と同盟抑止維持	対米協調で対北抑止と半導体規律を維持	世代負担を見直しつつ雇用と安全を守る	福祉調整に反発、若者支援と防衛費が競合	66.0	58.0	77.0	74.0	83.0	70.0	86.0	24.0	近隣緊張と雇用競争が重なり将来の安心感が薄れる
64	PRK	北朝鮮	North Korea	東アジア	間接衝突	示威で主導権確保	発射示威継続、対話窓口は維持	包囲下でも体制が生活を守る	燃料・外貨難で長期緊張は重荷	90.0	62.0	81.0	96.0	83.0	76.0	94.0	18.0	世代間負担論に安全不安が重なり、若者は将来に慎重化
64	RUS	ロシア	Russia	ユーラシア	間接衝突	資源と情報で圧力維持	資源輸出先を選別、制裁迂回を強化	包囲下でも歳入と雇用を守り継戦	動員疲れと部材不足、財政は変動	89.0	81.0	76.0	92.0	86.0	83.0	90.0	16.0	負担再設計期に不安情報が刺さり、将来像が曇る
64	UKR	ウクライナ	Ukraine	欧州	限定戦争	防空と支援維持を固守	EU/G7へ防空弾薬と復興資金を再要請	統治と生活線を守り戦線を維持	動員疲れと資金逼迫で継戦が脆い	88.0	62.0	76.0	75.0	92.0	69.0	83.0	22.0	世代間負担見直しと重なり、将来不安が強まり慎重化
64	IRN	イラン	Iran	中東	境界的圧力	停戦維持と対外圧力の相殺	航路周辺の示威を限定し交渉と制裁緩和探る	主権を守り生活負担を下げる外交を優先	財政逼迫と不満で強硬長期化は難しい	66.0	78.0	72.0	76.0	84.0	73.0	81.0	24.0	燃料高と停戦再燃不安が負担論を刺激し将来像が曇る
64	ISR	イスラエル	Israel	中東	間接衝突	停戦管理と技術優位維持	停戦枠を維持し防空・サイバーと調達を強化	安全最優先。負担見直しで支援は重点化する	動員疲れと分断、財政制約と同盟依存が重い	76.0	66.0	74.0	88.0	86.0	81.0	87.0	16.0	物価と半導体不安が長期化し、若者は安定志向と将来不信が強まる
64	SAU	サウジアラビア	Saudi Arabia	中東	圧力上昇	価格安定で収益と安定確保	OPEC+減産維持、紅海警戒と停戦枠支援	収益確保で改革投資と雇用を守る	再燃で保険料増、増産余地は小さい	64.0	60.0	77.0	56.0	70.0	66.0	82.0	27.0	燃料高が負担論を刺激し、若者の将来像が曇る
64	EU	欧州連合	European Union	欧州	圧力上昇	社会契約再設計を優先	対日で規制互認継続、供給網と人材協議	公平な負担配分で成長と安全を両立する	加盟国差と選挙で痛み回避が強い	60.0	52.0	66.0	58.0	73.0	55.0	64.0	31.0	負担論が波及し将来不安増。だが協調枠で学びも増える
65	USA	アメリカ	United States	北米	境界的圧力	同盟負担とAI規格を優先	対日へ防衛負担増・輸出規制順守・AI標準同調を再要請	雇用と安全を守るため同盟と技術優位を維持	国内分断と金利高で対外支出は抑制したい	82.0	57.0	71.0	90.0	88.0	76.0	80.0	18.0	負担増と進路不確実が残り、挑戦より安定志向が強まる
65	CHN	中国	China	東アジア	境界的圧力	対日選別圧力を継続	素材許認可と輸出管理で揺さぶり継続	外圧下でも安定と発展を守ると強調	景気鈍化で長期強硬は内需に跳ね返る	86.0	64.0	92.0	94.0	81.0	91.0	90.0	22.0	外圧の常態化で進路決断が遅れ、諦めが拡散しやすい
65	JPN	日本	Japan	東アジア	圧力上昇	負担の見える化で不安抑制	同盟調整し資源・部材調達を分散	生活防衛と成長投資を同時に進める	年金医療と若者投資が財政で競合	61.0	54.0	70.0	60.0	93.0	68.0	84.0	14.0	制度評価が進むほど差が可視化され、安心と焦燥が同時に増幅
65	TWN	台湾	Taiwan	東アジア	境界的圧力	抑止維持と供給信用の確保	日米欧へ供給枠更新と海峡抑止協議	雇用と安全の両立を続ける	電力・人材・保険費が投資を圧迫	84.0	70.0	66.0	89.0	78.0	82.0	86.0	24.0	半導体不安が就職観と将来設計を縮めるが、見通し提示で一部緩む
65	KOR	韓国	South Korea	東アジア	圧力上昇	雇用安定と抑止の同時運用	対米で対北抑止強化、半導体協調枠を調整	不安定期でも雇用と安全の両立を進める	若者支援と防衛費の配分で与野党が硬直	64.0	57.0	72.0	69.0	80.0	67.0	83.0	26.0	近隣緊張と雇用競争が再燃し、将来像が曇りやすい
65	PRK	北朝鮮	North Korea	東アジア	間接衝突	示威で交渉余地を確保	短距離発射で圧力、対話窓口は維持	外圧に屈せず抑止力で生活を守る	燃料・外貨難で長期緊張は負担	92.0	60.0	78.0	95.0	82.0	74.0	93.0	19.0	安全不安が就職・進学判断を硬化させ、将来像は慎重寄り
65	RUS	ロシア	Russia	ユーラシア	間接衝突	資源と戦時統制を優先	制裁迂回と輸出調整で相場を揺らす	長期戦でも国家運営と生活を守る	動員疲れと技術部材不足が重い	87.0	78.0	73.0	90.0	84.0	81.0	88.0	18.0	物価と将来不安が続き、挑戦より保守選好が強まる
65	UKR	ウクライナ	Ukraine	欧州	限定戦争	防空優先で支援枠を死守	EU/G7へ防空・財政の複年支援を要請	統治と生活線を守り持久戦に備える	動員疲れと資金不足で継戦余力が細い	87.0	60.0	74.0	73.0	90.0	67.0	82.0	23.0	長期戦の固定化が将来設計を冷やし、慎重志向が強まる
65	IRN	イラン	Iran	中東	境界的圧力	停戦維持と強硬の使い分け	航路周辺は限定示威、裏で停戦枠組み維持	安全と生活を守る。交渉も圧力も手段だ	不満と財政で長期強硬は続かない	64.0	76.0	70.0	74.0	82.0	71.0	79.0	26.0	燃料高と再燃不安が続き、将来設計は慎重化しやすい
65	ISR	イスラエル	Israel	中東	間接衝突	停戦維持と国内結束優先	停戦枠を監視し対サイバー防空と調達を強化	長期戦備と生活防衛を両立し分断を抑える	動員疲れと連立不安、財政と同盟依存が重い	74.0	63.0	70.0	86.0	84.0	79.0	85.0	18.0	半導体・調達不安が続き、若者は安定志向と先行き不信が残る
65	SAU	サウジアラビア	Saudi Arabia	中東	圧力上昇	価格管理で体制と改革維持	OPEC+は慎重に調整、紅海警戒と停戦枠支援	収益で改革投資と雇用を守り安定を優先	再燃で保険料上昇、増産は市場信認を損ねる	61.0	58.0	72.0	55.0	66.0	62.0	78.0	29.0	燃料高と不確実性が将来像を曇らせるが、変動が小さければ悲観は固定化しにくい
65	EU	欧州連合	European Union	欧州	圧力上昇	規制整備と成長の両立	対日でAI規制互認と供給網・人材協議強化	雇用保護と競争力の両立で連帯を守る	加盟国差と選挙で痛み分担が進みにくい	58.0	50.0	62.0	55.0	70.0	53.0	61.0	34.0	規制・負担論が波及し将来不安増。だが協業で選択肢も増える
66	USA	アメリカ	United States	北米	境界的圧力	同盟負担とAI統制を優先	対日へ防衛負担増とAI規格同調を要求	雇用防衛と安全のため同盟と技術優位を維持	財政負担と分断で対外支出は絞りたい	84.0	60.0	74.0	92.0	90.0	79.0	82.0	16.0	負担増と将来不透明が続き、挑戦より安定志向が強まる
66	CHN	中国	China	東アジア	境界的圧力	対日選別圧力を調整維持	重要素材の許認可を絞り分け、対話窓口も残す	外圧下でも雇用と安定を守ると強調	景気鈍化で強硬長期化は輸出と雇用に逆風	84.0	62.0	88.0	92.0	79.0	90.0	87.0	24.0	進路選択が慎重化し、生活設計への不安が長期化しやすい
66	JPN	日本	Japan	東アジア	圧力上昇	配分再設計で不安抑制	同盟と協調し燃料・部材調達を多元化	生活防衛と移行支援を同時に実施	社会保障と防衛・若者投資が財政で衝突	63.0	56.0	74.0	58.0	94.0	69.0	86.0	12.0	将来像の不確実性が強まり、安定志向と焦燥が同時に増える
66	TWN	台湾	Taiwan	東アジア	境界的圧力	抑止維持と供給信用の再点検	日米欧へ供給枠再確認と海峡監視連携	雇用と安全を守り生活の不安を減らす	電力・保険費と人材流出が重い	86.0	68.0	64.0	87.0	76.0	83.0	84.0	26.0	供給不安が将来設計を縮めるが見通し次第で緩む
66	KOR	韓国	South Korea	東アジア	圧力上昇	役割再設計と抑止の両立	対米調整で対北抑止維持、半導体枠で競争管理	雇用転換支援を拡充し安全保障の負担も抑える	若者支援と防衛費で与野党合意が脆い	63.0	56.0	66.0	64.0	78.0	65.0	80.0	28.0	雇用競争と近隣緊張が続き、将来像は揺れやすい
66	PRK	北朝鮮	North Korea	東アジア	間接衝突	示威を続け交渉余地保持	短距離発射を散発、対話窓口は残す	外圧下でも抑止維持、結束を要請	燃料外貨難で長期挑発は負担	88.0	57.0	72.0	94.0	80.0	70.0	91.0	21.0	安全不安が進路選択を保守化し、挑戦意欲が鈍る
66	RUS	ロシア	Russia	ユーラシア	間接衝突	戦時継続と資源収入を死守	制裁迂回強化と資源輸出調整で圧力	包囲下でも雇用と物価を守り抜く	動員疲れ・部材不足で長期化が重い	88.0	80.0	74.0	89.0	83.0	82.0	87.0	17.0	物価高と供給不安が続き、将来設計は慎重化しやすい
66	UKR	ウクライナ	Ukraine	欧州	限定戦争	支援の複年固定と復興前倒し	EU/G7へ防空・財政の複年枠と復興AI枠を要請	生活線維持と復興準備で国家機能を守る	動員疲れと歳入不足で継戦の細り	88.0	58.0	72.0	70.0	89.0	66.0	80.0	22.0	長期不確実性が進路選択を慎重化し希望を削る
66	IRN	イラン	Iran	中東	境界的圧力	停戦維持し示威で交渉圧力	航路周辺で限定示威、停戦枠維持を模索	抑止を保ち生活防衛へ資源を回す	不満と財政で長期対外強硬は困難	66.0	78.0	72.0	75.0	83.0	73.0	81.0	24.0	燃料高と再燃不安で将来設計が保守化、役割不安も増幅
66	ISR	イスラエル	Israel	中東	間接衝突	停戦監視と技術優位維持	停戦監視を継続し防空・サイバー協力を拡大	安全と経済を両立、生活防衛を優先する	動員疲れと連立不安、財政と同盟依存が重い	76.0	60.0	68.0	88.0	82.0	77.0	83.0	20.0	先行き不信が残り、若者は安定志向と分断回避へ寄る
66	SAU	サウジアラビア	Saudi Arabia	中東	圧力上昇	価格安定と航路安全を優先	OPEC+微調整、紅海警戒と停戦枠を維持	収益で改革投資と雇用を守り安定確保	再燃で保険料上昇、急増産は信認低下	63.0	60.0	70.0	54.0	64.0	61.0	76.0	30.0	燃料高と航路不安が将来設計を曇らせるが急変がなければ固定化は弱い
66	EU	欧州連合	European Union	欧州	圧力上昇	規制と安保で対外結束	対日でAI規制互換と供給網協議	雇用と安全の両立で制度を守る	加盟国差と選挙で負担調整が難	60.0	54.0	63.0	57.0	72.0	55.0	62.0	33.0	規制適合コストと景気不安が将来感を冷やすが協業余地も残る
67	USA	アメリカ	United States	北米	境界的圧力	対中抑止とAI覇権を優先	対日へ防衛費・基地運用負担増を継続要求	雇用と安全を守るため同盟強化が必要	国内分断と財政で長期関与は縮めたい	86.0	58.0	77.0	94.0	91.0	80.0	84.0	14.0	負担増と選択肢の狭さが続き、挑戦より保守化が進む
67	CHN	中国	China	東アジア	境界的圧力	対日選別圧力を継続調整	重要資材の許認可を絞り、対話枠は維持	雇用と安定を守り外圧に対処と強調	景気鈍化で強硬長期化は雇用に痛手	86.0	60.0	90.0	93.0	80.0	91.0	88.0	22.0	将来設計が保守化し、地方・子育ての希望が萎みやすい
67	JPN	日本	Japan	東アジア	圧力上昇	人口構造評価で再配分加速	同盟と連携し燃料・食料・部材を多元確保	出生と地域維持へ重点配分、移行支援も継続	負担増の反発と財源不足で妥協が必要	64.0	58.0	72.0	55.0	96.0	71.0	88.0	10.0	地域格差と負担感が将来不安を増幅、挑戦意欲が揺れる
67	TWN	台湾	Taiwan	東アジア	境界的圧力	抑止継続と供給信用の維持	日米欧へ供給安定枠と海峡監視連携を再確認	安全と雇用を守り、投資と生活不安を抑える	電力・保険費高止まりと人材流出が重い	84.0	66.0	62.0	85.0	78.0	81.0	82.0	27.0	供給と有事不安が将来設計を圧迫。見通し提示で緩和余地
67	KOR	韓国	South Korea	東アジア	圧力上昇	同盟維持と技術防衛	対米で半導体枠を強化し対北抑止も調整	雇用転換と防衛の両立で暮らしを守る	与野党対立で予算配分の合意が不安定	64.0	57.0	68.0	66.0	80.0	67.0	82.0	26.0	雇用競争と近隣緊張が続き、将来像は揺れやすい
67	PRK	北朝鮮	North Korea	東アジア	間接衝突	示威を継続し対話窓口維持	短距離発射を増減し制裁緩和を探る	外圧下でも抑止を強化し結束を要請	外貨・燃料難で長期挑発は負担	90.0	58.0	73.0	95.0	81.0	71.0	92.0	20.0	安全不安が将来設計を保守化し、地域志向と挑戦回避が強まる
67	RUS	ロシア	Russia	ユーラシア	間接衝突	制裁耐久と資源収入を優先	資源輸出を調整し制裁迂回を拡大	長期戦でも生活と雇用を守ると強調	動員疲れと部材不足で継戦が重い	86.0	78.0	71.0	88.0	81.0	80.0	85.0	19.0	物価・供給不安が続き、将来設計は保守化しやすい
67	UKR	ウクライナ	Ukraine	欧州	限定戦争	支援固定と動員負担の平準化	EU/G7へ防空弾薬と歳出枠の追加要請	戦線維持と生活線を同時に守る	動員疲労と歳入不足で継戦余力が細る	87.0	56.0	71.0	69.0	90.0	65.0	81.0	21.0	長期不確実性が進路を保守化し希望が削れやすい
67	IRN	イラン	Iran	中東	境界的圧力	停戦維持し制裁緩和を探る	代理勢力の抑制と限定示威で交渉圧力	対外抑止を保ち物価と雇用を守る	不満と財政難で長期強硬は維持困難	64.0	76.0	70.0	74.0	82.0	71.0	80.0	26.0	燃料高と不確実性で将来設計が保守化し不安増
67	ISR	イスラエル	Israel	中東	間接衝突	停戦管理と内政安定優先	停戦枠組み維持とサイバー抑止を強化	安全確保と生活負担軽減を同時に進める	動員疲れと連立不安、財政に限界	74.0	58.0	66.0	86.0	80.0	75.0	81.0	22.0	将来像が見えにくく、若者は安定職志向と出生先送りが強まる
67	SAU	サウジアラビア	Saudi Arabia	中東	圧力上昇	価格安定と体制安定を優先	OPEC+で小幅調整、紅海警戒と停戦枠維持	収益で雇用と改革投資を守り安定確保	再燃で保険料上昇、急増産は信認損なう	62.0	58.0	66.0	52.0	61.0	59.0	73.0	32.0	燃料・運賃のじわ高で将来設計が曇るが、供給安定なら悲観は固定化しにくい
67	EU	欧州連合	European Union	欧州	圧力上昇	規制と産業支援で結束	対日でAI規制互換と人材・供給網枠組み協議	雇用と安全を守り生活不安を抑える	加盟国差と選挙で負担配分が割れる	63.0	56.0	66.0	60.0	74.0	58.0	64.0	31.0	適合コストと景気鈍化観測が将来不安を強めるが協業余地は残る
68	USA	アメリカ	United States	北米	境界的圧力	対中抑止とAI供給網を締める	対日へ防衛負担増と輸出管理順守を要求	同盟強化で雇用と安全を守る	国内分断と財政で外征余力が細い	84.0	56.0	74.0	92.0	89.0	78.0	82.0	16.0	負担と選別感が強まり、将来像が縮み保守化が進む
68	CHN	中国	China	東アジア	境界的圧力	対日選別圧力を維持	素材・部材の許認可を調整し、対話窓口は残す	外圧下でも雇用と安定を最優先	景気鈍化で強硬の長期化は困難	84.0	58.0	88.0	92.0	78.0	90.0	87.0	24.0	供給不安が続き、進学・就職の見通しが硬直化しやすい
68	JPN	日本	Japan	東アジア	圧力上昇	世代信頼の補修を優先	資源・部材協定を更新し供給網を補強	将来不安を減らす制度更新を進める	財源硬直で成果が見えにくい	66.0	57.0	70.0	56.0	98.0	73.0	90.0	8.0	制度不信が再燃し不安増。道筋が見えれば回復余地
68	TWN	台湾	Taiwan	東アジア	境界的圧力	抑止と供給信用の再固定	日米欧へ供給優先枠と有事継続計画を提示	安全と産業を守り、若者の将来不安を抑える	電力・保険費と人材流出で余力が細る	86.0	64.0	61.0	83.0	76.0	80.0	84.0	26.0	有事連想と供給不安が進路選択を萎縮。説明の信頼が鍵
68	KOR	韓国	South Korea	東アジア	圧力上昇	同盟維持と技術防衛継続	対米で半導体枠を維持し対北抑止も調整	若者雇用と安全保障を同時に守ると説明	与野党対立で予算合意が遅れやすい	66.0	60.0	72.0	69.0	83.0	70.0	84.0	24.0	雇用競争と緊張継続で将来不安が増幅、信頼回復が課題
68	PRK	北朝鮮	North Korea	東アジア	間接衝突	示威を調整し交渉余地確保	発射頻度を調整し米韓へ牽制と対話信号	外圧に屈せず抑止を維持し結束を強調	外貨・燃料難で長期挑発は維持困難	88.0	57.0	72.0	95.0	80.0	70.0	91.0	21.0	安全不安が将来像を狭め、挑戦回避と内向き志向が強まる
68	RUS	ロシア	Russia	ユーラシア	間接衝突	戦争継続と制裁耐久を優先	資源輸出を締め気味にし迂回取引を拡大	長期局面でも賃金と物価を支えると強調	動員疲れと部材不足で継戦が鈍る	88.0	82.0	74.0	90.0	84.0	83.0	87.0	17.0	物価と将来不安が定着し、挑戦より安定志向が強まる
68	UKR	ウクライナ	Ukraine	欧州	限定戦争	継戦と復興枠の同時確保	EU/G7へ長期財政枠と防空支援を要請	戦線維持と復興準備を止めない	動員疲労と外部資金の不確実性	88.0	58.0	73.0	70.0	92.0	66.0	83.0	20.0	長期戦の制度不信が進路を保守化し希望が削れる
68	IRN	イラン	Iran	中東	境界的圧力	停戦維持で交渉余地確保	代理勢力を抑制しつつ航路で示威	抑止を保ち生活を守る現実路線	不満と歳入難で強硬継続に限界	63.0	72.0	66.0	76.0	80.0	69.0	78.0	27.0	燃料高と不確実性で将来設計が縮みSNS不安が増す
68	ISR	イスラエル	Israel	中東	境界的圧力	停戦維持と抑止優先	停戦監視とサイバー防護を同盟と増強	安全と生活費対策を同時に進める	連立不安と動員疲れ、財政が逼迫	72.0	56.0	64.0	84.0	78.0	72.0	80.0	24.0	将来の制度信頼が揺れ、若者は安定志向と挑戦回避が強まる
68	SAU	サウジアラビア	Saudi Arabia	中東	圧力上昇	増産抑制で収益と安定	OPEC+で漸進調整、紅海警戒と対話継続	収益で雇用と改革を維持し生活を守る	停戦再燃と保険料高、急変は体制リスク	60.0	56.0	62.0	50.0	58.0	57.0	70.0	34.0	燃料高が生活と将来設計に影。供給安定なら悲観は固定化しにくい
68	EU	欧州連合	European Union	欧州	圧力上昇	規制と成長投資を両立	対日でAI規制互換と研究人材枠を強化	安全と雇用を守り競争力も確保する	加盟国差と選挙で負担合意が遅れる	61.0	54.0	63.0	59.0	72.0	57.0	66.0	33.0	適合負担と景気観測が不安増、協業で進路像は残る
69	USA	アメリカ	United States	北米	境界的圧力	対中抑止と同盟負担を要求	対日へ防衛費・基地負担と輸出管理徹底を要請	同盟で雇用と安全を守り生活費も抑える	分断と選挙で長期外部負担は続けにくい	86.0	58.0	76.0	93.0	90.0	80.0	84.0	14.0	生活設計の前提が揺れ、家庭形成は先送り・分断感が増す
69	CHN	中国	China	東アジア	境界的圧力	対日圧力を選別継続	部材許認可を調整し対話窓口は維持	外圧下でも雇用と安定を守る	景気鈍化で強硬の長期化は不利	86.0	60.0	89.0	93.0	79.0	91.0	88.0	23.0	家族形成の現実性評価期で将来不安が増幅、決断が先送りされる
69	JPN	日本	Japan	東アジア	圧力上昇	家計安定と出生条件の補修	資源・半導体調達を再交渉し分散	家族形成の不安を減らす支援を優先	財源硬直で給付と防衛が競合	64.0	54.0	67.0	58.0	96.0	71.0	88.0	10.0	将来設計が重く感じ不安増。可視な支援で希望は維持
69	TWN	台湾	Taiwan	東アジア	境界的圧力	抑止と供給信頼の維持	日米欧へ有事継続・優先供給枠を更新	安全と雇用を守り生活不安を抑える	電力・保険費と人材流出で余力減	88.0	66.0	63.0	85.0	78.0	82.0	86.0	24.0	有事連想で将来・家族形成に慎重化。供給説明の信頼が鍵
69	KOR	韓国	South Korea	東アジア	圧力上昇	雇用安定と技術防衛を優先	対米協調で半導体枠維持、対北抑止継続	生活と雇用を守り、安保は抑止で管理	与野党対立で予算遅れ、支援が薄まる	64.0	57.0	69.0	66.0	80.0	68.0	83.0	26.0	雇用競争と安保緊張で将来設計が揺れ、家族形成の見通しが暗くなる
69	PRK	北朝鮮	North Korea	東アジア	境界的圧力	示威で譲歩を引き出す	短距離発射を散発、対話窓口も維持	抑止を強め生活苦は外圧の責任	外貨・燃料不足で継戦示威は限定	90.0	58.0	74.0	96.0	81.0	72.0	92.0	20.0	安全不安が家族形成の見通しを曇らせ慎重化が進む
69	RUS	ロシア	Russia	ユーラシア	間接衝突	継戦と体制維持を優先	資源輸出を選別し制裁回避と価格支配を強化	包囲下でも雇用と生活を守ると強調	動員疲れと技術・部材不足で長期化が痛手	86.0	79.0	72.0	88.0	82.0	80.0	84.0	19.0	物価高と先行き不透明で家族形成の踏み切りが遅れやすい
69	UKR	ウクライナ	Ukraine	欧州	限定戦争	継戦と復興資金の確保	EU/G7へ長期支援枠と防空追加を要請	戦線維持と復興準備を同時に進める	動員疲労と資金遅延で統治余力が削れる	87.0	56.0	72.0	69.0	93.0	67.0	82.0	21.0	長期不確実性が家計設計を冷やし、家族形成の見通しが曇る
69	IRN	イラン	Iran	中東	境界的圧力	停戦維持で示威を管理	航路で限定示威、停戦枠組み維持交渉	抑止は維持し生活負担の悪化を抑える	制裁と歳入難で強硬の継続は困難	64.0	74.0	67.0	75.0	81.0	70.0	79.0	26.0	燃料高と物価不安で家族形成の現実味が薄れ、将来像が曇る
69	ISR	イスラエル	Israel	中東	境界的圧力	停戦監視と抑止を維持	同盟連携で停戦監視と制裁回避を調整	安全優先を維持し物価対策も継続	連立不安と動員疲れ、財政余力が薄い	74.0	60.0	66.0	86.0	79.0	74.0	82.0	22.0	物価と雇用不安が家族形成の現実感を冷やす
69	SAU	サウジアラビア	Saudi Arabia	中東	圧力上昇	供給安定で収益と体制維持	OPEC+で小幅調整、紅海警戒と対話継続	歳入を確保し雇用と改革を継続する	停戦再燃と保険料高で急増産は難しい	61.0	59.0	64.0	49.0	60.0	58.0	72.0	33.0	燃料・物価高が家計と子育て見通しを圧迫し将来不安が増す
69	EU	欧州連合	European Union	欧州	圧力上昇	規制と生活防衛を優先	対日でAI規制互換と家計支援知見共有	物価と雇用を守り競争力も維持する	加盟国差で家族支援の合意が遅い	60.0	53.0	62.0	58.0	74.0	56.0	67.0	32.0	物価と将来不安が家族形成観を冷やすが協業で選択肢は残る
70	USA	アメリカ	United States	北米	境界的圧力	対中抑止を優先し負担要求	対日へ防衛増・基地整備と輸出管理強化	同盟強化で雇用と安全を確保する	選挙と分断で対外負担は長期困難	84.0	61.0	74.0	92.0	88.0	79.0	82.0	16.0	将来の稼得と住居不安が増し、子育て決断が遅れる
70	CHN	中国	China	東アジア	境界的圧力	対日圧力を取引化	部材・鉱物の許認可を選別、対話窓口は維持	外圧下でも雇用と安定を最優先で守る	景気・雇用が弱く長期強硬は逆効果	84.0	58.0	87.0	92.0	77.0	90.0	86.0	24.0	教育費・住居不安に供給網不確実性が重なり、結婚育児の先送りが増える
70	JPN	日本	Japan	東アジア	圧力上昇	家計不安の抑制を優先	資源・半導体を再交渉し調達分散を加速	子育て期の負担を軽減し基盤を守る	財源硬直で給付と防衛・投資が競合	66.0	57.0	72.0	60.0	94.0	74.0	87.0	12.0	家族形成が遠のく感覚が強まり、慎重化と焦燥が同居
70	TWN	台湾	Taiwan	東アジア	境界的圧力	抑止維持と供給信頼固め	日米欧へ優先供給・代替拠点計画を再提示	安全と産業を守り、家計不安の抑制に注力	電力・保険費が重く、若者支援と競合	87.0	64.0	61.0	84.0	80.0	83.0	88.0	22.0	有事連想と物価観で家族形成の躊躇が増え、安定志向が強まる
70	KOR	韓国	South Korea	東アジア	圧力上昇	若者支援と技術防衛を両立	対米協調で半導体枠維持、対北抑止継続	生活費と雇用を守り、安保は抑止で管理	与野党対立で予算遅れ、支援が薄まる	66.0	58.0	72.0	64.0	82.0	69.0	84.0	24.0	子育て費用の連想が強まり、雇用競争と安保不安で将来設計が硬直する
70	PRK	北朝鮮	North Korea	東アジア	境界的圧力	示威と交渉窓口を併走	短距離発射で示威、対話枠は温存	外圧下の結束と抑止強化を強調	外貨・燃料難で長期挑発は困難	88.0	60.0	72.0	95.0	78.0	70.0	91.0	22.0	安全不安が子育て計画を先送りさせ将来感を冷やす
70	RUS	ロシア	Russia	ユーラシア	間接衝突	継戦持久で制裁耐性確保	資源を選別輸出し価格支配と迂回貿易	長期戦でも生活と雇用を守ると強調	動員疲れと技術・部材不足が重い	88.0	76.0	70.0	86.0	83.0	79.0	82.0	20.0	物価と将来不安が同居し子育て判断が先送りされやすい
70	UKR	ウクライナ	Ukraine	欧州	限定戦争	継戦と支援枠の固定化	EU/G7へ防空と復興資金の複数年枠要請	厳しいが持久と復興準備を進める	動員疲労と支援の不確実性が痛い	85.0	52.0	70.0	66.0	90.0	63.0	78.0	24.0	不確実性が続き将来設計が硬直。安定志向が強まり子育て判断が先送りに傾く
70	IRN	イラン	Iran	中東	境界的圧力	停戦枠内で威圧と抑制	航路で示威を抑制、原油輸出で交渉余地	安全は守る、生活費高騰は抑える	制裁と歳入難で長期強硬は不可	61.0	71.0	66.0	74.0	79.0	69.0	78.0	27.0	燃料高と物価不安が子育て採算感を悪化させ、将来像が曇る
70	ISR	イスラエル	Israel	中東	境界的圧力	抑止維持と内政安定優先	停戦監視強化と対サイバー連携を拡大	安全確保と生活費対策を同時に進める	連立不安と動員疲れで財政が硬直	72.0	63.0	69.0	84.0	82.0	77.0	83.0	21.0	物価と雇用不安が子育ての採算感を下げ、将来像が縮む
70	SAU	サウジアラビア	Saudi Arabia	中東	圧力上昇	価格安定で歳入と秩序維持	OPEC+で微調整、航路防護と停戦維持を支援	安定収入で雇用と改革投資を継続する	再燃と保険料高で増産・輸送が硬直的	60.0	57.0	62.0	47.0	61.0	56.0	70.0	34.0	燃料・物価が住居/教育費感覚を押し上げ、子育て決断が鈍る
70	EU	欧州連合	European Union	欧州	圧力上昇	家計支援と対露抑止維持	対日で規制互換と家計支援策を連携	生活防衛と競争力を両立し支援継続	加盟国差で拠出合意が遅れがち	61.0	56.0	64.0	60.0	76.0	58.0	70.0	30.0	物価高と雇用不安が育児可否を曇らすが協業で緩和余地
71	USA	アメリカ	United States	北米	境界的圧力	対中抑止で負担再要求	防衛費・基地整備を再要請、輸出管理継続	同盟維持で雇用と安全を守ると強調	選挙・分断で長期外向き負担が不安定	86.0	63.0	76.0	93.0	89.0	81.0	84.0	14.0	将来設計が『安全保障×生活費』で圧迫され挑戦回避が増える
71	CHN	中国	China	東アジア	境界的圧力	対日圧力を管理し継続	鉱物・部材を選別許認可、対話は維持	外圧下でも雇用と安定を守る	景気鈍化で長期強硬は政権に不利	86.0	60.0	88.0	93.0	79.0	91.0	87.0	22.0	将来設計が曖昧になり学業・就職・家族形成を先送り
71	JPN	日本	Japan	東アジア	圧力上昇	将来不安の沈静化を優先	同盟協議で資源・半導体の調達枠を確保	長期の希望経路を守る投資と支援を実施	増税回避と歳出硬直で配分が詰む	64.0	59.0	75.0	58.0	92.0	73.0	86.0	14.0	努力が報われにくい感覚が残り、挑戦より防衛的選択が増える
71	TWN	台湾	Taiwan	東アジア	境界的圧力	抑止と供給信頼の死守	日米欧へ供給優先枠を再確認し保険網強化	危機管理と雇用維持で生活不安を抑える	電力・海上保険が重く、若者支援が薄い	90.0	66.0	63.0	88.0	82.0	86.0	89.0	20.0	有事連想と就職不安が長期化し、挑戦より安定へ傾く
71	KOR	韓国	South Korea	東アジア	圧力上昇	成長投資と抑止を同時運用	対米で半導体枠維持、対北抑止強化	雇用と物価を守り、安保は抑止で管理	与野党対立で予算遅れ、負担配分が難しい	64.0	57.0	70.0	66.0	80.0	68.0	82.0	26.0	雇用競争と安保不安が重なり、将来設計が縮む
71	PRK	北朝鮮	North Korea	東アジア	間接衝突	示威で体制結束を優先	短距離発射を再開、対話窓口は残す	外圧下でも抑止力で国家を守る	外貨・燃料難で長期の連続挑発は難	90.0	58.0	74.0	94.0	77.0	72.0	92.0	21.0	安全不安が進路・家庭形成を先送りし将来像が曇る
71	RUS	ロシア	Russia	ユーラシア	間接衝突	継戦維持と資源収入死守	資源輸出を選別し迂回貿易と価格維持	制裁下でも雇用と生活を守ると強調	動員疲れと部材不足、財政の硬直化	86.0	74.0	68.0	84.0	81.0	77.0	79.0	22.0	物価と安全保障不安が長期化し、将来設計と家族形成が先送りされやすい
71	UKR	ウクライナ	Ukraine	欧州	限定戦争	継戦維持と復興枠の確保	EU/G7へ防空・弾薬と復興基金を再要請	長期戦を前提に生活維持と復興準備を進める	動員疲労と支援の波が統治を不安定化	84.0	50.0	69.0	65.0	88.0	62.0	77.0	25.0	『安全保障と生活』の不安が固定化し、挑戦より安定志向が強まる
71	IRN	イラン	Iran	中東	境界的圧力	停戦維持で威圧を調整	航路で示威を抑制し原油で交渉余地確保	安全と生活を両立、外圧には屈しない	制裁と歳入難で長期強硬は続かない	63.0	73.0	67.0	75.0	80.0	70.0	79.0	26.0	燃料高と不確実性が家計計画を縮め、将来像が曇る
71	ISR	イスラエル	Israel	中東	境界的圧力	抑止強化と供給網確保	停戦枠組み維持と対サイバー連携強化	安全最優先で物価対策も継続する	連立不安と動員疲れで負担限界が近い	76.0	66.0	63.0	82.0	85.0	79.0	86.0	19.0	物価・雇用の不確実性が続き、若者の長期計画が縮む
71	SAU	サウジアラビア	Saudi Arabia	中東	圧力上昇	価格安定と体制防衛を優先	OPEC+で供給微調整、航路護衛を継続	安定歳入で雇用と改革投資を守る	停戦は脆弱、保険料と治安費で余力が削れる	63.0	59.0	60.0	46.0	62.0	57.0	68.0	35.0	燃料高が可処分所得を圧迫し、将来設計と家族形成の確信が薄れる
71	EU	欧州連合	European Union	欧州	圧力上昇	規制整合と対露抑止の両立	対日でAI規制互換と半導体・防衛協力を調整	生活防衛と競争力を両立し支援を継続	加盟国差と財政配分で合意形成が遅い	63.0	57.0	62.0	61.0	77.0	59.0	71.0	29.0	物価・雇用の不安が将来設計を曇らすが協業で緩和余地
72	USA	アメリカ	United States	北米	境界的圧力	同盟負担の再配分を要求	防衛負担増・共同開発拡大、対中輸出管理維持	同盟で抑止と雇用を守る、負担は公平に	選挙周期と分断で長期関与が揺らぐ	84.0	61.0	74.0	90.0	86.0	79.0	81.0	18.0	「安全保障負担が常態化」感が残り挑戦より安定志向へ傾く
72	CHN	中国	China	東アジア	境界的圧力	圧力は維持し選別緩和	重要鉱物・部材は許認可で調整し対話窓口は維持	安定と雇用を守り外圧に主導権を示す	景気・若年不安で全面強硬は長期負担	84.0	58.0	86.0	92.0	77.0	89.0	85.0	24.0	制度が続くか不信が残り、挑戦より安全策へ寄る
72	JPN	日本	Japan	東アジア	圧力上昇	制度記憶を若者支援へ接続	同盟と供給網で計算資源・燃料を確保	一時給付でなく基盤投資を継続し負担を平準化	歳出硬直と増税回避で恒久財源が脆い	66.0	58.0	72.0	55.0	90.0	70.0	84.0	16.0	支援が制度として定着すれば希望は戻るが、財源不安が挑戦意欲を削ぐ
72	TWN	台湾	Taiwan	東アジア	境界的圧力	抑止と継続供給の制度化	供給優先枠を条文化し保険・航路も共同化	不確実性は続くが雇用と生活の底割れ防ぐ	電力・保険費が重く若者支援が後回し	88.0	63.0	60.0	85.0	79.0	84.0	86.0	22.0	危機が常態化し将来設計が短期化、安定志向が強まる
72	KOR	韓国	South Korea	東アジア	圧力上昇	同盟協調で技術と抑止確保	対米で半導体枠維持、対北抑止と対日連携管理	安保と雇用を同時に守り、制度の継続性を示す	与野党対立と負担配分で若者支援が不安定	63.0	56.0	68.0	64.0	78.0	67.0	80.0	28.0	雇用競争と安保不安が続き、制度継承の不透明さが将来像を曇らせる
72	PRK	北朝鮮	North Korea	東アジア	間接衝突	示威と交渉窓口の併用	発射試験を限定再開、対話余地は維持	外圧下でも抑止で体制と生活を守る	外貨・燃料難で長期挑発は維持困難	88.0	57.0	72.0	93.0	76.0	71.0	91.0	22.0	安全不安が慢性化し、将来設計の確信が弱まりやすい
72	RUS	ロシア	Russia	ユーラシア	間接衝突	継戦固定と収入線維持	資源輸出を選別し迂回貿易と値支え継続	制裁下でも統制で生活を守ると強調	動員疲れと部材不足、長期財政硬直	84.0	72.0	66.0	82.0	80.0	76.0	78.0	24.0	不安が若者の初期条件として固定化し、挑戦より防衛的選択が増える
72	UKR	ウクライナ	Ukraine	欧州	限定戦争	継戦と復興枠の固定化	EU/G7へ防空・弾薬と復興債務支援を要請	制度を回しつつ生活維持と復興準備を続ける	動員疲労と支援変動で統治が揺らぎやすい	83.0	48.0	67.0	64.0	86.0	61.0	74.0	26.0	長期不安が『安定志向』を強め、挑戦の期待値が下がる
72	IRN	イラン	Iran	中東	境界的圧力	停戦維持で対外圧力を制御	航路示威を抑えつつ代理勢力を抑制、原油は交渉材	生活防衛を優先しつつ屈せず、制度の継続性を強調	制裁と不満で長期強硬は困難、統治正統性が脆い	60.0	68.0	62.0	74.0	78.0	67.0	76.0	28.0	燃料高の記憶が固定化し、若者の将来設計が慎重化する
72	ISR	イスラエル	Israel	中東	境界的圧力	停戦維持と抑止の再調整	米国協議で停戦監視と対サイバー枠組み強化	安全確保を最優先し生活支援は絞って継続	動員疲れと連立不安で長期投資が難しい	74.0	63.0	60.0	79.0	83.0	76.0	82.0	22.0	将来制度の持続が見えず、若者は挑戦より防衛的に動く
72	SAU	サウジアラビア	Saudi Arabia	中東	圧力上昇	価格安定と体制改革を両立	OPEC+で供給微調整、紅海航路の警戒継続	安定歳入で雇用と改革投資を維持する	停戦再燃と保険料高で余力が目減りする	61.0	57.0	58.0	45.0	60.0	56.0	66.0	37.0	燃料高の記憶が将来設計を慎重化、希望は鈍く揺れる
72	EU	欧州連合	European Union	欧州	圧力上昇	制度信頼と競争力を優先	対日でAI規制互換と供給網協力を加速	生活防衛と産業競争力を同時に守る	加盟国間の負担配分で合意が鈍る	61.0	53.0	56.0	58.0	74.0	57.0	69.0	31.0	制度が続く実感は希望を支えるが物価と雇用不安が残る
73	USA	アメリカ	United States	北米	境界的圧力	同盟負担と技術統制を強化	対中輸出管理を維持し同盟へ負担増要請	雇用と安全を守るため同盟を強くする	分断と選挙で長期関与の継続が不安定	85.0	63.0	77.0	91.0	87.0	80.0	82.0	16.0	負担増の常態化で将来が硬直化し挑戦回避が強まる
73	CHN	中国	China	東アジア	境界的圧力	輸出許認可で圧力管理	重要鉱物・部材は許認可運用、台湾周辺は示威継続	雇用と安定を守り、外圧に主導権を確保	若年不安と景気で全面強硬は制度コスト増	86.0	60.0	88.0	93.0	79.0	90.0	86.0	22.0	将来役割の実感が薄れ、安全志向と海外志向が強まる
73	JPN	日本	Japan	東アジア	圧力上昇	基盤投資で社会役割を再設計	同盟と供給網で燃料・計算資源を確保	ケア・地域維持を雇用として再定義し支援	恒久財源が弱く配分対立が激しい	64.0	57.0	68.0	53.0	88.0	66.0	82.0	18.0	役割が見えるほど希望は回復するが、負担不安が挑戦を抑える
73	TWN	台湾	Taiwan	東アジア	境界的圧力	抑止維持と人材再配置	供給枠を維持し同盟と海空監視を強化	自動化下でも雇用移行と安全を守る	電力・保険費が増え支援の幅が狭い	86.0	61.0	57.0	82.0	77.0	81.0	84.0	24.0	半導体不安が常態化し、若者は安定志向と将来設計の短期化
73	KOR	韓国	South Korea	東アジア	圧力上昇	同盟協調で産業と抑止維持	対米で半導体枠確保、対北抑止強化	安保と雇用の同時防衛を最優先	若者支援と防衛負担の配分が難航	62.0	58.0	70.0	66.0	76.0	68.0	79.0	30.0	雇用競争と安保不安が残り、将来像が曇る
73	PRK	北朝鮮	North Korea	東アジア	間接衝突	示威で交渉主導権確保	短距離発射示威とサイバー外貨獲得	抑止を維持し生活も守ると強調	燃料・外貨不足で長期緊張は負担	90.0	59.0	74.0	94.0	78.0	73.0	92.0	20.0	安全不安が再燃し、若者の将来設計が短期化しやすい
73	RUS	ロシア	Russia	ユーラシア	間接衝突	継戦維持と資源収入死守	資源輸出は迂回維持、対日圧力は濃淡調整	長期戦でも統制と社会保障で耐える	動員疲れと部材不足、財政硬直が増す	82.0	70.0	68.0	83.0	81.0	75.0	77.0	23.0	不安が常態化し、若者は挑戦より安定志向に寄る
73	UKR	ウクライナ	Ukraine	欧州	限定戦争	継戦維持と復興資金確保	EU/G7へ防空・弾薬と復興枠を再要請	戦時統治を維持し生活インフラを守る	動員疲労と支援変動で統治が脆い	82.0	46.0	69.0	62.0	88.0	60.0	73.0	25.0	長期戦と自動化競争が重なり将来像が縮む
73	IRN	イラン	Iran	中東	境界的圧力	停戦維持で体制安定優先	航路示威は限定、制裁緩和交渉と代理抑制	生活防衛と自立を両立、混乱は許さない	物価と不満が限界、強硬長期化は統治負担	63.0	66.0	64.0	73.0	79.0	68.0	77.0	27.0	燃料高と不況懸念が再点火し、若者の挑戦意欲が萎む
73	ISR	イスラエル	Israel	中東	境界的圧力	抑止維持と国内統合	停戦監視を継続しサイバー即応を強化	安全を守りつつ生活コストを抑える	動員疲れと連立不安で改革が進まない	72.0	61.0	58.0	78.0	81.0	74.0	83.0	23.0	AI定着でも不安定要因が残り、若者は将来を短期化しがち
73	SAU	サウジアラビア	Saudi Arabia	中東	圧力上昇	価格安定と改革投資を優先	OPEC+で供給を機動調整、紅海航路の警戒維持	安定歳入で雇用・福祉・改革投資を守る	停戦再燃と海上保険高で調整余地が縮む	63.0	59.0	56.0	44.0	62.0	58.0	67.0	35.0	燃料・物価の先行き不安が就職と結婚観を慎重化、希望は横ばい
73	EU	欧州連合	European Union	欧州	圧力上昇	規制信頼と雇用維持を優先	対日でAI規制互換と人材・研究枠を拡大	人の役割を残し生活と競争力を守る	加盟国間の財政負担と移民で分断が残る	60.0	51.0	54.0	56.0	72.0	55.0	66.0	33.0	ケア等の仕事像は支えだが、賃金停滞と不安が続く
74	USA	アメリカ	United States	北米	境界的圧力	同盟負担と通貨信頼を優先	対日へ防衛負担・対中統制順守を強要	財政規律と雇用防衛で国家を守る	選挙・分断で対外関与が揺れやすい	86.0	66.0	79.0	93.0	90.0	82.0	83.0	14.0	負担増と資源制約が固定化し、将来像が狭まり不安が増す
74	CHN	中国	China	東アジア	境界的圧力	財政安定を軸に圧力調整	重要鉱物は許認可で濃淡、台湾周辺は示威維持	雇用と物価を守り、外圧に主導権を確保	景気と若年不安で強硬一辺倒は逆効果	84.0	58.0	86.0	92.0	76.0	88.0	85.0	24.0	先行き不透明が固定化し、挑戦より安定志向が強まる
74	JPN	日本	Japan	東アジア	圧力上昇	財政信認を守り配分最適化	LNG・原油の長期契約を再編し価格抑制	物価と将来不安を抑えつつ支援を続ける	増税回避と歳出維持が両立しにくい	61.0	58.0	63.0	50.0	90.0	64.0	84.0	16.0	支援の継続性が見えないと将来観が冷え、挑戦回避が増える
74	TWN	台湾	Taiwan	東アジア	境界的圧力	財政規律で抑止継続	防衛連携継続、半導体供給の優先枠調整	通貨信認を守りつつ安全と雇用を確保	防衛・電力・若者支援が財源争奪	88.0	63.0	60.0	84.0	81.0	83.0	86.0	22.0	供給不安と財政不安が重なり、若者は進路を保守化し先延ばし
74	KOR	韓国	South Korea	東アジア	圧力上昇	財政規律で同盟産業両立	対米で枠維持、対日供給協議も継続	物価と雇用を守りつつ安保も崩さない	通貨信頼が最優先、支出拡大は限定的	60.0	57.0	66.0	63.0	72.0	62.0	75.0	32.0	半導体枠競争と財政緊縮観測で、将来不安がじわり増す
74	PRK	北朝鮮	North Korea	東アジア	境界的圧力	示威で譲歩引き出し	発射準備の誇示と制裁回避取引模索	外圧に屈せず体制と生活を守る	外貨・燃料不足で長期緊張は重荷	93.0	61.0	76.0	95.0	81.0	75.0	93.0	18.0	安全不安と物価観測が重なり、将来設計が保守化しやすい
74	RUS	ロシア	Russia	ユーラシア	間接衝突	継戦財政を維持し圧力調整	資源迂回輸出維持、対日牽制を可変化	財政規律を強調し統制で耐久を示す	通貨信認と動員疲れ、部材不足が重い	84.0	74.0	69.0	85.0	83.0	77.0	79.0	21.0	物価と雇用不安が残り、若者は挑戦回避と省コスト志向に寄る
74	UKR	ウクライナ	Ukraine	欧州	限定戦争	継戦と財政信認の確保	EU/G7に長期財政枠と防空支援を要請	支出規律を示し生活と防衛を両立	支援疲れと動員疲労で統治が薄氷	84.0	48.0	70.0	63.0	90.0	61.0	74.0	24.0	戦争長期化と財政不安が重なり将来設計が難化
74	IRN	イラン	Iran	中東	境界的圧力	停戦維持と制裁緩和探る	代理抑制を条件に対話継続、航路示威は抑制	経済防衛を最優先、混乱と贅沢は許さず	通貨不安と補助金負担、強硬化は統治コスト増	61.0	63.0	60.0	72.0	81.0	67.0	75.0	26.0	燃料高と景気不安が続き、将来設計に慎重化が広がる
74	ISR	イスラエル	Israel	中東	間接衝突	抑止維持と財政規律	停戦監視継続、米と対空・サイバー協調	安全と物価の両方を守る運営へ	動員疲れと連立不安で歳出調整が難しい	74.0	63.0	60.0	80.0	86.0	76.0	84.0	22.0	世界の緊張と財政不安が重なり、若者は将来設計を短期化
74	SAU	サウジアラビア	Saudi Arabia	中東	圧力上昇	価格安定と信認維持	OPEC+供給を微調整し財政規律も強調	歳入を守りつつ改革・雇用投資を継続	停戦再燃と市場の信認評価で動きに制約	62.0	57.0	55.0	44.0	63.0	56.0	66.0	34.0	物価と将来不安が継続し挑戦より堅実志向が強まる
74	EU	欧州連合	European Union	欧州	圧力上昇	財政信頼と雇用安定を優先	対日で規制互換を維持し供給網監査強化	財政規律と生活支援を両立し雇用を守る	加盟国の利害差で歳出削減が進みにくい	58.0	49.0	57.0	52.0	76.0	56.0	64.0	32.0	景気不透明と賃金停滞観測が強まり将来不安がじわ増
75	USA	アメリカ	United States	北米	境界的圧力	同盟負担とAI覇権を優先	対日へ防衛費増・対中統制順守とAI協力要求	同盟強化で雇用と安全を守り競争に勝つ	分断と債務で対外関与の継続性が不安定	88.0	64.0	81.0	95.0	92.0	84.0	86.0	12.0	負担と進路制約が重なり、役割感が揺れて不安が増幅
75	CHN	中国	China	東アジア	境界的圧力	台湾圧力を維持し安定優先	重要鉱物は許認可で揺さぶり、周辺演習を継続	外圧に主導権、雇用と物価を最優先で守る	若年不安と輸出減で強硬一辺倒は困難	86.0	61.0	88.0	93.0	79.0	90.0	86.0	22.0	不確実性が常態化し、挑戦より安全策を選ぶ空気が強まる
75	JPN	日本	Japan	東アジア	圧力上昇	財政信認を守り若者不安を抑制	同盟調整で抑止強化、LNG長期契約を再設計	物価対策と雇用移行支援を優先し継続する	防衛・給付・投資の同時増は難しい	63.0	56.0	66.0	52.0	92.0	62.0	86.0	14.0	制度継承世代ほど矛盾に敏感。支援の予見性が弱いと将来観が冷える
75	TWN	台湾	Taiwan	東アジア	境界的圧力	抑止と若者基盤の同時維持	同盟連携強化と半導体供給の優先枠再設計	安全と生活を両立し、次世代の役割を守る	防衛・電力・住宅が財源競合し不満が増幅	90.0	66.0	63.0	86.0	83.0	85.0	88.0	20.0	供給途絶の連想が強まり、若者は進路を安全志向に寄せる
75	KOR	韓国	South Korea	東アジア	圧力上昇	同盟維持と半導体主導	対米で輸出管理枠を守り対日で供給協議	安保と雇用を両立し物価高を抑える	北リスクと景気で政権支持が揺れる	63.0	58.0	70.0	66.0	74.0	64.0	78.0	30.0	半導体枠競争が就職観を冷やし将来像が曇る
75	PRK	北朝鮮	North Korea	東アジア	間接衝突	示威継続で譲歩を狙う	短距離発射で威圧、裏で取引と支援獲得	外圧に屈せず体制と生活を守る	外貨・燃料不足、長期緊張は危険	94.0	63.0	78.0	96.0	83.0	77.0	94.0	17.0	安全不安が常態化し、若者の挑戦より防衛的選好が強まる
75	RUS	ロシア	Russia	ユーラシア	間接衝突	制裁耐久と資源で圧力維持	資源割引輸出継続、対日牽制を強弱調整	外圧下でも安定供給と秩序維持を強調	動員疲れと部材不足、財政も長期摩耗	86.0	76.0	70.0	86.0	84.0	78.0	80.0	20.0	将来の見通しが曇り、若者は安定志向と国外機会探索が増える
75	UKR	ウクライナ	Ukraine	欧州	限定戦争	支援枠の固定化を最優先	EU/G7に複数年財政枠と防空弾薬を要求	制度維持のため動員と生活支援を両立	支援疲れと人的損耗で統治が逼迫	86.0	51.0	73.0	64.0	92.0	62.0	76.0	23.0	長期戦と財政不安が継続し、若者の将来像が細りやすい
75	IRN	イラン	Iran	中東	圧力上昇	停戦維持で統治コスト抑制	航路示威は限定、制裁緩和の対話継続	生活安定と安全確保を同時に進める	若者不満と通貨安、強硬化は財政を圧迫	64.0	66.0	62.0	73.0	82.0	68.0	77.0	25.0	燃料高と景気不安が続き、若者の将来設計は防衛的になりやすい
75	ISR	イスラエル	Israel	中東	間接衝突	抑止優先で不確実性管理	停戦枠組み維持、対空・サイバー協力強化	安全確保を最優先、生活負担は段階支援	動員疲れと連立不安で追加歳出が難しい	72.0	61.0	62.0	82.0	87.0	77.0	86.0	20.0	世界の不安が常態化し、若者は制度信頼を試され将来設計が縮む
75	SAU	サウジアラビア	Saudi Arabia	中東	圧力上昇	価格帯を管理し安定優先	OPEC+供給を小幅調整、停戦監視と航路警戒	歳入確保で改革投資と雇用創出を継続	停戦再燃・米中圧力・投資家信認で裁量が狭い	64.0	60.0	56.0	45.0	62.0	57.0	68.0	33.0	光熱費と物価の先行き不透明で将来感情が守りに寄る
75	EU	欧州連合	European Union	欧州	圧力上昇	規制主導で安定優先	対日でAI規制互換と監査を強化	若者雇用と生活防衛を最優先する	加盟国分断で再分配が遅れがち	60.0	52.0	59.0	54.0	74.0	58.0	66.0	30.0	『制度の世代交代』が重なり、将来像が描きにくい不安が増幅
76	USA	アメリカ	United States	北米	境界的圧力	同盟負担とAI基盤を再要求	対日へ防衛負担・対中規制順守・計算資源連携を要求	介護医療コスト増でも同盟と競争力で生活を守る	歳出膨張と分断で対外強硬の持続性が揺らぐ	86.0	62.0	78.0	94.0	90.0	82.0	84.0	14.0	負担増と進路の選択肢縮小が重なり、将来像が霞んで不安が増幅
76	CHN	中国	China	東アジア	境界的圧力	経済不安抑えつつ圧力維持	輸出管理へ対抗し許認可・演習で牽制	雇用と物価を守り外圧に屈しない	若年雇用と地方財政が強硬策を縛る	84.0	60.0	89.0	92.0	80.0	91.0	85.0	21.0	介護負担の将来不安に外圧が重なり、慎重志向が強まる
76	JPN	日本	Japan	東アジア	圧力上昇	持続可能性を再設計	資源・医療供給で同盟と調達枠を拡張	負担増を抑えつつ医療・介護を守る	給付維持と財源確保の両立が限界	61.0	53.0	68.0	49.0	94.0	60.0	88.0	12.0	将来負担への実感が強まり、希望は制度の予見性次第
76	TWN	台湾	Taiwan	東アジア	境界的圧力	抑止と社会耐久の防衛	対日供給枠を維持し同盟訓練を継続	社会保障を守りつつ抑止を強める	福祉・住宅と防衛が歳出競合し不満増	88.0	64.0	66.0	84.0	86.0	83.0	90.0	18.0	介護負担の将来不安と供給不安が重なり、若者は希望を削られやすい
76	KOR	韓国	South Korea	東アジア	圧力上昇	福祉負担と安保の調整	対米で輸出管理維持、対日で供給安定協議	福祉の持続と雇用を守り安保も固める	歳出圧迫で若者支援と防衛が競合	60.0	57.0	68.0	62.0	76.0	61.0	74.0	32.0	介護財政不安と半導体競争が重なり将来像が縮む
76	PRK	北朝鮮	North Korea	東アジア	間接衝突	周期的示威で取引余地確保	発射準備を誇示し制裁緩和と支援を探る	外圧下でも体制と生活を守り抜く	外貨・燃料不足、長期緊張は統治不安	93.0	61.0	76.0	95.0	82.0	76.0	93.0	18.0	ケア負担不安に安全不安が重なり、若者の将来期待が縮む
76	RUS	ロシア	Russia	ユーラシア	間接衝突	資源カードで制裁耐久	資源輸出の条件調整と対日牽制を継続	外圧下でも財政と治安を守ると強調	動員疲れと部材不足で長期摩耗	88.0	79.0	72.0	87.0	86.0	80.0	82.0	18.0	将来不安が増し、若者は安定職志向と分断疲れが強まる
76	UKR	ウクライナ	Ukraine	欧州	限定戦争	支援の複数年固定を死守	EU/G7に復興債・防空弾薬の枠確保を要求	動員と生活支援を同時に継続する	支援疲れと財政逼迫で統治が薄い	87.0	53.0	74.0	66.0	93.0	63.0	78.0	21.0	長期負担の連想が強まり、若者の将来設計が萎む
76	IRN	イラン	Iran	中東	圧力上昇	停戦維持で統治費を抑制	航路示威は抑え、制裁緩和協議を継続	生活防衛と治安維持を同時に進める	通貨安と若者不満、強硬化は財政悪化	63.0	67.0	63.0	72.0	83.0	69.0	78.0	24.0	燃料高と景気不安が長引き、若者の将来設計が守りに寄る
76	ISR	イスラエル	Israel	中東	間接衝突	抑止維持と財政防衛	停戦枠維持、対空・サイバー連携を拡大	治安優先、福祉負担は重点配分で守る	動員疲れと連立不安で歳出配分が硬直	70.0	58.0	60.0	80.0	85.0	74.0	84.0	22.0	介護・教育の持続不安が重なり、若者は将来設計を短期化
76	SAU	サウジアラビア	Saudi Arabia	中東	圧力上昇	価格安定と体制優先	OPEC+微調整、紅海航路警戒を強化	歳入を確保し改革・雇用投資を継続	停戦再燃と投資家信認で大幅増産は難	66.0	63.0	58.0	46.0	64.0	59.0	71.0	31.0	生活費と社会保障の持続不安が重なり将来像が縮む
76	EU	欧州連合	European Union	欧州	圧力上昇	ケア持続と規制で安定確保	対日でAI監査互換と福祉効率化協力	高齢化対策と物価抑制を両立する	加盟国分断で財政合意が遅い	61.0	54.0	57.0	56.0	77.0	57.0	67.0	28.0	介護・医療の将来負担観が強まり、若者の展望が曇る
77	USA	アメリカ	United States	北米	境界的圧力	同盟負担とAI基盤を継続要求	対日へ防衛増・対中規制協調・計算資源枠を要請	同盟維持とAI投資で雇用と物価を守る	財政膨張と分断で長期強硬の余力が不安定	84.0	58.0	76.0	92.0	88.0	80.0	82.0	16.0	地域格差の可視化に負担増が重なり、将来の居場所感が薄れ不安が増す
77	CHN	中国	China	東アジア	境界的圧力	内政優先で圧力を調整	許認可・通関で対日圧力、演習は抑制	雇用と地域維持を最優先、外圧に備える	若年雇用と地方格差が強硬策を制限	82.0	63.0	87.0	93.0	78.0	90.0	84.0	22.0	地域格差不安に外圧が重なり、進路選択が保守化する
77	JPN	日本	Japan	東アジア	圧力上昇	地域存続の差を抑え込む	同盟と供給協定を更新し資源・部材を確保	地域サービスを守り、負担は段階化する	財源不足で若者支援と地方維持が衝突	63.0	56.0	66.0	52.0	93.0	62.0	87.0	11.0	地元の将来差が可視化し焦燥増、移動と学び直し志向
77	TWN	台湾	Taiwan	東アジア	境界的圧力	供給確保と抑止の両立	対日優先枠を再確認し訓練・分散調達	地域格差に備え生活基盤と防衛を同時強化	電力・住宅・防衛で財政と世論が割れる	90.0	66.0	68.0	86.0	87.0	84.0	91.0	17.0	供給不安と地域格差の話題が重なり、若者は将来を短期化しやすい
77	KOR	韓国	South Korea	東アジア	圧力上昇	半導体優先で同盟信頼維持	対米で輸出管理整合、対日で供給枠協議	雇用と安保を守るため産業支援を強化	若者雇用悪化と北朝鮮で政権が不安定	63.0	56.0	71.0	65.0	78.0	62.0	75.0	31.0	半導体・雇用不安が再燃し、将来設計が保守化しやすい
77	PRK	北朝鮮	North Korea	東アジア	間接衝突	示威継続で交渉窓口保持	短距離発射示威と対話条件を提示	敵対に屈せず生活防衛を優先	外貨不足で長期緊張は統治負担	91.0	63.0	74.0	94.0	80.0	77.0	92.0	19.0	安全不安が定着し挑戦回避が増え、将来像が細る
77	RUS	ロシア	Russia	ユーラシア	間接衝突	資源収入と体制維持を優先	資源輸出条件を微調整し制裁回避網を強化	長期戦下でも生活と雇用を守ると強調	動員疲れと部材不足、地方空洞化が重荷	86.0	77.0	70.0	85.0	82.0	78.0	80.0	20.0	物価と将来不安が続き、若者は挑戦回避と安定志向が強まる
77	UKR	ウクライナ	Ukraine	欧州	限定戦争	支援枠の長期固定を最優先	EU/G7に復興資金と弾薬の確約要求	動員と生活支援を両立し国家機能を守る	支援疲れと財政難で統治が摩耗する	86.0	52.0	73.0	66.0	94.0	64.0	79.0	20.0	地域格差の話題と戦争長期化が重なり、若者の見通しが曇る
77	IRN	イラン	Iran	中東	境界的圧力	停戦維持で統治費圧縮	航路示威は限定、制裁緩和交渉を継続	生活防衛を優先し治安も維持する	通貨安と不満、強硬化は財政を損ねる	66.0	71.0	64.0	74.0	85.0	71.0	80.0	22.0	燃料高と雇用不安が続き、若者の移住・挑戦が萎縮
77	ISR	イスラエル	Israel	中東	間接衝突	抑止維持と技術供給確保	停戦枠を維持し、対空・サイバー連携を強化	治安優先、生活コスト対策は重点配分で維持	動員疲れと連立不安で歳出の転用が難しい	72.0	60.0	63.0	82.0	86.0	76.0	85.0	20.0	物価・雇用不安が増幅し、若者は進路と家庭形成を先送り
77	SAU	サウジアラビア	Saudi Arabia	中東	圧力上昇	価格安定と地域調停	OPEC+微調整と紅海護衛協力を拡大	歳入確保で改革投資と雇用維持を優先	停戦再燃と投資家信認で増産余地は限定	64.0	60.0	57.0	47.0	65.0	61.0	72.0	30.0	地域格差の拡大観測が将来像を曇らせ、生活費不安がSNSで増幅
77	EU	欧州連合	European Union	欧州	圧力上昇	地域格差抑制と同盟維持	対日で地域再生・人材循環の制度協力強化	地域サービス維持へ投資と規制を調整	加盟国分断で財政配分と移民合意が難航	60.0	52.0	60.0	54.0	79.0	58.0	69.0	26.0	地域格差の連想が強まり、若者の定住・将来設計が揺れる
78	USA	アメリカ	United States	北米	境界的圧力	同盟負担とAI統制を優先	対日へ防衛増・対中規制同調・計算枠を再要請	同盟強化とAI主導で雇用と安全を守る	分断とコスト高で継続強硬は不安定	86.0	61.0	79.0	93.0	90.0	82.0	85.0	14.0	負担増と雇用再編が重なり、権利/負担の分断が不安を増幅
78	CHN	中国	China	東アジア	境界的圧力	内政安定優先で対外圧力維持	通関・許認可を選別運用、演習は誇示	雇用と秩序を守り外圧に備える	若年雇用と期待管理が強硬策を抑制	80.0	60.0	85.0	92.0	74.0	88.0	82.0	24.0	外圧と雇用不安で将来像が縮み、安定志向が強まる
78	JPN	日本	Japan	東アジア	圧力上昇	負担設計で分断を抑制	同盟・資源契約を再調整し供給安定化	支援は権利と責任を両立し重点化する	財源硬直で若者・防衛・物価対策が競合	64.0	58.0	69.0	54.0	95.0	63.0	90.0	9.0	権利観と負担観が衝突し不信増、将来像は二極化
78	TWN	台湾	Taiwan	東アジア	境界的圧力	抑止維持と供給安定優先	対日供給優先枠を継続し在庫・代替ルートを強化	若者流入期に社会支援を守りつつ備えを増す	電力・住宅・防衛費が競合し合意形成が難しい	88.0	64.0	67.0	84.0	86.0	82.0	90.0	19.0	供給と有事不安が残り、若者は将来設計を短期化しやすい
78	KOR	韓国	South Korea	東アジア	圧力上昇	若年不安抑制で産業防衛	対米整合を維持し対日で供給安定枠	雇用と安保を守るため支援を継続	北朝鮮と若者不満で政権余力が薄い	64.0	57.0	74.0	66.0	80.0	63.0	77.0	30.0	半導体と雇用不安が増幅し挑戦より安定志向が強まる
78	PRK	北朝鮮	North Korea	東アジア	間接衝突	示威で譲歩引き出す	短距離発射示威と対話条件の再提示	対外脅威に備え生活統制を強化	外貨不足と不満で緊張維持は限界	93.0	64.0	76.0	95.0	82.0	78.0	93.0	18.0	安全不安が常態化し挑戦回避が増え将来像が縮む
78	RUS	ロシア	Russia	ユーラシア	間接衝突	長期戦維持と制裁耐性	資源輸出を選別し迂回網と示威を強化	包囲下でも雇用と物価を守ると強調	動員疲れと部材不足、財政は軍優先	88.0	79.0	71.0	86.0	83.0	79.0	82.0	18.0	支援が権利化するほど世代摩擦と閉塞感が増え、挑戦回避が強まる
78	UKR	ウクライナ	Ukraine	欧州	限定戦争	支援の長期固定と統治維持	EU/G7へ復興債・防空弾薬の複年確約要求	権利としての支援を制度化し動員負担を平準化	支援疲れと財政逼迫で社会分断が拡大	87.0	53.0	74.0	67.0	95.0	65.0	80.0	19.0	戦争長期化と負担論がSNSで増幅し、若者の将来像が縮む
78	IRN	イラン	Iran	中東	境界的圧力	停戦維持で体制防衛	航路の示威は限定し制裁緩和を探る	治安と生活を守り外圧に屈しない	不満と財政逼迫で強硬は持たない	65.0	73.0	66.0	75.0	86.0	72.0	82.0	20.0	燃料高が固定化し将来設計が縮み、挑戦回避が増える
78	ISR	イスラエル	Israel	中東	間接衝突	抑止維持と歳出選別	停戦枠維持、対空・サイバー協力拡大	安全最優先、支援は重点化し公平性を確保	動員疲れと連立不安で妥協コストが高い	74.0	63.0	66.0	85.0	88.0	78.0	87.0	18.0	物価と進路不安が続き、支援観の分岐で将来像が揺れる
78	SAU	サウジアラビア	Saudi Arabia	中東	圧力上昇	価格抑制と体制安定優先	OPEC+は小幅調整、紅海護衛は限定協力	歳入と雇用を守り改革投資を継続	停戦再燃と投資家信認で急増産は困難	63.0	58.0	56.0	48.0	66.0	60.0	74.0	29.0	物価不安が『支援は権利か負担か』の分断を刺激し将来像が曇る
78	EU	欧州連合	European Union	欧州	圧力上昇	規制整合と雇用安定	対日でAI規制・人材移動の相互枠組み推進	若者雇用と生活防衛へ規制と投資を両立	加盟国分断で再分配と移民合意が遅い	61.0	53.0	63.0	57.0	81.0	59.0	71.0	25.0	支援が権利か負担かの対立が拡散し将来像が揺れる
79	USA	アメリカ	United States	北米	境界的圧力	同盟結束とAI覇権を優先	対日へ防衛増・制度整合・計算枠優先を要請	同盟と技術優位で雇用と安全を守る	分断と生活費で強硬の持久力が弱い	84.0	58.0	77.0	92.0	89.0	80.0	83.0	16.0	負担増と制度選別で将来像が曇り、挑戦より回避が増える
79	CHN	中国	China	東アジア	境界的圧力	制度競争で統制維持	輸出管理回避の調達網を再編、通関は選別運用	制度の強みで雇用と秩序を守り外圧に耐える	若年雇用と期待管理が強硬化を抑え、景気下支えが必須	82.0	58.0	84.0	93.0	70.0	90.0	83.0	23.0	供給網と計算資源の詰まりが進路不安を増やし、挑戦回避が強まる
79	JPN	日本	Japan	東アジア	圧力上昇	制度持続で投資と人材を確保	同盟連携でルール整備し投資・人材流出を抑制	将来不安を減らす改革と支援を同時に進める	財源硬直で改革痛みと分断が増えやすい	63.0	57.0	71.0	56.0	96.0	64.0	92.0	8.0	移住・雇用の揺れが将来像を曇らせ、努力の見返り不信が増える
79	TWN	台湾	Taiwan	東アジア	境界的圧力	制度信頼で抑止と供給死守	対日供給優先枠を維持し同盟協調を強化	制度の持続性を守り投資と雇用を確保	電力・防衛・住宅が競合し分断が怖い	90.0	66.0	69.0	86.0	88.0	84.0	92.0	18.0	有事と制度競争の不透明感で将来設計が短期化
79	KOR	韓国	South Korea	東アジア	圧力上昇	半導体防衛と同盟整合を優先	対米枠内で対日供給安定協議と輸出管理強化	雇用と安保を守るため産業支援と規律を徹底	若者不満と北朝鮮で強硬と支援が両立困難	66.0	60.0	78.0	68.0	82.0	65.0	80.0	28.0	半導体不確実性が進路不安を押し、安定志向が強まる
79	PRK	北朝鮮	North Korea	東アジア	間接衝突	示威継続で取引条件探る	発射示威を抑制しつつ対話条件を提示	制度競争下でも自力更生と統制を強化	外貨・食料不足で長期緊張は維持困難	90.0	63.0	77.0	96.0	83.0	79.0	92.0	19.0	断続的警報が挑戦回避を促し、将来設計が縮む
79	RUS	ロシア	Russia	ユーラシア	間接衝突	資源収入と体制維持を優先	資源輸出の選別と迂回取引を拡大	制度競争下でも安定と雇用を守る	戦費負担と部材不足で長期余力が縮む	90.0	82.0	73.0	87.0	84.0	81.0	83.0	16.0	物価と将来不安が固定化し、挑戦より安全志向が強まる
79	UKR	ウクライナ	Ukraine	欧州	限定戦争	支援制度化で持久戦維持	EU/G7へ復興枠の条件整備と複年化要求	制度で支援を固定し動員負担を平準化	支援疲れと徴税限界で統治が脆い	88.0	52.0	76.0	68.0	96.0	66.0	82.0	18.0	長期負担論が拡散し、若者の将来設計が保守化する
79	IRN	イラン	Iran	中東	境界的圧力	制度競争下で交渉優先	停戦線は維持しつつ制裁緩和を取引化	外圧下でも生活を守り体制を維持する	投資流出と不満で長期対立は脆い	67.0	76.0	68.0	74.0	84.0	73.0	83.0	18.0	燃料高と不安が続き、進学・就職の挑戦を先送りしやすい
79	ISR	イスラエル	Israel	中東	間接衝突	技術主権優先で同盟維持	停戦枠を保持しつつ対空・サイバー協力を拡張	安全と産業基盤を守り投資と雇用を確保する	動員疲れと連立不安で妥協余地が狭い	76.0	66.0	69.0	88.0	86.0	80.0	84.0	20.0	物価と計算資源不安が長期化し、進路期待が二極化する
79	SAU	サウジアラビア	Saudi Arabia	中東	圧力上昇	価格安定と改革資金を両立	OPEC+は小幅調整、対日供給は安定優先	歳入を守り雇用・改革投資を継続する	停戦再燃と投資家評価で急増産困難	64.0	60.0	57.0	49.0	67.0	61.0	73.0	28.0	物価と将来不安が同時に効き、挑戦より防衛的な選択が増える
79	EU	欧州連合	European Union	欧州	圧力上昇	規制同盟で不確実性抑制	対日でAI規制互換と供給網監視を強化	雇用と安全を守り投資と規制を両立	加盟国分断で移民・再分配が遅延	63.0	54.0	66.0	60.0	83.0	62.0	73.0	24.0	規制負担と雇用不安が拡散し進路の確信が揺れる
80	USA	アメリカ	United States	北米	境界的圧力	同盟負担増と技術囲い込み	対日へ防衛負担増とAI規制整合を要求	インフラ再投資と供給安定で雇用を守る	生活費と分断で強硬策の持久力が薄い	86.0	63.0	79.0	90.0	91.0	83.0	85.0	14.0	負担増と選別圧で将来不安が強まり、挑戦が萎む
80	CHN	中国	China	東アジア	境界的圧力	資源不安で対外圧力維持	資源・物流を優先配分、通関選別を強化	生活コスト抑制と安定確保を最優先	インフラ制約で不満増、強硬化は統治負担	84.0	66.0	86.0	94.0	72.0	92.0	85.0	21.0	物価と供給遅延が将来設計を縮め、挑戦回避が強まる
80	JPN	日本	Japan	東アジア	境界的圧力	生活コスト抑制を最優先	資源国・同盟と緊急調達枠を拡大	物価と災害対応を先に守り負担を平準化	財政硬直で若者支援が削られやすい	66.0	72.0	74.0	58.0	97.0	69.0	90.0	6.0	生活不安が就職・結婚・挑戦を萎縮させ、将来像が狭まる
80	TWN	台湾	Taiwan	東アジア	境界的圧力	供給死守と生活コスト抑制	対日供給枠を維持し海上警戒と分散輸送	インフラ補修と価格対策で雇用を守る	電力・水・防衛が競合し財政が硬直	88.0	72.0	73.0	83.0	84.0	79.0	90.0	20.0	半導体不安と生活コスト報道で将来設計が保守化
80	KOR	韓国	South Korea	東アジア	圧力上昇	生活コスト抑制と同盟整合	対米連携で資源確保、対日供給枠を交渉	物価と安保の同時危機に産業と生活を守る	エネルギー脆弱で財政・賃上げが限界	64.0	72.0	74.0	66.0	84.0	68.0	78.0	26.0	コスト高と半導体不確実性が進路不安を増幅、安定志向が強まる
80	PRK	北朝鮮	North Korea	東アジア	間接衝突	限定示威で譲歩引き出す	短距離訓練を誇示し対話条件を再提示	制裁と災害下でも抑止と統制を堅持	燃料・食料難で長期緊張は維持困難	88.0	66.0	79.0	95.0	84.0	81.0	93.0	18.0	警報反復と物価連想で挑戦回避が強まり、将来設計が縮む
80	RUS	ロシア	Russia	ユーラシア	間接衝突	資源梃子で制裁耐久と戦争継続	資源輸出を選別し友好圏へ割当、迂回決済を強化	外圧下でも生活と雇用を守り秩序を維持	インフラ劣化と戦費で修復余力が薄い	92.0	86.0	76.0	88.0	87.0	84.0	85.0	14.0	物価高と停滞感が常態化し、若者は挑戦より安定志向へ
80	UKR	ウクライナ	Ukraine	欧州	限定戦争	支援維持と統治安定を優先	EU/G7に復興枠の拡充と燃料支援要請	生活コスト対策と動員負担の均衡を取る	インフラ損耗と財源枯渇で統治が綱渡り	86.0	58.0	74.0	67.0	94.0	69.0	83.0	17.0	長期戦と生活費高の連想が強まり、若者は将来投資を先送り
80	IRN	イラン	Iran	中東	境界的圧力	停戦維持し制裁緩和狙い	代理勢力抑制と交渉を並行、航路牽制	物価高対策と治安維持を優先する	インフラ劣化で補助金が限界、強硬も必要	70.0	82.0	71.0	76.0	86.0	74.0	85.0	16.0	燃料高と不安が長引き、将来設計を縮める若者が増える
80	ISR	イスラエル	Israel	中東	間接衝突	物価抑制と抑止の両立	停戦枠維持しつつ防空・サイバー連携拡大	生活コスト対策を優先しつつ抑止力を維持	動員疲れと連立不安、財政余力も細い	74.0	72.0	70.0	90.0	88.0	82.0	86.0	18.0	物価・計算資源不安が固定化し、将来像が分断される
80	SAU	サウジアラビア	Saudi Arabia	中東	圧力上昇	価格安定と歳入確保を優先	OPEC+は慎重調整、対日供給は維持	改革と雇用を守るため価格安定を図る	停戦再燃と設備制約で急増産は難しい	66.0	63.0	58.0	50.0	69.0	64.0	75.0	26.0	光熱費と物価が重く、将来像が縮み挑戦回避が増える
80	EU	欧州連合	European Union	欧州	圧力上昇	インフラ危機に規制と支援で対応	対日で供給網監視と規制互換を条件付き深化	生活コスト高に対応し雇用と安全を守る	加盟国利害と老朽化投資で合意形成が遅い	61.0	59.0	63.0	58.0	86.0	66.0	76.0	22.0	物価と雇用の不確実性が増し、進路の見通しが曇る
81	USA	アメリカ	United States	北米	境界的圧力	同盟負担と技術主導を維持	対日へ防衛費増とAI輸出管理の整合要求	雇用と供給安定を優先し対外競争に勝つ	分断と生活費で強硬の持久力が乏しい	84.0	60.0	76.0	88.0	89.0	80.0	82.0	16.0	将来経路が制度都合で狭まる感覚が強まり挑戦が鈍る
81	CHN	中国	China	東アジア	境界的圧力	統制強化で外圧を相殺	通関選別継続、重要鉱物を管理、演習誇示	雇用と物価を守り外圧に対抗する	成長鈍化で不満管理が最優先、強硬はコスト	86.0	64.0	88.0	95.0	74.0	93.0	87.0	19.0	選別遅延と先行き不透明が進路選択を萎縮させ、安定志向が強まる
81	JPN	日本	Japan	東アジア	圧力上昇	若者不安の火種を抑制	資源・同盟と調達枠拡大、備蓄放出調整	生活コストを守り移行期の不安を抑える	財政硬直で配分争い、即効策に偏りやすい	61.0	69.0	73.0	56.0	95.0	67.0	88.0	8.0	制度は見えても実感が遅れ、挑戦より回避が強まりやすい
81	TWN	台湾	Taiwan	東アジア	境界的圧力	供給確保と抑止の同時運用	対日優先枠を維持し分散輸送と共同警戒	供給と雇用を守り有事備えを強化する	電力水資源と防衛が競合し費用が増える	86.0	68.0	70.0	79.0	82.0	77.0	88.0	22.0	供給不安が就職観を硬化、挑戦より安定志向へ
81	KOR	韓国	South Korea	東アジア	圧力上昇	雇用不安抑制と同盟整合	対米連携で半導体・計算資源枠を確保、対日供給は条件付き維持	安保と物価の同時対応で若者の雇用と生活を守る	エネルギー脆弱で補助と防衛が財政を圧迫	63.0	70.0	69.0	61.0	82.0	65.0	74.0	28.0	半導体枠の揺れとコスト高が進路不安を継続、安定志向が強まる
81	PRK	北朝鮮	North Korea	東アジア	間接衝突	示威を抑え対話窓口維持	短距離発射で存在感誇示、対話条件を再提示	外圧下でも抑止は維持、統制と配給を強化	燃料・食料逼迫で長期緊張は維持困難	84.0	61.0	72.0	94.0	80.0	78.0	90.0	20.0	警報の反復でリスク回避が常態化し、将来設計が短期化する
81	RUS	ロシア	Russia	ユーラシア	間接衝突	資源と威圧で制裁耐久	資源供給を選別、友好圏決済と影響工作	外圧下でも雇用と秩序を守る	戦費と人材流出で修復余力が枯渇	93.0	84.0	74.0	87.0	85.0	82.0	86.0	15.0	物価と将来不安が常態化し、若者は安定志向・海外回避へ
81	UKR	ウクライナ	Ukraine	欧州	限定戦争	支援の継続条件を再交渉	EU/G7へ長期支援の条件明確化を要請	前線維持と生活防衛を同時に進める	動員疲弊と財源不足で統治が不安定	88.0	60.0	76.0	69.0	95.0	71.0	84.0	16.0	長期危機の常態化が将来像を曇らせ、若者は挑戦を先送り
81	IRN	イラン	Iran	中東	境界的圧力	停戦維持と対外圧力の調整	代理勢力抑制と交渉継続、航路で牽制	物価と治安を抑え、体制の安定を守る	制裁と財政難で補助金が限界、硬軟が要る	66.0	78.0	69.0	74.0	84.0	72.0	83.0	18.0	燃料高と不安が続き、若者の将来設計が短期化しやすい
81	ISR	イスラエル	Israel	中東	間接衝突	抑止維持と内政沈静	停戦枠を維持しつつ防空・サイバー協力強化	安全保障を優先しつつ生活費対策も継続	動員疲れと連立不安、財政が詰まる	76.0	70.0	66.0	88.0	84.0	78.0	82.0	22.0	物価と計算資源不安が続き、将来設計が硬直する
81	SAU	サウジアラビア	Saudi Arabia	中東	圧力上昇	価格管理で体制安定	OPEC+で段階調整、対日供給枠は維持	歳入と雇用を守り改革投資を継続する	停戦再燃リスクと設備制約で急増産不可	64.0	60.0	56.0	49.0	67.0	62.0	73.0	27.0	生活コスト不安が残り、将来設計が保守化し挑戦意欲が鈍る
81	EU	欧州連合	European Union	欧州	圧力上昇	規制整合と景気下支え	対日でAI規制互換と供給網監視を強化	物価と雇用を守りつつ安保責任を果たす	加盟国分断で合意遅延、支援と防衛が競合	60.0	57.0	61.0	56.0	84.0	64.0	72.0	24.0	物価と就職不安が残り、挑戦より安定志向が強まる
82	USA	アメリカ	United States	北米	境界的圧力	同盟負担増と技術囲い込み	対日へ防衛投資増・輸出管理同調を要求	制度再設計で競争力と雇用の基盤を守る	分断と監査負担で強硬の持久力が弱い	86.0	63.0	78.0	91.0	90.0	83.0	84.0	14.0	制度都合で進路が狭まる感覚が強まり将来不安が増幅
82	CHN	中国	China	東アジア	境界的圧力	統制維持で外圧に耐える	通関選別と鉱物管理を続行、演習で牽制	制度再設計で公平感を補強し安定を守る	成長鈍化と監査負担で譲歩余地が小さい	88.0	63.0	86.0	96.0	72.0	92.0	85.0	20.0	不透明感が長引き挑戦回避が強まる。海外志向と起業意欲が鈍る
82	JPN	日本	Japan	東アジア	圧力上昇	制度再設計で不安を抑える	同盟維持し資源・調達枠を再交渉	不公平感を是正し移行期の生活を守る	監査負担と財政硬直で配分が詰まる	63.0	66.0	75.0	58.0	96.0	68.0	90.0	7.0	制度更新の遅れが将来像を曇らせ、挑戦より保身が増えやすい
82	TWN	台湾	Taiwan	東アジア	境界的圧力	制度更新で抑止と供給維持	対日優先枠継続、監査簡素化と分散輸送	制度を改め負担を減らし雇用と安全を守る	改革は遅く、防衛・電力・監査が競合	88.0	66.0	72.0	81.0	84.0	79.0	89.0	20.0	制度不安と供給遅延観測で将来像が曇り、安定志向が強まる
82	KOR	韓国	South Korea	東アジア	圧力上昇	制度再設計で安保と成長	対米協調で計算資源枠を確保、対日供給は選別	監査負担を減らし雇用と物価の両方を守る	エネルギー脆弱と補助金で財政が細りやすい	64.0	68.0	66.0	58.0	84.0	63.0	73.0	27.0	対外ショックと部材枠の揺れで先行き不安が長引く
82	PRK	北朝鮮	North Korea	東アジア	間接衝突	示威と取引を交互運用	短距離発射示威と接触窓口を併走	制度再設計は統制強化で乗り切る	配給・燃料逼迫で長期緊張は重荷	86.0	63.0	74.0	95.0	82.0	79.0	91.0	18.0	警報反復で将来設計が短期化、挑戦回避が強まる
82	RUS	ロシア	Russia	ユーラシア	間接衝突	制裁耐久と資源レバレッジ維持	資源輸出を友好圏優先、制裁回避網を強化	長期戦でも生活と雇用を守り秩序を維持	戦費・動員疲れで制度が硬直、監査負担増	92.0	86.0	76.0	89.0	87.0	83.0	87.0	14.0	物価高と供給不安が続き、若者は将来像を描きにくい
82	UKR	ウクライナ	Ukraine	欧州	限定戦争	長期支援の再設計を要求	EU/G7へ支援枠組み再設計と弾薬供給を要請	制度疲労でも前線維持と生活防衛を優先	動員疲弊と財源枯渇で統治の余裕が薄い	85.0	62.0	78.0	70.0	92.0	72.0	86.0	14.0	長期危機と制度疲労が将来像を曇らせ不安が増幅
82	IRN	イラン	Iran	中東	境界的圧力	停戦維持と体制防衛	代理勢力を調整し航路で限定示威	制度改革で不満を抑え生活を守る	制裁と財政難で補助金が限界	68.0	80.0	71.0	76.0	86.0	74.0	85.0	16.0	燃料高と不安が続き、若者の将来設計が短期化しやすい
82	ISR	イスラエル	Israel	中東	間接衝突	抑止維持と制度再設計	停戦枠維持し防空・サイバー連携増	監査負担を減らし不公平感を是正	動員疲れと連立不安、改革が遅い	78.0	72.0	68.0	86.0	87.0	80.0	84.0	20.0	物価・雇用・計算資源不安が続き進路選択が保守化
82	SAU	サウジアラビア	Saudi Arabia	中東	圧力上昇	価格と制度更新を両立	OPEC+で供給微調整、対日枠は維持	制度疲労に対応し改革投資と雇用を守る	監査負担と治安費が増え増産余地は小さい	63.0	58.0	54.0	49.0	66.0	60.0	71.0	29.0	物価不安が続き、慎重志向が強まり挑戦が先送りされやすい
82	EU	欧州連合	European Union	欧州	圧力上昇	制度更新と競争力確保	対日でAI規制整合と監査負担軽減を協議	公正な再設計で成長と雇用を守る	加盟国の利害分断で改革が遅れやすい	61.0	54.0	63.0	58.0	86.0	65.0	73.0	22.0	規制・監査の先行き不安で挑戦回避が強まりやすい
83	USA	アメリカ	United States	北米	境界的圧力	同盟統合と技術囲い込み	対日へ防衛費・対中管理・演習拡大を要請	同盟とAI投資で雇用と安全を守る	分断・監査負担で長期強硬が難しい	84.0	61.0	76.0	92.0	88.0	80.0	82.0	16.0	進路が制度と同盟都合で狭まり、挑戦より萎縮が増える
83	CHN	中国	China	東アジア	境界的圧力	統制と技術主権を優先	輸出管理に対抗し鉱物・通関を調整	長期競争に備え雇用と安定を守る	成長鈍化で譲歩は弱腰に見える	90.0	66.0	84.0	97.0	70.0	93.0	86.0	18.0	挑戦の見返りが見えず慎重化。海外志向と不安が同居
83	JPN	日本	Japan	東アジア	圧力上昇	希望経路を制度で可視化	同盟調達枠を確保し資源分散を加速	将来の道筋を示し負担と支援を整理	財政硬直で若者支援の即効性が出にくい	61.0	64.0	72.0	56.0	94.0	66.0	88.0	10.0	評価局面で将来像の説明責任が増し、不安は強いが道筋が見えると踏み出しが戻る
83	TWN	台湾	Taiwan	東アジア	境界的圧力	制度信頼を補強し抑止維持	対日供給枠を維持、重要品目を優先出荷	評価期でも生活と安全の両立を守る	電力・防衛・監査が同時に逼迫する	85.0	60.0	68.0	78.0	82.0	75.0	86.0	22.0	供給の目詰まり観測が続き、将来設計が短期化し不安が残る
83	KOR	韓国	South Korea	東アジア	圧力上昇	制度評価に合わせ安保と雇用	対米で計算資源枠を維持、対日供給は選別	次世代の希望回復へ雇用・住宅・安保を同時に進める	エネ脆弱と補助金で財政が痩せ、優先順位が割れる	60.0	63.0	62.0	56.0	81.0	61.0	71.0	29.0	隣国の供給選別と雇用不安が連鎖し、将来感情は慎重化
83	PRK	北朝鮮	North Korea	東アジア	境界的圧力	示威で譲歩を引き出す	発射準備示威と対話窓口を同時運用	外圧に屈せず生活は国家が守る	燃料・食料難で緊張長期化は損	90.0	66.0	76.0	96.0	84.0	80.0	93.0	17.0	警報反復と評価競争で不安増、将来設計が短期化し挑戦回避
83	RUS	ロシア	Russia	ユーラシア	間接衝突	制裁耐久と体制維持優先	資源輸出を選別し制裁回避網を拡張	長期負担に耐え国家の秩序と雇用を守る	戦費と動員疲れで統治の硬直が進む	94.0	84.0	78.0	90.0	88.0	82.0	88.0	13.0	物価高と先行き不透明が固定化し、若者の希望経路が細る
83	UKR	ウクライナ	Ukraine	欧州	限定戦争	支援条件の固定化を求める	EU/G7へ復興金融と長期安保保証を要求	耐久戦でも統治と生活防衛を同時に守る	動員疲弊と財源枯渇で改革も遅れる	84.0	60.0	76.0	69.0	90.0	71.0	85.0	15.0	長期戦と支援再査定が将来設計を曇らせ不安が強まる
83	IRN	イラン	Iran	中東	境界的圧力	停戦管理と体制正統性の確保	航路で抑制示威、裏交渉で再燃回避	外圧下でも秩序と生活を守り抜く	制裁と財政で補助金拡大が困難	64.0	77.0	69.0	73.0	83.0	72.0	82.0	18.0	燃料高と不確実性が残り、若者は将来設計を短期化しやすい
83	ISR	イスラエル	Israel	中東	間接衝突	抑止優先で制度正統性補強	停戦枠を維持し防空・サイバー連携強化	治安を確保し生活と将来投資も守る	動員疲れと連立不安、財政配分が難しい	76.0	68.0	66.0	84.0	82.0	78.0	81.0	24.0	物価と計算資源不安で将来像が縮み、挑戦より安定志向が強まる
83	SAU	サウジアラビア	Saudi Arabia	中東	圧力上昇	価格安定と体制改革を優先	OPEC+で供給微調整、対日長期契約を維持	文明OS評価に備え雇用と福祉投資を継続	治安費と改革投資が重く増産余地は小さい	64.0	57.0	55.0	50.0	67.0	61.0	70.0	28.0	生活コスト不安が続き、将来設計が保守化し挑戦が先送り
83	EU	欧州連合	European Union	欧州	圧力上昇	制度信頼と競争力の両立	対日へAI監査標準の相互承認を提案	規制は守りつつ雇用と成長を支える	加盟国分断で合意が遅れ実装が不均一	60.0	52.0	66.0	57.0	84.0	63.0	74.0	23.0	監査・規制の不確実性で進路が保守化しやすい
