step	country_code	country_name	country_name_en	region	risk_stage	stance	foreign_action	domestic_message	private_constraint	geopolitical_risk	energy_price_pressure	labor_market_uncertainty	compute_supply_constraint	fiscal_pressure	supply_chain_fragility	sns_anxiety_amplification	japan_policy_buffer	japan_impact_summary
1	USA	アメリカ	United States	北米	圧力上昇	同盟結束とAI覇権を優先	対日へ防衛・対中・AI連携の上積み要請	停戦下でも抑止維持と物価対策を両立	国内分断と歳出膨張で強硬継続が難しい	66.0	58.0	52.0	46.0	54.0	49.0	57.0	47.0	同盟負担増と物価不安が将来像を曇らせ、慎重志向が強まる
1	CHN	中国	China	東アジア	境界的圧力	台湾周辺の圧力維持	台湾周辺で演習強化、対日輸出管理を示唆	外部封じ込めに対抗し安定成長を守る	雇用不安と統制コスト増が弱点	74.0	46.0	61.0	67.0	40.0	72.0	63.0	49.0	就職・物価・安保不安が重なり将来像が曇る
1	JPN	日本	Japan	東アジア	圧力上昇	生活支援と抑止の両立	米国等と協議し調達分散・備蓄強化	不安定化に備え家計負担と抑止を両立	財政配分が逼迫、若者支援と防衛費が競合	60.0	58.0	46.0	38.0	61.0	49.0	52.0	47.0	物価と先行き不安が増すが、支援の見通しで悲観は抑制
1	TWN	台湾	Taiwan	東アジア	境界的圧力	抑止強化と産業維持	米日と抑止協調、重要品目を優先配分	緊張は続くが日常と雇用を守る	海上封鎖懸念と電力・燃料脆弱性	74.0	46.0	57.0	61.0	52.0	72.0	66.0	54.0	半導体・安保不安で将来像が曇り、挑戦より防衛的選好が増える
1	KOR	韓国	South Korea	東アジア	圧力上昇	半導体と同盟の両立重視	米国連携で対北抑止、エネ調達分散	物価対策と雇用支援を優先し不安を抑える	財政は限界、若者支援と防衛費が競合	60.0	57.0	52.0	44.0	56.0	53.0	49.0	50.0	半導体競争と原油不安が波及。将来不安は増えるが、協調が見えれば急落はしない
1	PRK	北朝鮮	North Korea	東アジア	間接衝突	抑止誇示で体制維持	短距離発射と示威、対話窓口は残す	外圧に屈せず国防強化で安定維持	食料・外貨不足、誇示で統制を保つ	74.0	33.0	52.0	41.0	46.0	57.0	69.0	55.0	安全不安が進路選好を硬化、挑戦より安定志向へ
1	RUS	ロシア	Russia	ユーラシア	間接衝突	制裁下で戦時経済維持	資源輸出を選別し第三国決済を拡大	包囲に耐え生活と雇用を守る	戦費と動員疲れで体制負担が増す	74.0	63.0	57.0	61.0	52.0	58.0	54.0	44.0	物価と将来不安が続き、挑戦より防衛志向が強まる
1	UKR	ウクライナ	Ukraine	欧州	限定戦争	戦線維持と支援確保を優先	欧米へ追加支援要請、装備と資金を確保	長期戦でも生活と動員の両輪で耐える	人的損耗と財政逼迫で持久が限界に近い	64.0	41.0	57.0	32.0	62.0	49.0	46.0	52.0	戦争長期化報道で将来不安増、進路決断が慎重化
1	IRN	イラン	Iran	中東	境界的圧力	停戦維持と抑止強化	代理勢力抑制と航路圧力を併用	停戦を守りつつ主権と生活を守る	制裁と不満で強硬姿勢が必要	66.0	72.0	54.0	44.0	59.0	58.0	61.0	45.0	燃料高と不確実性で将来設計が縮む
1	ISR	イスラエル	Israel	中東	間接衝突	抑止維持と技術優位確保	米国と停戦維持を調整し制裁・輸出管理を強化	不安定は続くが抑止と経済を同時に守る	戦時負担と分断で正統性が揺れやすい	66.0	57.0	44.0	61.0	63.0	58.0	52.0	47.0	供給不安と物価懸念が増し、将来設計が短期化しやすい
1	SAU	サウジアラビア	Saudi Arabia	中東	圧力上昇	市場安定優先で供給調整	OPEC+調整と航路警備協議で価格沈静化	国益と改革資金を守り市場の急変を抑える	高値維持と米国配慮、国内雇用が綱引き	46.0	63.0	44.0	28.0	41.0	49.0	52.0	54.0	ガソリン・物価高が将来不安を刺激、節約志向が強まる
1	EU	欧州連合	European Union	欧州	圧力上昇	規制と景気の両立を優先	対露制裁維持、調達多角化と協調	安全と物価対策を同時に進める	加盟国間の分断と景気減速が制約	46.0	58.0	52.0	37.0	44.0	49.0	47.0	56.0	物価と雇用不安がじわり。将来像は揺れるが急落は小
2	USA	アメリカ	United States	北米	圧力上昇	AI覇権維持と同盟負担増	対日へAI・半導体連携と対中管理を要求	雇用不安に備え投資と安全保障を両立	分断と物価で強硬・歳出拡大が限界	68.0	60.0	61.0	57.0	63.0	55.0	64.0	44.0	計算資源と雇用の先行き不安が増幅し、将来設計が短期化
2	CHN	中国	China	東アジア	境界的圧力	技術主権優先で外圧牽制	輸出管理を運用強化、台湾周辺で示威	AI競争で産業高度化と雇用安定を守る	計算資源と失業不安で統制負担増	77.0	48.0	66.0	74.0	43.0	76.0	69.0	45.0	AI競争と供給制約が就職不安を増幅、将来像が縮む
2	JPN	日本	Japan	東アジア	圧力上昇	成長投資と生活防衛の両立	米欧と計算資源・半導体確保を協議	競争期でも雇用と生活を守り投資を促す	財政配分と規制設計で利害が割れる	61.0	56.0	55.0	46.0	63.0	52.0	57.0	44.0	将来不安と競争焦燥が増すが、再訓練と投資が見えれば持ち直す
2	TWN	台湾	Taiwan	東アジア	境界的圧力	抑止継続とAI供給防衛	米日欧と供給協議、重要品目の優先配分	緊張下でも投資と雇用を守る	燃料・電力脆弱、輸出規制圧力も	76.0	49.0	63.0	69.0	55.0	78.0	71.0	51.0	計算資源と雇用不安が増幅し、進路選択が保守化しやすい
2	KOR	韓国	South Korea	東アジア	境界的圧力	技術主権と雇用防衛を優先	米国連携で先端半導体・計算資源を囲い込む	AI競争に備え産業と雇用の防波堤を作る	対米協調が前提、対中摩擦と家計負担が怖い	64.0	54.0	58.0	56.0	60.0	55.0	57.0	46.0	計算資源争奪と雇用不安が強まり、将来像が霧化しやすい
2	PRK	北朝鮮	North Korea	東アジア	間接衝突	示威で交渉力確保	発射示威とサイバー資金化、対話窓口維持	外圧下でも国防と自立経済を優先	外貨・食料難、AI計算資源入手が急務	78.0	34.0	56.0	48.0	47.0	58.0	72.0	53.0	安全不安とAI雇用不安が重なり、将来像が短期化し慎重化
2	RUS	ロシア	Russia	ユーラシア	間接衝突	資源梃子で制裁耐久を優先	資源供給の選別と対AI禁輸抜け道探し	外圧に耐え賃金と治安を守る	戦費と制裁で技術・部品が細る	76.0	67.0	60.0	69.0	55.0	62.0	58.0	42.0	計算資源と物価不安が重なり、挑戦より安定志向が強まる
2	UKR	ウクライナ	Ukraine	欧州	限定戦争	戦線維持と支援の固定化	欧米へ長期支援枠と防空追加を要請	復興準備と動員を両立し耐える	人的損耗と財政で交渉余地が狭い	66.0	44.0	61.0	41.0	66.0	52.0	50.0	50.0	戦争報道に加えAI競争で就職不安が増幅、慎重化
2	IRN	イラン	Iran	中東	境界的圧力	停戦維持し制裁回避を優先	航路威嚇は抑えつつ代理勢力を統制	生活維持のため緊張管理と抵抗を両立	体制不安で弱腰に見せられない	64.0	69.0	56.0	46.0	60.0	57.0	63.0	44.0	燃料高とAI雇用不安が重なり将来像が霞む
2	ISR	イスラエル	Israel	中東	間接衝突	抑止維持とAI優位を死守	米欧と輸出管理を同調し調達網を囲い込む	安全保障優先で技術競争も勝ち抜く	戦時負担と分断で政権支持が脆い	68.0	59.0	47.0	69.0	66.0	61.0	56.0	44.0	半導体・AI職不安が増え、挑戦より安全志向が強まる
2	SAU	サウジアラビア	Saudi Arabia	中東	圧力上昇	価格安定とAI投資を両立	OPEC+で供給微調整し対米協調も維持	歳入安定で改革と雇用創出を守る	高値依存と対米配慮、治安費も必要	48.0	66.0	47.0	31.0	43.0	50.0	54.0	53.0	物価とAI雇用不安が同時に来て将来像が霞む
2	EU	欧州連合	European Union	欧州	圧力上昇	規制と競争力の同時追求	AI規制を整備し同盟で計算資源を確保	安全と成長を両立し雇用の移行を支える	加盟国温度差と産業空洞化懸念が重い	50.0	56.0	60.0	47.0	52.0	51.0	54.0	53.0	職の先行き不安と技能競争感が強まり、将来像が揺れる
3	USA	アメリカ	United States	北米	境界的圧力	対中抑止と供給網統制	対日へ半導体・防衛協力の即応強化要求	供給網と抑止の強化で雇用と安全を守る	選挙・分断で長期負担増が通りにくい	74.0	62.0	66.0	71.0	67.0	78.0	72.0	38.0	半導体不安で就職観が保守化し、挑戦より安定志向が強まる
3	CHN	中国	China	東アジア	境界的圧力	台湾抑止と技術主権を優先	台湾周辺の活動を継続、輸出管理回避網を拡大	外部封じ込めに対抗し雇用と安定を守る	失業不安と統制コストで景気刺激が難しい	82.0	52.0	71.0	78.0	46.0	81.0	74.0	41.0	半導体不安と緊張で就職観が冷え、将来設計が保守化
3	JPN	日本	Japan	東アジア	境界的圧力	供給網と抑止の同時強化	米台欧と半導体枠組み強化、備蓄拡充	供給不安に備え生活と雇用を守る	財政配分で防衛・物価・若者策が競合	69.0	58.0	61.0	57.0	66.0	64.0	63.0	38.0	就活・賃金の先行き不安が増え、SNSで焦燥が拡大
3	TWN	台湾	Taiwan	東アジア	境界的圧力	抑止強化と供給安定	米日欧と危機連絡、重要品の優先配分	平常運用を維持し雇用と投資を守る	電力・燃料弱く、輸出制約圧力も強い	81.0	52.0	66.0	74.0	57.0	82.0	74.0	49.0	供給不安が進路を保守化、海外志向と不安が同時に増える
3	KOR	韓国	South Korea	東アジア	境界的圧力	同盟軸で技術と安保を囲う	対米協調で半導体・計算資源の確保を優先	供給不安に備え産業と雇用を守る	対中摩擦と家計負担、北の挑発が怖い	72.0	56.0	62.0	64.0	63.0	66.0	61.0	44.0	半導体不安と計算資源争奪で就職観が硬化し、将来像が縮む
3	PRK	北朝鮮	North Korea	東アジア	境界的圧力	示威継続で主導権確保	短距離発射示威とサイバー資金化を強化	外圧に屈せず国防優先で困難を突破	外貨不足と食料事情、対中露依存が増大	82.0	36.0	58.0	52.0	49.0	61.0	76.0	51.0	安保不安が半導体不安と重なり、将来設計が短期化し慎重化
3	RUS	ロシア	Russia	ユーラシア	間接衝突	分断活用で制裁耐久	対中連携示威と資源供給先を選別	外圧下でも雇用と物価を守る	戦費で技術・部品不足が深刻	78.0	71.0	62.0	73.0	57.0	69.0	63.0	39.0	半導体不安と物価圧で将来像が曇り、堅実志向が強まる
3	UKR	ウクライナ	Ukraine	欧州	限定戦争	支援維持と戦線持久	欧州へ防空・弾薬の前倒し支援を要請	長期戦でも統治と復興準備を維持	人的損耗と資金難で妥協余地が薄い	68.0	48.0	64.0	47.0	69.0	58.0	56.0	47.0	半導体不安が就職と将来設計を曇らせ、戦争報道で慎重化が強まる
3	IRN	イラン	Iran	中東	境界的圧力	停戦維持で交渉余地確保	航路威嚇は抑えつつ制裁回避交渉	外圧下でも抵抗と生活維持を両立	体制不安で弱腰に見せられない	63.0	72.0	58.0	49.0	62.0	60.0	66.0	41.0	半導体不安に燃料高が上乗せされ、将来設計が短期化
3	ISR	イスラエル	Israel	中東	間接衝突	抑止維持と技術囲い込み	米欧同調で先端AI部材の調達・輸出を再整理	長期戦前提で治安と成長投資を守る	戦時負担と分断で政権基盤が不安定	70.0	57.0	50.0	76.0	68.0	66.0	58.0	41.0	半導体不安で将来設計が萎み、安定志向と焦燥が併存
3	SAU	サウジアラビア	Saudi Arabia	中東	圧力上昇	原油安定と対外均衡維持	OPEC+供給維持寄り、対米対中で均衡外交	歳入安定で改革と雇用を守る	原油収益依存と安全保障費が重い	50.0	63.0	49.0	36.0	44.0	56.0	57.0	51.0	半導体不安で進路が揺れ、物価高も重なり将来像が曇る
3	EU	欧州連合	European Union	欧州	境界的圧力	対中警戒と産業防衛強化	対中抑止協調と半導体供給網の再編	安全と雇用を守るため投資と規制を両立	加盟国分断と景気減速で実行速度が落ちる	58.0	53.0	63.0	61.0	56.0	67.0	62.0	49.0	半導体不安が就職観を冷やし、学び直し圧が増す
4	USA	アメリカ	United States	北米	境界的圧力	同盟負担増と中東抑止を優先	対日へ護衛・備蓄協調と防衛費加速要求	エネルギー高と脅威に備え同盟連携を強化	選挙期で物価対策と対外負担が両立困難	76.0	74.0	68.0	73.0	70.0	80.0	78.0	34.0	電気代不安と負担増観測で、将来設計が縮み慎重化
4	CHN	中国	China	東アジア	境界的圧力	台湾抑止と資源確保を優先	湾岸・露との供給確保、海峡圧力は維持	外部リスク下でも雇用と物価を守る	原油高で景気下支えが難しく不満が怖い	84.0	66.0	73.0	80.0	50.0	83.0	76.0	39.0	電気代・物価と緊張報道で不安が増幅し挑戦が縮む
4	JPN	日本	Japan	東アジア	境界的圧力	物価対策と抑止を同時運用	G7湾岸と連携し調達分散・備蓄放出準備	電気代高騰に備え家計支援と安保を両立	財政配分が逼迫し若者策が後回し化	71.0	74.0	64.0	59.0	72.0	68.0	70.0	34.0	生活費不安が将来像を曇らせ、挑戦回避が増える
4	TWN	台湾	Taiwan	東アジア	境界的圧力	抑止維持と経済耐久	燃料調達分散と海上輸送の保険確保	供給と雇用を守りつつ警戒を強める	燃料高で電力不安、輸出圧力も重い	83.0	64.0	68.0	76.0	61.0	84.0	78.0	46.0	電気代・物流不安が増幅し、将来設計が保守化しやすい
4	KOR	韓国	South Korea	東アジア	境界的圧力	資源確保と同盟調整を優先	米日と燃料・LNG調達と備蓄を協議	物価不安を抑え雇用と安保を守る	中東発の物価高が政権支持を削る	70.0	74.0	65.0	66.0	67.0	71.0	66.0	43.0	電気代と物価の先行き不安が強まり、就職と生活設計が萎縮
4	PRK	北朝鮮	North Korea	東アジア	間接衝突	示威と交渉余地を併走	発射準備誇示と海域活動、資金化サイバー	外圧期ゆえ国防優先、生活は耐え抜く	外貨と燃料不足、対中露依存が重荷	86.0	41.0	60.0	54.0	50.0	63.0	79.0	48.0	安保不安に光熱費不安が重なり、進路選択が保守化
4	RUS	ロシア	Russia	ユーラシア	間接衝突	資源を梃子に制裁分断	産油国接触と対アジア供給拡大を示す	外圧下でも歳入と治安を確保すると強調	戦費で部品・人材不足、長期戦が重荷	80.0	78.0	64.0	76.0	60.0	71.0	66.0	36.0	電気代・物価の先行き不安が強まり、進学就職の計画が保守化する
4	UKR	ウクライナ	Ukraine	欧州	限定戦争	支援確保と戦線維持を優先	欧州・米へ弾薬と防空支援の継続要請	長期戦でも統治と生活基盤を崩さない	人的損耗と資金難、妥協余地が狭い	70.0	62.0	66.0	49.0	72.0	61.0	59.0	44.0	エネルギー不安が物価観測を押し上げ、就職と進路の慎重化が強まる
4	IRN	イラン	Iran	中東	境界的圧力	停戦維持で航路の影響力確保	航路周辺で示威と交渉を併用	外圧に屈せず生活を守ると強調	体制不安で弱さを見せられない	66.0	78.0	61.0	51.0	65.0	63.0	71.0	39.0	燃料高の長期化観測で不安が常態化し挑戦が萎む
4	ISR	イスラエル	Israel	中東	間接衝突	抑止強化と供給網防衛	米欧連携で紅海・ホルムズ警戒と制裁調整	不確実性に備え治安と経済を同時防衛	戦時負担と分断で決定が硬直化	74.0	72.0	54.0	80.0	71.0	69.0	62.0	39.0	電気代・物流高で将来不安が増幅、堅実志向と焦燥が強まる
4	SAU	サウジアラビア	Saudi Arabia	中東	圧力上昇	供給安定で価格高騰を抑制	OPEC+調整と航路警戒で供給不安を抑える	歳入を守り改革と雇用を継続する	安全保障費と投資維持で増産余力は限定	54.0	71.0	52.0	34.0	46.0	60.0	63.0	49.0	電気代と物流不安が進路選択を硬直化、将来像が曇る
4	EU	欧州連合	European Union	欧州	境界的圧力	エネ不安で対外協調優先	湾岸混乱に備え共同備蓄と調達分散	物価と安全を同時に守る現実策	加盟国割れと高金利で即効策が薄い	60.0	72.0	62.0	63.0	61.0	70.0	66.0	46.0	電気代と物流不安で将来設計が縮み、挑戦回避が増える
5	USA	アメリカ	United States	北米	境界的圧力	技術同盟を軸に対中抑止	対日へ装備連接・輸出管理順守を要求	同盟連携で雇用と安全を守る	物価と選挙で対外負担は増やしにくい	78.0	71.0	70.0	82.0	72.0	85.0	79.0	31.0	半導体・就職の先行き不安が強まり、挑戦より安全志向へ
5	CHN	中国	China	東アジア	境界的圧力	技術封鎖に備え主導権維持	輸出管理に報復示唆、供給網を内製化	外圧下でも雇用と安定を守る	若年雇用と投資減速が不満火種	86.0	68.0	77.0	84.0	54.0	88.0	79.0	36.0	分断報道と就職不安が強まり、挑戦より回避が増える
5	JPN	日本	Japan	東アジア	境界的圧力	ブロック化に適応し分散	米欧と枠組み協調、輸入先分散と在庫強化	分断でも供給を守り、家計支援は継続する	財政と規制調整が遅く、若者策が削られやすい	73.0	72.0	66.0	67.0	76.0	78.0	74.0	31.0	雇用と物価の不安が常態化し、進路選択が保守化する
5	TWN	台湾	Taiwan	東アジア	境界的圧力	供給防衛で抑止維持	先端品の輸出管理順守と代替航路確保	産業と雇用を守り警戒態勢を維持する	分断で取引コスト増、電力と保険が重荷	86.0	66.0	71.0	82.0	64.0	88.0	81.0	44.0	半導体不安が就職観を冷やし、挑戦回避が強まる
5	KOR	韓国	South Korea	東アジア	境界的圧力	技術主権と同盟信頼を優先	米国と対中輸出管理を調整、対日供給は選別	安保と産業を守り物価高も抑える	半導体競争と若者雇用が政権の火種	73.0	69.0	70.0	74.0	62.0	78.0	72.0	38.0	制約と値上げ観測で将来不安が強まり、挑戦より安全志向が増える
5	PRK	北朝鮮	North Korea	東アジア	間接衝突	示威で譲歩を引き出す	発射実験示唆と海域挑発、資金化サイバー	封鎖と外圧に対抗、国防が最優先	外貨・燃料難、対中露依存で裁量が狭い	88.0	44.0	63.0	60.0	52.0	69.0	82.0	45.0	安保と分断の同時不安で、挑戦より安定志向が強まる
5	RUS	ロシア	Russia	ユーラシア	間接衝突	資源と抜け道で制裁耐久	対アジア供給拡大と制裁回避網を強化	外圧下でも雇用と歳入を守ると訴える	戦費で部品・人材が枯渇、孤立が重い	82.0	81.0	66.0	80.0	62.0	76.0	70.0	33.0	物価と将来不安が再燃し、挑戦より安全志向が強まる
5	UKR	ウクライナ	Ukraine	欧州	限定戦争	支援網の維持を最優先	欧米へ弾薬・防空と復興資金の確約要請	支援を取り付け戦線と生活基盤を守る	供給網硬化で弾薬調達が不安定、財政逼迫	73.0	64.0	68.0	55.0	74.0	67.0	60.0	42.0	分断感が物価・雇用不安を補強し、進路選択が保守化する
5	IRN	イラン	Iran	中東	境界的圧力	制裁下で影響力を誇示	航路周辺の示威と資源交渉を強化	外圧に屈せず生活と尊厳を守る	体制不安と制裁で譲歩が難しい	70.0	82.0	63.0	58.0	68.0	66.0	74.0	36.0	燃料高と分断観測で将来像が曇り、進路決断が先送りに
5	ISR	イスラエル	Israel	中東	境界的圧力	抑止維持と技術囲い込み	同盟と輸出管理を強化し供給網を再編	安全と成長を守るため管理を徹底	戦時負担と分断で妥協が難しい	78.0	70.0	57.0	84.0	73.0	74.0	66.0	36.0	AI職不安と物価・物流高が重なり将来像が曇る
5	SAU	サウジアラビア	Saudi Arabia	中東	圧力上昇	価格安定と自律性を優先	OPEC+調整と対米協議で供給安定	歳入と雇用を守り改革を継続する	安保費と投資で増産余力が限られる	56.0	74.0	54.0	41.0	50.0	66.0	67.0	46.0	物価と分断報道で先行き不安が増し、挑戦意欲が揺らぐ
5	EU	欧州連合	European Union	欧州	境界的圧力	技術主権を優先し統制強化	対中依存低減へ輸出管理と代替調達	安全と雇用を守るための現実的調整	加盟国の温度差とコスト増が足かせ	63.0	68.0	66.0	72.0	64.0	76.0	69.0	43.0	半導体不安と物価高が進路の見通しを曇らせ、慎重化が増える
6	USA	アメリカ	United States	北米	境界的圧力	同盟負担増とAI規律を要求	対日へ防衛負担・輸出管理・AI連携を条件化	同盟強化で雇用と安全、技術優位を守る	物価と選挙で追加負担は限定、成果を急ぐ	74.0	63.0	66.0	78.0	81.0	77.0	73.0	27.0	支援の先細り感と就職不安が重なり、将来設計が萎む
6	CHN	中国	China	東アジア	境界的圧力	対日牽制と技術自立を加速	台湾海峡で活動誇示、対日輸入選別と投資誘導	外圧に屈せず雇用と産業高度化を守る	若年雇用不安と不動産調整で刺激策が要る	88.0	66.0	81.0	86.0	62.0	90.0	82.0	32.0	物価・就職不安が重なり、将来設計が短期化しがち
6	JPN	日本	Japan	東アジア	境界的圧力	財政制約下で優先配分	同盟調整で負担分散、資源調達を多元化	生活防衛と再教育を優先し段階的に実行	歳出競合で若者策が最初に削られやすい	71.0	70.0	68.0	65.0	82.0	76.0	77.0	28.0	支援の不確実性が将来像を曇らせ、挑戦回避が進む
6	TWN	台湾	Taiwan	東アジア	境界的圧力	供給継続で抑止と安定	重要顧客へ供給優先枠提示、海空輸送保険を確保	産業基盤を守りつつ緊張管理で日常を維持	電力・保険・人材確保が重く、外圧でコスト増	84.0	67.0	73.0	83.0	66.0	89.0	82.0	41.0	財政議論で支援の見通しが揺れ、不安が就活と挑戦を冷やす
6	KOR	韓国	South Korea	東アジア	圧力上昇	供給優先と同盟整合	対米調整で輸出管理継続、対日供給は優先枠化	安保と産業防衛で雇用を守る	物価と若者雇用が政権の弱点、財政も有限	68.0	63.0	66.0	70.0	64.0	72.0	69.0	36.0	供給不安と財政議論が重なり、将来は堅実志向へ傾く
6	PRK	北朝鮮	North Korea	東アジア	間接衝突	示威で譲歩と注目を確保	短距離発射と海域挑発、資金化サイバー継続	外圧下でも国防強化で体制を守る	外貨・燃料不足、対中露依存で身動きが狭い	90.0	46.0	66.0	62.0	58.0	71.0	85.0	40.0	安保不安と財政論争が重なり、将来設計が保守化
6	RUS	ロシア	Russia	ユーラシア	間接衝突	戦時経済を維持し外圧に対抗	資源輸出の条件強化と制裁回避網を拡張	長期戦でも雇用と歳入を守ると強調	戦費負担で技術・部品不足、統制依存	84.0	86.0	68.0	82.0	66.0	78.0	72.0	29.0	物価と不確実性が続き、挑戦より安定志向が強まる
6	UKR	ウクライナ	Ukraine	欧州	限定戦争	支援確保で戦線維持	欧米に弾薬・防空と復興資金の前倒し要請	持久戦でも生活基盤と動員の均衡を守る	支援疲れと財政逼迫で継戦余力が細る	74.0	62.0	69.0	56.0	76.0	66.0	63.0	40.0	財政論争が不安を増幅し、若者は進路を短期安定へ寄せる
6	IRN	イラン	Iran	中東	境界的圧力	停戦下で圧力と取引を継続	航路リスクを示し制裁緩和と資源取引を迫る	外圧に屈せず生活を守り主権を貫く	経済疲弊と不満で譲歩も強硬も高コスト	72.0	85.0	66.0	60.0	74.0	69.0	76.0	30.0	生活費不安が強まり、将来設計と挑戦意欲が萎縮しやすい
6	ISR	イスラエル	Israel	中東	境界的圧力	抑止維持と技術優位確保	米国協調で輸出管理強化、供給網を再編	安全を最優先し経済基盤も守る	戦時負担と分断で妥協余地が小さい	80.0	72.0	60.0	86.0	76.0	77.0	69.0	32.0	物価と職不安が重なり、将来設計が先延ばしになる
6	SAU	サウジアラビア	Saudi Arabia	中東	圧力上昇	価格下支えで体制安定	OPEC+枠維持、停戦監視で供給不安抑制	安定歳入で雇用と改革投資を守る	過度な増産は価格下落と安保負担を招く	58.0	78.0	57.0	42.0	56.0	67.0	69.0	41.0	生活費高止まりと支援の先細り懸念で、将来設計が萎む
6	EU	欧州連合	European Union	欧州	境界的圧力	規制と安保の両立を継続	対ロ制裁維持、対中依存低減と供給協定	安全保障と雇用を守るため段階的に調整	加盟国の温度差と産業コスト高が制約	61.0	62.0	64.0	70.0	63.0	74.0	67.0	41.0	物価と就職の不透明感が残り、挑戦より安定志向が強まる
7	USA	アメリカ	United States	北米	境界的圧力	電力とAI供給網を同盟で囲う	対日へ電力・半導体・輸出管理の整合を要求	電力負担を抑えつつAI覇権と雇用を守る	送電網反発とインフレで追加投資は選別	76.0	67.0	69.0	84.0	83.0	79.0	74.0	25.0	計算資源の先細り感が強まり、進路と職の見通しが曇る
7	CHN	中国	China	東アジア	境界的圧力	電力制約下で対外牽制継続	台湾海峡で示威継続、AI電力と供給網を囲い込み	電力逼迫でも成長と雇用を守り外圧に備える	停電回避と失業抑制が最優先、強硬一辺倒は困難	90.0	70.0	84.0	89.0	64.0	92.0	86.0	30.0	AI格差と電気代不安が増幅し、学習投資や就活が萎縮しやすい
7	JPN	日本	Japan	東アジア	境界的圧力	電力制約下でAI投資を選別	電力・燃料を追加確保しDC立地を調整	電力負担を抑えつつ成長投資は守る	地域反発と財政で補助が絞られる	73.0	78.0	72.0	74.0	86.0	79.0	83.0	24.0	AI利用格差と物価不安で将来像が狭まり、挑戦回避が増える
7	TWN	台湾	Taiwan	東アジア	境界的圧力	電力確保で供給と抑止	電力・燃料調達を多角化し重要顧客枠維持	電力負担を抑えつつ産業と安全を守る	電力網制約で増産が鈍り、保険料も上昇	86.0	72.0	76.0	86.0	69.0	91.0	84.0	39.0	計算資源不安と電力コスト高で将来設計が慎重化
7	KOR	韓国	South Korea	東アジア	圧力上昇	電力制約下で産業維持	電力・LNG調達を分散、対米でAI投資調整	電力負担を抑え雇用と安保を守る	電力網不足と住民反発、補助金も限界	67.0	70.0	69.0	74.0	68.0	73.0	72.0	33.0	AI格差と電力不安が増幅し、将来像が縮む
7	PRK	北朝鮮	North Korea	東アジア	間接衝突	示威とサイバーで外貨確保	発射準備示威と暗号資金化の継続	電力難でも国防優先で耐え抜く	燃料・電力不足で長期挑発は難しい	92.0	50.0	67.0	64.0	59.0	72.0	86.0	39.0	安保不安に電力制約の話題が重なり将来像が縮む
7	RUS	ロシア	Russia	ユーラシア	間接衝突	資源収入を軸に長期戦維持	エネルギー輸出の価格・決済条件を硬化	制裁下でも雇用と歳入を守ると強調	部品・計算資源不足で成長余地が狭い	86.0	90.0	70.0	85.0	69.0	80.0	74.0	27.0	電力制約でAI格差不安が増幅、将来設計が保守化
7	UKR	ウクライナ	Ukraine	欧州	限定戦争	支援維持と復興基盤確保	欧米に防空・電力/通信の追加支援要請	前線維持と生活インフラを同時に守る	支援疲れと電力設備不足で計画が遅れる	76.0	66.0	71.0	60.0	80.0	68.0	65.0	38.0	電力制約でAI格差不安が増幅、若者は堅実志向へ
7	IRN	イラン	Iran	中東	境界的圧力	停戦維持で制裁緩和を狙う	航路不安を示し原油輸出・資金解凍を交渉	停戦を守りつつ生活防衛と抵抗を継続	電力不足と財政難で不満が再燃しやすい	74.0	88.0	69.0	63.0	77.0	71.0	80.0	28.0	電力制約と原油不安で物価・将来不安が増幅し挑戦が萎縮
7	ISR	イスラエル	Israel	中東	境界的圧力	抑止継続と計算資源確保	電力制約下でDC優先配分、輸出管理維持	安全と成長の両立へ資源配分を最適化	戦時負担と電力逼迫で民生に皺寄せ	78.0	74.0	62.0	90.0	79.0	76.0	71.0	30.0	計算資源逼迫と物価で不安増、挑戦が先延ばし
7	SAU	サウジアラビア	Saudi Arabia	中東	圧力上昇	価格安定で需要毀損を回避	OPEC+枠維持、長期供給契約で安定	歳入を守り改革と雇用投資を継続	増産は価格下落と治安負担を招く	60.0	81.0	59.0	46.0	58.0	68.0	71.0	39.0	電力制約でAI格差不安が増幅し、物価高と将来不透明感が強まる
7	EU	欧州連合	European Union	欧州	境界的圧力	電力制約下で規制と産業防衛	電力・半導体・クラウド調達を囲い込み協定	競争力と公正利用のため投資と規制を両立	電力網逼迫と加盟国差で実装が遅れる	60.0	66.0	62.0	78.0	67.0	72.0	69.0	39.0	AI格差と物価不安で将来像が霞み、慎重志向が強まる
8	USA	アメリカ	United States	北米	境界的圧力	同盟でAI供給網を再編	対日へ輸出管理整合と訓練投資を要求	雇用移行を支え競争力と安保を守る	生活費不満で補助と対外強硬が揺れる	74.0	63.0	78.0	86.0	81.0	77.0	79.0	27.0	初職不安が増幅。計算資源制約で挑戦コストが上がる
8	CHN	中国	China	東アジア	境界的圧力	雇用不安を抑え外圧牽制	輸出管理迂回と重要材の囲い込み強化	雇用と成長を守り外部圧力に対抗	雇用維持が最優先で強硬は持久戦	88.0	68.0	90.0	91.0	66.0	93.0	89.0	28.0	初職の不安とAI格差が拡大し、挑戦より安全志向が強まる
8	JPN	日本	Japan	東アジア	境界的圧力	雇用移行支援を優先し投資選別	同盟と半導体・燃料確保を継続し訓練連携	雇用不安に先手、成長分野へ移行を支える	財政と電力で支援規模に上限、反発も怖い	74.0	77.0	83.0	73.0	88.0	80.0	87.0	21.0	初職の不安と比較ストレスが増え、挑戦回避と分断感が強まる
8	TWN	台湾	Taiwan	東アジア	境界的圧力	供給継続と抑止の強化	重要顧客枠維持と電力燃料の追加調達	産業と安全を守り雇用再配置を支える	電力網制約と保険料高で増産余地が薄い	87.0	74.0	81.0	88.0	71.0	92.0	87.0	36.0	雇用不安と計算資源不安が重なり将来設計が保守化
8	KOR	韓国	South Korea	東アジア	圧力上昇	雇用摩擦を抑え産業死守	対米でAI投資枠確保、半導体人材囲い込み	AI移行期の痛みを支え雇用と安保を守る	電力・住宅反発と補助金限界で調整は難航	66.0	69.0	74.0	78.0	70.0	75.0	76.0	31.0	初職不安とAI競争が重なり、将来像が狭まる
8	PRK	北朝鮮	North Korea	東アジア	間接衝突	示威を維持し外貨を確保	短距離発射示威とサイバー窃取で資金化	外圧に屈せず国防と生活を守る	燃料・電力不足で挑発は断続的	93.0	49.0	74.0	66.0	60.0	73.0	88.0	36.0	雇用不安の時期に安保警戒が重なり、将来設計が萎む
8	RUS	ロシア	Russia	ユーラシア	間接衝突	戦時経済を維持し制裁耐久	資源輸出の割引と決済条件で友好国囲い込み	長期戦でも賃金と治安を守ると強調	部品・計算資源不足で近代化が停滞	88.0	84.0	76.0	87.0	72.0	82.0	79.0	25.0	初職不安に電力・半導体制約が重なり将来観が防衛的に
8	UKR	ウクライナ	Ukraine	欧州	限定戦争	支援確保と動員の均衡	欧州へ防空・弾薬と復興資金の継続要請	戦時統治を維持し生活基盤も守る	人的損耗と支援疲れで長期計画が揺らぐ	78.0	64.0	74.0	61.0	82.0	67.0	68.0	37.0	戦争長期化が不確実性を上げ、AI再配置不安と重なり若者は慎重化
8	IRN	イラン	Iran	中東	境界的圧力	停戦維持と制裁緩和を優先	停戦順守を示し資金解凍と輸出枠を交渉	生活防衛を優先し圧力には譲らない	財政難と不満再燃で強硬姿勢も必要	72.0	86.0	75.0	64.0	78.0	70.0	82.0	27.0	原油不安とAI雇用摩擦が重なり将来像が曇る
8	ISR	イスラエル	Israel	中東	境界的圧力	抑止優先と技術供給網防衛	輸出管理を維持し同盟とDC・防衛調達を前倒し	安全保障優先で投資と雇用転換支援も継続	戦時負担で財政と電力が逼迫、民生に限界	80.0	72.0	67.0	88.0	82.0	78.0	76.0	28.0	初職不安と物価で将来像が縮み、挑戦が保守化する
8	SAU	サウジアラビア	Saudi Arabia	中東	圧力上昇	価格安定で需要毀損を抑制	OPEC+枠維持、アジア向け供給を安定化	歳入を守り雇用・改革投資を優先する	増産は価格下落と治安コスト増が怖い	58.0	78.0	64.0	47.0	60.0	66.0	74.0	37.0	初職不安が物価高と結びつき、将来像が描きにくくなる
8	EU	欧州連合	European Union	欧州	境界的圧力	規制と雇用再訓練を優先	AI監査規格と人材基金を連携、供給網協調	雇用移行を守りつつ競争力も確保する	加盟国差と電力・財政で実装が遅い	58.0	63.0	70.0	76.0	69.0	68.0	72.0	41.0	初職不安が増え慎重化。学び直しが将来の軸に
9	USA	アメリカ	United States	北米	境界的圧力	同盟に負担分担と技術整合	対日へ輸出管理整合と防衛・ロボ導入連携を要求	雇用移行を急ぎ競争力と同盟抑止を守る	生活費と分断で補助拡大は限界、強硬で相殺	78.0	61.0	84.0	88.0	83.0	79.0	86.0	24.0	ロボ導入で職の選別感が強まり、挑戦前に萎縮が広がる
9	CHN	中国	China	東アジア	境界的圧力	技術主権で雇用不安を封じる	重要鉱物・部材の囲い込みと対日圧力調整	ロボ化で生産性を上げ雇用も守る	失業連鎖が怖く対外強硬は制御的	87.0	66.0	92.0	93.0	68.0	94.0	90.0	27.0	初職の機会減とロボ導入格差不安で将来像が縮む
9	JPN	日本	Japan	東アジア	境界的圧力	雇用移行と生活防衛を同時遂行	同盟協議で燃料・部材確保と対中摩擦管理	自動化は不可避、移行支援と賃上げで守る	電力・財政・現場人材がボトルネックで遅れる	76.0	79.0	88.0	75.0	91.0	82.0	90.0	19.0	体感失職リスクが跳ね、将来像が描けず挑戦が萎む
9	TWN	台湾	Taiwan	東アジア	境界的圧力	抑止維持と産業再編	対外抑止協力と重要品の輸出枠調整	安全確保と雇用移行支援を同時に進める	電力・保険・人材不足で増産が硬直	88.0	76.0	84.0	89.0	73.0	93.0	89.0	34.0	半導体不安に加えロボ導入で職の揺れが増し将来像が縮む
9	KOR	韓国	South Korea	東アジア	圧力上昇	産業防衛と雇用軟着陸	対米でロボ枠組み連携、半導体優先配分	ロボ導入は不可避、再訓練と雇用網で守る	電力コストと財源で支援は選別せざるを得ない	64.0	67.0	78.0	80.0	73.0	74.0	79.0	29.0	現場職の置換不安が増幅し、努力の報酬感が揺らぐ
9	PRK	北朝鮮	North Korea	東アジア	間接衝突	示威と外貨獲得を優先	発射示威を抑制しつつサイバー窃取を強化	国防優先で生活も守ると強調	燃料不足と制裁で大規模挑発は困難	90.0	47.0	78.0	67.0	61.0	72.0	90.0	34.0	自動化不安に安保警戒が重なり、進路選択が保守化
9	RUS	ロシア	Russia	ユーラシア	間接衝突	戦時経済を維持し交渉余地確保	資源輸出をカード化し制裁回避網を強化	雇用と物価を守り長期戦に耐える	部品・計算資源不足で産業更新が遅い	86.0	81.0	79.0	88.0	74.0	84.0	82.0	23.0	ロボ導入競争が加速し、賃金停滞と将来不安が強まる
9	UKR	ウクライナ	Ukraine	欧州	限定戦争	前線維持と復興筋を確保	欧米へ防空・弾薬と復興融資の前倒し要請	持久戦でも生活基盤と動員を両立する	人的損耗と支援疲れで交渉余地が狭い	79.0	63.0	76.0	62.0	83.0	68.0	69.0	36.0	戦争不確実性に加え自動化波で将来像が曇り慎重化
9	IRN	イラン	Iran	中東	境界的圧力	停戦維持し体制安定優先	停戦順守を示し制裁緩和と輸出枠を交渉	生活防衛を優先し外圧には屈しない	財政難と不満再燃で強硬演出が要る	74.0	88.0	78.0	66.0	80.0	72.0	84.0	25.0	原油高とロボ導入格差の不安が重なり将来像が曇る
9	ISR	イスラエル	Israel	中東	境界的圧力	抑止維持と技術防衛	防衛調達前倒しと輸出管理を継続	安全優先、雇用再編には再訓練で対応	財政・電力逼迫で民生支援に限界	78.0	70.0	72.0	90.0	84.0	80.0	77.0	26.0	ロボ導入格差が不安を増幅し、挑戦が萎む
9	SAU	サウジアラビア	Saudi Arabia	中東	圧力上昇	価格を守り景気失速回避	OPEC+調整維持、アジア供給を安定化	歳入確保で雇用と改革投資を継続	増産は値崩れと治安コスト増が怖い	60.0	76.0	67.0	48.0	61.0	63.0	77.0	35.0	物価高に加えロボ導入格差が不安を増幅し、将来像が曇る
9	EU	欧州連合	European Union	欧州	境界的圧力	自動化移行を制度で統制	監査規格と技能基金を拡大し連携要求	雇用移行を守り競争力も維持する	加盟国差で実装遅れ、負担配分が難しい	56.0	61.0	77.0	79.0	73.0	70.0	78.0	38.0	身体労働も置換不安。初職選択が慎重化し焦り増
10	USA	アメリカ	United States	北米	境界的圧力	同盟負担と技術統制を強化	対日へ防衛費増・輸出管理整合と共同生産を要請	生活費圧力下でも抑止と産業基盤を守る	物価不満で追加支出が難しく同盟へ転嫁	80.0	63.0	86.0	90.0	85.0	82.0	88.0	22.0	物価と就職不安が重なり、将来設計の先延ばしが増える
10	CHN	中国	China	東アジア	境界的圧力	雇用安定優先で圧力を可変化	重要鉱物・部材の運用を絞り対日揺さぶり	外圧下でも成長と生活を守る	内需弱く失業が怖い、軍事は抑制	88.0	64.0	93.0	94.0	70.0	95.0	92.0	25.0	物価不安と初職難が重なり、挑戦より安定志向へ傾く
10	JPN	日本	Japan	東アジア	境界的圧力	生活防衛と移行を急ぐ	燃料調達分散と供給網の同盟調整	物価高に集中支援、雇用移行も前倒し	財政と電力制約で支援が薄まりやすい	74.0	81.0	86.0	73.0	93.0	83.0	92.0	17.0	生活不安が将来設計を圧迫、挑戦より防衛が優先に傾く
10	TWN	台湾	Taiwan	東アジア	境界的圧力	抑止継続と生活防衛	重要品輸出枠を再調整し供給優先を明確化	生活費対策を強化し雇用移行も急ぐ	電力・保険・人材不足で増産と支援が両立困難	87.0	79.0	86.0	90.0	76.0	94.0	91.0	32.0	生活費不安と半導体不確実性が重なり将来設計が硬直
10	KOR	韓国	South Korea	東アジア	圧力上昇	物価対応と産業防衛	対米協調で半導体・計算資源確保を優先	生活費対策と雇用再訓練を同時に進める	電力高と財源制約で支援は絞り込み	63.0	69.0	81.0	83.0	76.0	75.0	82.0	27.0	生活費不安が長期化し、学び直しも報われるか疑念が残る
10	PRK	北朝鮮	North Korea	東アジア	間接衝突	示威抑制し外貨優先	短距離訓練示威とサイバー資金獲得を継続	制裁下でも生活と国防を同時に守る	燃料・食料不足で大規模挑発は割に合わず	88.0	46.0	79.0	68.0	62.0	73.0	91.0	33.0	生活費不安に安保警戒が重なり将来設計が縮む
10	RUS	ロシア	Russia	ユーラシア	間接衝突	戦時継続で制裁疲れを誘う	資源輸出を調整し回避網と軍需を拡大	生活費高を抑えつつ国家防衛を優先	部品・計算資源不足で生産性が伸びない	87.0	79.0	78.0	87.0	75.0	83.0	81.0	22.0	光熱費と物価不安が固定化し、進路選択が保守化する
10	UKR	ウクライナ	Ukraine	欧州	限定戦争	前線維持と支援の再確保	欧米へ防空・弾薬と融資枠の延長要請	生活費高でも防衛と復旧を優先する	人的損耗と支援疲れで選択肢が狭い	78.0	66.0	77.0	63.0	84.0	69.0	70.0	35.0	物価不安が続き将来設計を先送り、慎重化が強まる
10	IRN	イラン	Iran	中東	境界的圧力	停戦維持し制裁緩和を狙う	停戦順守を誇示し輸出枠と凍結資産を交渉	生活防衛を急ぎ外圧には屈しない	物価不満で強硬演出も必要、財政は薄い	73.0	87.0	79.0	66.0	81.0	73.0	85.0	24.0	生活費高止まりと原油不安が重なり、将来設計が縮む感覚が強まる
10	ISR	イスラエル	Israel	中東	境界的圧力	抑止維持と民生コスト対応	停戦維持を優先しつつ防空・サイバーを強化	安全優先だが生活費対策も手当てする	戦費・物価で財政が削れ若者支援が薄い	76.0	68.0	70.0	88.0	86.0	79.0	78.0	25.0	生活費不安と雇用不透明で将来像が縮み挑戦回避が増える
10	SAU	サウジアラビア	Saudi Arabia	中東	圧力上昇	価格防衛で歳入確保	OPEC+枠を堅持し供給は小幅調整	歳入で雇用と改革投資を守る	増産は値崩れと治安コスト増が怖い	61.0	79.0	69.0	49.0	63.0	64.0	80.0	33.0	生活費高止まりで努力の報われ感が低下し、将来設計が短期化
10	EU	欧州連合	European Union	欧州	境界的圧力	生活費対策と規制堅持	規制適用を急ぎ供給網監査を域外へ要求	生活費を抑えつつ公正競争と雇用移行を守る	加盟国差と負担配分で実装が遅れる	58.0	63.0	74.0	78.0	76.0	72.0	79.0	36.0	物価と雇用不安が重なり将来設計が先送りされる
11	USA	アメリカ	United States	北米	圧力上昇	対中抑止と同盟要求を継続	対日へ輸出管理整合と負担増を再要請	抑止維持と国内投資で競争力を守る	財政と分断で追加負担を同盟へ寄せる	72.0	58.0	78.0	88.0	82.0	76.0	83.0	26.0	衝突恐怖はやや減るが賃金停滞と就職不安が続き、将来像が描きにくい
11	CHN	中国	China	東アジア	圧力上昇	演習沈静化で圧力を調整	対日輸出管理は選別運用、対話窓口維持	安全は確保しつつ雇用と物価を守る	内需弱く失業が怖い、過度な緊張は避ける	78.0	58.0	86.0	90.0	66.0	88.0	84.0	30.0	衝突恐怖はやや減るが供給不安が残り、将来像が描きにくい
11	JPN	日本	Japan	東アジア	圧力上昇	物価と移行不安を抑える	調達多角化と同盟で供給網の冗長化	緊張は緩和傾向、生活防衛と雇用移行を継続	財政と電力で支援が細り、分断が再燃し得る	66.0	77.0	82.0	70.0	91.0	80.0	89.0	19.0	軍事不安は少し後退も、物価と雇用移行不安が将来感を削る
11	TWN	台湾	Taiwan	東アジア	圧力上昇	沈静化を梃に抑止と供給維持	同盟と危機連絡を強化し輸出枠を平準化	緊張は緩むが備え継続、物価と雇用を支援	電力・保険・人材が増産の上限、財政も硬い	78.0	72.0	80.0	87.0	74.0	90.0	84.0	36.0	短期の安堵は出るが供給不安が残り進路決断が遅れる
11	KOR	韓国	South Korea	東アジア	圧力上昇	供給網の安定化を優先	対米連携で半導体・計算資源枠を確保	外部不確実性に備え雇用と物価を守る	財政と電力制約で支援は選別的になりやすい	56.0	63.0	78.0	79.0	74.0	71.0	79.0	29.0	地政学不安は少し緩むが、雇用と生活費不安が未来感を鈍らせる
11	PRK	北朝鮮	North Korea	東アジア	境界的圧力	示威を絞り資金確保優先	限定発射は控え、訓練誇示とサイバー資金獲得を強化	警戒を緩めず国防と生活を同時に守る	燃料・食料・外貨不足で長期挑発は不利	80.0	44.0	76.0	65.0	61.0	70.0	88.0	34.0	直接危機は薄れるが警戒疲れが残り挑戦が萎む
11	RUS	ロシア	Russia	ユーラシア	間接衝突	戦時継続で制裁疲れを誘発	資源輸出を小刻みに調整し回避網と軍需維持	長期戦でも生活を守り国家防衛を優先	部品・計算資源不足で軍需と民需が詰まる	84.0	76.0	75.0	83.0	73.0	80.0	78.0	26.0	物価不安は続くが、半導体不安の急騰は一服し進路の硬直が少し緩む
11	UKR	ウクライナ	Ukraine	欧州	限定戦争	前線維持と支援の再固定	欧米へ防空・弾薬・資金の長期枠要請	疲弊下でも防衛と復旧を同時に進める	人的損耗と支援疲れで譲歩圧が強い	76.0	63.0	74.0	61.0	82.0	66.0	68.0	37.0	物価と安全保障不安が残り、将来設計は慎重化が続く
11	IRN	イラン	Iran	中東	境界的圧力	停戦維持で交渉余地確保	停戦枠組みを維持し制裁緩和を打診	生活防衛を優先し外圧にも備える	強硬派対策で示威も必要、財政は脆い	70.0	84.0	77.0	63.0	80.0	72.0	83.0	26.0	原油不安は続き、物価と就職の先行きが重く感じられる
11	ISR	イスラエル	Israel	中東	境界的圧力	抑止優先で不安定化回避	停戦枠組み維持と防空・サイバー増強	安全確保を最優先し経済負担は段階緩和	戦費と連立事情で財政配分が硬直	70.0	62.0	66.0	80.0	82.0	74.0	73.0	28.0	物価と雇用の不透明感が残り、挑戦より安定志向が強まる
11	SAU	サウジアラビア	Saudi Arabia	中東	圧力上昇	価格維持で安定優先	OPEC+枠を維持し供給は小幅機動	歳入を確保し雇用と改革投資を守る	増産は値崩れと治安費増が重い	56.0	72.0	63.0	47.0	60.0	59.0	76.0	36.0	光は増えるが物価高が残り、将来設計は慎重化が続く
11	EU	欧州連合	European Union	欧州	圧力上昇	規制維持と景気下支え	域外サプライ監査を継続し対中依存を分散	公正競争と雇用移行を守り物価も抑える	加盟国差と負担配分で実装が遅れがち	52.0	58.0	68.0	74.0	74.0	66.0	72.0	41.0	半導体不安は残り、就職と物価の先行きが読めず不安
12	USA	アメリカ	United States	北米	圧力上昇	同盟整合とAI覇権を優先	対日へAI/半導体管理整合と人材育成協力を要請	雇用転換支援で競争力と中間層を守る	分断と物価で追加負担を同盟に寄せたい	70.0	56.0	81.0	90.0	84.0	78.0	82.0	24.0	再訓練圧力が強まり格差不安が増えるが、道筋が見えれば緩和
12	CHN	中国	China	東アジア	圧力上昇	技術主権優先で圧力調整	対日部材・装置の審査強化、対話窓口は維持	技術自立と雇用を守り外圧に備える	若年雇用が不安、過緊張は景気を傷める	80.0	57.0	88.0	92.0	64.0	89.0	86.0	29.0	学び直し圧が増し、機会格差不安と将来迷いが強まる
12	JPN	日本	Japan	東アジア	圧力上昇	学習投資で移行不安を抑制	技能標準連携と半導体供給の確保強化	AI教育を急ぎ雇用移行と物価対策を両立	財政制約で再訓練の量と質が不足しやすい	64.0	73.0	84.0	69.0	92.0	78.0	90.0	17.0	学べる層は前向き、取り残される層は将来不安が増幅
12	TWN	台湾	Taiwan	東アジア	圧力上昇	供給維持と人材転換を優先	同盟と供給協議を継続し教育投資を加速	危機管理を続けつつ再訓練で雇用を守る	電力・保険・人材が上限、財政に余裕薄い	79.0	70.0	83.0	86.0	76.0	88.0	82.0	34.0	再訓練競争が強まり、日本の若者は将来不安と焦りが増える
12	KOR	韓国	South Korea	東アジア	圧力上昇	技能転換を国家主導	対米連携で半導体・AI人材枠を確保	AI職業教育を拡充し雇用断層を抑える	若者支援と産業保護の配分が政治化する	54.0	61.0	74.0	77.0	72.0	69.0	81.0	28.0	技能競争と格差不安が波及し、将来の見通しが割れやすい
12	PRK	北朝鮮	North Korea	東アジア	境界的圧力	示威と資金獲得を併走	訓練誇示とサイバー外貨獲得を継続	敵対環境下でも体制と生活を守る	燃料・食料・外貨不足で長期挑発は困難	78.0	46.0	74.0	66.0	60.0	69.0	86.0	35.0	学び直し局面で安全保障不安が重なり将来設計が鈍る
12	RUS	ロシア	Russia	ユーラシア	間接衝突	資源収入維持で制裁疲れ狙い	資源輸出を微調整し制裁回避網と軍需優先	対外圧力下でも雇用と治安を守る	部品・計算資源不足で近代化が遅れる	83.0	74.0	78.0	82.0	72.0	79.0	79.0	25.0	技能格差不安が増幅し、挑戦より安定志向が強まる
12	UKR	ウクライナ	Ukraine	欧州	限定戦争	前線維持と支援枠の固定	欧米へ防空・弾薬・財政の複年枠を要求	教育・訓練をAI対応に切替え復旧も進める	人的損耗と支援疲れ、財政逼迫が重い	78.0	62.0	76.0	63.0	84.0	67.0	70.0	36.0	物価と安保不安が続き、AI適応格差も重なり将来不安が増幅
12	IRN	イラン	Iran	中東	境界的圧力	停戦維持と体制防衛を両立	示威を抑えつつ裏で停戦監視と交渉継続	生活防衛と雇用確保、外圧には備える	強硬派と財政難で譲歩が難しい	68.0	82.0	79.0	64.0	81.0	70.0	84.0	25.0	物価不安が残る中、AI職業教育の格差観が将来不安を増幅
12	ISR	イスラエル	Israel	中東	間接衝突	抑止維持と技術確保	停戦枠を守りつつ防空・サイバーを増強	安全保障を優先しつつ教育・雇用支援も継続	戦費と連立事情で予算配分が硬直しやすい	68.0	60.0	64.0	78.0	80.0	72.0	74.0	30.0	AI教育格差の焦りが増幅し、安定志向と不安が同居する
12	SAU	サウジアラビア	Saudi Arabia	中東	圧力上昇	価格安定と体制維持を優先	OPEC+枠維持、供給は小幅機動調整	歳入を守り雇用と改革投資を継続	増産は値崩れと治安・補助負担が重い	54.0	70.0	66.0	46.0	61.0	58.0	78.0	35.0	物価と雇用不安が残り、AI教育格差で将来像が割れる
12	EU	欧州連合	European Union	欧州	圧力上昇	規制と再訓練を加速	AI技能基準を域外取引にも要求し供給監査	雇用移行を守り競争力を落とさない	加盟国差で教育投資と規制運用が遅延	54.0	57.0	72.0	76.0	75.0	64.0	74.0	40.0	技能格差の報道で焦燥感が増え、就職像が揺れる
13	USA	アメリカ	United States	北米	圧力上昇	同盟負担増とAI優位維持	対日へ防衛・供給網・AI規制整合を要求	同盟強化で抑止し雇用転換も支援	分断と財政で対外負担を抑えたい	72.0	58.0	83.0	92.0	86.0	80.0	84.0	22.0	介護負担の不安に加え再訓練圧力が重なり将来像が揺れる
13	CHN	中国	China	東アジア	境界的圧力	対外圧力を管理し優位維持	対日先端材・装置の許認可を絞り、対話窓口は維持	外圧に備え技術自立と雇用安定を優先	景気と若年雇用が脆く過緊張は避けたい	83.0	58.0	90.0	93.0	66.0	90.0	88.0	27.0	介護負担不安に加え、技術制約で進路不透明感が増幅する
13	JPN	日本	Japan	東アジア	圧力上昇	介護逼迫の火消し優先	看護・介護材と医薬品の調達網を強化	現場支援と家族負担軽減を急ぐ	財政と人材不足で即効策が限られる	63.0	70.0	88.0	67.0	95.0	79.0	93.0	14.0	家族ケア負担が将来不安を直撃、学業・就労の見通しが曇る
13	TWN	台湾	Taiwan	東アジア	圧力上昇	供給安定と抑止信頼を死守	同盟と供給協議を継続、港湾・電力を優先防護	産業と生活を守るため危機対応を平時化する	電力・保険・人材が上限、財政配分が硬直	78.0	67.0	86.0	84.0	77.0	87.0	83.0	33.0	介護負担の不安に、半導体不安が重なり将来観が暗化
13	KOR	韓国	South Korea	東アジア	圧力上昇	人材確保を最優先で加速	対米協調で半導体投資と人材移動を拡大	医療・介護の穴を賃上げと移民で埋める	財政と反移民世論で政策が揺れやすい	56.0	60.0	78.0	74.0	66.0	63.0	82.0	29.0	介護人材の獲得競争が賃金と不安を押し上げ、将来像が二極化する
13	PRK	北朝鮮	North Korea	東アジア	境界的圧力	示威維持し交渉余地残す	短距離発射を誇示し制裁緩和を示唆	外圧に屈せず国防で生活を守る	外貨・燃料不足で継戦と挑発は限定	83.0	44.0	77.0	68.0	62.0	71.0	89.0	34.0	介護負担の不安に安全保障警戒が重なり、将来設計が縮む
13	RUS	ロシア	Russia	ユーラシア	間接衝突	戦時経済維持で外圧分断	資源供給を選別し制裁回避網を拡張	長期戦でも雇用と物価を守り抜く	部品・計算資源不足で軍需効率に限界	84.0	76.0	80.0	83.0	74.0	80.0	82.0	22.0	介護負担の将来不安に外部ショックが重なり、挑戦より安定志向が強まる
13	UKR	ウクライナ	Ukraine	欧州	限定戦争	支援枠の固定化を最優先	欧米へ防空・弾薬・財政の複年枠を再要請	長期戦前提で動員と産業復旧を同時進行	人的損耗と支援疲れ、資金調達が制約	80.0	64.0	77.0	62.0	85.0	66.0	74.0	33.0	物価・安保不安に加え介護負担増で将来設計が揺らぐ
13	IRN	イラン	Iran	中東	境界的圧力	停戦維持優先、体制防衛継続	示威は限定し停戦監視と裏交渉を継続	外圧に備えつつ生活必需品の供給を守る	強硬派圧力と制裁で譲歩余地が狭い	70.0	84.0	82.0	66.0	86.0	73.0	88.0	20.0	介護負担の増加に原油高懸念が重なり、将来設計の諦めが拡大
13	ISR	イスラエル	Israel	中東	間接衝突	抑止維持と技術確保	停戦枠維持、対ドローン防空とサイバー強化	停戦下でも警戒継続、生活支援は限定的に維持	戦費と連立制約で予算の機動性が低い	70.0	62.0	66.0	80.0	82.0	74.0	76.0	28.0	介護負担不安に加え供給制約が重なり、将来像が曇る
13	SAU	サウジアラビア	Saudi Arabia	中東	圧力上昇	価格安定と体制財政を優先	OPEC+で供給を機動調整、航路警戒も強化	歳入を守り補助と雇用投資を継続	増産は値崩れと治安コスト増で難しい	56.0	73.0	69.0	46.0	64.0	60.0	80.0	32.0	介護負担の不安に燃料高が重なり、将来設計が縮む
13	EU	欧州連合	European Union	欧州	圧力上昇	介護人材と成長の両立	介護人材確保で域内移動を拡大し技能認証を統一	ケア危機を抑え雇用移行を支える制度を整える	加盟国間の負担配分で合意が遅れがち	56.0	52.0	68.0	71.0	74.0	60.0	77.0	39.0	介護負担の国際報道が将来不安を増幅し、進路選択が保守化する
14	USA	アメリカ	United States	北米	圧力上昇	同盟維持とAI覇権優先	対日へ防衛増・対中制限と先端協力要求	同盟で抑止し産業と雇用を守る	分断と物価で対外負担に限界	70.0	56.0	78.0	84.0	85.0	72.0	82.0	24.0	半導体は少し明るいが再訓練と将来不安は続く
14	CHN	中国	China	東アジア	境界的圧力	対外圧力を調整し優位維持	対日先端材・装置許認可を選別緩和し牽制は維持	供給回復を梃子に雇用と産業安定を守る	若年雇用と景気が弱く急激な緊張は避けたい	80.0	56.0	86.0	88.0	64.0	82.0	84.0	30.0	部品入手は少し改善も先端制約で進路不透明感は残る
14	JPN	日本	Japan	東アジア	圧力上昇	供給回復を財政安定へ接続	先端・汎用の二系統で調達枠を再設計	供給の波に備え家計と雇用を下支え	財政逼迫で若者支援と防衛が綱引き	61.0	66.0	82.0	54.0	94.0	70.0	88.0	16.0	品不足は緩むが賃金・物価のズレが残り将来像は霧が深い
14	TWN	台湾	Taiwan	東アジア	圧力上昇	供給回復を梃子に抑止維持	同盟調整を継続し先端品の優先出荷を確保	回復の芽を守りつつ危機対応を常態化する	電力・保険・人材が上限、費用が重い	74.0	61.0	78.0	72.0	74.0	75.0	77.0	36.0	供給正常化で焦りは緩むが、再燃懸念が将来不安を残す
14	KOR	韓国	South Korea	東アジア	圧力上昇	先端半導体と安保を死守	先端品確保で対米連携、対日競争も維持	供給改善を投資と雇用回復につなげる	先端品は不足、若者不満と対北抑止が重い	58.0	57.0	72.0	62.0	64.0	54.0	78.0	31.0	先端品争奪が続き、就職観の不安と焦りが残る
14	PRK	北朝鮮	North Korea	東アジア	境界的圧力	示威を続け交渉窓口は残す	短距離発射と核言及で警戒を維持	外圧下でも体制と安全を守る	外貨・燃料不足で挑発は間欠的	84.0	41.0	74.0	60.0	60.0	68.0	88.0	38.0	半導体不安はやや緩むが、周期的挑発で将来感が揺れる
14	RUS	ロシア	Russia	ユーラシア	間接衝突	戦時継続で制裁疲れ誘発	資源割引と迂回金融で制裁網を分断	長期戦でも賃金と社会給付を守る	兵站・先端部品不足が戦力化を鈍化	82.0	74.0	76.0	78.0	71.0	74.0	80.0	26.0	供給網は少し緩むが不確実性は残り、若者は挑戦回避が続く
14	UKR	ウクライナ	Ukraine	欧州	限定戦争	支援の複年固定を維持	欧米へ防空・弾薬・財政枠の再交渉	長期戦でも復旧と動員を両立する	人的損耗と支援疲れ、財源が逼迫	79.0	61.0	75.0	56.0	86.0	62.0	73.0	34.0	先端品回復差で将来の職選びが不安定化
14	IRN	イラン	Iran	中東	境界的圧力	停戦維持と体制防衛を優先	停戦枠組み維持、代理勢力の統制強化	外圧に備えつつ生活必需品を守る	強硬派と制裁で譲歩余地が狭い	68.0	80.0	78.0	58.0	84.0	68.0	86.0	23.0	燃料高と物価不安が残り、挑戦より節約志向が強まる
14	ISR	イスラエル	Israel	中東	間接衝突	抑止維持と補給再編	停戦枠維持、迎撃・サイバーを継続強化	停戦でも警戒継続、負担増は抑える	戦費と連立で歳出調整が難しい	68.0	60.0	63.0	72.0	80.0	66.0	73.0	30.0	半導体不安が少し緩むが、物価と雇用不安が残る
14	SAU	サウジアラビア	Saudi Arabia	中東	圧力上昇	価格と治安の同時維持	OPEC+調整継続、航路警戒と対話を併用	歳入確保で補助と雇用を守る	増産は値崩れと治安費増が怖い	54.0	68.0	64.0	40.0	61.0	52.0	76.0	36.0	燃料高不安は残るが、供給網改善で将来悲観が少し緩む
14	EU	欧州連合	European Union	欧州	圧力上昇	規制と産業防衛を両立	対日含む調達網を拡げ先端品は共同購入	競争力と雇用を守りつつ安全基準を徹底する	加盟国利害で補助金と規制運用が割れやすい	54.0	49.0	61.0	58.0	72.0	52.0	70.0	44.0	半導体不安が少し薄れ、就活悲観は緩むが慎重化は残る
15	USA	アメリカ	United States	北米	圧力上昇	同盟要求を強めつつ負担抑制	対日へ防衛・供給網・対中管理を同時要求	同盟で抑止し物価と雇用の悪化を防ぐ	分断と物価で対外負担は増やせない	72.0	58.0	80.0	86.0	86.0	74.0	74.0	22.0	危機情報疲れで回避と諦念が増え、将来像が描きにくい
15	CHN	中国	China	東アジア	境界的圧力	選別緩和で依存と抑止を両立	対日部材は一部許認可緩和、先端は維持	外圧下でも雇用と供給安定を確保する	若年雇用が重く緊張激化は避けたい	82.0	55.0	87.0	86.0	63.0	81.0	78.0	29.0	情報回避で危機感は鈍るが、先端不透明で将来像は曇る
15	JPN	日本	Japan	東アジア	圧力上昇	不安疲れに備え可視化で支える	同盟協議で燃料調達分散と備蓄を前倒し	支援は続ける、情報は要点だけ伝える	財政と防衛の綱引きで余力が薄い	63.0	64.0	79.0	52.0	93.0	69.0	83.0	17.0	情報回避が増え、将来像はぼやけるが支援が見えれば離脱は鈍る
15	TWN	台湾	Taiwan	東アジア	圧力上昇	供給安定を盾に抑止継続	同盟と保険枠組みを固め出荷計画を前倒し	不安疲れを抑え生活と産業の継続を守る	電力・保険料・人材流出が上限、費用増	70.0	58.0	72.0	68.0	76.0	73.0	64.0	38.0	情報回避で体感不安は鈍るが、将来設計は慎重化しやすい
15	KOR	韓国	South Korea	東アジア	圧力上昇	安保と半導体を同時防衛	対米で先端品枠確保、対日協調は限定	雇用と安保を守る投資を優先する	若者不満と対北抑止で妥協余地が狭い	60.0	56.0	74.0	65.0	66.0	55.0	72.0	30.0	情報回避が増え、先端競争の不安だけが残りやすい
15	PRK	北朝鮮	North Korea	東アジア	境界的圧力	示威継続、交渉余地は維持	短距離発射示唆と核言及で周辺を牽制	外圧下でも体制と抑止を守る	外貨・燃料不足で挑発頻度は抑制	86.0	43.0	73.0	60.0	61.0	69.0	79.0	36.0	情報回避が増え不安は鈍化も、挑発が将来像を断続的に崩す
15	RUS	ロシア	Russia	ユーラシア	間接衝突	長期戦で制裁疲れを狙う	資源輸出の迂回と情報戦を強化	圧力下でも安定と雇用を守る	兵站と部品不足、動員疲れが重い	83.0	77.0	74.0	80.0	73.0	76.0	70.0	22.0	情報回避で不安が鈍化する一方、将来設計が止まり挑戦が萎む
15	UKR	ウクライナ	Ukraine	欧州	限定戦争	支援の確保と継戦の固定化	欧米に防空・弾薬・財政の複年枠を要求	消耗は続くが復旧と動員を継続する	人的損耗と支援疲れ、歳入不足が重い	80.0	63.0	77.0	58.0	87.0	63.0	76.0	33.0	危機情報の長期化で情報回避が増え、将来設計が冷えやすい
15	IRN	イラン	Iran	中東	境界的圧力	停戦維持で制裁耐性を稼ぐ	停戦枠内で牽制、海上圧力は限定運用	対外抑止と生活防衛を同時に進める	強硬派・制裁・財政で譲歩が難しい	66.0	78.0	76.0	60.0	86.0	70.0	74.0	21.0	不安情報は回避されやすいが、燃料高で将来設計が縮む
15	ISR	イスラエル	Israel	中東	間接衝突	抑止維持と国内疲弊抑制	停戦枠を維持し迎撃・サイバーを重点化	警戒は継続、生活負担の急増は避ける	戦費と連立で歳出転換が進みにくい	67.0	58.0	65.0	71.0	82.0	64.0	69.0	29.0	情報回避で先行きが霧化し、就職不安と諦念が増える
15	SAU	サウジアラビア	Saudi Arabia	中東	圧力上昇	価格安定と航路抑止	OPEC+微調整、紅海航路警戒と対話継続	歳入を守り補助と雇用維持を優先	増産は値崩れ、抑止は報復リスク	56.0	66.0	62.0	41.0	60.0	50.0	69.0	37.0	燃料高は続くが情報回避で体感不安は鈍化、先行きは霧
15	EU	欧州連合	European Union	欧州	圧力上昇	規制と景気下支えを優先	対日協調は維持しつつ重要AI規制を前倒し	雇用と安全を守るため規制と投資を両立する	加盟国の温度差で迅速な合意が難しい	55.0	50.0	63.0	57.0	73.0	53.0	62.0	43.0	情報回避が広がり不安は鈍化するが将来像は曖昧化
16	USA	アメリカ	United States	北米	圧力上昇	同盟負担とAI覇権を優先	対日へ防衛増額と供給網・対中管理を再要請	同盟強化で抑止し景気と物価を守る	財政と分断で対外支出拡大は限界	74.0	60.0	78.0	88.0	90.0	76.0	77.0	18.0	将来設計より目先の安定志向が強まり挑戦が鈍る
16	CHN	中国	China	東アジア	境界的圧力	選別緩和で取り込み継続	対日市場示唆と部材許認可を選別運用	外圧下でも雇用と技術自立を守る	若年雇用不安で緊張激化は避けたい	83.0	56.0	88.0	87.0	68.0	82.0	80.0	26.0	財政不安と先端不透明が重なり、将来設計が縮む
16	JPN	日本	Japan	東アジア	圧力上昇	更新投資を優先順位付け	同盟連携で重要資材と燃料を確保	更新は絞るが生活と安全は守る	更新費が重なり裁量がほぼ無い	61.0	62.0	78.0	53.0	96.0	70.0	84.0	14.0	公共劣化と負担感で将来不安が増え、挑戦より防衛的選択が増える
16	TWN	台湾	Taiwan	東アジア	境界的圧力	抑止維持と供給信頼死守	同盟と企業に供給計画の明確化を要請	緊張下でも雇用と生活の安定を優先	電力・保険・人材流出で増産に限界	72.0	60.0	70.0	66.0	78.0	74.0	62.0	34.0	財政不安と供給懸念が重なり、将来設計が守りに寄る
16	KOR	韓国	South Korea	東アジア	圧力上昇	同盟維持と産業防衛	対米で先端枠確保、対日は供給協議	雇用と安保を守るため産業投資を続ける	若者不満と対北抑止で譲歩が難しい	63.0	57.0	76.0	66.0	68.0	58.0	74.0	28.0	財政不安と雇用不安が重なり将来設計が縮む
16	PRK	北朝鮮	North Korea	東アジア	境界的圧力	示威で譲歩誘う	短距離発射準備を誇示し対話窓口維持	外圧に屈せず抑止で安全を守る	燃料・外貨難で実射は最小限に抑えたい	88.0	41.0	76.0	61.0	66.0	70.0	81.0	31.0	財源不安と安保不安が重なり、将来設計が短期化しやすい
16	RUS	ロシア	Russia	ユーラシア	間接衝突	制裁疲れを狙い継戦	資源迂回と価格駆け引き、対日牽制	外圧下でも雇用と物価を守る	兵站・部品不足と動員疲れが重い	84.0	79.0	73.0	81.0	78.0	77.0	69.0	20.0	物価と税負担観測が重なり、将来不安で挑戦が鈍る
16	UKR	ウクライナ	Ukraine	欧州	限定戦争	支援枠の固定化を最優先	欧米に弾薬・防空・財政の複年支援を要請	長期戦を前提に動員と復旧を同時継続	支援疲れと歳入難、人的損耗が限界	82.0	64.0	78.0	60.0	90.0	64.0	77.0	30.0	長期化で将来像が描きにくく、節約・回避と不安が増える
16	IRN	イラン	Iran	中東	境界的圧力	停戦枠で圧力を維持	制裁緩和を狙い交渉継続、海上示威は限定	抑止を保ちつつ生活防衛を優先する	強硬派・財政・不満で譲歩余地が小さい	64.0	79.0	77.0	61.0	88.0	71.0	75.0	19.0	燃料高と財政不安が重なり、将来設計が縮む
16	ISR	イスラエル	Israel	中東	間接衝突	抑止継続と疲弊抑制	停戦枠は維持し迎撃・サイバーを増強	脅威は継続、生活負担の急増は抑える	戦費と連立維持で財政運用が硬直	66.0	60.0	67.0	73.0	86.0	66.0	71.0	25.0	財政不安と不確実性が重なり、将来設計が縮み就職不安が増す
16	SAU	サウジアラビア	Saudi Arabia	中東	圧力上昇	価格下支えと航路抑止	OPEC+供給維持、紅海警戒と仲介継続	歳入確保で改革投資と雇用を守る	増産は値崩れ、強硬は報復で不安定化	58.0	70.0	63.0	41.0	66.0	52.0	68.0	33.0	燃料高と公共更新費で将来不安が増幅、挑戦意欲が萎む
16	EU	欧州連合	European Union	欧州	圧力上昇	規制と景気を両立	対日でAI認証枠組みと調達基準を強化	安全と雇用のため共通基準で守る	加盟国分断で迅速な資金拠出が難しい	56.0	52.0	64.0	60.0	76.0	54.0	63.0	40.0	規制強化で進路選択が保守化し将来像が霞む
17	USA	アメリカ	United States	北米	圧力上昇	同盟負担維持と不満抑え	対日へ防衛・AI規律協調と対中管理要求	AI独占を正し雇用と安保を守る	分断と物価で対外負担増は難しい	76.0	62.0	81.0	90.0	92.0	78.0	80.0	16.0	格差不安が強まり、挑戦より安定志向が増える
17	CHN	中国	China	東アジア	境界的圧力	雇用安定優先で圧力管理	対日部材許認可を選別し投資協調も示唆	利益集中を是正し雇用と技術自立を守る	若年不満増で景気悪化と緊張激化は避けたい	84.0	57.0	90.0	88.0	69.0	83.0	82.0	25.0	企業利益偏在の不信が波及し、雇用不安で将来像が曇る
17	JPN	日本	Japan	東アジア	圧力上昇	分配不信の鎮静を優先	AI規制協調と供給網の同盟調整を強化	成長の果実を回し雇用移行を支える	財政硬直で即効策が限られる	63.0	61.0	82.0	56.0	97.0	71.0	88.0	12.0	上振れ益の偏りが不信を増幅。将来像が描けず挑戦回避が増える
17	TWN	台湾	Taiwan	東アジア	境界的圧力	供給信頼と社会安定を死守	同盟と企業へ供給透明化と分散投資を要請	利益集中是正と雇用不安の緩和を進める	電力・保険・人材が逼迫し増産余地は薄い	74.0	61.0	73.0	69.0	80.0	76.0	66.0	33.0	利益集中不信が不安を増幅し、進路選択が保守化する
17	KOR	韓国	South Korea	東アジア	圧力上昇	産業防衛と分配是正	対米で先端枠と規制整合、対日は供給安定協議	利益集中を是正し雇用と安保を同時に守る	対北抑止と世論で譲歩しにくい	64.0	58.0	82.0	68.0	70.0	61.0	81.0	26.0	雇用悲観と格差感が拡散し、将来設計がさらに細る
17	PRK	北朝鮮	North Korea	東アジア	境界的圧力	示威で交渉余地確保	発射準備を誇示し制裁緩和を揺さぶる	外圧と格差に屈せず自力で守る	外貨難で実射・燃料消費は避けたい	90.0	42.0	79.0	64.0	67.0	72.0	84.0	30.0	安保不安にAI格差不信が重なり将来像が縮む
17	RUS	ロシア	Russia	ユーラシア	間接衝突	制裁疲れと分断を誘発	資源価格の揺さぶりと情報戦を強化	外圧下でも国家と雇用を守る	部品不足と動員疲れで長期化が痛い	86.0	82.0	74.0	83.0	80.0	79.0	76.0	18.0	AI格差不信と物価高が結びつき、将来像が描けず萎縮
17	UKR	ウクライナ	Ukraine	欧州	限定戦争	支援継続の制度化を急ぐ	EU・G7へ復興資金と防空の長期枠を要請	不公平を抑え前線と生活を同時に守る	支援疲れと動員負担、格差不満が拡大	83.0	65.0	79.0	62.0	91.0	65.0	80.0	29.0	戦争長期化＋AI利益集中で不公平感が連鎖し、将来設計が萎む
17	IRN	イラン	Iran	中東	境界的圧力	制裁下で抑止と統治維持	停戦枠内で示威継続、交渉で制裁緩和を探る	外圧に屈せず生活を守ると強調	強硬派と財政難で譲歩・分配が詰む	66.0	82.0	79.0	63.0	90.0	73.0	80.0	18.0	燃料高と不信拡散で将来像が曇り、挑戦が先送りに
17	ISR	イスラエル	Israel	中東	間接衝突	抑止優先、社会不満抑制	停戦枠維持しつつ迎撃・サイバー強化	安全保障を守り物価高への支援も続ける	戦費と政治分断で分配改革が進まない	67.0	62.0	71.0	76.0	88.0	69.0	78.0	23.0	利益偏在の不信が波及し、将来の努力回収感が薄れ不安増
17	SAU	サウジアラビア	Saudi Arabia	中東	圧力上昇	価格安定と体制安定優先	OPEC+調整継続、紅海警戒と仲介維持	歳入確保で改革投資と雇用を守る	増産は値崩れ、強硬は報復で不安定化	60.0	72.0	66.0	42.0	67.0	54.0	72.0	31.0	物価高と雇用不安が連動し、将来像が描きにくくなる
17	EU	欧州連合	European Union	欧州	圧力上昇	利益配分是正を優先	AI課税・競争規制を強め対日も適用	公正な利益配分で雇用と制度を守る	加盟国の利害差で速度と一貫性が落ちる	55.0	50.0	66.0	62.0	78.0	56.0	67.0	38.0	海外規制と雇用不安が重なり将来設計が萎縮
18	USA	アメリカ	United States	北米	圧力上昇	同盟結束とAI覇権死守	対日へ防衛負担・対中規制同調を要求	雇用と物価を守りつつ同盟で抑止を強化	分断と住宅・生活費で対外負担増は限界	78.0	66.0	83.0	92.0	93.0	79.0	84.0	14.0	住居不安に安保・雇用不確実性が重なり将来展望が縮む
18	CHN	中国	China	東アジア	境界的圧力	雇用と対外圧力を同時管理	対日部材許認可を波状運用、対台抑止誇示	雇用と物価を守り外圧に屈しない	若年不満と不動産調整で景気刺激は限定	86.0	60.0	92.0	90.0	72.0	86.0	85.0	22.0	住居不安の争点化に外部ショックが重なり、将来設計がさらに短期化する
18	JPN	日本	Japan	東アジア	圧力上昇	住居不安の火消しを優先	対米協議でLNG等を確保し調達分散	住居支援を急ぎ雇用移行も支える	財政硬直で恒久策が打ちにくい	64.0	60.0	83.0	57.0	98.0	72.0	90.0	10.0	住居の足場不安が将来像を曇らせ、挑戦回避と分断感が強まる
18	TWN	台湾	Taiwan	東アジア	境界的圧力	供給信頼と抑止を維持	同盟連携で海峡監視強化と供給優先枠調整	分散投資と電力安定で雇用を守る	電力・保険・人材制約で増産は限定的	76.0	63.0	71.0	70.0	79.0	78.0	69.0	32.0	住宅不安の中で供給不確実性が重なり、将来設計が縮む
18	KOR	韓国	South Korea	東アジア	圧力上昇	住居支援で不満吸収	対米で先端枠維持、対日は部材安定協議	住居と雇用を守り安保も緩めない	住居費対策は必要だが財源と対北が重い	63.0	57.0	79.0	66.0	73.0	60.0	84.0	24.0	住居不安が連動し将来設計が萎縮、転職も慎重化
18	PRK	北朝鮮	North Korea	東アジア	境界的圧力	低コスト示威で主導権維持	短距離発射示唆と電波妨害で警戒を持続	対外脅威に備え団結と規律を強化する	外貨・燃料不足で実射と長期危機は避けたい	88.0	41.0	76.0	63.0	66.0	70.0	86.0	29.0	住居不安の争点化に安保警戒が重なり、将来設計が萎む
18	RUS	ロシア	Russia	ユーラシア	間接衝突	制裁疲れの亀裂を拡大	資源輸出を政治化し価格変動を演出	対外圧力下でも安定と雇用を優先	動員疲れと部品不足で長期戦が重い	84.0	80.0	73.0	82.0	79.0	78.0	81.0	17.0	住居不安に物価・安全保障不安が重なり、将来設計が縮む
18	UKR	ウクライナ	Ukraine	欧州	限定戦争	支援の長期枠を固める	EU・G7に防空弾薬と復興債務枠を要請	前線と生活を守るため支援枠を確保する	動員疲労と格差不満、財政の限界が迫る	84.0	66.0	78.0	63.0	92.0	66.0	82.0	28.0	住居不安の争点化に、戦争由来の物価・不公平感が上乗せし将来像が縮む
18	IRN	イラン	Iran	中東	境界的圧力	停戦内で圧力と交渉を併用	航路周辺で示威、制裁緩和交渉を加速	外圧に屈せず治安と物価を守る	財政難と強硬派で譲歩幅が狭い	68.0	86.0	81.0	66.0	92.0	75.0	83.0	16.0	燃料高が家賃不安を増幅し、将来設計が縮む
18	ISR	イスラエル	Israel	中東	間接衝突	抑止維持、内政負担を管理	停戦枠を維持し迎撃・情報戦を強化	安全を優先し物価・住居負担も抑える	戦費と政治分断で分配が遅れる	66.0	61.0	68.0	78.0	86.0	67.0	80.0	24.0	住居不安と物価不安が結びつき、努力の回収感が薄れ将来不安が増す
18	SAU	サウジアラビア	Saudi Arabia	中東	圧力上昇	価格管理と安定優先	OPEC+で供給微調整、紅海警戒と仲介継続	歳入を守り改革投資と雇用を維持する	増産は値崩れ、強硬は報復で不安定化	63.0	76.0	68.0	43.0	69.0	56.0	75.0	30.0	住居不安の争点化に物価高が重なり、将来設計が細る
18	EU	欧州連合	European Union	欧州	圧力上昇	規制強化と生活防衛を両立	AI規制適用を維持し対日も整合要求	生活費と住居不安に対応しつつ競争力維持	加盟国間の利害差で迅速な追加支援が難しい	56.0	52.0	64.0	63.0	79.0	57.0	70.0	36.0	住居不安が争点化し、海外規制と相まって将来設計が萎縮
19	USA	アメリカ	United States	北米	圧力上昇	対中抑止と同盟負担増	対日へ防衛増・規制同調と投資要求	雇用確保と抑止維持を同時に進める	分断と物価で外向き負担に限界	71.0	61.0	79.0	89.0	91.0	74.0	82.0	16.0	緊張はやや緩むが規制と雇用不安で将来像が曇る
19	CHN	中国	China	東アジア	圧力上昇	対話で緊張低下も統制継続	対日許認可を選別、対台演習は抑制的	対話を主導し発展と安定を守る	雇用不安と成長鈍化で強硬一辺倒不可	78.0	58.0	88.0	86.0	70.0	80.0	82.0	28.0	軍事不安はやや後退も就活・物価不安が残り将来像が描きにくい
19	JPN	日本	Japan	東アジア	圧力上昇	対話追い風を内政安定へ	対話枠組み維持と供給網分散を継続	緊張は緩むが物価と雇用対策を急ぐ	財政硬直で恒久策が薄い	58.0	56.0	78.0	55.0	96.0	68.0	86.0	12.0	軍事不安は少し減るが、生活費と将来不安が残り挑戦に慎重化
19	TWN	台湾	Taiwan	東アジア	圧力上昇	対話活用で抑止と供給を守る	対話参加と海峡監視継続、供給枠を再調整	緊張は緩むが備えは維持、雇用と電力を守る	電力・保険・対中圧力で増産余地が小さい	68.0	58.0	66.0	64.0	76.0	72.0	63.0	38.0	有事恐怖はやや後退も、供給と雇用の霧で将来設計が揺れる
19	KOR	韓国	South Korea	東アジア	圧力上昇	対話活用し安保と産業防衛	対北抑止は維持しつつ日米と供給網協議	対話は前進、雇用と安保を同時に守る	半導体競争と若者不満、財源が逼迫	56.0	52.0	74.0	62.0	71.0	55.0	78.0	28.0	緊張は少し緩むが、雇用と物価不安で将来設計が慎重化
19	PRK	北朝鮮	North Korea	東アジア	境界的圧力	対話参加しつつ示威維持	対話席に出つつ短距離訓練を誇示	対話は力の上での主導権確保だ	燃料・外貨難で実射拡大は困難	82.0	38.0	72.0	61.0	63.0	68.0	80.0	33.0	緊張は小幅緩むが、周期的不安で将来設計が揺れる
19	RUS	ロシア	Russia	ユーラシア	境界的圧力	対話追い風でも圧力継続	対話を利用し制裁緩和を探り資源供給を調整	対外圧力下でも雇用と物価を守る	戦費と部品不足で余力が細り妥協も必要	78.0	74.0	69.0	80.0	76.0	73.0	77.0	22.0	緊張は少し緩むが物価と雇用不安が残り将来像が曇る
19	UKR	ウクライナ	Ukraine	欧州	限定戦争	支援の継続枠を死守	EU・G7に弾薬継続と復興金融を再要請	戦いと生活を両立し耐久力を守る	動員疲労と財政限界、汚職監視も重荷	82.0	63.0	76.0	62.0	90.0	64.0	79.0	30.0	遠景の戦争継続が物価と不公平感を固定化し、将来設計の確信が削れる
19	IRN	イラン	Iran	中東	圧力上昇	停戦維持し制裁緩和を狙う	航路周辺の警戒を維持し対話窓口を残す	外圧に対抗しつつ物価と治安を守る	財政難と強硬派で妥協が限られる	61.0	82.0	77.0	65.0	90.0	72.0	79.0	18.0	燃料高は続き不安は残るが、対話報道で過度な悲観はやや鈍る
19	ISR	イスラエル	Israel	中東	間接衝突	抑止維持と内政負担の圧縮	停戦枠を維持し情報戦と迎撃を継続	対外脅威は継続、生活費対策も同時に実施	戦費と政治分断で改革が遅れる	63.0	58.0	66.0	79.0	84.0	64.0	78.0	26.0	物価と安全保障不安が残り、若者の将来設計は慎重化
19	SAU	サウジアラビア	Saudi Arabia	中東	圧力上昇	価格安定と仲介継続	OPEC+で供給維持、紅海警戒と停戦維持働きかけ	歳入安定で改革投資と治安を両立する	増産は値崩れ、強硬は報復で不安定化	58.0	71.0	64.0	44.0	66.0	53.0	70.0	33.0	物価不安は続くが緊張緩和で恐怖は薄れ、進路の悲観がやや後退
19	EU	欧州連合	European Union	欧州	圧力上昇	規制と成長を両立模索	対日へAI規制整合と共同基準を要求	対話再開でも分断は続く、産業保護で雇用維持	加盟国の温度差で迅速な投資と支援が鈍い	50.0	48.0	61.0	60.0	76.0	55.0	66.0	40.0	軍事不安はやや減るが規制適応負担で将来像が揺れる
20	USA	アメリカ	United States	北米	圧力上昇	AI覇権と同盟負担の再調整	対日へ規制同調と防衛増、AI投資促進	対外競争で技術と雇用を守ると強調	分断と物価で海外関与の余力が細る	73.0	63.0	81.0	90.0	92.0	76.0	84.0	15.0	学校AI格差が不安を増幅。規制・雇用不安で将来像が曇る
20	CHN	中国	China	東アジア	境界的圧力	管理強化で対外摩擦を調整	対日部材許認可を選別、対台圧は維持	外部圧力下でも雇用と安定を守る	成長鈍化で強硬一辺倒は国内に跳ね返る	80.0	60.0	90.0	88.0	72.0	82.0	86.0	26.0	教育AI格差が就活不安と接続し、努力が報われない感が増す
20	JPN	日本	Japan	東アジア	圧力上昇	教育格差是正を優先	AI教育支援の標準化と調達枠を確保	学校AI格差を縮め、進路不安を抑える	恒久財源が乏しく配分争いが激しい	57.0	54.0	82.0	56.0	97.0	66.0	90.0	10.0	環境差が将来不安を増幅。支援が見えぬと挑戦回避が広がる
20	TWN	台湾	Taiwan	東アジア	圧力上昇	抑止維持と供給安定を優先	海峡監視を強化し供給枠と輸送を再設計	緊張下でも産業と生活を守り投資は継続	電力・保険・対中圧力で増産が難しい	66.0	56.0	68.0	62.0	78.0	73.0	67.0	36.0	供給不安が学習AI格差不安を増幅し進路が曇る
20	KOR	韓国	South Korea	東アジア	圧力上昇	技術主権と雇用不安の封じ込め	日米とAI人材・半導体連携枠を拡充	教育投資で格差を抑え雇用転換を支援	財政と世論が割れ、即効性が求められる	58.0	53.0	77.0	60.0	73.0	57.0	82.0	26.0	教育AI格差が将来不安を増幅、進路選択が保守化
20	PRK	北朝鮮	North Korea	東アジア	境界的圧力	対話継続、示威で存在感	対話席は維持し短距離発射準備を誇示	対外圧力に屈せず体制と安全を守る	燃料・外貨難で実射は絞りたい	84.0	40.0	74.0	62.0	64.0	69.0	83.0	32.0	教育AI格差不安に安全保障不安が重なり将来設計が縮む
20	RUS	ロシア	Russia	ユーラシア	間接衝突	戦時経済を維持し圧力分散	資源輸出を調整し制裁回避網を拡大	制裁下でも賃金と供給を守ると強調	戦費・部品不足で妥協余地が狭い	80.0	76.0	72.0	83.0	79.0	75.0	82.0	20.0	学内AI格差不安に物価・雇用不安が重なり将来像が縮む
20	UKR	ウクライナ	Ukraine	欧州	限定戦争	支援枠と復興資金を固守	EU・G7へ弾薬と復興基金の前倒し要請	戦時継続でも教育と生活の最低線を守る	動員疲労と財政逼迫、汚職監視も重い	83.0	64.0	77.0	63.0	91.0	65.0	81.0	29.0	戦争長期化の物価不安に、学内AI格差の焦りが重なり将来像が曇る
20	IRN	イラン	Iran	中東	圧力上昇	停戦維持で制裁緩和を探る	航路威嚇は抑えつつ交渉窓口を維持	外圧に耐えつつ物価と治安を優先する	強硬派と財政難で譲歩幅が小さい	63.0	84.0	78.0	66.0	91.0	73.0	83.0	17.0	燃料高とSNS不安が続き、教育AI格差報道で将来不安が増幅
20	ISR	イスラエル	Israel	中東	間接衝突	抑止継続と技術確保	停戦枠維持、サイバー防衛と輸出管理強化	安全優先を堅持しつつ生活負担を抑える	戦費と分断で教育・若者投資が後回し	64.0	60.0	69.0	82.0	86.0	67.0	83.0	24.0	AI格差の話題が不安を増幅、進路選択が慎重化
20	SAU	サウジアラビア	Saudi Arabia	中東	圧力上昇	価格安定を優先し調整維持	OPEC+で供給調整、紅海航路警戒を継続	歳入を守り改革投資と治安を両立する	増産は値崩れ、強硬は報復で不安定化	60.0	73.0	66.0	45.0	67.0	55.0	74.0	32.0	燃料高が家計と学習機会格差不安を刺激し将来観が曇る
20	EU	欧州連合	European Union	欧州	圧力上昇	教育AI格差を規制で抑制	対日へ教育AIの透明性基準と調達連携要請	公教育の公平確保へAI基準と支援を拡充	加盟国差で財源配分と実装速度が割れる	48.0	46.0	64.0	62.0	74.0	56.0	72.0	38.0	学校AI格差が可視化し進路不安増、適応負担で将来像が曇る
21	USA	アメリカ	United States	北米	圧力上昇	同盟結束とAI覇権の維持	対日へ防衛負担と規制同調を継続要求	競争下で雇用と安全を守ると強調	物価・分断で対外関与の余力が限界	74.0	52.0	78.0	91.0	90.0	74.0	82.0	22.0	燃料安定で息継ぎも、AI・防衛要請が将来不安を残す
21	CHN	中国	China	東アジア	境界的圧力	統制維持で摩擦を選別	対日部材許認可を再調整、対台圧は継続	外圧下でも雇用と秩序を守る	景気鈍化で強硬は失業不安に直結	79.0	52.0	88.0	87.0	71.0	80.0	84.0	28.0	生活費不安は一息でも、就活とAI格差が不信感を残す
21	JPN	日本	Japan	東アジア	圧力上昇	生活安定と抑止の両にらみ	LNG・電力燃料を分散し長期契約を補強	燃料は落ち着くが投資負担は残る。支援継続	恒久財源不足。防衛・物価・若者策が競合	58.0	38.0	78.0	55.0	96.0	62.0	84.0	14.0	生活費不安は一服。ただ将来の雇用と負担感が残り慎重化
21	TWN	台湾	Taiwan	東アジア	境界的圧力	抑止維持と供給安定を継続	同盟と連携し海峡監視と輸送を強化	緊張は続くが生活コストは抑える	電力投資と保険料が増産余力を圧迫	64.0	46.0	63.0	60.0	76.0	70.0	64.0	39.0	燃料不安は和らぐが、供給不透明で将来設計が揺れる
21	KOR	韓国	South Korea	東アジア	圧力上昇	半導体主権と同盟抑止の両立	日米と先端半導体・AI供給枠を再調整	物価は一服、雇用転換と安保を同時支援	若者雇用対策の即効性要求が強い	60.0	41.0	72.0	58.0	70.0	55.0	78.0	28.0	生活不安は少し減るが、職の先行き不安が残る
21	PRK	北朝鮮	North Korea	東アジア	境界的圧力	対話維持、示威は制御	対話枠は維持し発射準備を誇示	圧力下でも抑止力で安全を確保	燃料・外貨難で実射は最小化	82.0	33.0	72.0	61.0	63.0	66.0	81.0	34.0	生活費不安は少し緩むが安保不安で将来設計が硬直
21	RUS	ロシア	Russia	ユーラシア	間接衝突	戦時経済を維持し資源で圧力調整	資源輸出を微調整し制裁回避網を維持	対外圧力下でも雇用と物価を守ると強調	戦費・部品不足で妥協余地が狭い	78.0	62.0	70.0	84.0	77.0	73.0	80.0	28.0	燃料不安は和らぐが、戦争長期化とAI資源不足で将来像は硬い
21	UKR	ウクライナ	Ukraine	欧州	限定戦争	支援固守で継戦と復興準備	EU・G7へ防空弾薬と復興枠継続を要請	前線維持と生活線を守り、復興準備も進める	動員疲労と財政難、支援条件の監視が重い	82.0	52.0	74.0	62.0	90.0	63.0	79.0	31.0	物価不安は一息でも戦争長期化が残り、将来設計が固まりにくい
21	IRN	イラン	Iran	中東	境界的圧力	停戦維持で主導権確保	航路緊張は抑制しつつ交渉で制裁緩和探る	治安と物価を守りつつ外圧に屈しない	強硬派圧力と財政難で妥協余地が狭い	60.0	58.0	74.0	64.0	88.0	70.0	78.0	20.0	燃料不安は一息だが、再燃報道で将来不安と慎重志向が残る
21	ISR	イスラエル	Israel	中東	間接衝突	抑止継続と技術線引き	停戦枠維持、対サイバーと輸出管理を維持	脅威は継続、生活負担は一部緩和する	戦費と政治分断で若者投資が後回し	63.0	49.0	66.0	81.0	84.0	65.0	82.0	26.0	生活不安は少し和らぐが、計算資源不安で将来像が硬直
21	SAU	サウジアラビア	Saudi Arabia	中東	圧力上昇	価格安定を優先し調整継続	OPEC+で増産は小幅、航路警戒と対話維持	歳入安定で改革投資と治安を守る	増産は値崩れ、強硬は報復で不安定化	57.0	49.0	61.0	45.0	64.0	52.0	66.0	36.0	燃料高の急騰は一服。だが将来賃金不安が残り慎重化
21	EU	欧州連合	European Union	欧州	圧力上昇	規制維持と景気てこ入れ	対日へAI透明性と供給網分散の協調提案	規制と成長を両立し家計負担を抑える	加盟国間で景気対策と対露姿勢が割れる	47.0	36.0	62.0	61.0	73.0	54.0	69.0	41.0	生活費不安は一息。ただ就職とAI適応負担で将来像は揺れる
22	USA	アメリカ	United States	北米	圧力上昇	同盟結束とAI基盤確保	対日へ防衛分担とAI規制同調を再要求	ケア支援と雇用を守りつつ対外抑止	ケア財源と軍事・AI投資が衝突	72.0	54.0	81.0	92.0	88.0	73.0	83.0	21.0	介護×AIの将来像が割れ、負担増と職の不安が同時に強まる
22	CHN	中国	China	東アジア	境界的圧力	雇用不安を抑え対外圧を調整	対日重要部材を許認可で揺さぶりつつ抑制	AI化でも雇用と生活を守り秩序を維持	景気鈍化で強硬は失業と不満を招く	81.0	54.0	90.0	88.0	72.0	82.0	85.0	26.0	介護ロボ普及でも将来賃金不安が強まり分断感
22	JPN	日本	Japan	東アジア	圧力上昇	ケア投資を成長と安定で正当化	同盟協調で部材確保、対外発信を強化	介護の質と賃金を両立、負担は平準化	恒久財源難。賃上げと増税回避が衝突	60.0	40.0	82.0	56.0	97.0	63.0	87.0	12.0	ケア職評価は希望も生むが負担増懸念で将来不安が再燃
22	TWN	台湾	Taiwan	東アジア	境界的圧力	抑止維持と産業稼働を優先	対外安全協力を継続し供給保証を調整	緊張下でも雇用と生活を守る	電力・保険・人件費が増産を圧迫	66.0	49.0	61.0	58.0	74.0	69.0	65.0	38.0	ケア自動化論争が雇用不安と将来像の分断を増幅
22	KOR	韓国	South Korea	東アジア	圧力上昇	半導体競争と社会安定を優先	日米とAI半導体枠を固め、北朝鮮抑止も協調	ケアロボ投資で負担軽減、雇用転換も支援	若者雇用と介護費の圧力で政治コスト高	63.0	44.0	74.0	60.0	72.0	57.0	80.0	27.0	介護の自動化論が波及し、若者は職と将来像が揺れる
22	PRK	北朝鮮	North Korea	東アジア	境界的圧力	示威を小出しに抑止維持	発射準備の誇示と通信攪乱を示唆	抑止力で体制と生活を守る	燃料・外貨難で実射は抑制	85.0	34.0	74.0	62.0	64.0	67.0	86.0	32.0	安保不安が強まり、ケア報酬論争もSNSで悲観化しやすい
22	RUS	ロシア	Russia	ユーラシア	間接衝突	資源・情報で対外圧力を調整	資源輸出を微調整し制裁回避網を拡張	福祉の効率化と雇用維持を両立と説明	戦費と部品不足で社会投資が圧迫	80.0	66.0	72.0	86.0	79.0	74.0	82.0	26.0	ケア自動化の不安が増幅し、将来設計が硬直化
22	UKR	ウクライナ	Ukraine	欧州	限定戦争	支援維持を優先し継戦	EU・G7へ防空弾薬と財政支援を再要請	前線維持とインフラ防護を最優先に進める	動員疲労と資金不足、支援国の世論が不安	83.0	49.0	73.0	63.0	88.0	62.0	78.0	32.0	社会保障論争で支援が揺れる懸念が増え、将来不安が再燃
22	IRN	イラン	Iran	中東	境界的圧力	生活不満抑えつつ対外強硬	停戦枠組み維持を演出し制裁緩和探る	生活を守り外圧に屈しないと強調	財政難と不満増で譲歩も強硬も痛い	62.0	60.0	76.0	66.0	90.0	72.0	80.0	18.0	燃料高と不確実性が残り、将来設計が保守化する
22	ISR	イスラエル	Israel	中東	間接衝突	抑止優先、技術確保を加速	停戦枠を維持しつつ輸出管理と対サイバー強化	治安最優先、生活支援は重点配分で守る	戦費と分断で福祉投資が薄く人材流出懸念	64.0	52.0	68.0	83.0	86.0	67.0	84.0	24.0	ケア領域の自動化競争が不安を刺激し、将来像が硬くなる
22	SAU	サウジアラビア	Saudi Arabia	中東	圧力上昇	価格安定と対話を維持	OPEC+で小幅調整、航路警戒と仲介継続	歳入を守り改革投資と治安を両立	増産は値崩れ、強硬は報復で不安定化	59.0	52.0	64.0	46.0	66.0	53.0	69.0	34.0	燃料負担は中程度でも、ケア職の将来不安が増幅し慎重化
22	EU	欧州連合	European Union	欧州	圧力上昇	ケアAI規制と産業支援	対日へケアAI基準と相互認証を提案	ケア負担を技術で軽減し雇用も守る	加盟国で福祉財源と移民論が割れる	46.0	34.0	66.0	63.0	74.0	55.0	71.0	40.0	介護×AIが現実化。仕事観は揺れつつも道は増える
23	USA	アメリカ	United States	北米	境界的圧力	安全規制主導で同盟を統制	対日へAI安全規制同調と供給審査を要求	事故再発防止と競争力維持を両立	規制強化で産業反発、選挙と財政が重い	78.0	57.0	86.0	95.0	90.0	76.0	88.0	18.0	規制と職変化が同時に来て、挑戦より防衛の気分が強まる
23	CHN	中国	China	東アジア	境界的圧力	事故規制を梃子に対外圧維持	対日重要素材を許認可で遅延、交渉で緩和示唆	安全事故防止と雇用維持を同時に進める	景気鈍化で強硬継続は失業不満を増幅	84.0	56.0	92.0	91.0	74.0	86.0	88.0	23.0	AI規制と部材遅延で学習・就職の見通しが曇り焦燥が増す
23	JPN	日本	Japan	東アジア	圧力上昇	安全と成長の両立優先	規制協調と半導体確保で同盟調整	事故対応と産業競争力を同時に守る	規制で投資減懸念。恒久財源が薄い	61.0	43.0	84.0	60.0	96.0	66.0	90.0	10.0	AI不信と就職不安が増幅。挑戦意欲は冷えやすいが支援設計で緩和余地
23	TWN	台湾	Taiwan	東アジア	境界的圧力	安全準拠で供給信頼を維持	同盟と安全基準整合、供給契約を再設計	規制強化下でも雇用と産業稼働を守る	保険・監査費増で投資と人材確保が逼迫	64.0	51.0	63.0	66.0	76.0	71.0	69.0	36.0	AI不信と規制で進路不安が増幅、ただ供給説明で最悪は回避
23	KOR	韓国	South Korea	東アジア	圧力上昇	規制順守と供給網防衛	日米と安全基準整合、半導体輸出管理も調整	事故再発防止と産業競争力を両立する	若者不安と対北抑止で妥協余地が小さい	64.0	46.0	78.0	66.0	74.0	60.0	84.0	25.0	規制強化で採用が鈍り、将来像がさらに不透明化
23	PRK	北朝鮮	North Korea	東アジア	間接衝突	示威と攪乱で抑止誇示	短距離発射示唆とサイバー攪乱を強化	外圧に屈せず安全と体制を守る	燃料・外貨難で実射頻度は抑制	88.0	36.0	77.0	64.0	66.0	69.0	89.0	30.0	安保不安とAI規制論が重なり将来像が曇る
23	RUS	ロシア	Russia	ユーラシア	間接衝突	資源と情報で圧力維持	資源価格を揺らし制裁回避網を更新	AI規制は安全確保で産業も守る	戦費と規制で技術獲得が細る	82.0	70.0	74.0	88.0	80.0	76.0	84.0	24.0	AI規制と不足報道で将来が霞み、慎重化が進む
23	UKR	ウクライナ	Ukraine	欧州	限定戦争	支援確保を最優先で継戦	G7へ防空・財政支援とAI軍民規制の整合要請	規制順守で支援を維持し前線と電力を守る	支援国がAI規制で内向き化、資金と弾薬が細る	84.0	52.0	75.0	68.0	90.0	64.0	80.0	30.0	安全保障とAI規制の同時不安で、将来像が曇り就職観が硬化
23	IRN	イラン	Iran	中東	境界的圧力	停戦維持演出と対外圧力継続	事故便乗で技術輸出規制を批判し交渉	外圧と危険技術から国民を守る	制裁と財政難で譲歩余地が薄い	64.0	62.0	78.0	70.0	92.0	74.0	83.0	16.0	燃料高とAI規制で不確実性が増し挑戦を控える
23	ISR	イスラエル	Israel	中東	間接衝突	安全優先でAI規制主導	同盟と連携しAI規制・輸出管理を強化	AI事故を受け安全最優先、競争力も守る	治安と政権正統性が最優先で産業負担増	66.0	54.0	70.0	86.0	88.0	69.0	86.0	23.0	規制と輸出管理で計算資源不安が増幅し、若者の将来像が縮む
23	SAU	サウジアラビア	Saudi Arabia	中東	圧力上昇	価格防衛と対外調停	OPEC+慎重運用、AI規制協調と投資誘致	歳入確保で改革継続、AIは安全最優先	値崩れ回避と治安費、AI投資が綱引き	60.0	54.0	66.0	48.0	65.0	55.0	71.0	33.0	物価不安とAI規制報道で就職観が硬化、挑戦回避が増える
23	EU	欧州連合	European Union	欧州	圧力上昇	事故受け規制と競争両立	対日へ安全評価・監査の共通枠提案	安全確保と産業競争力を同時に守る	加盟国間で規制強度と責任分担が割れる	44.0	33.0	69.0	66.0	76.0	57.0	78.0	38.0	安全事故報道で不安増。だが共通基準で進路は見えやすい
24	USA	アメリカ	United States	北米	境界的圧力	同盟束ねつつAI統制を強化	対日へAI安全基準同調と計算資源の審査強化	雇用不安と安全事故を抑えつつ競争力を守る	産業反発と分断、選挙前で妥協余地が小さい	80.0	58.0	88.0	96.0	91.0	78.0	90.0	16.0	挑戦より防衛の気分が強まり、進路選択が保守化する
24	CHN	中国	China	東アジア	境界的圧力	許認可圧と対話を併用	対日素材を許認可で調整、緩和条件提示	雇用安定と安全管理で競争力を守る	景気鈍化で強硬長期化は失業不満が怖い	82.0	58.0	90.0	88.0	70.0	84.0	86.0	26.0	部材・計算資源の先行き不透明で就活と学習が揺れ焦燥が増す
24	JPN	日本	Japan	東アジア	圧力上昇	分配と成長の再設計で安定優先	同盟協調で抑止維持、資源調達分散	雇用・住居・ケア不安へ重点支援を提示	恒久財源薄く世代間配分が政治争点化	63.0	49.0	82.0	58.0	97.0	64.0	91.0	9.0	将来不安が固定化しやすい。支援が見えないと挑戦回避が加速
24	TWN	台湾	Taiwan	東アジア	境界的圧力	供給信頼と抑止の同時運用	監査合格品の出荷枠維持、同盟演習連携	雇用と生活を守りつつ抑止力を強化	若者不安と費用増で政治合意が割れやすい	66.0	53.0	66.0	68.0	78.0	73.0	71.0	34.0	就職・物価・戦争連想が重なり将来像が縮むが供給説明で暴落は回避
24	KOR	韓国	South Korea	東アジア	圧力上昇	技術主権優先で同盟順守	日米と輸出管理整合、対北抑止を強化	雇用不安に対処しつつ安保を崩さない	若者支援と防衛費、産業補助が競合	63.0	50.0	80.0	67.0	76.0	62.0	85.0	24.0	雇用と規制の不透明さが残り、将来像が描きにくい
24	PRK	北朝鮮	North Korea	東アジア	間接衝突	示威継続で体制優先	発射準備を誇示しつつサイバー攪乱を継続	敵対勢力の脅威に備え団結し耐える	外貨・燃料難で実射と長期戦は抑制	90.0	38.0	79.0	66.0	67.0	70.0	90.0	29.0	不安常態化で将来設計が縮み、政治争点化が進む
24	RUS	ロシア	Russia	ユーラシア	間接衝突	資源と情報で持久	資源輸出を調整し制裁回避網を強化	長期戦でも生活と産業を守る	戦費で技術投資が細り不満が増える	83.0	73.0	77.0	89.0	81.0	78.0	86.0	23.0	雇用・住居不安報道が重なり将来像が縮み、慎重化が強まる
24	UKR	ウクライナ	Ukraine	欧州	限定戦争	支援継続を条件整備で確保	EU・G7へ復興枠と防空継続を要請	復興と動員の両立で生活崩れを抑える	人的損耗と財政逼迫で改革が進みにくい	83.0	54.0	78.0	69.0	91.0	66.0	82.0	29.0	紛争長期化とAI雇用不安が重なり、将来設計が保守化しやすい
24	IRN	イラン	Iran	中東	境界的圧力	停戦演出と対外交渉継続	停戦順守を主張し制裁緩和を再要求	生活不安は外圧の結果、耐える	財政難と不満で強硬姿勢が必要	66.0	68.0	80.0	72.0	93.0	76.0	86.0	15.0	燃料高と雇用不安が重なり将来像が縮む
24	ISR	イスラエル	Israel	中東	間接衝突	安全優先で輸出管理維持	同盟連携で輸出管理・対サイバーを強化	治安と抑止を優先し危機管理を徹底	戦時負担で財政逼迫、産業も疲弊	64.0	57.0	73.0	88.0	86.0	72.0	84.0	24.0	計算資源不安と雇用不透明が重なり、将来設計が細る
24	SAU	サウジアラビア	Saudi Arabia	中東	圧力上昇	価格安定と投資呼び込み	OPEC+慎重運用、対話窓口で緊張管理	歳入を守り改革と雇用創出を継続	治安費と若年雇用、AI投資が同時負担	61.0	57.0	68.0	49.0	66.0	56.0	73.0	32.0	物価と雇用不安が重なり将来像が縮むが、実需が強い分野へ志向が寄る
24	EU	欧州連合	European Union	欧州	圧力上昇	雇用不安抑制と規制強化	対日へAI監査・労働移行支援の連携提案	雇用と安全を守り公正な移行を進める	加盟国で負担配分が割れ景気に弱い	46.0	38.0	74.0	61.0	71.0	55.0	80.0	36.0	転職不安と制度論争が増幅。基準明確化は安心材料
25	USA	アメリカ	United States	北米	境界的圧力	同盟連携でAI採用基準を標準化	対日へ採用AI監査・説明責任の同調要求	若者雇用の信頼回復へ透明性と競争力	産業界の抵抗と選挙前の分断で強硬寄り	78.0	56.0	90.0	97.0	89.0	76.0	92.0	15.0	基準追随で進路が規格寄りに。挑戦より安定を選ぶ
25	CHN	中国	China	東アジア	境界的圧力	輸出管理を梃子に対話圧迫	対日AI部材の許認可を厳格化、例外枠で交渉	雇用と安全を守るため管理を強化する	景気鈍化で強硬長期化は失業不満が増える	84.0	56.0	92.0	90.0	72.0	86.0	88.0	24.0	採用基準の不透明感が増え、学習投資と就活が迷走し焦燥が拡大
25	JPN	日本	Japan	東アジア	圧力上昇	採用透明化で不安抑制	同盟先とAI人材基準・供給網を協議	採用基準の透明化と再訓練で機会確保	恒久財源不足で制度実装が遅れがち	62.0	50.0	86.0	60.0	97.0	65.0	94.0	8.0	基準が見えないと焦燥が増幅。透明化が出れば挑戦が戻る
25	TWN	台湾	Taiwan	東アジア	境界的圧力	供給信頼と人材不安の抑制	対日供給枠を固定し監査情報を共有	雇用の見通しを示し供給信頼を守る	透明性要求が政治対立とコストを増やす	67.0	54.0	69.0	70.0	80.0	74.0	75.0	33.0	学ぶ軸の不明瞭さが不安を増幅、半導体説明で最悪像は抑制
25	KOR	韓国	South Korea	東アジア	圧力上昇	採用透明化で不安抑制	AI採用基準の指針化、日米欧と整合	公正採用で若者不安と産業転換を両立	企業反発と景気鈍化、補助金余力が制約	62.0	52.0	78.0	66.0	74.0	60.0	88.0	23.0	基準論争が波及し不安増。透明化競争で進路設計が難化
25	PRK	北朝鮮	North Korea	東アジア	間接衝突	示威と交渉で体制維持	発射準備を誇示しつつ制裁緩和を揺さぶる	敵対の脅威下でも自力更生で耐える	外貨・燃料不足で実射は抑えたい	92.0	41.0	82.0	68.0	69.0	72.0	91.0	27.0	安保不安が採用不透明感と重なり、挑戦が萎む
25	RUS	ロシア	Russia	ユーラシア	間接衝突	資源と規制外経路で持久	資源輸出を小刻みに調整し制裁回避網強化	外圧下でも雇用と生活を守り抜く	戦費優先で技術・若者投資が先細る	84.0	76.0	81.0	90.0	83.0	79.0	88.0	21.0	学ぶ指針不明と不安報道が重なり挑戦回避が強まる
25	UKR	ウクライナ	Ukraine	欧州	限定戦争	支援の見える化を優先	EU・G7へ防空と復興枠の長期確約要請	支援獲得と動員調整で生活崩れを抑える	人的損耗と財政逼迫で改革が遅れる	84.0	56.0	80.0	70.0	92.0	67.0	83.0	28.0	戦争長期化にAI採用不透明が重なり、学習投資が迷いやすい
25	IRN	イラン	Iran	中東	境界的圧力	停戦維持を演出し対外圧力を取引	停戦順守を誇示し制裁緩和と原油輸出枠を交渉	外圧下でも生活と雇用を守る、耐えて勝つ	財政難と不満で強硬演出が必要、譲歩は限定	67.0	72.0	83.0	74.0	94.0	78.0	88.0	14.0	燃料高と採用不透明不安が重なり将来設計が萎む
25	ISR	イスラエル	Israel	中東	間接衝突	安全と技術優位を堅持	同盟連携でサイバー防衛と輸出管理強化	治安と経済を両立し技術優位を守る	戦時負担と政権正統性維持で余力が薄い	66.0	58.0	77.0	90.0	88.0	74.0	87.0	22.0	採用基準の不透明感が増し、学び直し疲れと不安が拡大
25	SAU	サウジアラビア	Saudi Arabia	中東	圧力上昇	価格安定と改革継続を優先	OPEC+調整と対話で緊張再燃を抑制	歳入確保で雇用と改革投資を守る	治安費と若年雇用、AI投資が競合	63.0	58.0	72.0	50.0	65.0	57.0	76.0	31.0	学ぶ指針不明が不安を増幅、安定志向が強まる
25	EU	欧州連合	European Union	欧州	圧力上昇	透明基準と雇用移行重視	対日へAI採用説明義務の相互整合を提案	公正な採用と職業移行で若者不安を抑える	加盟国で規制強度と負担が割れやすい	44.0	36.0	78.0	62.0	72.0	56.0	83.0	34.0	基準公開は指針になるが競争激化で不安が続く
26	USA	アメリカ	United States	北米	境界的圧力	同盟負担とAI統制を強要	対日へ防衛・供給網・AI監査の同調要求	雇用と安全を守るため同盟で主導する	選挙前の分断で強硬寄り、産業抵抗も重い	81.0	58.0	88.0	96.0	90.0	78.0	93.0	13.0	地方の将来不安が増幅。安定志向で挑戦が萎む
26	CHN	中国	China	東アジア	境界的圧力	管理継続、取引で緩和	対日AI部材を許認可制、限定緩和枠提示	雇用と安全確保へ精密管理を続ける	景気鈍化で強硬固定は失業不満が増える	82.0	55.0	90.0	88.0	74.0	85.0	89.0	22.0	地方の進路不安に供給制約が重なり、移動と就活の焦燥が増幅
26	JPN	日本	Japan	東アジア	圧力上昇	地方雇用・住宅の目詰まり緩和	同盟先と半導体・人材供給網を点検	地方の職と住まいを同時に支える	恒久財源が弱く速度が出ない	63.0	52.0	88.0	61.0	98.0	67.0	95.0	7.0	地元に未来が見えず焦燥が増幅。移動か離脱の二択感が強まる
26	TWN	台湾	Taiwan	東アジア	境界的圧力	供給安定と人材流出抑止	対日供給枠維持と人材交流枠を拡大	雇用と住宅支援で若者定着を図る	防衛優先で生活支援の財源が逼迫	68.0	56.0	72.0	71.0	82.0	76.0	77.0	32.0	供給不安が学科・就職選択を揺らし、地方不安も増幅
26	KOR	韓国	South Korea	東アジア	圧力上昇	若者流出抑制と技術防衛	日米と半導体供給協調、移民枠調整	地域雇用と住宅支援で流出を抑える	住宅供給と財源が遅れ成果が見えにくい	63.0	54.0	81.0	67.0	76.0	62.0	90.0	22.0	流出競争が加速し焦燥感増。進路は都市集中へ傾く
26	PRK	北朝鮮	North Korea	東アジア	間接衝突	示威継続で譲歩を引き出す	短距離弾訓練を誇示し対話窓口も維持	外圧下でも軍備で体制と生活を守る	燃料・外貨不足で長期緊張は苦しい	93.0	43.0	84.0	69.0	70.0	73.0	92.0	26.0	安保不安が地方の将来像を薄め、移動か諦めが強まる
26	RUS	ロシア	Russia	ユーラシア	間接衝突	資源と戦時経済で持久	資源輸出を調整し制裁回避網を拡大	長期戦でも雇用と物価を守る	戦費優先で投資不足と不満増	86.0	78.0	83.0	92.0	84.0	81.0	89.0	19.0	物価高と雇用不安で地方流出が加速し将来像が曇る
26	UKR	ウクライナ	Ukraine	欧州	限定戦争	継戦と復興財源の死守	EU・G7へ防空弾薬と復興資金の前倒し要請	動員負担を調整し生活基盤を維持する	人的枯渇と汚職対策要求で支援条件が重い	85.0	57.0	82.0	71.0	93.0	68.0	84.0	27.0	戦争の長期化が雇用不安を増幅し、地方→都市の焦燥が強まる
26	IRN	イラン	Iran	中東	境界的圧力	停戦管理で取引余地を確保	停戦枠組み維持を示し制裁緩和と輸出枠を迫る	外圧下でも生活防衛、抵抗で安定を守る	不満抑えに強硬演出が要る、譲歩は小さい	69.0	75.0	86.0	76.0	95.0	80.0	90.0	12.0	燃料高と採用不透明が地方流出圧と重なり将来像が曇る
26	ISR	イスラエル	Israel	中東	間接衝突	治安優先で技術供給を絞る	同盟と輸出管理を強化し供給先を選別	安全確保と産業防衛が最優先だ	戦時負担で財政と世論の耐久が限界	68.0	61.0	79.0	92.0	89.0	76.0	88.0	21.0	都市集中の誘惑と不安が同時に増え、将来設計が短期化する
26	SAU	サウジアラビア	Saudi Arabia	中東	圧力上昇	価格安定と体制改革を維持	OPEC+調整と紅海・湾岸の護衛連携	歳入安定で雇用と生活支援を守る	治安費・若者雇用・AI投資が綱引き	64.0	61.0	74.0	52.0	66.0	58.0	78.0	29.0	物価不安が都市志向を強め、地方の将来像が薄れやすい
26	EU	欧州連合	European Union	欧州	圧力上昇	人材確保で対外基準を強化	対日へAI雇用・学習データ透明基準を要請	公正競争と人材育成で成長と雇用を守る	加盟国間で規制負担と景気優先が割れる	46.0	38.0	82.0	64.0	74.0	58.0	86.0	32.0	地方→都市の競争圧が強まり将来像が揺れやすい
27	USA	アメリカ	United States	北米	境界的圧力	同盟負担とAI統制を優先	対日へ防衛増・AI監査・輸出管理の同調要求	雇用と安全を守るため同盟で主導する	選挙前の分断と産業抵抗で譲歩しにくい	79.0	56.0	86.0	95.0	88.0	76.0	92.0	18.0	地域の再教育競争が格差不安を可視化。進路の安全志向が強まる
27	CHN	中国	China	東アジア	境界的圧力	管理継続、選別緩和で取引	対日AI部材を許認可運用、緩和枠を条件提示	雇用安定と安全確保へ精密管理を継続	景気鈍化で強硬固定は失業不満が跳ねる	83.0	56.0	91.0	89.0	75.0	86.0	90.0	21.0	再教育予算の地域差が可視化し、進路格差感と焦燥が増幅
27	JPN	日本	Japan	東アジア	圧力上昇	地域格差の火消し優先	人材・半導体の同盟枠を拡充し不足補完	再教育の機会を全国で底上げする	恒久財源が乏しく自治体差を埋めにくい	62.0	53.0	90.0	60.0	97.0	66.0	96.0	6.0	住む場所で将来が決まる感覚が増し焦りが強まる
27	TWN	台湾	Taiwan	東アジア	境界的圧力	供給安定と人材囲い込み	対日供給枠を明確化し共同再教育を提案	雇用維持と安全保障を同時に進める	防衛費と若者支援が財源を奪い合う	70.0	58.0	74.0	73.0	84.0	78.0	80.0	30.0	地域の再教育格差が可視化し、理系志向と不安が同時に強まる
27	KOR	韓国	South Korea	東アジア	圧力上昇	再教育主導で雇用不安抑制	日米と人材・半導体枠組み強化、再教育連携	地域別支援を増やし若者の不安と流出を抑える	地域格差と住宅費が残り成果が遅い	64.0	56.0	84.0	69.0	78.0	63.0	92.0	20.0	再教育競争が可視化し比較不安増。進路は安定志向へ傾く
27	PRK	北朝鮮	North Korea	東アジア	間接衝突	示威と交渉窓口の併用	発射準備の誇示と対話条件を提示	外圧に屈せず抑止で体制を守る	燃料・外貨難で長期緊張は負担	94.0	44.0	86.0	70.0	71.0	74.0	93.0	25.0	安保不安と再教育格差が結びつき将来像が縮む
27	RUS	ロシア	Russia	ユーラシア	間接衝突	戦時経済の持久を優先	資源輸出を微調整し制裁回避を強化	長期化でも雇用と軍需生産を守る	戦費と統制で民生投資が先細る	85.0	76.0	82.0	91.0	83.0	79.0	90.0	24.0	再教育競争で地域差が可視化し不安増、伸びる地域は希望も残る
27	UKR	ウクライナ	Ukraine	欧州	限定戦争	継戦と復興線を維持	EU・G7へ弾薬/防空と復興基金の継続要請	厳しいが生活基盤を守り持久で勝つ	人的枯渇と支援条件の厳格化が痛い	86.0	58.0	80.0	72.0	92.0	67.0	83.0	26.0	再教育競争の地域差が露呈し、若者は将来不安と焦りが増す
27	IRN	イラン	Iran	中東	境界的圧力	停戦維持と制裁緩和を優先	停戦順守を示しつつ輸出枠と金融緩和を要求	対外圧力下でも生活防衛と主権を守る	不満抑えに強硬姿勢が必要、譲歩幅は小	68.0	77.0	82.0	74.0	92.0	78.0	88.0	15.0	燃料高と物価不安が再教育競争の地域差を刺激し将来像が曇る
27	ISR	イスラエル	Israel	中東	間接衝突	安全保障優先で供給選別継続	対外調達分散と輸出審査を厳格化	長期戦に備え治安と技術優位を守る	戦費と分断で財政・兵站・世論が摩耗	66.0	58.0	77.0	90.0	86.0	74.0	85.0	24.0	再教育競争の地域差が不安を増幅、安定志向と短期化が進む
27	SAU	サウジアラビア	Saudi Arabia	中東	圧力上昇	価格安定と対外調整を優先	OPEC+微調整と紅海輸送の護衛連携強化	歳入を確保し雇用と生活支援を継続	治安費と改革投資で価格下げ余地は小さい	63.0	59.0	76.0	52.0	67.0	60.0	80.0	27.0	地域再教育の差が可視化し、都市集中と焦燥が強まる
27	EU	欧州連合	European Union	欧州	圧力上昇	規制調和と人材確保を優先	対日にAI雇用指標・再教育の共同枠組み提案	公正な移行で雇用と競争力を守る	加盟国で景気優先と規制強化が対立	44.0	36.0	78.0	60.0	72.0	55.0	84.0	34.0	自治体間の支援格差が可視化し将来像が揺れる
28	USA	アメリカ	United States	北米	境界的圧力	同盟負担とAI規律を強化	対日へ防衛増・監査枠組み・供給網同調	雇用と安全を守るため同盟主導を継続	分断と産業ロビーで譲歩余地が狭い	82.0	58.0	88.0	96.0	90.0	78.0	93.0	16.0	介護離職不安に外圧が重なり、進路が安定志向へ偏る
28	CHN	中国	China	東アジア	境界的圧力	選別圧力で対日梃子確保	対日部材・計算資源を許認可で絞緩運用	安全と雇用を守るため外部依存を管理	景気鈍化で強硬一辺倒は失業不満を誘発	84.0	57.0	93.0	90.0	77.0	87.0	92.0	19.0	介護離職不安に外圧が重なり、将来の手応えが薄れる
28	JPN	日本	Japan	東アジア	境界的圧力	ケア危機の沈静化優先	人材受入拡大と医療DX共同枠を確保	現場支援と家族負担軽減を急ぐ	恒久財源不足で防衛・物価対策と競合	63.0	54.0	92.0	61.0	99.0	67.0	97.0	5.0	介護離職の連想で将来設計が崩れ、焦りが強まる
28	TWN	台湾	Taiwan	東アジア	境界的圧力	供給確保と抑止連携	対日供給枠を再確認し共同備蓄を協議	危機管理と産業維持を優先し雇用守る	防衛・人材・電力投資が財政を圧迫	72.0	60.0	76.0	75.0	82.0	79.0	83.0	28.0	介護離職不安と供給不透明が重なり、将来設計が短期化する
28	KOR	韓国	South Korea	東アジア	圧力上昇	介護離職抑制と同盟維持	日米と医療人材・AI導入協力、半導体供給も調整	医療介護の崩れを止め、家計負担と治安不安を抑える	賃上げと財政、若者雇用対策が三つ巴	63.0	57.0	86.0	71.0	82.0	64.0	93.0	19.0	介護負担と雇用不安が連鎖し、将来設計が短期化・慎重化
28	PRK	北朝鮮	North Korea	東アジア	間接衝突	示威維持、対話余地も残す	短距離発射訓練を誇示し制裁緩和要求	抑止で国家と生活を守ると強調	燃料・外貨難で緊張長期化は重荷	93.0	41.0	88.0	72.0	73.0	75.0	94.0	22.0	安保不安が介護離職不安と重なり、将来設計が縮む
28	RUS	ロシア	Russia	ユーラシア	間接衝突	資源と情報で揺さぶる	資源輸出を機動調整、制裁回避網を拡張	長期戦でも雇用と秩序を守る	戦費優先で民生投資が削れる	86.0	79.0	84.0	92.0	86.0	80.0	91.0	22.0	介護離職不安に物価高が重なり、将来像が縮む
28	UKR	ウクライナ	Ukraine	欧州	限定戦争	継戦維持と支援確保を優先	EU・G7へ防空/弾薬と復興資金を再要請	犠牲は続くが国家機能と生活を守る	兵員不足と支援疲れ、条件厳格化が重い	84.0	57.0	81.0	73.0	90.0	66.0	82.0	27.0	介護離職不安と重なり、若者は将来設計が固まりにくい
28	IRN	イラン	Iran	中東	境界的圧力	停戦維持で制裁緩和探る	停戦順守を誇示し輸出・決済の緩和要求	主権を守りつつ生活コストを抑える	強硬姿勢で不満抑え、譲歩余地は小	70.0	79.0	86.0	73.0	94.0	80.0	90.0	13.0	介護離職不安に燃料高が重なり、若者の将来設計が縮む
28	ISR	イスラエル	Israel	中東	間接衝突	安全保障優先、技術輸出は選別	防衛協力拡大と先端品の輸出審査強化	脅威抑止と生活安定を両立する	戦費と分断で財政・予備役の負担増	64.0	57.0	80.0	92.0	88.0	76.0	87.0	20.0	介護離職不安に加え先端品不足で将来設計が短期化
28	SAU	サウジアラビア	Saudi Arabia	中東	圧力上昇	価格維持と輸送安全を優先	OPEC+は微調整、紅海航路の護衛連携	歳入を確保し雇用と生活補助を守る	治安費と改革投資で増産余地が小さい	64.0	63.0	79.0	53.0	70.0	62.0	82.0	25.0	医療介護不安に物価が重なり将来像が曇る
28	EU	欧州連合	European Union	欧州	圧力上昇	ケア危機を労働政策に統合	対日へ介護AI・技能移行の共同基金提案	ケア崩壊を防ぎ成長と公正を両立	移民・財政・規制で加盟国合意が難しい	45.0	38.0	82.0	58.0	74.0	56.0	86.0	33.0	介護離職不安が将来像を曇らせ、再教育支援の差が刺さる
29	USA	アメリカ	United States	北米	境界的圧力	同盟のAI基盤を囲い込む	対日へ計算資源枠・監査強化と立地迅速化要求	雇用と安全保障のためAI基盤投資を優先	電力水の反発と選挙で譲歩が難しい	80.0	63.0	86.0	95.0	88.0	76.0	91.0	14.0	進路は安定志向へ。挑戦より確実性を選びやすい
29	CHN	中国	China	東アジア	境界的圧力	資源・計算を梃子に対日牽制	重要部材と計算資源を許認可で絞緩運用	雇用と安全のため資源配分を最適化	景気と失業不満で急激な締付けは困難	86.0	58.0	95.0	92.0	78.0	89.0	93.0	17.0	電力・雇用不安に外圧が重なり将来像が曇る
29	JPN	日本	Japan	東アジア	圧力上昇	AI投資と生活防衛の両立	電力・半導体調達を同盟圏で再編	立地調整と負担軽減で成長と安心を両立	反発と財源難で配分が限界	64.0	62.0	78.0	58.0	92.0	66.0	88.0	14.0	地元対立と物価不安で、将来の見通しが短期化する
29	TWN	台湾	Taiwan	東アジア	境界的圧力	インフラ摩擦を抑え抑止維持	対日供給枠を堅持し電力・水の共同対策協議	AI投資は雇用創出、環境負荷は管理する	電力水の制約で増設が遅れ政治対立も怖い	74.0	67.0	78.0	79.0	85.0	81.0	86.0	26.0	計算資源と電力不安が就職観を硬直化し挑戦が減る
29	KOR	韓国	South Korea	東アジア	圧力上昇	半導体・電力・同盟の同時管理	日米と計算資源枠を調整し素材供給も優先配分	AI投資は進めつつ電力・水負担と雇用不安を抑える	電力料金と地域反発、若者雇用が政権の弱点	61.0	59.0	78.0	76.0	74.0	66.0	88.0	18.0	計算資源逼迫と雇用不安が増し、将来設計が縮こまりやすい
29	PRK	北朝鮮	North Korea	東アジア	間接衝突	示威継続、交渉余地は温存	短距離発射準備を示し制裁緩和を要求	敵対環境下でも体制防衛で生活守る	外貨・燃料難で挑発の連続は負担	92.0	43.0	86.0	74.0	72.0	73.0	95.0	21.0	安保不安にAI投資摩擦が重なり、将来像が縮む
29	RUS	ロシア	Russia	ユーラシア	間接衝突	資源と情報で圧力維持	資源供給を調整し分断論調を拡散	制裁下でも秩序と雇用を守る	戦費優先で投資不足が続く	88.0	83.0	82.0	94.0	87.0	81.0	93.0	20.0	AI成長期待が立地摩擦で揺れ、将来設計が縮む
29	UKR	ウクライナ	Ukraine	欧州	限定戦争	継戦と復興枠を死守	G7へ防空・弾薬と復興資金を上積み要請	戦時統治を維持し生活線を守る	支援疲れと兵員不足、条件厳格化が痛い	85.0	58.0	79.0	74.0	89.0	67.0	83.0	26.0	インフラ摩擦の報道と重なり、若者は仕事と生活の見通しが揺れる
29	IRN	イラン	Iran	中東	境界的圧力	停戦維持で制裁緩和狙う	停戦順守を誇示し原油輸出・決済緩和を要求	生活費を抑えつつ主権と抑止を守る	強硬派と不満の板挟み、譲歩余地が小	72.0	83.0	78.0	76.0	92.0	82.0	88.0	14.0	燃料高とAI投資摩擦で負担感が増え、将来設計が守りに寄る
29	ISR	イスラエル	Israel	中東	間接衝突	安保優先、重要技術は囲い込み	サイバー防衛協力と輸出審査を強化	安全と成長のため重要技術を守る	戦費と分断で投資余力が細る	66.0	59.0	82.0	94.0	90.0	78.0	88.0	18.0	計算資源不足とインフラ摩擦報道で将来不安が増幅
29	SAU	サウジアラビア	Saudi Arabia	中東	圧力上昇	原油収益と体制安定を優先	OPEC+は小幅維持、アジア向け長期供給を強化	歳入を守り雇用・補助金と治安を維持する	改革投資と治安費で余力が限られ増産は慎重	63.0	61.0	76.0	54.0	69.0	60.0	80.0	26.0	物価と就職不安が重なり、AI投資期待も摩擦で揺れる
29	EU	欧州連合	European Union	欧州	圧力上昇	AIインフラは条件付き推進	電力・水基準を強化し対日協議	地域負担を抑え雇用と競争力を守る	加盟国間で電力価格と住民合意が割れる	46.0	44.0	79.0	62.0	72.0	57.0	84.0	34.0	計算資源不安と電力コストが将来設計を曇らせる
30	USA	アメリカ	United States	北米	境界的圧力	同盟負担とAI統制を加速	対日へ防衛即応・輸出管理順守を要求	同盟結束で抑止と雇用を守る	国内分断と電力制約で余力が細い	83.0	66.0	87.0	96.0	90.0	78.0	92.0	12.0	住居不安が固定化し、将来設計が萎縮。安定職志向が強まる
30	CHN	中国	China	東アジア	境界的圧力	資源許認可で対日牽制継続	部材・レアアース等の許認可を絞緩運用	雇用と安全保障のため資源配分を調整	景気減速で強硬策は国内不満を招く	88.0	60.0	96.0	93.0	81.0	91.0	94.0	15.0	住居不安に外圧が重なり将来設計が萎む
30	JPN	日本	Japan	東アジア	圧力上昇	住宅停滞下で負担抑制優先	同盟圏でLNG・電力燃料調達を再調整	住宅は見直すが物価・雇用の下支えは続ける	財源が枯渇し住宅支援の拡張ができない	63.0	60.0	82.0	56.0	94.0	67.0	90.0	12.0	住居不安が固定化し、将来設計が短期化・回避的になる
30	TWN	台湾	Taiwan	東アジア	境界的圧力	抑止維持と供給安定を優先	対米で海峡抑止訓練、対日優先枠維持	脅威に備えつつ産業と雇用を守る	電力水制約と政治分断で増産が詰まる	76.0	66.0	80.0	81.0	86.0	83.0	88.0	24.0	住居停滞に供給不安が重なり将来観が萎む
30	KOR	韓国	South Korea	東アジア	圧力上昇	同盟維持と半導体防衛	日米と輸出管理整合、電力・素材の優先配分	雇用と物価を守りつつ技術主権を確保する	電力コストと若者不満で政権余力が削れる	63.0	60.0	81.0	78.0	76.0	67.0	90.0	16.0	住宅停滞と雇用不安が重なり将来設計が萎む
30	PRK	北朝鮮	North Korea	東アジア	間接衝突	示威で譲歩誘発、対話窓は維持	発射訓練を誇示し制裁緩和を要求	外圧下でも抑止力で体制と生活守る	外貨・燃料難で長期示威は消耗	93.0	44.0	87.0	75.0	74.0	74.0	96.0	19.0	住まい不安に安保不安が上乗せされ、将来設計が細る
30	RUS	ロシア	Russia	ユーラシア	間接衝突	資源と情報で揺さぶる	供給調整と対日世論分断の発信を強める	戦時経済を維持し生活も守る	戦費優先で民生投資と技術が細る	90.0	85.0	84.0	92.0	90.0	82.0	94.0	18.0	住宅停滞が生活不安を固定化し、将来設計が保守化する
30	UKR	ウクライナ	Ukraine	欧州	限定戦争	継戦支援の維持を最優先	G7へ防空・弾薬と復興資金の確約要請	耐久戦に備え支援確保と統制を継続	支援疲れと兵員不足、条件厳格化が重い	84.0	57.0	80.0	73.0	90.0	66.0	85.0	24.0	住宅政策停滞と戦況報道が重なり、将来設計が縮む
30	IRN	イラン	Iran	中東	境界的圧力	停戦下でも抑止を誇示	原油輸出は維持、海上は示威で交渉圧力	譲歩せず生活を守る、外圧に屈しない	強硬派・制裁・財政難で妥協しにくい	74.0	86.0	79.0	75.0	93.0	83.0	90.0	12.0	燃料高と物価で生活が圧迫、住宅停滞と重なり将来を悲観しやすい
30	ISR	イスラエル	Israel	中東	間接衝突	安保優先、技術と情報を選別	サイバー協力は継続、重要技術の輸出審査を厳格化	安全保障と技術優位を守り、対外依存を抑える	戦費と国内分断で投資余力が縮み、外資も不安定	68.0	61.0	84.0	95.0	92.0	80.0	90.0	16.0	住宅政策停滞で生活不安が先行し、海外不安報道が将来感を暗くする
30	SAU	サウジアラビア	Saudi Arabia	中東	圧力上昇	価格安定と体制維持を優先	OPEC+は維持寄り、アジア長期供給を条件調整	歳入安定で雇用・補助金と治安を守る	増産は価格下落と治安費増で慎重	62.0	63.0	78.0	55.0	73.0	61.0	83.0	22.0	家賃不安が物価と重なり、将来設計が縮み悲観が増える
30	EU	欧州連合	European Union	欧州	圧力上昇	生活防衛を優先し規制維持	対日でAI基準整合と供給網協議	住宅停滞下でも物価と雇用を守る	財源不足で若者支援が削られやすい	50.0	46.0	82.0	64.0	76.0	58.0	87.0	32.0	雇用不安と生活費連想が増え、将来設計が保守化
31	USA	アメリカ	United States	北米	境界的圧力	同盟負担とAI覇権を優先	対日へ防衛増額・輸出管理・AI連携を要求	対中抑止と雇用防衛のため同盟を強化	分断と物価で政権余力が限界	85.0	64.0	89.0	97.0	91.0	79.0	93.0	10.0	初任給格差が可視化し、選別感と焦燥が増幅。安定志向と学習競争が強まる
31	CHN	中国	China	東アジア	境界的圧力	資源と標準で対日牽制	レアアース等の許認可を選別運用	雇用安定と安全保障のため調整	景気減速で過度強硬は逆風	86.0	58.0	94.0	92.0	79.0	90.0	95.0	16.0	選別圧と外圧が重なり、努力の報われ感が薄れる
31	JPN	日本	Japan	東アジア	圧力上昇	選別不安の沈静化優先	同盟と人材・計算資源の確保枠を拡張	賃金格差は是正し、学び直しを支援	財政硬直で厚い再分配は打ちにくい	62.0	58.0	88.0	54.0	95.0	66.0	93.0	10.0	初任給の差が将来像を分断し、焦りと回避が強まる
31	TWN	台湾	Taiwan	東アジア	境界的圧力	抑止継続と産業防衛	対米で抑止強化、対日へ供給優先枠を再確認	安全と雇用を守り賃金格差の不安を抑える	電力水・人材不足で増産余地が小さい	78.0	64.0	84.0	82.0	83.0	86.0	90.0	23.0	初任給二極化に供給不安が重なり不公平感と将来不安が増幅
31	KOR	韓国	South Korea	東アジア	圧力上昇	半導体防衛と雇用不安抑制	日米と輸出管理整合、計算資源枠を再配分	選別を緩和し雇用の入口を守る	電力高と世論で支援・防衛が綱引き	64.0	58.0	84.0	80.0	78.0	69.0	92.0	15.0	初任給格差報道が将来設計を萎ませ、学歴・技能競争が過熱
31	PRK	北朝鮮	North Korea	東アジア	間接衝突	示威で譲歩誘発、緊張管理	短距離発射示威と対話窓口の併用	抑止力強化で体制と生活を守る	外貨・燃料不足で長期緊張は不利	91.0	47.0	89.0	76.0	75.0	73.0	97.0	18.0	賃金二極化の焦りに安保不安が重なり挑戦意欲が萎む
31	RUS	ロシア	Russia	ユーラシア	間接衝突	資源収入で戦時継続	供給調整と制裁回避で価格を支え対日揺さぶり	長期戦でも雇用と物価を守る	戦費優先で技術・民生の劣化が進む	88.0	84.0	86.0	90.0	88.0	80.0	93.0	16.0	初任給二極化が不公平感を増幅し、学習投資競争と将来不安が強まる
31	UKR	ウクライナ	Ukraine	欧州	限定戦争	継戦と復興の二本立て	G7へ防空・弾薬と復興枠の前倒し要請	戦時統制を維持し生活インフラ優先	支援疲れと兵員不足、財源条件が重い	83.0	58.0	82.0	74.0	91.0	67.0	86.0	23.0	戦況不確実性と賃金二極化が重なり将来像が曇る
31	IRN	イラン	Iran	中東	境界的圧力	停戦下でも対外抑止を誇示	海上示威を抑えつつ交渉で制裁緩和探る	生活防衛を優先し外圧に屈しない	強硬派と財政難で譲歩が狭い	72.0	84.0	77.0	74.0	91.0	82.0	89.0	13.0	燃料高と物価不安が賃金二極化と結び将来像が割れやすい
31	ISR	イスラエル	Israel	中東	間接衝突	安保優先、技術供給は選別	同盟連携強化、輸出審査と防衛協力を拡大	脅威抑止と技術優位を守り経済も下支え	戦費と分断で投資余力が細り人材流出も懸念	70.0	62.0	86.0	94.0	88.0	78.0	91.0	17.0	初任給二極化が自己選別感を増幅。将来設計が縮む
31	SAU	サウジアラビア	Saudi Arabia	中東	圧力上昇	価格下支えと体制安定	OPEC+調整で急落回避、アジア向け条件維持	歳入確保で雇用・補助金と治安を守る	増産は価格崩れと治安費増の恐れで抑制	63.0	66.0	80.0	56.0	74.0	62.0	85.0	21.0	物価不安が賃金二極化と重なり将来設計が縮む
31	EU	欧州連合	European Union	欧州	圧力上昇	規制と雇用調整を両立	対日でAI人材・標準協力、職業訓練連携	格差拡大を抑えつつ競争力を守る	選挙と合意形成で再訓練財源が不安定	52.0	44.0	78.0	63.0	74.0	56.0	84.0	34.0	選別感が強まり不安増。技能投資志向は増えるが分断も残る
32	USA	アメリカ	United States	北米	境界的圧力	同盟負担とAI供給網を優先	対日へ防衛増・対中抑止協力と計算資源同盟を迫る	雇用と物価を守るため供給網と同盟を強化	分断と物価で政権の追加負担余地が小さい	83.0	63.0	92.0	96.0	90.0	78.0	94.0	12.0	ロボット化で低賃金職の将来不安が可視化。学習競争と選別感が強まり焦燥が増える
32	CHN	中国	China	東アジア	境界的圧力	許認可で対日圧力維持	重要鉱物・部材の許認可を選別強化	雇用安定と産業安全のため管理を強化	景気減速で長期対立は投資を冷やす	87.0	59.0	96.0	93.0	80.0	91.0	96.0	15.0	自動化不安に外圧が重なり将来の手応えが薄れる
32	JPN	日本	Japan	東アジア	圧力上昇	雇用不安の火消し優先	同盟と協調し計算資源・人材枠を確保	移行期の雇用を守り学び直しを厚くする	財政硬直で現金給付は限定的	61.0	57.0	91.0	56.0	96.0	64.0	94.0	9.0	単純職の先細り感が強まり、挑戦より回避が増える
32	TWN	台湾	Taiwan	東アジア	境界的圧力	抑止維持と供給信頼確保	対米で抑止調整、対日へ重要品優先枠を維持	安全確保と雇用安定を同時に進める	電力水・人材制約で増産に限界	80.0	66.0	88.0	83.0	82.0	86.0	92.0	22.0	自動化拡大の話題に供給不安が重なり、若者の職・格差不安が増幅
32	KOR	韓国	South Korea	東アジア	圧力上昇	半導体防衛と雇用緩衝	日米と輸出管理整合、製造AI投資を加速	自動化で生産性を上げ雇用転換を支える	電力高と世論で支援の財源が細る	63.0	57.0	86.0	78.0	80.0	68.0	93.0	14.0	ロボ実証拡大が低賃金職不安を増幅し、学び直し圧が強まる
32	PRK	北朝鮮	North Korea	東アジア	境界的圧力	示威は継続、対話余地を残す	短距離発射準備を誇示し対話窓口も維持	外圧に屈せず抑止力で体制を守る	外貨・燃料不足で長期緊張は損	88.0	46.0	84.0	74.0	72.0	70.0	95.0	20.0	自動化不安に安保警戒が重なり、将来設計が縮こまる
32	RUS	ロシア	Russia	ユーラシア	間接衝突	資源で戦時継続と揺さぶり	輸出迂回と供給調整で対日圧力	制裁下でも雇用と歳入を守る	戦費優先で民生投資が痩せる	86.0	82.0	88.0	89.0	87.0	81.0	92.0	18.0	ロボ実証拡大で低賃金職の先細り感が強まり、学習投資競争と将来不安が増す
32	UKR	ウクライナ	Ukraine	欧州	限定戦争	継戦優先、復興は選別	G7へ防空・弾薬と復興資金の追加要請	耐久戦を前提に統制継続、生活は守る	支援疲れと動員限界、財源条件が厳しい	84.0	60.0	86.0	76.0	92.0	69.0	88.0	22.0	物価と雇用不安が同時進行し、将来設計が短期化する
32	IRN	イラン	Iran	中東	境界的圧力	停戦維持で制裁緩和を狙う	航路リスクを示しつつ仲介交渉を継続	外圧に屈せず生活を守ると強調	財政難と強硬派で妥協が狭い	74.0	86.0	81.0	76.0	92.0	84.0	90.0	12.0	燃料高に加え自動化不安が重なり将来像が曇る
32	ISR	イスラエル	Israel	中東	間接衝突	安保優先、技術流通は統制	対イラン停戦下で警戒継続、輸出審査を強化	安全保障と物価抑制を同時に守る	戦費と分断で投資が鈍り同盟依存も増す	72.0	64.0	90.0	95.0	86.0	79.0	92.0	16.0	ロボ実証拡大で職の先細り感が加速。挑戦意欲が萎む
32	SAU	サウジアラビア	Saudi Arabia	中東	圧力上昇	価格安定と対外均衡維持	OPEC+で増産小幅、アジア向け供給継続	歳入を守り雇用と改革投資を維持する	急増産は価格崩れと地域不安で抑制	62.0	64.0	83.0	56.0	73.0	61.0	86.0	20.0	物価高止まりと自動化不安が重なり将来設計が細る
32	EU	欧州連合	European Union	欧州	圧力上昇	規制と競争力の折衷	対日で物流ロボ安全基準と人材協力を提案	雇用不安を抑えつつ生産性投資を進める	合意形成が遅く移行支援の持続性が弱い	50.0	43.0	81.0	62.0	76.0	55.0	86.0	33.0	現場職の不安が増幅。再訓練志向は上がるが焦りも強まる
33	USA	アメリカ	United States	北米	境界的圧力	AI覇権維持で同盟へ要求	対日へ防衛負担増とAI標準・計算資源同盟を要請	雇用と安全を守るため同盟と供給網を強化	物価と分断で追加コストに耐えにくい	84.0	61.0	93.0	97.0	91.0	79.0	95.0	11.0	AI前提教育で環境差が進路差に直結。学習投資競争と置去り不安が強まる
33	CHN	中国	China	東アジア	境界的圧力	人材競争で対日圧力継続	教育AI標準・学習基盤を域内主導し輸出管理も維持	技能格差を埋め雇用と秩序を守るため国家主導で整備	成長鈍化で若者不満が怖く外圧は調整が必要	84.0	57.0	92.0	94.0	78.0	89.0	93.0	16.0	学習環境差と国際競争が重なり、将来の勝ち筋が見えにくい
33	JPN	日本	Japan	東アジア	圧力上昇	教育格差の抑制を急ぐ	同盟・企業と教育AI/計算枠を確保	学習機会を均し移行期雇用も支える	財政硬直で恒常支援の設計が難しい	60.0	56.0	88.0	58.0	95.0	63.0	93.0	10.0	環境差で進路不安が増幅、努力が報われぬ感覚が広がる
33	TWN	台湾	Taiwan	東アジア	境界的圧力	抑止維持と人材基盤の補強	対米抑止連携継続、対日へ先端品優先枠と共同人材枠	安全と産業を守り、教育機会の格差を縮める	電力水と安保負担で教育投資が削られがち	82.0	64.0	90.0	80.0	84.0	85.0	93.0	20.0	AI前提教育で環境差が可視化し、若者の進路不安と比較不安が増える
33	KOR	韓国	South Korea	東アジア	圧力上昇	AI人材確保と半導体防衛	日米と輸出管理整合、教育AI基盤を共同調達	教育AIで格差を抑え雇用転換を急ぐ	電力高と財源で支援が薄まり世論が割れる	64.0	56.0	84.0	80.0	78.0	66.0	92.0	16.0	AI前提の学習競争が加速し、環境差が将来不安を増幅
33	PRK	北朝鮮	North Korea	東アジア	境界的圧力	示威で主導権、対話は維持	発射訓練を誇示し制裁緩和を牽制	外圧に屈せず抑止で体制を守る	燃料・外貨不足で長期緊張は不利	86.0	44.0	83.0	73.0	71.0	69.0	94.0	19.0	進路格差不安に安保警戒が重なり将来像が縮む
33	RUS	ロシア	Russia	ユーラシア	間接衝突	資源収入を守り対外揺さぶり	供給調整と制裁迂回で市場を撹乱	長期戦でも歳入と雇用を維持	戦費優先で教育投資が不足	84.0	86.0	90.0	91.0	88.0	83.0	94.0	16.0	AI教育の格差感が増幅し、将来の席取り不安が強まる
33	UKR	ウクライナ	Ukraine	欧州	限定戦争	継戦を維持し支援条件を交渉	G7へ防空・弾薬と復興の前倒し要請	戦時継続、教育と生活基盤は守る	動員疲労と財源逼迫、支援疲れが痛い	83.0	58.0	84.0	75.0	90.0	70.0	87.0	23.0	戦争不確実性に加えAI格差不安で将来像が縮む
33	IRN	イラン	Iran	中東	境界的圧力	停戦維持で制裁緩和狙い	航路リスクを誇示しつつ仲介交渉	外圧に屈せず生活防衛を強調	財政難と強硬派で譲歩が困難	72.0	84.0	83.0	77.0	91.0	82.0	92.0	11.0	燃料高に教育AI格差不安が重なり将来像が曇る
33	ISR	イスラエル	Israel	中東	間接衝突	安保優先、技術は選別	停戦監視継続、AI/サイバー輸出審査強化	安全保障と生活維持を同時に進める	戦費と分断で研究投資が不安定	70.0	62.0	92.0	96.0	85.0	78.0	94.0	15.0	AI前提の教育格差が将来不安を増幅。努力の報われ感が低下
33	SAU	サウジアラビア	Saudi Arabia	中東	圧力上昇	価格高止まり回避と均衡外交	OPEC+で増産慎重、アジア供給維持	歳入確保と安定優先、改革投資は継続	急増産は価格崩れと地域再燃で難しい	63.0	66.0	82.0	55.0	74.0	62.0	87.0	19.0	光熱費高止まりに教育AI格差が重なり将来不安が増幅
33	EU	欧州連合	European Union	欧州	圧力上昇	規制適合と人材競争を両立	対日で教育AI監査枠組みと資格相互承認を提案	教育格差を抑えつつ競争力と雇用を守る	加盟国間の合意遅延で支援が薄まりやすい	52.0	46.0	78.0	64.0	72.0	54.0	88.0	31.0	教育環境差が進路差に直結し、焦りと比較不安が増す
34	USA	アメリカ	United States	北米	圧力上昇	同盟結束とAI主導を優先	対日へ計算資源枠と防衛協力を再要請	抑止と雇用を守るため同盟強化	物価と分断で負担転嫁が必要	78.0	56.0	88.0	96.0	90.0	73.0	92.0	14.0	計算資源と就職の不確実性が続き、努力の報われ方に悲観が増える
34	CHN	中国	China	東アジア	境界的圧力	輸出管理と域内主導を強化	半導体代替と供給網囲い込み、対日牽制	外部環境不安に備え雇用と秩序を守る	成長鈍化で強硬一辺倒は危険、調整余地	83.0	52.0	90.0	94.0	76.0	88.0	92.0	17.0	国際競争と資源制約が続き、将来設計が縮む
34	JPN	日本	Japan	東アジア	圧力上昇	生活防衛と移行雇用を優先	米国・産油国と調達分散、備蓄連携	物価と雇用の移行期を支え治安も守る	恒常財源が薄く給付と防衛が競合	61.0	63.0	86.0	57.0	94.0	60.0	91.0	12.0	物価と将来不安が続くが、移行支援が見えれば諦めは抑制
34	TWN	台湾	Taiwan	東アジア	境界的圧力	抑止維持と供給安定	対米連携で海空監視強化、対日へ供給計画共有	不確実性に備え産業と生活を守る	電力・水・保険料高で企業負担が限界	84.0	72.0	88.0	78.0	86.0	87.0	91.0	18.0	半導体不安と燃料高が重なり、将来設計が短期化する
34	KOR	韓国	South Korea	東アジア	圧力上昇	半導体確保と対北抑止	日米と輸出管理を微調整し代替調達を拡大	雇用転換と安保を同時に守る	電力費と世論分断で支援が細る	66.0	60.0	78.0	76.0	74.0	62.0	86.0	22.0	学習・就活のAI競争が強まり、格差不安が増える
34	PRK	北朝鮮	North Korea	東アジア	境界的圧力	示威を維持し譲歩迫る	短距離発射と航路威嚇で注目を奪う	外圧下でも軍が体制と生活を守る	外貨・燃料不足で長期緊張は損	88.0	46.0	82.0	74.0	72.0	70.0	95.0	18.0	安保ニュースが拡散し将来設計が短期化、挑戦意欲が萎む
34	RUS	ロシア	Russia	ユーラシア	間接衝突	資源と戦争継続で揺さぶり	制裁迂回を維持し供給調整で価格を下支え	制裁下でも雇用と歳入を守る局面	戦費優先で技術投資と人材流出が痛い	82.0	78.0	86.0	90.0	85.0	80.0	92.0	18.0	物価と将来不安が残り、学び直し圧と格差感が増す
34	UKR	ウクライナ	Ukraine	欧州	限定戦争	継戦維持、支援の前倒し狙い	欧米へ防空・弾薬と復興資金の確約を要請	戦時は続くが生活基盤と教育は守る	動員疲労と財源難、支援疲れが最大制約	82.0	61.0	83.0	74.0	89.0	69.0	86.0	24.0	長期戦と中東輸送不安で物価観が揺れ、将来設計が縮む
34	IRN	イラン	Iran	中東	圧力上昇	停戦維持と影響力誇示	航路不安を示しつつ裏で停戦枠組み継続	外圧に屈せず物価対策と治安を強化	財政難と強硬派で譲歩余地が小さい	65.0	78.0	76.0	73.0	88.0	77.0	84.0	18.0	燃料高が続き不安は残るが、急落より停滞感が増す
34	ISR	イスラエル	Israel	中東	境界的圧力	抑止維持、技術は厳格管理	停戦枠組み維持、海上警戒とサイバー反撃強化	大規模戦は回避、警戒と経済維持を両立	戦費と分断で投資が揺れ、同盟依存も増す	66.0	58.0	84.0	92.0	82.0	74.0	90.0	18.0	価格と供給不安が続き、将来設計の確信が持ちにくい
34	SAU	サウジアラビア	Saudi Arabia	中東	圧力上昇	価格急騰回避で安定優先	OPEC+で小幅調整、アジア向け供給維持	歳入と物価安定を両立し改革投資を継続	地域再燃と価格下落の板挟みで増産余地が狭い	57.0	61.0	75.0	54.0	71.0	58.0	83.0	21.0	物価不安は続くが急騰回避で悲観が固定化しにくい
34	EU	欧州連合	European Union	欧州	圧力上昇	規制と景気下支えを優先	対日へAI監査協調と代替調達を協議	規制で信頼を守り雇用も支える	加盟国合意が遅れ支援の厚みが出にくい	54.0	52.0	80.0	65.0	73.0	58.0	86.0	30.0	物価と就活不安が続き、努力の報われ感が揺らぐ
35	USA	アメリカ	United States	北米	圧力上昇	同盟負担とAI主導を再要請	対日へ防衛分担・輸出管理協調を要求	競争と抑止のため同盟に負担を求める	物価・分断と予算制約で外へ負担転嫁	80.0	58.0	90.0	96.0	92.0	76.0	94.0	12.0	将来不安調査が拡散し、雇用と計算資源の閉塞感が強まる
35	CHN	中国	China	東アジア	境界的圧力	域内主導と輸出管理を継続	対日牽制と供給網囲い込み、対話枠維持	外圧下でも雇用と秩序を守り安定優先	成長鈍化で強硬継続は不満増、調整必要	85.0	54.0	91.0	95.0	78.0	89.0	93.0	16.0	不信報道に外圧が重なり、若者の将来像がさらに縮む
35	JPN	日本	Japan	東アジア	圧力上昇	信頼回復と生活防衛を急ぐ	同盟協議で抑止維持、エネ調達分散	将来不安に答え、物価と雇用移行を支える	恒久財源不足で防衛・給付・若者策が衝突	63.0	62.0	87.0	58.0	95.0	61.0	94.0	10.0	制度不信が拡散し不安が先行、支援の具体性次第で諦めが増減
35	TWN	台湾	Taiwan	東アジア	境界的圧力	抑止と供給の確実化	対米連携で海空警戒、対日へ供給優先枠協議	不安を抑え雇用と生活を守る対策を拡充	電力水制約と保険高で産業支援が細る	86.0	74.0	90.0	80.0	88.0	89.0	93.0	16.0	制度不信の話題と連動し、将来設計がさらに短期化
35	KOR	韓国	South Korea	東アジア	圧力上昇	雇用不安の抑制優先	日米と半導体協調維持、供給多重化	若者不安に対応し成長投資と支援を両立	世論分断と電力費で産業支援が揺れる	64.0	58.0	82.0	74.0	76.0	63.0	90.0	20.0	就活と学習のAI競争が強調され、将来像が曇る
35	PRK	北朝鮮	North Korea	東アジア	境界的圧力	示威で譲歩と注目を狙う	発射準備示唆と海空域の限定威嚇	外圧に屈せず抑止力で体制を守る	外貨・燃料不足で長期緊張は負担	90.0	47.0	80.0	73.0	71.0	69.0	96.0	16.0	不信調査と安保不安が共鳴し将来計画が縮む、挑戦が鈍る
35	RUS	ロシア	Russia	ユーラシア	境界的圧力	資源と情報で揺さぶり	供給調整と制裁迂回、分断宣伝を強化	制裁下でも歳入確保と安定を優先	戦費優先で技術遅れと人材流出が重い	84.0	81.0	83.0	88.0	82.0	78.0	95.0	17.0	制度不信の話題にSNS不安が増幅し、将来像が霞む
35	UKR	ウクライナ	Ukraine	欧州	限定戦争	継戦維持、支援疲れを抑止	欧米へ防空・弾薬、復興枠の前倒し要請	戦時継続、教育と生活は死守する	動員疲労と財源難、支援低下が痛い	83.0	63.0	84.0	75.0	90.0	70.0	88.0	23.0	制度不信報道が波及し、若者の将来設計が縮む
35	IRN	イラン	Iran	中東	境界的圧力	停戦枠維持し強硬も示す	停戦協議は継続、海上圧力を示唆	外圧に屈せず治安と物価対策を優先	強硬派と財政難で妥協が狭い	66.0	82.0	78.0	74.0	90.0	79.0	87.0	16.0	将来不安調査が燃料高と結びつき停滞感が増す
35	ISR	イスラエル	Israel	中東	境界的圧力	抑止優先、技術流出遮断	停戦枠維持しつつ海上・サイバー警戒強化	脅威は継続、日常と成長を守り抜く	分断と戦費で正統性が脆く、外圧も増す	68.0	60.0	78.0	90.0	84.0	76.0	92.0	16.0	制度不信報道と中東緊張で不安が増幅、進路設計が慎重化
35	SAU	サウジアラビア	Saudi Arabia	中東	圧力上昇	価格安定と体制安定を優先	OPEC+で減産維持しつつアジア供給を確保	歳入を守り改革投資と物価安定を両立	再燃リスクと需要鈍化で調整幅が狭い	59.0	63.0	74.0	55.0	72.0	60.0	86.0	20.0	物価と将来不安が調査報道で増幅、節約志向と停滞感が強まる
35	EU	欧州連合	European Union	欧州	圧力上昇	信頼回復へ規制強化優先	対日へAI監査・透明性基準の整合要求	若者不信に応え市場と雇用を守る	加盟国合意が遅く景気下支えが薄い	56.0	53.0	82.0	68.0	74.0	60.0	88.0	28.0	規制圧で採用と物価の不安が増え、自己効力感が揺れる
36	USA	アメリカ	United States	北米	境界的圧力	同盟負担とAI統制を強化	対日へ防衛増・輸出管理・計算資源枠を要求	競争と抑止へ同盟の即応を優先する	物価不満と分断で長期支出が難しい	82.0	61.0	88.0	97.0	94.0	79.0	95.0	10.0	負担増と計算資源不安が重なり、将来設計が縮む
36	CHN	中国	China	東アジア	境界的圧力	圧力維持し内需優先	対日牽制と域内演習、輸出管理運用	外圧下でも雇用と秩序を守る	景気減速で強硬継続は不満増、調整要	84.0	53.0	90.0	94.0	76.0	88.0	92.0	17.0	外圧と不信報道が続き、若者の将来設計が硬直する
36	JPN	日本	Japan	東アジア	圧力上昇	制度再設計で不安を抑える	同盟連携維持し資源・供給網を再配置	短期策から住居・雇用移行の常設へ	恒久財源と負担増の説明が難しい	64.0	60.0	84.0	56.0	96.0	63.0	92.0	12.0	将来設計が見えないと諦めが強まるが、住居・移行支援の常設化が見えれば焦燥は緩む
36	TWN	台湾	Taiwan	東アジア	境界的圧力	供給信頼の維持と抑止継続	対米で警戒運用を平準化、対日へ供給優先枠を更新	制度疲労に備え生活・雇用の下支えを重点化	電力水・保険高と財政で産業支援が先細り	84.0	72.0	87.0	78.0	90.0	88.0	92.0	15.0	供給不安が続き、若者の進路は安全志向・短期化が強まる
36	KOR	韓国	South Korea	東アジア	圧力上昇	制度疲労の火消し優先	日米連携維持、半導体補助を選別強化	短期支援に加え雇用・住宅の構造改革へ	電力費と財政で支援拡大は限界が近い	63.0	57.0	78.0	72.0	79.0	61.0	88.0	18.0	『支援は続くが先細り』が拡散し将来設計が萎む
36	PRK	北朝鮮	North Korea	東アジア	境界的圧力	限定挑発で交渉余地を作る	短距離発射と航行警報で圧力維持	抑止力を誇示し体制と生活を守る	外貨・燃料不足で長期緊張は困難	88.0	45.0	78.0	74.0	70.0	68.0	95.0	17.0	安保不安が可視化し、将来設計が短期化して挑戦回避が増える
36	RUS	ロシア	Russia	ユーラシア	境界的圧力	資源と情報で持久揺さぶり	資源供給を小刻み調整、制裁迂回と分断宣伝	長期戦でも国家の歳入と安定を守る	戦費優先で技術停滞、人材・資本流出が痛い	86.0	83.0	84.0	90.0	84.0	80.0	96.0	15.0	制度疲労の不満と雇用不安が重なり、挑戦より回避が増える
36	UKR	ウクライナ	Ukraine	欧州	限定戦争	継戦と制度持久を優先	欧州・日へ弾薬/防空と復興資金前倒し要請	前線維持と生活防衛を同時に進める	動員疲労と歳入弱く制度が摩耗する	84.0	61.0	82.0	76.0	91.0	69.0	86.0	22.0	長期化報道で将来が見えず、挑戦より守りに寄る
36	IRN	イラン	Iran	中東	境界的圧力	停戦維持し抑止示威	停戦協議継続、航路周辺で示威し交渉圧	外圧に備え補助金と治安で体制維持	制裁と財政難、強硬派で譲歩幅が狭い	68.0	84.0	76.0	72.0	88.0	78.0	89.0	18.0	燃料高と物流不安が就活・生活設計を冷やし、SNSで不安が増幅
36	ISR	イスラエル	Israel	中東	間接衝突	抑止維持、内政修復優先	停戦枠を維持しつつ情報・サイバー連携強化	安全と生活の両立へ制度を立て直す	分断と戦費で余力が削れ、妥協が難しい	66.0	58.0	76.0	88.0	82.0	74.0	90.0	18.0	中東・サイバー不安が継続し、将来設計が保守化する
36	SAU	サウジアラビア	Saudi Arabia	中東	圧力上昇	価格安定と体制安定を維持	OPEC+調整とアジア向け供給を重視	歳入確保で改革投資と安定を守る	再燃リスクと需要減で調整余地が小	61.0	66.0	72.0	54.0	70.0	59.0	84.0	22.0	光熱費高止まり観測で節約・停滞感が強まり将来像が細る
36	EU	欧州連合	European Union	欧州	圧力上昇	規制実装と産業防衛を優先	対日へAI監査・安全基準の相互承認を圧迫	制度疲労を抑え雇用と安全を同時に守る	加盟国合意が遅く景気対策が鈍い	58.0	52.0	74.0	70.0	68.0	62.0	84.0	30.0	規制適合コストで採用が慎重化し将来不安が増える
37	USA	アメリカ	United States	北米	圧力上昇	利益還元と同盟統制を両立	AI利益還元枠組み主導、対日規格順守と負担要求	AI利益を国民へ回し競争と抑止を維持する	議会分断で恒久財源化が不透明、同盟負担も必要	78.0	58.0	84.0	92.0	90.0	76.0	92.0	12.0	再分配期待は出るが、計算資源と負担増で将来不安が続く
37	CHN	中国	China	東アジア	境界的圧力	外圧下で雇用と統制優先	対日牽制継続、AI還元論で発言権確保	分配と安定を守り外圧に対処する	景気鈍化で強硬は不満増、譲れぬ線も	82.0	55.0	88.0	93.0	74.0	86.0	90.0	18.0	分配議論は希望の材料だが対立報道で将来不安が残る
37	JPN	日本	Japan	東アジア	圧力上昇	還元議論を国内設計に接続	国際枠組み参加と半導体・人材連携強化	成長果実を教育・移行支援へ回す	恒久財源と負担増説明が難しい	62.0	58.0	82.0	54.0	94.0	61.0	90.0	15.0	還元の筋が見えると焦燥は緩むが、増税観測で不安が再燃
37	TWN	台湾	Taiwan	東アジア	境界的圧力	供給信頼の維持と抑止継続	国際議論に参加し人材・教育投資枠を確保、対日供給優先を再確認	AI利益還元を教育・ケアに回し、雇用転換と生活防衛を進める	電力・保険高と財政制約で産業支援の持続が難しい	82.0	70.0	83.0	76.0	88.0	86.0	90.0	16.0	供給不安は続くが還元論が見えると不満が整理され、将来悲観の加速はやや鈍る
37	KOR	韓国	South Korea	東アジア	圧力上昇	還元議論で正統性と産業を両立	AI超過利潤還元枠組みを主導し同盟と調整	AI利益を雇用・教育へ回し生活不安を抑える	企業反発と財政制約で配分は限定的	64.0	56.0	80.0	74.0	81.0	62.0	84.0	17.0	還元期待と競争不安が同時拡散し将来像が揺れる
37	PRK	北朝鮮	North Korea	東アジア	境界的圧力	限定挑発で譲歩を引き出す	発射準備の誇示と対話窓口を併走	外圧下でも抑止力で体制と配給を守る	外貨・燃料難で長期緊張は維持困難	90.0	47.0	79.0	76.0	71.0	69.0	96.0	16.0	安保不安が再点火し、若者は挑戦より安定志向へ傾きやすい
37	RUS	ロシア	Russia	ユーラシア	境界的圧力	制裁下で資源と不満を武器化	資源価格と偽情報で分断、制裁緩和を誘導	外圧に屈せず、分配で生活を守る	戦費優先で成長鈍化、統制コスト増	88.0	86.0	82.0	91.0	83.0	79.0	94.0	16.0	分配論が拡散し期待が揺れ、将来設計が短期化
37	UKR	ウクライナ	Ukraine	欧州	限定戦争	継戦軸で支援再設計	支援国へAI利益還元枠の復興充当を提案	戦時でも教育・ケアを守り復興へ備える	前線優先で若年層支援は後回しになりやすい	83.0	60.0	81.0	74.0	90.0	68.0	85.0	23.0	再分配議論は希望材料だが戦況報道が不安を上書き
37	IRN	イラン	Iran	中東	境界的圧力	体制維持へ交渉と示威	利益還元議論を制裁緩和の材料化	外圧下でも公正分配と治安を守る	制裁と強硬派で譲歩が限定的	66.0	82.0	74.0	73.0	86.0	77.0	88.0	19.0	燃料高と不確実性が続き、将来設計が縮む
37	ISR	イスラエル	Israel	中東	間接衝突	安全優先でAI規制は選別	国際還元議論は受容しつつ課税は限定へ	治安と成長を両立し生活を下支えする	戦費と分断で余力乏しく負担増は避けたい	64.0	57.0	74.0	87.0	84.0	73.0	88.0	17.0	AI分配論は希望材料だが紛争・半導体不安で将来は固くなる
37	SAU	サウジアラビア	Saudi Arabia	中東	圧力上昇	原油収益確保と安定重視	OPEC+調整維持、アジア供給を優先	歳入確保で雇用と改革投資を守る	需要減と停戦再燃で値付けが難しい	62.0	68.0	73.0	54.0	71.0	60.0	82.0	21.0	生活コスト高止まり観測が続き、将来設計が縮む
37	EU	欧州連合	European Union	欧州	圧力上昇	利益還元で正統性を補強	AI超過利益の国際枠組みを主導し対日も整合要求	AIの利益を教育・ケアへ回し不満を抑える	加盟国の税制合意が遅く景気減速が怖い	57.0	50.0	72.0	68.0	66.0	60.0	82.0	32.0	規制・還元議論で企業採用が慎重化、将来像が揺れる
38	USA	アメリカ	United States	北米	圧力上昇	同盟負担とAI優位の維持	対日へ防衛・供給網負担とAI規格順守を要求	抑止維持と生活費対策を同時に進める	財源制約と選挙圧力で外部負担転嫁が増える	80.0	60.0	86.0	94.0	92.0	78.0	93.0	10.0	支援と防衛の綱引きが可視化し、将来設計が曇る
38	CHN	中国	China	東アジア	境界的圧力	統制と対外牽制を維持	対日技術・原材料で選別圧力、海空活動誇示	外圧下でも成長と安定を守る	雇用鈍化で過度な緊張は避けたい	84.0	57.0	90.0	94.0	76.0	88.0	92.0	16.0	防衛と生活支援の対立が強調され、将来像が曇る
38	JPN	日本	Japan	東アジア	圧力上昇	財源競合を政治管理	同盟調整で負担平準化、資源分散	防衛と生活を両立、優先順位を提示	恒久財源なく世代対立が燃えやすい	64.0	60.0	84.0	56.0	96.0	63.0	92.0	13.0	支援と防衛の取り合いが可視化し、将来不信と分断感が強まる
38	TWN	台湾	Taiwan	東アジア	境界的圧力	抑止維持と生活不満の封じ込め	対米・対日で供給継続を明文化し保険・電力支援を要請	防衛は必要だが若者生活と雇用転換も守る	財源競合で給付も防衛も満額は無理	84.0	72.0	85.0	78.0	90.0	87.0	92.0	14.0	負担増と有事報道で将来像が縮み、挑戦より安定志向が強まる
38	KOR	韓国	South Korea	東アジア	圧力上昇	負担調整で政権安定優先	同盟調整で北朝鮮抑止と半導体投資維持	防衛と生活支援を同時に進めると説明	財政枠が細り若者支援は絞り込み	63.0	58.0	82.0	76.0	84.0	64.0	86.0	15.0	安全保障費競合が可視化し、将来設計の不安が増幅
38	PRK	北朝鮮	North Korea	東アジア	境界的圧力	挑発管理で主導権確保	短距離発射で誇示し対話条件を提示	外圧に屈せず抑止で配給と体制を守る	外貨・燃料不足で長期緊張は負担	92.0	46.0	82.0	78.0	74.0	70.0	97.0	14.0	安保費vs生活支援の対立が可視化し、若者は将来を悲観しやすい
38	RUS	ロシア	Russia	ユーラシア	間接衝突	資源と情報で分断誘導	原油・LNG流通攪乱で制裁緩和を迫る	戦時経済を維持し国益を守る	戦費で民生圧迫、統制と補助金が重荷	90.0	88.0	84.0	92.0	86.0	81.0	95.0	14.0	防衛と生活支援の対立が拡散し、将来像が描けず萎縮
38	UKR	ウクライナ	Ukraine	欧州	限定戦争	支援疲れ抑え継戦優先	欧米へ復興基金の前倒しと弾薬供与を要請	前線維持を最優先し生活支援は重点化する	財政逼迫で若者支援は後回しになりがち	84.0	62.0	83.0	76.0	92.0	69.0	86.0	22.0	防衛費と生活支援の対立が可視化し、将来像が曇る
38	IRN	イラン	Iran	中東	境界的圧力	停戦維持で交渉と示威	航路攪乱の示唆と制裁緩和交渉を併用	外圧に屈せず停戦を守り生活を支える	制裁継続と強硬派で妥協幅が狭い	69.0	85.0	76.0	74.0	88.0	79.0	90.0	17.0	燃料高が続き、支援と防衛の財源競合が将来不安を増やす
38	ISR	イスラエル	Israel	中東	間接衝突	戦時優先で生活支援は限定	米と軍事・サイバー協調、調達優先を変更	安全保障を最優先しつつ物価対策も継続	戦費と分断で財政が硬直、増税は困難	66.0	59.0	76.0	89.0	86.0	75.0	90.0	16.0	防衛と生活の競合が日本にも波及し、将来像が縮み不安が増える
38	SAU	サウジアラビア	Saudi Arabia	中東	圧力上昇	原油収益と供給安定を優先	OPEC+調整継続、アジア向け供給枠を確保	歳入と雇用を守り改革投資を継続する	停戦再燃リスクと需要減で値決めが難しい	63.0	66.0	74.0	55.0	73.0	61.0	83.0	19.0	物価と防衛費の板挟み観測で将来設計が縮みやすい
38	EU	欧州連合	European Union	欧州	圧力上昇	負担分担で制度防衛	対露制裁維持、LNG共同調達で安定化	安全保障と生活支援を両立し結束を守る	加盟国財政差で合意遅延、景気下振れ	60.0	54.0	70.0	66.0	69.0	58.0	78.0	30.0	負担議論が波及し採用慎重化、将来不安が増幅
39	USA	アメリカ	United States	北米	圧力上昇	同盟負担とAI覇権死守	対日へ防衛増とAI規格・輸出管理順守	雇用不安に対策しつつ覇権を守る	分断と選挙で外部負担転嫁が増える	82.0	62.0	90.0	95.0	90.0	80.0	94.0	9.0	中小の淘汰が雇用不安を増幅し、将来像が縮む
39	CHN	中国	China	東アジア	境界的圧力	統制維持、選別圧力継続	対日重要素材・部材を審査強化、海空活動誇示	雇用安定を最優先、外圧には譲らない	景気と雇用が鈍く、緊張激化は損	85.0	58.0	93.0	95.0	78.0	90.0	94.0	15.0	AI淘汰不安に地政学が重なり、将来設計が縮む
39	JPN	日本	Japan	東アジア	圧力上昇	雇用不安の火消し優先	同盟と供給網協議、半導体調達を安定化	中小のAI移行と雇用支援を同時に進める	恒久財源不足で世代対立が再燃しやすい	63.0	59.0	90.0	58.0	97.0	66.0	94.0	12.0	就職・転職の見通しが曇り、努力の報酬感が薄れ不安が増幅
39	TWN	台湾	Taiwan	東アジア	境界的圧力	供給継続の信頼確保を優先	対米日で半導体供給優先枠と緊急輸送手順を更新	供給と雇用を守り不安連鎖を抑える	電力・人材・財政が同時に足りない	86.0	74.0	88.0	81.0	92.0	89.0	94.0	12.0	雇用不安と有事観測が重なり、挑戦より縮小均衡が強まる
39	KOR	韓国	South Korea	東アジア	圧力上昇	雇用防波堤と技術主権	半導体投資を優先し同盟で調達枠を確保	AI転換支援で雇用を守り成長を取り戻す	若者対策と防衛・半導体が予算競合	61.0	57.0	86.0	74.0	87.0	66.0	90.0	14.0	韓国の雇用防衛と半導体優先が波及し、若者の将来像が曇る
39	PRK	北朝鮮	North Korea	東アジア	境界的圧力	挑発を抑制し交渉余地確保	発射は抑えつつサイバー・恫喝で圧力	外圧に備え団結し配給と軍需を優先	外貨・燃料不足で緊張長期化は損	88.0	44.0	86.0	79.0	76.0	71.0	96.0	13.0	雇用不安に安保不安が重なり、将来設計が縮む
39	RUS	ロシア	Russia	ユーラシア	間接衝突	資源と情報で揺さぶり継続	海上保険・迂回輸送で原油高を演出	制裁下でも歳入確保し戦時経済維持	戦費と統制コストで民生不満が増える	88.0	84.0	87.0	90.0	82.0	79.0	93.0	16.0	雇用と物価の同時不安で将来設計が縮み、分断煽りが刺さる
39	UKR	ウクライナ	Ukraine	欧州	限定戦争	継戦優先で支援維持要請	欧州へ弾薬・防空と復興資金前倒し要請	前線維持と生活防衛を両立させる	財政・兵站逼迫で改革余力が乏しい	86.0	64.0	86.0	78.0	93.0	71.0	88.0	21.0	AI淘汰と戦費の同時圧で将来設計が縮む
39	IRN	イラン	Iran	中東	境界的圧力	停戦維持し対外圧力を調整	航路・原油供給の不確実性を示し交渉	外圧に屈せず生活と安全を守る	制裁と強硬派で譲歩余地が小さい	71.0	88.0	82.0	75.0	90.0	81.0	92.0	15.0	燃料高と雇用不安が重なり将来像が曇る
39	ISR	イスラエル	Israel	中東	間接衝突	安保優先で技術囲い込み	米と対空・サイバー連携、先端部材を優先調達	安全保障を最優先、物価対策は的を絞る	戦費と分断で合意形成が重く歳出は硬直	68.0	61.0	80.0	90.0	88.0	77.0	92.0	15.0	AI淘汰不安に供給制約が重なり、若者の展望が縮む
39	SAU	サウジアラビア	Saudi Arabia	中東	圧力上昇	価格安定と歳入確保の均衡	OPEC+調整継続、アジア向け供給を維持	歳入を守り雇用と改革投資を継続する	停戦再燃と需要減で減産幅の調整が難しい	62.0	68.0	77.0	55.0	74.0	62.0	84.0	18.0	物価高と雇用不安が重なり、若者の将来設計が縮みやすい
39	EU	欧州連合	European Union	欧州	圧力上昇	規制と成長支援を両立	中小向けAI支援と対露制裁を継続	雇用移行を支え競争力と公正を守る	加盟国差で支援水準が割れ合意が遅い	61.0	54.0	64.0	63.0	70.0	57.0	76.0	31.0	淘汰報道が就活不安を刺激、転職・学び直し圧が増える
40	USA	アメリカ	United States	北米	圧力上昇	同盟負担増とAI覇権堅持	対日へ防衛負担増とAI規格順守要求	雇用不安を抑えつつ競争に勝つ	選挙と分断で外部へ要求が寄る	80.0	58.0	88.0	94.0	86.0	78.0	92.0	12.0	介護ロボ格差が可視化し将来不安が増幅、学び直し圧が強まる
40	CHN	中国	China	東アジア	境界的圧力	雇用安定優先で対日圧力を調整	重要部材の許可制を維持し審査を運用強化	雇用と民生を守り外圧には対抗する	景気鈍化で緊張激化は投資と雇用に不利	82.0	56.0	88.0	92.0	74.0	86.0	91.0	18.0	介護自動化格差の不安に供給網・計算資源不安が重なり悲観が増える
40	JPN	日本	Japan	東アジア	境界的圧力	介護格差の火消しを優先	同盟協議で部材確保、介護機器の調達支援枠拡大	都市と地方の導入差を是正し、介護崩壊を防ぐ	財源が薄く、若者支援と防衛費が常に競合	61.0	57.0	86.0	55.0	95.0	63.0	90.0	14.0	地方ほど負担感が増え、将来の生活設計が不安定化。都市の恩恵が見えるほど分断不安が拡大
40	TWN	台湾	Taiwan	東アジア	境界的圧力	供給継続と社会安定を優先	米日と半導体優先枠・輸送冗長化を再確認	雇用維持と安全確保を同時に進める	電力・人材不足で増産余地が小さい	84.0	71.0	86.0	82.0	90.0	88.0	93.0	13.0	介護自動化格差と有事不安が重なり、将来設計が縮む
40	KOR	韓国	South Korea	東アジア	圧力上昇	雇用防衛と同盟調達	半導体・介護ロボの供給枠を同盟で確保	雇用と生活を守りAI転換を加速する	地方の導入遅れと若者不満、財政も硬い	63.0	56.0	82.0	72.0	85.0	64.0	88.0	15.0	導入格差と雇用競争の報道が増え、若者の先行き不安が強まる
40	PRK	北朝鮮	North Korea	東アジア	境界的圧力	限定挑発で存在感を誇示	短距離発射示威とサイバーで圧力維持	敵視に対抗し国防と配給を優先	外貨・燃料不足で大規模挑発は不可	90.0	46.0	84.0	80.0	77.0	72.0	97.0	12.0	安保不安が介護格差の将来不安と結合し、希望が削れる
40	RUS	ロシア	Russia	ユーラシア	間接衝突	資源・情報で対日圧力継続	原油・LNGの供給不安を誇張し分断工作	制裁下でも歳入確保し戦時経済を維持	戦費負担で不満増、技術調達が細る	86.0	82.0	78.0	88.0	80.0	76.0	92.0	18.0	介護ロボ格差が不公平感を増幅。物価・雇用不安と重なり将来観が冷える
40	UKR	ウクライナ	Ukraine	欧州	限定戦争	継戦維持で支援の常態化要請	欧米へ弾薬・防空と復興資金の長期枠を要請	前線維持を優先し生活支援は絞って継続	人的損耗と財政逼迫で改革と投資が停滞	85.0	62.0	84.0	76.0	92.0	70.0	87.0	22.0	戦費と物価圧が続き、介護ロボ格差も重なり将来不安増
40	IRN	イラン	Iran	中東	境界的圧力	停戦維持で制裁緩和探る	海上抑止を誇示しつつ仲介国と取引	外圧に対抗し生活を守ると強調	強硬派と制裁で譲歩余地が狭い	69.0	84.0	79.0	72.0	88.0	78.0	90.0	18.0	燃料高が地方の介護・雇用不安を増幅し将来像が暗い
40	ISR	イスラエル	Israel	中東	間接衝突	安保優先で技術確保	米欧と防空・サイバー連携、先端部材を優先確保	抑止と治安を優先、生活支援は重点配分	戦費と分断で歳出硬直、若年層不満が残る	66.0	59.0	79.0	88.0	86.0	75.0	91.0	18.0	介護ロボ格差が『恩恵は都市だけ』感を強め、将来不安が増幅
40	SAU	サウジアラビア	Saudi Arabia	中東	圧力上昇	価格安定と体制投資を優先	OPEC+減産幅を微調整しアジア供給維持	歳入を確保し雇用と改革投資を継続	停戦再燃リスクと需要減で調整余地が狭い	60.0	64.0	80.0	56.0	76.0	63.0	86.0	20.0	介護格差の不満が物価不安と重なり、若者の将来観が縮む
40	EU	欧州連合	European Union	欧州	圧力上昇	規制柔軟化で移行を急ぐ	介護AIの共通基準と補助を拡大	公正と成長を両立し生活不安を抑える	加盟国差で財源配分が遅れがち	60.0	52.0	66.0	61.0	72.0	56.0	79.0	30.0	介護の格差報道が将来不安を増幅、学び直し圧が強まる
41	USA	アメリカ	United States	北米	圧力上昇	同盟結束とAI覇権優先	対日へ防衛費・対中連携・AI規格順守を要求	雇用移行を支えつつ覇権と抑止を守る	選挙・分断で成果が要り同盟へ負担転嫁	78.0	57.0	82.0	92.0	84.0	74.0	86.0	18.0	共同PJが出口感を作る一方、学び直し圧と格差不安は残る
41	CHN	中国	China	東アジア	境界的圧力	輸出管理を維持し摩擦抑制	重要部材は許可制継続、審査を選別緩和	雇用と民生を守り対外圧力に備える	景気鈍化で緊張激化は投資流出が怖い	80.0	54.0	84.0	90.0	70.0	82.0	86.0	24.0	供給不安は続くが共同PJ増で悲観の固定化はやや鈍る
41	JPN	日本	Japan	東アジア	圧力上昇	介護と若者雇用の同時防衛	同盟枠で燃料・部材を前倒し確保	生活不安を抑え、地域の挑戦を支える	財源薄で防衛・介護・若者が競合	60.0	56.0	80.0	54.0	93.0	62.0	82.0	18.0	共同PJは希望の芽だが、資金不安で継続性に揺れる
41	TWN	台湾	Taiwan	東アジア	境界的圧力	供給継続を軸に抑止強化	米日と海空輸送冗長化、重要品は優先供給	有事備えと雇用を守る、節電も要請	電力逼迫と人材流出で増産が頭打ち	82.0	69.0	83.0	80.0	88.0	85.0	88.0	18.0	共同プロジェクトが不安を相殺、進路の視野が少し戻る
41	KOR	韓国	South Korea	東アジア	圧力上昇	雇用転換を急ぎ同盟軸堅持	米国・日本と半導体枠/人材連携を交渉	雇用を守り再訓練と投資を加速する	防衛費と若者対策が食い合い財政が硬い	62.0	55.0	78.0	70.0	84.0	63.0	82.0	18.0	共同PJ報道で希望は微増も、雇用競争不安が残る
41	PRK	北朝鮮	North Korea	東アジア	境界的圧力	限定挑発で抑止を誇示	短距離発射示威と偵察・サイバー継続	敵対包囲に対抗し国防と配給を守る	燃料・外貨不足で長期挑発は難しい	88.0	44.0	81.0	78.0	75.0	70.0	92.0	18.0	安保不安は続くが共同PJが相互扶助を可視化し、絶望の増幅を一部抑える
41	RUS	ロシア	Russia	ユーラシア	間接衝突	資源・情報で揺さぶり維持	資源輸送不安と制裁疲れを煽り対日圧力	外圧下でも雇用と歳入を守り抜く	戦費と統制で疲弊、技術迂回も細る	84.0	79.0	75.0	86.0	78.0	74.0	88.0	24.0	共同PJが不安を受け止めるが、物価と将来観の冷えは残る
41	UKR	ウクライナ	Ukraine	欧州	限定戦争	継戦と復興枠の固定化を優先	欧州・日米へ弾薬/防空と復興債枠を要請	前線維持を最優先、生活支援は重点配分	人的損耗と財政難で改革が遅れ支援疲れ懸念	84.0	60.0	82.0	74.0	90.0	68.0	82.0	28.0	戦費・物価不安は続くが協働PJ増で悲観の連鎖が少し切れる
41	IRN	イラン	Iran	中東	境界的圧力	停戦延命で体制を守る	海上で示威しつつ仲介国と取引	外圧に屈せず生活を守ると強調	強硬派統制と資金難で柔軟性が低い	67.0	82.0	76.0	70.0	85.0	76.0	86.0	24.0	燃料高と不安は続くが、共同PJ増で若者の能動感が一部回復
41	ISR	イスラエル	Israel	中東	間接衝突	安保最優先で技術囲い込み	米欧と防空・サイバー深化、部材確保	抑止と治安を優先、生活は重点支援	戦費と分断で硬直、若者不満が残る	68.0	61.0	74.0	90.0	84.0	77.0	88.0	22.0	国際不安は続くが、協働PJの可視化で無力感は一部低下
41	SAU	サウジアラビア	Saudi Arabia	中東	圧力上昇	価格安定で歳入確保	OPEC+で増産余地を示し急騰を抑制	改革投資と雇用維持へ価格を管理する	停戦再燃と需要減で調整幅が小さい	58.0	60.0	74.0	54.0	70.0	60.0	80.0	26.0	物価不安は続くが共同PJが連帯を作り悲観が少し薄まる
41	EU	欧州連合	European Union	欧州	圧力上昇	規制と成長の両立へ再調整	AI規制の運用指針を共通化し連携投資	雇用移行を守りつつ競争力を維持する	加盟国差と選挙日程で合意が遅い	61.0	54.0	62.0	59.0	71.0	55.0	74.0	33.0	欧州の移行支援が可視化し不安は微減、参加型の希望は増える
42	USA	アメリカ	United States	北米	圧力上昇	同盟負担増で覇権維持	対日へ防衛費増・対中連携・AI規格順守	景気減速でも抑止と雇用移行を守る	選挙と景気不安で成果が要り負担転嫁	80.0	60.0	86.0	93.0	88.0	78.0	88.0	16.0	初職不安が増す一方、共同PJは進路の灯にもなる
42	CHN	中国	China	東アジア	境界的圧力	景気防衛で摩擦管理	輸出管理は維持しつつ許可審査を選別緩和	雇用と成長を守り外圧には冷静対応	景気後退で強硬化は失業と資本流出が怖い	78.0	56.0	86.0	92.0	72.0	84.0	88.0	22.0	求人悪化と半導体不安で将来像が曇り、萎縮が増える
42	JPN	日本	Japan	東アジア	圧力上昇	雇用下支えと抑止維持	同盟で燃料・半導体調達枠を固める	景気不安に備え雇用と物価を守る	財源逼迫で若者・防衛・福祉が競合	61.0	54.0	85.0	55.0	94.0	63.0	86.0	16.0	初職・転職の不確実性が増え、将来設計が短期化する
42	TWN	台湾	Taiwan	東アジア	境界的圧力	景気下振れでも供給と抑止	米日欧と供給優先枠を再確認、迂回輸送も増強	景気減速に備え雇用維持と安全保障を同時に進める	景気悪化で税収鈍化、電力と人材が増産の壁	84.0	72.0	86.0	82.0	90.0	88.0	90.0	16.0	景気不安×海峡リスクで将来像が曇り、慎重志向が強まる
42	KOR	韓国	South Korea	東アジア	圧力上昇	景気悪化に備え雇用防衛	日米と供給網・半導体投資の調整を加速	景気減速に備え雇用維持と再訓練を拡充	輸出減で税収鈍化、対北抑止費も重い	64.0	57.0	84.0	72.0	86.0	66.0	85.0	16.0	初職・転職不安が増幅。隣国の雇用防衛策は材料だが競争感も強まる
42	PRK	北朝鮮	North Korea	東アジア	境界的圧力	限定示威で交渉余地確保	発射準備誇示とサイバー外貨獲得を強化	外圧下でも国防優先で生活を守る	外貨・燃料不足で長期エスカレ困難	90.0	46.0	84.0	80.0	77.0	72.0	93.0	16.0	景気後退と安保不安が重なり初職不安と分断感が増す
42	RUS	ロシア	Russia	ユーラシア	間接衝突	資源・情報で対日揺さぶり継続	資源供給不安と制裁疲れを演出し交渉圧力	景気逆風でも統制と歳入を確保する	景気後退で歳入鈍化、戦費が重い	86.0	83.0	82.0	88.0	81.0	79.0	90.0	20.0	求人悪化と物価不安が重なり、将来の手触りが薄れる
42	UKR	ウクライナ	Ukraine	欧州	限定戦争	支援維持へ復興資金を確保	欧州・日米へ財政支援と防空を追加要請	戦時経済でも雇用と生活支援を守る	支援疲れと景気後退で資金細る	83.0	62.0	86.0	76.0	92.0	70.0	84.0	26.0	景気後退で求人不安が増幅、将来像が縮む
42	IRN	イラン	Iran	中東	境界的圧力	停戦維持で体制防衛	停戦枠組み維持を仲介国へ要請	外圧下でも秩序と生活を守る	制裁と資金難で妥協幅が狭い	69.0	86.0	80.0	72.0	88.0	79.0	88.0	22.0	燃料高と求人悪化の連想が強まり将来不安が増す
42	ISR	イスラエル	Israel	中東	間接衝突	安保優先維持、景気に適応	米欧と防空・サイバー継続、資金と部材確保	治安を守りつつ物価対策と雇用を下支え	景気後退で財政逼迫、分断も残り硬直	66.0	63.0	78.0	92.0	87.0	80.0	90.0	20.0	景気不安と供給制約が将来像を曇らせ、海外志向と諦めが同時に強まる
42	SAU	サウジアラビア	Saudi Arabia	中東	圧力上昇	減産調整で歳入を防衛	OPEC+で供給を引締め、価格下落を抑える	景気減速でも歳入を守り改革投資を継続	需要減と停戦再燃で調整が難しい	60.0	52.0	78.0	55.0	74.0	62.0	83.0	24.0	原油は急騰しにくいが雇用不安が強まり将来像が曇る
42	EU	欧州連合	European Union	欧州	圧力上昇	景気防衛と規制運用を優先	対日含む投資協調と規制運用の柔軟化	雇用と物価を守り競争力も落とさない	加盟国格差と選挙で景気策が遅れる	62.0	56.0	68.0	58.0	74.0	57.0	78.0	31.0	初職不安が増幅。欧州協調が見えれば希望は微減に留まる
43	USA	アメリカ	United States	北米	境界的圧力	規格主導で同盟に順守要求	対日へAI安全規格順守と輸出管理連携を要求	安全と雇用を守るため先端規制を強化	選挙前で成果必須、同盟に負担転嫁	82.0	58.0	88.0	95.0	90.0	80.0	90.0	14.0	規制分断で進路が読めず不安増、ただし共同枠は希望の細線
43	CHN	中国	China	東アジア	境界的圧力	規制分断で主導権確保	AI規制を強化し対外協力は選別、供給網を内製化	安全と発展を両立、外部依存を減らす	景気・雇用不安で強硬一辺倒は危険	80.0	58.0	88.0	94.0	74.0	86.0	90.0	20.0	規制分断と部材遅延で不安定感が増し、挑戦より萎縮が強まる
43	JPN	日本	Japan	東アジア	圧力上昇	規制分断に適応し安定優先	米欧と整合、域内は緩和枠で運用	安全と産業競争力を両立し混乱を抑える	財源薄く移行支援の厚みが出ない	63.0	56.0	87.0	59.0	95.0	67.0	88.0	14.0	規制・採用の読めなさで不安増、挑戦が短期志向に寄る
43	TWN	台湾	Taiwan	東アジア	境界的圧力	規制分断下で供給堅持	米日欧と規制適合枠を整備、輸出管理協議	国際規制に適応し雇用と安全を守る	規制対応コスト増、電力と人材が逼迫	86.0	74.0	88.0	87.0	92.0	91.0	93.0	14.0	規制分断で就職像が揺れ、AI不安と慎重消費が強まる
43	KOR	韓国	South Korea	東アジア	境界的圧力	規制分断下で技術主権確保	米国側規制に整合しつつ例外枠を交渉	規制順守で産業と雇用を守る	対中取引縮小が痛手、世論分断も	66.0	58.0	88.0	79.0	89.0	74.0	90.0	14.0	規制分断で就職・留学・起業の見通しが曇り不安が増幅
43	PRK	北朝鮮	North Korea	東アジア	境界的圧力	示威継続で譲歩誘導	短距離発射とサイバー外貨獲得を継続	対外脅威に備え国防優先を正当化	外貨・燃料・食料制約で長期戦は不利	92.0	49.0	86.0	83.0	78.0	74.0	94.0	15.0	安保不安と規制分断で先行き不透明感が増幅し、挑戦意欲が削がれる
43	RUS	ロシア	Russia	ユーラシア	間接衝突	規制分断を口実に揺さぶり	資源・物流で不確実性演出し制裁緩和探る	外圧下でも戦時経済と統制を維持	輸出管理で部材難、戦費と歳入が綱渡り	87.0	85.0	83.0	91.0	82.0	81.0	91.0	18.0	AI規制分断で将来像が見えにくく、学業・就活の不安が増幅
43	UKR	ウクライナ	Ukraine	欧州	限定戦争	支援維持へ規制分断に適応	欧米日へ防空と復興枠を再要請、技術輸入経路を二重化	支援確保と産業維持で戦時生活を守る	規制分断で調達遅延、支援疲れも拡大	84.0	60.0	88.0	80.0	93.0	74.0	85.0	24.0	規制分断と戦争長期化が不確実性を増やし、就職と将来像の萎縮が進む
43	IRN	イラン	Iran	中東	境界的圧力	停戦維持と制裁耐性強化	非米圏とAI・貿易連携を拡大	外圧下でも治安と生活を守る	資金難と不満で強硬化しやすい	70.0	83.0	81.0	78.0	90.0	82.0	89.0	20.0	規制分断で半導体不安が増幅、燃料高連想で未来感が曇る
43	ISR	イスラエル	Israel	中東	間接衝突	安保と技術囲い込みを加速	米欧側規制に寄せ輸出管理・対中警戒強化	規制分断でも成長と安全を守る	財政と分断で長期投資が揺らぐ	68.0	61.0	80.0	94.0	88.0	83.0	91.0	19.0	計算資源の詰まりが将来設計を曇らせ、不安がSNSで増幅
43	SAU	サウジアラビア	Saudi Arabia	中東	圧力上昇	原油とAI投資を両取り	OPEC+調整とAI規制陣営へ橋渡し	収益確保で雇用と改革投資を守る	規制分断で投資先選別が難しい	62.0	58.0	76.0	57.0	72.0	63.0	84.0	23.0	物価と就職不安が重なり将来像が霧化、SNS不安が増幅
43	EU	欧州連合	European Union	欧州	圧力上昇	規制分断下で景気防衛	対日含む規制整合協議と輸出管理厳格化	安全と雇用を守り競争力も維持する	加盟国間の温度差で運用が揺れる	63.0	54.0	70.0	61.0	75.0	59.0	79.0	30.0	規制分断で進路と初職不安が増幅。協議が見えれば悪化は限定
44	USA	アメリカ	United States	北米	境界的圧力	同盟に負担分担を迫る	対日へ輸出管理強化と防衛協力拡大を要求	雇用と安全を守るため同盟連携を強化	教育費不満で政権弱体、外圧成果が要る	84.0	60.0	86.0	94.0	92.0	82.0	91.0	12.0	学費と将来不安が重なり、進路決定が先送りされやすい
44	CHN	中国	China	東アジア	境界的圧力	技術自立と対日牽制を併走	対日投資選別と部材供給の条件付け強化	外圧下でも成長と安定を確保する	雇用不安で長期強硬は政権負担	82.0	60.0	86.0	93.0	76.0	88.0	92.0	18.0	教育費不安に物価・就職懸念が重なり、海外志向と諦めが同時に増える
44	JPN	日本	Japan	東アジア	圧力上昇	教育負担の緩和を優先	同盟と協調し供給網・計算資源を確保	教育費と生活を守り成長投資を続ける	財源制約で給付は薄く不満が残る	62.0	56.0	83.0	58.0	97.0	68.0	92.0	12.0	進学・学び直し不安が拡散し将来設計が萎む
44	TWN	台湾	Taiwan	東アジア	境界的圧力	供給堅持と社会安定優先	米日欧と規制運用を調整、供給優先枠を協議	安全と雇用を守り、教育負担も緩和する	防衛・電力・教育が財政を圧迫しやすい	87.0	72.0	90.0	88.0	93.0	92.0	94.0	13.0	学費と学び直しの損得不安が増し、就職観が硬直する
44	KOR	韓国	South Korea	東アジア	境界的圧力	技術主権と生活負担の同時処理	対米で規制例外と共同投資枠を詰める	教育費と雇用不安を抑え成長を守る	対中縮小の穴埋めと財政が限界	64.0	56.0	84.0	78.0	86.0	72.0	88.0	16.0	教育費の政治化が波及し、就職と学び直しの不安が増える
44	PRK	北朝鮮	North Korea	東アジア	間接衝突	示威で譲歩と注意逸らし	発射示威と越境サイバーを段階強化	包囲に対抗し国防優先を強調	外貨・燃料不足で長期緊張は負担	94.0	52.0	88.0	85.0	81.0	76.0	95.0	13.0	安保不安が教育費争点と結び、将来設計が萎縮しやすい
44	RUS	ロシア	Russia	ユーラシア	間接衝突	資源と情報で揺さぶり継続	燃料・穀物の供給観測を攪乱し交渉圧力	制裁下でも動員と統制で国家を守る	戦費と制裁で部材難、収入確保が必須	88.0	84.0	80.0	90.0	81.0	79.0	90.0	17.0	学費政治化で家計不安が拡大し、進学・就活の将来像が曇る
44	UKR	ウクライナ	Ukraine	欧州	限定戦争	支援維持へ復興優先を訴求	欧米日に復興資金と防空弾薬の確約要請	復興と防衛を両立し生活基盤を守る	支援疲れと財政逼迫で継戦が細る	82.0	58.0	86.0	78.0	92.0	72.0	84.0	25.0	対外不確実性に教育費争点化が重なり将来設計が縮む
44	IRN	イラン	Iran	中東	境界的圧力	停戦維持と対外取引の確保	海上輸送の抑止を誇示しつつ非米圏取引拡大	外圧下でも治安と生活物資を守る	制裁と財政難で強硬姿勢に傾きやすい	72.0	86.0	80.0	77.0	88.0	81.0	90.0	21.0	燃料高と学費不安が重なり、将来設計が縮む
44	ISR	イスラエル	Israel	中東	間接衝突	安保優先で技術統制強化	米欧と歩調合わせ輸出管理・対サイバー連携	教育負担の怒りを抑えつつ安全を守る	戦費と分断で若者支援が薄くなる	66.0	58.0	82.0	93.0	90.0	85.0	92.0	18.0	学費不安と雇用の霧が重なり、将来像が縮む感覚が拡散
44	SAU	サウジアラビア	Saudi Arabia	中東	圧力上昇	価格安定と投資資金確保	OPEC+で増産余地を示し価格乱高下抑制	安定収益で雇用と改革投資を維持	歳入依存で価格下げ過ぎは体制不安	60.0	54.0	72.0	56.0	74.0	61.0	86.0	21.0	教育費が政治化し家計不安が増幅、将来設計が縮む
44	EU	欧州連合	European Union	欧州	圧力上昇	教育負担と競争力の調整	対日で技能・教育協力と規制整合を継続	負担軽減と雇用転換を同時に進める	加盟国の財政差で支援が薄まりやすい	62.0	53.0	68.0	63.0	77.0	60.0	81.0	29.0	学費不安の政治化が日本にも波及し将来設計が曇る
45	USA	アメリカ	United States	北米	境界的圧力	同盟を梃子にAI統制を強化	対日へ防衛費・輸出管理・データ連携を要求	雇用と安全を守るため同盟で競争力を確保	若者抗議で正統性低下、対外成果が必要	86.0	63.0	88.0	95.0	93.0	84.0	94.0	10.0	抗議映像が連鎖し、雇用と生活の先行き不安が増幅
45	CHN	中国	China	東アジア	境界的圧力	内安定優先で対日圧力を調整	対日部材供給は条件維持、世論戦強化	雇用と物価を守り外圧に耐える	若者不満が増え長期強硬は不利	80.0	58.0	88.0	92.0	74.0	86.0	94.0	20.0	就職と物価不安がSNSで増幅し、将来像が縮む
45	JPN	日本	Japan	東アジア	圧力上昇	抗議抑制と再分配調整	同盟と供給網協議、エネ・計算資源分散	若者不安に対応し雇用・住居支援を拡充	財源逼迫で給付薄く、負担増に反発	63.0	57.0	86.0	60.0	98.0	70.0	96.0	10.0	怒りが将来不信へ直結。支援の薄さが夢を削る
45	TWN	台湾	Taiwan	東アジア	境界的圧力	供給堅持と世論鎮静	米日欧へ供給枠継続を要請し抑止連携強化	安全と生活を守る、雇用と住居対策を前倒し	防衛・電力・賃上げ圧で財政が詰まりやすい	86.0	70.0	88.0	86.0	92.0	90.0	97.0	12.0	供給不安と抗議報道で将来像が曇り、学び直しが損に見える
45	KOR	韓国	South Korea	東アジア	境界的圧力	若者不満の封じ込め優先	対米で半導体枠と例外確保、対中は慎重	雇用・住宅支援を拡充し秩序ある改革を進める	財政余力が薄く、安保と生活対策が衝突	66.0	58.0	82.0	80.0	88.0	74.0	92.0	14.0	SNS抗議の連鎖が日本にも波及し、将来像の不確実感が増幅
45	PRK	北朝鮮	North Korea	東アジア	間接衝突	示威で主導権と注意逸らし	短距離発射示威とサイバー攪乱を抑制的に継続	敵対包囲に対抗し統制と国防を優先	外貨・燃料不足で長期緊張は維持困難	92.0	54.0	86.0	84.0	80.0	75.0	96.0	14.0	安保不安がSNS抗議の不満と共振し、将来設計が縮む
45	RUS	ロシア	Russia	ユーラシア	間接衝突	分断と資源で圧力維持	資源供給観測を揺らし欧米の結束を削る	外圧下でも動員と統制で国を守る	戦費と制裁で部材難、収入確保が最優先	86.0	82.0	83.0	89.0	80.0	77.0	94.0	16.0	SNS抗議が日本にも波及し、将来像が不信と諦めに傾く
45	UKR	ウクライナ	Ukraine	欧州	限定戦争	支援疲れを抑え継戦確保	欧米日に防空弾薬と復興資金の前倒し要請	前線維持と生活再建を同時に進める	人的損耗と財政枯渇、支援の条件化が重い	84.0	60.0	88.0	79.0	93.0	74.0	86.0	24.0	世界不安とSNS抗議が共振し、就職・住居の見通しが曇る
45	IRN	イラン	Iran	中東	境界的圧力	体制安定優先で対外圧力維持	停戦枠内で航路リスク示唆と取引交渉	外圧と混乱に強く治安と配給を守る	抗議連鎖が怖く妥協は弱腰に見える	74.0	88.0	82.0	78.0	89.0	83.0	92.0	20.0	燃料高とSNS不安で将来設計が守りに入りやすい
45	ISR	イスラエル	Israel	中東	間接衝突	治安維持と技術優位を死守	対サイバー連携強化と輸出管理を継続	脅威下でも生活不安に対応する	分断と戦費で若者支援が後回し	68.0	60.0	84.0	94.0	92.0	86.0	95.0	16.0	抗議の連鎖が日本にも波及し、将来は不公平という感情が増幅
45	SAU	サウジアラビア	Saudi Arabia	中東	圧力上昇	価格安定と体制安定優先	OPEC+で調整、対米安保協議を継続	安定収入で雇用と改革投資を守る	価格下げ過ぎは歳入減で不満増幅	63.0	57.0	74.0	57.0	75.0	62.0	90.0	20.0	生活費と雇用不安がSNSで増幅し、将来像が縮む
45	EU	欧州連合	European Union	欧州	圧力上昇	不満吸収と規制維持	対日でAI規制整合と若者雇用連携を提案	生活費と雇用転換を急ぎ、秩序を守る	加盟国分断で給付・規制の一貫性が揺れる	60.0	52.0	71.0	61.0	79.0	59.0	86.0	27.0	SNS抗議が日本にも伝播し将来像が揺れやすい
46	USA	アメリカ	United States	北米	境界的圧力	同盟結束で抑止とAI統制	対日へ防衛即応・輸出管理強化と共同備蓄	台湾・朝鮮の緊張に備え同盟で供給網を守る	国内分断と生活費圧、対外成果で正統性維持	88.0	68.0	90.0	96.0	94.0	91.0	95.0	12.0	半導体不安と動員論が拡散し、将来設計が縮む感覚が強まる
46	CHN	中国	China	東アジア	境界的圧力	周辺威圧で抑止、内安定確保	海空活動拡大、重要品目は許認可で調整	外部挑発に備えつつ雇用と物価を守る	景気と若者不満が重く全面緊張は避けたい	87.0	62.0	90.0	94.0	76.0	90.0	95.0	18.0	安保不安と供給不安が就職観を冷やし、挑戦意欲が縮む
46	JPN	日本	Japan	東アジア	境界的圧力	同盟軸で抑止と生活防衛	対米協調で抑止強化、半導体・物流の迂回確保	緊張は長期化、物価と雇用の下支えを優先	財政限界で厚い支援困難、負担増が火種	72.0	61.0	84.0	67.0	97.0	78.0	95.0	9.0	安全保障不安と物価で将来像が曇る。支援薄いと諦めが増える
46	TWN	台湾	Taiwan	東アジア	境界的圧力	供給維持と抑止強化	米日欧と演習・制裁連携、供給優先枠再調整	緊張は上がるが生活防衛と雇用を守る	電力・防衛・賃金の三重圧で配分が限界	90.0	76.0	90.0	90.0	95.0	93.0	98.0	10.0	海峡不安と供給報道で将来像が閉じ、挑戦が割に合わなく見える
46	KOR	韓国	South Korea	東アジア	境界的圧力	同盟維持と雇用不安抑制	対米で半導体枠確保、対北抑止強化	危機管理と生活安定を同時に進める	財政余力不足で支援が薄くなり得る	72.0	61.0	84.0	82.0	90.0	78.0	93.0	12.0	安保不安と雇用観測が重なり、将来設計の萎縮が強まる
46	PRK	北朝鮮	North Korea	東アジア	間接衝突	示威で抑止と注意逸らし	短距離発射準備示唆とサイバー攪乱を強める	包囲に屈せず国防優先で団結	燃料・外貨不足で長期は維持困難	94.0	56.0	88.0	86.0	82.0	78.0	97.0	13.0	安保不安と半導体懸念が重なり、進路選択が守りに寄る
46	RUS	ロシア	Russia	ユーラシア	間接衝突	資源と分断で継戦優位	対アジア輸出強調と影響工作で揺さぶる	包囲に耐え国家を守ると強調	戦費・制裁で部材難、外貨確保が急務	88.0	86.0	84.0	92.0	82.0	83.0	93.0	14.0	半導体不安と物価連動で将来設計が縮み、諦めが増す
46	UKR	ウクライナ	Ukraine	欧州	限定戦争	支援確保と前線維持を優先	欧米日へ弾薬・防空と復興資金を再要請	戦時体制を維持し生活基盤の崩壊を防ぐ	支援疲れと条件化、人的損耗が限界	83.0	63.0	80.0	78.0	90.0	72.0	84.0	26.0	東アジア緊張で支援注意が分散し、将来不安が再燃
46	IRN	イラン	Iran	中東	境界的圧力	停戦維持しつつ対外圧力示す	航路リスクを示唆し制裁緩和を探る	外圧下でも治安と配給を守る	抗議再燃と財政逼迫で強硬も妥協も痛い	76.0	90.0	80.0	82.0	88.0	85.0	91.0	19.0	燃料高と半導体不安が重なり将来設計が縮こまりやすい
46	ISR	イスラエル	Israel	中東	境界的圧力	技術・治安を優先維持	サイバー協力拡大と輸出管理を微強化	対外不確実性へ備え、治安と産業を守る	戦費と分断で民生余力が細る	70.0	58.0	78.0	96.0	90.0	88.0	92.0	18.0	半導体不安で将来の職・学びが詰まる感覚が増し不安が拡散
46	SAU	サウジアラビア	Saudi Arabia	中東	圧力上昇	価格安定と対米関係維持	OPEC+調整、アジア向け供給を安定化	市場安定で雇用と改革投資を守る	過度な増産は歳入減と体制不安	65.0	61.0	76.0	60.0	78.0	66.0	91.0	18.0	物価と雇用不安が強まり、将来設計が短期化する
46	EU	欧州連合	European Union	欧州	境界的圧力	対中警戒と規制主導	対日へ半導体供給協議と規制整合を要請	対外依存を減らし雇用転換を加速する	加盟国利害が割れ対中強硬に足並み難	66.0	54.0	73.0	64.0	77.0	68.0	82.0	25.0	半導体不安と規制連動で就活観が揺れ、悲観が増幅
47	USA	アメリカ	United States	北米	境界的圧力	同盟負担増とAI効率化	対日へ防衛分担とAI公共DX協力要求	人手不足にAI導入、同盟で供給網防衛	生活費と人材難、対外成果で正統性維持	85.0	63.0	86.0	94.0	92.0	88.0	92.0	14.0	公共職の負担増と配分不安で将来像が曇りやすい
47	CHN	中国	China	東アジア	境界的圧力	周辺圧力維持、経済安定優先	海空活動は継続、重要品目は通関で調整	外圧に備えつつ雇用と物価を守る	景気減速と若者不満で過度緊張は不利	88.0	60.0	92.0	95.0	78.0	91.0	96.0	16.0	生活インフラ不安が就職・将来像を暗くし挑戦回避が増える
47	JPN	日本	Japan	東アジア	境界的圧力	生活機能の維持を最優先	同盟連携で供給網・燃料の迂回確保	人手不足対策で生活基盤を守る	増税回避と歳出制約で手当薄い	70.0	60.0	86.0	66.0	98.0	79.0	96.0	8.0	学校・医療の逼迫が将来不信に直結、挑戦より安定志向が強まる
47	TWN	台湾	Taiwan	東アジア	境界的圧力	供給維持と国内安定優先	対米日で監視共有、供給枠を安定運用	公共人材確保を急ぎ、非常時体制を整える	人手不足で行政・防衛運用が痩せる	88.0	72.0	86.0	88.0	92.0	90.0	96.0	12.0	海峡不安と人手不足報道が重なり、挑戦より安定が得に見える
47	KOR	韓国	South Korea	東アジア	圧力上昇	同盟維持と生活安定優先	対米で半導体枠と防衛協力を再確認	公共サービス維持へ採用増とAI導入	財政と人材不足で即効策が限られる	68.0	58.0	80.0	78.0	88.0	74.0	90.0	16.0	近隣不安と公務不足報道が重なり将来像が曇る
47	PRK	北朝鮮	North Korea	東アジア	間接衝突	示威で抑止と譲歩引出し	発射訓練示唆とサイバー攪乱を継続	敵対包囲に備え国防優先で結束	外貨・燃料難で持久は細い	93.0	58.0	91.0	87.0	84.0	79.0	98.0	12.0	公共サービス不安に安保不安が上乗せし、将来像が縮む
47	RUS	ロシア	Russia	ユーラシア	間接衝突	資源輸出で影響力維持	非西側向け供給継続と制裁回避網強化	外圧下でも国家機能と生活基盤を守る	人材不足と戦費で統治コスト増、代替調達が鍵	86.0	84.0	82.0	90.0	80.0	82.0	91.0	16.0	公共サービス不安と物価連動で将来像が縮み、離職・回避が増える
47	UKR	ウクライナ	Ukraine	欧州	限定戦争	支援条件を飲み前線維持	欧米日へ防空・弾薬と復興枠を再要請	停戦論は理解するが防衛と生活を守る	支援疲れと人的損耗、財政枯渇が重い	82.0	61.0	78.0	77.0	89.0	70.0	83.0	27.0	国内人手不足の実感に外的危機報道が重なり、若者の将来不安が増幅
47	IRN	イラン	Iran	中東	境界的圧力	停戦維持しつつ取引圧力	航路・供給不確実性を示し緩和交渉	生活防衛を優先し外圧に屈しない	抗議火種と財政難で強硬も長続きせず	74.0	88.0	77.0	80.0	86.0	83.0	90.0	17.0	燃料高と公共人材不足が重なり将来像が描きにくい
47	ISR	イスラエル	Israel	中東	境界的圧力	治安と技術優位を堅持	サイバー連携拡大、輸出管理を厳格化	長期不確実性へ備え治安と供給を守る	戦費と内部分断で民生投資が伸びない	72.0	60.0	80.0	94.0	92.0	86.0	93.0	16.0	公共人材不足の連想で生活不安が増幅、進路が縮む感覚が強まる
47	SAU	サウジアラビア	Saudi Arabia	中東	圧力上昇	原油安定で歳入と体制維持	OPEC+調整とアジア向け供給維持	価格安定で雇用と改革投資を守る	増産は歳入減、減産は対米摩擦	63.0	58.0	72.0	59.0	80.0	64.0	88.0	20.0	公共サービス不安で負担感が増し、物価連想が若者の将来不安を押す
47	EU	欧州連合	European Union	欧州	圧力上昇	生活維持へ自動化と規制両輪	対日へAI安全基準整合と人材・部材協力を要請	公共サービスを守るため生産性改革を進める	加盟国差と労組反発で改革速度が鈍い	60.0	52.0	70.0	61.0	74.0	66.0	80.0	28.0	社会の人手不足が連想不安に。安定職志向が強まる
48	USA	アメリカ	United States	北米	境界的圧力	対日負担増と技術囲い込み	対日へ防衛分担・輸出管理順守を要求	同盟強化と雇用転換で国益を守る	国内分断と生活費で対外成果が必要	88.0	66.0	90.0	96.0	94.0	90.0	93.0	12.0	負担増と計算資源不足で機会が細り、離脱と焦りが分岐する
48	CHN	中国	China	東アジア	境界的圧力	周辺圧力維持、景気下支え	海空圧力を継続、対日重要品目を選別運用	外圧に備えつつ雇用と物価を守る	若者不満と輸出鈍化で過度緊張は逆効果	90.0	62.0	88.0	93.0	74.0	89.0	94.0	18.0	不確実性が長期化し、就職不安と挑戦回避が強まる
48	JPN	日本	Japan	東アジア	境界的圧力	生活機能維持と分断抑制	同盟協調で燃料・部材の迂回確保	制度更新に参加できる支援を優先	歳出硬直で若者策が薄くなる	68.0	58.0	84.0	64.0	96.0	77.0	95.0	9.0	参加層と離脱層の差が可視化し、将来不安が固定化しやすい
48	TWN	台湾	Taiwan	東アジア	境界的圧力	供給継続と抑止強化	対米日で警戒共有、供給優先枠を調整	不確実性に備え、雇用と防衛を同時に守る	人材・電力・財政が同時に逼迫する	84.0	68.0	78.0	85.0	88.0	86.0	92.0	18.0	供給不安が固定化し、挑戦より撤退が合理的に見える
48	KOR	韓国	South Korea	東アジア	境界的圧力	半導体優先と対北抑止	対米で半導体枠確保、対北監視強化	雇用転換を急ぎ、抑止と物価を両立	若者不満と財政制約で配分が割れる	72.0	61.0	83.0	76.0	86.0	77.0	92.0	14.0	近隣緊張と雇用不安が重なり、努力しても報われない感が増す
48	PRK	北朝鮮	North Korea	東アジア	間接衝突	示威維持で譲歩を狙う	短距離発射準備と偽装演習、サイバー継続	外圧に屈せず国防で生活を守る	燃料・外貨難で長期対峙は苦しい	94.0	60.0	92.0	88.0	86.0	80.0	98.0	11.0	安保不安が日常不満と結び、若者の未来選択が萎む
48	RUS	ロシア	Russia	ユーラシア	間接衝突	資源と戦時統治を優先	非西側輸出維持と制裁回避網を拡張	長期戦でも国家機能と雇用を守る	戦費と人材流出で生産基盤が摩耗	88.0	86.0	83.0	92.0	82.0	84.0	90.0	15.0	物価・雇用の見通し差が拡大し、参加層と諦念層が分岐する
48	UKR	ウクライナ	Ukraine	欧州	限定戦争	支援条件順守で持久戦	欧米日へ防空・弾薬と復興融資を再要請	制度更新を進めつつ前線と生活を守る	支援疲れと人的損耗、財政枯渇が限界	84.0	60.0	76.0	75.0	90.0	71.0	82.0	26.0	危機報道が常態化し、若者の将来設計が萎縮。参加層と離脱層の分岐が進む
48	IRN	イラン	Iran	中東	境界的圧力	停戦維持、制裁緩和を迫る	航路リスクを示し仲介国へ取引要求	生活防衛と主権を守る現実路線	抗議と財政難で長期強硬は困難	76.0	90.0	79.0	82.0	88.0	84.0	92.0	16.0	燃料高と供給不安が固定化し、若者は努力が報われぬ感覚へ
48	ISR	イスラエル	Israel	中東	間接衝突	安全優先で技術統制を強化	サイバー抑止と輸出管理、同盟調整	長期戦に備え治安と供給網を守る	戦費と分断で若者投資が後回し	74.0	63.0	82.0	96.0	90.0	88.0	94.0	15.0	分岐が固定化する恐れが強まり、進路選択が守りに寄る
48	SAU	サウジアラビア	Saudi Arabia	中東	圧力上昇	価格安定と体制投資優先	OPEC+で小幅調整、アジア供給堅持	収益確保で改革と雇用を継続する	対米配慮と歳入確保の両立が難しい	61.0	60.0	70.0	58.0	78.0	63.0	86.0	22.0	物価連想が強まり分岐感が拡大、努力が報われない感情を押す
48	EU	欧州連合	European Union	欧州	圧力上昇	規制整合と産業防衛を優先	対日へAI規格整合と供給網・人材協力要求	雇用と安全を守るため産業政策を強化	加盟国分断と労組圧で改革が遅い	63.0	54.0	68.0	62.0	72.0	64.0	78.0	30.0	規格圧力と雇用不安が増幅。安定志向と諦念が二極化
49	USA	アメリカ	United States	北米	境界的圧力	同盟負担増とAI囲い込み継続	対日へ防衛分担・輸出管理・計算資源連携を要求	雇用転換と地域維持を制度化し競争力を守る	国内分断と生活費で対外成果と財源確保が必須	84.0	61.0	83.0	94.0	92.0	86.0	88.0	16.0	負担増と計算資源不安が続く一方、制度化議論が希望の糸口にもなる
49	CHN	中国	China	東アジア	境界的圧力	圧力維持し安定雇用を優先	台湾周辺圧力継続、対日重要部材は選別運用	外圧下でも雇用と秩序を守り発展を続ける	景気鈍化と若者不満で過度緊張は禁物	88.0	60.0	84.0	92.0	72.0	86.0	90.0	24.0	制度化議論は希望の逃げ道になるが不確実性は残る
49	JPN	日本	Japan	東アジア	境界的圧力	制度化で分断を抑える	同盟と調達多角化で燃料・部材確保	地域維持・ケア等を報酬化し参加を促す	財政硬直で恒久財源が見えにくい	66.0	57.0	82.0	63.0	94.0	75.0	93.0	11.0	制度参加の道は見えるが、負担感で将来像は割れやすい
49	TWN	台湾	Taiwan	東アジア	境界的圧力	供給継続と抑止の同時運用	対米日で警戒共有、供給枠と輸出管理を調整	安全と雇用を守り、制度更新で生活を支える	電力・人材・安全保障費が同時に重い	82.0	66.0	76.0	83.0	86.0	84.0	88.0	22.0	供給不安は続くが、報酬化議論で将来像が少し見える
49	KOR	韓国	South Korea	東アジア	境界的圧力	半導体と若者安定を優先	対米で半導体枠維持、対北監視継続	制度化で雇用移行を支え抑止も維持	予算配分が割れ世論の不信が残る	70.0	58.0	78.0	72.0	82.0	74.0	88.0	18.0	制度化の議論は希望の種だが、競争と不安が先に立つ
49	PRK	北朝鮮	North Korea	東アジア	間接衝突	示威と対話窓口を併用	発射示威とサイバー継続、対米間接接触	敵対勢力に屈せず抑止で体制を守る	外貨・燃料不足で長期緊張は負担	92.0	58.0	88.0	85.0	82.0	78.0	95.0	18.0	安保不安が就労・進学判断を萎縮。制度化議論は緩衝を少し増す
49	RUS	ロシア	Russia	ユーラシア	間接衝突	資源収入と統制を堅持	価格条件で資源供給を選別し制裁迂回	国家維持のため産業と雇用を動かす	戦費・動員・制裁で基盤劣化が加速	86.0	83.0	80.0	91.0	79.0	82.0	88.0	18.0	物価不安が継続。将来設計が短期化し挑戦が減る
49	UKR	ウクライナ	Ukraine	欧州	限定戦争	支援条件順守で持久戦維持	欧州・日へ防空と復興資金の枠拡大要請	制度更新で支援維持し前線と生活を守る	人的損耗と支援疲れで財政と動員が逼迫	82.0	58.0	74.0	73.0	88.0	69.0	78.0	28.0	危機の長期化が常態化し、若者の挑戦意欲が萎縮。安定志向と離脱志向が強まる
49	IRN	イラン	Iran	中東	境界的圧力	停戦維持で体制安定を優先	仲介国経由で制裁緩和と停戦枠組みを要求	生活と尊厳を守る現実的な安定路線	財政・抗議・治安で強硬長期化は不可	72.0	86.0	77.0	80.0	84.0	82.0	90.0	18.0	燃料高と不安定情報が続き、将来設計が縮む感覚を強める
49	ISR	イスラエル	Israel	中東	間接衝突	安全優先で統制維持	サイバー抑止強化と輸出管理を調整	安全と経済の両立へ制度改革も検討	戦費と分断で制度化の実装余力薄い	76.0	66.0	80.0	94.0	92.0	86.0	91.0	18.0	先端供給網の不透明感が続き、将来設計が慎重化
49	SAU	サウジアラビア	Saudi Arabia	中東	圧力上昇	価格安定で改革資金確保	OPEC+で据置寄り、対アジア供給優先	安定収益で雇用と改革を進める	対米配慮と歳入確保が綱引き	60.0	57.0	68.0	58.0	76.0	62.0	84.0	23.0	物価不安は続くが、ケア等の報酬化議論が将来像の糸口になる
49	EU	欧州連合	European Union	欧州	圧力上昇	規制と雇用移行を制度化	対日へケア・教育接続の制度設計共有と規格整合要求	社会維持の仕事を報酬化し移行不安を抑える	加盟国差と財政規律で実装が遅れやすい	61.0	52.0	65.0	60.0	70.0	62.0	76.0	33.0	規格圧力は続くが、移行の道筋が見え不安が少し和らぐ
50	USA	アメリカ	United States	北米	境界的圧力	同盟負担とAI覇権を優先	対日へ防衛分担・AI規制整合・輸出管理強化	自動化で雇用転換を急ぎ競争力を守る	生活費不満と分断で外成果・財源が必要	86.0	63.0	88.0	95.0	93.0	87.0	90.0	14.0	雇用不安と負担増が強まり将来像が曇るが、再訓練が鍵
50	CHN	中国	China	東アジア	境界的圧力	雇用安定を軸に圧力継続	台湾周辺で示威継続、対日部材は選別供給	自動化対応で雇用守り外圧に屈しない	失業不安が増え対外強硬の調整幅が狭い	90.0	63.0	88.0	94.0	76.0	89.0	92.0	22.0	就職観が揺れ不安増。だが技能転換の動機にもなる
50	JPN	日本	Japan	東アジア	境界的圧力	雇用転換を急ぎ不安を抑制	同盟調整で燃料・半導体調達を確保	再訓練と生活支援を優先し移行を守る	恒久財源が弱く給付と防衛が競合	68.0	60.0	88.0	66.0	96.0	78.0	95.0	9.0	置換不安が就活観を冷やすが、移行支援が見えれば離脱は抑制
50	TWN	台湾	Taiwan	東アジア	境界的圧力	供給継続と雇用防衛の両立	米日と供給枠維持、重要品目の優先配分	自動化波に備え再訓練と産業転換を加速	電力・人材・防衛費で政策余力が逼迫	84.0	68.0	82.0	86.0	88.0	83.0	90.0	20.0	仕事の先行き不安が増幅、供給不安で将来設計が縮む
50	KOR	韓国	South Korea	東アジア	境界的圧力	半導体主導で雇用移行を急ぐ	対米で先端枠確保、対日協調は選別	自動化第二波に備え再訓練と産業転換	世代間不満と与野党対立で一枚岩でない	72.0	60.0	85.0	76.0	86.0	78.0	90.0	16.0	雇用の先細り感が増幅。近隣競争で将来不安が強まる
50	PRK	北朝鮮	North Korea	東アジア	間接衝突	示威で抑止、外貨確保	発射準備示威とサイバー継続、対話窓口維持	抑止で体制と生活を守る	外貨・燃料不足、長期緊張は重い	93.0	60.0	90.0	86.0	84.0	80.0	96.0	16.0	安保不安×自動化で将来像が曇り、進学就労が萎縮
50	RUS	ロシア	Russia	ユーラシア	間接衝突	資源と統制を優先し対外圧を相殺	資源供給を政治条件で調整し制裁迂回強化	AI活用で生産性と戦時経済を維持する	動員負担と技能空洞化で統治コスト増	88.0	79.0	84.0	92.0	81.0	83.0	90.0	16.0	雇用像が崩れ不安が増幅。進路選択が保守化する
50	UKR	ウクライナ	Ukraine	欧州	限定戦争	支援維持へ制度順守と動員調整	欧米日へ防空・弾薬・復興資金を要請	改革継続で支援を繋ぎ前線と生活を守る	人的損耗と支援疲れで財政・動員が限界	83.0	60.0	78.0	76.0	90.0	71.0	80.0	26.0	長期危機と自動化波及で将来像が霞み、挑戦より安定志向が強まる
50	IRN	イラン	Iran	中東	境界的圧力	停戦維持と体制引締め	仲介国経由で停戦延長と制裁緩和を取引	外圧下でも雇用と物価を守ると強調	歳入不足と抗議再燃で強硬一辺倒は危険	70.0	84.0	80.0	81.0	86.0	83.0	92.0	17.0	燃料高とAI職不安が重なり、将来設計を縮める圧が強まる
50	ISR	イスラエル	Israel	中東	間接衝突	安全優先で技術統制強化	対外サイバー抑止と技術輸出管理を拡張	非常時体制で雇用再訓練と安全を両立	戦費・分断で再訓練投資と成長が両立困難	78.0	69.0	86.0	95.0	93.0	88.0	93.0	16.0	自動化波と供給網不安が重なり、就職像が縮み不安増幅
50	SAU	サウジアラビア	Saudi Arabia	中東	圧力上昇	価格主導権と体制安定	OPEC+で段階調整、アジア向け供給維持	収益を雇用と改革に回し安定を守る	歳入確保と対米配慮、地域不安が制約	63.0	61.0	72.0	56.0	78.0	64.0	86.0	22.0	物価と雇用の同時不安で将来像が曇り、技能転換圧が強まる
50	EU	欧州連合	European Union	欧州	圧力上昇	規制強化と移行支援を急ぐ	対日へAI適合監査・人材再訓練の枠組み共有	自動化波でも雇用と権利を守る移行策を実施	加盟国差と選挙で合意形成が遅い	63.0	54.0	72.0	61.0	69.0	64.0	78.0	32.0	規格対応と職不安が同時に来て将来像が曇りやすい
51	USA	アメリカ	United States	北米	境界的圧力	同盟負担と生産性を要求	対日へ防衛費・人材流動化とAI投資を要請	雇用不安に再訓練と家計支援で対処	分断と物価で外成果と財源が要る	84.0	61.0	86.0	94.0	92.0	85.0	88.0	16.0	将来不安と家計圧迫が出生意向低下を加速、支援の見通しが鍵
51	CHN	中国	China	東アジア	境界的圧力	雇用安定優先で対外圧力維持	台湾周辺の示威継続、対日輸出は許可制を強化	雇用と物価を守り外圧に屈しない	若年雇用悪化で強硬姿勢の後退が難しい	92.0	66.0	90.0	95.0	74.0	91.0	93.0	20.0	就職と将来不安が出生意向低下と結びつき焦燥が増幅
51	JPN	日本	Japan	東アジア	境界的圧力	若者不安の沈静を優先	燃料確保と計算資源枠で同盟協議	出生不安の要因を下げ生活を守る	恒久財源不足で給付と防衛が競合	70.0	63.0	90.0	69.0	97.0	80.0	96.0	8.0	将来設計が細り、結婚・出産も就活も先送りが増える
51	TWN	台湾	Taiwan	東アジア	境界的圧力	半導体継続と社会安定優先	米日と供給枠再確認、海峡抑止協調を強化	雇用と生活を守りつつ防衛を着実に進める	電力・人材不足で若者支援と設備投資が競合	86.0	66.0	78.0	84.0	81.0	80.0	88.0	24.0	出生不安報道と重なり、将来設計がさらに慎重化する
51	KOR	韓国	South Korea	東アジア	境界的圧力	雇用不安の封じ込め優先	対米で先端枠確保、対日供給は条件協調	雇用と住宅負担を下げ出生意向を回復	与野党対立で給付と産業転換が遅れる	70.0	58.0	82.0	74.0	84.0	76.0	88.0	18.0	近隣の雇用・出生不安が連鎖し、将来設計の悲観が増す
51	PRK	北朝鮮	North Korea	東アジア	間接衝突	示威継続、対話は細く残す	短距離発射示威とサイバー外貨確保	外部脅威に備え生活は守る	燃料と外貨不足、緊張長期化は負担	92.0	58.0	86.0	84.0	82.0	78.0	94.0	17.0	安保不安が出生意向低下報道と共鳴し将来像が縮む
51	RUS	ロシア	Russia	ユーラシア	間接衝突	制裁耐性と対外圧の押し返し	資源供給条件化と制裁迂回の拡大	外圧下でも賃金・物資を守ると強調	動員負担と技術人材流出で統治コスト増	90.0	82.0	86.0	93.0	83.0	85.0	91.0	15.0	将来設計が不確実化し、結婚・出産意欲の冷えが加速
51	UKR	ウクライナ	Ukraine	欧州	限定戦争	支援維持へ前線安定を優先	欧米日へ防空・弾薬・復興枠の継続要請	改革と統制で支援を繋ぎ生活を守る	人的損耗と財政逼迫、支援疲れが怖い	82.0	58.0	74.0	72.0	88.0	69.0	79.0	27.0	長期戦の不確実性が、将来設計と子育て期待を冷やす
51	IRN	イラン	Iran	中東	境界的圧力	停戦維持と対内引締め	仲介国と停戦枠組み延長、航路攪乱を示唆	生活防衛と主権を守る、動揺は許さぬ	歳入・抗議不安で強硬だけでは持たない	68.0	82.0	76.0	78.0	84.0	80.0	90.0	19.0	燃料高が家計と将来設計を圧迫、出生意向低下報道と共鳴
51	ISR	イスラエル	Israel	中東	間接衝突	治安優先で経済守る	停戦監視と対外サイバー抑止を強化	不確実性下でも生活と雇用を下支え	戦費と分断で若者支援は限定的	80.0	66.0	84.0	93.0	90.0	86.0	92.0	18.0	将来の家計・雇用像が細り、出生意向低下の不安が加速
51	SAU	サウジアラビア	Saudi Arabia	中東	圧力上昇	価格安定で体制と歳入守る	OPEC+で増産は限定、アジア向け供給は維持	価格の乱高下を抑え雇用と改革財源を確保	対米配慮と地域不安、財政依存が増産を縛る	60.0	58.0	70.0	55.0	76.0	62.0	84.0	24.0	物価高止まりが家計と将来設計を圧迫し、出生意向低下の不安が強まる
51	EU	欧州連合	European Union	欧州	圧力上昇	規制と生活防衛を同時進行	対日へAI規制適合と再訓練協力を要求	雇用移行と物価対策で社会分断を抑える	加盟国差と選挙で意思決定が鈍る	60.0	56.0	74.0	59.0	70.0	62.0	80.0	31.0	雇用と家計不安が重なり出生・将来像が縮む
52	USA	アメリカ	United States	北米	境界的圧力	同盟負担と人材再配分を迫る	対日へ防衛増と職務基準化・AI訓練を要請	雇用移行を支えつつ抑止を強化する	分断と物価で成果提示が要る	86.0	63.0	90.0	95.0	90.0	86.0	90.0	14.0	新卒不安が増幅、再訓練と採用多様化が見えれば緩和
52	CHN	中国	China	東アジア	境界的圧力	雇用不安抑制で圧力維持	台湾周辺の示威継続、対日輸出許可を厳格化	雇用と物価を守り外圧に譲らない	若年雇用不安で譲歩は弱さに見える	90.0	64.0	92.0	96.0	72.0	92.0	94.0	18.0	採用縮小観測が就活不安を増幅、海外要因が自己効力感を削る
52	JPN	日本	Japan	東アジア	境界的圧力	雇用転換の痛みを緩和	同盟と計算資源枠を維持し供給網協議	採用構造変化に対応し再訓練と支援を集中	恒久財源乏しく給付・防衛・育成が競合	66.0	61.0	92.0	68.0	96.0	78.0	94.0	9.0	新卒枠縮小で将来像が曇り、挑戦より先送りが増える
52	TWN	台湾	Taiwan	東アジア	境界的圧力	供給安定と人材確保を優先	米日と供給枠を固定化、代替拠点も協議	雇用転換に備え訓練と生活支援を拡充	電力・人材・対外圧力で投資が硬直	84.0	64.0	82.0	83.0	79.0	78.0	86.0	25.0	新卒採用の変化と供給不安が重なり、進路選択が慎重化
52	KOR	韓国	South Korea	東アジア	境界的圧力	雇用再編と抑止を同時管理	対米で先端枠確保、対日供給は相互条件化	採用再編に備え再訓練と雇用網を拡充	与野党対立で補正遅れ、若者対策が薄い	72.0	57.0	86.0	76.0	82.0	78.0	90.0	16.0	採用再編の連鎖で将来設計が不安定化し悲観増
52	PRK	北朝鮮	North Korea	東アジア	間接衝突	示威継続、交渉窓口は維持	短距離発射で示威、サイバーで外貨確保	外部脅威に備え結束し生活を守る	燃料・外貨不足、制裁下で長期化は重荷	93.0	60.0	88.0	85.0	83.0	79.0	95.0	16.0	安保不安と採用絞りの報道が重なり、将来設計が萎む
52	RUS	ロシア	Russia	ユーラシア	間接衝突	資源圧力で対外交渉優位	資源供給を条件化し制裁迂回を拡大	長期戦下でも物価・雇用を守ると強調	戦費と動員負担で統治コストが増大	88.0	80.0	90.0	92.0	82.0	84.0	90.0	16.0	採用絞りと先行き不安が重なり、挑戦意欲が萎む
52	UKR	ウクライナ	Ukraine	欧州	限定戦争	支援維持へ前線安定を優先	欧米日へ防空・弾薬・復興枠の追加要請	統制と改革で支援を繋ぎ生活を守る	人的損耗と財政逼迫、支援疲れが怖い	84.0	60.0	78.0	73.0	90.0	71.0	81.0	25.0	採用の選別化と戦争長期化が重なり、将来像が描きにくい
52	IRN	イラン	Iran	中東	境界的圧力	停戦維持と制裁耐性誇示	停戦枠組み延長を受諾、航路警戒を強化	主権と生活を守る、外圧に屈しない	歳入難と抗議リスクで長期強硬は困難	70.0	86.0	79.0	80.0	86.0	82.0	92.0	18.0	燃料高と採用転換不安が重なり将来観が冷えやすい
52	ISR	イスラエル	Israel	中東	間接衝突	抑止維持と技術確保	停戦監視とサイバー抑止、調達先多角化	治安優先だが経済活動と雇用を守る	戦費と政治分断で長期投資が細る	78.0	64.0	88.0	92.0	89.0	85.0	90.0	20.0	採用転換と不安定報道が重なり将来像が縮む
52	SAU	サウジアラビア	Saudi Arabia	中東	圧力上昇	価格安定で歳入と改革を維持	OPEC+で小幅調整、対アジア供給を優先	改革財源と雇用維持へ価格の安定を図る	地域再燃と対米配慮で増産余地が狭い	61.0	57.0	72.0	55.0	77.0	63.0	86.0	23.0	採用縮小の不安に物価高が重なり、将来設計が短期化する
52	EU	欧州連合	European Union	欧州	圧力上昇	規制適合と雇用移行を優先	対日へAI規制整合と職能認証連携を要請	雇用転換を支え競争力と公正を守る	加盟国差と選挙で妥協が増える	61.0	54.0	76.0	60.0	71.0	63.0	81.0	30.0	新卒枠縮小の連想で不安増、技能投資が鍵に見える
53	USA	アメリカ	United States	北米	境界的圧力	同盟負担と供給網強化要求	対日へ防衛費増と介護AI導入・訓練を要請	雇用移行と家計支援を守り抑止を維持	分断と物価で成果が必要、同盟に負担転嫁	84.0	60.0	92.0	93.0	91.0	85.0	92.0	12.0	介護負担増で将来観が沈む、再訓練とケア支援が鍵
53	CHN	中国	China	東アジア	境界的圧力	対日圧力は維持し管理	台湾周辺活動を抑制せず、対日重要品の審査を継続	外圧下でも雇用と供給網を守る	若年雇用不安で弱腰は許されない	89.0	66.0	94.0	95.0	75.0	91.0	95.0	16.0	介護と仕事の両立危機に外圧が重なり、採用慎重化とSNS不安が連鎖し将来展望が縮む
53	JPN	日本	Japan	東アジア	境界的圧力	ケア危機に備え雇用と生活を防衛	同盟枠で供給網・計算資源の確保を交渉	介護育児の負担増へ給付と働き方支援を強化	恒久財源乏しく防衛・給付・育成が衝突	64.0	60.0	94.0	70.0	97.0	80.0	96.0	8.0	家計と両立不安が増幅し、将来設計の先送りが広がる
53	TWN	台湾	Taiwan	東アジア	境界的圧力	供給安定と社会支援を優先	米日と半導体供給枠を再確認し分散投資	安全確保と両立支援を同時に進める	人材流出と電力制約で余力が細る	86.0	66.0	84.0	85.0	81.0	80.0	88.0	23.0	介護負担の不安に供給不確実性が重なり、進路と家計見通しが萎む
53	KOR	韓国	South Korea	東アジア	境界的圧力	雇用不安と抑止を再調整	対米で先端枠確保、対日供給は条件付き維持	介護・子育て負担に対応し雇用網を厚くする	与野党対立で歳出調整が難航、若者策が遅れる	68.0	60.0	88.0	74.0	86.0	79.0	92.0	14.0	採用縮小と介護負担の連想で将来設計が萎み、不安が増幅
53	PRK	北朝鮮	North Korea	東アジア	間接衝突	示威で主導権、対話窓口も残す	発射示威とサイバー継続、対話示唆	外圧に屈せず体制と生活を守る	外貨・燃料不足、失点回避が最優先	92.0	61.0	90.0	86.0	84.0	80.0	96.0	15.0	介護不安と安保不安が重なり、将来像が描けず萎縮
53	RUS	ロシア	Russia	ユーラシア	間接衝突	資源と制裁迂回で主導権確保	原油・ガス供給条件を硬化し迂回取引を拡大	長期戦でも生活と雇用を守ると強調	戦費・動員負担で統治コスト増、投資不足	90.0	83.0	88.0	93.0	84.0	85.0	92.0	14.0	介護・育児不安に物価高が重なり、将来像が描きにくい
53	UKR	ウクライナ	Ukraine	欧州	限定戦争	支援の固定化と前線維持	欧米日へ防空・弾薬・復興資金を再要請	長期戦を前提に統制と支援で持久する	人的損耗と財政難、支援疲れが制約	86.0	63.0	81.0	75.0	92.0	73.0	84.0	22.0	介護・育児不安に戦争長期化が重なり将来設計が曇る
53	IRN	イラン	Iran	中東	境界的圧力	停戦維持で制裁緩和狙い	停戦枠組み維持を条件に対話と航路牽制	生活防衛と主権を両立し外圧に耐える	歳入難と不満蓄積で強硬長期化は不可	68.0	84.0	82.0	79.0	88.0	83.0	93.0	16.0	介護・育児負担の不安に燃料高が重なり将来観が冷えやすい
53	ISR	イスラエル	Israel	中東	間接衝突	抑止継続と内政安定優先	停戦枠維持、対イラン抑止と供給網再編	治安確保を最優先し生活負担の悪化を抑える	戦費と分断で福祉拡充が限界、離職増	76.0	63.0	82.0	90.0	86.0	80.0	88.0	24.0	介護・育児不安と不安定報道が重なり、挑戦より防衛的選択へ
53	SAU	サウジアラビア	Saudi Arabia	中東	圧力上昇	価格安定で歳入と影響抑制	OPEC+で据置基調、対アジア供給を堅持	歳入確保と改革継続へ市場安定を優先	再燃リスクと対米配慮で増産が限定	63.0	59.0	74.0	56.0	78.0	64.0	88.0	22.0	介護・育児不安に物価高が重なり、将来設計がさらに短期化
53	EU	欧州連合	European Union	欧州	圧力上昇	生活負担の緩和を最優先	対日へケア人材協力と技能認証を提案	家計と介護の負担を下げ社会を維持する	財政規律と選挙で恒常支援が難しい	60.0	56.0	78.0	61.0	74.0	64.0	83.0	28.0	介護と就職の両不安が増幅、海外規格対応が重荷に感じる
54	USA	アメリカ	United States	北米	境界的圧力	同盟に負担分担を迫る	対日へ防衛・電力網投資とAI規制整合要求	インフラ投資で雇用を守り競争力を維持	電力・物価で不満増、成果を同盟に求める	86.0	68.0	88.0	92.0	93.0	86.0	90.0	10.0	電力負担と再訓練圧で将来不安が増幅、支援不足感
54	CHN	中国	China	東アジア	境界的圧力	対日圧力は選別し継続	重要物資審査を維持し投資誘導を強化	外圧下でも雇用と安定を最優先	電力・DC投資負担で景気下支えが難化	88.0	72.0	93.0	94.0	80.0	90.0	96.0	14.0	電気代と将来不安が重なり就活は守り、SNSで悲観が増幅
54	JPN	日本	Japan	東アジア	境界的圧力	エネ費用を抑え生活守る	燃料・電力調達の分散と電力網投資を前倒し	電気代高騰を抑えつつ雇用と賃上げを支える	増税回避と投資が両立せず配分が割れる	63.0	72.0	78.0	66.0	91.0	74.0	88.0	7.0	光熱費と将来税負担の不安で挑戦回避が増え、展望が曇る
54	TWN	台湾	Taiwan	東アジア	境界的圧力	供給維持と負担分散	米日欧と電力・燃料調達を多角化	投資負担を抑えつつ安全と雇用を守る	電力網増強と防衛で財政が競合	84.0	72.0	82.0	86.0	85.0	81.0	89.0	21.0	物価と将来費用観が重なり、挑戦より安全志向が強まる
54	KOR	韓国	South Korea	東アジア	境界的圧力	電力負担を抑え同盟軸維持	対米でDC電力・半導体枠確保、対日供給は条件付き	電力網投資は不可避、家計負担は補助で緩和	歳出制約で若者雇用策が薄く、対立も続く	66.0	72.0	84.0	76.0	89.0	78.0	90.0	13.0	電気代・就活不安が連鎖し、将来設計の自信が削れる
54	PRK	北朝鮮	North Korea	東アジア	間接衝突	示威継続、対話余地は保持	短距離示威とサイバー、密輸で燃料確保	外圧下でも体制と生活を守り抜く	外貨と燃料が逼迫、失点回避が先	93.0	68.0	88.0	87.0	86.0	82.0	95.0	14.0	安保不安に電力・物価不安が重なり、将来設計が萎む
54	RUS	ロシア	Russia	ユーラシア	間接衝突	資源で外圧を相殺	供給先選別と価格条件硬化、迂回取引維持	対外圧力下でも歳入と雇用を守ると強調	戦費と投資不足で余力低下、強硬維持が必要	88.0	86.0	84.0	92.0	87.0	83.0	91.0	12.0	電力・DC費用と物価高が重なり、将来設計が縮む
54	UKR	ウクライナ	Ukraine	欧州	限定戦争	支援継続と前線の耐久	欧米日へ防空・弾薬・送電網復旧支援を要請	厳しい局面だが統制と支援で持久する	電力・補修費が膨張、支援疲れが怖い	87.0	69.0	82.0	77.0	93.0	75.0	85.0	21.0	エネ負担と戦争長期化が重なり将来像が描きにくい
54	IRN	イラン	Iran	中東	境界的圧力	停戦維持しつつ交渉優位狙い	停戦枠に残りつつ制裁緩和を要求	外圧下でも生活を守り主権を貫く	歳入難と不満で強硬長期化は困難	70.0	86.0	80.0	78.0	90.0	84.0	92.0	15.0	電力・燃料高が家計直撃、進路と生活の不安が濃くなる
54	ISR	イスラエル	Israel	中東	間接衝突	抑止維持、財政負担を抑制	停戦枠を維持し資金・エネ支援を確保	安全保障を維持しつつ物価高を抑える	戦費と電力投資で家計支援が薄い	74.0	69.0	79.0	88.0	89.0	78.0	86.0	22.0	電力・物価不安が増幅し、将来設計が守りに寄る
54	SAU	サウジアラビア	Saudi Arabia	中東	圧力上昇	価格安定優先で影響管理	OPEC+調整と長期契約で価格を下支え	収益確保で改革投資と雇用を守る	増産は治安・同盟配慮で上限がある	64.0	66.0	76.0	58.0	81.0	65.0	90.0	20.0	電力・物価上昇で可処分所得が削れ、将来像が縮む
54	EU	欧州連合	European Union	欧州	圧力上昇	規制堅持と負担分散	対日へ脱炭素・DC投資協調と規格整合を要求	電力網更新と物価抑制を両立し雇用を守る	投資負担が家計に直撃、合意形成が難しい	58.0	63.0	74.0	66.0	77.0	62.0	80.0	26.0	物価と就活不安が増幅、規格対応が将来を重く感じさせる
55	USA	アメリカ	United States	北米	境界的圧力	同盟の即応とAI規律優先	対日へ防衛即応・人材再訓練枠組み要求	同盟強化で抑止と雇用基盤を守る	物価不満と選挙圧力で成果を急ぐ	84.0	63.0	81.0	89.0	90.0	79.0	86.0	14.0	学業→職の再設計が急がされ、選択不安が増幅
55	CHN	中国	China	東アジア	境界的圧力	対日圧力は選別し緩急	重要物資の審査維持、協力枠で投資誘導	外圧下でも雇用と安定を守る	電力・DC投資負担と若年不安が重い	86.0	68.0	90.0	92.0	78.0	88.0	93.0	18.0	学び→仕事の再設計が進むほど、外圧で先行き不安が増幅
55	JPN	日本	Japan	東アジア	境界的圧力	移行不安を抑え再訓練優先	同盟と需給対話、資源調達と輸出規制回避	学び直しと採用の接続を強化し不安を下げる	財政逼迫で給付と投資が両立しにくい	64.0	68.0	73.0	62.0	92.0	71.0	85.0	9.0	学校→仕事の再設計は期待もあるが、負担感と不確実性が先に立つ
55	TWN	台湾	Taiwan	東アジア	境界的圧力	人材確保と供給継続を優先	日米欧と人材・装置供給の協定強化	雇用と安全を守り供給を止めない	電力・防衛・人材流出が同時に重い	86.0	70.0	78.0	85.0	83.0	79.0	88.0	24.0	進路接続の不確実が増幅し、安定志向が強まる
55	KOR	韓国	South Korea	東アジア	境界的圧力	半導体優先で同盟維持	対米で先端枠確保、対日供給は選別	雇用接続を再設計し成長分野へ誘導	家計物価と防衛負担で与野党対立	64.0	69.0	78.0	74.0	86.0	76.0	88.0	16.0	就活の不透明感は残り、安心感の回復が遅れる
55	PRK	北朝鮮	North Korea	東アジア	間接衝突	示威で抑止、交渉窓口は残す	短距離発射示威とサイバー、制裁回避で外貨確保	外圧に屈せず安全と体制を守る	燃料・外貨不足、失点回避が最優先	94.0	70.0	84.0	88.0	82.0	80.0	96.0	18.0	安保不安が進路選択に影を落とし、挑戦より安全志向が強まる
55	RUS	ロシア	Russia	ユーラシア	間接衝突	資源で制裁耐久を継続	供給先を選別し価格条件を硬化、迂回取引維持	外圧下でも歳入と雇用を守ると強調	戦費負担と投資不足で余力低下、譲歩困難	87.0	84.0	79.0	91.0	85.0	81.0	89.0	14.0	物価・電力・DC費が重く、進路選択が保守化し希望が細る
55	UKR	ウクライナ	Ukraine	欧州	限定戦争	支援確保と復旧の同時進行	欧米日へ防空・電力復旧・弾薬支援を再要請	前線維持と生活再建を優先し結束を保つ	支援疲れと財政逼迫、動員の限界	88.0	67.0	80.0	78.0	92.0	76.0	83.0	22.0	戦争長期化と資源逼迫が重なり、進路と安定の見通しが曇る
55	IRN	イラン	Iran	中東	境界的圧力	停戦枠内で譲歩最小化	停戦維持を演出し制裁緩和を再要求	主権を守りつつ生活物価を抑える	歳入難と不満で強硬継続は限界	68.0	82.0	77.0	76.0	88.0	82.0	90.0	17.0	燃料高と不透明感が続き、就職接続改革も不安が先行
55	ISR	イスラエル	Israel	中東	間接衝突	停戦維持と技術優位の確保	停戦枠を維持しサイバー・輸出管理を強化	安全保障優先でも生活支援は維持すると説明	戦費と連立維持で若者投資が後回し	72.0	66.0	77.0	86.0	87.0	76.0	84.0	24.0	供給不安と物価観測が就職期待を冷やし、慎重志向が強まる
55	SAU	サウジアラビア	Saudi Arabia	中東	圧力上昇	価格安定で影響を抑制	OPEC+調整と対日長期供給を維持	収益を確保し改革と雇用を守る	増産余地は治安・同盟配慮で限定	61.0	63.0	72.0	57.0	79.0	63.0	86.0	23.0	物価高が進路選択を保守化。移行支援の可視化が希望を左右
55	EU	欧州連合	European Union	欧州	圧力上昇	規制主導で協調を条件化	対日へAI安全・労働移行の規格整合を要求	雇用移行と競争力を両立し社会不安を抑える	加盟国差と負担配分で合意が遅れやすい	56.0	52.0	69.0	63.0	72.0	58.0	76.0	31.0	就活像が揺れ不安増。規格適応が負担だが道筋が見えれば持ち直す
56	USA	アメリカ	United States	北米	境界的圧力	同盟負担とAI統制を強化	対日へ防衛即応・輸出管理同調を要求	同盟と技術防衛で雇用と安全を守る	財源難で成果を外部に求める	86.0	66.0	84.0	92.0	93.0	82.0	88.0	12.0	再訓練と動員感が強まり、将来設計の焦りが増す
56	CHN	中国	China	東アジア	境界的圧力	外圧耐性を高め対日選別圧	重要物資審査を継続、協力枠は提示	安定と雇用を守り外圧に対処する	景気鈍化と若年不安、DC投資負担	84.0	66.0	88.0	93.0	82.0	87.0	92.0	16.0	AI負担の財源難が不安増幅。進路の先細り感が強まる
56	JPN	日本	Japan	東アジア	境界的圧力	財源難で選別支援へ	同盟で供給確保、AI課税協調を模索	成長投資と負担配分で持続性を守る	国際AI税停滞で財源が詰む	63.0	66.0	76.0	61.0	94.0	72.0	86.0	8.0	支援が細り将来像が曇る。学び直し負担が増え不安優位
56	TWN	台湾	Taiwan	東アジア	境界的圧力	供給継続と抑止を優先	日米欧と装置・物流の冗長化を前倒し	不確実でも雇用と供給を守る	税収不足で支援と防衛が食い合う	88.0	72.0	80.0	87.0	86.0	82.0	90.0	22.0	将来設計が硬直し、安定職志向と海外志向が同時に強まる
56	KOR	韓国	South Korea	東アジア	境界的圧力	先端供給管理で同盟順守	対米枠を優先し対日供給は条件付き	雇用と安保を守る配分を徹底	AI税停滞で財源難、物価不満が残る	66.0	71.0	81.0	78.0	88.0	79.0	90.0	14.0	半導体・就職の不透明が強まり、将来設計が縮む
56	PRK	北朝鮮	North Korea	東アジア	間接衝突	示威で主導権、対話は温存	発射示威とサイバーで外貨確保、制裁穴探し	外圧に屈せず抑止を強化し生活も守る	外貨・燃料不足、失点回避が最優先	92.0	68.0	82.0	86.0	83.0	79.0	95.0	17.0	安保不安が就職・挑戦を萎縮させ、将来像が狭まる
56	RUS	ロシア	Russia	ユーラシア	間接衝突	資源収入で耐久継続	資源輸出を選別、制裁迂回と価格硬化を維持	外圧下でも雇用と歳入を守ると強調	戦費と技術不足で投資が鈍り妥協困難	86.0	82.0	78.0	92.0	84.0	80.0	88.0	15.0	物価・電力・学費不安が増え、将来設計が縮みがち
56	UKR	ウクライナ	Ukraine	欧州	限定戦争	支援維持と動員疲れ抑制	欧米日へ防空・弾薬・復興資金を集中要請	前線維持と生活インフラ復旧を同時に進める	支援停滞と財政難、人的損耗が限界	89.0	68.0	81.0	79.0	93.0	77.0	84.0	21.0	財源不透明と戦況不安で将来像が描きにくく不安が増す
56	IRN	イラン	Iran	中東	境界的圧力	停戦維持で対価を引き出す	停戦履行を演出し制裁緩和と資産凍結解除を要求	抵抗を維持しつつ生活を守る現実路線	歳入難と若年不満で強硬の持久力が薄い	70.0	84.0	79.0	77.0	90.0	83.0	91.0	16.0	燃料高と不透明感が長引き、将来設計の不安がSNSで増幅
56	ISR	イスラエル	Israel	中東	間接衝突	停戦維持と輸出管理強化	停戦枠を維持しサイバー防衛と輸出管理	安全保障優先、物価対策は最小限で継続	財源難で若者投資と戦費が競合	74.0	63.0	79.0	88.0	90.0	78.0	85.0	22.0	半導体・計算資源の不安が続き、将来設計が保守化しやすい
56	SAU	サウジアラビア	Saudi Arabia	中東	圧力上昇	供給安定で改革資金確保	OPEC+調整を主導し対日契約を維持	価格管理で歳入と雇用創出を両立	AI税停滞で財源多角化が遅れる	63.0	66.0	73.0	58.0	82.0	64.0	87.0	22.0	生活コスト不安が将来設計を縮める。給付より将来投資が希望を左右
56	EU	欧州連合	European Union	欧州	圧力上昇	規制堅持で負担分散	対日へAI規格整合と監査連携を要請	税制停滞でも雇用移行と競争力を守る	財源難と加盟国温度差で実行が遅れる	54.0	49.0	72.0	61.0	74.0	56.0	78.0	28.0	規格対応コストと就職不安が増幅。道筋提示で沈静化余地
57	USA	アメリカ	United States	北米	境界的圧力	対日負担増とAI統制維持	防衛即応・対中輸出管理・供給網再編を要求	同盟強化で抑止と雇用を守る	財政と分断で成果を同盟国に求める	84.0	61.0	81.0	90.0	91.0	79.0	85.0	18.0	動員感は続くが移住実験が逃げ道となり焦りが一部緩む
57	CHN	中国	China	東アジア	境界的圧力	対日選別圧と協力窓口維持	重要物資審査強化、対日投資は選別	外圧下でも安定成長と雇用を守る	景気減速と若年不満、技術自立急ぐ	86.0	64.0	86.0	94.0	80.0	89.0	90.0	20.0	半導体不安で将来像が曇るが移住実験が一部の逃げ道に
57	JPN	日本	Japan	東アジア	境界的圧力	選別支援で安定を優先	同盟で燃料・食料の調達枠を確保し分散	生活不安を抑えつつ成長投資は守る	財政の限界で若者支援を広げにくい	61.0	62.0	70.0	58.0	92.0	69.0	82.0	12.0	移住実験は希望の芽だが、都市の賃金停滞と負担感で不安優位
57	TWN	台湾	Taiwan	東アジア	境界的圧力	抑止維持と供給の平常化	日米欧と装置・物流冗長化を加速	緊張下でも雇用と供給を守る	財政制約で支援と防衛が競合	85.0	70.0	78.0	84.0	84.0	80.0	88.0	26.0	不安は継続。地方移住実験が逃げ場感を作り希望を微増
57	KOR	韓国	South Korea	東アジア	境界的圧力	供給管理と対日協調の併走	対米枠順守で先端品配分、対日は条件緩和	安保と雇用を守るため供給を管理する	物価不満と財源難で譲歩余地が小さい	64.0	68.0	77.0	72.0	86.0	74.0	88.0	18.0	供給不透明が続き就職と進路の萎縮感が残るが、移住実験が逃げ道にもなる
57	PRK	北朝鮮	North Korea	東アジア	間接衝突	示威は継続、交渉余地も残す	短距離発射示威とサイバーで外貨確保	外圧に対抗し抑止を強化、生活も守る	外貨・燃料不足で譲歩も必要だが失点恐怖	88.0	64.0	77.0	84.0	79.0	74.0	92.0	21.0	安保不安は続くが、地域移住実験が逃げ道となり悲観が一部緩む
57	RUS	ロシア	Russia	ユーラシア	間接衝突	長期戦耐久を優先	資源輸出は選別、制裁迂回を拡張	外圧でも雇用と歳入を守ると訴求	戦費負担と技術不足で譲歩幅が狭い	88.0	80.0	76.0	90.0	82.0	79.0	85.0	20.0	物価不安は続くが、地域移住実験が希望の逃げ道になる
57	UKR	ウクライナ	Ukraine	欧州	限定戦争	支援確保と戦線維持	欧米日へ防空・弾薬・復興資金を追加要請	長期戦下でも統治と生活機能を守る	人的損耗と財政枯渇で妥協余地が小さい	90.0	70.0	82.0	78.0	94.0	76.0	83.0	24.0	戦況の長期化が不安を押し上げるが、移住実験が逃げ道の感覚を少し補う
57	IRN	イラン	Iran	中東	境界的圧力	停戦を梃子に取引拡大	停戦履行を維持し制裁緩和を対外交渉	対外圧力に耐え生活防衛を優先	歳入不足と若年不満で強硬が続かない	66.0	82.0	76.0	75.0	88.0	81.0	89.0	21.0	燃料高は続くが、移住実験が逃げ道となり不安の固定化がやや緩む
57	ISR	イスラエル	Israel	中東	間接衝突	停戦枠維持と技術優位確保	対空防衛・サイバー強化と輸出審査厳格化	抑止を維持しつつ生活負担を抑える	戦費と同盟期待で財政が硬直する	76.0	66.0	81.0	90.0	88.0	80.0	83.0	28.0	計算資源不安が続き挑戦が慎重化、移住実験は受け皿に
57	SAU	サウジアラビア	Saudi Arabia	中東	圧力上昇	供給維持で歳入と安定確保	OPEC+調整と対日長期契約を優先	価格は管理し改革資金と雇用を守る	治安費と改革投資の同時維持が重い	60.0	62.0	70.0	57.0	80.0	62.0	84.0	26.0	光熱費不安が残り将来設計は慎重化。移住実験が見えれば一部は希望維持
57	EU	欧州連合	European Union	欧州	圧力上昇	規制整合で協調を要求	対日へAI監査相互承認と標準連携を提案	規制で信頼と競争力を守り雇用移行を支える	加盟国温度差と財源難で実装が遅れがち	56.0	50.0	66.0	58.0	73.0	54.0	74.0	32.0	規格対応負担は続くが、地域移住実験が現実味を与え不安を一部緩和
58	USA	アメリカ	United States	北米	境界的圧力	対日負担増と統制強化	防衛分担増・対中規制維持・供給網同調を要求	長期警戒で抑止と物価安定を両立する	分断と選挙圧力で成果を外部に求める	86.0	63.0	79.0	88.0	93.0	80.0	86.0	16.0	常時警戒が進路不安を固定化、挑戦より回避が増える
58	CHN	中国	China	東アジア	境界的圧力	対日選別圧を継続	重要物資審査継続、対日取引は個別許可	外部環境は長期戦、雇用と安全を守る	景気鈍化で強硬一辺倒は困難、制裁回避も必要	84.0	62.0	88.0	93.0	78.0	87.0	92.0	22.0	警戒の常態化で将来像が擦り減り、挑戦より安全志向が強まる
58	JPN	日本	Japan	東アジア	境界的圧力	配分見直しで摩耗を抑制	同盟で燃料枠維持、供給網と計算資源を分散	警戒は常態化、生活防衛と投資を両立	財政逼迫で若者支援拡大が難しい	63.0	60.0	72.0	59.0	93.0	70.0	84.0	10.0	常時警戒が将来像を曇らせ、挑戦より守りが優位
58	TWN	台湾	Taiwan	東アジア	境界的圧力	抑止維持と供給耐性強化	日米欧と装置・港湾代替線を共同整備	警戒は常態化。雇用と供給を守る	常時警戒で疲弊。財政と人材が限界	86.0	72.0	80.0	85.0	86.0	82.0	90.0	24.0	危機が日常化し将来像が曇る。だが供給の見通しが希望を下支え
58	KOR	韓国	South Korea	東アジア	境界的圧力	同盟順守で供給管理を継続	対米枠に合わせ先端品配分、対日は限定緩和	安保と産業を守り雇用を支えるための調整	物価と雇用不安で譲歩余地が小さい	66.0	65.0	79.0	70.0	84.0	72.0	89.0	22.0	慢性的警戒で将来像が霞み、就職と学び直しの選択が縮む
58	PRK	北朝鮮	North Korea	東アジア	間接衝突	示威維持、取引窓口は残す	短距離示威とサイバーで外貨確保継続	常時警戒下でも体制と生活を守る	燃料・外貨逼迫、失点回避が最優先	86.0	61.0	75.0	83.0	78.0	73.0	93.0	22.0	警戒の常態化で不安が長期化、将来像が描きにくい
58	RUS	ロシア	Russia	ユーラシア	間接衝突	長期戦で外圧を分散	資源輸出を調整し制裁迂回を維持	長期警戒でも賃金と物価を守る	戦費と技術制約で妥協余地が小さい	86.0	78.0	74.0	88.0	81.0	77.0	83.0	19.0	警戒常態化で将来像が曇るが、急落はしにくい
58	UKR	ウクライナ	Ukraine	欧州	限定戦争	支援継続と戦線耐久を優先	欧米日へ防空・弾薬・資金の継続要請	長期警戒でも統治と生活線を守る	人的損耗と資金不足で譲歩が難しい	89.0	68.0	83.0	77.0	93.0	75.0	84.0	23.0	警戒常態化で将来不安が長引き、進路の慎重化が進む
58	IRN	イラン	Iran	中東	境界的圧力	停戦維持で制裁緩和狙い	停戦枠組みを維持し、制裁緩和と輸出枠を交渉	対外圧力下でも生活と安全を守る姿勢を強調	歳入難と若年不満で強硬路線は長続きしない	64.0	80.0	74.0	73.0	86.0	79.0	88.0	22.0	燃料高と不安は長引き、将来設計が先延ばしになりやすい
58	ISR	イスラエル	Israel	中東	間接衝突	停戦枠維持と抑止継続	防空・サイバー即応と輸出審査継続	常時警戒でも日常を守り抑止を維持	戦費と同盟期待で財政調整が難しい	74.0	64.0	78.0	88.0	86.0	79.0	85.0	26.0	長期警戒が不安を固定化。挑戦より防衛的進路が増える
58	SAU	サウジアラビア	Saudi Arabia	中東	圧力上昇	供給調整で歳入と安定維持	OPEC+で上限管理し対日供給を堅持	警戒継続でも改革と雇用を守る	治安費と改革投資で余力が細る	64.0	60.0	72.0	58.0	81.0	63.0	86.0	25.0	光熱費と常時警戒が将来像を曇らせ、挑戦は慎重化
58	EU	欧州連合	European Union	欧州	圧力上昇	規制と防衛の同時運用	対日へ監査互換と供給網の分散協力を要求	長期警戒でも雇用移行と安全を両立する	加盟国分断と財源制約で実装が鈍い	60.0	54.0	68.0	60.0	76.0	56.0	77.0	30.0	規格適応と雇用不安が継続。長期警戒で将来像が曇る
59	USA	アメリカ	United States	北米	境界的圧力	同盟負担増とAI統制	防衛分担増を再要請、対中輸出規制同調とデータ枠組み迫る	同盟強化と製造業回帰で雇用と安全を守る	選挙・分断で成果が必要、インフレ再燃を恐れる	84.0	61.0	77.0	86.0	90.0	78.0	83.0	18.0	負担増の空気が固定化し将来設計が縮むが、維持制度試行は不安をわずかに緩める
59	CHN	中国	China	東アジア	境界的圧力	対日選別圧を維持	重要物資は許可制、経済は摩擦管理	外圧に備え産業と雇用を守る	景気鈍化で過度な強硬は逆風	82.0	60.0	86.0	92.0	76.0	85.0	90.0	24.0	制約の常態化で将来像が曇り、挑戦より安全志向が強まる
59	JPN	日本	Japan	東アジア	境界的圧力	支出配分を微調整し摩耗抑制	燃料枠確保と供給網・計算資源の分散継続	警戒は続くが生活防衛と成長投資を両立	報酬化試行は小規模で財政圧力は解けない	62.0	58.0	69.0	56.0	92.0	68.0	79.0	14.0	試行が希望の芽になる一方、支援薄さで将来不安は残る
59	TWN	台湾	Taiwan	東アジア	境界的圧力	抑止維持と社会疲弊の緩和	日米欧と装置・港湾代替線を前倒し	警戒は継続。生活維持策も拡充	長期警戒で人材流出。財政が硬直	85.0	70.0	78.0	84.0	88.0	80.0	87.0	28.0	危機常態化で不安は残るが、供給線と維持策が希望を少し支える
59	KOR	韓国	South Korea	東アジア	境界的圧力	同盟順守で供給と雇用を防衛	先端品配分は対米枠優先、対日枠は条件付維持	安保対応と物価対策を両立し雇用を守る	若者雇用と物価で譲歩余地が狭い	64.0	60.0	76.0	68.0	79.0	70.0	86.0	26.0	生活維持の報酬化は希望の灯になるが、供給不安が進路選択を硬化させる
59	PRK	北朝鮮	North Korea	東アジア	間接衝突	示威継続、交渉窓口は温存	短距離示威とサイバーで外貨獲得を継続	外圧下でも体制と生活を守り抜く	燃料・外貨不足、失点回避が最優先	84.0	60.0	74.0	82.0	77.0	72.0	92.0	24.0	警戒は続くが、社会維持の報酬化が不安の底抜けを抑える
59	RUS	ロシア	Russia	ユーラシア	間接衝突	戦時持久で外圧分散	資源輸出を絞り価格影響と迂回を併用	長期戦でも生活維持を優先し結束を保つ	戦費・制裁・部材不足で選択肢が狭い	84.0	76.0	72.0	87.0	80.0	75.0	82.0	21.0	不安常態化。維持活動の報酬化が救いだが先行きは重い
59	UKR	ウクライナ	Ukraine	欧州	限定戦争	戦線維持と復興資金確保	欧州・日本へ財政/防空支援を優先要請	統治維持と生活線を守り復興準備を進める	人的損耗と資金逼迫で妥協余地が小さい	88.0	67.0	81.0	76.0	92.0	74.0	82.0	24.0	危機の常態化が続き、若者は進路/消費を保守化。社会維持報酬化は安心材料
59	IRN	イラン	Iran	中東	境界的圧力	停戦維持と体制安定を優先	停戦枠組みを維持し、制裁緩和と輸出枠を継続交渉	圧力下でも治安と生活を守り、支援を続ける	歳入難と若年不満で強硬化は持続しにくい	63.0	77.0	72.0	71.0	84.0	77.0	85.0	25.0	燃料高と不安は続くが、社会維持の報酬化試行が希望の底割れを少し抑える
59	ISR	イスラエル	Israel	中東	間接衝突	停戦枠維持、技術優位死守	同盟協議で抑止強化、輸出審査厳格化	警戒は継続、生活維持策も同時に進める	戦費と社会補填が競合、政治分断も重い	72.0	63.0	76.0	90.0	84.0	77.0	83.0	28.0	不安が長期化し、安定志向が強まり挑戦が減る
59	SAU	サウジアラビア	Saudi Arabia	中東	圧力上昇	歳入安定と対外均衡を優先	OPEC+調整と対日供給の安定を強調	改革継続へ物価と雇用を抑える	歳入依存で価格下落と治安費が怖い	63.0	58.0	68.0	57.0	79.0	61.0	84.0	27.0	光熱費不安は続くが、報酬化の話題が将来像をわずかに支える
59	EU	欧州連合	European Union	欧州	圧力上昇	規制と生活防衛を調整	対日へ制度実証の相互参照と監査連携を提案	社会維持の報酬化で不安と分断を抑える	加盟国温度差で制度拡大が遅い	61.0	52.0	64.0	58.0	74.0	54.0	72.0	33.0	適応負担は続くが、社会維持の可視化が将来不安を少し和らげる
60	USA	アメリカ	United States	北米	境界的圧力	同盟負担増とAI統制継続	防衛協力拡大要求、対中規制同調と算資枠組み迫る	同盟と産業政策で安全と雇用を守る	選挙と物価で成果必須、対外負担は抑えたい	82.0	58.0	74.0	88.0	89.0	76.0	81.0	19.0	負担増と規制で選択肢が狭まり不安増。介入が見えれば希望は下げ止まる
60	CHN	中国	China	東アジア	境界的圧力	対日選別圧を調整維持	重要物資は許可制継続、摩擦は抑制	外圧下でも雇用と産業を守り抜く	景気と雇用が弱く強硬一辺倒は困難	84.0	58.0	87.0	93.0	74.0	86.0	88.0	26.0	制約の常態化で将来が読めず、挑戦より安定志向が強まる
60	JPN	日本	Japan	東アジア	境界的圧力	重点配分で摩耗を抑える	同盟調整で燃料枠と計算資源の確保	生活防衛と成長投資を絞って継続	財政が硬直し若者投資が薄くなる	64.0	57.0	71.0	58.0	94.0	69.0	81.0	12.0	将来設計が細り、挑戦より安全志向が強まる
60	TWN	台湾	Taiwan	東アジア	境界的圧力	抑止維持と供給線の前倒し	日米欧と装置・港湾の冗長化を加速	警戒継続。雇用と生活の下支えを優先	長期化で人材流出、財政も硬直	86.0	68.0	76.0	83.0	87.0	79.0	85.0	27.0	危機の常態化で不安は強いが、供給線強化が希望を少し残す
60	KOR	韓国	South Korea	東アジア	圧力上昇	同盟維持で供給と雇用を守る	対米協調を軸に先端品配分を調整、対日は条件付安定供給	安保対応と物価対策を両立し若者の職を守る	半導体競争と対北対応で譲歩余地が小さい	61.0	58.0	72.0	62.0	76.0	66.0	82.0	29.0	進路は堅くなるが、供給の見通しが出れば希望低下は緩む
60	PRK	北朝鮮	North Korea	東アジア	間接衝突	示威で主導権、偶発回避	短距離発射示威とサイバーで外貨確保	外圧に屈せず体制と生活を守る	燃料・外貨難、失点回避が最優先	86.0	61.0	75.0	83.0	78.0	73.0	93.0	23.0	安全不安が再燃し希望が割れる。挑戦回避の空気が強まる
60	RUS	ロシア	Russia	ユーラシア	間接衝突	持久戦で資源と情報を梃子	資源輸出調整と制裁迂回で外圧分散	制裁下でも雇用と物価を守り結束	戦費・部材不足で妥協余地が小さい	86.0	79.0	74.0	88.0	82.0	77.0	83.0	20.0	不安が常態化。希望は分岐し、安定職志向と離脱感が同時に強まる
60	UKR	ウクライナ	Ukraine	欧州	限定戦争	戦線維持と復興資金の確保	欧州・日本へ防空/財政支援を継続要請	長期戦でも統治と生活線を守り抜く	人的損耗と資金逼迫で選択肢が狭い	87.0	65.0	80.0	77.0	91.0	73.0	83.0	23.0	危機常態化で将来像が霧散し、進路選択が保守化
60	IRN	イラン	Iran	中東	境界的圧力	停戦維持で体制防衛	停戦枠組み維持と制裁緩和を交渉	治安と生活を守り混乱を抑える	歳入不足と若年不満で強硬は限界	64.0	79.0	73.0	70.0	85.0	78.0	86.0	24.0	燃料高と将来不安が継続。介入差で希望の分布が割れやすい
60	ISR	イスラエル	Israel	中東	間接衝突	停戦維持で抑止と技術優位	同盟調整で抑止継続、輸出審査を運用強化	停戦下でも警戒継続、家計支援は優先維持	戦費と補填で財政逼迫、政権対立が足枷	70.0	60.0	73.0	92.0	82.0	74.0	80.0	30.0	不安が常態化。挑戦より安定志向が強まり期待が縮む
60	SAU	サウジアラビア	Saudi Arabia	中東	圧力上昇	歳入確保と対外均衡を維持	OPEC+で価格帯を調整し対日供給を優先	改革継続へ治安と物価の安定を強調	価格下落と地域不安で財政・治安費が硬直	64.0	60.0	66.0	58.0	80.0	62.0	83.0	26.0	光熱費と将来不安が残るが、急騰回避なら悲観の連鎖は鈍る
60	EU	欧州連合	European Union	欧州	圧力上昇	規制と景気防衛を両立	対日へAI監査相互承認と供給網基準を要求	雇用と物価を守りつつ安全保障も怠らない	加盟国分断で迅速な景気対策が難しい	63.0	54.0	66.0	57.0	76.0	56.0	73.0	32.0	制度適応の負担感が続き、将来像は二極化しやすい
61	USA	アメリカ	United States	北米	境界的圧力	同盟負担増とAI覇権優先	対中規制同調と防衛費増、算資枠組みを要求	雇用再設計と安全保障で繁栄を守る	分断と物価で成果必須、外負担は嫌う	84.0	61.0	77.0	90.0	86.0	79.0	83.0	17.0	負担増と規制で進路選択が狭まり不安増。制度接続が見えれば希望は下げ止まる
61	CHN	中国	China	東アジア	境界的圧力	対日圧は選別し継続	重要素材・装置は許可制強化、対話窓口は維持	外圧下でも産業と雇用を守り制度再編を進める	景気減速と若年不安で過度な強硬は逆効果	85.0	60.0	88.0	94.0	72.0	87.0	89.0	25.0	制約が常態化し将来像が描けず、安定志向が強まる
61	JPN	日本	Japan	東アジア	圧力上昇	制度再編で摩耗を抑制	同盟と通商で計算資源と燃料枠を確保	雇用再設計と負担調整を段階的に進める	財政硬直で若者投資が後回しになりやすい	61.0	54.0	73.0	56.0	92.0	66.0	79.0	14.0	再訓練と負担議論で不安増。安定志向が強まり挑戦が細る
61	TWN	台湾	Taiwan	東アジア	境界的圧力	抑止強化と供給優先	日米欧と装置優先枠・代替航路を確保	警戒継続。雇用再設計と防衛を両立	人材流出と電力制約、財政が硬い	88.0	70.0	78.0	85.0	89.0	82.0	86.0	25.0	危機の常態化が将来不安を押すが、供給線の可視化は希望を残す
61	KOR	韓国	South Korea	東アジア	圧力上昇	雇用再設計と同盟両立	対米協調で先端供給枠を確保、対日は条件付融通	雇用移行支援を拡充し安保も崩さない	若者不満と対北警戒で妥協幅が狭い	64.0	56.0	74.0	60.0	78.0	68.0	83.0	28.0	半導体と雇用不安が増幅。進路は堅く希望感は下振れ
61	PRK	北朝鮮	North Korea	東アジア	間接衝突	示威継続、偶発線は回避	短距離発射示威と海上攪乱を併用	外圧に屈せず安全と生活を守る	外貨・燃料難。失点回避が最優先	88.0	63.0	77.0	85.0	79.0	74.0	94.0	22.0	安全不安が雇用再設計期の将来像を曇らせ、挑戦より保守が増える
61	RUS	ロシア	Russia	ユーラシア	間接衝突	戦争継続で資源と制裁耐性優先	資源輸出先を再配分し制裁迂回を拡大	長期戦でも雇用・物価を守り結束	戦費と部材不足で譲歩は難しい	87.0	76.0	72.0	86.0	80.0	75.0	82.0	24.0	物価と雇用の不安が残り、再設計期の将来像が割れやすい
61	UKR	ウクライナ	Ukraine	欧州	限定戦争	戦線維持と制度再建の同時進行	欧州・日へ復興/防空支援を強く要請	雇用再編と動員を両立し国家を保つ	人的損耗と財政枯渇で妥協幅が小	88.0	67.0	82.0	78.0	92.0	74.0	84.0	22.0	長期危機が常態化し、進路は安定志向に寄る
61	IRN	イラン	Iran	中東	境界的圧力	停戦維持で交渉優先	停戦枠内で制裁緩和と輸出枠を探る	生活防衛を優先し外圧に屈しない	歳入不足と若年不満で強硬は危険	63.0	76.0	71.0	69.0	83.0	76.0	82.0	26.0	燃料高と雇用不安が続き、再設計期の将来像が霞む
61	ISR	イスラエル	Israel	中東	間接衝突	停戦下で抑止と内政立て直し	米国と抑止調整、輸出管理とサイバー防衛強化	停戦でも備え継続、雇用再設計と負担軽減を進める	戦費と分断で制度改革が遅れ、財政余力が薄い	72.0	63.0	76.0	90.0	84.0	76.0	82.0	28.0	不確実性が常態化し、若者は挑戦より安定志向へ傾く
61	SAU	サウジアラビア	Saudi Arabia	中東	圧力上昇	価格帯維持で歳入と安定	OPEC+で減産維持、対日供給枠を確保	改革資金確保へ価格安定と治安を優先	地域緊張と歳入依存で柔軟な増産が難しい	63.0	58.0	67.0	57.0	79.0	61.0	82.0	27.0	光熱費高止まりが不安を増幅。雇用再設計期で将来像が揺れやすい
61	EU	欧州連合	European Union	欧州	圧力上昇	雇用再設計を主導	対日にAI雇用監査と教育互換を要請	移行支援で雇用と生産性を両立する	加盟国差で再訓練財源が割れる	61.0	53.0	69.0	59.0	78.0	58.0	74.0	31.0	制度対応の負担が続き、進路不安と挑戦意欲が二極化
62	USA	アメリカ	United States	北米	境界的圧力	同盟負担と算資統制を強化	対日へ防衛・供給網・算資規格の同調要求	雇用転換と安全保障投資で競争に勝つ	物価と分断で成果必須、長期支援は渋い	86.0	63.0	79.0	92.0	88.0	81.0	84.0	16.0	地方ほど機会格差が固定化し将来像が縮む。都市集中と不安がSNSで増幅
62	CHN	中国	China	東アジア	境界的圧力	対日圧は選別し抑制運用	重要品は許可制維持、非中核は緩和示唆	安定優先で雇用と地域均衡を守る	地域格差と若年不満で強硬一辺倒は困難	83.0	58.0	86.0	93.0	70.0	85.0	88.0	27.0	制約常態化で地方ほど将来不安が増幅、保守化
62	JPN	日本	Japan	東アジア	圧力上昇	地域格差を抑え制度を延命	燃料・計算資源の枠確保を同盟と通商で交渉	地域の雇用と生活基盤を優先し制度更新を急ぐ	財政硬直で分配が先、成長投資が後手	63.0	56.0	76.0	58.0	94.0	67.0	82.0	12.0	地域で機会差が固定し、移動断念と将来不信が増える
62	TWN	台湾	Taiwan	東アジア	境界的圧力	抑止と産業継続を最優先	日米欧と装置・電力・航路の冗長化を加速	危機は長期化。雇用転換支援で地域差を抑える	電力・人材・保険料が逼迫し投資が選別的	90.0	72.0	81.0	86.0	90.0	84.0	88.0	23.0	供給不安と地域格差の連想で将来感が沈むが、冗長化が一部安心を残す
62	KOR	韓国	South Korea	東アジア	圧力上昇	雇用移行と技術主権優先	対米で先端枠確保、対日は供給条件を厳格化	格差固定を防ぐ再訓練と産業投資を前倒し	北朝鮮警戒と世論で対日譲歩が難しい	63.0	57.0	76.0	62.0	80.0	66.0	84.0	27.0	進路は安全志向に寄り、格差固定の恐れで将来期待が薄れる
62	PRK	北朝鮮	North Korea	東アジア	間接衝突	示威維持、偶発回避	短距離発射示威と海上攪乱を抑制的に	強硬抑止で体制と生活を守る	外貨・燃料難。失点回避が最優先	86.0	61.0	74.0	84.0	78.0	72.0	92.0	23.0	安全不安が地域格差不信と結び、地元回帰と挑戦回避が増える
62	RUS	ロシア	Russia	ユーラシア	間接衝突	長期戦で資源収入優先	輸出割当を調整し制裁迂回網を維持	圧力下でも賃金・物価を守り結束	戦費と部材不足で譲歩余地が小さい	88.0	74.0	70.0	85.0	81.0	73.0	80.0	23.0	地域格差の固定化不安に物価高が重なり、将来像が分断する
62	UKR	ウクライナ	Ukraine	欧州	限定戦争	停戦余地を探り戦線を維持	復興資金を前倒し要請、調達先も分散	地域格差是正を優先し徴用負担を調整	人的損耗と財政逼迫で妥協幅が狭い	86.0	65.0	80.0	77.0	93.0	73.0	83.0	21.0	長期危機と格差固定化で安定志向が強まり挑戦が萎む
62	IRN	イラン	Iran	中東	境界的圧力	停戦維持で歳入確保	停戦枠で輸出継続、制裁緩和を探る	生活防衛を優先し外圧に屈しない	歳入不足と若年不満で強硬は危険	62.0	74.0	70.0	68.0	82.0	75.0	80.0	27.0	燃料高と格差固定化の連想で、地元残留の不安が増す
62	ISR	イスラエル	Israel	中東	間接衝突	停戦維持で内政再統合を優先	米国と再燃抑止調整、対AI/サイバー防衛を増強	格差是正と治安維持を同時に進める	戦費と分断で予算配分が硬直しやすい	70.0	62.0	74.0	88.0	82.0	73.0	80.0	30.0	不確実性が続き、若者は地域差と将来不安を重ねて悲観寄り
62	SAU	サウジアラビア	Saudi Arabia	中東	圧力上昇	価格帯調整で収益と安定	OPEC+で柔軟運用、対日供給枠を再確認	歳入を守り改革継続、治安も優先	増産は市場と地域緊張で制約、財政は改革依存	64.0	61.0	69.0	58.0	81.0	63.0	84.0	25.0	物価高の固定感が地方定着と将来像を曇らせ、不安が長期化
62	EU	欧州連合	European Union	欧州	圧力上昇	格差対策と産業防衛	対日へ職業移行指標と調達透明化を要求	格差是正と競争力維持を同時に進める	加盟国間で再訓練と補助金配分が対立	63.0	54.0	72.0	61.0	79.0	60.0	75.0	30.0	制度対応負担が続き、地方と都市で将来観が分岐
63	USA	アメリカ	United States	北米	境界的圧力	同盟負担と算資統制を継続	対日へ防衛増・対中規制同調と算資枠提示	同盟強化で抑止し産業雇用を守る	分断と物価で短期成果必須、譲歩は限定	84.0	66.0	77.0	93.0	86.0	79.0	83.0	18.0	進路選択が安全保障・規制次第に見え、将来像が狭まり不安が拡散
63	CHN	中国	China	東アジア	境界的圧力	対日圧は選別し常態運用	重要資材は許可制、観光・一部貿易で緩和	安定優先、外圧下でも雇用と成長を守る	若年雇用と地方不満で強硬策は反作用が大きい	84.0	60.0	88.0	94.0	72.0	86.0	89.0	25.0	制約が当たり前化し、進路の保守化と焦燥が強まる
63	JPN	日本	Japan	東アジア	圧力上昇	生活防衛と技術確保	半導体・燃料枠を同盟/通商で再配分	物価と雇用を守りつつ安全保障も強化	財政硬直で若者支援と防衛費が衝突	66.0	60.0	79.0	62.0	95.0	71.0	84.0	10.0	支援は届きにくく、努力の見返り不信が増え将来設計が縮む
63	TWN	台湾	Taiwan	東アジア	境界的圧力	抑止維持と産業分散	日米欧と装置・保険・航路の分散協定	長期戦。雇用移行と電力投資で耐える	電力増強と人材確保が遅れ、コスト高	92.0	74.0	83.0	87.0	88.0	85.0	89.0	22.0	半導体不安が就職観を冷やすが、分散合意は微弱な安心
63	KOR	韓国	South Korea	東アジア	境界的圧力	同盟維持と技術防衛	対米で半導体枠確保、対日は選別供給	安保と雇用を守るため産業転換を加速	対日強硬世論と北朝鮮で譲歩困難	66.0	60.0	79.0	67.0	74.0	70.0	82.0	25.0	先端職は狭き門感が強まり、将来は安全志向へ傾く
63	PRK	北朝鮮	North Korea	東アジア	境界的圧力	示威で交渉力確保、偶発抑制	短距離発射示威と海上攪乱を断続	外圧に屈せず抑止で体制を守る	外貨・燃料不足。失点回避が最優先	88.0	63.0	76.0	86.0	79.0	73.0	93.0	22.0	安全不安が進路不信を増幅。挑戦より安定志向が強まる
63	RUS	ロシア	Russia	ユーラシア	間接衝突	資源梃子で制裁耐性確保	輸出先再編と制裁迂回網を強化	包囲下でも秩序と生活を守る	戦費・部材不足で強硬継続を選びやすい	90.0	78.0	72.0	86.0	83.0	76.0	81.0	21.0	物価と将来仕事像の不確実が増幅し、挑戦より守りが優勢
63	UKR	ウクライナ	Ukraine	欧州	限定戦争	防衛優先で支援維持	支援国に防空・弾薬を増要請し調達分散	戦争継続でも社会保障は死守し不正を抑止	兵員不足と財政逼迫で改革も痛みを伴う	88.0	66.0	82.0	79.0	94.0	75.0	84.0	20.0	長期危機が常態化し安定志向と将来不信が強まる
63	IRN	イラン	Iran	中東	境界的圧力	停戦維持で制裁緩和を探る	航路緊張を抑えつつ原油輸出枠を確保	生活防衛と主権を両立し混乱を防ぐ	歳入薄く若年不満、強硬は体制リスク	66.0	78.0	72.0	71.0	84.0	77.0	83.0	25.0	燃料高と先行き不透明が増幅し、挑戦回避と停滞感が強まる
63	ISR	イスラエル	Israel	中東	間接衝突	停戦維持と技術優位確保	対米調整で再燃抑止、輸出管理に適応	安全と成長の両立で負担を抑える	分断と戦費で改革余地が狭い	68.0	60.0	70.0	86.0	80.0	72.0	78.0	32.0	先端職は伸びるが不安定感が勝ち、将来像が二極化する
63	SAU	サウジアラビア	Saudi Arabia	中東	圧力上昇	価格安定と体制安定を優先	OPEC+で供給を微調整、対日枠は維持	歳入を確保し改革継続、治安も守る	増産は地域再燃と同盟調整で制約	66.0	64.0	71.0	60.0	83.0	65.0	86.0	24.0	物価と将来不透明が固定化し、進路選択が保守化して不安が続く
63	EU	欧州連合	European Union	欧州	圧力上昇	規制主導で安定確保	対日へAI安全規格と監査連携を要請	雇用転換と安全基準で競争力を守る	加盟国間の産業保護と負担配分が割れる	61.0	57.0	74.0	64.0	81.0	63.0	77.0	28.0	規制対応と雇用不安で将来像が揺れ、挑戦意欲が二極化
64	USA	アメリカ	United States	北米	境界的圧力	同盟負担増と算資規律強化	対日へ防衛・供給網協力要求、算資枠を再提示	同盟で抑止し雇用と技術優位を守る	分断と生活費で短期成果必須、譲歩余地小	82.0	64.0	78.0	94.0	88.0	80.0	84.0	17.0	世代間負担の議論が進むほど将来像が細り、規制と安保で進路不安が増幅
64	CHN	中国	China	東アジア	境界的圧力	対日圧は分野別に強弱	重要資材は許可厳格化、民生は限定緩和	安定と発展を守り外圧に対処する	若年雇用と地方財政で強硬一辺倒は難しい	86.0	62.0	90.0	95.0	78.0	88.0	91.0	22.0	負担再設計の議論と外部制約が重なり将来像が縮む
64	JPN	日本	Japan	東アジア	圧力上昇	負担再設計で安定確保	資源・半導体を同盟枠で確保し分散	世代間の公平と成長投資を両立する	財政硬直で給付削減も増税も難しい	63.0	58.0	76.0	60.0	92.0	69.0	86.0	12.0	負担議論が可視化し不信が増え、将来設計が短期化する
64	TWN	台湾	Taiwan	東アジア	境界的圧力	抑止継続と社会不安封じ	日米欧へ供給確約と海空輸送の冗長化要請	安全と雇用を守る。教育・住宅も優先する	電力・人材・保険料が重く移転圧力も強い	90.0	72.0	81.0	86.0	87.0	84.0	88.0	23.0	世代負担議論と半導体不安が重なり将来像が曇る
64	KOR	韓国	South Korea	東アジア	境界的圧力	同盟維持と産業防衛	対米で半導体枠固め、対日は供給厳格化	雇用と安保の両立へ支援と規律を強化	対日世論と北朝鮮で譲歩余地が小さい	68.0	58.0	82.0	70.0	76.0	73.0	84.0	23.0	安定職志向が強まり、挑戦より安全選好が進む
64	PRK	北朝鮮	North Korea	東アジア	境界的圧力	示威で譲歩誘発、偶発回避	短距離発射と電波妨害を間欠実施	外圧下でも抑止を維持し体制守る	燃料・外貨逼迫。失策は許されない	90.0	66.0	79.0	87.0	83.0	75.0	94.0	18.0	安全不安と負担見直しが重なり将来像が縮む
64	RUS	ロシア	Russia	ユーラシア	間接衝突	戦費優先で資源圧力維持	輸出先多角化と制裁迂回を拡張	長期戦でも雇用と生活を守る	戦費・部材不足で譲歩余地が小さい	92.0	80.0	74.0	88.0	84.0	78.0	83.0	20.0	負担再設計期に物価・雇用不安が刺さり将来像が縮む
64	UKR	ウクライナ	Ukraine	欧州	限定戦争	防空優先で支援継続を確保	欧米に防空・弾薬支援を再要請し調達分散	長期戦でも統治と生活基盤を維持する	兵員・財政が限界、改革は反発も招く	88.0	64.0	80.0	78.0	92.0	74.0	83.0	21.0	長期不安が常態化し、将来設計が萎縮。世代負担論も荒れやすい
64	IRN	イラン	Iran	中東	境界的圧力	停戦維持で対外取引を拡大	航路抑制を示し制裁緩和と輸出枠を交渉	生活防衛を優先しつつ主権は譲らない	歳入不足と若年不満、強硬は体制負担	64.0	76.0	73.0	70.0	85.0	76.0	82.0	26.0	燃料高と物価懸念が長期化し、将来設計が守りに寄る
64	ISR	イスラエル	Israel	中東	間接衝突	停戦監視と技術優位固守	対米協調で対敵抑止、輸出管理を強化	安全を最優先、同時に成長投資は維持	戦費と分断で財政・合意形成が硬直	70.0	62.0	72.0	88.0	84.0	74.0	80.0	28.0	計算資源不安と物価で将来設計が縮み、分断感が増す
64	SAU	サウジアラビア	Saudi Arabia	中東	圧力上昇	価格高止まり回避と歳入確保	OPEC+で供給を慎重増、対日供給枠維持	改革財源を守りつつ物価安定も配慮	増産は治安と同盟調整、財政依存が重い	63.0	61.0	73.0	59.0	86.0	64.0	84.0	23.0	生活費と負担議論が連動し、将来像が狭まり不安が増す
64	EU	欧州連合	European Union	欧州	圧力上昇	負担再設計で安定優先	対日へ年金・技能移行の制度対話を提案	世代間の公平と成長投資で結束を守る	加盟国間で負担配分が割れ合意が遅い	60.0	54.0	71.0	62.0	83.0	61.0	76.0	27.0	負担論が日本にも波及し不安増、ただ制度対話が指針になり得る
65	USA	アメリカ	United States	北米	境界的圧力	対中抑止と算資統制を維持	対日へ防衛負担増と輸出管理順守を要求	同盟で抑止し雇用と技術優位を守る	生活費不満と選挙で短期成果が必須	84.0	62.0	76.0	93.0	86.0	78.0	82.0	18.0	安全保障と規制の二重圧で進路不安が増え、希望が細る
65	CHN	中国	China	東アジア	境界的圧力	対日圧は選別し長期戦	輸出許可を重要品で厳格化、対話窓口は維持	外圧下でも安定と発展を守る	若年雇用と地方財政が重荷で全面強硬は困難	84.0	60.0	88.0	94.0	76.0	86.0	89.0	24.0	制約の長期化が将来設計を曇らせ、不安が慢性化する
65	JPN	日本	Japan	東アジア	圧力上昇	再配分で信頼回復	資源長期契約と対中依存低減を加速	負担の見える化で将来不安を下げる	増税も削減も反発、時間がない	60.0	57.0	72.0	55.0	90.0	66.0	82.0	18.0	評価と改革の話が進めば希望は戻るが、雇用不安が残り短期志向が続く
65	TWN	台湾	Taiwan	東アジア	境界的圧力	抑止維持と供給安定優先	日米欧と輸送・保険枠組み強化	雇用と安全を守り生活不安を抑える	電力・保険料・人材がボトルネック	88.0	68.0	76.0	84.0	82.0	80.0	85.0	25.0	半導体と有事不安が残り、将来設計が慎重化する
65	KOR	韓国	South Korea	東アジア	境界的圧力	同盟維持と産業防衛	対米で枠組み維持、対日は供給審査を厳格化	雇用と安保を守るため産業保護と訓練を拡充	対日世論と北朝鮮で譲歩余地が小さい	66.0	57.0	78.0	72.0	74.0	70.0	82.0	25.0	安定志向が強まり挑戦回避が進むが、実務技能は重視される
65	PRK	北朝鮮	North Korea	東アジア	境界的圧力	示威継続、偶発回避を優先	短距離発射を抑制し妨害・挑発を分散	抑止を維持しつつ生活困難に対処する	外貨と燃料が限界。失点は粛清リスク	88.0	63.0	77.0	86.0	82.0	74.0	92.0	17.0	安全不安が長期化し、挑戦より回避が合理化される
65	RUS	ロシア	Russia	ユーラシア	間接衝突	戦費優先で圧力継続	資源輸出を維持し制裁迂回を固定化	長期戦下でも所得と治安を守る	部材・資金制約で妥協が難しい	90.0	78.0	76.0	89.0	86.0	80.0	82.0	18.0	物価と雇用の揺れが続き、挑戦より縮小志向が強まる
65	UKR	ウクライナ	Ukraine	欧州	限定戦争	防空と統治維持を最優先	支援条件調整し弾薬・防空を確保	生活基盤を守り戦時統治を続ける	兵員・財政が逼迫し不満が残る	87.0	62.0	79.0	77.0	91.0	73.0	82.0	22.0	長期不安が常態化し、夢より安定志向が強まる
65	IRN	イラン	Iran	中東	境界的圧力	停戦下で譲歩と抑止を併用	輸出枠・制裁緩和を交渉し航路威圧は抑制	主権を守りつつ物価と雇用を立て直す	歳入不足と若年不満、強硬は体制消耗	61.0	72.0	70.0	69.0	84.0	74.0	79.0	27.0	燃料高は続くが急変は減り、諦念がやや緩む
65	ISR	イスラエル	Israel	中東	間接衝突	停戦維持と技術統制強化	対米連携で抑止維持、輸出管理を拡大	安全優先、社会分断抑制へ支援も継続	戦費と政局で合意形成が遅れがち	68.0	58.0	70.0	85.0	82.0	72.0	78.0	30.0	半導体不安と物価で将来像が曇り、焦りが増幅
65	SAU	サウジアラビア	Saudi Arabia	中東	圧力上昇	歳入確保と価格乱高下回避	OPEC+で段階増産、対日契約枠を優先維持	改革財源を守りつつ物価と雇用も安定化	増産は治安・同盟調整と投資計画が制約	61.0	57.0	70.0	60.0	84.0	63.0	82.0	24.0	生活費の先行きが就職観を冷やすが、急騰回避なら不安は鈍化
65	EU	欧州連合	European Union	欧州	圧力上昇	規制整流化で成長と統合維持	対日へAI認証・人材移行の共通枠を協議	公正な移行で雇用と連帯を守る	加盟国温度差で実行が遅れ政局化しやすい	61.0	53.0	69.0	60.0	84.0	59.0	74.0	29.0	制度移行の見取り図は安心材料だが負担論が不安を残す
66	USA	アメリカ	United States	北米	境界的圧力	同盟結束と対中優位を優先	対日へ防衛増・輸出管理・算資協力を要求	同盟で抑止し雇用と技術覇権を守る	家計不満と選挙で短期成果が要る	86.0	64.0	78.0	95.0	84.0	80.0	83.0	16.0	負担増と算資制約で将来設計が揺れ、諦めが増える
66	CHN	中国	China	東アジア	境界的圧力	対日圧は選別し持久化	重要部材の許可制を運用、対話窓口は維持	発展と安定を守り外圧に対処する	若年雇用と地方債務で全面強硬は難しい	82.0	58.0	86.0	93.0	74.0	84.0	88.0	26.0	就職・結婚期の見通しが霞み、役割形成の焦りが増幅
66	JPN	日本	Japan	東アジア	圧力上昇	役割再設計と負担調整	計算資源確保と資源長期契約を同時推進	若者の将来設計を支える制度へ再配分	財政・人手不足で広くは守れない	63.0	58.0	75.0	57.0	92.0	67.0	84.0	16.0	役割不安と生活費不安が重なり、挑戦より安全志向が強まる
66	TWN	台湾	Taiwan	東アジア	境界的圧力	抑止と生産継続を最優先	日米欧と保険・輸送回廊と在庫協調を拡充	不確実性は高いが雇用と電力を守る	電力・保険料・人材流出が限界を決める	86.0	66.0	74.0	83.0	80.0	79.0	86.0	24.0	進路と家計の見通しが短期化し、将来像が保守化する
66	KOR	韓国	South Korea	東アジア	境界的圧力	同盟軸で産業防衛継続	対米でAI・半導体枠組み強化、対日は審査運用を厳格化	安保と雇用を守るため先端産業の保護と再訓練を拡充	対日世論・北朝鮮・輸出管理で柔軟性が小さい	64.0	56.0	76.0	74.0	72.0	68.0	80.0	27.0	競争と供給不安で将来設計が硬直。挑戦回避は増えるが実務技能志向は強まる
66	PRK	北朝鮮	North Korea	東アジア	境界的圧力	示威で体制求心力維持	短距離発射を断続、交渉余地も残す	外圧に屈せず生活も守ると強調	外貨・燃料不足で長期緊張は不利	90.0	66.0	79.0	87.0	83.0	76.0	93.0	16.0	安全不安が就職・挑戦意欲を冷やし、将来像が縮む
66	RUS	ロシア	Russia	ユーラシア	間接衝突	戦争継続で資源を武器化	輸出先選別と制裁迂回で収入確保	長期戦でも雇用と物価を守る	戦費と技術封鎖で妥協余地が狭い	92.0	76.0	74.0	90.0	84.0	78.0	83.0	20.0	将来設計が読めず、安定志向と諦めが強まる
66	UKR	ウクライナ	Ukraine	欧州	限定戦争	防空優先で統治維持	欧米に防空・弾薬を追加要請し条件調整	長期戦でも生活線を守り動員を続ける	人的損耗と財政逼迫で不満が蓄積	88.0	64.0	78.0	76.0	92.0	74.0	83.0	21.0	長期不安が続き、若者は挑戦より安定へ傾く
66	IRN	イラン	Iran	中東	境界的圧力	停戦維持で制裁緩和を狙う	停戦監視に協力し輸出枠拡大を交渉	対外圧力に耐え生活と雇用を守る	歳入不足と若年不満、挑発は逆効果	60.0	70.0	68.0	67.0	83.0	73.0	78.0	28.0	燃料高と不安定観測が続き、将来設計の慎重化が進む
66	ISR	イスラエル	Israel	中東	境界的圧力	停戦監視と技術防衛	対米で抑止維持、輸出管理とサイバー強化	停戦は維持、治安と雇用支援を両立	政局と戦費で改革が進みにくい	66.0	57.0	69.0	82.0	79.0	71.0	76.0	33.0	計算資源と半導体不安が就職像を曇らせ、焦燥がSNSで増幅
66	SAU	サウジアラビア	Saudi Arabia	中東	圧力上昇	価格安定で歳入と体制守る	OPEC+で微調整、対アジア供給を優先	改革財源を守り物価も抑える運営	増産余地は治安・投資・同盟配慮が縛る	63.0	56.0	68.0	59.0	82.0	62.0	80.0	23.0	生活費不安が将来設計を鈍らせるが急騰回避なら悲観は増えにくい
66	EU	欧州連合	European Union	欧州	圧力上昇	規制と成長の両立を急ぐ	対日へAI認証互換と人材再訓練枠を提案	公正移行で雇用と競争力を守る	加盟国温度差で合意が遅れやすい	63.0	56.0	72.0	62.0	86.0	60.0	75.0	28.0	制度枠は安心材料だが負担感で将来像が揺れる
67	USA	アメリカ	United States	北米	境界的圧力	同盟負担とAI主導を優先	対日へ防衛費増・対中規制同調・算資枠提示	同盟で抑止し雇用と技術優位を守る	選挙・物価・分断で短期成果が必須	84.0	60.0	80.0	93.0	86.0	78.0	82.0	18.0	負担増と将来不安が出生・進路観を直撃、慎重化が進む
67	CHN	中国	China	東アジア	境界的圧力	対日圧は限定し交渉余地	重要素材を許可制で絞り込み、対話は継続	安定と発展を守り外圧に冷静対処	若年失業と債務で全面強硬は難しい	84.0	60.0	88.0	94.0	76.0	86.0	90.0	24.0	配属・住居・結婚の設計が遅れ、希望が分散する
67	JPN	日本	Japan	東アジア	境界的圧力	社会維持の再配分を急ぐ	資源長期契約と同盟協議で調達を分散	地域と若者の基盤を守り負担配分を見直す	財政逼迫で若者支援と防衛費が競合	64.0	57.0	73.0	55.0	93.0	69.0	85.0	14.0	将来設計が地域・雇用・負担増と結びつき挑戦回避が強まる
67	TWN	台湾	Taiwan	東アジア	境界的圧力	抑止と内政耐久を両立	日米欧と供給保証・保険枠・回廊維持	雇用と電力を守り不安を抑える	電力・保険料高騰と人材流出が痛い	84.0	64.0	72.0	82.0	78.0	77.0	84.0	26.0	出生・地域の先細り感と重なり、将来設計が短期化する
67	KOR	韓国	South Korea	東アジア	境界的圧力	同盟維持で産業防衛優先	対米で先端輸出管理連携、対日は審査を厳格運用	雇用と安保を守るため先端投資と再訓練を加速	対日世論と北朝鮮対応で譲歩余地が小さい	66.0	58.0	78.0	76.0	74.0	70.0	82.0	24.0	進路が実利偏重に寄り、挑戦より安定志向が強まる
67	PRK	北朝鮮	North Korea	東アジア	境界的圧力	限定示威で譲歩を引く	発射は抑えつつ海域威嚇と制裁回避	外圧下でも秩序維持と防衛優先を訴える	外貨・燃料・食料不足で長期緊張は困難	88.0	61.0	77.0	86.0	82.0	74.0	92.0	15.0	安全不安が常態化し、進学・移動・挑戦の期待が縮む
67	RUS	ロシア	Russia	ユーラシア	間接衝突	戦費確保で資源圧力維持	輸出先選別と制裁迂回、情報戦強化	長期戦でも雇用と物価を守る	戦費・制裁・技術封鎖で妥協困難	90.0	78.0	73.0	92.0	86.0	80.0	85.0	18.0	将来の見通しがさらに曇り、地方移住や安定職志向が強まる
67	UKR	ウクライナ	Ukraine	欧州	限定戦争	防空と動員を維持し支援確保	欧米に防空・資金を再要請し復興枠を調整	前線と生活線を守り復興準備も進める	人的損耗と歳入不足で統治負担が限界	87.0	66.0	79.0	77.0	93.0	75.0	84.0	20.0	長期不安が固定化し、若者は地域と将来設計に悲観が増す
67	IRN	イラン	Iran	中東	境界的圧力	停戦維持と制裁緩和狙い	停戦枠内で産油・輸出枠を交渉	物価抑制と雇用確保を最優先	歳入不足と若年不満、強硬化は危険	63.0	72.0	69.0	68.0	84.0	74.0	80.0	27.0	燃料高が固定観念化し、将来設計が保守化。地方ほど不安増
67	ISR	イスラエル	Israel	中東	境界的圧力	停戦維持と技術防衛優先	対米協議で抑止維持、輸出管理を調整	停戦監視を継続し生活と治安を守る	政局と戦費で社会投資が絞られる	64.0	56.0	67.0	83.0	81.0	72.0	74.0	32.0	供給不安が就職と将来設計を曇らせ、希望が地域差で割れる
67	SAU	サウジアラビア	Saudi Arabia	中東	圧力上昇	価格安定で歳入と体制維持	OPEC+微調整、アジア向け供給を優先	改革財源を守り物価も抑える運営	増産余地は治安・投資・同盟配慮が縛る	64.0	58.0	70.0	60.0	83.0	63.0	81.0	22.0	生活費不安が将来設計と出生観を冷やすが急騰回避なら悲観は増えにくい
67	EU	欧州連合	European Union	欧州	圧力上昇	規制整備と雇用安定を優先	対日へAI認証互換と再訓練連携を要請	公正移行で雇用を守り競争力も確保	加盟国差と財政で合意が遅い	61.0	54.0	70.0	63.0	84.0	59.0	73.0	29.0	制度は安心材料だが負担感で将来像が揺れやすい
68	USA	アメリカ	United States	北米	圧力上昇	同盟規律とAI優位を優先	対日へ防衛負担と対中AI規制同調を要求	同盟で抑止し国内産業と雇用を守る	選挙・物価・分断で短期成果が必須	78.0	58.0	72.0	90.0	80.0	74.0	76.0	24.0	負担増と資源制約が続き、将来設計が保守化し希望が細る
68	CHN	中国	China	東アジア	境界的圧力	対日圧は選別し主導権確保	重要素材と部材を許可制強化、対話枠は維持	発展と安定を守り外圧には制度で対抗	雇用と不動産不安で全面強硬は高コスト	86.0	58.0	89.0	95.0	79.0	88.0	92.0	22.0	将来設計が先延ばし化。安定志向が強まり挑戦が減る
68	JPN	日本	Japan	東アジア	境界的圧力	負担再配分で基盤死守	同盟協議と資源長期契約で調達を分散	将来不安を減らすため配分と制度を組み替える	財政が限界で防衛・物価・若者策が衝突	66.0	60.0	71.0	57.0	95.0	72.0	86.0	12.0	制度への信頼が揺れ、挑戦より安定志向が強まる
68	TWN	台湾	Taiwan	東アジア	境界的圧力	抑止維持と供給の見える化	日米欧と供給保証枠・代替航路を拡張	不安を抑え雇用と電力を優先防衛も継続	保険料・電力コストと人材流出が重い	86.0	66.0	73.0	84.0	79.0	78.0	85.0	24.0	供給不安が常態化し挑戦より安全志向が強まる
68	KOR	韓国	South Korea	東アジア	境界的圧力	同盟軸で技術防衛を継続	対米で輸出管理連携、対日は審査厳格	雇用と安保を守るため投資と再訓練	対日世論と北対応で譲歩しにくい	68.0	60.0	81.0	78.0	76.0	73.0	84.0	22.0	実利偏重が進み、挑戦より安定志向が強まる
68	PRK	北朝鮮	North Korea	東アジア	境界的圧力	限定示威で譲歩を引く	短距離訓練と宣伝戦、制裁回避の対話窓口維持	外圧に屈せず体制と秩序を守ると強調	外貨・燃料・食料が細り長期挑発は高コスト	90.0	63.0	79.0	87.0	84.0	76.0	93.0	14.0	安全不安が再燃し、将来設計の前提が揺れて挑戦回避が増える
68	RUS	ロシア	Russia	ユーラシア	間接衝突	制裁耐性を誇示し継戦	資源輸出を武器化し制裁迂回を拡大	国家の存続と生活防衛のため耐える	戦費・技術封鎖で妥協余地が狭い	88.0	74.0	70.0	90.0	83.0	78.0	86.0	19.0	世界が不安定なまま定着し、若者は挑戦回避と安定志向が強まる
68	UKR	ウクライナ	Ukraine	欧州	限定戦争	防空維持と支援の確保	欧米へ防空弾薬・資金を再要請し復興枠維持	前線防衛を優先し生活線と復興準備も守る	人的損耗と財政難で統治と士気が逼迫	88.0	64.0	78.0	76.0	92.0	74.0	83.0	19.0	長期不確実が固定化し、若者は将来設計と職の見通しに悲観
68	IRN	イラン	Iran	中東	境界的圧力	停戦維持で体制安定優先	停戦枠を守りつつ制裁緩和と輸出枠を交渉	生活防衛を継続し国家の尊厳も守る	歳入不足と若年不満で強硬化は逆効果	61.0	74.0	70.0	69.0	83.0	73.0	81.0	26.0	燃料高が長期化観測となり、挑戦より安定志向が強まる
68	ISR	イスラエル	Israel	中東	境界的圧力	停戦監視と技術防衛強化	対米協議で抑止維持、輸出管理を機動運用	停戦を監視しつつ治安と経済を守る	政局と戦費で社会投資が先細る	66.0	58.0	69.0	86.0	82.0	74.0	76.0	30.0	技術供給不安が将来像を曇らせ、挑戦より保守へ傾く
68	SAU	サウジアラビア	Saudi Arabia	中東	圧力上昇	価格安定で体制と改革維持	OPEC+で増産抑制、アジア供給は維持	歳入を守り改革と物価安定を両立	治安費・投資・同盟配慮で増産は限定	62.0	57.0	68.0	58.0	80.0	61.0	78.0	24.0	光熱費と物価の不安が続き、将来設計への慎重化が若者に広がる
68	EU	欧州連合	European Union	欧州	圧力上昇	規制互換で市場安定を確保	対日へAI認証互換と供給網透明化を要求	信頼基準で雇用と競争力を守る	加盟国差と対ロ支援で合意が遅い	63.0	56.0	72.0	66.0	85.0	60.0	74.0	28.0	制度は安心材料だが負担増で将来設計が慎重化
69	USA	アメリカ	United States	北米	圧力上昇	同盟負担とAI覇権を優先	対日へ防衛費増とAI供給網同調を要求	雇用と安全を守るため同盟を強化	選挙・物価不満で短期成果が要る	80.0	60.0	70.0	92.0	82.0	76.0	78.0	22.0	負担増と計算資源不安で将来設計が慎重化、家族形成の見通しが暗くなる
69	CHN	中国	China	東アジア	境界的圧力	対日圧は選別し技術主導権維持	重要部材を許可制で揺さぶり対話窓口は維持	外圧には制度で対抗し雇用と安定を守る	内需不安で全面強硬は景気悪化の恐れ	84.0	56.0	87.0	93.0	78.0	86.0	90.0	24.0	将来コスト不安が増幅し家族形成の決断が先送りされる
69	JPN	日本	Japan	東アジア	境界的圧力	将来設計支援を優先再設計	資源長期契約を増やし同盟と抑止を再確認	家族形成の不安を減らす給付と住居支援を厚く	財源不足で防衛・物価・若者策が同時に逼迫	64.0	58.0	73.0	55.0	96.0	70.0	84.0	11.0	結婚・出産の現実感が下がり、安定職志向と諦めが増える
69	TWN	台湾	Taiwan	東アジア	境界的圧力	抑止と生活安定を優先	日米欧と供給保証・人材循環枠を強化	家計と雇用を守りつつ抑止を継続	電力コストと人材流出で余力が細る	88.0	68.0	74.0	86.0	82.0	80.0	87.0	22.0	家計不安と供給不安が重なり将来設計が保守化
69	KOR	韓国	South Korea	東アジア	境界的圧力	同盟軸で技術防衛を深化	対米輸出管理連携強化、対日は審査維持	雇用と安保の両立へ投資と再訓練を拡充	対日世論・北対応・半導体競争で緩めにくい	70.0	58.0	83.0	80.0	78.0	75.0	86.0	20.0	雇用と将来設計が不透明化し、家族形成に慎重化が進む
69	PRK	北朝鮮	North Korea	東アジア	境界的圧力	限定挑発で交渉余地確保	短距離発射示威と暗黙の対話窓口維持	外圧に備え団結し生活秩序を守る	外貨・燃料・食料が細り長期化は困難	88.0	60.0	77.0	86.0	83.0	74.0	92.0	13.0	安全不安が周期化し、結婚・出産など長期計画を先送りしやすい
69	RUS	ロシア	Russia	ユーラシア	間接衝突	資源収入と継戦を優先	割引供給と迂回貿易で制裁耐性を強化	外圧下でも生活と安全を守り抜く	戦費と技術封鎖で妥協が難しい	90.0	77.0	72.0	92.0	84.0	80.0	88.0	18.0	生活コスト不安が残り、家族形成の見通しが立たず先送りが増える
69	UKR	ウクライナ	Ukraine	欧州	限定戦争	支援維持と動員最適化	欧米へ防空弾薬・財政支援を再交渉	防衛最優先、生活線と家族支援も守る	人的損耗と財政難で統治余力が薄い	87.0	62.0	77.0	75.0	91.0	73.0	82.0	20.0	長期不確実が続き、若者は家族形成と将来設計に不安が増す
69	IRN	イラン	Iran	中東	境界的圧力	停戦維持で体制安定	停戦枠を保ち制裁緩和と輸出枠を交渉	生活防衛を優先し対外圧力に耐える	歳入不足と若年不満で強硬化は危険	63.0	77.0	72.0	70.0	84.0	74.0	82.0	25.0	燃料高と不安報道で将来設計が縮み家族形成は慎重化
69	ISR	イスラエル	Israel	中東	間接衝突	停戦管理と技術優位維持	対米連携で抑止維持、サイバー反撃と輸出管理	安全保障を確保しつつ生活費高騰を抑える	政局・戦費で若者支援が後回しになりがち	68.0	60.0	72.0	88.0	84.0	76.0	78.0	28.0	物価と雇用不安が家族形成の現実感を奪い、将来像が縮む
69	SAU	サウジアラビア	Saudi Arabia	中東	圧力上昇	価格安定で歳入と改革守る	OPEC+調整、アジア供給優先し急騰抑制	歳入確保で雇用と改革投資を守る	治安・湾岸情勢で増産余地は狭い	64.0	59.0	71.0	60.0	82.0	63.0	80.0	23.0	光熱費高止まりが家計と育児費を圧迫し、結婚出産の見通しが曇る
69	EU	欧州連合	European Union	欧州	圧力上昇	規制互換で安定と成長を両立	対日へAI監査互換と人材協定を提案	安全と雇用を両立し家計を守る	加盟国差と対ロ支援で決定が遅い	61.0	54.0	69.0	64.0	83.0	58.0	71.0	30.0	基準整備は安心だが負担増で結婚・子育て計画が先送り
70	USA	アメリカ	United States	北米	圧力上昇	同盟負担とAI主導を維持	対日へ装備・基地・AI規制同調を要求	雇用と安全を守る投資と同盟強化	選挙と物価で早い成果が必須	78.0	58.0	72.0	90.0	84.0	74.0	79.0	20.0	負担増と雇用不安で子育て判断が先送り、希望が細る
70	CHN	中国	China	東アジア	境界的圧力	対日圧は選別し競争優位維持	重要部材・データ取引を許可制で調整	外圧に制度で対抗し雇用と安定を守る	内需不安で全面強硬は景気悪化の恐れ	86.0	58.0	89.0	94.0	80.0	88.0	92.0	22.0	住宅・教育費の先行き不安が増え、子育て決断が先送り
70	JPN	日本	Japan	東アジア	境界的圧力	家族形成不安の緩和を最優先	資源長期契約を拡大し同盟抑止を再確認	住居・育児・教育費の支援を集中し不安を下げる	財源逼迫で防衛・物価・若者策の同時維持が困難	66.0	61.0	74.0	57.0	97.0	71.0	86.0	10.0	子育ての採算感が悪化し、安定志向と諦めが強まる
70	TWN	台湾	Taiwan	東アジア	境界的圧力	抑止と供給継続を優先	日米欧と供給保証・代替拠点計画を更新	供給と暮らしを守り抑止を維持する	電力費と人材流出で投資余力が圧縮	90.0	66.0	76.0	88.0	83.0	82.0	89.0	20.0	家計と供給不安が子育て計算を冷やし慎重化
70	KOR	韓国	South Korea	東アジア	境界的圧力	同盟軸で技術防衛維持	対米輸出管理連携継続、対日は審査を硬めに運用	安保と雇用を守るため供給網と再訓練を優先	対日世論と北対応で緩和余地が小さい	68.0	57.0	79.0	77.0	74.0	73.0	82.0	22.0	家計と雇用の不透明感が強まり、子育て判断が先送りされる
70	PRK	北朝鮮	North Korea	東アジア	境界的圧力	限定示威で譲歩を誘う	短距離発射示威と対話窓口の温存	外圧に備え結束し体制を守る	外貨・燃料・食料不足で長期化困難	90.0	64.0	79.0	88.0	84.0	76.0	93.0	12.0	安全不安が子育て採算感を悪化させ先送り増
70	RUS	ロシア	Russia	ユーラシア	間接衝突	継戦と資源収入を維持	資源輸出を転用し価格交渉で外貨確保	制裁下でも雇用と物価を守ると強調	戦費負担と技術封鎖で譲歩余地が小さい	88.0	74.0	70.0	90.0	82.0	78.0	86.0	20.0	生活コストと雇用の先行き不安で、子育ての実行可能性が低く知覚され先送りが増える
70	UKR	ウクライナ	Ukraine	欧州	限定戦争	支援確保と動員抑制	欧米に防空・財政支援の継続を要求	防衛優先、生活線と家族支援は維持	人的損耗と財政難で社会政策が細る	88.0	63.0	78.0	76.0	92.0	74.0	83.0	19.0	長期不確実が続き、若者は子育て採算を悲観しやすい
70	IRN	イラン	Iran	中東	境界的圧力	停戦維持で交渉圧力	停戦枠維持と海上抑止示威、輸出枠交渉	生活防衛を優先し屈しない姿勢を維持	歳入不足と若年不満で強硬化は危険	65.0	79.0	74.0	71.0	85.0	76.0	84.0	24.0	燃料高と不安報道で家計見通し悪化、子育て決断が先送り
70	ISR	イスラエル	Israel	中東	間接衝突	停戦維持と技術優位確保	対米協調で抑止維持、対サイバー強化	安全確保と生活費対策を同時に進める	政局と戦費で社会投資が圧迫される	66.0	58.0	70.0	86.0	82.0	74.0	76.0	30.0	物価と雇用の先行き不安が、子育て可能性の確信を削る
70	SAU	サウジアラビア	Saudi Arabia	中東	圧力上昇	価格安定で歳入と体制守る	OPEC+で増産余地を示し急騰を抑制	安定供給で歳入を守り雇用投資を継続	湾岸緊張と対立調整で自由度が小さい	66.0	61.0	74.0	60.0	84.0	65.0	81.0	22.0	光熱費高止まりで住居・教育費不安が増え、子育て判断が先送りされやすい
70	EU	欧州連合	European Union	欧州	圧力上昇	基準統合で競争力確保	対日へAI監査互換と人材流動枠を提示	安全と雇用を守り生活コストを抑える	加盟国差と対ロ支援で合意が遅い	63.0	56.0	70.0	66.0	82.0	60.0	72.0	29.0	基準対応の負担で賃上げ期待が鈍り、住居・教育費の見通しが曇る
71	USA	アメリカ	United States	北米	境界的圧力	同盟負担増とAI覇権を優先	対日へ防衛費・基地運用・対中制裁同調を要請	雇用と安全を守るため同盟とAI投資を強化	選挙・物価・分断で短期成果が必要、譲歩は難しい	81.0	60.0	74.0	92.0	86.0	77.0	82.0	18.0	負担増と将来不安で転職・結婚・出産の決断が先送りされやすい
71	CHN	中国	China	東アジア	境界的圧力	対日圧を選別し技術主権確保	重要部材・計算資源の取引審査を強化	外圧下でも雇用と秩序を守り成長を維持	内需弱く強硬一辺倒は景気と不満を悪化	84.0	55.0	86.0	96.0	76.0	90.0	91.0	24.0	将来の役割と収入の見通しが揺れ、結婚・出産が先送り
71	JPN	日本	Japan	東アジア	境界的圧力	若者不安の底割れ阻止	同盟抑止を再確認し資源・重要鉱物を分散	生活防衛と成長投資を両立し将来不安を抑える	財源制約で防衛・物価・若者策が同時に重い	68.0	63.0	71.0	54.0	95.0	69.0	84.0	12.0	役割の道筋が見えず、挑戦回避と将来諦めが強まる
71	TWN	台湾	Taiwan	東アジア	境界的圧力	抑止維持と供給安定を優先	日米欧と供給保証・避難計画を再点検	暮らしと産業を守り抑止を継続する	電力・人材・保険費が投資計画を圧迫	88.0	63.0	73.0	86.0	79.0	78.0	84.0	24.0	供給不安が長期設計を曇らせ、就職と家庭形成が慎重化
71	KOR	韓国	South Korea	東アジア	境界的圧力	同盟連携で技術防衛を優先	対米で輸出管理と対北抑止を強化、対日は審査厳格	安保と雇用を守るため投資と再訓練を急ぐ	対日世論と北対応で緩和余地が乏しい	70.0	58.0	77.0	79.0	73.0	74.0	83.0	20.0	先行き不透明が常態化し、進路・結婚・子育ての決断が遅れる
71	PRK	北朝鮮	North Korea	東アジア	境界的圧力	示威で譲歩を引き出す	発射示威を周期化し制裁緩和の取引を探る	外圧は長期戦、結束と規律で体制防衛	外貨・燃料・食料が細り長期挑発は重荷	92.0	63.0	78.0	89.0	86.0	77.0	94.0	14.0	安全不安が常態化し将来設計が萎縮、家族形成の先送りが増える
71	RUS	ロシア	Russia	ユーラシア	間接衝突	継戦継続で譲歩を最小化	資源輸出を選別し価格で圧力、制裁回避	長期戦でも国家と生活を守ると強調	戦費と動員疲れ、技術封鎖で選択肢が狭い	90.0	78.0	72.0	88.0	84.0	80.0	87.0	18.0	長期不安が常態化し、進学・結婚・出産の計画が後ろ倒し
71	UKR	ウクライナ	Ukraine	欧州	限定戦争	支援維持と復興の骨格固め	欧米へ防空・砲弾・財政の複年確約要請	長期戦前提で生活線と動員負荷を調整	兵員・財政が逼迫し将来投資が先延ばし	86.0	60.0	74.0	72.0	89.0	70.0	80.0	22.0	長期不確実が続き、若者は進路・家族形成を先送りしがち
71	IRN	イラン	Iran	中東	境界的圧力	停戦維持で体制安定優先	停戦枠を守りつつ航路で示威、輸出枠交渉	生活防衛を掲げ制裁下でも耐える姿勢	歳入不足と若年不満で強硬化は逆効果	63.0	76.0	70.0	69.0	82.0	73.0	81.0	26.0	燃料高と不安報道が続き、将来設計と家族形成が先送り
71	ISR	イスラエル	Israel	中東	間接衝突	停戦維持と抑止強化	対米調整で抑止維持、サイバー先制防衛拡大	安全最優先、物価対策も継続する	戦費と政局で福祉投資が削られる	68.0	60.0	66.0	88.0	84.0	76.0	78.0	28.0	地政学と計算資源不安が将来設計を曇らせ、挑戦意欲を削ぐ
71	SAU	サウジアラビア	Saudi Arabia	中東	圧力上昇	価格管理で体制と投資維持	OPEC+で供給調整、停戦再燃に備え海上警戒	安定供給で歳入を確保し雇用と改革を守る	地域緊張と同盟調整で増産余地が限定	64.0	58.0	70.0	59.0	80.0	62.0	78.0	24.0	生活コスト高止まりが将来設計を曇らせ、結婚・進学・転職が慎重化
71	EU	欧州連合	European Union	欧州	圧力上昇	基準維持で産業防衛	対日へAI監査互換と供給網対話を要請	安全と雇用を守り生活費高を抑える	加盟国差と対ロ支援で合意が遅い	64.0	57.0	69.0	67.0	83.0	61.0	73.0	28.0	基準対応と景気鈍化で将来設計が硬直し希望が揺れる
