step	country_code	country_name	country_name_en	region	risk_stage	stance	foreign_action	domestic_message	private_constraint	geopolitical_risk	energy_price_pressure	labor_market_uncertainty	compute_supply_constraint	fiscal_pressure	supply_chain_fragility	sns_anxiety_amplification	japan_policy_buffer	japan_impact_summary
1	USA	アメリカ	United States	北米	圧力上昇	AI覇権維持・停戦安定化を優先	同盟国に防衛負担増と半導体協力を強く要求する	停戦を維持しAI主導で安全と繁栄を確保している	国内分断と財政赤字が長期関与を制約し同盟圧力を強める	55.0	62.0	53.0	50.0	60.0	52.0	57.0	50.0	防衛費増とAI投資要求が若者向け社会支援を圧迫し将来不安を高める
1	CHN	中国	China	東アジア	境界的圧力	戦略的自律強化と内需安定を並行	中東停戦を好機に資源外交を強化し台湾圧力は現状維持	外圧に屈せず技術自立と雇用確保を必ず実現する	不動産不況と輸出管制が国内正統性を静かに侵食する	68.0	44.0	57.0	66.0	41.0	63.0	54.0	44.0	台湾海峡の緊張と半導体規制の連動が若者の就職・進路選択に暗い影を落とす
1	JPN	日本	Japan	東アジア	圧力上昇	財政均衡しながら安全保障強化	米・豪・UAEとエネルギー調達多角化の協議を継続	停戦は維持されているが備えを緩めず生活支援も継続	防衛増税と子育て支援の財源競合が与党内で拮抗中	58.0	68.0	46.0	33.0	63.0	54.0	56.0	50.0	エネルギー高と将来不安が就活・生活設計に薄い影を落とす
1	TWN	台湾	Taiwan	東アジア	境界的圧力	半導体継続と米同盟による抑止堅持	米・日と安保協議を深め、先端半導体の西側向け供給継続を確保する	脅威下でも民主制度と産業を守る。半導体は台湾の抑止の柱である	中国の圧力と経済依存の板挟み。米国の中東関与分散が同盟信頼を揺るがす	72.0	52.0	47.0	63.0	37.0	68.0	58.0	46.0	台湾有事リスクが続く中、半導体依存の就職先サプライチェーン不安が若者の将来設計を揺らす
1	KOR	韓国	South Korea	東アジア	圧力上昇	半導体防衛と同盟確認を同時進行	米国と半導体輸出規制・原油調達の緊急協調を進める	停戦を機に半導体投資と若者雇用確保を加速する	エネルギー高と北の動向次第で景気が下振れる	36.0	29.0	40.0	22.0	21.0	34.0	37.0	61.0	韓国半導体が安定すれば部品供給は維持されるが、若者は競争激化と北朝鮮ニュースで将来不安が続く
1	PRK	北朝鮮	North Korea	東アジア	間接衝突	核抑止誇示で体制正統性を維持	米イラン停戦の隙に弾道ミサイル複数試射を敢行	帝国主義の包囲に断固抵抗し、国家の尊厳を守る	食料・燃料不足が深刻で、内部統制余力が細っている	78.0	11.0	17.0	8.0	37.0	13.0	76.0	40.0	Jアラートが繰り返され、若者の日常安全感と将来設計への不安が周期的に高まる
1	RUS	ロシア	Russia	ユーラシア	間接衝突	体制存続のため戦争継続と資源収益を死守	エネルギー外交で制裁を迂回し非西側との結束を強化	西側の圧力に屈せず国家の誇りと安全保障を守り抜く	戦費と制裁の長期化で財政が圧迫され国内疲弊が進む	72.0	68.0	44.0	28.0	58.0	55.0	63.0	46.0	エネルギー高と地政学緊張が続き若者の将来設計に暗雲をもたらす
1	UKR	ウクライナ	Ukraine	欧州	限定戦争	戦線死守と同盟維持を最優先に設定	NATO・EUに追加支援を求め、対露戦線の正当性を訴える	支援継続で勝利可能と訴え、国民の戦意維持を図る	兵員・財政が限界に近く、米国の関心低下が最大の脅威	64.0	60.0	38.0	18.0	44.0	52.0	55.0	54.0	欧州不安定化がエネルギー高止まりを維持し、若者の経済展望を暗くする
1	IRN	イラン	Iran	中東	境界的圧力	停戦維持で体制正統性を内外に示す	プロキシ網を温存しつつ制裁緩和の交渉余地を探る	敵の攻撃に耐えた。国家の誇りと主権を守り抜いた	経済疲弊と国内不満が蓄積し、再燃すれば体制基盤が揺らぐ	64.0	58.0	36.0	20.0	44.0	52.0	54.0	50.0	停戦で即時不安は下がるがホルムズ再燃が将来設計の底に重くのしかかる
1	ISR	イスラエル	Israel	中東	間接衝突	対イラン抑止と自律防衛を堅持	米国との同盟確認を優先しイランプロキシの動向を継続監視	停戦は脅威の終わりではない。抑止体制を維持し国民を守る	司法改革対立と国内分断が安保予算の合意形成を阻害する	67.0	63.0	38.0	28.0	44.0	54.0	61.0	47.0	中東緊張継続でエネルギー高止まりが続き若者の生活コスト感が上昇
1	SAU	サウジアラビア	Saudi Arabia	中東	圧力上昇	原油主導で地域安定を管理	OPEC+増産抑制を維持しイランとの直接衝突を回避する	ビジョン2030継続と安全保障安定を国民に両立して示す	イラン再燃リスクと改革コストが財政を二重に圧迫している	48.0	72.0	42.0	22.0	58.0	65.0	48.0	44.0	原油高止まりが光熱費を押し上げ、若者の可処分所得を直撃する
1	EU	欧州連合	European Union	欧州	圧力上昇	ウクライナ支援と経済安定の均衡維持	停戦を歓迎しつつウクライナ支援継続、エネルギー調達多元化を加速	停戦で安心せず構造改革とウクライナ支援の両立を続ける	加盟国間合意形成が遅く財政支援継続に内部亀裂リスクあり	34.0	42.0	38.0	30.0	27.0	33.0	41.0	64.0	EU景気低迷が輸出需要を下げ、若者のグローバル就職機会を狭める懸念
2	USA	アメリカ	United States	北米	圧力上昇	AI覇権確保・同盟統制を強化	対中AI規制を強化し同盟国の半導体・AI協力を強く求める	AI競争でアメリカが主導権を握り雇用と安全を守る	AI投資拡大が財政を圧迫し同盟圧力でカバーしようとする	57.0	60.0	62.0	66.0	64.0	54.0	67.0	45.0	AI競争激化で計算資源制約と雇用不安が重なり若者の将来設計が揺らぐ
2	CHN	中国	China	東アジア	境界的圧力	AI自立加速と国内雇用安定の同時維持	AI規制対抗に国際標準提案、同盟国へ技術輸出拡大	AI強国を実現し雇用不安には政府が責任を持って対応する	計算資源の国産化が間に合わず米規制が技術自立を圧迫する	70.0	46.0	63.0	76.0	45.0	65.0	61.0	42.0	AI競争激化で半導体規制が強まり若者の就職先・スキル選択の不確実性が増す
2	JPN	日本	Japan	東アジア	圧力上昇	AI競争対応と生活支援の財源確保を同時追求	米国主導のAI規制枠組みに参加しつつ半導体輸出管理を協調強化	AIは脅威でなく機会。国内産業転換支援と雇用安全網を拡充する	GPU調達予算・防衛費・子育て支援が同一財源を争い優先順位が定まらない	61.0	71.0	58.0	50.0	68.0	53.0	67.0	45.0	AI失業不安がSNSで増幅し、就活・将来設計への霧が濃くなる
2	TWN	台湾	Taiwan	東アジア	境界的圧力	AI競争下で半導体戦略と同盟抑止を強化	米主導チップ同盟を深め、中国向け先端半導体制限に同調しつつ供給継続を確保	AI競争激化は台湾の価値を証明する。半導体産業と民主制度を守り抜く	需要集中が有事誘因を高める矛盾。米中どちらとも完全に切れない綱渡りが続く	76.0	50.0	56.0	72.0	38.0	73.0	68.0	42.0	AI競争で台湾依存が深まるほど有事リスクも高まり、若者の就職・将来設計不安が複合的に上昇
2	KOR	韓国	South Korea	東アジア	圧力上昇	AI競争を機会と捉えつつ雇用不安を管理	米国とAI半導体協力を深め中国市場との最低限の関係を維持する	AI投資で半導体雇用を守り若者のスキル転換支援を強化する	米中AI規制の板挟みで中小企業と若者の雇用が先に傷む	38.0	32.0	47.0	25.0	25.0	36.0	44.0	59.0	韓国AI雇用不安が日韓SNSで共鳴し、日本の若者の将来不安をさらに増幅させる
2	PRK	北朝鮮	North Korea	東アジア	間接衝突	大国AI競争の隙に乗じ抑止力を再誇示	米中がAI覇権争いに集中する間、ミサイル試射で国際的存在感を維持する	帝国主義のAI覇権争奪に対し、自力更生で技術的尊厳を守り抜く	食料・燃料不足が悪化。AI技術格差の拡大が内部動揺リスクを潜在させる	79.0	11.0	23.0	14.0	38.0	14.0	78.0	37.0	Jアラートとグローバル雇用不安が重なり、若者の安全感と将来展望が二重に圧迫される
2	RUS	ロシア	Russia	ユーラシア	間接衝突	AIレースを横目に資源と戦争継続を死守	米中AI競争の隙をつきエネルギー外交と制裁迂回を強化	西側はAI競争で内部分裂、我々は資源と連帯で存続する	AI・半導体孤立が深まり技術格差拡大が長期戦略を圧迫	74.0	70.0	46.0	34.0	60.0	57.0	66.0	44.0	エネルギー高と地政学緊張に加えAI競争が若者の就労不安をさらに増幅する
2	UKR	ウクライナ	Ukraine	欧州	限定戦争	AI競争下でも支援継続を死守	AI投資競争で米欧の関心が分散する中、ウクライナ支援維持を強く要求	世界がAI競争に移っても戦争は続く。支援は確保できると訴える	米のAI投資集中でウクライナ支援枠が縮小するリスクを最大脅威と見る	67.0	63.0	40.0	20.0	46.0	55.0	60.0	52.0	欧州戦争長期化とAI競争の二重圧力が若者の経済・安全展望をさらに暗くする
2	IRN	イラン	Iran	中東	境界的圧力	AI時代の主権を主張し停戦路線を維持する	米中AI競争の隙を突き制裁緩和の外交ルートを模索する	AI覇権に屈しない自主技術路線で国家の誇りを守る	実態はチップ・計算資源封鎖で技術主権は宣言のみ、経済疲弊継続	61.0	62.0	38.0	26.0	46.0	55.0	58.0	48.0	AI競争とエネルギー価格上昇が重なり、将来設計の不透明感が若者に蓄積する
2	ISR	イスラエル	Israel	中東	間接衝突	AI技術優位を軸に抑止と経済回復を並走	米AIサプライチェーンへの参入を深めサイバー同盟価値を高める	AI産業が安保予算を支える。技術競争力こそ国家存続の盾だ	司法改革対立が継続し技術輸出調整の国内合意形成が停滞する	65.0	61.0	42.0	31.0	45.0	51.0	56.0	49.0	中東緊張でエネルギー高止まり継続、AI競争で若者の雇用不安も重なる
2	SAU	サウジアラビア	Saudi Arabia	中東	圧力上昇	AI競争を両にらみし原油外交を維持	米中双方のAI投資を誘致しつつOPEC+増産抑制路線を堅持する	Vision2030のAI投資加速で石油依存からの転換を国民に示す	米中どちらにも傾けず技術主権確立と改革コストが競合している	46.0	74.0	46.0	30.0	56.0	62.0	54.0	41.0	原油高止まりに加えAI競争で計算資源不足が重なり若者の将来コストが二重に上昇する
2	EU	欧州連合	European Union	欧州	圧力上昇	AI規制主導と産業競争力の同時防衛	AIアクト施行加速、米中との規制対話維持、技術主権連合を推進	AI規制は欧州の強みであり雇用と社会の安定を守る柱と位置づける	規制強化が欧州AI産業の競争力を削ぐリスクに加盟国で温度差が拡大	36.0	40.0	47.0	38.0	28.0	36.0	52.0	61.0	EUのAI規制基準が日本製品設計の制約になり若者のグローバル就職市場も揺れる
3	USA	アメリカ	United States	北米	境界的圧力	台湾有事備え・半導体供給維持を優先	台湾周辺に海軍を増強し同盟国に半導体協力を強く要求する	台湾リスクから国内半導体・雇用を守るため断固行動する	軍事展開コストと財政圧迫が増し同盟国依存をさらに深めざるを得ない	71.0	63.0	66.0	79.0	69.0	73.0	75.0	39.0	半導体供給不安が急拡大しIT就職先が揺らぎ若者の将来設計に直撃する
3	CHN	中国	China	東アジア	間接衝突	台湾主権主張を強め技術自立を加速する	台湾周辺で海軍演習を拡大し半導体国産化を政策優先に格上げ	主権と経済強化は一体であり外圧に屈しない決意を示す	演習激化で外資撤退が加速すれば国内雇用安定が崩れるリスクがある	81.0	51.0	69.0	84.0	51.0	74.0	71.0	36.0	台湾情勢が半導体調達を直撃し若者の就職先と将来設計への不安が急上昇
3	JPN	日本	Japan	東アジア	境界的圧力	半導体供給安定と日米同盟対応を最優先に	台湾有事想定で日米協議強化、熊本拠点等の国内半導体生産補助を拡充	供給リスクに備え国内調達網を整備中。生活・雇用支援も継続する	台湾依存の完全代替は数年先。短期供給ショックへの即応余力は薄い	69.0	72.0	64.0	68.0	71.0	67.0	73.0	41.0	半導体・AI就職不安がSNSで急拡大し、若者の将来展望が急速に収縮する
3	TWN	台湾	Taiwan	東アジア	境界的圧力	海峡緊張下で抑止維持と半導体継続を死守	米軍との共同演習を強化し、先端半導体輸出管理と同盟信頼を同時確保	台湾海峡の平和は守り抜く。半導体産業は国家の盾であり経済の柱だ	TSMCが攻撃目標化するリスクを抱えながら稼働継続との矛盾を管理できない	82.0	52.0	61.0	80.0	40.0	79.0	76.0	37.0	半導体不安と海峡緊張が重なり、就職・AIインフラ・安全保障への複合不安が若者に伝播する
3	KOR	韓国	South Korea	東アジア	境界的圧力	半導体優位と安全保障の同時強化	台湾緊張を受け対米半導体協力を加速し中国依存を縮小する	台湾情勢を注視しつつ半導体競争力と雇用を守る	台湾有事は自国半導体施設への波及リスクも内包する	54.0	40.0	56.0	34.0	30.0	52.0	55.0	51.0	台湾緊張で韓国と日本の半導体不安が連動し若者の雇用・安保不安がSNSで拡大する
3	PRK	北朝鮮	North Korea	東アジア	間接衝突	台湾有事の隙に核・ミサイル誇示強化	台湾緊張で米軍が分散する間にICBM実験を加速し対話条件を吊り上げる	帝国主義が台湾で争う今こそ核武力が祖国を守ることを示せた	中国が台湾対応で余力を削り、燃料・食料難が一層深刻化する恐れ	84.0	12.0	26.0	15.0	43.0	17.0	83.0	32.0	台湾と北朝鮮の二正面緊張で若者の「有事現実感」とSNS不安が急上昇する
3	RUS	ロシア	Russia	ユーラシア	間接衝突	台湾危機を好機と見て対中連携と資源外交を加速	台湾有事の陰で対中エネルギー協定を深化し制裁迂回ルートを拡大する	西側のアジア混乱は我が国の戦略的正しさを証明している	半導体孤立は続くが台湾危機でAI格差固定化リスクがさらに増す	75.0	69.0	50.0	40.0	61.0	62.0	70.0	42.0	エネルギー高継続と台湾危機の重複が若者の安定雇用への不安をさらに深める
3	UKR	ウクライナ	Ukraine	欧州	限定戦争	台湾危機を連帯論に転用し支援死守	台湾海峡緊張を民主主義連帯の文脈で援用し、欧米の対ウクライナ支援継続を強く要求	アジア危機は欧州安保と不可分。世界の注目が移っても支援枠は確保できると訴える	台湾有事へのリソース移転で武器・財政支援が縮小するリスクを最大脅威と見る	71.0	62.0	44.0	27.0	49.0	62.0	67.0	49.0	欧州戦争と台湾緊張の二重危機が重なり、若者の将来展望と安全感覚を同時に圧迫する
3	IRN	イラン	Iran	中東	境界的圧力	米国の台湾対応の隙を突き外交優位を探る	台湾危機で米軍が分散する間に制裁交渉を加速し代替チップルートを中露に打診する	AI・半導体封鎖に抗し自主路線を貫くことが国家の誇りだ	計算資源封鎖は継続し技術主権は外交カードに過ぎず経済疲弊は深刻	65.0	67.0	40.0	28.0	48.0	61.0	66.0	44.0	台湾・中東の二重危機でエネルギー価格と不安感が重なり若者の将来設計がさらに揺らぐ
3	ISR	イスラエル	Israel	中東	間接衝突	AI優位を守りつつ計算資源供給リスクを注視	台湾有事備えチップ代替調達路を開拓し中東抑止も維持	台湾有事はAI調達リスクだが技術主権で乗り越えられる	司法対立と選挙圧力でチップ確保戦略の国内合意が取れない	64.0	62.0	44.0	36.0	45.0	53.0	57.0	48.0	中東緊張継続とAI計算資源争奪が重なり若者の就職先不安が増す
3	SAU	サウジアラビア	Saudi Arabia	中東	圧力上昇	台湾緊張で中東エネルギー外交を強化	アジア向け安定供給を優遇提示しつつ米中双方からのAI投資誘致を継続する	半導体危機でAI投資機会が拡大、Vision2030の加速を国民に示す	台湾危機長期化でAI開発遅延リスクがあり改革コストと体制正統性が競合する	52.0	78.0	48.0	36.0	60.0	70.0	60.0	38.0	台湾緊張と原油高の二重圧力で若者の生活コストと将来不安が同時に拡大する
3	EU	欧州連合	European Union	欧州	圧力上昇	半導体自律と対中均衡の同時防衛	チップス法投資加速、台湾連携強化、中国への輸出規制対話を慎重に進める	台湾リスクは欧州産業への警告。域内半導体生産強化で雇用と安定を守る	加盟国の対中依存度格差が政策統一を阻み、チップス法財源も綱渡り状態	44.0	41.0	53.0	60.0	31.0	54.0	57.0	56.0	EU半導体政策転換が供給制約を加速し、日本若者の就職先・製品コストを圧迫する
4	USA	アメリカ	United States	北米	境界的圧力	中東・台湾・AI競争を同時管理し同盟分担を要求	中東海軍展開を継続しつつ同盟国にAI・半導体協力強化を強く求める	エネルギーと半導体安定で米国の覇権と雇用を守ると国民に訴える	財政・軍事の多正面展開が限界に近づき同盟依存が構造的に深まっている	74.0	73.0	68.0	81.0	73.0	77.0	79.0	35.0	原油高と半導体不安が重なり就職・起業の将来像を若者が描けなくなる
4	CHN	中国	China	東アジア	間接衝突	台湾圧力継続とエネルギー外交で均衡維持	中東産油国との関係強化と台湾周辺演習を並行して継続する	エネルギー安全と主権防衛は一体で外圧に屈しない	ホルムズ緊張でコスト増加すれば国内雇用安定が再び揺らぐ	79.0	63.0	71.0	83.0	56.0	80.0	75.0	33.0	エネルギー高騰と台湾リスクが重なり若者の就職・生活費不安が二重に加速する
4	JPN	日本	Japan	東アジア	境界的圧力	中東エネルギーリスクに緊急対処しつつ同盟維持	中東産油国と外交加速しLNG代替調達を米・カタールと協議する	エネルギー高騰に補助延長、生活・産業支援を優先し安定確保を目指す	備蓄90日で長期化すれば財政・産業へのダメージは免れない	72.0	83.0	65.0	65.0	75.0	72.0	76.0	38.0	電気・ガソリン高で家計が圧迫され、就職・将来設計の不安がSNSで急拡大する
4	TWN	台湾	Taiwan	東アジア	境界的圧力	エネルギー危機下でも半導体継続と抑止を死守	米豪とLNG長期契約を急ぎ、同盟強化で海峡抑止と産業継続を同時確保する	エネルギー高騰でも産業と生活を守る。半導体は国家の盾であり経済の柱だ	電力コスト急騰がTSMC稼働に直撃し、抑止維持と生産継続の両立が崩れかける	83.0	70.0	63.0	82.0	47.0	83.0	78.0	34.0	半導体コスト上昇と物価高が連動し、就職・AIインフラ・生活費の複合不安が若者に圧力をかける
4	KOR	韓国	South Korea	東アジア	境界的圧力	半導体優位を守りエネルギー調達を多角化する	ホルムズ危機受け米・カタール・豪からLNG調達先を緊急拡大する	エネルギー高騰に備え備蓄強化と国民負担軽減策を準備する	エネルギー補助金拡大が財政を圧迫し半導体投資余力を削る	53.0	64.0	59.0	40.0	38.0	61.0	65.0	45.0	韓国発LNG争奪がアジア電気代を押し上げ若者の生活・就職不安がSNSで連動する
4	PRK	北朝鮮	North Korea	東アジア	間接衝突	ホルムズ混乱を核交渉レバレッジに転用	米国が中東分散中にICBM追加試験を示唆し、ロシアへ燃料融通を打診	帝国主義は中東でも苦境。核抑止が今こそ祖国を守る盾だ	国際原油高が中国の対北援助余力を削り、食料・燃料不足が体制内部に波及しつつある	81.0	16.0	29.0	14.0	46.0	21.0	79.0	30.0	中東エネルギー高騰と北朝鮮核リスクが重なり、若者の二正面不安とSNS騒擾が同時上昇する
4	RUS	ロシア	Russia	ユーラシア	間接衝突	ホルムズ高騰を好機に資源外交を強化	中東緊張を利用しエネルギー価格交渉力を高め対中・グローバルサウス輸出を拡大	制裁に屈せず我が国のエネルギーが世界の要となることを証明している	エネルギー収入増は財政を支えるが戦争消耗と半導体孤立の長期圧迫は続く	73.0	76.0	53.0	40.0	64.0	66.0	72.0	39.0	ホルムズとロシア制裁の重複でエネルギー高が長引き若者の生活費・就職不安がさらに増す
4	UKR	ウクライナ	Ukraine	欧州	限定戦争	中東危機を援用し欧米支援の維持を訴求	ホルムズ危機を民主主義秩序崩壊の証拠として欧米の対ウクライナ支援継続を強く要求	世界的エネルギー危機の今こそ欧米支援が続くと説明し国内疲弊に抗う	エネルギー高騰で欧米財政が締まり援助規模縮小・武器優先度低下を最大リスクと見る	74.0	71.0	47.0	28.0	55.0	68.0	72.0	44.0	ウクライナ戦争長期化とホルムズ不安が重なり若者の生活費と将来展望を同時に圧迫
4	IRN	イラン	Iran	中東	境界的圧力	ホルムズ牌を握り制裁緩和を迫る	海峡封鎖を示唆しつつ制裁交渉を有利に進め中露経由の代替収入路を維持する	外圧に屈せず海峡を守り抜き国益を守ることが体制の正統性だ	実際に封鎖すれば軍事報復を招くため示唆に留め内部経済疲弊は限界に近い	70.0	76.0	44.0	26.0	53.0	68.0	73.0	39.0	ホルムズ警戒でガソリン・電気代が上昇し若者の可処分所得が削られ将来不安が強まる
4	ISR	イスラエル	Israel	中東	間接衝突	ホルムズ警戒下でイラン抑止と技術優位を同時維持	イランの動向を警戒しつつ米国・UAEと連携して中東安定化を図る	ホルムズ緊張は国内ガス田で吸収可能、抑止力強化で国民保護を続ける	国内政治の分断でホルムズ対応の予算拡充に与野党合意が得られない	68.0	67.0	46.0	40.0	50.0	60.0	63.0	44.0	ホルムズ緊張継続でエネルギー高騰と安保不安が重なり若者の将来展望を圧迫する
4	SAU	サウジアラビア	Saudi Arabia	中東	境界的圧力	ホルムズ警戒でエネルギー外交主導権を強化	GCC連携でホルムズ通航保証を示しつつアジア向け優遇供給継続を交渉する	エネルギー危機を好機に転じVision2030の収益基盤を守ると国民に示す	ホルムズ封鎖長期化は収益直撃。軍事対応コストと体制安定の綱引きが続く	62.0	85.0	52.0	36.0	66.0	76.0	68.0	33.0	原油高と物流停滞リスクで電気代・食料品高が重なり若者の生活防衛意識が高まる
4	EU	欧州連合	European Union	欧州	圧力上昇	エネルギー安保緊急強化、景気下支え維持	緊急LNG追加調達・中東安定化外交・EU備蓄放出協議を同時進行	ホルムズリスクに備え備蓄と代替調達を強化。家庭・産業補助は維持する	加盟国のエネルギー依存格差が政策統一を遅らせ、補助財源も再圧迫される	48.0	63.0	57.0	58.0	39.0	61.0	65.0	51.0	EUのエネルギー危機対応が欧州景気を鈍化させ、日本若者の輸出関連就職と電気代を圧迫する
5	USA	アメリカ	United States	北米	境界的圧力	AI・半導体ブロック主導で同盟締め付けを強化	半導体・AI輸出規制を強化し同盟国に技術協力義務を課す	技術覇権を守り中国に負けない産業と雇用を維持すると訴える	ブロック強制で同盟摩擦増大、財政と外交負担が限界に近づく	77.0	74.0	72.0	86.0	76.0	83.0	83.0	31.0	半導体分断深化で就職・AI起業の将来設計が見えにくくなる不安が広がる
5	CHN	中国	China	東アジア	間接衝突	技術自立加速とブロック対抗で構造防衛	非西側諸国とのAI・半導体協力網を拡大し輸出管理に対抗する	技術封鎖は挑戦であり自立こそが回答だと国民に示す	先端半導体の国産化は間に合わず雇用喪失が政権正統性を侵食する	82.0	62.0	74.0	88.0	59.0	84.0	78.0	30.0	技術ブロック硬化で半導体調達難と就職先の先行き不透明感が若者に重なる
5	JPN	日本	Japan	東アジア	境界的圧力	半導体主権を守りつつブロック分断に巻き込まれない	米主導の技術同盟枠組みに参加しつつ中国向け輸出規制対応を産業界と調整する	半導体・AI基盤は国家の命綱。戦略技術を守る投資と生活支援を両立する	米中どちらかへの完全な技術切断は産業崩壊に等しく、踏み切れない	76.0	77.0	72.0	79.0	79.0	82.0	80.0	38.0	就職・技術選択の先が見えず、どのブロックで生きるかという将来不安がSNSで急拡散する
5	TWN	台湾	Taiwan	東アジア	境界的圧力	半導体外交でブロック内地位を固める	米主導ブロックへの帰属を明確化しTSMC保護協定を推進、中国の孤立化圧力に抵抗する	半導体は世界の鍵であり台湾の盾。ブロック化は我々の戦略価値をむしろ高める	ブロック帰属の明確化が中国の軍事オプションを刺激するリスクは消せない	87.0	71.0	67.0	80.0	50.0	88.0	83.0	31.0	ブロック内半導体は安定化するが、中台緊張が就活・AI利用・生活費の複合不安を若者に広げる
5	KOR	韓国	South Korea	東アジア	間接衝突	同盟優先で半導体ブロック選択に踏み切る	米主導チップ同盟に参加しつつ中国市場喪失リスクを段階的に緩衝する	技術安全保障のため半導体同盟を強化し国内雇用を守り抜く	中国輸出依存が高く脱中国加速は半導体産業の空洞化を招きかねない	60.0	61.0	67.0	38.0	45.0	71.0	72.0	41.0	韓国の半導体ブロック選択が日本の調達先を揺さぶり若者の就職・未来感にSNS不安が波及する
5	PRK	北朝鮮	North Korea	東アジア	間接衝突	ブロック化を好機に対露協力を深化し資源確保	ロシアに砲弾・兵員を追加供給し燃料・食料を対価に獲得する	帝国主義ブロックが孤立し、我々は正しい陣営にいる	対露依存が深まるほど中国との均衡が崩れ外交選択肢が縮む	77.0	15.0	31.0	19.0	44.0	26.0	72.0	27.0	ブロック対立深化で半導体調達と防衛費が同時に圧迫され若者の将来設計が揺らぐ
5	RUS	ロシア	Russia	ユーラシア	間接衝突	西側孤立を逆手にブロック連携を深化	中国・グローバルサウスと資源・技術枠組みを拡大し西側制裁の影響力を削ぐ	ブロック経済の中核として西側封鎖を無力化し国家の存続と繁栄を証明している	中国依存深化で戦略自律性が侵食される懸念。技術移転要求への対応コストも増す	75.0	78.0	57.0	52.0	66.0	72.0	74.0	36.0	半導体・AIブロック分断でコスト上昇、日本の若者の就職先企業の先行きがさらに不透明になる
5	UKR	ウクライナ	Ukraine	欧州	限定戦争	ブロック硬化をウクライナ優位と位置づけ	西側ブロック統合を名分にAI・半導体・防衛技術の優先移転と追加武器援助を要求	技術ブロック化はロシア孤立を深める。西側との統合が復興の鍵だと国内に説明	西側の対中技術競争がリソースを吸収し対ウクライナ軍事援助が相対的に圧縮される懸念	74.0	67.0	46.0	34.0	56.0	74.0	73.0	40.0	戦争継続とブロック分断が重なり若者は就職先・物価・技術格差の三重不安を感じ始める
5	IRN	イラン	Iran	中東	境界的圧力	ブロック秩序に乗り自律拡大を図る	中露主導の決済・技術網に接続し制裁迂回ルートを制度化しホルムズ圧力は維持する	西側の分断は好機、自立路線で国益を守り制裁に屈しない体制を示す	中露依存の深化で自律は名目化し経済疲弊と国内不満は依然限界圏にある	72.0	73.0	47.0	32.0	55.0	72.0	70.0	37.0	ブロック分断でエネルギー・半導体調達が不安定化し若者の就職・生活設計に霧がかかる
5	ISR	イスラエル	Israel	中東	間接衝突	技術ブロック優位を同盟深化とイラン抑止に同時活用	米との半導体・AI協力を深め、イランの技術取得を封じる多国間制裁網に参加する	技術主権が安全保障の柱、エネルギー脆弱性は同盟と技術輸出で補完する	技術輸出制限が一部ハイテク企業を直撃し連立内の産業票が離反しかねない	71.0	65.0	49.0	54.0	53.0	67.0	70.0	41.0	技術ブロック分断と中東間接緊張が重なり、若者の就職先と将来設計がより不安定になる
5	SAU	サウジアラビア	Saudi Arabia	中東	境界的圧力	多軸外交でブロック化の隙を埋める	アジア向け原油優遇を維持し技術調達で米中双方と個別交渉を進める	Vision2030は技術ブロック化に依存しない自立路線を推進すると示す	技術主権確立が遅れる中で米中均衡外交に綱渡りが続く	65.0	81.0	54.0	52.0	68.0	80.0	72.0	30.0	半導体・AI分断深化で計算資源制約が急増し若者の就職先IT系不安が高まる
5	EU	欧州連合	European Union	欧州	圧力上昇	技術主権と同盟整合の二正面対応	EUチップス法加速・AI規制輸出化・米中双方へブロック強制回避を要請	戦略技術の域内自立を急ぎ、ブロック化から欧州産業と雇用を守る	加盟国の対中対米温度差が統一行動を遅らせ、Chips Act資金も不足気味	54.0	60.0	64.0	73.0	44.0	70.0	68.0	47.0	EUのブロック対応が半導体・AI就職市場を分断し、日本若者のキャリア見通しを揺るがす
6	USA	アメリカ	United States	北米	境界的圧力	同盟貢献要求を維持しAI技術ブロック継続	防衛分担増額を求めつつ半導体規制を限定緩和し同盟結束を演出する	技術競争に勝ち雇用を守る。同盟国と共に中国包囲網を堅持すると訴える	日本の財政硬直で分担交渉が難航。ブロック維持コストが国内財政を圧迫する	75.0	71.0	74.0	83.0	81.0	81.0	86.0	27.0	財政制約が深まり就活・住居・AI教育への公的支援が後退し若者の将来不安がSNSで拡大
6	CHN	中国	China	東アジア	間接衝突	技術ブロック対抗継続・日本余力低下を静観	非西側諸国とのAI・半導体協力路を拡大し西側輸出規制の迂回網を強化する	技術自立の道は正しく封鎖圧力には屈しないと国民に繰り返す	先端半導体国産化は依然遅延し製造業雇用喪失が政権正統性を削り続ける	83.0	60.0	77.0	85.0	64.0	82.0	81.0	24.0	日本財政制約が深まり若者支援と防衛費の競合が激化して将来感がさらに収縮する
6	JPN	日本	Japan	東アジア	境界的圧力	財政配分の優先順位を国内で調整する	日米同盟維持を前提に防衛費と生活支援の財政調整案を国会に提示する	歳出見直しで財源を確保し、若者支援と防衛投資を両立できると示す	増税は世論反発を招き、防衛と生活支援の削り合いから逃げられない	74.0	76.0	73.0	78.0	83.0	80.0	82.0	34.0	財政削り合いが可視化され、若者支援より防衛が優先されるのではという不安がSNSで広がる
6	TWN	台湾	Taiwan	東アジア	境界的圧力	半導体供給で日本との相互依存を深化	日本の財政制約を把握しTSMC安定供給をテコに経済協力を拡大、中国のブロック分断工作に対抗する	日本の財政逼迫は半導体外交の価値を証明する。我々の戦略的地位は揺るがない	日本の財政余力低下は同盟緩衝機能の劣化を意味し、有事時の支援不確実性が高まる	84.0	68.0	65.0	76.0	57.0	85.0	79.0	27.0	日本の財政制約で若者支援が削られる中、台湾海峡の緊張が生活費・就活・AI格差の複合不安をさらに増幅させる
6	KOR	韓国	South Korea	東アジア	間接衝突	半導体同盟維持、中国離脱コスト吸収中	チップ同盟深化しつつ対中経済摩擦の段階的緩衝を継続する	半導体雇用を守るため同盟体制を維持し国内支援を拡充する	中国市場喪失の痛みが表面化し財閥圧力と若者失業が政権を圧迫	58.0	62.0	69.0	35.0	52.0	68.0	75.0	38.0	韓国の半導体再編コストが日本の財政圧力に重なり若者の将来不安をSNSが増幅する
6	PRK	北朝鮮	North Korea	東アジア	間接衝突	対露協力深化の中で抑止力誇示を維持	ロシアとの軍事協力を継続し日本海方向へのミサイル訓練を示唆する	帝国主義圧力に屈せず防衛力は最高水準を維持している	対露傾斜に中国が警戒を強め食料エネルギー交渉力が低下しつつある	78.0	16.0	32.0	19.0	48.0	27.0	74.0	24.0	財政議論中のミサイル示威が防衛費増と生活支援の板挟みを若者に意識させる
6	RUS	ロシア	Russia	ユーラシア	間接衝突	資源高止まりで西側財政を間接圧迫	原油・ガス輸出価格を高止まりさせ日欧の財政余力を削ぎ、ブロック結束を対外誇示	資源収入で経済を安定させ西側制裁を無力化し体制の正しさを証明している	中国との価格交渉力が低下し国内消耗が進行、経済構造の脆弱化は隠しきれない	74.0	81.0	59.0	53.0	72.0	72.0	70.0	30.0	財政余力の縮小でエネルギー補助が削られ、若者の光熱費・就活不安がじわり増す
6	UKR	ウクライナ	Ukraine	欧州	限定戦争	同盟財政疲弊を警戒し支援継続を要求	先進国の財政圧力下で多国間支援枠組みの維持を最優先外交課題とする	同盟の財政圧力にも西側支援は持続する。国民は揺るがず戦い続ける	日本・欧州の財政引き締めが援助継続性を脅かし前線補充に不確実性が生じる	75.0	65.0	48.0	35.0	60.0	72.0	71.0	37.0	戦争長期化と同盟財政疲弊が重なり若者は将来への公的支援縮小を予感し始める
6	IRN	イラン	Iran	中東	境界的圧力	財政疲弊下で体制正統性を防衛	中露決済網を強化しホルムズ圧力で日本のエネルギー代替を牽制する	制裁下の困窮は西側のせいと訴え自立路線で体制正統性を維持する	経済疲弊と若者失業で国内不満が高まり体制維持コストが増大する	73.0	75.0	49.0	31.0	58.0	74.0	72.0	33.0	財政制約下でエネルギー代替も若者支援も困難となり生活設計の不安が長期化する
6	ISR	イスラエル	Israel	中東	間接衝突	技術制裁維持しつつ湾岸協調を強化	対イラン多国間制裁を維持し湾岸諸国との防衛協力を拡大する	技術規制の産業負担を認めつつ安全保障優先の姿勢を堅持する	連立内産業票離反と財政圧迫が重なり政権基盤が揺らぎかねない	73.0	66.0	51.0	57.0	56.0	68.0	72.0	38.0	技術ブロック継続と中東緊張で若者のIT・半導体就職先の先行きが不透明になる
6	SAU	サウジアラビア	Saudi Arabia	中東	境界的圧力	アジア需要に軸を置き財政基盤を固める	財政制約国の日本に中長期原油契約を提案し安定需要を確保する	Vision2030を継続し原油収益の多様化で国民生活の安定を守ると示す	日本の購買力低下が続けばアジア需要基盤が緩み財政余力が削られる	64.0	84.0	56.0	51.0	74.0	77.0	75.0	26.0	財政制約でエネルギー補助が縮小し生活費高騰が若者を直撃する
6	EU	欧州連合	European Union	欧州	圧力上昇	AI規制実装と景気下支えの併走	AI Act運用開始・日米等にコンプライアンス猶予枠組みを提示し離反防止	AI規制で欧州標準を守りつつ景気支援策で雇用と産業競争力を維持する	加盟国の財政格差が景気支援を分断しChips Act資金不足は続く	52.0	57.0	65.0	71.0	47.0	67.0	65.0	49.0	EU景気減速とAI規制対応コストが重なり日本若者の就職・技術キャリアを二重に圧迫する
7	USA	アメリカ	United States	北米	境界的圧力	AI電力制約に対応しつつ技術覇権を死守	エネルギー効率AI政策を国内推進し同盟国に電力インフラ協力を打診する	AI革命は続く。電力制約は技術革新で克服し雇用と成長を守ると訴える	電力網ボトルネックがAI投資に足かせ。国内分断と格差懸念が政権基盤を揺らす	76.0	74.0	75.0	86.0	82.0	83.0	88.0	25.0	電力・AI格差の不安がSNSで拡散し就活・住居支援の後退感が若者の閉塞感を深める
7	CHN	中国	China	東アジア	間接衝突	AI電力強化で技術自立路線を継続	国策データ拠点を非西側向けに輸出しAI覇権の実績を積む	AI電力確保こそ国家自立の要であり西側の格差批判は内政干渉だ	地方電網の過負荷と炭素増が対外批判と国内抗議の両方の火種となる	84.0	64.0	78.0	86.0	66.0	83.0	83.0	22.0	AI電力格差の拡大で若者のデジタル機会不平等感とエネルギー負担増への不安が重なる
7	JPN	日本	Japan	東アジア	境界的圧力	AIインフラと電力安定を財政内で両立させる	データセンター電力基準を同盟国と調整しエネルギー分散調達を継続する	AI整備を進めつつ電力負担の地域偏在と利用格差の対策を講じる	電力網拡張費が防衛・若者支援と競合し増税なき財源確保に行き詰まる	72.0	81.0	76.0	81.0	86.0	77.0	86.0	31.0	AIを使える者と使えない者の格差がSNSで可視化され若者の就職・賃金不安が深まる
7	TWN	台湾	Taiwan	東アジア	境界的圧力	電力制約下でも半導体供給を死守	日米に電力安定化協力を打診しつつ、TSMC供給網の電力優先枠を確保して中国の弱点突きに備える	AI電力需要増でファブ電力確保が急務だが、半導体生産の優先度は国家存続と同列だ	電力網の脆弱性が中国サイバー攻撃の新標的となりうる。エネルギー安保がほぼ急所	83.0	75.0	67.0	81.0	59.0	88.0	83.0	24.0	ファブ電力制約が現実化すれば、日本の若者のAI格差・就活不安・生活費圧力がさらに同時悪化する
7	KOR	韓国	South Korea	東アジア	間接衝突	AI需要拡大と電力制約を同時管理	AI半導体需要増を同盟で取り込みながら電力コスト上昇の国際協調を模索する	AI半導体の世界需要は増加中。電力対策で雇用と産業競争力を守り抜く	電力コスト上昇が製造マージンを削り財閥と中小の格差が政権へ圧力をかける	56.0	67.0	71.0	40.0	54.0	71.0	79.0	36.0	AI電力格差の不安がSNSで拡がり、韓国半導体競争も重なって若者の将来設計不安が深まる
7	PRK	北朝鮮	North Korea	東アジア	間接衝突	対中修復図りながら抑止力維持継続	中国との経済対話を再開しつつ日本海向けミサイル活動を維持する	技術覇権主義に屈せず国防力は鉄壁と国民に強調する	AI電力争奪で中国の余裕が縮み食料支援交渉が一段と難化している	79.0	16.0	33.0	20.0	51.0	27.0	76.0	22.0	AI電力不安の中でのミサイル示威が若者の安全保障疲れを深め将来展望を暗くする
7	RUS	ロシア	Russia	ユーラシア	間接衝突	AI電力需要を資源輸出の追い風と捉える	AI設備投資による電力需要増を好機とし中国・グローバルサウスへの資源輸出を拡大	AI時代の電力需要が資源大国ロシアの優位を再確認した	技術・半導体主権は劣後し、エネルギー依存構造からの脱却は視野にない	72.0	84.0	62.0	59.0	75.0	71.0	73.0	27.0	AI電力争奪でエネルギー単価が上昇し、若者の光熱費とAI格差不安が同時に膨らむ
7	UKR	ウクライナ	Ukraine	欧州	限定戦争	西側AI投資熱に埋もれぬよう支援継続を訴える	AI電力投資ブームに忙殺される同盟国へ戦時優先維持の外交攻勢をかける	AI時代でも戦争は現実だ。同盟の関心低下を防ぎ支援を守る	AI投資競争が同盟国の政治関心を奪い支援継続への圧力が増す	77.0	67.0	50.0	42.0	63.0	70.0	74.0	34.0	戦争継続とAI電力競争が重なり若者はデジタル格差と将来不安を同時に意識し始める
7	IRN	イラン	Iran	中東	境界的圧力	AI格差圧力下で体制維持を優先	AI電力格差を制裁の不当性として発信しホルムズ圧力を維持する	AI格差は西側封鎖の証拠と訴え自立路線の正当性を強化する	国内電力不足とAI遅れが若者不満の新火種になりつつある	72.0	77.0	51.0	34.0	57.0	73.0	74.0	32.0	エネルギー高止まりとAI電力争奪で若者の就職・生活設計の不安が長引く
7	ISR	イスラエル	Israel	中東	間接衝突	AIインフラ優位で湾岸連携を深める	電力制約下のAI技術輸出を湾岸諸国に提案し対イラン包囲網を補強する	AI設備投資の電力コストを国内産業競争力に転換する支援策を講じる	電力インフラ脆弱性と連立不安定が国内AI政策の一貫性を損なう	72.0	68.0	52.0	60.0	57.0	69.0	71.0	39.0	AI電力制約がイスラエル発技術供給を揺らし若者のIT就職先の見通しが更に不透明になる
7	SAU	サウジアラビア	Saudi Arabia	中東	境界的圧力	AI電力需要を機に原油交渉を強化する	データセンター向けエネルギー供給で日本・欧米との長期契約交渉を強化する	AI電力需要増がサウジの原油収益を押し上げると国民に示す	Vision2030のAI設備と国内電力整備のコスト競合が財政を圧迫する	62.0	87.0	57.0	54.0	76.0	78.0	78.0	24.0	AI電力高騰がエネルギー価格を押し上げ若者の生活費と就労不安が同時に高まる
7	EU	欧州連合	European Union	欧州	圧力上昇	AI電力制約対応と規制実装の二正面	日米韓にデータセンター電力基準調整を提案しグリーン投資連携を模索する	AI投資の電力負担を再エネ拡充と公正分配で対応し産業競争力を守る	加盟国の電力網格差が対応速度を分断し南欧東欧の離反リスクが高い	51.0	62.0	66.0	73.0	52.0	69.0	69.0	46.0	EUのAI電力制約規制が日本の技術輸出と投資基準を揺さぶり若者のAIキャリア不透明感を高める
8	USA	アメリカ	United States	北米	境界的圧力	AI雇用摩擦に対処しつつ技術覇権を維持	AI職業訓練基金を拡充し同盟国とAIガバナンス基準の協調を打診する	AIによる雇用移行は痛みを伴うが成長と機会を守ると訴える	AI格差と若年失業への怒りが政権支持を侵食し次期選挙に影響する	76.0	72.0	81.0	84.0	85.0	82.0	91.0	22.0	米AI雇用政策の転換が日本に波及し初職・転職不安がSNSで拡散して閉塞感を深める
8	CHN	中国	China	東アジア	間接衝突	AI雇用摩擦を国策再訓練で吸収し安定維持	AI強国路線を継続しつつ途上国向け雇用転換モデルを輸出展開	AI転換で失われる仕事は国家職業訓練が吸収し中国式再配置を先導する	若年失業率の急上昇が体制正統性の急所となるリスクを内部で強く認識	83.0	65.0	85.0	87.0	67.0	84.0	88.0	20.0	中国主導のAI雇用再配置が日本の若者に技術格差と初職不安の波及圧力を強める
8	JPN	日本	Japan	東アジア	境界的圧力	職業訓練拡充でAI格差緩和を試みる	同盟国と職業訓練・AI活用指針を共有し雇用移行の国際モデル構築を模索する	AI格差による雇用不安に対し訓練給付と移行支援で対応すると表明する	訓練予算は防衛・社会保障と競合し実効規模に届かない恐れがある	70.0	78.0	83.0	82.0	87.0	74.0	90.0	26.0	AI採用企業と非採用企業の給与差がSNSで拡散し初職・転職に悩む若者の閉塞感が増す
8	TWN	台湾	Taiwan	東アジア	境界的圧力	AI需要増でも半導体供給優先は揺るがない	米日にAI用電力・半導体協力を要請し、台湾海峡抑止を維持しながら供給継続を誓約	AIブームは台湾の地政学的価値を高める。生産継続が最大の国家貢献だ	AI電力需要と軍事対峙の二重圧力で電力網の限界が近づいている	84.0	77.0	73.0	83.0	58.0	87.0	86.0	22.0	台湾ファブの供給制約が続けば、日本若者のAI格差と就職難が連動して悪化する
8	KOR	韓国	South Korea	東アジア	間接衝突	AIが奪う雇用と半導体需要増の矛盾を管理	AI半導体輸出を維持しつつ雇用再訓練で同盟国とのAI人材協定を模索する	AIは脅威でなく産業機会。半導体で稼ぎ、若者の再訓練を国が主導する	財閥主導のAI移行で若年失業が急増し、世論圧力が政権正統性を直撃する	58.0	70.0	76.0	38.0	56.0	72.0	83.0	34.0	韓国のAI雇用摩擦がSNSで共鳴し、日本の若者にも職業代替不安が連鎖する
8	PRK	北朝鮮	North Korea	東アジア	間接衝突	資本主義AI危機を内部宣伝に転用し抑止継続	世界AI混乱期に中国への食料交渉圧力を高めつつ日本海への示威行動を維持する	AI格差で崩れる資本主義を尻目に我が体制の優位性を全国民に示す	中国のAI電力需要増で食料・燃料支援の交渉余地がさらに縮んでいる	81.0	15.0	34.0	19.0	53.0	27.0	79.0	21.0	AI失業不安とミサイル示威が重なり若者の二重圧力感が深まり将来設計が揺らぐ
8	RUS	ロシア	Russia	ユーラシア	間接衝突	AI雇用摩擦を体制批判の好機に転用する	AI失業不安を西側批判に援用しグローバルサウスへの資源・技術協力を拡張	AI混乱は西側資本主義の失敗。ロシアの安定雇用体制こそ持続可能だ	国内でもAI技術格差が深刻で若年雇用の静かな動揺は抑えきれない	74.0	86.0	68.0	61.0	77.0	73.0	79.0	24.0	AI失職不安とロシア発エネルギー高騰が重なり、若者の将来設計が二重圧力で揺らぐ
8	UKR	ウクライナ	Ukraine	欧州	限定戦争	AI関心の陰で同盟離れが加速、孤立回避が急務	AI雇用摩擦で内向きになる同盟国に戦争継続の道義的意義を訴え支援維持を要請	世界がAIに目を奪われても戦争は続いている。支援は守る	AI雇用不安が同盟国内政を支配し支援予算削減リスクが実質化しつつある	79.0	65.0	57.0	44.0	64.0	72.0	77.0	32.0	戦争長期化とAI雇用不安の二重圧力が日本の若者の将来設計を揺さぶり就職不安とリスク回避が重なる
8	IRN	イラン	Iran	中東	境界的圧力	AI雇用格差を対西側宣伝に転用し体制維持	AI失業格差を制裁の証拠として発信しホルムズ監視圧力を継続する	AI失業は西側資本主義の破綻の証拠、自立路線こそ安定の道	若者のAI失業不満が反体制行動に転化するリスクが静かに高まる	71.0	79.0	55.0	36.0	59.0	72.0	77.0	30.0	AI雇用不安とエネルギー高止まりが重なり、若者の将来設計への不信感が深まる
8	ISR	イスラエル	Israel	中東	間接衝突	AI雇用摩擦を技術輸出機会に転換する	雇用再配置向けAIソリューションを湾岸・欧米に提案し技術外交を拡張する	AI産業主導の雇用転換支援策で国内格差不安を部分的に吸収する	国内IT労働市場の二極化と連立不安定が政策一貫性の維持を困難にする	70.0	65.0	58.0	57.0	54.0	67.0	75.0	37.0	イスラエル発AI雇用ソリューション普及が日本若者の職種置換不安をさらに可視化させる
8	SAU	サウジアラビア	Saudi Arabia	中東	境界的圧力	AI収益確保と国内雇用対策を並走させる	AI電力需要を活かしたエネルギー長期契約を維持し、雇用対策で国際連携を探る	AIが雇用を変えても、サウジはエネルギー輸出で国民生活を守ると示す	AI自動化でVision2030雇用目標が空洞化し若者不満が潜在化する	64.0	89.0	66.0	57.0	73.0	77.0	83.0	25.0	AI職場変化と高エネルギー費が重なり、若者の就職不安と生活コスト圧力が同時に高まる
8	EU	欧州連合	European Union	欧州	圧力上昇	AI雇用摩擦を規制と再訓練で吸収する	AIガバナンス協定を日米に提案しAI法雇用条項の国際標準化を推進する	AI法が労働者を守る盾となり公正な移行を制度が保証する	再訓練予算を巡り加盟国が競合し南欧東欧の若年失業が政権不信を高める	49.0	60.0	72.0	71.0	56.0	66.0	74.0	43.0	EU主導のAI雇用規制が国際標準化へ向かい日本の若者はAIキャリア再設計を迫られる
9	USA	アメリカ	United States	北米	境界的圧力	ロボット主権で雇用動揺を抑制	同盟国とロボティクス規格協調を推進し中国製ロボット排除を働きかける	ロボット革命はアメリカの強みであり雇用創出と成長を続けると説明する	物流・製造現場の非熟練労働者の怒りが選挙鍵州を揺るがす	77.0	70.0	84.0	86.0	85.0	80.0	89.0	21.0	米ロボット規格主導が日本製造・物流を直撃し若者の就職先縮小不安をSNSで加速する
9	CHN	中国	China	東アジア	間接衝突	ロボット国策で物流・製造の主導権を確保する	途上国向けロボット輸出を拡大し製造主導権の維持を図る	自動化は競争力の源泉であり国が職業転換を全面支援する	物流・製造の低技能労働者の大規模失業が体制安定の急所	81.0	64.0	88.0	85.0	67.0	86.0	90.0	18.0	中国製ロボット席巻で日本の製造・物流職が消え若者の就職不安が急増する
9	JPN	日本	Japan	東アジア	境界的圧力	ロボット共存と雇用移行を軸に据える	OECD・G7とロボット雇用基準を協議し国際規範形成を図る	ロボット導入を機会と位置付け労働移行者への再訓練給付を優先する	介護現場は歓迎するが製造・小売の若者雇用が圧迫される矛盾を抱える	69.0	79.0	87.0	83.0	88.0	75.0	92.0	24.0	物流・小売バイトが減り初職を探す若者の選択肢が狭まる一方、ロボ管理職への期待も出る
9	TWN	台湾	Taiwan	東アジア	境界的圧力	ロボ需要急増でも半導体供給と安全保障を最優先する	米日にロボ用チップ需要急増を通告、電力・水資源の緊急協力を要請しつつ台湾海峡抑止継続	ロボティクス需要は台湾の戦略価値を再証明した。生産継続こそが国家防衛だ	ロボ向けAIチップ増産要求が電力網の臨界点を一段と早める。軍事・民需の優先順位が割れ始めた	86.0	81.0	76.0	88.0	60.0	89.0	91.0	19.0	ロボ置換不安と台湾チップ制約が重なり、日本の若者は雇用喪失とAI格差の両方を同時に体感し始める
9	KOR	韓国	South Korea	東アジア	間接衝突	ロボット産業を国策化し雇用再編を管理する	日米と産業ロボット用半導体協調を強め輸出拡大を推進する	ロボット化は韓国製造の強み。半導体で稼ぎ転職支援を国が主導する	製造現場の雇用消失速度が政策対応を超え世論が政権正統性を直撃し始める	61.0	73.0	80.0	43.0	59.0	76.0	87.0	31.0	韓国工場ロボット化のSNS映像が日本の若者に身体労働消滅の恐怖を連鎖させる
9	PRK	北朝鮮	North Korea	東アジア	間接衝突	ロボティクス混乱を宣伝転用し抑止継続	世界ロボット移行混乱期に中朝交渉を維持しつつ日本海示威行動を継続する	ロボットで崩れる資本主義を尻目に我が体制の安定を全国民に証明する	中国がロボティクス投資を加速し食料・燃料の交渉余地がさらに縮んでいる	80.0	15.0	37.0	20.0	54.0	28.0	81.0	20.0	ミサイル示威継続にロボット雇用不安が重なり若者の先行き不安が連鎖深化する
9	RUS	ロシア	Russia	ユーラシア	間接衝突	ロボット混乱を西側批判・体制正統化に再利用する	ロボット失業崩壊を西側批判に援用し、グローバルサウスへ安定雇用モデルを提示	ロボットによる失業は西側資本主義の末路。ロシアの産業体制こそ人間を守る	制裁下でロボット・半導体の自国調達は困難。製造競争力の静かな劣化が進む	73.0	85.0	72.0	63.0	75.0	74.0	83.0	22.0	エネルギー高騰とロボット失職不安が重なり、若者の将来設計が二重圧力で揺らぐ
9	UKR	ウクライナ	Ukraine	欧州	限定戦争	ロボット転換の陰で支援離れ、孤立防止が急務	自動化不安で揺れる同盟各国に戦場の人道的緊急性を訴え軍事・財政支援を確保	ロボット時代でも戦争は続く。同盟の約束を守り抜く覚悟を示す	ロボット転換不安が同盟国の支援予算を本格的に圧迫し始めた	81.0	66.0	68.0	48.0	65.0	71.0	80.0	30.0	戦争継続とロボット雇用不安の二重圧力が若者の就職不安を深め、将来設計が揺らぐ
9	IRN	イラン	Iran	中東	境界的圧力	ロボティクス格差を対西側宣伝の新軸に転用	汎用ロボット導入格差を制裁批判に組み込みホルムズ監視圧力を継続する	ロボットが仕事を奪う西側の矛盾こそ崩壊の証拠、自立経済が答えだ	若者の身体労働不安が制裁下での雇用創出不能と重なり静かに体制圧力が増す	70.0	78.0	62.0	39.0	62.0	71.0	81.0	29.0	ロボット失業波とホルムズ由来のエネルギー高止まりが重なり、若者の就労将来像への不信がさらに深まる
9	ISR	イスラエル	Israel	中東	間接衝突	ロボティクス輸出で安保と経済を同時強化する	湾岸・欧米・アジア向けロボティクスソリューションの戦略輸出を加速する	ロボティクス先進国の地位を活かして雇用転換と安全保障を一体で強化する	連立不安と国内格差がロボット恩恵の分配を阻み社会摩擦が潜在する	70.0	64.0	63.0	56.0	53.0	65.0	78.0	36.0	イスラエル発ロボット技術の浸透が日本の身体労働不安をSNSで可視化・拡大させる
9	SAU	サウジアラビア	Saudi Arabia	中東	境界的圧力	エネルギー増収でVision2030雇用圧力を緩衝する	ロボット電力需要増を活かしアジア向けエネルギー長期契約を拡張し外資誘致を継続する	ロボット化は脅威でなく輸出機会、雇用再訓練でサウジ人を守ると示す	ロボット自動化でVision2030の非石油雇用目標が加速度的に空洞化する	65.0	91.0	70.0	62.0	74.0	80.0	87.0	22.0	エネルギー高止まりとロボット雇用代替不安が重なり、若者の生活費と職場不安が同時に高まる
9	EU	欧州連合	European Union	欧州	圧力上昇	ロボット導入を規制と移行保障で制御する	ロボット安全基準を国際提案しAI法の身体労働条項を拡張する	ロボット革命から働く者を守る制度的移行保障を進める	製造業組合と南欧政府が急進展開に反発し合意形成が難航する	51.0	58.0	77.0	68.0	60.0	69.0	79.0	45.0	EUのロボット規制が国際標準化へ動き日本の若者は身体労働の未来を強制的に再設計させられる
10	USA	アメリカ	United States	北米	境界的圧力	生活費対策とAI主導権の両立	同盟国にAI・ロボット標準参加を求めながら生活費対策の国際協調を提案する	ロボット革命の恩恵を全米へ分配し生活費負担を下げると宣言する	中間層の物価不満と自動化失業が重なり選挙鍵州で政権支持が崩れ始める	74.0	67.0	83.0	85.0	83.0	77.0	87.0	23.0	米の生活費圧力と自動化促進が重なり日本の若者の雇用・物価不安をSNSでさらに増幅する
10	CHN	中国	China	東アジア	間接衝突	生活費補助と自動化国策を並走させ安定を維持する	途上国ロボット輸出を継続しつつ国内補助金で消費下支えを図る	生活費上昇は一時的。技術立国が豊かさを担保すると宣伝する	失業と物価高が重なり若年層の不満が体制信任を静かに蝕んでいる	83.0	67.0	89.0	84.0	71.0	86.0	88.0	16.0	中国内部不満が対外圧力に転化し日本の若者の雇用・物価不安を同時に増幅させる
10	JPN	日本	Japan	東アジア	境界的圧力	生活費対策を最優先に財政を再圧縮する	LNGスポット調達を拡大しエネルギー価格上昇幅を抑制する	光熱費・食費の負担軽減策を継続し支援の公平感回復を図る	財政余力はほぼ限界で若者支援と高齢者給付の板挟みが深刻	67.0	81.0	88.0	82.0	91.0	74.0	94.0	20.0	物価高が続く中で就職・進学を控えた若者の将来設計がさらに不安定になる
10	TWN	台湾	Taiwan	東アジア	境界的圧力	生活費圧力下でも半導体と安全保障を死守	米日と電力支援協議を継続、台湾海峡抑止維持とチップ供給安定化を同時要請	電力価格高騰は世界共通。半導体生産継続こそ台湾防衛の根幹だ	電力補助財源が防衛費と競合し、民心離反が静かに進んでいる	85.0	84.0	77.0	87.0	64.0	88.0	90.0	17.0	台湾のエネルギー逼迫長期化でチップ調達不安と生活費高騰が重なり、若者の将来設計がさらに難しくなる
10	KOR	韓国	South Korea	東アジア	間接衝突	生活費支援と雇用転換を同時に抱え込む	日米とエネルギー調達多角化を協議しつつ半導体輸出優位を維持する	生活費対策と産業転換支援を両輪で進める。ロボット化の恩恵は国民に還元する	生活費補填と雇用補償の財源が同時に不足し政権正統性が二重に圧迫される	62.0	76.0	83.0	41.0	65.0	74.0	89.0	29.0	韓国の生活費不安とロボット失業が重なりSNSに流れ日本の若者の将来設計を二重に揺さぶる
10	PRK	北朝鮮	North Korea	東アジア	間接衝突	生活費危機の隙に抑止強化継続	日韓が生活費危機で内向きになる隙に短距離ミサイル試射と対中依存深化を同時進行する	資本主義圏の生活費崩壊を証拠に体制優位を全国民へ示す	食料・燃料不足が深刻で中国依存なしには体制維持が難しい	82.0	15.0	38.0	20.0	56.0	29.0	83.0	18.0	生活費圧力で疲弊する若者の不安にミサイル示威が重なり安全保障疲労が加速する
10	RUS	ロシア	Russia	ユーラシア	間接衝突	生活費危機を反西側の証拠として体制正統化に利用	グローバル生活費高騰を梃子にエネルギー外交を強化しグローバルサウスとの連帯を演出する	西側制裁が世界の生活費を破壊した。ロシアは自国民の食料と安定を守り続ける	制裁下インフレで国内不満が静かに蓄積。エネルギー収入頼りで製造基盤の劣化が進む	72.0	87.0	74.0	62.0	77.0	73.0	85.0	20.0	エネルギー高騰と生活費圧力が重なり、若者の将来設計と消費意欲が二重に萎縮する
10	UKR	ウクライナ	Ukraine	欧州	限定戦争	生活費危機が同盟結束を侵食	生活費圧力で揺れる同盟国に食料・人道的緊急性を訴え継続支援を懇願	戦時下でも生活費は深刻。同盟支援を軸に耐え抜く覚悟を示す	同盟国の家計危機が支援削減の口実となり財政的孤立が加速する恐れ	82.0	68.0	70.0	49.0	68.0	73.0	82.0	27.0	戦争継続と物価高の二重圧力が日本の若者の生活不安と就職不安を重ねて増幅させる
10	IRN	イラン	Iran	中東	境界的圧力	生活費高騰を制裁の証拠として国内結束に転用	ホルムズ圧力を維持しつつ中露と連携し制裁迂回物資の確保を図る	西側インフレは制裁崩壊の証拠、自給経済への転換こそ唯一の答えだ	食料・燃料補助金が財政を圧迫し体制支持層の静かな不満が蓄積する	70.0	77.0	63.0	40.0	64.0	71.0	83.0	27.0	生活費高騰と原油高止まりが重なり若者の将来設計への諦念感がさらに広がる
10	ISR	イスラエル	Israel	中東	間接衝突	コスト圧力下でも安保技術優位を維持する	生活費圧力対策としてエネルギー技術外交を強化し中東安定化に関与する	生活費高騰の中でも技術大国の強みで雇用と安全を確保する	コスト高騰と連立不安が重なり国内分配政策の余地がさらに縮む	72.0	67.0	65.0	54.0	57.0	67.0	80.0	33.0	中東緊張と技術輸出がエネルギー価格と雇用不安を通じて日本の若者の将来不安を強める
10	SAU	サウジアラビア	Saudi Arabia	中東	境界的圧力	原油高収益でVision2030資金と体制を両立する	生活費高騰を背景にアジア向けエネルギー長期供給を拡大し価格上限への抵抗を維持する	エネルギー収益で食料補助と雇用再訓練を強化し国民生活を守ると表明する	ロボット化加速で若年失業リスクが増し体制正統性の基盤が静かに揺れ始める	64.0	91.0	73.0	62.0	75.0	81.0	88.0	21.0	エネルギー高止まりが続く中、生活費負担増と職場自動化不安が若者に同時にのしかかる
10	EU	欧州連合	European Union	欧州	圧力上昇	生活費負担に補助と価格規制で応答する	エネルギー価格上限措置を延長し低所得層支援の国際枠組みを提案する	生活費高騰に補助と価格安定策で対応し制度的公平性を守る	財政拡大への加盟国合意とインフレ再燃リスクへの中銀との緊張が続く	50.0	62.0	75.0	66.0	65.0	67.0	81.0	44.0	EUの価格規制と支援論争が国際基準に波及し日本の若者の生活費不公平感をさらに刺激する
11	USA	アメリカ	United States	北米	圧力上昇	台湾緩和を好機に同盟再確認へ	演習沈静化を受け日韓との安保協議を深め半導体供給網の脆弱点を再点検する	台湾海峡の緊張緩和は外交成果だが技術覇権競争は続くと国民に訴える	鍵州の自動化失業と物価不満は解消されず台湾安堵が支持率回復に直結しない	68.0	63.0	81.0	82.0	82.0	71.0	82.0	29.0	台湾緊張緩和で安保不安は薄れるが米の自動化圧力と半導体制約が若者の将来不安を持続させる
11	CHN	中国	China	東アジア	境界的圧力	演習縮小で対話姿勢を演出し技術自立を加速	台湾海峡の緊張を一時緩和しつつ半導体国産化と輸出拡大を継続	平和姿勢で圧力を跳ね返す。技術強国路線で雇用を守ると宣言	演習縮小は戦術的後退。若年失業と物価高の内圧が体制信任を侵食し続ける	74.0	64.0	85.0	81.0	69.0	81.0	83.0	24.0	演習沈静化で直接リスクは下がるが半導体制約と対中依存が構造的に残り日本若者の選択肢を圧迫する
11	JPN	日本	Japan	東アジア	圧力上昇	台湾緩和を活かし半導体調達の多元化を急ぐ	演習沈静化を機に同盟国と協調し半導体調達網の多元化を加速する	台湾情勢は改善傾向だが物価と雇用の支援を維持し不安を払拭する	財政余力は依然限界で若者支援と防衛費の板挟みは解消していない	61.0	76.0	83.0	78.0	89.0	67.0	82.0	27.0	緊張緩和で将来不安はやや和らぐが物価高と半導体不安が続き若者の展望は依然狭い
11	TWN	台湾	Taiwan	東アジア	境界的圧力	演習沈静化を機に供給安定と同盟外交を前進	米日と台湾海峡安定化を確認し半導体供給継続を国際公約として発信	演習沈静化は抑止の成果。半導体生産継続で台湾の価値を世界に示す	電力補助と防衛費の競合は続き、中国の次の手への警戒は緩められない	74.0	80.0	71.0	79.0	67.0	79.0	75.0	26.0	演習沈静化でSNS不安は薄れるが半導体供給の構造不安は残り若者の将来設計に影を落とす
11	KOR	韓国	South Korea	東アジア	圧力上昇	演習沈静化を好機に財政二重圧力の緩衝を図る	台湾緊張緩和を受け日米と半導体供給網安定化の協議を加速する	安保環境は落ち着いた。生活費と雇用転換支援を続ける	演習沈静化は一時的。半導体競争と雇用財源の枯渇は構造的に解消しない	50.0	66.0	79.0	40.0	68.0	62.0	72.0	36.0	緊張緩和で短期不安は和らぐが韓国の雇用崩壊不安は日本のSNSに流れ続ける
11	PRK	北朝鮮	North Korea	東アジア	間接衝突	台湾沈静化の隙に抑止継続	台湾演習沈静化で中国が対米協調傾向を強める中、核抑止力を誇示しつつ対中依存をさらに深化させる	台湾危機が収まっても米国の脅威は不変であり、我が体制の正当性が改めて証明された	中国が米国と協調姿勢を強める局面では過激な挑発は中国の不興を買う恐れがある	76.0	15.0	36.0	17.0	55.0	24.0	76.0	22.0	台湾緊張緩和で一時安堵する若者に、北朝鮮の継続的示威が慢性的な安全保障疲労を刷り込む
11	RUS	ロシア	Russia	ユーラシア	間接衝突	体制正統性を維持し戦争継続を正当化	台湾緊張緩和を逆手にグローバルサウスへのエネルギー外交を加速する	西側の孤立化が進んでいる。ロシアの資源と国民の安定は守られている	国内不満が静かに蓄積し製造基盤劣化と財政圧力が構造的に制約を深める	70.0	84.0	73.0	57.0	76.0	69.0	79.0	22.0	エネルギー高止まりが続き若者の将来設計と消費に慢性的な重しをかける
11	UKR	ウクライナ	Ukraine	欧州	限定戦争	台湾沈静化を機に同盟支援の再結集を促す	台湾緊張後退を受け欧米に対ウクライナ支援の再集中を要請する	同盟の目が再び向いた今が支援再強化の好機。国民に忍耐を呼びかける	台湾沈静は一時的。生活費危機の同盟国の支援意欲は依然脆弱	80.0	65.0	68.0	46.0	67.0	70.0	77.0	30.0	台湾緊張緩和で半導体不安は若干和らぐが戦争継続の物価・供給圧力は若者の不安を持続させる
11	IRN	イラン	Iran	中東	境界的圧力	対米停戦維持しつつ体制防衛を最優先	ホルムズ監視を継続し中露経由の原油輸出と制裁迂回物資を確保する	台湾沈静化は西側分断の証拠、自立路線が正しいと証明された	補助金負担が財政限界に近づき体制支持層の静かな離反が加速しつつある	67.0	74.0	61.0	37.0	63.0	68.0	79.0	30.0	原油高止まりは続くが台湾緊張の後退で不安のピークが微減し若者の諦念感は横ばいへ
11	ISR	イスラエル	Israel	中東	間接衝突	安保技術優位を維持し地域安定に関与する	半導体技術外交を強化しつつ中東和平プロセスへの関与を継続する	技術優位を活かし生活費圧力と安保コストに対応する	連立不安と財政圧力で社会政策への配分余地が依然狭い	70.0	65.0	63.0	50.0	57.0	63.0	76.0	35.0	中東緊張は続くが台湾緩和で半導体制約がやや和らぎ若者の雇用不安も微減する
11	SAU	サウジアラビア	Saudi Arabia	中東	境界的圧力	原油高維持でVision2030と体制安定を同時に追う	台湾緊張緩和を受けアジア向けエネルギー長期供給交渉を積極化し原油高水準を維持	石油収益で食料補助と若者職業訓練を継続し社会安定を守ると表明	自動化が若年失業を加速し体制正統性の基盤が静かに侵食され続ける	62.0	88.0	72.0	57.0	74.0	76.0	82.0	24.0	台湾緊張緩和でも石油高止まりと職場自動化不安が若者に同時圧力として継続する
11	EU	欧州連合	European Union	欧州	圧力上昇	台湾緊張緩和を歓迎し規制支援路線を堅持	台湾安定を契機に半導体サプライチェーン強靭化と域内投資誘致を加速する	台湾緊張は和らいだが半導体依存は構造的課題として技術自立投資を継続する	財政拡大合意とECB緊張継続、加盟国の半導体投資配分も不一致	46.0	60.0	72.0	62.0	63.0	64.0	77.0	47.0	EU緊張緩和で半導体価格がやや落ち着くが構造的制約は残り日本若者のIT職不安は続く
12	USA	アメリカ	United States	北米	圧力上昇	AI教育主導で技術覇権と格差を同時制御	AI教育標準を同盟国に展開し技術覇権と人材育成で格差を外交資源に転化する	AI時代の仕事は準備次第で守れると訴え連邦補助の職業訓練拡充を約束する	自動化失業層の不満は教育投資では短期解消せず選挙基盤の亀裂が深まる	65.0	61.0	85.0	79.0	85.0	67.0	86.0	27.0	米主導のAI教育標準が日本にも波及し適応できる若者と取り残される若者の分断が加速する
12	CHN	中国	China	東アジア	境界的圧力	AI教育国策化で若年雇用危機を正統性に転換	AI人材育成を外交ツール化し途上国へ技術輸出拡大で影響圏を広げる	AI強国として若者に未来を。雇用不安を能力投資に変換すると宣言	AI教育格差が農村・低学歴層の不満を拡大し体制信任の基盤を侵食し続ける	72.0	62.0	83.0	79.0	72.0	79.0	81.0	26.0	中国のAI人材急増が日本若者の職業競争圧力を高め適応できない層の将来不安がSNSで増幅される
12	JPN	日本	Japan	東アジア	圧力上昇	AI教育整備と雇用格差緩和を急務とする	米欧とAI職業訓練連携を進め適応格差の国際的波及を抑制する	AI職業訓練を緊急拡充し適応できない層への支援を強化する	AI教育・防衛費・若者支援の三重競合で財政余力はさらに圧縮される	59.0	73.0	88.0	74.0	92.0	64.0	87.0	23.0	AI適応できる層とできない層の格差が顕在化し若者の将来展望が二極分解する
12	TWN	台湾	Taiwan	東アジア	境界的圧力	AI人材格差に備えつつ半導体同盟外交を維持	米日とAI人材育成協力を拡大し台湾海峡安定と半導体供給継続を確認	AI職業訓練を強化し半導体産業の競争力で国民の生活水準を守る	AI自動化で国内労働格差が拡大し中間層の不満蓄積が政権に返る	70.0	76.0	77.0	75.0	69.0	74.0	79.0	28.0	AI教育格差の不安がSNSを通じ日本の若者の就労見通し悪化に連鎖
12	KOR	韓国	South Korea	東アジア	圧力上昇	AI教育格差を技術主権強化の好機として利用する	日米とAI職業訓練・半導体人材育成の枠組み共同設計を提案する	AI転換に乗り遅れないよう職業訓練を全世代に拡充する	財源は限界。取り残される中低技能層への手当は後回しになる	50.0	65.0	83.0	37.0	71.0	60.0	77.0	34.0	韓国の若者AI格差不安がSNSで拡散し日本の若者の取り残され感を増幅させる
12	PRK	北朝鮮	North Korea	東アジア	間接衝突	AI格差を体制正当化の素材に転用	世界AI格差拡大を「技術帝国主義」と宣伝し中国との非公式技術協力を静かに継続する	AI資本主義の格差混乱は我が体制の優位性の証明だと繰り返し喧伝する	中国がAI覇権で米国と競う局面では過激な挑発は対中関係を損なう	73.0	15.0	40.0	19.0	56.0	24.0	74.0	23.0	AI職業格差の不安に北朝鮮リスクが重なり、若者の将来設計が二重に揺らぐ
12	RUS	ロシア	Russia	ユーラシア	間接衝突	技術格差を逆用し情報戦を強化	AI格差拡大を対西側情報戦に組み込みグローバルサウスへの影響力を維持する	AGI時代でも資源と国土があれば自立できる。西側依存からの脱却が証明された	制裁でAI教育インフラ整備が遅れ若年層の技術格差が国内不満の新たな火種になる	69.0	83.0	76.0	59.0	77.0	68.0	82.0	23.0	AI適応格差拡大の中でエネルギー高と情報不安が若者の将来設計を二重に圧迫する
12	UKR	ウクライナ	Ukraine	欧州	限定戦争	戦線維持しつつ復興後AI適応を国際社会に訴求	戦後復興にAI教育インフラ支援を同盟国へ要請し継続的援助を引き出す	戦時でもAI技術習得支援を維持し戦後雇用の準備を進めると国民に示す	戦時財政でAI教育投資は実質不可能。若者の国外流出加速が統治を揺るがす	79.0	63.0	71.0	48.0	69.0	68.0	75.0	31.0	戦争継続の物価・供給圧力に加えAI教育格差拡大の不安が若者の将来感情を複合的に悪化させる
12	IRN	イラン	Iran	中東	境界的圧力	体制正統性をAI自立路線で補強し内向きに固める	中露経由の技術協力を誇示しAI制裁を体制防護の論拠に転用する	西側のAI独占に頼らない自立路線こそ国家の誇りと未来を守る	国内AI教育インフラが脆弱で若者の体制不満が静かに高まり財政余力もない	65.0	74.0	64.0	41.0	66.0	67.0	78.0	31.0	AI職業教育格差の拡大期にイランの不安定が原油高を維持し若者の就職不安を底上げする
12	ISR	イスラエル	Israel	中東	間接衝突	技術優位を教育輸出に転じ安保余力を確保する	AI教育カリキュラムを同盟国へ輸出しサイバー技術外交を深める	AI職業教育を先行導入し国内格差と安保コストを同時に吸収する	連立与党内の宗教教育優先派との摩擦でAI教育予算配分が滞る	68.0	63.0	66.0	47.0	57.0	62.0	79.0	34.0	AI教育格差の可視化でSNS上の「取り残される恐怖」が加速し若者不安が底上げされる
12	SAU	サウジアラビア	Saudi Arabia	中東	境界的圧力	AI教育投資でVision2030と体制安定を同時に守る	アジア向けエネルギー長期供給を維持しつつAI教育技術の国際導入を積極交渉	生成AI職業訓練をVision2030の柱に据え若者の雇用移行を国家が支援すると表明	AI適応格差が低所得若者層に集中し社会安定の底が静かに侵食されている	60.0	87.0	75.0	59.0	72.0	75.0	85.0	22.0	石油高と生成AI教育格差が同時に進み、就職不安と生活コスト上昇が若者に二重圧力
12	EU	欧州連合	European Union	欧州	圧力上昇	AI教育格差対応と技術主権を同時追求	G7でAI教育基準を主導し域内リスキリング投資を拡大する	AI適応格差は社会問題と認識し教育・訓練予算を優先配分する	各国の教育制度差と財政配分合意が遅れAI格差是正の実効性が問われる	44.0	58.0	75.0	64.0	65.0	62.0	80.0	49.0	EU主導のAI教育基準が波及し日本でも適応層と取り残し層の二極化が加速する
13	USA	アメリカ	United States	北米	圧力上昇	医療AI推進で介護不足を技術覇権資源に転換	同盟国に医療AIシステムを展開し介護人手不足を技術主権の実証機会に転化する	AIロボットが介護現場を支援し働く世代の家族負担を軽減すると約束する	移民受け入れが最速策だが政治的に不可能でAI介護は実用化まで数年かかる	64.0	61.0	87.0	80.0	87.0	69.0	89.0	26.0	米国の医療AI展開が波及するが介護負担は若者に直撃し将来不安と孤立感が深まる
13	CHN	中国	China	東アジア	境界的圧力	医療AI輸出で日本の介護依存を取り込む	医療AI・介護ロボを対日輸出に追加し経済的相互依存を戦略的に拡大する	中国AIが世界の高齢化を解決する。内外高齢化危機をAI技術で突破すると宣言	国内農村の介護崩壊が深刻で輸出展開を急ぐと国内不満が先に爆発するリスク	73.0	62.0	84.0	79.0	73.0	81.0	83.0	24.0	中国介護AI依存が深まると供給停止リスクが増し若者の家族介護負担とキャリア断絶不安がSNSで拡散する
13	JPN	日本	Japan	東アジア	圧力上昇	介護危機と財政制約の板挟みに直面	介護・医療分野の外国人労働者受入緩和と国際連携を検討	介護人材確保を緊急課題として予算を優先配分する	介護費拡大で若者支援・防衛費との三重競合がさらに深刻化	60.0	73.0	91.0	72.0	94.0	66.0	91.0	19.0	若者が親の介護を担わされる不安が増し、将来設計が崩れ始める
13	TWN	台湾	Taiwan	東アジア	境界的圧力	医療AI需要を取り込みつつ半導体同盟外交を継続	医療AI・介護ロボット向け半導体供給で日米との連携を強化	医療AI投資で介護人手不足を補い産業競争力と国民生活を守る	国内高齢化で若年人材が介護に流れ半導体産業の人材確保が難しくなる	71.0	74.0	81.0	77.0	72.0	73.0	83.0	24.0	介護AI化が若者のケア負担と就労不安を同時に高めSNSで連鎖拡大
13	KOR	韓国	South Korea	東アジア	圧力上昇	介護危機をAI転換機会として位置づける	日米とAI介護・医療技術の共同開発と規制整備を急ぐ	AI導入で介護負担を技術で吸収し若者の将来を守る	財源不足で介護現場改善は後回し、若者の家族負担は続く	51.0	63.0	86.0	38.0	74.0	59.0	81.0	33.0	韓国の介護危機報道が日本SNSに流入しケア負担と就職不安の二重圧迫感を増幅する
13	PRK	北朝鮮	North Korea	東アジア	間接衝突	日本社会崩壊を宣伝素材に転用	日本の介護危機を「資本主義の末路」として対内外プロパガンダに積極活用する	日本の高齢化崩壊は社会主義体制の優位を証明すると繰り返し強調する	軍事挑発より宣伝活用が効率的で、中国との関係も安定的に保てる	71.0	15.0	46.0	19.0	59.0	24.0	77.0	21.0	介護危機が北朝鮮の宣伝に使われ、若者の不安が就労・家族ケア・安保の三重圧力に変わる
13	RUS	ロシア	Russia	ユーラシア	間接衝突	日本の介護危機を情報戦に組み込む	日本の社会疲弊をSNSで増幅しグローバルサウスへ西側失敗論を発信する	西側は高齢化で介護崩壊しているがロシアは国家主導で安定を維持している	国内でも介護・医療人材不足が深刻化しており同様の脆弱性を抱えている	71.0	83.0	79.0	59.0	78.0	68.0	86.0	21.0	ロシアの情報戦が介護危機の不安を増幅し若者の雇用と将来設計を二重に揺さぶる
13	UKR	ウクライナ	Ukraine	欧州	限定戦争	戦線維持と国内介護危機の並行対処	介護人材不足を訴え同盟国に復興支援と医療援助の継続を要請する	戦時でも高齢者ケアを守ると誓い国民の不安を和らげようとする	介護要員が戦場に取られ施設崩壊寸前。若者流出で担い手が消える	80.0	64.0	74.0	47.0	72.0	69.0	78.0	29.0	戦争起因の介護崩壊が日本の同問題と重なりSNSで若者の家族ケア不安を増幅させる
13	IRN	イラン	Iran	中東	境界的圧力	体制正統性を維持しつつ外圧をエネルギー交渉に転換	原油輸送路の安定を条件に対日エネルギー外交を水面下で模索する	制裁下でも原油が国家自立の基盤であり体制の正統性を証明している	国内経済の疲弊と若者の体制不満が深刻で対外強硬策の余力も限られる	66.0	76.0	70.0	41.0	70.0	68.0	81.0	28.0	介護危機で余裕を失う日本に原油価格高騰が重なり若者の将来不安が二重に圧縮される
13	ISR	イスラエル	Israel	中東	間接衝突	医療AI輸出で技術外交と安保余力を同時に確保する	医療AI・介護支援技術を日米欧に輸出し技術同盟を深化させる	医療AI輸出が雇用と安保コストを同時に吸収すると国民に示す	宗教派閥が医療AI倫理に介入し予算配分と開発速度が鈍化する	67.0	62.0	69.0	46.0	57.0	61.0	82.0	32.0	イスラエル製医療AIの優位が可視化され介護格差不安がSNSで若者に連鎖する
13	SAU	サウジアラビア	Saudi Arabia	中東	境界的圧力	エネルギー安定供給と医療AI輸出で国際存在感を維持	日本の医療・介護分野へのAIシステム輸出を模索しつつエネルギー供給安定を交渉材料に活用	医療AI開発をVision2030の新柱として国民雇用と体制の安定を同時に守ると表明	国内低所得層の医療負担が増え体制への不満が静かに高まっているが表面化を避けている	60.0	88.0	80.0	58.0	76.0	74.0	88.0	20.0	医療・介護危機にエネルギー高騰が重なり若者の家族ケア負担と将来不安が二重に増す
13	EU	欧州連合	European Union	欧州	圧力上昇	介護危機をAI自動化と移民政策で二重対応	介護AI国際標準をG7で主導し域外からの医療人材受け入れ枠組みを拡大する	介護人手不足はAIと移民で補完し社会保障の持続を優先する	移民拡大への国内反発と加盟国間の財政配分合意が難航する	42.0	56.0	79.0	67.0	69.0	64.0	84.0	47.0	EUの介護AI・移民受け入れ政策が国際標準化し日本でも自動化加速と外国人材論議が激化する
14	USA	アメリカ	United States	北米	圧力上昇	半導体回復機にAI同盟標準を主導	供給正常化を機にAI輸出基準を強化し同盟技術標準の主導権を固める	半導体危機の峠を越えAIが雇用と成長の柱になると国民に示す	先端チップの対中規制に穴が残り技術覇権は不完全で国内格差が拡大	62.0	60.0	86.0	70.0	85.0	63.0	87.0	29.0	計算資源制約は緩和するが米国AI標準への追随が若者の雇用選択肢を狭める
14	CHN	中国	China	東アジア	境界的圧力	半導体回復を利用し対日AI依存を加速する	汎用半導体の回復を背景に日本向けAI製品供給量を増やし技術依存を拡大する	国産半導体自立へ前進。AIで高齢化・雇用問題を内外同時解決すると宣言	先端品不足は続き国内AI競争力に上限。農村介護崩壊も依然未解決	72.0	60.0	81.0	71.0	71.0	78.0	80.0	27.0	半導体一部回復で短期安堵も先端品不足と中国AI依存深化で若者の技術就労不安は継続
14	JPN	日本	Japan	東アジア	圧力上昇	半導体回復の恩恵を受けつつ財政競合は続く	代替調達実績を活かし半導体同盟での地位確保を急ぐ	半導体供給改善を技術基盤強化に繋げ生活支援も維持する	先端品不足は続き介護・防衛・若者支援の三重競合は未解消	58.0	71.0	87.0	58.0	91.0	60.0	84.0	24.0	IT就職には薄い光が見えるが介護負担と財政不安が続き安心できない
14	TWN	台湾	Taiwan	東アジア	境界的圧力	先端品優位維持と汎用品回復を同盟外交に転換	先端品供給継続で日米同盟を深化させ汎用品正常化を外交実績として提示	半導体供給の部分回復は台湾産業の底力の証明であり防衛強化を続ける	汎用品回復で代替調達が進み先端品以外での台湾依存が薄れ交渉力が低下する	69.0	73.0	78.0	71.0	71.0	65.0	78.0	28.0	汎用品回復で一部不安は和らぐが先端AIチップ不足は続き若者のキャリア見通しは晴れない
14	KOR	韓国	South Korea	東アジア	圧力上昇	先端半導体優位の維持で国際競争力を守る	先端品で日米蘭協調を深め、汎用品回復で貿易赤字を圧縮する	半導体の部分回復を雇用創出に繋げ若者に経済の手応えを示す	先端品制約と中国市場依存の板挟みが国内投資判断を歪め続ける	49.0	60.0	78.0	32.0	72.0	50.0	72.0	38.0	半導体部分回復がSNS不安をやや和らげるが先端品制約が残り若者の技術就職不安は続く
14	PRK	北朝鮮	North Korea	東アジア	間接衝突	宣伝効果低下→ミサイル示威に転換	日本の半導体回復を「一時的」と断じ、ミサイル発射実験で安保不安を再燃させる	資本主義の一時回復は体制崩壊を遅延させるだけで社会主義優位は変わらないと強調	経済宣伝効果が下がるため軍事示威で国内結束と対外注目を引き直す必要がある	74.0	15.0	43.0	16.0	59.0	21.0	79.0	24.0	半導体回復で供給不安は薄らぐが北朝鮮ミサイル再燃でSNS安保不安が高止まりし就活心理を揺さぶる
14	RUS	ロシア	Russia	ユーラシア	間接衝突	半導体回復の持続性に疑念を注入	半導体回復を過大評価と喧伝し東側代替ルートを外交ツールとして活用する	西側の半導体回復は一時的で制裁に耐えたロシアの技術自立路線が正しい	先端半導体は依然制裁で取得困難で技術主権の実態は脆弱	69.0	80.0	76.0	52.0	75.0	63.0	88.0	26.0	半導体回復で供給不安が薄れるが情報戦で疑念が拡散し若者の先行き感は改善しない
14	UKR	ウクライナ	Ukraine	欧州	限定戦争	半導体回復を防衛技術転用し戦線を維持する	汎用半導体の正常化を機にドローン増産を急ぎ、同盟国に継続支援を訴える	技術力で戦況を押し返すと示し、戦争疲弊の国民を鼓舞する	先端半導体は依然入手困難で汎用品増産のみでは戦力優位を得られない	81.0	62.0	75.0	44.0	73.0	66.0	76.0	30.0	半導体回復で技術不安は微減するが戦争継続が若者の地政学不安を高止まりさせる
14	IRN	イラン	Iran	中東	境界的圧力	体制維持優先・エネルギー外交継続	半導体回復局面を見て対中接近を強めエネルギー外交の余地を拡大する	制裁下でも原油が国家自立を保ち体制正統性を内外に示し続ける	国内若者の経済不満が深刻で対外強硬策に使える余力は依然限られる	64.0	74.0	68.0	36.0	68.0	62.0	76.0	31.0	半導体緩和で計算資源不安は和らぐが原油圧力は続き若者の将来感は改善しない
14	ISR	イスラエル	Israel	中東	間接衝突	半導体回復を機に先端AI格差を拡大し同盟優位を固める	先端半導体調達優位を活かし医療・防衛AIの同盟輸出を一気に加速する	半導体回復で技術輸出収益が増え安保・雇用コストを同時に吸収できると示す	宗教派閥の倫理規制と先端品不足が続き輸出加速に構造的上限がある	64.0	61.0	65.0	40.0	54.0	57.0	79.0	35.0	イスラエル先端AI優位が半導体格差と重なり日本の若者に技術劣後感を与える
14	SAU	サウジアラビア	Saudi Arabia	中東	境界的圧力	エネルギー外交と技術投資で国際影響力を維持	半導体正常化を機に医療AI輸出を加速し日本との技術協力を強化	Vision2030技術投資が軌道に乗り国民雇用と体制安定を両立すると表明	低所得層の不満が蓄積しエネルギー補助金削減への内部抵抗が強まる	58.0	84.0	76.0	50.0	74.0	68.0	84.0	24.0	半導体回復で計算資源不安は和らぐがエネルギー高と介護負担が若者の閉塞感を続ける
14	EU	欧州連合	European Union	欧州	圧力上昇	半導体回復で介護AI標準化加速	半導体回復を機にG7介護AI標準化を主導し先端チップ共同調達も提案する	半導体回復で介護AI整備が進む、移民と自動化で社会保障の持続を図る	先端チップは依然不足、移民反発と財政協議の膠着で介護改革に遅れが生じる	40.0	54.0	74.0	58.0	68.0	57.0	78.0	51.0	EUの半導体回復と介護AI標準化加速が日本の自動化・外国人材政策論議を押し上げる
15	USA	アメリカ	United States	北米	圧力上昇	AI標準主導と国内分断の板挟み	AI輸出規制強化と同盟技術協定署名で標準主導権を補強する	AIが雇用と成長の柱と訴えるが情報疲れ層への浸透は限定的	SNS疲れで支持基盤が読めず対中規制の抜け穴も解消できない	61.0	59.0	84.0	65.0	84.0	61.0	91.0	28.0	米国AI標準への追随圧力が続く中SNS疲れで若者の政治的無関心が深まる
15	CHN	中国	China	東アジア	境界的圧力	情報疲弊期に文化・経済浸透を深める	SNS回避層に中国発エンタメとAI製品を浸透させ経済・文化依存を拡大する	文化・AI輸出拡大。影響力増大で内閉塞を外向き発展課題に転換と宣言	先端半導体不足続く。農村雇用悪化を情報管制で封じる余力も低下中	70.0	57.0	84.0	68.0	70.0	76.0	86.0	24.0	情報回避する若者に中国製エンタメが静かに浸透。文化依存深まり将来の選択肢が狭まる懸念
15	JPN	日本	Japan	東アジア	圧力上昇	若者の情報離れが進む中、財政競合は解消されない	半導体同盟維持とエネルギー多角調達を並行して継続する	情報疲れに寄り添いつつ継続的な生活支援と技術投資を示す	若者の政治離れで政策支持基盤が細り三重競合の解決策が遠のく	58.0	69.0	86.0	55.0	93.0	58.0	71.0	21.0	SNSを離れた若者の不安は見えにくくなるが孤立と政治諦念が静かに深まる
15	TWN	台湾	Taiwan	東アジア	境界的圧力	情報疲れを突く静圧力を同盟抑止で封じる	中国の静かな示威行動を早期開示し日米との情報共有体制を強化する	SNS疲れを突いた圧力に屈せず防衛態勢と半導体輸出管理を維持する	国民の情報疲れが防衛予算支持を侵食し世論動員が難しくなりつつある	67.0	72.0	75.0	72.0	71.0	63.0	70.0	29.0	表面的な騒ぎは静まるが台湾有事不安とAIチップ不足は続き若者の将来感は晴れない
15	KOR	韓国	South Korea	東アジア	圧力上昇	半導体外交と若者雇用の二正面維持	米日蘭との先端半導体協調を深めつつ中国経済関係を慎重に管理する	半導体部分回復を雇用実感に繋げ情報疲れの若者に手応えを示す	SNS疲れで若者の政治関与が低下し世論管理コストが静かに上昇する	50.0	59.0	76.0	33.0	72.0	50.0	67.0	37.0	韓国発の情報疲れと政治的諦念が日本の若者SNS空間にも伝播し技術就職不安が慢性化する
15	PRK	北朝鮮	North Korea	東アジア	間接衝突	情報疲れを好機と読み大型示威を準備	日本の情報回避拡大を安保警戒の緩みと判断しミサイル発射規模の拡大を内部準備する	資本主義世界は情報の洪水で自壊しており社会主義の優位は一層明白だと強調する	情報疲れでショック効果が低下しており注目回収にはより大規模な示威が必要になる	73.0	15.0	40.0	15.0	62.0	20.0	63.0	21.0	SNS不安は情報疲れで一時沈静化するが示威準備継続で安保不信が潜在化し進路選択への不信感に転換する
15	RUS	ロシア	Russia	ユーラシア	間接衝突	情報疲弊を好機とし長期戦構えを維持	情報疲弊に乗じ露出を抑えエネルギー価格維持で西側の集中を静かに分散させる	制裁に耐えた成果が出始めた。西側世論は疲弊し長期戦は有利になる	制裁消耗と戦費が続き財政余力は削れており長期戦は諸刃の剣	67.0	78.0	74.0	50.0	73.0	61.0	80.0	28.0	情報疲弊で政治諦念が深まりロシアの低強度圧力が可視化されず将来感が静かに暗化する
15	UKR	ウクライナ	Ukraine	欧州	限定戦争	戦果データ提示で支援疲れを乗り越え戦線を安定化する	情報疲れの同盟国に戦果データを提示し、ドローン増産継続で戦線維持を訴える	SNS疲れが広がっても戦況は前進しており、国民の粘りが国家存続を支える	国際世論のSNS疲れが支援縮小圧力になり、同盟国の政治的意志の維持が最大懸念	79.0	61.0	73.0	43.0	72.0	65.0	68.0	31.0	SNS疲れで戦争不安は一時薄れるが、支援縮小リスクが地政学不安の底流として残る
15	IRN	イラン	Iran	中東	境界的圧力	体制維持継続・静穏期を好機と見る	対中エネルギー外交を深化し西側制裁迂回網を静かに拡張する	情報の混乱が落ち着く今こそ体制の安定と自立を示す好機だ	若者の政治的諦念は短期安定だが経済不満の蓄積は止まっていない	62.0	72.0	66.0	34.0	66.0	60.0	62.0	34.0	SNS不安増幅は和らぐが原油圧力は続き若者の将来感覚は好転しない
15	ISR	イスラエル	Israel	中東	間接衝突	情報疲れを逆用し技術優位と同盟信頼を静かに固める	情報混乱期に静かに対イラン抑止とAI輸出を強化し同盟内立場を確保する	外部の情報混乱をよそに技術輸出と安保体制は着実に前進している	情報回避で国内批判は和らぐが宗教派閥の輸出倫理規制は依然硬直する	64.0	62.0	63.0	38.0	53.0	56.0	68.0	38.0	情報回避の波及でイスラエルの技術格差拡大が静かに進み日本の若者の技術劣後感が慢性化する
15	SAU	サウジアラビア	Saudi Arabia	中東	境界的圧力	情報疲弊の隙に補助金改革を静かに前進	OPECプラス協調を維持しつつ日本向け長期供給契約の価格条件見直しを打診	Vision2030は着実に進展しており国民生活の安定と雇用拡大は軌道上にあると強調	SNS疲れで国内批判が低調な間に補助金削減法案を議会へ通す機会を狙う	54.0	83.0	70.0	46.0	70.0	62.0	68.0	30.0	エネルギー高と雇用不安の構造は変わらないが情報回避で若者の不安感は鈍化し閉塞感が内向き化する
15	EU	欧州連合	European Union	欧州	圧力上昇	SNS疲れを受け規制正統性の再構築へ	デジタル健全化指令を強化しSNS過負荷対策をG7標準として提案する	情報過負荷から市民を守るデジタル保護策を進め民主主義の信頼を回復する	市民の政治離れが進みウクライナ支援の国内合意形成と財政拡大の議決が難しくなる	38.0	52.0	71.0	55.0	67.0	54.0	63.0	53.0	EUのSNS規制強化が日本の情報回避・政治的諦念の連鎖を正当化し若者の制度不信を深める
16	USA	アメリカ	United States	北米	圧力上昇	AI主導権と同盟コスト分担を圧力化	インフラ更新絡めた技術・安保コスト分担を同盟国に要求	AI投資で国内インフラと雇用を同時再建と訴えるが財源逼迫	インフラ債務と国内分断でコスト転嫁なく同盟維持は困難	63.0	60.0	85.0	67.0	87.0	63.0	90.0	24.0	インフラ財源不足に米国コスト要求が重なり若者向け支援予算が圧迫される
16	CHN	中国	China	東アジア	境界的圧力	財政疲弊の日本へ経済浸透機会を拡大	地方インフラ・医療・電力網に中国資本の提案を静かに展開し経済依存を深める	日本の財政逼迫を好機に対外経済存在感拡大。国内成長の活路と位置づける	自国インフラ債務も膨張中。対外資本展開余力は限定的で選別投資に絞る	72.0	60.0	85.0	70.0	76.0	78.0	87.0	20.0	財政難の地方自治体に中国資本の触手が伸びる。若者のインフラ老朽化不安がSNSで増幅される
16	JPN	日本	Japan	東アジア	圧力上昇	インフラ費競合が財政の三重圧力を加速する	同盟国と協調し外資誘致とインフラ技術協力で財源不足を補う	インフラ老朽化を認め段階的更新と生活支援の両立を示す	財政余力がほぼ限界で世代間配分の優先選択を先送りできない	59.0	71.0	85.0	55.0	96.0	61.0	74.0	18.0	老朽インフラ不安と財政悪化が重なり若者の将来設計余地がさらに狭まる
16	TWN	台湾	Taiwan	東アジア	境界的圧力	同盟深化で静圧力を封じ半導体継続を確保	日本の財政圧力を見越し半導体供給保証と情報共有を先行強化する	日本の財政制約が強まる今こそ自律防衛と輸出管理の信頼性を示す	日本の財政余力低下が有事時の後方支援能力を削ぐ懸念が増している	69.0	73.0	76.0	70.0	74.0	66.0	72.0	25.0	インフラ更新費と台湾有事不安が重なり若者の将来投資意欲がさらに萎縮する
16	KOR	韓国	South Korea	東アジア	圧力上昇	インフラ財政と半導体投資の優先順位圧縮	半導体協調枠組みを維持しつつ国際インフラ債でインフラ財源を補完模索	インフラ更新を政権課題として提示し若者の生活不安を政策実績で繋ぎ止める	防衛・半導体・インフラが同時競合し財政余力が予想より早く収縮している	52.0	62.0	79.0	31.0	77.0	53.0	71.0	34.0	韓国のインフラ財政競合が半導体協調コストを押し上げ、日本若者の技術系就職先の選択肢を静かに狭める
16	PRK	北朝鮮	North Korea	東アジア	間接衝突	日本の財政混乱を好機に示威拡大を準備	日本が財政論争で防衛議論に手が回らない隙を読みミサイル実験の時機を内部調整する	資本主義は財政危機で制度が機能不全に陥っており自力更生の正しさが証明されている	示威拡大に必要な燃料と部品の備蓄確認が遅れており発射コストが内部制約として残っている	74.0	15.0	40.0	15.0	65.0	20.0	57.0	18.0	財政圧迫で防衛費競合が可視化され若者は安保コストを生活費圧迫として意識し始める
16	RUS	ロシア	Russia	ユーラシア	間接衝突	日本財政圧迫を好機とし現状維持を深化	日本のインフラ財源難を観測し、エネルギー価格据え置きで西側の余裕をさらに削る	西側は財政疲弊が深刻化している。我々の持久戦略は正しい	自国財政も戦費で削れており、エネルギー収入依存の脆弱性が蓄積している	68.0	81.0	75.0	51.0	78.0	63.0	82.0	24.0	インフラ財源不足にエネルギー高止まりが重なり、若者の公共サービス劣化感と将来不安が加速する
16	UKR	ウクライナ	Ukraine	欧州	限定戦争	財源難でも戦線維持と復興確保を並走させる	インフラ支援国際基金を提案し同盟国の財政難に対応した援助継続論拠を示す	世界が財政難でも連帯は続いており、復興への道は閉ざされていない	同盟国の財政逼迫が武器・復興支援縮小圧力に直結する	81.0	60.0	74.0	44.0	76.0	67.0	64.0	28.0	インフラ財源不足で日本の援助余力が縮み、若者は地政学・財政の二重不安を受ける
16	IRN	イラン	Iran	中東	境界的圧力	対中依存を深め制裁迂回を常態化する	対中石油輸出枠を拡大し中東影響力の静かな再構築を継続する	制裁下でも自力経済路線が成果を積み上げている	若年失業が蓄積しており経済不満は次の政治的火種になりえる	60.0	73.0	66.0	34.0	68.0	60.0	60.0	32.0	油価圧力と日本の財政難が重なり若者の将来設計コストが見通せなくなる
16	ISR	イスラエル	Israel	中東	間接衝突	財政逼迫の隙に技術輸出と同盟主導権を静かに伸長	インフラ危機を好機にAI技術輸出を加速し同盟内の財政依存を深める	世界のインフラ財政逼迫はわが国の技術優位を証明する機会だ	国内老朽インフラへの配分圧力と輸出倫理規制の軋轢が増す	65.0	64.0	61.0	42.0	56.0	57.0	64.0	35.0	インフラ財政圧力の中でイスラエルの技術独占が強まり日本の若者の格差感と依存不安が深まる
16	SAU	サウジアラビア	Saudi Arabia	中東	境界的圧力	財政逼迫の日本に価格優位を静かに固める	インフラ財源不足で弱体化した日本へ長期供給契約の価格条件引き上げ交渉を継続	石油収入は安定しVision2030投資は計画通り進行中と強調	価格を上げすぎると日本の代替調達シフトを招くため上昇幅の上限を慎重に見極める	52.0	87.0	73.0	47.0	79.0	64.0	63.0	24.0	インフラ老朽化とエネルギー高が重なり若者は公共サービス低下と将来不安を同時に感じ始める
16	EU	欧州連合	European Union	欧州	圧力上昇	インフラ財源不足に共同投資スキームで対応	域内インフラ共同投資枠組みを提案しウクライナ再建との財源調整を模索する	老朽インフラ更新は成長投資であり財政規律と両立する計画を進める	加盟国間の財政格差が拡大し南欧・東欧の反発で共同債合意が難しくなる	40.0	53.0	68.0	55.0	73.0	52.0	60.0	51.0	EUの財政圧力増大が国際公共投資縮小を示唆し日本若者のインフラ格差不安を高める
17	USA	アメリカ	United States	北米	圧力上昇	AI利益集中批判で国内均衡を模索	同盟国へのAI技術輸出規制を維持しつつ国内AI課税論争を先送り	AI利益は雇用創出で国民に還元されると訴えるが実感は乏しい	AI大企業への課税強化は技術主権を損なうため本格着手できない	65.0	60.0	88.0	64.0	88.0	63.0	93.0	23.0	AIで稼ぐ巨大企業への不満がSNSで拡散し、就職不安と制度不信が重なる
17	CHN	中国	China	東アジア	境界的圧力	AI格差論で西側批判と影響力拡大を連動	AI利益独占批判を旗印に中国主導技術協力枠組みを日本へ提案する	西側AI企業の独占構造を批判し中国主導モデルの正当性を内外に訴える	自国AI産業も一部集中が進み格差批判の矛先が内側へ向かう危険を抱える	74.0	58.0	88.0	72.0	76.0	76.0	90.0	22.0	AI格差不満に乗り中国発技術協力が接近。若者のAI不信とSNS不安が重なり制度不信を深める
17	JPN	日本	Japan	東アジア	圧力上昇	AI利益集中批判で再分配圧力が高まる	G7でAI課税・利益還元の国際協調を働きかけ米国との摩擦を慎重に管理する	AI利益の国内還元策を検討し雇用転換支援の拡充を表明する	米IT企業への課税強化は同盟摩擦を招くため実効策が打てない	61.0	69.0	88.0	57.0	97.0	60.0	82.0	14.0	AI利益集中がSNSで拡散し若者の制度不信と就労不安が同時に高まる
17	TWN	台湾	Taiwan	東アジア	境界的圧力	半導体公正供給で同盟信頼と自律性を同時補強	AI利益集中批判を逆用し民主的半導体供給の旗手として日米欧への供給保証を積極発信する	AI利益集中への不満はあるが半導体輸出が安全保障と経済の柱であることを国民に再確認する	AI批判の国際圧力が輸出規制強化に転じれば収益低下と投資余力の喪失が危うい	70.0	71.0	79.0	67.0	75.0	67.0	76.0	24.0	AI雇用不安と台湾有事リスクが重なり若者の技術職への期待と将来設計が同時に揺らぐ
17	KOR	韓国	South Korea	東アジア	圧力上昇	AI利益不均衡を制度問題として国内管理する	AI規制国際議論に積極参加しつつ半導体輸出競争力は死守する	AI利益を国民に還元する制度設計を政権が主導すると表明する	チェボル主導のAI収益集中が国内世論と政権正統性を同時に圧迫している	54.0	63.0	85.0	34.0	79.0	55.0	78.0	31.0	韓国若者のAI雇用不安がSNSを通じ日本若者の制度不信と共鳴し就職先への希望収縮を加速する
17	PRK	北朝鮮	North Korea	東アジア	間接衝突	AI格差批判を体制正当化の宣伝材料に転用	AI利益集中への国際批判を援用し資本主義制度不信を外向きに発信、発射準備は燃料制約で継続保留	AI革命すら一部資本家に独占される資本主義の腐敗が証明され自力更生の優位性は揺るがない	燃料・部品備蓄制約は未解消で発射コストが依然として上限となり示威行動の実施を抑制している	76.0	15.0	46.0	15.0	63.0	21.0	66.0	17.0	AI雇用不安と安保費競合が重なり若者は将来設計の土台そのものが揺らぐ感覚を強める
17	RUS	ロシア	Russia	ユーラシア	間接衝突	AI格差批判を情報戦に転用し現状維持	AI利益集中批判を増幅し西側技術覇権への不信を国際世論に埋め込む	西側AI企業の利益集中は資本主義の末期症状だ	自国AI開発の遅れを隠しつつ情報工作で技術劣位を補う	70.0	83.0	79.0	53.0	80.0	65.0	88.0	21.0	AI格差不安にロシア情報工作が乗じ若者の制度不信と将来諦観が加速する
17	UKR	ウクライナ	Ukraine	欧州	限定戦争	同盟国の社会不安を察知しつつ戦線と復興を並走する	AI利益集中批判が渦巻く同盟国へ公正再建を訴え支援継続の論拠を示す	世界の格差論争も我々の正義の戦いへの支持を損なわせない	同盟国内のAI不満が反支援ポピュリズムに転化すれば援助が先細る	80.0	58.0	77.0	46.0	78.0	66.0	71.0	26.0	AI格差論争が同盟国を揺るがし日本の若者は戦争・不平等・就労不安を同時に受ける
17	IRN	イラン	Iran	中東	境界的圧力	AI格差批判で制裁対抗言説を強化する	対中AI協力を梃子に制裁迂回と技術自律路線を継続する	AI利益集中は西側資本主義の矛盾であり自力路線の正当性を示す	若年失業とAI不安が重なり国内不満の制御がより困難になる	61.0	71.0	69.0	35.0	69.0	60.0	66.0	31.0	AI格差批判が油価不安と重なり若者の制度不信と就職不安を同時に強める
17	ISR	イスラエル	Israel	中東	間接衝突	AI批判を逆手に取り技術主権の旗手として再定位	米Big Tech批判を好機にイスラエル産AI技術の「脱独占」ブランドを同盟国へ売り込む	一部企業への利益集中批判はわが国の分散型技術外交の正当性を高める	国内スタートアップ自体が利益集中の当事者であり批判の刃が内向きに向く恐れがある	67.0	63.0	66.0	47.0	55.0	59.0	72.0	32.0	AI利益集中批判がイスラエル技術依存への不信と重なり日本の若者の格差感とSNS不安が連動して高まる
17	SAU	サウジアラビア	Saudi Arabia	中東	境界的圧力	AI批判を好機に技術外交優位を確保	AI利益集中批判の高まりを背景に日本への長期供給価格交渉で優位条件を引き出す	AI収益を国益に転換しVision2030投資を着実に加速させると国民に強調	AI自動化が脱炭素を加速すれば長期的な原油需要減少リスクが現実化しうる	53.0	86.0	78.0	46.0	81.0	63.0	72.0	22.0	AIで稼ぐのは大企業だけという不満とエネルギー高が重なり若者の将来設計がさらに狭まる
17	EU	欧州連合	European Union	欧州	圧力上昇	AI利益課税で制度正統性を維持する	AI大企業への超過利益課税枠組みを提案し加盟国への社会還元スキームを設計する	AI利益の公正な社会還元は欧州的価値観であり雇用と制度信頼を守る行動だ	米国との通商摩擦リスクとAI投資流出懸念で加盟国間の合意が再び割れる	38.0	50.0	73.0	52.0	70.0	50.0	68.0	48.0	EU規制先行がAI利益分配論争を国際化し日本若者の雇用不安と制度不信を同時に強める
18	USA	アメリカ	United States	北米	圧力上昇	住居費高騰で政権正統性に揺らぎ	金利高止まりを維持し同盟国への資本流出を事実上容認する	AI時代の住居支援策を打ち出すが財政制約で実行は先送り	金融緩和もできず住居補助の財源もなく選挙向け言説だけが先行	63.0	58.0	90.0	63.0	90.0	62.0	95.0	21.0	米金利高が円安を長引かせ家賃・食費・就活の三重不安が若者を圧迫する
18	CHN	中国	China	東アジア	境界的圧力	住居不安を資本主義批判と影響力拡大に転用	日本の若者住居問題を「西側資本主義の失敗」として国際発信し中国型都市政策を宣伝する	中国の住宅政策の優位性を強調し体制の安定と若者支援能力を国内外にアピールする	自国不動産危機と若者失業率が高水準で同様の批判が内側へ向かう内部矛盾を抱える	73.0	58.0	91.0	72.0	77.0	75.0	93.0	19.0	住居不安が政争化する中、中国発「資本主義批判」がSNSに流入し若者の制度不信と将来不安をさらに深める
18	JPN	日本	Japan	東アジア	圧力上昇	住居・就労・防衛の財政三競合が深刻化	G7で若者住居支援の国際モデル共有を打診しつつ防衛費の財源確保を模索する	住居保証人制度の見直しと若者向け住宅支援の拡充策を検討する	保証人制度改革は金融業界との調整が難航し即効策が出せない	62.0	67.0	91.0	55.0	98.0	59.0	88.0	11.0	住居不安がSNSで拡散し就職・結婚を諦める若者の制度不信がさらに深まる
18	TWN	台湾	Taiwan	東アジア	境界的圧力	半導体優位を守りつつ住居不安を国内制御	民主半導体供給の旗手姿勢を維持しつつ日米欧との経済安全保障対話を深化させる	半導体産業収益を住居支援政策に充当する方針を示し若者不満の吸収を図る	住居費高騰が半導体人材の海外流出を加速させ技術主権が長期的に危うくなる	71.0	71.0	81.0	65.0	77.0	67.0	79.0	22.0	台湾有事リスク継続の中、住居難の共鳴が日台若者のSNS不安を同時に増幅する
18	KOR	韓国	South Korea	東アジア	圧力上昇	住居政策を政権正統性の立て直し軸に据える	半導体輸出競争力を維持しつつ若者住居支援財源確保へ予算要求を拡大する	住居費と保証人制度の改革を政権最優先課題と位置づけ即時対応策を発表する	チェボル課税強化は半導体投資へのダメージを恐れ後退し財政拡大で誤魔化す圧力がある	54.0	63.0	88.0	32.0	84.0	54.0	85.0	28.0	韓国の住居争点化がSNSで拡散し日本若者の家賃不安と制度不信を呼び起こし将来設計の断念感を強める
18	PRK	北朝鮮	North Korea	東アジア	間接衝突	住居危機を資本主義失敗の宣伝材料に転用	先進国の若者住居危機を引用し資本主義体制批判の対外宣伝を強化、ミサイル燃料制約は未解消で示威は保留	資本主義国では若者すら家を持てず路頭に迷う、自力更生体制の優位性が再び証明された	国内住居配給制度も機能不全が潜在し、若者配置問題が体制内矛盾として蓄積しつつある	73.0	15.0	49.0	15.0	65.0	22.0	69.0	16.0	住居不安が安保費と財政で競合し若者は生活の足場と安全の両方が崩れる感覚を強める
18	RUS	ロシア	Russia	ユーラシア	間接衝突	住居危機を資本主義批判の新たな情報戦弾薬に転用	若者住居不安を「西側資本主義の構造失敗」として国際SNSに拡散し反体制感情を醸成する	西側では若者が家も持てない。ロシアの社会基盤は資本に壊されていない	自国でも住宅老朽化と戦時インフレが進行中だが情報統制で隠蔽する	70.0	81.0	77.0	53.0	79.0	63.0	91.0	22.0	住居不安が政治争点化した隙にロシア発の体制不信ナラティブが入り込み若者の制度諦観がさらに深まる
18	UKR	ウクライナ	Ukraine	欧州	限定戦争	住居不安波及前に援助正当性を補強する	同盟国の国内争点化を見越し支援の戦略的価値を早期に再強調する	同盟国が内政問題で揺れても復興と防衛の正当性は変わらない	住居費争点化が反支援ポピュリズムと結びつけば援助が一層細る	81.0	59.0	78.0	47.0	82.0	67.0	75.0	22.0	住居不安が政治化するなか支援か生活保障かの二択感が若者の閉塞感を深める
18	IRN	イラン	Iran	中東	境界的圧力	住居不安を西側批判に転用し国内統制を維持	住居危機言説を対中外交に活用し制裁迂回と資源輸出を継続する	住居危機は西側資本主義の矛盾、イスラム体制が住居正義を守る	若者住居費高騰が現実化し政権批判の新焦点となるリスクが増す	62.0	70.0	72.0	35.0	71.0	61.0	70.0	30.0	油価不安と住居費高騰が連鎖し日本若者の生活基盤への不信を強める
18	ISR	イスラエル	Israel	中東	間接衝突	技術外交継続、住居不満は安保優先で抑制	技術主権ブランドを維持しつつ同盟国への分散型AI売り込みを継続する	安全保障あっての生活基盤。住居支援は安定化後の優先課題と位置づける	戦争継続コストが住居投資を圧迫し若者の不満を安保論理だけでは抑えられない	65.0	62.0	65.0	46.0	58.0	58.0	74.0	33.0	住居不安の国際共鳴がイスラエル地政学リスクと重なり日本若者の生活不安とSNS不信が連動して増幅する
18	SAU	サウジアラビア	Saudi Arabia	中東	境界的圧力	日本の政争を好機に長期供給で優位条件を固める	日本が住居問題で政治資源を消費する隙にエネルギー長期供給の有利条件を確定させる	日本との交渉で有利条件を確保しVision2030の投資原資を着実に積み上げる	日本の財政が住居支援で圧迫されれば高値契約への反発が強まり需要離脱リスクも上がる	51.0	89.0	80.0	45.0	85.0	62.0	79.0	17.0	住居難とエネルギー高が同時に重なり若者の生活設計が根本から崩れ始める
18	EU	欧州連合	European Union	欧州	圧力上昇	AI課税財源で住居・社会支援を強化	AI超過利益課税収入を住居・若者政策に充当する欧州社会モデルを加盟国間で合意形成する	AI時代に住む場所を失う若者は出さない。欧州モデルが答えを示す	住居支援財源化に反対する加盟国との課税水準交渉が再燃し合意が遅延する	36.0	50.0	75.0	52.0	73.0	48.0	72.0	46.0	EU住居支援モデルがAI利益再分配の国際標準圧力となり日本若者の政策期待と財政限界の矛盾を深める
19	USA	アメリカ	United States	北米	圧力上昇	対話を評価しつつ技術主権は手放さない	東アジア対話を歓迎するが半導体・AI輸出規制は維持し同盟国に協調を求める	緊張緩和は成果、しかし住居費対策と雇用改善が最優先課題だ	対話は外交実績だが金利高と国内分断は解消せず住居問題は先送り続く	58.0	54.0	86.0	66.0	88.0	59.0	88.0	26.0	対話緩和で地政学リスクは下がるが米金利高と技術規制継続で若者の就労・物価不安は根強い
19	CHN	中国	China	東アジア	境界的圧力	対話再開を外交勝利に演出し技術主権は堅持	安全保障対話に形式参加しつつ半導体・AI分野での対米技術競争は継続する	中国外交の力で対話を引き出した成果として体制の指導力と自信を国内に示す	対話は時間稼ぎであり不動産危機・若者失業の内部矛盾は外交では解消されない	65.0	55.0	84.0	70.0	72.0	68.0	85.0	26.0	対話再開で軍事緊張はやや緩むが技術分断は残り若者のキャリア・将来設計への不確実性は続く
19	JPN	日本	Japan	東アジア	圧力上昇	対話機会を活かし安保コスト削減を模索	東アジア対話を通じ安保負担の多国間分担を提案し防衛費の若者支援への転用余地を探る	対話再開で軍事緊張はやや緩和。浮いた財源を住居・就労支援に振り向ける議論を開始する	技術・経済分断は残り財政三競合は未解消。対話成果が予算に反映されるまで数年を要する	57.0	63.0	88.0	53.0	96.0	56.0	81.0	15.0	軍事不安は薄まるが技術・雇用の分断が続き若者の将来設計困難は解消されない
19	TWN	台湾	Taiwan	東アジア	境界的圧力	対話再開を歓迎し半導体外交優位を維持	東アジア対話の枠組みを利用し半導体供給継続を日米欧と多層的に再確認する	対話再開で急変リスクはやや後退したが技術主権の防衛は緩めない	技術分断は続き住居高騰と人材流出が中長期の技術主権を静かに侵食する	64.0	66.0	74.0	63.0	74.0	61.0	69.0	31.0	台湾有事の急変不安はやや後退するが技術分断と就職不確実性は若者を引き続き揺さぶる
19	KOR	韓国	South Korea	東アジア	圧力上昇	対話を好機に技術主権と国内安定を同時追求	安全保障対話を梃子に半導体協力枠組みを拡大し技術分断の緩和を模索する	対話再開で軍事緊張は後退。住居・雇用政策の継続に財源を集中する	対話が技術・経済分断を解消しない限り半導体競争圧力は続き財政拡大路線から抜けられない	48.0	61.0	85.0	33.0	82.0	51.0	78.0	33.0	韓国の緊張緩和ニュースは一時安堵を与えるが構造的雇用不安はSNSで拡散し日本若者の希望回復を阻む
19	PRK	北朝鮮	North Korea	東アジア	境界的圧力	対話を利用し制裁緩和と体制維持を図る	対話再開に応じ軍事示威を一時保留し制裁緩和条件交渉へ	対話は主体外交の成果と宣伝し体制正統性を補強する	燃料・食糧不足で示威継続不可、対話カードが唯一の外交資源	63.0	14.0	46.0	14.0	62.0	20.0	62.0	22.0	対話再開で安保不安がやや和らぐが財政圧力は残り若者の生活改善には直結しない
19	RUS	ロシア	Russia	ユーラシア	間接衝突	東アジア対話を自国孤立への脅威と警戒	中国に対し西側との接近を牽制しつつ、対話枠組みへの揺さぶりナラティブをSNSで拡散する	西側が対話を演じる間も制裁は続く。ロシアの自立こそ唯一の安全保障だ	中国が東アジア対話に傾けば資源・技術の対露依存が弱まり戦略孤立が深刻化する	67.0	79.0	74.0	53.0	78.0	60.0	87.0	26.0	対話ムードで安堵の隙にロシア発の「対話は欺瞞」ナラティブが若者の外交不信を底上げする
19	UKR	ウクライナ	Ukraine	欧州	限定戦争	東アジア緩和の隙に支援継続の価値を刷り込む	対話再開で同盟国の視線が東転する前に欧州安保連携の優先維持を交渉	東アジア緊張緩和も欧州戦線は変わらず、国際支援の必要性は続く	同盟国の関心が東アジア対話に傾くほど欧州支援の優先順位が落ちる恐れ	79.0	57.0	76.0	48.0	81.0	65.0	71.0	25.0	東アジア対話で緊張は一部和らぐが遠方戦争の継続が若者の世界不安を下支えする
19	IRN	イラン	Iran	中東	境界的圧力	東アジア緩和を利用し中国連携で体制維持	東アジア対話再開を機に中国との経済連携を深め制裁迂回ルートを補強する	東アジアの対話は西側覇権の後退、イスラム体制の外交正当性が証明された	住居費高騰と若者不満が累積しており東アジア外交成果で国内転換できる余地は限定的	60.0	66.0	70.0	35.0	68.0	57.0	67.0	33.0	東アジア緊張緩和でリスクはやや下がるがイラン発エネルギー不安は若者の生活不信に残り続ける
19	ISR	イスラエル	Israel	中東	間接衝突	技術外交継続し地域安定関与を深める	東アジア緊張緩和の気運を活用し同盟国との技術協力枠組みを拡張する	対話機運を経済回復に活かしつつ地域安全保障への備えは緩めない	住居不満は深刻で安保論理のみでは若者世代の不信を抑制できない	62.0	61.0	63.0	44.0	57.0	56.0	70.0	36.0	対話再開で地政学不安はやや和らぐが技術分断が続き日本若者の雇用・将来不安は残る
19	SAU	サウジアラビア	Saudi Arabia	中東	圧力上昇	日本の外交回復前に供給契約を優先確保する	対話再開で交渉余力が戻る前に長期エネルギー供給の有利条件を先行締結する	東アジア緊張緩和の隙に日本との長期契約を固め安定収益をVision2030に充てる	日本の外交余力が回復すれば調達多角化を求め値下げ圧力が強まるリスクがある	45.0	83.0	72.0	45.0	78.0	55.0	68.0	24.0	安保緊張がやや緩むがエネルギー高値契約が先行し若者の生活コストは引き続き圧迫される
19	EU	欧州連合	European Union	欧州	圧力上昇	AI課税継続、東アジア緩和を外交好機と見る	東アジア対話再開を歓迎し、日欧技術標準連携を探りながらAI課税枠組みを国際展開する	東アジア緊張がやや和らいだ今こそ住居・若者支援に財源を集中する好機だ	加盟国間のAI課税水準交渉は難航しており統一合意の遅延リスクは消えていない	33.0	48.0	74.0	51.0	71.0	46.0	69.0	48.0	地政学リスクはやや低下するが欧州社会モデルの国際圧力は続き日本若者の政策期待と財政制約の矛盾は深まる
20	USA	アメリカ	United States	北米	圧力上昇	教育AI格差を認めつつ技術主権は手放さない	同盟国へのAI教育支援を示唆しつつ半導体・AI輸出規制は継続維持する	AI格差是正プログラムを始動するが住居費・金利対策が先決だ	教育AI格差は政治爆弾だが財政余力ゼロで本格投資は困難、先送りが続く	56.0	55.0	88.0	68.0	89.0	57.0	91.0	23.0	米AI教育格差報道が波及し、日本の若者にも進路不安とSNS上の将来喪失感が高まる
20	CHN	中国	China	東アジア	境界的圧力	国内AI教育格差を封じ込め技術主権強化を加速	AIガバナンス主導権を主張し途上国AI支援で欧米輸出規制を国際批判にさらす	全国AI教育普及投資で農村都市格差を克服し技術強国への道を国民に示す	農村AI格差は深刻で若者失業と連動し体制への不満を増幅させる	64.0	55.0	85.0	72.0	73.0	68.0	87.0	25.0	中国のAI教育強化が技術競争を激化させ日本の若者の進路不安とAI格差意識を深める
20	JPN	日本	Japan	東アジア	圧力上昇	AI格差緩和を掲げるが財源枯渇	AIリテラシー補助へ産学連携と地域交付金の組み合わせを模索する	教育AI環境の格差を認識。補助制度で機会均等を目指すと表明する	財政余力はほぼゼロ。補助は名目的にとどまり格差縮小は数年先の課題になる	56.0	62.0	92.0	58.0	97.0	55.0	88.0	11.0	AI教育格差が可視化され地方・低所得家庭の若者の進路不安が急増し希望格差が深まる
20	TWN	台湾	Taiwan	東アジア	境界的圧力	AI格差を半導体優位に転化し技術主権を深化	TSMC先進ノード供給を日米欧へ優先し半導体外交で地政学リスクを管理継続する	AI教育格差が顕在化したが半導体人材育成で社会上昇の道を維持できる	教育投資不足でエリート層と一般層の分断が国内政治リスクに静かに転化しつつある	63.0	65.0	78.0	60.0	75.0	59.0	76.0	28.0	台湾発半導体供給は維持されるがAI格差拡大ニュースが若者の進路不安と将来格差感を直接刺激する
20	KOR	韓国	South Korea	東アジア	圧力上昇	AI格差を国家課題に技術主権強化を加速	半導体競争力を背景にAI教育標準化で同盟国との枠組み主導を狙う	AI格差是正を約束しつつ企業と連携し公教育AI環境の底上げを急ぐ	公教育AI投資は財政を圧迫し若者雇用不安の根本解消には至らない	48.0	60.0	87.0	31.0	84.0	50.0	83.0	31.0	韓国の教育AI格差報道が日本に波及し進路不安と閉塞感をSNSで増幅する
20	PRK	北朝鮮	North Korea	東アジア	境界的圧力	対話継続しつつ成果を内部で催促する	制裁緩和の具体化を要求し対話枠組みを人質に圧力を維持する	主体外交で成果を引き出しつつ自力更生を徹底すると宣伝する	対話が成果ゼロなら国内不満が臨界点に近づく、しかし示威再開の燃料も不足	61.0	14.0	44.0	15.0	62.0	20.0	58.0	22.0	対話継続で安保不安は微減だが防衛費圧力は残り若者支援の財政競合は解消しない
20	RUS	ロシア	Russia	ユーラシア	間接衝突	AI格差ナラティブで反西側を強化	日本のAI教育格差を「西側独占の証拠」と拡散し、対米同盟への不信ナラティブを上乗せする	西側AIが教育格差を産む。ロシアの技術自立こそ公平な未来だ	自国AIは実態として遅れており、格差批判は外向け攻撃ナラティブに限定される	68.0	79.0	77.0	57.0	77.0	61.0	91.0	23.0	AI格差不安にロシア発「西側依存が原因」ナラティブが重なり、若者の制度不信がさらに深まる
20	UKR	ウクライナ	Ukraine	欧州	限定戦争	同盟国の内向き化の隙に支援継続を交渉	AI教育課題で内向きになる同盟国に欧州安保支援の優先維持を強く求める	戦線は続くが同盟の連帯は維持されており復興の道は閉ざされていない	同盟国が国内AI格差対応に予算を回すほど軍事・復興支援の枠が縮小しうる	76.0	58.0	78.0	50.0	83.0	64.0	73.0	22.0	遠方戦争の長期化に国内AI格差不安が重なり若者の将来感が二重に沈む
20	IRN	イラン	Iran	中東	境界的圧力	制裁下での技術自立路線を中国連携で維持	中国とのAI・半導体技術協力を拡大し制裁下での技術格差縮小と体制正統性強化を図る	西側AIの格差拡大こそ自立路線の正しさを証明している	自国のAI技術力は低く若者の雇用不安を解消できる見通しはない	58.0	65.0	72.0	37.0	68.0	56.0	70.0	32.0	AI格差拡大報道が重なりエネルギー不安と将来不信が若者の進路不安を深める
20	ISR	イスラエル	Israel	中東	間接衝突	AI技術輸出を安保外交の梃子に転換する	AI教育・防衛技術のパッケージ輸出を東アジア同盟国へ拡張し技術影響圏を固める	AIリーダーシップは安全保障の盾であり経済成長の柱でもある	国内AI教育格差と住居不満が重なり若者世代の制度不信が構造化しつつある	61.0	60.0	65.0	47.0	57.0	55.0	74.0	34.0	イスラエル発のAI技術依存が深まりAI教育格差の不安がSNS上で増幅し日本若者の将来観を圧迫する
20	SAU	サウジアラビア	Saudi Arabia	中東	圧力上昇	長期契約確保済みで内部改革に集中	日本向け長期供給契約を維持しつつ中国との価格交渉も並行する	日本との有利契約収益をVision2030の技術投資に充てる	日本の政策転換で調達多様化が進めば値下げ圧力が強まる	44.0	82.0	74.0	46.0	79.0	53.0	73.0	23.0	高値エネルギー契約継続中に学校AI格差が重なり若者の将来不安がさらに深まる
20	EU	欧州連合	European Union	欧州	圧力上昇	AI教育格差を規制主導の新正当性に転換する	AI教育最低基準を国際標準化し日欧共同パイロット校の設置を提案する	教育のAI格差は規制枠組みの正しさを証明しており加盟国間支援を加速させる	東西加盟国間のAI教育投資格差は大きく統一基準の実装コストが内部対立を招く	34.0	48.0	76.0	53.0	73.0	46.0	72.0	46.0	欧州AI教育規制が国際標準圧力を強め日本の若者は進路設計でAI格差不安が拡大する
21	USA	アメリカ	United States	北米	圧力上昇	技術主権を堅持しエネルギー安定を外交活用	燃料安定を機に同盟国技術協力条件を引き締め輸出規制は維持する	燃料費が落ち着き生活費一息だがAI格差と住宅費は未解決だ	エネルギー安定は一時的、AI軍拡費用を捻出できず財政は綱渡り	54.0	38.0	84.0	64.0	86.0	58.0	78.0	30.0	エネルギー安定で輸入コスト減少し若者の就活不安が一時和らぐが米AI規制継続で技術格差懸念は続く
21	CHN	中国	China	東アジア	境界的圧力	エネルギー安定を機に技術覇権強化へ軸足を移す	エネルギー緩和期に途上国AI支援を拡大し米国主導の輸出規制包囲を切り崩す	エネルギー安定が示した計画経済の優位性を強調し技術強国化を加速する	農村若者の雇用不安はAI加速で悪化中で一時的安定が体制信頼に繋がる保証はない	63.0	44.0	82.0	74.0	70.0	65.0	80.0	30.0	エネルギー費用は緩和されたが中国の技術攻勢強化が日本若者の産業雇用不安を押し上げる
21	JPN	日本	Japan	東アジア	圧力上昇	エネルギー安定を好機に財政圧縮	価格安定を受け燃料補助を段階縮小し、電力インフラ投資促進策を検討する	燃料費の落ち着きを活かし、支援の重点を若者・AI格差対応へ移す	補助縮小分は赤字穴埋めに消え、若者政策への実質再配分は期待できない	56.0	48.0	89.0	57.0	93.0	53.0	80.0	17.0	生活費不安は一息つくが、AI格差と就職不安は解消されず希望格差は縮まらない
21	TWN	台湾	Taiwan	東アジア	境界的圧力	エネルギー安定を製造優位に転化し半導体外交継続	TSMCのエネルギーコスト低下分を先端ノード投資へ転用し日米欧への半導体優先供給体制を強化する	エネルギー安定で製造コスト減、半導体産業の雇用継続と社会上昇の道を維持できると説明する	台湾海峡緊張は低下せずエネルギー安定は一時的で中長期の投資計画は依然として慎重を要する	62.0	60.0	76.0	58.0	71.0	55.0	72.0	32.0	エネルギー安定で生活費不安は和らぐが台湾海峡リスクと半導体供給の構造不安が若者の長期将来感を曇らせ続ける
21	KOR	韓国	South Korea	東アジア	圧力上昇	エネルギー安定を半導体投資加速に活用	エネルギー小康期に半導体同盟強化と北朝鮮抑止枠組みを並行推進	エネルギー安定で生活費不安は一服、AI雇用対策の成果を強調	電力インフラ投資負担が残り若者雇用の根本解消には依然財政が不足	46.0	48.0	83.0	29.0	79.0	46.0	77.0	34.0	韓国のエネルギー一服で対日圧力は微減、AI雇用不安拡散は続く
21	PRK	北朝鮮	North Korea	東アジア	境界的圧力	対話維持しつつ内部で示威準備を静かに進める	制裁緩和の停滞を非公式ルートで不満として伝達し対話の価値を疑問視させる	主体外交は継続中だが国防力強化は一切の条件なく推進すると宣伝する	燃料不足で大規模ミサイル示威は当面困難、しかし対話無成果が続けば内部統制の限界が近づく	59.0	12.0	43.0	14.0	61.0	19.0	55.0	23.0	安保不安は横ばい、防衛費と若者支援の財政競合は続き生活実感の改善は遠い
21	RUS	ロシア	Russia	ユーラシア	間接衝突	エネルギー安定を利用し情報戦強化	燃料価格安定を「対露制裁失敗の証拠」と宣伝し、欧日の連帯離脱を狙う	制裁下でもエネルギー収入は維持。戦略的自立の正当性が証明された	価格下落で歳入減少。戦費調達と社会給付の綱渡りが続く	64.0	60.0	71.0	55.0	70.0	56.0	78.0	30.0	エネルギー不安は和らぐが、ロシア発情報戦が続き若者の制度不信は根強い
21	UKR	ウクライナ	Ukraine	欧州	限定戦争	エネルギー安定期に同盟支援強化を交渉	価格安定で余裕の生まれた同盟国に軍事・復興支援の拡充を強く求める	エネルギー安定は復興の追い風、同盟連帯は維持されている	安定は一時的で、秋冬再高騰前に資源と支援枠を確保する必要がある	73.0	46.0	74.0	50.0	79.0	60.0	66.0	28.0	エネルギー安定で生活不安は薄れるが、遠方の戦争と雇用不安は消えず将来感は低空飛行
21	IRN	イラン	Iran	中東	境界的圧力	価格安定を体制信任に転換し対外強硬路線維持	中国向け原油優先輸出で収益安定化を図りながらホルムズ示唆を外交カードとして温存する	価格安定は自立路線の成果であり制裁に屈しない証明だ	価格安定で財政は一息つくが若者失業は改善せず政権不満の火種が続く	55.0	52.0	68.0	38.0	62.0	51.0	61.0	36.0	エネルギー不安は一時和らぐが中東リスクは残り若者の就職期待の低迷が続く
21	ISR	イスラエル	Israel	中東	間接衝突	エネルギー安定の隙にAI外交を加速する	燃料費低下で生まれた財政余力をAI防衛パッケージの東アジア展開に集中投下する	価格安定は一時的。技術優位を今のうちに固めることが真の安全保障だ	若者の住居・格差不満は燃料安定で解消せず、制度不信は構造的に残り続けている	59.0	51.0	62.0	45.0	53.0	52.0	70.0	37.0	エネルギー落ち着きでSNS不安はわずかに和らぐがAI格差への焦りは残り若者の将来感は改善緩慢
21	SAU	サウジアラビア	Saudi Arabia	中東	圧力上昇	価格安定期に生産量絞り収益を守る	日本向け長期契約を維持しつつOPEC+で増産抑制を図る	価格安定期こそ生産調整でVision2030財源を確保する	価格下落が続けばVision2030改革が資金不足に直面する	42.0	61.0	65.0	44.0	66.0	48.0	58.0	34.0	燃料費一時安定で生活費不安は和らぐが電力投資負担は残り若者の格差感は続く
21	EU	欧州連合	European Union	欧州	圧力上昇	エネルギー安定をAI規制と投資再配分の機会に転換	エネルギー安定を好機にAI規制の国際展開とウクライナ支援財源確保を同時推進する	燃料費が落ち着いたことでAI規制実装と電力インフラ投資の両立が現実的になった	東西加盟国のAI投資格差は解消されず安定の恩恵も不均一で内部合意が難しい	32.0	38.0	74.0	50.0	68.0	43.0	67.0	51.0	欧州エネルギー安定で輸入コスト圧力が緩み若者の物価不安は一時和らぐがAI規制の国際標準化圧力は続く
22	USA	アメリカ	United States	北米	圧力上昇	ケアロボ技術輸出を同盟強化に活用	ケアロボ規制緩和を同盟国に促し米国製AI導入を標準化する	ケア労働争点化でAI自動化議論が加速し雇用不安が拡大する	ケア労組の反発と財政難でAI補助金を出す余力が限界に近い	52.0	35.0	87.0	61.0	87.0	55.0	82.0	28.0	米国産ケアロボ普及圧力が強まり若者の介護職雇用が揺らぎ将来設計の不確実性が増す
22	CHN	中国	China	東アジア	境界的圧力	ケアロボ輸出で技術主権を更に強化	途上国向けケアロボ国際標準を先行策定し米日主導規格を迂回する	AI介護が社会主義的高齢化対策の優位を証明すると国内に宣言	介護労働者の大量失業は農村雇用不安に直結し体制正統性を揺るがすリスクがある	65.0	43.0	85.0	73.0	69.0	63.0	83.0	27.0	中国の介護ロボ標準先行策定が日本の産業政策を圧迫し若者の製造・介護双方の雇用不安が高まる
22	JPN	日本	Japan	東アジア	圧力上昇	ケアロボット推進と処遇改善を並走させる	ケアロボット調達網維持を図りつつ国内ケア従事者の処遇改善策を設計する	ロボット化でケアの質を高めながら従事者の処遇改善も同時に進める	ロボット助成と処遇改善を両立する予算がなく実質どちらかが犠牲になる	54.0	47.0	92.0	60.0	95.0	56.0	86.0	13.0	介護・保育の自動化不安がSNSで拡散し、ケア職を目指す若者の将来感を直撃する
22	TWN	台湾	Taiwan	東アジア	境界的圧力	ケアロボ需要を半導体外交の新軸に転化	ケアロボ向け専用チップを日米欧に優先供給し半導体外交の新需要軸として位置づける	ケアロボ需要拡大が半導体産業の雇用と輸出を下支えし社会上昇の道は続くと説明する	台湾海峡緊張は解消せずケアロボ需要増も中長期の安全保障リスクと軍事圧力を相殺できない	61.0	57.0	79.0	54.0	70.0	54.0	76.0	33.0	ケアロボ争点化で介護職置換の不安が若者に広がりAIに仕事を奪われる恐怖がSNSで増幅する
22	KOR	韓国	South Korea	東アジア	圧力上昇	ケアロボ輸出と雇用不安の並走管理	ケアロボット輸出外交を推進しながら北朝鮮抑止と半導体同盟を維持	ケアロボで雇用創出と介護効率化を両立すると強調、失業不安には追加対策を約束	ケア労働組合と若者失業不満が高まり財政余力は依然不足	44.0	47.0	86.0	28.0	82.0	44.0	81.0	33.0	韓国のケアロボ競争力強化が日本の同分野雇用不安とSNS不安を増幅させる
22	PRK	北朝鮮	North Korea	東アジア	境界的圧力	対話無成果を口実に示威姿勢を内部で強める	非公式チャネルを縮小し挑発的シグナルを小刻みに発信して存在感を示す	対話外交に依存しない自主国防路線を人民に再確認させ体制求心力を維持する	燃料不足で本格的示威は依然困難だが内部統制のため強硬演出を緩めるわけにはいかない	63.0	12.0	44.0	14.0	64.0	20.0	58.0	21.0	介護政策論争で内向きになる日本の隙に安保不安が静かに再燃し若者の将来感がじわり悪化する
22	RUS	ロシア	Russia	ユーラシア	間接衝突	ケア自動化不安を情報戦に転用	ロボットがケア労働者を排除するという分断ナラティブを日欧SNSへ流布	西側はロボットで人間を置き換える。我々は人間の尊厳を守り続ける	戦傷者増でケア需要が国内でも逼迫。介護人員不足と財政は綱渡り	62.0	57.0	76.0	55.0	72.0	56.0	83.0	28.0	ケア自動化不安にロシア発情報戦が重なり、若者の雇用恐怖とSNS分断が同時に深まる
22	UKR	ウクライナ	Ukraine	欧州	限定戦争	復興自動化と同盟支援継続を同時要請	同盟国に復興支援・自動化技術移転を要求しつつ前線維持への追加供与を交渉する	ロボット技術活用で復興加速、同盟連帯は維持されている	労働力不足と前線維持の両立が限界に近づき冬前の補充が急務	74.0	51.0	76.0	50.0	80.0	63.0	68.0	27.0	ケアロボット論争が日本の介護不安を刺激し、戦争継続の供給不安と重なり若者の将来感が一段と低下する
22	IRN	イラン	Iran	中東	境界的圧力	AI自動化論争を反欧米宣伝に転用し体制維持	中国向け原油輸出継続・ホルムズ示唆温存、日本のケア産業AI化には無関与を貫く	西側のロボット代替は労働者を切り捨てる証拠だ、自立路線こそ正しい	若者失業は深刻でケアロボ論争は羨望を生む。国内AIへの欲求と制裁の矛盾が拡大する	56.0	51.0	70.0	38.0	62.0	52.0	64.0	34.0	ケアロボ論争とエネルギー不安が重なり若者の雇用代替不安と将来不確実性が同時に高まる
22	ISR	イスラエル	Israel	中東	間接衝突	ケアAI輸出でAI外交の新軸を開く	ケアロボット技術を対日・東アジア向けAI外交の新パッケージとして提案する	AI産業の民生展開が安全保障と経済の両輪を補強する	内部紛争圧力が続き民生転用の人材と資本が軍事投資と競合し続ける	58.0	50.0	64.0	47.0	52.0	51.0	68.0	38.0	ケアロボット議論でAI代替不安と新経済モデルへの期待が交錯し若者感情は複雑化
22	SAU	サウジアラビア	Saudi Arabia	中東	圧力上昇	増産抑制を維持し原油収益を守る	日本向け長期供給契約を維持しつつOPEC+で減産枠を守る	Vision2030の雇用転換財源を原油収益で引き続き確保する	日本の介護ロボ投資が省エネ加速なら原油需要の長期減退が早まる	41.0	62.0	70.0	47.0	68.0	49.0	66.0	31.0	燃料費高止まりが続く中、介護ロボ論争が若者の雇用不安と格差感をSNSで増幅する
22	EU	欧州連合	European Union	欧州	圧力上昇	ケアロボット規制を社会安定の交渉力に転換	AI法のケアロボット条項を先行実装し国際標準化交渉を主導する	ケア自動化と介護者保護を両立するEU規制が世界標準になる	東欧加盟国にケアロボット予算はなく格差拡大で合意が割れる	30.0	36.0	77.0	48.0	71.0	42.0	72.0	50.0	EU発ケアロボット規制が国際標準化されれば日本の医療福祉機器輸出に影響し若者の技術職雇用観に不安が広がる
23	USA	アメリカ	United States	北米	圧力上昇	AI安全規制で技術覇権を守る	事故を機に同盟国主導の国際AI安全基準策定を主導する	安全規制強化と産業競争力維持を両立し中国優位を許さない	過剰規制は中国に市場を譲るため産業界・議会の反発が抑えられない	50.0	35.0	89.0	67.0	86.0	58.0	88.0	24.0	米主導AI安全基準の輸出圧力が強まり若者のAI就職市場に不透明感が広がる
23	CHN	中国	China	東アジア	境界的圧力	AI安全事故を国際標準先占の好機と転換	AI安全国際フォーラムで自国基準を先行提示し西側主導規制の枠組みを迂回する	欧米の規制欠如が事故原因、管理型AI開発の優位を党が証明した	国内AIシステムの安全性開示は体制信頼を損なうため情報統制を強化せざるを得ない	68.0	42.0	83.0	76.0	70.0	67.0	88.0	24.0	AI規制競争の激化で日本の産業政策が二重拘束に陥り技術職若者の将来不安が増幅する
23	JPN	日本	Japan	東アジア	圧力上昇	AI安全規制と産業競争力の均衡を図る	国際AI安全基準の策定協議に参加し、同盟国と規制枠組みの調整を進める	AI事故を受け安全規制を強化しつつ産業競争力も守ると表明する	規制を強めれば企業が遅れ、緩めれば安全批判で政権が揺れるジレンマ	55.0	46.0	93.0	65.0	94.0	59.0	90.0	11.0	AI事故報道でIT就職を目指す若者の将来不安が増し、キャリア選択の迷いが深まる
23	TWN	台湾	Taiwan	東アジア	境界的圧力	AI安全規制を半導体認証外交の新機会に転換	AI安全基準準拠チップを日米欧に優先供給し規制適合サプライヤーとしての地位を確立する	AI規制強化は認証半導体の需要拡大であり産業競争力と雇用維持の好機と説明する	規制対応コスト増と台湾海峡緊張の二重負荷が半導体投資余力を圧迫しており楽観は禁物	63.0	57.0	82.0	58.0	72.0	59.0	81.0	30.0	AI事故報道で半導体依存への不安とAI失業恐怖がSNSで同時爆発し若者の将来感が悪化する
23	KOR	韓国	South Korea	東アジア	圧力上昇	AI規制対応と半導体競争力の同時維持	国際AI安全規制枠組みに参加しつつ半導体輸出競争力の保護を並行交渉	AI安全規制を先取りすることで韓国産業の国際優位を守ると強調し雇用対策も継続	AI規制コストが中小AI企業を直撃し若者雇用不安がさらに深化する懸念	46.0	47.0	89.0	33.0	85.0	47.0	86.0	30.0	韓国の規制対応コストが半導体供給に波及し日本若者のAI雇用不安をSNSで増幅させる
23	PRK	北朝鮮	North Korea	東アジア	間接衝突	AI混乱を好機にサイバー工作を密かに拡大する	AI規制混乱を突いた不審な通信増加が周辺国の警戒を高める	AI事故は資本主義技術の限界であり自主国防の正しさを証明する	燃料制約で本格攻撃は不可能だがサイバーは低コストで継続できる	65.0	12.0	46.0	17.0	64.0	21.0	61.0	20.0	AI事故報道と北朝鮮サイバー脅威が重なり技術不安と安保不安が若者に同時に刺さる
23	RUS	ロシア	Russia	ユーラシア	間接衝突	AI事故をナラティブ戦に即時転用	AI安全事故を「西側技術の危険性」として国際宣伝し、規制協議を攪乱する	西側の無謀なAI開発が事故を招いた。我々は人間中心の技術路線を貫く	自国のAI後進性をナラティブで隠す。計算資源不足で技術主権は掛け声のみ	64.0	56.0	80.0	58.0	72.0	58.0	89.0	24.0	AI事故報道にロシアの情報戦が重なり、若者の技術不信とSNS不安が一段と深まる
23	UKR	ウクライナ	Ukraine	欧州	限定戦争	AI規制下で同盟技術支援の継続を要請	AI安全規制の例外適用を同盟国に要求し、自動化支援と前線補給の継続を並行交渉する	規制強化は他国の政治問題、復興自動化計画は予定通り進む	技術移転遅延が冬前の前線補充計画を狂わせ、同盟支援が形骸化しつつある	75.0	52.0	79.0	58.0	82.0	66.0	73.0	25.0	AI規制論争が日本の技術競争不安を刺激し、ウクライナ戦争継続の供給不安と重なり若者の将来感がさらに低下する
23	IRN	イラン	Iran	中東	境界的圧力	AI規制論争を体制正統化の宣伝に活用する	対中原油輸出継続・ホルムズ示唆維持、AI安全事故を反欧米論拠に転用	西側のAI事故は我々の自立路線の正しさを証明した	AI規制強化は国内若者の計算資源渇望を高め制裁との矛盾が深まる	57.0	52.0	72.0	42.0	63.0	53.0	68.0	35.0	AI安全論争とホルムズ示唆が重なり若者の雇用代替不安とエネルギー不安が同時に増幅する
23	ISR	イスラエル	Israel	中東	間接衝突	AI安全規制を技術外交の梃子にする	AI安全認証の国際標準策定に参画し技術輸出の正統性を対日向けに確保する	安全規制対応でAI産業の信頼性を高め輸出競争力と安保を守る	軍用AI開発と民生安全規制の整合に内部矛盾が顕在化する	55.0	50.0	67.0	50.0	54.0	53.0	73.0	35.0	AI安全事故でケアロボット議論が停滞し若者の雇用不安と技術不信が重なり期待が萎縮する
23	SAU	サウジアラビア	Saudi Arabia	中東	圧力上昇	AI規制を自律路線の好機と捉え原油を守る	AI安全規制の国際議論に参加しつつOPEC+増産抑制を継続する	Vision2030はAI安全基準に適合した堅実路線で進める	AI規制が脱炭素の勢いを鈍らせれば原油需要の延命になりうる	40.0	60.0	68.0	54.0	65.0	52.0	71.0	33.0	AI事故ニュースがSNSを席巻し、エネルギー高・雇用不安と重なって若者の閉塞感を深める
23	EU	欧州連合	European Union	欧州	圧力上昇	AI事故を規制正統性の好機に転換	AI法の先行実施を安全事故対応として国際提示し技術主権を確立する	EU規制がAI事故を防ぐ安全網と証明し産業競争力も同時に守る	大手IT企業の規制コスト転嫁と東欧加盟国の産業保護要求で合意が難航	32.0	35.0	74.0	54.0	67.0	47.0	77.0	46.0	EU規制強化で日本のAI輸出基準が変わり若者のAI就職市場に不確実性が広がる
24	USA	アメリカ	United States	北米	圧力上昇	AI雇用不安を吸収しつつ技術覇権を死守する	同盟国にAI産業再編への協調を求め、国内雇用回帰を対外圧力に転化する	AI転換期の雇用痛みは一時的。国家主導の再訓練投資で中間層を守る	再訓練予算は不十分で選挙圧力が強く、産業界と労組の要求が両立しない	53.0	36.0	91.0	64.0	88.0	59.0	90.0	21.0	米国内の雇用政治化が対日産業再編圧力に転嫁され若者の就職構造に直接影響する
24	CHN	中国	China	東アジア	境界的圧力	雇用不安を管理型AI優位の証明に転用	西側諸国のAI雇用混乱を引用しグローバルサウスへ自国型統治AIモデルを輸出加速	党管理のAI展開が雇用を守る、西側の無規制AIが世界の不安を生んだ	製造業の自動化で国内雇用圧力は深刻化しており社会安定への実態的脅威は隠蔽中	71.0	43.0	85.0	74.0	71.0	68.0	90.0	26.0	中国のAI統治輸出競争が日本の技術標準選択を迫り若者の将来設計に不確実性を注入する
24	JPN	日本	Japan	東アジア	圧力上昇	世代・地域格差を政策争点として認める	同盟国とAI産業政策を調整し、若者雇用創出の国際協調枠組みを探る	AI雇用不安と住居費上昇に向き合い、世代・地域格差の緩和策を優先する	財政余力が枯渇寸前で、子育て・防衛・住居支援を同時に手当てできない	52.0	43.0	90.0	61.0	93.0	57.0	91.0	12.0	AI就職不安・住居費高騰で将来設計が崩れ、地方と都市で若者の希望格差が拡大する
24	TWN	台湾	Taiwan	東アジア	境界的圧力	認証半導体供給継続と国内雇用不安の同時管理	AI安全認証チップの優先供給を維持しつつ主要市場の社会反応を外交で早期把握する	半導体産業はAI時代の雇用の柱と強調し若者向け職業訓練の拡充を表明する	市場保護主義リスクと海峡緊張の二重圧力が続き楽観できる状況にない	64.0	56.0	84.0	55.0	73.0	60.0	83.0	32.0	半導体供給安定の認知は微改善するが雇用不安の政治争点化がSNS不安を高止まりさせる
24	KOR	韓国	South Korea	東アジア	圧力上昇	若者雇用対策と技術主権の同時対応	半導体競争力維持とAI雇用転換支援の国際協調推進	AI転換を国家戦略として若者雇用対策を最優先と表明	財政圧力下で若者給付と産業補助の財源競合が深刻化	47.0	49.0	88.0	32.0	87.0	46.0	87.0	29.0	韓国の若者雇用政治争点化がSNSで日本に波及し世代間不満が共鳴する
24	PRK	北朝鮮	North Korea	東アジア	間接衝突	雇用不安社会を情報工作の好機と見て静かに拡張	日本の若者雇用不安層を標的にしたSNS情報操作を継続・強化	AI失業は資本主義の末路であり自主路線の正しさを国民に再確認させる	燃料制約で正面衝突は不可、情報工作のみが低コストで体制益を守る	67.0	12.0	52.0	17.0	65.0	22.0	68.0	17.0	雇用不安・住居不安のSNS言説にサイバー増幅が重なり若者の社会不信が深化する
24	RUS	ロシア	Russia	ユーラシア	間接衝突	AI雇用不安を反西側ナラティブに転用	AI自動化による雇用破壊の責任を西側技術覇権に帰し、グローバルサウスへ連帯訴求する	西側の技術覇権が雇用を壊す。我々の自律路線こそ正解だった	国内でもAI失業は静かに進行。戦時経済と情報統制が表面化を抑えているだけ	62.0	58.0	83.0	56.0	70.0	56.0	85.0	26.0	AI雇用不安が社会争点化する中、ロシアの情報戦が技術不信を煽り日本の若者の将来不安がさらに積み重なる
24	UKR	ウクライナ	Ukraine	欧州	限定戦争	同盟疲弊前に二国間保証を急ぐ	西側各国の国内政治不安定化の前に個別安全保障協定と支援継続確約を加速締結する	同盟国の国内事情によらず復興自動化と防衛補給は計画通りに進んでいる	AI雇用不安が西側世論を内向きにし、対ウクライナ支援の政治的コストが静かに上昇している	78.0	55.0	82.0	56.0	85.0	69.0	77.0	22.0	同盟疲弊と世代内AI雇用不安が重なり、日本の若者に安全も雇用も遠のく感覚が強まる
24	IRN	イラン	Iran	中東	境界的圧力	AI雇用不安を体制正当化の好機と捉え利用する	中国・ロシアとAI代替雇用論争を反欧米宣伝に活用しホルムズ圧力を維持	欧米のAI失業問題は我々の自立路線が正しいと証明している	国内若者は欧米のAI失業より自国の計算資源不足に怒りを向け始めている	58.0	52.0	74.0	44.0	63.0	54.0	70.0	33.0	世代・地域差が政治争点化する中、ホルムズ示唆とAI雇用不安が重なり若者の将来設計不安が深まる
24	ISR	イスラエル	Israel	中東	間接衝突	AI優位と雇用不安対応の均衡模索	AI安全規格の対日・欧輸出梃子を維持しつつ雇用転換支援策を外交カードに加える	AI産業成長が安保を支えるが雇用転換支援の強化が必要という説明に修正する	軍用AIと民生雇用不安の板挟みで安全規制の一貫性維持が困難になる	56.0	49.0	70.0	52.0	55.0	52.0	76.0	33.0	AI雇用不安が若者の世代間政治亀裂を深め技術への期待と不信が同時に高まる
24	SAU	サウジアラビア	Saudi Arabia	中東	圧力上昇	社会動揺の中でもOPEC+管理と改革路線を堅持	AI雇用不安の拡大が脱炭素の勢いを鈍らせると見てOPEC+増産抑制を継続する	世界の社会混乱の中でVision2030の安定路線こそが国益を守ると説明する	原油需要の延命は好機だが世界需要鈍化が長引けば財政見通しが揺らぐ	38.0	63.0	71.0	52.0	67.0	54.0	74.0	30.0	AI失業不安とエネルギー高騰が重なり若者の将来設計への閉塞感がさらに深まる
24	EU	欧州連合	European Union	欧州	圧力上昇	AI社会摩擦を規制緩衝装置で吸収	AI雇用不安の国際可視化を先導し欧州モデルを社会安全網として国際提示する	AI不安の高まりに欧州社会保障と再訓練制度で対応し政権信頼を維持する	右翼ポピュリストがAI雇用不安を政治利用し東欧諸国が社会支出合意を拒む	31.0	34.0	78.0	53.0	66.0	45.0	82.0	49.0	EUのAI雇用不安可視化が日本若者の将来不安と重なりSNSで職業消滅恐怖が広がる
25	USA	アメリカ	United States	北米	圧力上昇	AI採用透明性を政策化し雇用不安を吸収する	AI採用基準の国際標準化をリードし同盟国企業に準拠要求	AI採用透明性の法制化で若者の不安に応え企業に説明責任を課す	テック企業ロビーが透明性規制に抵抗し実効的な法制化が骨抜きになりやすい	55.0	35.0	89.0	62.0	89.0	58.0	88.0	24.0	AI採用基準が米国主導で標準化されると日本の若者の学習指針が対外依存に陥る
25	CHN	中国	China	東アジア	境界的圧力	AI透明性要求を西側批判の梃子に転用	若者のAI採用不安を西側無規制の証拠として国際発信し党管理型標準の国際採用を推進	西側の採用混乱は無秩序な技術展開の結果、党管理AIが明確な社会規範を提供する	製造自動化による国内若年失業は深刻化しており透明性要求が国内にも飛び火するリスクを警戒	73.0	43.0	88.0	75.0	72.0	70.0	92.0	24.0	中国発のAI標準競争が日本の採用基準議論に介入し若者は学ぶべき技術の正解を見失いやすくなる
25	JPN	日本	Japan	東アジア	圧力上昇	AI採用透明性に応じようとするが財政制約が残る	企業のAI採用基準開示を国際標準に沿って制度化する	AI採用基準の透明化を企業に要請し若者のキャリア支援を進める	規制強化は企業競争力を損なうが若者世論を無視できない板挟み	53.0	43.0	93.0	62.0	95.0	57.0	94.0	9.0	AI採用基準が不透明なまま拡大し何を学べばいいか分からない若者の不安がSNSで急拡大する
25	TWN	台湾	Taiwan	東アジア	境界的圧力	AI採用透明性要求を半導体外交の新たな機会として活用	AI採用基準の国際標準化議論に参加し、半導体供給継続を外交カードとして維持する	半導体産業がAI雇用の核であり、職業訓練でAI透明性ニーズに応える体制を整備する	AI採用不満が若者の政治不信に転化するリスクと海峡緊張の二重管理が続く	64.0	55.0	86.0	52.0	71.0	60.0	86.0	33.0	台湾半導体安定でコンピュート制約は微減するが、AI採用不透明感がSNS不安を再燃させる
25	KOR	韓国	South Korea	東アジア	圧力上昇	AI採用基準開示を迫られ若者対策を急ぐ	半導体優位を活かしAI採用基準の国際標準化議論を主導する	AI採用透明化立法を急ぎ若者が学ぶ方向を国家として示す	企業抵抗と財政制約で具体策の実施が遅れるリスクが高い	48.0	49.0	91.0	39.0	88.0	46.0	92.0	27.0	韓国発のAI採用透明性要求がSNSで日本に波及し若者の将来不安をさらに増幅させる
25	PRK	北朝鮮	North Korea	東アジア	間接衝突	AI採用不安を情報工作で増幅し体制益を守る	AI採用基準への若者不満層をサイバー工作で標的にし社会不信を拡大する	資本主義AIが労働者を選別排除する実態を示し自主路線の優位を確認させる	燃料資源制約で軍事行動不可、情報工作のみが現実的で低コストな体制防衛手段	69.0	12.0	57.0	17.0	66.0	22.0	74.0	16.0	AI採用不信とSNS工作が重なり若者の就活不安と社会制度への不信が同時に深まる
25	RUS	ロシア	Russia	ユーラシア	間接衝突	AI不透明性を反西側証拠として活用	AI採用基準の不透明性を西側技術支配の証拠と宣伝し、グローバルサウスへ代替ガバナンスを提唱する	西側AIが雇用を壊し基準すら隠す。我々の技術自立路線が正当だった	自国内でも同様の問題は進行中。情報統制が可視化を抑えているだけで技術主権は形骸化しつつある	63.0	56.0	84.0	56.0	69.0	55.0	88.0	25.0	AI採用基準の不透明論争にロシア発の情報戦が乗り、日本の若者の技術不信と将来不安がさらに積み重なる
25	UKR	ウクライナ	Ukraine	欧州	限定戦争	AI連帯訴求で支援継続の正統性を守る	AI時代の自由秩序守護者として西側議会に支援継続の正統性を訴求する	西側支援は続く。AI雇用不安の中でも自由秩序防衛が共通の利益だ	AI雇用不安で西側世論が内向きになるほど対ウ支援の政治コストが静かに上昇する	76.0	53.0	84.0	58.0	83.0	67.0	80.0	19.0	戦争継続とAI雇用不安が重なり、日本の若者に安全も未来像も遠のく感覚が深まる
25	IRN	イラン	Iran	中東	境界的圧力	AI透明性論争を体制正当化に利用する	中露と連携しAI採用不透明問題を欧米批判に活用しホルムズ圧力を温存	欧米AI企業も採用基準を隠す。我々の独自路線こそ若者を守る	国内若者はAI採用透明性を求め始め体制の計算資源不足批判が高まる	60.0	52.0	76.0	46.0	63.0	54.0	73.0	31.0	AI採用基準不透明性への不安にホルムズ示唆が重なり、若者の就活・将来設計の不確実性が増す
25	ISR	イスラエル	Israel	中東	間接衝突	AI採用基準の国際先導で技術主権を補強	AI採用透明性基準の国際規格化を主導し対日・対欧技術輸出の信頼担保に活用する	AI産業の採用基準明確化により国内若者の技術転換機会と安保産業の両立を保障する	軍民両用AI規制の透明化は軍事AIの能力開示リスクを内包し一貫した規制設計が困難	54.0	48.0	73.0	53.0	54.0	52.0	80.0	31.0	AI採用基準の曖昧さが日本若者の将来不安を増幅し何を学べばよいかの迷いが深まる
25	SAU	サウジアラビア	Saudi Arabia	中東	圧力上昇	AI移行期の需要読みながらOPEC+規律を堅持	OPEC+増産抑制を継続しつつAI普及による石油需要の長期変化を警戒観測する	AI雇用変革が世界を揺らす今こそVision2030の改革路線が国民の安定を守る	AI普及が長期的に化石燃料需要を押し下げるリスクは静かに現実化しつつある	37.0	61.0	74.0	51.0	65.0	52.0	78.0	29.0	AI採用基準の不透明感とエネルギー高が重なり若者の就活・生活費不安が同時に高まる
25	EU	欧州連合	European Union	欧州	圧力上昇	AI透明性規制で制度的主導権を確保	AI採用基準の透明性義務をAI法改正で国際標準として先行提示する	AI採用の不透明さを規制で封じ若者の不安に応える欧州モデルを示す	テック企業が透明性義務を回避しようとし東欧諸国が規制コストを拒んでいる	29.0	32.0	71.0	57.0	69.0	42.0	76.0	53.0	EUのAI採用透明化規制が日本の就活生に「何を学ぶべきか」問いを加速しSNS不安が持続する
26	USA	アメリカ	United States	北米	圧力上昇	AI産業地方展開と同盟雇用移行の並進	AI産業の地方分散政策を同盟国に提示し技術移転支援を条件付きで拡大	AI投資を地方にも届け若者が地元で働ける産業基盤を整備する	テック企業の都市集中志向とロビー抵抗が強く地方展開策は骨抜きになりやすい	54.0	34.0	92.0	63.0	92.0	57.0	92.0	21.0	米国の地方AI展開策は日本の地方若者にも都市移住か残留かの選択圧力を可視化し不安を増す
26	CHN	中国	China	東アジア	境界的圧力	農村定着を体制安定の要として動員	農村振興モデルを国際発信し都市集中を党指導で戦略制御する	農村発展こそ安定の源泉、都市偏重からの戦略転換を図る	若者流出と製造自動化の二重圧力が体制正統性を内側から侵食する	74.0	42.0	91.0	74.0	76.0	73.0	92.0	22.0	中国の若者流出が製造供給網を揺るがし比較不安がSNSで日本に波及する
26	JPN	日本	Japan	東アジア	圧力上昇	地方若者流出に対応策を模索する	地方創生モデルを海外に学び企業の地方投資誘致を打診する	地方に残る若者へ住宅・奨学金支援の拡充を検討する	財政余力が尽きており地方支援は掛け声止まりになる恐れ	53.0	42.0	95.0	61.0	96.0	60.0	96.0	8.0	地方か都市かの二択が迫られ選択肢のなさにSNSで若者の閉塞感が急拡散する
26	TWN	台湾	Taiwan	東アジア	境界的圧力	半導体人材定着で抑止力と経済安定を両立	半導体人材確保を日米同盟の経済安全保障フレームで強化する	地方若者の都市集約は半導体産業が受け皿。技術拠点への定着支援を拡充する	人材補助の財政余力が薄く若者離反と海峡緊張の同時管理は限界に近い	65.0	54.0	88.0	56.0	72.0	64.0	89.0	31.0	台湾の若者流出不安が半導体供給懸念を再燃させ、日本のSNS不安とコンピュート制約を悪化させる
26	KOR	韓国	South Korea	東アジア	圧力上昇	地方若者流出抑止へ地域tech誘致を急ぐ	地方半導体クラスター形成を対外アピールし外資誘致の材料とする	地方でも技術職を作り首都圏一極集中を緩和すると説明する	企業は首都圏効率を優先し地方展開を渋るため実効性が低い	50.0	49.0	93.0	38.0	90.0	47.0	94.0	26.0	韓国の地方流出加速がSNSで伝わり日本の地方若者にも地元か都市かの不安を増幅させる
26	PRK	北朝鮮	North Korea	東アジア	間接衝突	農村崩壊の物語を工作で拡散し体制優位を演出する	農村若者の流出不満をSNS工作で増幅し都市エリートへの敵意を煽る	農村共同体を守る自主体制が資本主義の農村破壊より優れると内部確認	燃料制約で軍事不可。農村不安は情報工作の低コスト好機として継続活用	67.0	12.0	61.0	17.0	68.0	26.0	79.0	14.0	農村若者の絶望感がSNS工作で増幅され、地元残留も都市移住も不安視する若者が増える
26	RUS	ロシア	Russia	ユーラシア	間接衝突	地方空洞化を西側失敗の証拠に活用	日本の地方若者流出をSNS工作で増幅し、西側モデルの失敗を国際世論に印象付ける	都市集中は資本主義の矛盾。地域均衡を守る我々の路線が正しい	ロシア自身も深刻な地方過疎問題を抱え、宣伝と現実の乖離は拡大中	65.0	54.0	86.0	55.0	70.0	57.0	91.0	22.0	ロシアの情報戦が地方離れに乗り、日本の若者の地元喪失感と都市競争不安を増幅させる
26	UKR	ウクライナ	Ukraine	欧州	限定戦争	支援疲弊に抗い存在意義を訴え続ける	若者の未来を守る戦争として西側議会とSNSへの訴求を強化する	西側が内向きでも支援は続く。耐えることが未来への唯一の道だ	西側の若者が自国雇用不安を優先するほど対ウ支援の政治コストが静かに上昇する	78.0	56.0	86.0	60.0	85.0	70.0	84.0	16.0	地方流出と戦争長期化が重なり、日本の若者に将来の足場が見えなくなる感覚が強まる
26	IRN	イラン	Iran	中東	境界的圧力	若者流出を外敵のせいにし体制正当化を維持	欧米AI企業の脳流出加担を批判しつつホルムズ示唆でエネルギー交渉カードを温存	西側が我々の若者を引き抜く。残留こそ国家建設への貢献だ	技術・知識層の国外流出が加速し計算資源不足と合わさり体制の中長期再生産能力が低下	63.0	55.0	77.0	49.0	66.0	57.0	76.0	29.0	地域若者流出の圧力にホルムズ不安が重なり、地方就職か都市集中かの選択がエネルギー価格・就活不安で歪む
26	ISR	イスラエル	Israel	中東	間接衝突	技術人材流出防止で国家存続基盤を固める	海外在住技術者への帰還優遇を提示しつつ米との技術同盟を維持強化する	若者の地方離れを都市技術集積で吸収し安保と雇用機会の両立を示す	安保予算優先のなか若者支援財源が逼迫し人材流出を市場頼みで処理するしかない	52.0	48.0	76.0	55.0	56.0	53.0	79.0	30.0	イスラエルの人材囲い込みが日本へのAI技術流入を絞り若者の職業選択肢がさらに狭まる
26	SAU	サウジアラビア	Saudi Arabia	中東	圧力上昇	OPEC+規律を守りAI需要変化に備える	増産上限を据え置きつつAIデータセンター向けエネルギー需要を新収益源として探る	AI経済移行をVision2030の好機と位置づけ若者雇用創出の軸とする	石油需要の長期低下とAI人材不足が国内若者就労計画の両輪を軋ませている	37.0	63.0	77.0	51.0	67.0	55.0	82.0	26.0	若者の地方離れが加速するなか原油高が生活費を押し上げ都市集中と将来不安が連鎖する
26	EU	欧州連合	European Union	欧州	圧力上昇	地域格差是正とAI規制の同時推進	構造基金を地方雇用創出に振り向けAI法の地域適用猶予を東欧と交渉する	AIで地方を再生し若者が地元に残れる欧州を作る。域内流出を止める	東欧諸国が再分配負担を拒み西欧テック企業が地方投資を忌避している	27.0	30.0	74.0	58.0	67.0	45.0	80.0	54.0	EU地方若者流出危機がSNSで拡散し地方出身就活生の「地元残留か都市移動か」不安が鮮明化する
27	USA	アメリカ	United States	北米	圧力上昇	自治体格差是正を連邦主導で誘導	同盟国に自治体AI職業訓練標準を提案し技術移行支援を拡大	連邦主導で自治体再教育格差を縮小しAI移行を全米で支援する	州補助金増額は財政逼迫と利権対立で実効性が低い	52.0	34.0	90.0	63.0	93.0	56.0	93.0	22.0	米国の自治体格差可視化が日本の若者に地域別未来の不安を増幅させる
27	CHN	中国	China	東アジア	境界的圧力	AI再教育を中央統括で地域格差を抑制	AI人材育成モデルを国際発信し技術主権と輸出管理回避を同時に図る	再教育は党が主導し地域間格差は中央配分で解消する	地方財政競争が中央指令と齟齬を生み体制信頼を内側から蚕食する	73.0	42.0	89.0	77.0	79.0	72.0	91.0	23.0	中国の地域格差可視化がSNSで拡散し日本の若者の比較不安と将来不透明感を増幅する
27	JPN	日本	Japan	東アジア	圧力上昇	自治体格差の拡大を中央が抑制する	OECD各国と自治体AI再教育モデルの情報共有・格差緩和策を調査する	自治体間の再教育格差を縮める補助指針を早急に整備する	財政が逼迫し格差を均す補助金は実質出せない状態が続く	54.0	43.0	96.0	61.0	97.0	63.0	97.0	7.0	AI再教育の自治体格差が可視化され地方若者の絶望がSNSで拡散する
27	TWN	台湾	Taiwan	東アジア	境界的圧力	再教育競争を人材定着のてこに半導体と安保を維持	日米の半導体教育連携を地方分権モデルで強化し技術人材流出を抑制する	自治体の再教育支援で地方半導体拠点への若者定着を後押しし安定を図る	地方間財政格差で再教育の実効性にばらつきが出る。人材流出リスクは続く	64.0	54.0	85.0	58.0	74.0	62.0	86.0	33.0	台湾の再教育格差が半導体供給懸念を維持し、日本若者の計算資源不安とSNS不安は高止まりする
27	KOR	韓国	South Korea	東アジア	圧力上昇	自治体格差対策を急ぐが中央調整力が弱い	半導体同盟の地域展開を対外アピールし自治体格差縮小を試みる	全国どこでもAI再教育を受けられる制度を整備すると説明する	財源と人材は首都圏集中のまま地方再教育は掛け声倒れに終わりやすい	50.0	49.0	92.0	36.0	93.0	48.0	96.0	23.0	韓国自治体の再教育格差がSNSで拡散し日本の地方若者に同じ連鎖不安を生む
27	PRK	北朝鮮	North Korea	東アジア	間接衝突	自治体格差の露呈を工作素材に体制優位を演出する	AI再教育予算の地域格差をSNS工作で拡大し地方若者の希望剥奪感を煽る	AI格差で資本主義の矛盾が露呈と内部喧伝し体制優位を確認	燃料制約で軍事行動不可。自治体格差テーマは低コスト工作の好機	65.0	12.0	64.0	17.0	70.0	27.0	83.0	13.0	再教育予算が届かない地域の若者が「勝てない」と感じSNS工作が絶望感を増幅する
27	RUS	ロシア	Russia	ユーラシア	間接衝突	地域格差を体制批判の武器に転換	自治体格差可視化をSNSで世界発信し、資本主義教育不平等の象徴として情報戦に活用する	日本の地域格差が露呈した。均衡発展を守るロシア路線の正しさが証明された	国内農村の教育格差も深刻で、宣伝と現実の乖離が政権内部でも問題化しつつある	64.0	53.0	88.0	54.0	73.0	56.0	93.0	20.0	再教育格差の可視化でロシア工作の標的が絞られ、地方若者の閉塞感と体制不信が同時に深まる
27	UKR	ウクライナ	Ukraine	欧州	限定戦争	西側の内向き化に抗い支援正統性を訴える	AI時代の民主主義防衛として西側議会に対ウ支援継続を要請する	西側が内を向いても我々の戦いは正当だ。耐えることが唯一の道	西側の雇用・再教育優先が続くほど軍事支援の政治的余地が静かに縮む	77.0	55.0	87.0	60.0	86.0	69.0	86.0	18.0	自治体の教育格差が可視化され、戦争長期化と重なり若者の地域別不安が深まる
27	IRN	イラン	Iran	中東	境界的圧力	先進国AI人材競争を体制脅威と認定し囲い込み強化	先進国AI再教育競争を人材掠奪と批判、ホルムズ示唆で原油交渉カードを温存	西側のAI拡張は技術者を標的とした新たな侵略。国内残留が体制への貢献だ	AI再教育競争が知識層の国外志向を刺激。規制強化は逆流を生む懸念がある	64.0	56.0	74.0	50.0	66.0	58.0	73.0	32.0	ホルムズ緊張継続でエネルギー不安続き、地域AI格差と重なり地方若者の就職・生活設計の不安が深まる
27	ISR	イスラエル	Israel	中東	間接衝突	AI教育競争を安保拡張として取り込む	AI教育協定を選別しつつ技術人材の国内定着優遇策を継続する	技術教育投資が安保と雇用を同時に解決すると国民に示す	安保費圧迫で教育予算は薄く技術流出防止は市場任せになる	53.0	47.0	77.0	57.0	57.0	53.0	82.0	31.0	技術囲い込みが続き日本の地方若者はAI再教育競争から取り残されやすい
27	SAU	サウジアラビア	Saudi Arabia	中東	圧力上昇	Vision2030加速と原油需要再均衡	OPEC+規律を維持しつつAIデータセンター向け電力供給を新外交軸に日韓へ打診する	AI経済転換を若者雇用の好機と位置づけVision2030継続の正統性を示す	石油需要の長期低落とAI人材育成不足が開発計画に二重の負荷をかけ続けている	38.0	61.0	76.0	53.0	68.0	56.0	85.0	29.0	自治体AI競争で地域格差が可視化され原油需給の新変数も加わり若者の将来不安が増幅する
27	EU	欧州連合	European Union	欧州	圧力上昇	再教育格差の制度統合で域内亀裂を防ぐ	自治体再教育競争を共通基準・EU補助金で束ね地域間格差の可視化を制御する	地域ごとの予算競争は机上の公平を壊す。EU共通枠組みで底上げする	財政規律派がEU共通基金拡充に反対し東欧は補助金条件を不服としている	26.0	32.0	79.0	61.0	71.0	44.0	86.0	50.0	EU自治体格差がSNSで可視化され日本の地方就活生に「自治体ガチャ」不安と地元放棄感が連鎖する
28	USA	アメリカ	United States	北米	圧力上昇	医療AI移行と介護職保護を同時推進	同盟国に医療AI標準と人材移行支援パッケージを提案する	AIで医療現場の負担を軽減し介護離職を食い止める	病院ロビーと保険業界の抵抗でAI導入速度は想定より遅い	50.0	35.0	91.0	62.0	92.0	58.0	92.0	21.0	米国の医療AI輸出方針が日本介護現場にも圧力となり若者の雇用不安を刺激する
28	CHN	中国	China	東アジア	境界的圧力	介護AI展開で体制管理力を国内外に誇示	介護ロボット・AI技術を輸出外交に活用し技術主権と国際影響力を拡大する	AI介護導入で党が国民生活を守ると強調し体制正統性を維持する	地方の介護実態は深刻で労働者不満が体制信頼を内側から蚕食する	73.0	42.0	87.0	76.0	81.0	74.0	89.0	22.0	中国の介護AI輸出攻勢が日本の技術競争圧力を高め若者の将来不安を増幅する
28	JPN	日本	Japan	東アジア	圧力上昇	医療介護崩壊を制度で緊急抑制する	外国人介護人材受け入れ加速と、処遇改善財源を国際比較で探索する	医療介護従事者への緊急処遇改善と家族ケア支援の拡充を進める	財源なく処遇改善は名目のみ、介護現場崩壊は実質止められない	54.0	43.0	97.0	61.0	98.0	65.0	98.0	5.0	介護離職が若者に波及し、親の介護と自分のキャリアの板挟みがSNSで可視化される
28	TWN	台湾	Taiwan	東アジア	境界的圧力	介護離職圧力の中で半導体人材維持を優先	日米と半導体人材確保を協議し介護離職による技術流出に対応する	介護支援と半導体技術者の両立を政策で支え社会安定を図る	介護と半導体が人材を奪い合い技術者不足が深刻化する懸念は残る	63.0	53.0	83.0	57.0	75.0	62.0	85.0	30.0	台湾の技術人材不安と介護離職波が重なり日本若者の就労不安とSNS不安は高止まりする
28	KOR	韓国	South Korea	東アジア	圧力上昇	医療離職危機に内政資源を集中する	医療DX輸出を打ち出しつつ同盟と労働力確保の緊急協議を行う	AIで現場負担を下げ離職を抑える。医療体制は守ると表明する	医療DX予算は乏しく現場疲弊の即効策がない。財政圧力がさらに高まる	48.0	51.0	95.0	34.0	96.0	53.0	98.0	20.0	韓国の医療離職騒動がSNSで波及し日本の若者に介護と雇用の二重不安を重ねる
28	PRK	北朝鮮	North Korea	東アジア	間接衝突	介護崩壊を体制優位の工作素材に転換	介護離職をSNS工作で資本主義崩壊の証拠として拡散し家族不安を煽る	介護崩壊が資本主義の終焉を証明と内部喧伝し体制正統性を補強	燃料制約継続。介護不安テーマは低コストで若者の将来絶望感を増幅できる	67.0	12.0	70.0	17.0	72.0	29.0	86.0	11.0	介護崩壊がSNSで拡散し若者が「社会に見捨てられる」と感じる絶望感を増幅
28	RUS	ロシア	Russia	ユーラシア	間接衝突	日本の介護崩壊を体制批判の素材に	介護離職波を資本主義崩壊の証拠としてSNS拡散し、日本社会への不信感を国際情報戦に投入する	日本の介護制度が崩壊した。均衡社会を守るロシア路線の正当性が示された	戦争長期化で自国の医療体制も崩壊寸前。宣伝と現実の乖離が政権内で問題化している	66.0	54.0	91.0	54.0	77.0	59.0	95.0	17.0	介護離職が親世代を直撃し、若者が将来設計より家族ケアを迫られる閉塞感とロシア工作の同時進行で不信が深まる
28	UKR	ウクライナ	Ukraine	欧州	限定戦争	西側支援の綻びに抗いながら持久戦継続	介護危機で内向きになる西側議会に戦争継続の正統性と支援必要性を訴え続ける	西側が揺れても我々の戦いは正当だ。医療体制を維持しながら耐え抜く	西側の介護・社会保障危機が続くほど対ウ軍事支援の予算競合が深刻化する	78.0	56.0	89.0	60.0	87.0	70.0	88.0	16.0	介護離職と戦争不安が連動し、若者が家族ケア・雇用・将来の三重不安を抱える
28	IRN	イラン	Iran	中東	境界的圧力	日本の社会疲弊を観測しホルムズ圧力を温存	ホルムズ示威を継続しつつ、日本の介護危機を西側モデル脆弱性として外交宣伝に利用	日本の医療崩壊は西側型社会の限界の証拠。体制の安定が国民を守る唯一の保証だ	知識層流出懸念は続くが日本の内政疲弊はエネルギー交渉カードの価値を高める好機	65.0	59.0	77.0	50.0	69.0	61.0	76.0	30.0	ホルムズ緊張でエネルギー不安が続き、介護離職波と重なり若者の将来設計に二重の閉塞感が広がる
28	ISR	イスラエル	Israel	中東	間接衝突	AI医療技術で安保と経済優位を同時狙い	AI医療・介護自動化技術を同盟国へ選別輸出し戦略的技術依存を構築する	医療AIが雇用と安保を両立させる国家競争力の核だと国民に訴える	医療AI開発費は安保予算と競合し商業化速度は市場頼みになる	52.0	46.0	79.0	56.0	59.0	54.0	84.0	30.0	介護AIの輸出条件が厳しく日本の若者は低賃金ケア労働からの転換機会を奪われやすい
28	SAU	サウジアラビア	Saudi Arabia	中東	圧力上昇	Vision2030推進と対日エネルギー連携深化	日本の財政制約を踏まえ省エネ協力とデータセンター電力供給を連携パッケージとして提案する	医療AI転換期に原油収益を社会保障と雇用転換に再投資し体制安定を示す	日本の内政危機は短期的に交渉余地を広げるが長期需要の先細りは変わらない	36.0	64.0	80.0	52.0	72.0	58.0	88.0	26.0	医療崩壊不安と介護離職で生活基盤が揺らぎ若者の将来設計への不信感がさらに強まる
28	EU	欧州連合	European Union	欧州	圧力上昇	介護離職波を制度応答で社会安定に変換する	EU域内ケア人材の離職抑制補助と域外移住ルート整備を加盟国に要請する	介護・医療離職は社会崩壊の前兆。EU補助金でケア職の報酬底上げを急ぐ	東欧からの人材流出が続き移民政策強化派と財政派の合意が取れない	27.0	32.0	83.0	61.0	74.0	46.0	89.0	47.0	EU介護崩壊がSNSで拡散し日本の若者にケア職敬遠・詰み職場不安を増幅させる
29	USA	アメリカ	United States	北米	圧力上昇	AI基盤拡張と地域摩擦の封じ込め	同盟国にデータセンター共同整備と電力コスト分担を打診する	AIインフラは雇用と安保の要であり立地問題は調整で解決できる	電力網の逼迫と環境規制・地域反発でデータセンター承認が遅延している	53.0	44.0	87.0	65.0	91.0	57.0	88.0	20.0	米国の計算資源争奪が国際電力・半導体コストを押し上げ若者のAI格差感を強める
29	CHN	中国	China	東アジア	境界的圧力	技術覇権優先でインフラ拡張を強行	データセンター建設を帯路戦略に組み込み計算資源の国際支配を加速する	AI拠点整備で雇用を創り国家競争力を高めると党が国民に約束する	地方の電力・水不足と住民反発が建設遅延を生みインフラ計画を内から崩す	75.0	47.0	83.0	79.0	83.0	76.0	85.0	20.0	中国のデータセンター拡張が計算資源争奪を激化し日本の若者のAI競争不安を高める
29	JPN	日本	Japan	東アジア	圧力上昇	AIインフラ誘致と地域反発の間で調整する	外資AIデータセンター誘致を続けつつ電力・水資源を自治体と協議する	AIインフラは雇用と技術競争力の核、地域との対話で立地を進める	電力網余力なく立地交渉は遅延、財源不足で補助金も出せない	52.0	62.0	91.0	69.0	97.0	68.0	95.0	7.0	データセンター雇用は技術者向けで一般若者に届かず、格差不満がSNSで増幅する
29	TWN	台湾	Taiwan	東アジア	境界的圧力	電力競合の中で半導体生産を最優先に確保	日米と電力・水資源の配分調整を協議しTSMC生産維持を優先する	データセンター誘致は歓迎するが電力はまず半導体製造に確保する	AIインフラと半導体工場が同じ電力網を奪い合い停電リスクが潜在する	64.0	66.0	79.0	65.0	73.0	67.0	84.0	29.0	台湾の電力競合がTSMC供給不安を高め日本若者の半導体・AI将来観が揺らぐ
29	KOR	韓国	South Korea	東アジア	圧力上昇	AIインフラ投資を雇用と技術主権の軸に据える	データセンター用地を戦略特区に指定し電力確保と地域説得を同時進行する	AI雇用が医療離職の穴を補完する。地域反発には丁寧に向き合うと表明する	電力と水の確保に財政余力はなく地域摩擦が長引けば計画が止まる	47.0	63.0	86.0	43.0	94.0	58.0	90.0	23.0	韓国のデータセンター摩擦が東アジアの電力・半導体競争を刺激し日本の若者のAI就職不安を高める
29	PRK	北朝鮮	North Korea	東アジア	間接衝突	データ立地摩擦を「AI搾取対住民」に転化	データセンターの電力・水紛争をSNS工作で拡散し反AI・反米感情を煽る	資本主義AIが地域資源を収奪する証拠と内部喧伝し体制正統性を補強	燃料制約継続。データ立地摩擦は低コストで若者の技術絶望感を増幅できる	68.0	12.0	73.0	20.0	72.0	31.0	89.0	10.0	AIインフラが地域資源と雇用を壊すとのSNS拡散で若者の技術未来感がさらに暗転する
29	RUS	ロシア	Russia	ユーラシア	間接衝突	データセンター摩擦を反AI西側批判に転用	AI摩擦を反資本主義情報戦に投入し、西側のAIインフラが格差を生むと国際メディアで喧伝する	西側AIが住民の電力と雇用を奪っている。ロシアの自主路線が正しい	自国のAI開発は半導体制裁で滞っており、情報戦が唯一の技術競争手段	64.0	52.0	88.0	56.0	75.0	58.0	92.0	18.0	AIインフラ投資をめぐる地域摩擦にロシア情報戦が乗り、若者の技術不信と移住不安が重なる
29	UKR	ウクライナ	Ukraine	欧州	限定戦争	AIインフラ議論の陰で持久戦継続、支援維持を訴える	AI復興投資を呼び水に西側支援を繋ぎ止め、軍事・技術支援の継続を訴える	デジタル復興と防衛を両輪に、AI時代の国家再建を国内外に示す	西側内政でAIインフラ予算が優先され、対ウ支援の議会確保が一層難しくなる	77.0	60.0	90.0	64.0	88.0	71.0	87.0	17.0	データセンター摩擦が電力・地域雇用不安に重なり若者の将来設計の不確実性を高める
29	IRN	イラン	Iran	中東	境界的圧力	エネルギー優位を温存しAI摩擦を宣伝に転用	電力需要増を好機と読みホルムズ示威継続、OPEC調整でエネルギー価格を維持する	西側はAI投資で電力・水・雇用を巡り内部分裂。体制の技術路線が正しかった証明だ	自国のAI能力不足と知識層離散は続くが、西側摩擦期間中は相対的優位を演じられる	63.0	62.0	76.0	54.0	70.0	62.0	77.0	28.0	データセンター電力競合とホルムズ緊張が重なり、エネルギー高と雇用不安が若者の未来設計を二重に締め付ける
29	ISR	イスラエル	Israel	中東	間接衝突	AIインフラ誘致で技術主権と安保を強化	データセンター誘致優遇策を打ち出し同盟国のAI依存度を高める	AIインフラが国防と経済の新要塞だと国民に訴える	水資源と電力制約がデータセンター誘致の隠れた上限になる	54.0	46.0	76.0	62.0	57.0	57.0	81.0	28.0	計算資源争奪が激化し日本の若者のAI就職・学習環境が不安定になりやすい
29	SAU	サウジアラビア	Saudi Arabia	中東	圧力上昇	AIハブ誘致で石油後の構造転換を加速	データセンター立地摩擦を機に対日電力・AIインフラ供給協定の早期締結と投資誘致を競う	AIインフラ誘致は雇用創出と脱石油の同時解答として国民に示す	水資源と国内電力需要の上限が近づき外資誘致と国内安定の両立が綱渡りになる	32.0	62.0	82.0	66.0	70.0	60.0	90.0	24.0	AIインフラ依存先がサウジに偏るリスクと国内立地摩擦が重なり若者の雇用不安がSNSで急拡散する
29	EU	欧州連合	European Union	欧州	圧力上昇	AIインフラ摩擦を制度調停で技術主権確保に転換	加盟国のAIデータセンター立地摩擦を統一環境基準と補助で調停し技術主権を守る	AIインフラは電力・水問題を伴うが、EU規制主導で地域合意と技術主権を両立させる	加盟国間の電力・水資源格差でデータセンター立地合意が遅れ技術主権が停滞する	29.0	37.0	80.0	68.0	76.0	50.0	85.0	45.0	EU計算資源争奪がAI半導体調達を絞り、日本の若者の就活AI依存に供給不安を植え付ける
30	USA	アメリカ	United States	北米	圧力上昇	住宅不満を封じAI覇権を死守	同盟国にAI計算資源共同調達を提案し優先配分権を確保する	AI投資が住宅難を解決する、議会は予算調整中と国民に説明	住宅法案は議会で停滞、大統領令は訴訟リスクがあり実行できない	55.0	43.0	89.0	68.0	92.0	59.0	91.0	18.0	米国の政治停滞が金利高止まりを長引かせ日本若者の住宅・就職不安を深める
30	CHN	中国	China	東アジア	境界的圧力	体制正統性維持で住宅・雇用圧力を内制	台湾海峡演習を継続しつつ帯路融資条件を見直し影響圏を防衛する	若者住宅補助と就職支援を拡充し党が生活保障を担うと宣伝する	不動産債務と地方財政の上限で住宅支援は規模を絞らざるを得ない	74.0	46.0	86.0	77.0	86.0	75.0	88.0	19.0	中国の若者住宅不安が輸出競争に転化され日本の製造雇用と住宅政策余力をさらに圧迫する
30	JPN	日本	Japan	東アジア	圧力上昇	住宅政策停滞で若者不信が深まる	住宅財源を国際機関・外資に求めるが政治調整が遅延する	若者住宅支援は重要課題、財源と対象範囲を引き続き党内協議する	防衛費と社会保障が競合し住宅支援に回せる財源がほぼない	53.0	62.0	93.0	69.0	98.0	68.0	97.0	5.0	住宅支援停滞で若者の将来展望が閉ざされ、政治不信がSNSで一段と噴出する
30	TWN	台湾	Taiwan	東アジア	境界的圧力	電力競合下でも半導体優先体制を堅持	日米との電力・安全保障協議を継続し台湾海峡安定に努める	電力制約の中でも半導体生産と国防は一切揺るがさない	AIインフラと製造業が同一電力網を奪い合い停電リスクが静かに高まる	65.0	67.0	80.0	67.0	75.0	69.0	87.0	27.0	住宅政策停滞と半導体供給不安が重なり若者の将来不安がSNSで急増する
30	KOR	韓国	South Korea	東アジア	圧力上昇	AI投資を続けつつ住宅予算不足を棚上げする	半導体同盟強化と米国との供給網調整を優先し住宅財源は後回しにする	AI雇用創出が長期的に住宅問題を解消すると説明するが若者の反発は増す	住宅と防衛とデータセンターが同時に財源を食い合い政権正統性が削れていく	49.0	65.0	89.0	41.0	96.0	60.0	93.0	20.0	韓国の若者住宅政策停滞がSNSで拡散し日本の若者に政策不信と将来設計不安を連鎖させる
30	PRK	北朝鮮	North Korea	東アジア	間接衝突	住宅停滞をAI資本主義崩壊の実証として喧伝	日本の若者住宅停滞を「AI政府は住民を見捨てた」とSNS工作で国際拡散する	住居すら保障できぬ民主主義の限界を内部喧伝し、体制の優位性を再確認させる	情報戦コストはほぼゼロ。住宅停滞は体制正統性補強の好機で燃料制約は無関係	70.0	12.0	75.0	20.0	74.0	31.0	92.0	8.0	住宅停滞とAI工作が重なり若者の「政府は守ってくれない」感が一層深まる
30	RUS	ロシア	Russia	ユーラシア	間接衝突	住宅難を西側体制失敗の証拠として喧伝	日本の若者住宅難を「自由主義経済の限界」として国際メディア・SNSで拡散し対日世論揺さぶりに転用する	西側の若者も住まいを失っている。ロシアの集産的モデルが今こそ正しいと証明された	ロシア国内でも戦時住宅・インフラ劣化が深刻だが、外向けプロパガンダで国内不満を封じている	65.0	52.0	90.0	56.0	77.0	58.0	94.0	14.0	住宅・雇用・将来不安が重なる若者層にロシア情報戦が「制度そのものへの不信」を注入し希望を侵食する
30	UKR	ウクライナ	Ukraine	欧州	限定戦争	西側の内政停滞に屈せず支援継続を粘り強く訴える	住宅・AI復興連携を訴え欧米議会の対ウ支援予算削減を食い止める	西側政治が揺れても復興と防衛の両輪は止めない。国民の粘りが鍵だ	住宅政策論争で西側議会の対ウ支援が後回しになるリスクが一段と高まる	78.0	62.0	89.0	65.0	90.0	73.0	89.0	15.0	住宅政策の停滞と戦争長期化が重なり若者の将来設計への不安とSNS閉塞感が増す
30	IRN	イラン	Iran	中東	境界的圧力	住宅政策停滞を対比材料に体制正統性を補強	ホルムズ示威を継続しながら、日本の政策停滞を「民主制度の機能不全」として対外宣伝に組み込む	西側民主主義国でさえ若者の住居問題を解けない。体制の安定供給モデルが優れている	自国の青年層失業・住宅問題は国内検索規制で抑圧中。外に向ける言説と内実の乖離は限界に近い	65.0	64.0	74.0	54.0	73.0	63.0	81.0	24.0	住宅支援停滞にエネルギー高が重なり、若者が「持家も将来設計も無理」という二重閉塞感を深める
30	ISR	イスラエル	Israel	中東	間接衝突	安保優先でAI誘致継続し住宅問題は先送り	米欧へのAI産業誘致を維持しつつイラン再燃とヒズボラの動向を監視強化	AIと安保への投資が国を守る。住宅支援は次の予算サイクルで対応する	若者の住宅不満が蓄積し社会安定スコアを静かに侵食しつつある	56.0	47.0	77.0	65.0	60.0	56.0	78.0	26.0	計算資源争奪が続くなか住宅・就職の不安も重なり日本の若者の将来設計が二重に圧迫される
30	SAU	サウジアラビア	Saudi Arabia	中東	圧力上昇	脱石油転換と体制安定を並走させる	電力・AIインフラ協定を日本と維持しつつ原油供給安定化で依存関係を継続誘導する	AIハブ誘致と住宅整備を同時推進し雇用と生活向上を国民に約束する	電力と水資源の制約から大規模AIインフラ誘致はすでに限界域に入りつつある	30.0	59.0	80.0	64.0	73.0	60.0	87.0	21.0	住宅政策停滞とサウジAIインフラ集中リスクが重なり若者の将来設計に二重の打撃を与える
30	EU	欧州連合	European Union	欧州	圧力上昇	住宅停滞を政治資源に若者政策と技術主権を連動	若者住宅・AI政策の加盟国格差を共同基金枠組みで吸収し制度正統性を守る	若者の住宅難は欧州連帯で解決する。共同基金と技術投資を一体化して前進する	加盟国の財政拠出意欲に格差があり住宅基金の合意形成は遅延が避けられない	30.0	36.0	82.0	65.0	79.0	49.0	88.0	43.0	EU若者住宅停滞が政策不信のSNS拡散を呼び、日本の若者の将来設計不安をさらに深める
31	USA	アメリカ	United States	北米	圧力上昇	AI格差を隠しAI覇権の果実を演出する	同盟国へのAI人材標準化協定を提案し技術秩序主導権を確保する	AI経済は機会を広げている、スキル習得支援を拡充すると国民に説明	初任給二極化で中間層の不満が蓄積、中間選挙前に格差対策法案を出せない	58.0	43.0	93.0	64.0	93.0	60.0	94.0	16.0	米国の初任給二極化が日本SNSに拡散し、汎用職若者の将来不安と選別感を一段と強める
31	CHN	中国	China	東アジア	境界的圧力	AI格差を党主導分配で吸収し正統性を防衛	国産チップ補助を急拡大し対日・対米AI技術競争を先鋭化する	AI時代の雇用格差は党の職業再訓練計画が守ると宣伝する	若者失業とAI賃金分断が党不満に構造化しつつあり内制余力が削れる	77.0	46.0	89.0	80.0	87.0	77.0	91.0	17.0	中国のAI雇用格差が輸出競争に転化され日本若者の就活選別感と将来不安をさらに押し上げる
31	JPN	日本	Japan	東アジア	圧力上昇	AI選別格差で若者離反が深刻化する	AI人材育成を国際協力で補完しようとするが財源配分で閣内対立が続く	AI活用人材育成を加速し汎用職への転換支援も整備すると表明する	リスキリング予算は防衛費・社会保障と競合し実効規模を出せない	54.0	63.0	97.0	66.0	99.0	67.0	99.0	4.0	初任給二極化がSNSで可視化され、AI選別に漏れた若者の絶望感と政治不信が連鎖爆発する
31	TWN	台湾	Taiwan	東アジア	境界的圧力	AI需要増の中で半導体供給優位を死守	日米とAI・半導体協調を強化しつつ台湾海峡安定化を優先維持	AI経済の果実を半導体産業に集中し国家競争力の中核を守り抜く	AI需要急増で電力逼迫がさらに深刻化し工場と国防が限界まで競合	67.0	71.0	86.0	74.0	76.0	72.0	91.0	24.0	初任給格差の可視化と半導体供給不安が重なり若者の就職絶望感がSNSで沸点に達する
31	KOR	韓国	South Korea	東アジア	圧力上昇	AI人材特需で格差拡大、若者不満を抑えきれない	半導体輸出増収を財政補填に充てつつ米韓同盟の供給網調整を継続する	AI転換期の痛みは一時的であり雇用支援策を拡充すると繰り返すが説得力は薄い	初任給二極化で若者の政権不信が次の選挙を直撃するリスクが現実になりつつある	51.0	63.0	94.0	46.0	93.0	61.0	96.0	19.0	韓国の初任給格差がSNSで拡散し日本の就活世代に選別恐怖と将来設計断念を連鎖させる
31	PRK	北朝鮮	North Korea	東アジア	間接衝突	AI格差を資本主義崩壊の実証として利用	初任給二極化を「AI選別社会崩壊」としてSNS工作で日本若者不安へ国際拡散する	民主主義はAIで若者を選別棄民する。体制平等の優位性を内部宣伝し結束強化	情報戦コストゼロ。給与格差は体制正統性補強の格好の素材で軍事費不要	70.0	12.0	79.0	20.0	74.0	30.0	94.0	7.0	初任給格差とAI工作が重なり「選ばれない側」という若者の自己排除感と政府不信が深まる
31	RUS	ロシア	Russia	ユーラシア	間接衝突	AI格差を体制批判の武器に転用	初任給二極化を「AI資本主義の失敗」として対日SNS工作に転用し若者の制度不信を深める	西側でAI格差が拡大している。ロシア式集産モデルの優位が証明された	ロシア自体のAI競争力は低く、技術主権への焦りが国内に蓄積している	66.0	52.0	93.0	58.0	78.0	59.0	97.0	12.0	AI格差が深まる中、ロシアの情報戦が「努力しても無駄」という若者の無力感をさらに強める
31	UKR	ウクライナ	Ukraine	欧州	限定戦争	AI復興を旗印に西側支援を繋ぎ止める	AI復興計画を前面に出し欧米議会の対ウ支援予算を死守する	AIで復興を加速し若者の仕事を作ることが国家存続の証だ	AI人材の国外流出が加速し復興の担い手確保が急務となる	77.0	63.0	91.0	67.0	91.0	74.0	91.0	14.0	戦争長期化と初任給二極化が重なり若者の就職不安とSNS閉塞感がさらに深まる
31	IRN	イラン	Iran	中東	境界的圧力	AI格差を「西側失敗」として体制正統性に転用	ホルムズ示威を継続しつつ初任給二極化を「AI資本主義の矛盾」として国際宣伝に投入	西側のAI化は若者に格差を生んだ。体制は雇用安定を守り続けている	自国のAI・計算資源は最底辺水準。若者技術機会の貧困は検閲で封じているが限界が近い	67.0	65.0	78.0	57.0	75.0	64.0	85.0	21.0	初任給二極化にエネルギー高と不安煽情報が重なり、若者が「AI格差＋将来設計不能」の二重閉塞に入る
31	ISR	イスラエル	Israel	中東	間接衝突	AI人材優遇で技術主権強化し社会格差は後回し	米国との半導体・AI協力を深化しつつイラン再燃とヒズボラ動向を継続監視	AI産業が雇用を生む。スキルアップ支援を拡充し格差を縮める	高技能AI層と低技能層の所得格差が住宅問題と合わさり国内不満が静かに拡大	58.0	46.0	80.0	67.0	61.0	57.0	82.0	24.0	AI人材と汎用職の初任給格差が世界規模で可視化され日本の若者の選別不安とSNS焦燥が同時に高まる
31	SAU	サウジアラビア	Saudi Arabia	中東	圧力上昇	体制安定を保ちながらAI人材育成を急ぐ	原油供給量を調整して財政余力を確保しつつ日本との技術協定を維持する	AI人材教育と原油収益で若者の雇用不安を吸収すると訴える	AI人材確保の国際競争で賃金格差が国内不満に転化するリスクが高まっている	31.0	63.0	83.0	67.0	71.0	62.0	89.0	19.0	初任給二極化とサウジ産油調整が重なり若者の生活コストと就職選択肢を同時に圧迫する
31	EU	欧州連合	European Union	欧州	圧力上昇	二極化を技術主権政策の根拠に転換	AI産業政策と若者雇用対策を連動させ加盟国格差是正の共同行動を主導	AI選別に若者を置き去りにしない。技術投資と再教育を欧州全体で加速する	南欧・東欧の汎用職依存構造と再教育予算格差が改革速度を大きく制約する	30.0	36.0	85.0	62.0	80.0	49.0	90.0	42.0	EU若者の選別感不安がSNSで拡散し日本の若者のAI二極化不安と将来不透明感を増幅させる
32	USA	アメリカ	United States	北米	圧力上昇	ロボット経済化を機会として演出し不満を抑制	ロボット実証データを同盟国と共有しAI産業標準化の主導権を固める	物流自動化は人手不足を解消し、労働者には高付加価値職への移行支援を拡充する	小売・物流組合の反発と中間選挙が重なり、自動化推進を正面から語れない	58.0	43.0	95.0	66.0	93.0	62.0	96.0	14.0	米国の小売ロボット拡大が日本メディアに波及し、物流・販売職の若者の将来不安がさらに深まる
32	CHN	中国	China	東アジア	境界的圧力	ロボット化を党主導近代化として正統性補強	物流ロボット国産化を加速し製造覇権を技術輸出に転換する	ロボット化は党指導で雇用転換を守ると国民に約束する	物流・小売自動化が若者の初期就職を直撃し党不満が蓄積する	78.0	46.0	92.0	80.0	85.0	74.0	94.0	15.0	中国ロボット急拡大が製造競争を激化させ日本若者の雇用選別感と将来不安をさらに増幅する
32	JPN	日本	Japan	東アジア	圧力上昇	ロボット普及を好機と装うが若者職消失が加速	G7でロボット規制協調と技術標準化を提案しつつ国内実証へ財政誘導する	ロボット実証が人手不足を補い現場と雇用を守ると強調する	物流・小売の若者雇用が消えるが補償財源が存在しない	55.0	65.0	99.0	69.0	99.0	64.0	99.0	3.0	AI選別に続きロボット排除でも漏れた若者が逃げ場なしとSNSで絶望を共有し政治不信が臨界へ
32	TWN	台湾	Taiwan	東アジア	境界的圧力	ロボット需要を半導体優位強化機と捉え全力対応	日米と連携しロボット向け半導体の供給体制を強化しつつ海峡安定を維持	ロボット革命の半導体製造拠点として国家競争力を最大化し若者に未来を示す	ロボット量産拡大でさらに電力需要が急増し工場と国防インフラの競合が深刻化	65.0	74.0	88.0	77.0	73.0	70.0	93.0	22.0	ロボット普及加速で低賃金職消滅の恐怖が若者SNSに連鎖拡散し就活心理が急速に悪化する
32	KOR	韓国	South Korea	東アジア	圧力上昇	ロボット普及で若者雇用不安が加速する	物流ロボ展開と半導体優位を連携させ同盟国との産業調整を急ぐ	移行期の痛みは一時的とし雇用再訓練予算を積み増すが対象は限定的	低賃金層の怒りが投票行動に転化する前に具体策を出せないまま選挙が近づく	52.0	61.0	96.0	44.0	91.0	60.0	98.0	17.0	韓国の物流ロボ失業映像がSNSに溢れ日本の現場職志望者に就職断念連鎖を引き起こす
32	PRK	北朝鮮	North Korea	東アジア	間接衝突	ロボット失業を体制崩壊の証拠に転用	物流ロボット実証を「資本主義が若者を機械に置換」とSNS拡散し日本内不信を煽る	自動化は制度なき社会では失業製造機。体制平等の優位を内部宣伝し結束維持	ロボット雇用不安は宣伝素材として無尽蔵。軍事費不要のコストゼロ戦略を継続	70.0	12.0	83.0	20.0	74.0	30.0	96.0	6.0	ロボット置換の実例が不安を具体化し、北の工作で「自分も消される」という若者の諦観が深まる
32	RUS	ロシア	Russia	ユーラシア	間接衝突	ロボット自動化を西側批判の証拠として利用	物流ロボット普及を「AI資本主義による雇用破壊」として対日SNS工作を強化する	西側でロボットが職を奪っている。集産体制こそが労働者を守ると証明された	ロシア国内はロボット導入余力なく、情報戦で技術劣位を内外に隠している	65.0	52.0	95.0	58.0	79.0	61.0	98.0	10.0	ロボット雇用不安にロシアの情報戦が重なり若者の「努力しても無駄」感がさらに加速する
32	UKR	ウクライナ	Ukraine	欧州	限定戦争	ロボット復興旗印で欧米支援を死守する	自動化復興特区構想を欧米議会に提案し予算支持を繋ぎ止める	ロボットと人が協働する復興が戦争に勝る未来の証明だ	AI・ロボット人材の海外流出が加速し復興実施主体が枯渇しつつある	78.0	62.0	93.0	66.0	91.0	74.0	94.0	13.0	戦争長期化にロボット雇用不安が重なりSNS上の若者の閉塞感が頂点へ近づく
32	IRN	イラン	Iran	中東	境界的圧力	ロボット雇用破壊を西側批判の宣伝材料に転用	ホルムズ示威を継続しロボット化による西側雇用破壊を国際宣伝に投入する	西側のロボット化は人の仕事を奪う。体制は人間の雇用と尊厳を守る	自国のAI・ロボット格差は壊滅的。若者技術閉塞が検閲限界を超えつつある	66.0	67.0	80.0	56.0	74.0	65.0	87.0	20.0	ロボット化の雇用不安にエネルギー高とSNS不安が重なり、若者が将来設計不能感に陥る
32	ISR	イスラエル	Israel	中東	間接衝突	ロボット活用で技術主権維持、雇用不安に再訓練で応答	米EU向けロボットAI輸出を加速し、イランとヒズボラ動向を継続監視する	ロボットは職を奪わない。再訓練支援で全員が技術時代を生き抜ける	技術職と非技術職の格差が拡大し、住宅高騰と相まって政権批判リスクが高まる	56.0	44.0	84.0	64.0	60.0	57.0	85.0	22.0	ロボット置換の世界可視化が日本若者の就職不安を増幅させ、イスラエル発の格差拡大がSNSで共鳴する
32	SAU	サウジアラビア	Saudi Arabia	中東	圧力上昇	自動化投資で体制内雇用を守り原油収益も確保	物流自動化商談を対日外交に組み込み原油供給微増で価格圧力を抑制する	ロボット化で伸びる産業に若者を誘導し石油収益で雇用転換を支えると訴える	自動化で既存労働層の不満が蓄積し体制支持基盤が揺らぐリスクが増している	29.0	58.0	86.0	68.0	68.0	60.0	91.0	20.0	物流自動化の波とサウジ産油調整が重なり若者の就職不安と生活コスト圧力が同時に続く
32	EU	欧州連合	European Union	欧州	圧力上昇	ロボット拡大を規制主導で秩序化	ロボット導入基準をWTO・ILOと連携し国際労働保護規格として提案	ロボット化は雇用破壊でなく人手不足解決の手段として合意形成を進める	南欧・東欧の低賃金職依存層は自動化加速に強く反発し合意形成が困難	30.0	36.0	88.0	63.0	82.0	50.0	93.0	41.0	EUのロボット不安がSNSで拡散し日本の若者の雇用消滅感と将来不透明感を増幅する
33	USA	アメリカ	United States	北米	圧力上昇	AI教育標準化で技術主権と格差管理を両立	AI教育カリキュラムを同盟国へ共有し技術標準の輸出主導権を固める	AI活用教育で雇用格差を縮め全ての子に平等な機会を届ける	地方・低所得校のインフラ不足と教員組合の反発で標準化が難航する	55.0	43.0	96.0	67.0	93.0	60.0	97.0	13.0	米主導AI教育標準が日本に波及し家庭環境による進路格差への不安がSNSで急拡散する
33	CHN	中国	China	東アジア	境界的圧力	AI教育を党主導近代化の制度的柱に据える	AI教育カリキュラムを輸出し教育技術覇権と人材競争力を確保する	AI教育は党主導で全国公平に展開し若者の未来を守ると約束する	農村・都市のAI環境格差が拡大し党への不満の温床が深まる	78.0	46.0	94.0	83.0	86.0	74.0	95.0	14.0	中国のAI教育制度化が技術人材競争を激化させ日本若者の将来選別感と雇用不安を増幅する
33	JPN	日本	Japan	東アジア	境界的圧力	AI教育平等化を掲げ格差深化を隠蔽	GIGAスクール2.0をG7で提案し教育DXリーダーを演じる	AIで全ての子供に平等な教育機会を届けると宣言する	端末・通信・家庭格差が深刻で補助財源が存在しない	56.0	65.0	99.0	78.0	99.0	70.0	99.0	2.0	ロボット失業に続きAI教育格差が露呈し希望の梯子が全て折れたと若者が絶叫する
33	TWN	台湾	Taiwan	東アジア	境界的圧力	AI教育需要を半導体優位でさらに取り込む	教育向けAIチップを日米欧に安定供給し技術標準形成に参画する	AI教育革命の製造拠点として台湾の地位を若い世代に示す	電力・人材競合が続き教育AI需要急増に設備投資が追いつかない	63.0	76.0	90.0	75.0	74.0	71.0	94.0	21.0	AI教育格差の可視化で家庭環境による進路分断が若者SNSで炎上し将来不安が連鎖する
33	KOR	韓国	South Korea	東アジア	圧力上昇	AI教育先進化で技術主権と競争力を強化する	米韓でAI教育モデルを共同設計し半導体・人材輸出戦略と一体化する	AI教育先進化で若者の競争力を高め雇用転換の痛みを乗り越える	教育格差が深まり低所得層の怒りは収まらず選挙前の具体策は間に合わない	50.0	57.0	94.0	48.0	87.0	58.0	97.0	18.0	韓国のAI教育先行事例がSNSに拡散し日本若者に教育格差で未来が決まるという焦燥を与える
33	PRK	北朝鮮	North Korea	東アジア	間接衝突	AI教育格差を体制優位の宣伝に転用	教育AI格差を「資本主義の不平等」として拡散し、日本若者の制度不信を煽る	AI教育は平等に見えて進路を選別する新たな階級装置と内部宣伝	教育格差宣伝は実証容易で軍事費不要。SNS工作継続の絶好の素材	70.0	12.0	81.0	26.0	74.0	28.0	95.0	7.0	AI教育格差が「環境で未来が決まる」という諦観をSNS拡散で加速させる
33	RUS	ロシア	Russia	ユーラシア	間接衝突	教育AI格差を反西側工作に転用	AI教育格差を「資本主義が子の進路を金で買う証拠」として日本SNSに浸透させる	西側ではAIで子の未来が親の財力で決まる。平等な我々の体制こそ正しい	自国はAI教育インフラを整備できず、情報戦のみが実行可能な対抗手段	63.0	51.0	94.0	61.0	78.0	60.0	97.0	10.0	AI教育格差への不安にロシア情報戦が重なり若者の社会不信がさらに深まる
33	UKR	ウクライナ	Ukraine	欧州	限定戦争	AI教育格差を復興人材訓練の好機に読み替える	EU・日本にAI教育技術の復興特区試験導入を要請し人材流出に歯止め	AI標準教育は復興を担う次世代エンジニア育成の加速路だ	AI教育は首都圏に偏在し前線近接農村では完全に届かず格差が固定化	76.0	64.0	91.0	69.0	88.0	72.0	89.0	15.0	AI教育の環境格差と戦争長期化が重なり日本の若者に将来の分断不安を刻み込む
33	IRN	イラン	Iran	中東	境界的圧力	AI教育格差を西側批判の新材料に転換	ホルムズ示威を維持しAI教育格差による西側不平等を国際宣伝に投入する	西側はAIで教育格差を固定化する。体制は国内の教育平等と尊厳を守る	AI教育インフラが壊滅的に遅れ若者の技術閉塞と検閲限界が同時進行する	67.0	68.0	82.0	58.0	74.0	65.0	89.0	19.0	AI教育格差とエネルギー高が重なり日本の若者の将来設計不能感が深まる
33	ISR	イスラエル	Israel	中東	間接衝突	AI教育を国家優位に転換し格差縮小を訴える	AI教育技術の国際輸出を加速し、イラン・ヒズボラの動向監視を継続する	AI教育は機会均等の基盤。端末・訓練支援で格差を防ぐ	超正統派・アラブ系の教育環境はAI化に遅れ、社会分断リスクが高まる	54.0	43.0	82.0	60.0	64.0	55.0	87.0	22.0	イスラエルのAI教育輸出が世界標準化を加速し、日本若者のスキル格差不安とSNS比較競争を強める
33	SAU	サウジアラビア	Saudi Arabia	中東	圧力上昇	AI教育投資で体制近代化を演出し収益確保	AI教育インフラへの投資を対外発信しつつ原油供給を維持して価格安定を図る	ロボット化と並行してAI教育を拡充し若者の競争力を高めると王室主導で訴える	AI教育格差が農村・都市間で拡大し地方層の体制支持基盤が静かに揺れている	28.0	55.0	88.0	71.0	68.0	58.0	93.0	19.0	AI教育標準化の波でサウジの近代化演出が続く一方、日本若者の技術格差不安とコスト圧力が重なる
33	EU	欧州連合	European Union	欧州	圧力上昇	教育AI格差を規制で公平化	AI教育格差対策をG7・UNESCOと連携し国際基準策定へ	AIは機会を広げるが公共投資で格差防止を優先する	加盟国の教育予算格差が大きく統一実装に時差と不満が生じる	28.0	34.0	87.0	66.0	83.0	48.0	91.0	39.0	EUの教育AI格差論争がSNSで波及し日本の若者の将来分断不安を増幅する
34	USA	アメリカ	United States	北米	圧力上昇	中東監視を続けながらAI覇権を維持	中東海上輸送の安全確保を同盟国と協議しつつ対中抑止態勢を維持する	エネルギー独立とAI主導権で米国の繁栄と安全を守る	中東・台湾・AIの同時対処で予算と外交資源が限界に近づく	58.0	52.0	90.0	64.0	91.0	64.0	91.0	17.0	中東不安が原油を押し上げ生活費増大への怒りが若者のSNSで再燃する
34	CHN	中国	China	東アジア	境界的圧力	中東緩和の好機に技術覇権競争を加速する	中東停戦の窓で資源調達を安定化しAI外交資源を技術競争に集中する	中東安定化で物価を抑制できる党の経済指導が正しいと国民に説明する	中東は停戦中に過ぎず再燃すれば国内雇用不安と輸入コスト上昇が連動する	76.0	41.0	91.0	82.0	84.0	70.0	89.0	16.0	中東一時緩和で資源不安は低下するが中国の技術競争継続で若者の雇用不安は解消しない
34	JPN	日本	Japan	東アジア	境界的圧力	財政限界で福祉より防衛を選ぶ	中東小規模化を機に石油代替調達を試みるが資金難で難航する	中東安定化に期待しエネルギーコスト抑制に全力を尽くすと表明	防衛費増額と生活支援の板挟みで若者政策予算が最初に削られる	60.0	68.0	97.0	76.0	99.0	73.0	95.0	3.0	原油不安継続でバイト代が消えつつAI競争激化し若者の怒りが沸点に達する
34	TWN	台湾	Taiwan	東アジア	境界的圧力	半導体供給安定と同盟強化で外圧を吸収する	米日欧との供給保証協議を深化させエネルギー調達多様化を加速する	中東不安は限定的、半導体需要は堅調で雇用と経済の安定は保てる	電力・輸送コスト増で半導体製造マージンが圧縮され投資余力が減る	65.0	79.0	89.0	77.0	75.0	74.0	93.0	20.0	輸送・エネルギー不安が製造コストに波及し就職先の不安定化で若者の将来設計が揺らぐ
34	KOR	韓国	South Korea	東アジア	圧力上昇	半導体優先でエネルギー不安を同時管理する	米国・産油国と二重交渉し原油調達ルートと半導体輸出網を両立する	中東不安は一時的、エネルギーと産業の二正面で国力を守る	原油輸入コスト増がAI教育予算を圧迫し選挙前の格差対策がさらに後退する	53.0	67.0	91.0	44.0	91.0	66.0	89.0	15.0	韓国の原油コスト転嫁がアジア製造網を圧迫し日本若者に物価と雇用の二重不安を与える
34	PRK	北朝鮮	North Korea	東アジア	間接衝突	世界混乱期に抑止力誇示で存在感確保	中東混乱に乗じ弾道ミサイル試射を予告し日本海挑発を再開する	世界が中東に目を向ける今こそ抑止力が輝く季節、体制の正当性が証明された	中東が主役の今が挑発の絶好機。コスト低く最大注目を引ける	76.0	18.0	79.0	26.0	77.0	33.0	91.0	6.0	中東不安とNKミサイル予告が重なり若者の安保不安と将来不確実性が重層化する
34	RUS	ロシア	Russia	ユーラシア	間接衝突	中東混乱に乗じ対日情報戦を継続	中東不安定を西側秩序崩壊の証拠として発信し日本のエネルギー不安を増幅する	中東混乱は西側秩序の失敗。自律路線の正しさが証明された	エネルギー収入は中東不安で維持できるが戦争消耗で対外展開余力が限界	64.0	58.0	90.0	60.0	79.0	64.0	95.0	12.0	中東不安でエネルギー費が上昇し就職不安と情報戦が重なり若者の将来展望が一層暗くなる
34	UKR	ウクライナ	Ukraine	欧州	限定戦争	国際支援維持と復興財源確保を同時追求	中東緊張で分散する西側支援を引き止めEU復興基金の優先配分を交渉	中東が揺れても欧州は我々を見捨てない。戦線維持で復興への道を守る	中東原油高がエネルギー輸入コストを押し上げ戦費と競合し財政を直撃	75.0	67.0	90.0	70.0	89.0	74.0	88.0	14.0	中東不安と戦争長期化が同時進行し日本の若者の将来安心感をさらに侵食する
34	IRN	イラン	Iran	中東	境界的圧力	ホルムズ示威を低水準維持し外交余地を探る	大規模衝突を回避しつつホルムズ示威を低水準に保ち制裁緩和の外交回路を温存する	体制の戦略的自制が大規模衝突を阻止した。西側の圧力に国内結束で耐える	制裁継続と若者の技術閉塞が重なり体制の正統性基盤が静かに侵食されつつある	63.0	65.0	79.0	57.0	73.0	62.0	83.0	23.0	中東小規模化でエネルギー高は継続するが日本の若者の急性不安はわずかに和らぐ
34	ISR	イスラエル	Israel	中東	境界的圧力	小康期を技術投資と抑止強化に転用	ヒズボラ・イラン監視を継続しつつ湾岸諸国への技術輸出を拡大する	紛争縮小は一時的。経済成長と安全確保を同時に進める	司法改革論争が再燃し連立が脆弱。国内分断が対外抑止を弱める	47.0	40.0	76.0	54.0	60.0	48.0	83.0	28.0	中東小康で原油高は緩むが、AI技術輸出加速が日本若者のスキル競争不安を維持する
34	SAU	サウジアラビア	Saudi Arabia	中東	圧力上昇	断続的緊張を価格交渉力に変え体制収益を守る	断続的な中東緊張を利用して原油供給量を微調整し、価格下落を防ぎつつ外交的安定役を演出する	中東の小規模緊張は国王主導外交で管理しており、経済多角化と雇用拡大を加速している	原油収益は回復するが都市若者の不満が蓄積し地方支持基盤の静かな侵食が続く	32.0	63.0	85.0	70.0	64.0	64.0	88.0	22.0	中東の断続的緊張でエネルギーコストが下がりきらず、日本の若者の生活コスト不安と就職先不安が重なる
34	EU	欧州連合	European Union	欧州	圧力上昇	エネルギー安定と規制継続を両立	中東海上輸送不安を受けエネルギー調達先分散と加盟国備蓄強化を緊急要請	価格上昇は一時的であり安定供給確保と規制推進を継続する	加盟国間のエネルギー依存度格差が統一対応を遅らせ不満が高まる	33.0	46.0	84.0	63.0	85.0	56.0	89.0	38.0	EUのエネルギー価格上昇がアジア市場に波及し日本の若者の生活コスト不安を高める
35	USA	アメリカ	United States	北米	圧力上昇	同盟国の制度不安を監視し要求を強める	日本の若者不信調査を注視し防衛・AI協力の加速を求める	制度不信の拡大は安全保障の穴であり同盟強化で安定を回復する	日本世論の悪化は同盟の民主的正統性を損なうと内部で懸念	60.0	52.0	88.0	63.0	92.0	63.0	94.0	14.0	制度不信調査が拡散し米の同盟要求が強まるほど若者の将来設計不安が深まる
35	CHN	中国	China	東アジア	境界的圧力	若者不信を体制正統性強化の機会に転換する	情報統制を強化し経済外交で若者雇用対策の実績を示す	若者の未来は党の経済政策が守る、制度への信頼は揺るぎない	若者不信の波及を恐れ情報統制を強化するが経済停滞は解消できない	78.0	40.0	92.0	83.0	85.0	71.0	93.0	15.0	制度不信調査がSNSで拡散し日本の若者の政治不信と将来絶望感を同時に高める
35	JPN	日本	Japan	東アジア	境界的圧力	若者不信が可視化されるも財政で身動き取れない	米国との半導体・エネルギー協調を維持しつつ中東代替調達を継続	若者不信調査を深刻に受け止め対話と生活支援を最優先する	調査が政治コストを上げるが財政は枯渇し若者対策は口先だけに終わる	61.0	67.0	97.0	75.0	99.0	72.0	97.0	2.0	不信調査がSNSで拡散し将来不安が数値で可視化され政治離れと少子化加速が現実味を帯びる
35	TWN	台湾	Taiwan	東アジア	境界的圧力	半導体雇用と同盟強化で若者不安を吸収する	米日との供給保証協議を継続し若者IT雇用の国際連携枠を拡大する	半導体産業が若者の雇用を守る、制度信頼は経済安定から生まれる	若者の制度不信拡大は兵役士気と半導体技術人材確保の両方を脅かす	66.0	79.0	91.0	77.0	75.0	74.0	95.0	19.0	台湾若者の制度不信報道がSNSで拡散し半導体依存リスクへの不安が日本の若者に伝播する
35	KOR	韓国	South Korea	東アジア	圧力上昇	若者不信調査を受け制度信頼回復を急ぐ	半導体同盟維持しながら若者雇用創出で国際連携も模索	若者の声を受け止め、教育・雇用施策を速やかに強化する	防衛・半導体・若者対策の三正面で財政が限界に達しつつある	51.0	66.0	94.0	41.0	93.0	64.0	95.0	14.0	韓国の制度不信が日韓若者SNSで共鳴し将来不安と反政治感情が日本にも波及する
35	PRK	北朝鮮	North Korea	東アジア	間接衝突	日本内部分裂を観測し抑止誇示を継続	日本の若者制度不信拡大を好機と評価しミサイル準備姿勢を維持する	敵国の若者すら体制に絶望する。わが抑止力の優位が証明された	日本国内の政治不信が深まれば安保議論が割れ、対北制裁圧力が弱まる	78.0	18.0	82.0	25.0	79.0	34.0	94.0	5.0	若者の政治不信とミサイル脅威が重なり、安保不安と制度への無力感が同時に高まる
35	RUS	ロシア	Russia	ユーラシア	間接衝突	若者不信調査を情報戦資産に転用	制度不信調査を「西側民主主義の失敗」として対日SNS拡散工作を強化する	日本若者の政治不信は自律路線の正しさを証明する証拠だ	情報戦は安価で継続可能だが戦争消耗で実体的対外展開余力は限界圏	65.0	58.0	92.0	60.0	80.0	64.0	97.0	11.0	若者不信調査をロシアが拡散しSNSで制度不信が増幅、出生意向と就職期待が一段と低下する
35	UKR	ウクライナ	Ukraine	欧州	限定戦争	西側支援の揺らぎを国内結束で補完	制度不信拡大で揺れるG7世論に民主主義防衛の正統性を訴え支援継続を死守	世界の若者が政治を疑う今こそ戦線維持が民主主義の価値を証明すると説く	欧米議会で若者世代の反戦・反支援ムードが予算審議に影響し始めており綱渡りが続く	76.0	69.0	92.0	70.0	91.0	75.0	93.0	12.0	制度不信調査と戦争長期化が重なり、日本の若者の政治的無力感とSNS上の将来不安が連鎖的に増幅する
35	IRN	イラン	Iran	中東	境界的圧力	体制正統性を守り青年不満を外向きに転化する	若者の制度不信調査を西側体制批判に転用しつつ核外交回路を静かに維持する	西側でも若者は政治を信じない。イランの秩序こそ安定の基盤だ	国内青年の不満は調査より深く体制の次世代正統性が静かに失われている	64.0	65.0	80.0	57.0	73.0	62.0	86.0	22.0	世界的な若者の制度不信可視化がエネルギー高と重なり日本の若者のSNS不安をさらに増幅させる
35	ISR	イスラエル	Israel	中東	境界的圧力	制度不安を抑えつつ安全保障優先継続	湾岸諸国への技術輸出継続とヒズボラ・イラン監視体制を同時に維持する	制度改革論争は成長と安全確保の両立で乗り越えられる	若者層の制度不信増大が連立基盤を侵食し対外抑止の一貫性を損なう	49.0	38.0	78.0	56.0	63.0	49.0	86.0	27.0	世界的な若者不信報道の波及でイスラエル情勢がSNSに拡散し日本若者の将来不安を増幅する
35	SAU	サウジアラビア	Saudi Arabia	中東	圧力上昇	Vision2030加速で若者雇用を演出し体制維持	OPECプラス協調で供給量を維持しつつ中東外交の調整役として日本への安定供給を演出する	若者雇用拡大と娯楽産業投資でVision2030の成果を強調し国内不満の顕在化を抑える	世界の若者制度不信論が国内SNSに浸透し改革加速と統制強化が矛盾する	30.0	62.0	83.0	68.0	63.0	61.0	91.0	21.0	中東安定演出で燃料費高止まりが続くなか若者の制度不信調査が拡散しSNS焦燥感が増す
35	EU	欧州連合	European Union	欧州	圧力上昇	制度信頼回復と若者支援を前面に	ウクライナ支援継続と若者向け経済投資を加盟国に呼びかけ	制度への信頼は若者の声で再構築できると示す	財政制約と若者政策の板挟みが加盟国間分断を深める	34.0	49.0	83.0	60.0	86.0	55.0	92.0	37.0	EU若者の制度不信が日本でも共鳴しSNS経由で制度離れと将来不安が連鎖拡大する
36	USA	アメリカ	United States	北米	圧力上昇	制度疲労期の同盟構造評価を本格化	日本の住居・ケア・役割制度の持続性を問い、AI協力継続の条件に連動させる	同盟国の制度耐久性こそ次世代安全保障の基盤だと国内向けに訴える	米国内でも制度疲労が深まり、対外要求の民主的正統性が内部で揺らぎ始めた	62.0	53.0	90.0	64.0	93.0	65.0	95.0	12.0	米が住居・ケア設計を同盟条件化するほど若者の将来構造不安が固定化する
36	CHN	中国	China	東アジア	境界的圧力	制度疲労を外圧責任論で封じ構造改革を抑制	輸出規制への報復措置を示唆し外圧責任論で国内批判を外転する	3年の政策成果は確実だ、制度不信は外部勢力の扇動に過ぎない	構造改革は既得権と衝突し若者雇用不満は3年経っても解消できない	80.0	39.0	91.0	82.0	87.0	73.0	91.0	14.0	中国の制度疲労と雇用停滞がSNSで日本に届き若者の将来設計不安を深める
36	JPN	日本	Japan	東アジア	境界的圧力	制度疲労顕在化、構造改革圧力に財政で応答不可	同盟国に制度改革の猶予と財政支援を非公式に打診しつつ協調維持	短期対策の限界を認め住居・ケア・雇用の構造設計を開始すると宣言	財政は完全枯渇で構造改革の財源は存在せず宣言だけが先行する	63.0	68.0	98.0	76.0	99.0	74.0	98.0	1.0	3年目で制度疲労が露呈し若者は構造的希望喪失に転じ政治離れが不可逆化し始める
36	TWN	台湾	Taiwan	東アジア	境界的圧力	制度見直しで若者信頼を回復する	米日との半導体協定を継続しつつ若者雇用の構造改革を対外発信する	短期対策から住居・雇用・ケアの長期設計へ政策転換を進める	半導体人材確保と若者離反防止が限られた財政余力では両立しない	67.0	78.0	88.0	76.0	78.0	73.0	92.0	20.0	台湾の制度疲労報道がSNSで広がり日本の若者に構造的無力感を波及させる
36	KOR	韓国	South Korea	東アジア	圧力上昇	短期策の限界を認め構造改革へ転換を模索	半導体同盟を維持しつつ住居・ケア政策の国際比較研究を開始	3年の対症療法を超え制度の根本設計を見直す段階に入った	財政限界で構造改革は掛け声どまりに終わるリスクが高い	53.0	64.0	96.0	40.0	95.0	63.0	97.0	12.0	韓国の制度疲労が「改革失敗モデル」として日本SNSで拡散し若者の制度不信を強化する
36	PRK	北朝鮮	North Korea	東アジア	間接衝突	制度疲労を確認し長期圧力を維持	日本の構造疲労を観測しつつ抑止誇示を継続、対話カードは温存する	敵国が3年目の構造崩壊に入った。わが体制の持久力の優位は証明済みだ	食料と燃料不足で実戦持続は不可。心理圧力と核抑止誇示だけで効果は十分	78.0	18.0	83.0	25.0	81.0	35.0	91.0	4.0	3年目の制度疲労と安保脅威が重なり、若者の将来設計への諦めと無力感が同時に深まる
36	RUS	ロシア	Russia	ユーラシア	間接衝突	制度疲労を情報戦の核心素材に転用	制度疲労報告を「西側設計の失敗」と定義し対日情報工作を深化する	3年目の制度崩壊は西側民主設計の敗北を自国民に示す証左だ	情報戦コストは維持可能だが消耗長期化で実体展開余力は低下中	66.0	57.0	90.0	61.0	82.0	65.0	98.0	10.0	制度疲労の3年目拡散でSNS上に「やっぱり未来はない」感が若者に固定化する
36	UKR	ウクライナ	Ukraine	欧州	限定戦争	持続的抵抗への制度転換を模索	3年目の制度疲労を認め西側に長期支援の制度化と復興枠組みの早期確約を要求	緊急対応期を終え住居・雇用・ケアの長期再建モデルへ移行する段階と宣言	欧米議会の支援疲弊と国内士気低下が同時進行し構造的綱渡りが続く	73.0	66.0	88.0	67.0	90.0	72.0	90.0	14.0	3年目の戦争疲弊感が日本の若者の政治無力感と将来設計の諦めをSNSで連鎖増幅する
36	IRN	イラン	Iran	中東	境界的圧力	制度疲労を外圧と定義し内部引き締めへ転用する	ホルムズ示威を維持しつつ核外交を静観して制裁緩和の余地を探る	制度が壊れているのは西側だ。イランの秩序と結束だけが未来を守る	青年層の構造的失業と住居難が次世代正統性の基盤を静かに溶かしている	66.0	67.0	82.0	57.0	75.0	64.0	89.0	21.0	制度疲労の世界的可視化とエネルギー不安が重なり日本の若者に構造崩壊感を増幅させる
36	ISR	イスラエル	Israel	中東	間接衝突	制度疲労下でも安全保障・技術優位を堅持	湾岸向け防衛技術輸出を継続しイラン・ヒズボラ再燃の早期警戒体制を優先する	制度改革論争より安全と経済の安定が先決であると国内に繰り返す	3年越しの制度疲労で司法・連立改革が停滞し対外抑止の国内支持が崩れかけている	54.0	42.0	76.0	53.0	66.0	52.0	83.0	25.0	中東制度疲労と再燃リスクがSNSで拡散し日本若者の技術・就労先不安を長期化させる
36	SAU	サウジアラビア	Saudi Arabia	中東	圧力上昇	構造改革本格化で制度疲労に対応	OPECプラス供給量を維持しながら中国との経済協力を深め原油価格の安定を演出する	Vision2030三年目の住居・雇用構造改革を本格着手し不満の顕在化を抑える	短期対策の限界が露呈し住居・ケア設計の財政負担が予想を超える	33.0	64.0	85.0	67.0	67.0	63.0	90.0	20.0	燃料費高止まりが続くなか制度疲労ニュースがSNSで拡散し若者の将来設計不安を増幅する
36	EU	欧州連合	European Union	欧州	圧力上昇	制度疲労を認め構造的再設計へ転換	ウクライナ支援を持続可能水準に調整し構造改革優先に資源を振り向ける	短期対策の限界を認め住居・ケア・雇用を根本から再設計する	加盟国間の構造改革合意が困難で財政圧力がさらに深刻化する	35.0	51.0	85.0	61.0	88.0	58.0	91.0	35.0	EUの制度疲労が可視化され日本の若者に制度は変わらないという諦観を強化する
37	USA	アメリカ	United States	北米	圧力上昇	AI還元議論を自国主導で制度化し技術主権を守る	拘束的な国際AI課税枠組みを阻止し、米企業主導の任意還元モデルを同盟国に提示する	AI企業は米国主導で公正な還元を設計でき、国際規制に従う必要はないと訴える	国内格差批判と議会圧力で完全拒否は困難。任意還元を演出しながら規制阻止の均衡が必要	60.0	52.0	87.0	66.0	91.0	63.0	88.0	15.0	米主導の還元枠組みから日本が除外されれば若者の教育・ケア格差是正期待が裏切られる
37	CHN	中国	China	東アジア	境界的圧力	AI利益還元論を国内説得に転用し構造改革は回避	国際的AI利益還元議論に選択的参加し新興国向け軟派外交に活用する	AI成長の恩恵を人民に戻す枠組みを党主導で設計中だ	実質的再分配は既得権益層と衝突し党統制の空洞化を招く	76.0	38.0	89.0	81.0	86.0	71.0	86.0	17.0	中国がAI利益還元を名目に囲い込みを続け日本の計算資源競争圧力と若者の将来不安を持続させる
37	JPN	日本	Japan	東アジア	境界的圧力	AI還元議論に外需補完を賭け制度再建を模索	AI超過利益還元の国際枠組みに積極参加を表明し教育・ケア財源確保を打診	AI企業利益を若者・地域・ケアに還元する国際潮流を日本が主導すると宣言	国際議論は実現未定で国内財源は枯渇したまま宣言が先行し空約束化するリスクが高い	61.0	67.0	94.0	72.0	98.0	72.0	88.0	6.0	AI還元議論が若者に微細な希望を与えるが制度疲労は続き政治への期待は薄いまま
37	TWN	台湾	Taiwan	東アジア	境界的圧力	半導体貢献でAI利益還元交渉に参入	AI超過利益還元議論に半導体供給国として参加し米日との協定を梃子にする	AI経済の果実を半導体産業と若者雇用に引き込む国際枠組みを主導する	中国軍事圧力下での外交余地は狭く財政余力不足で国内還元の実現は不透明	66.0	75.0	84.0	72.0	77.0	71.0	90.0	22.0	台湾発のAI利益分配議論がSNSで拡散し日本の若者に『自分だけ取り残される』感覚を広げる
37	KOR	韓国	South Korea	東アジア	圧力上昇	AI利益還元を国家再分配の梃子として活用	半導体大手の超過利益を教育・ケア還元枠組みの交渉に参加	半導体利益を若者支援へ回す国際枠組みを韓国が主導する	財閥の抵抗で利益還元は骨抜きになるリスクが高い	51.0	63.0	89.0	36.0	88.0	60.0	85.0	20.0	韓国のAI利益還元議論が「技術利益を社会に戻す」選択肢として日本若者に拡散し弱い希望信号を送る
37	PRK	北朝鮮	North Korea	東アジア	間接衝突	AI議論の隙に長期圧力路線を継続	国際AI議論で日米の注意が分散する間、抑止誇示を継続し対話カードは温存	AI利益還元論は帝国主義の懐柔策。自立体制の正しさが再び証明された	食糧・燃料不足は継続。心理圧力と核誇示で効果が出る間は実戦回避が合理的	77.0	18.0	84.0	25.0	81.0	35.0	89.0	5.0	AI雇用不安と安保脅威が同時に高まり、若者の将来設計への諦めと無力感が重層化する
37	RUS	ロシア	Russia	ユーラシア	間接衝突	AI格差論を反西側情報戦に組み込む	AI利益還元議論を「西側資本の自己批判」と定義し拡散、対日情報工作の素材に転用する	西側AI企業すら搾取を自認した。我々の批判は正しかったと国内に示す	自国AI能力は低く実利は薄いが議題設定コストは安く情報戦優位は継続できる	67.0	58.0	92.0	62.0	84.0	65.0	97.0	10.0	AI格差の国際議論が「還元されない未来」として若者SNSに固定され不信が深まる
37	UKR	ウクライナ	Ukraine	欧州	限定戦争	復興財源としてAI還元議論を戦略活用	AI超過利益の国際還元枠組みに戦時復興枠を明示的に組み込む外交提案を欧米に打診	戦闘継続と並行しAI還元資源を教育・住居復興に導入する長期設計を開始する	AI還元議論は中長期であり目前の砲弾・燃料・兵員補充の不足を補えない	71.0	64.0	87.0	63.0	89.0	70.0	86.0	16.0	戦争4年目の膠着にAI還元の空虚な言説が重なり若者の政策への冷笑と無力感をSNSで増幅する
37	IRN	イラン	Iran	中東	境界的圧力	AI国際議論を正統性回収の契機と読み外交余地を探る	核外交静観を続けつつAI利益還元議論への参加姿勢を対外向けに演出する	西側AI資本が自ら収奪を認めた。イランの自律路線こそ正しい選択だ	AI議論参加の実力がなく計算資源不足が技術主権の空洞化を静かに加速する	65.0	66.0	81.0	61.0	74.0	63.0	88.0	23.0	AI還元議論への期待とイラン発エネルギー不安が交錯し若者の将来感情を揺らす
37	ISR	イスラエル	Israel	中東	間接衝突	AI技術優位を保ちつつ還元議論に慎重参加	湾岸向けAI防衛技術輸出を継続し国際AI規制議論では技術主権条件を前面に出す	AI産業利益は国防と経済再建に優先配分し社会安定を維持すると説明	連立崩壊リスクの中でAI利益還元を求める国内世論圧力が静かに高まっている	52.0	42.0	73.0	50.0	64.0	50.0	79.0	28.0	AI還元議論でイスラエル技術株が揺れ、日本若者の技術就職先への不確実性が継続する
37	SAU	サウジアラビア	Saudi Arabia	中東	圧力上昇	AI還元議論を外交資産に転用する	AI利益還元国際議論に賛意を示しつつ自国ファンド・AI投資の適用除外を模索する	Vision2030のAI活用が国際標準に先行すると強調し雇用創出の実績を前面に出す	AI還元義務化が主権ファンド収益を圧迫するリスクを国内では伏せている	30.0	61.0	82.0	64.0	64.0	60.0	82.0	24.0	AI還元議論で若者の期待感がわずか改善するが燃料高止まりの生活圧力は続く
37	EU	欧州連合	European Union	欧州	圧力上昇	AI利益還元規制を主導し国際正統性を確立	AI超過利益課税の国際枠組みをOECDで提案し制度設計を主導する	AI利益を教育・ケア・雇用に還元する制度を欧州から構築する	加盟国の利害対立と実装遅延が規制の形骸化を招く恐れがある	33.0	50.0	82.0	57.0	85.0	57.0	86.0	39.0	EUがAI利益還元を国際提案し日本の若者に分配政策への期待と制度遅延への焦燥が同時に生まれる
38	USA	アメリカ	United States	北米	圧力上昇	安保と生活支援をAI投資で両立演出	同盟国に防衛負担増を求めつつAI産業投資を雇用・安保の双解と位置づける	AI投資は雇用を創り安保を強化する。生活支援と安保は両立できると訴える	実態は防衛費と社会支出の綱引きで、議会妥協なく財政持続は困難	62.0	50.0	85.0	65.0	93.0	62.0	87.0	13.0	米国の安保要求強化と生活支援後退が日本若者の雇用・将来設計への不安を加速する
38	CHN	中国	China	東アジア	境界的圧力	安保優先の建前で民生支援を名目化する	台湾海峡牽制と新興国支援外交を並行維持し戦略的主導権を確保する	安全保障と生活改善は矛盾しない、党が両立を主導する	防衛と民生の優先競合で若者雇用対策が先送りされ不満が蓄積する	77.0	38.0	88.0	80.0	87.0	70.0	88.0	16.0	中国の財政・安保競合が世代対立論を拡散し日本若者の将来不安を高める
38	JPN	日本	Japan	東アジア	境界的圧力	防衛と生活支援の競合に板挟みとなる	AI還元枠組み参加継続しながら同盟圧力から防衛費増を部分受容	安全保障と生活支援は両立すると繰り返すが配分根拠を示せず	財政余力は実質ゼロで防衛費増は若者支援の直接圧縮を意味する	63.0	67.0	95.0	71.0	99.0	73.0	93.0	4.0	安保費増で若者支援削減が可視化され世代間不満がSNSで噴出し始める
38	TWN	台湾	Taiwan	東アジア	境界的圧力	安保費増で半導体還元が後退し若者支援が圧縮	米日との半導体協定は継続するが安保費増により国内AI利益還元は先送り	中国脅威下の防衛強化は不可避、半導体産業の利益は将来的に若者へ還元する	防衛費と若者支援の財源競合が深刻化、AI経済配当の国内還元時期が読めない	68.0	74.0	84.0	71.0	80.0	73.0	89.0	20.0	台湾の安保費優先が『若者は後回し』構造を可視化し日本の若者の世代間不信を強める
38	KOR	韓国	South Korea	東アジア	圧力上昇	安保費と若者支援の財源対立が表面化	米韓防衛費増を受け入れつつ半導体優遇交渉は継続維持	安保と生活支援は両立できる、半導体収益で財源を補う	防衛費増と財閥抵抗で若者支援予算が実質的に圧縮される	54.0	63.0	91.0	34.0	91.0	58.0	88.0	19.0	韓国の世代間財源対立報道が日本SNSに波及し安保と生活支援は二択だという不安を若者に植え付ける
38	PRK	北朝鮮	North Korea	東アジア	間接衝突	日本財政論争を機に圧力継続	日本の財政論争中、示威行動で安保コスト意識を高める	敵国は財政矛盾で分裂中。自立体制の正しさが再証明された	実弾発射は高コスト。示威継続で心理圧力を維持するのが合理的	79.0	18.0	86.0	25.0	85.0	37.0	91.0	4.0	防衛費と生活支援の競合が深まり、若者の政治不信と将来諦めが重なる
38	RUS	ロシア	Russia	ユーラシア	間接衝突	世代対立を対日情報戦の新素材に転化	防衛費vs生活支援論争を「若者犠牲の米傀儡政策」と定義しSNS工作を強化	西側の若者は安保のために生活を犠牲にされている。我々の体制が正しいと示す	自国の世代間矛盾も深刻だが対外情報戦で国内批判の吸収を優先する	68.0	57.0	90.0	63.0	86.0	64.0	98.0	9.0	防衛費論争が世代間不公平感と重なり、若者の政治不信とSNS不安をさらに深める
38	UKR	ウクライナ	Ukraine	欧州	限定戦争	世代負担の可視化に防衛優先で対応	欧米に復興支援の若者向け枠組みを訴えつつ前線兵員補充要請を継続する	若者の犠牲は国家存続のためであり戦後復興で必ず報いる	動員疲弊と財源枯渇で生活支援は後回しにせざるを得ず世代間亀裂が深まっている	73.0	66.0	91.0	62.0	93.0	73.0	90.0	14.0	ウクライナ若者の世代間対立が映像で届き日本の防衛増税と若者支援の競合不安をSNSで増幅する
38	IRN	イラン	Iran	中東	境界的圧力	西側財政矛盾を正統性回収に転化し静観継続	西側の世代間財政矛盾を体制正統性の演出材料に使いつつ核静観を維持する	西側は若者を守れず軍事費を優先した。自律路線こそ正しい選択だ	国内もIRGC優先で若者支援が不足し社会不満が静かに蓄積する	65.0	68.0	83.0	63.0	77.0	64.0	90.0	21.0	世代間対立の可視化とイラン発エネルギー不安が重なり若者の将来感情を一層揺さぶる
38	ISR	イスラエル	Israel	中東	間接衝突	安保優先を維持し世代対立論を牽制	湾岸・欧州向けAI防衛輸出を継続し安保費削減圧力への国際反論を展開する	防衛投資は若世代の安全基盤であり削減は現状では選択肢にないと説明	若年層の経済不満と連立崩壊リスクが重なりAI利益還元論が静かに再燃している	54.0	43.0	75.0	51.0	66.0	52.0	82.0	26.0	世代間対立の物語がSNSで日本に伝播し若者の安保費対生活支援の不満感を増幅させる
38	SAU	サウジアラビア	Saudi Arabia	中東	圧力上昇	原油安定化で生活と安保の両立を演出	原油生産量を微調整し価格安定を誘導しつつ同盟国に安保協力の政治コストを求める	Vision2030が若者雇用と安全保障の同時達成を証明していると強調する	イラン圧力と国内補助金の同時維持で財政の持続余力が静かに細くなっている	35.0	56.0	78.0	63.0	68.0	61.0	85.0	21.0	原油安定化で生活費圧力はやや和らぐが安保費議論が若者の将来不安を増幅させる
38	EU	欧州連合	European Union	欧州	圧力上昇	安保費と社会支援の両立を規制収入で補う	ウクライナ支援継続しつつAI超過利益課税収入を防衛・社会費の両立財源に充当提案	防衛と生活支援は二者択一でない。AI課税で両立できる道を欧州が示す	加盟国の防衛増税合意が遅れ若者向け予算が実質先送りされるリスクがある	35.0	52.0	83.0	55.0	87.0	55.0	88.0	37.0	EUでも安保と生活支援の財源競合が世代間対立化し日本の若者に「豊かな民主主義でも同じ」という閉塞感が広がる
39	USA	アメリカ	United States	北米	圧力上昇	AI移行を成長機会と演出し不満を抑制	同盟国にAIガバナンス枠組み参加を求め半導体サプライチェーン優位を固める	AIは雇用を変えるが奪わない。再訓練投資で中小企業労働者を支えると訴える	実態は中小企業淘汰の加速。再訓練予算不足で議会合意も取れず対処は遅れる	64.0	50.0	89.0	70.0	94.0	66.0	91.0	11.0	米AI競争圧力が日本中小企業にも波及し若者の正規雇用への道が一層細る
39	CHN	中国	China	東アジア	境界的圧力	AI転換を党主導で管理し雇用不安を抑制する	国産AI基盤を新興国に展開し輸出管理包囲網を外交で突破する	AIは雇用を奪わず高度化させる。党が移行を保証する	中小企業のAI淘汰で若者失業が急増し体制正統性が揺らぐリスク	76.0	38.0	93.0	79.0	90.0	76.0	93.0	13.0	中国発のAI淘汰圧力が供給網を通じ日本若者の雇用不安を直撃する
39	JPN	日本	Japan	東アジア	境界的圧力	AI格差と財政枯渇に挟まれ政策が空洞化	AI格差対策として海外技術連携を模索するが財政的裏付けは乏しい	中小企業AI支援を表明するが財源を示せず現役世代の不信感が高まる	中小支援・防衛費・若者支援の三重競合で財政は完全に枯渇状態	63.0	67.0	97.0	74.0	99.0	76.0	96.0	3.0	AI格差が可視化されSME勤務の若者の雇用不安が急増しSNSで将来絶望感が噴出する
39	TWN	台湾	Taiwan	東アジア	境界的圧力	AI格差と安保優先で若者支援が継続後退	米日技術協定を強化し半導体を安保交渉の梃子として活用	AI産業の利益は安保費優先のため若者への分配は引き続き先送り	AI淘汰で中小企業の政権支持が揺らぎ若者支援財源の確保が困難	69.0	74.0	87.0	74.0	81.0	73.0	91.0	19.0	台湾の半導体戦略化とAI格差拡大が日本若者の雇用不安とSNS不安をさらに加速させる
39	KOR	韓国	South Korea	東アジア	圧力上昇	AI淘汰で中小雇用問題が政治焦点化	半導体・AI輸出競争を維持しつつWTOでAI貿易ルール形成に参加	AI転換を国家主導で進め、中小企業デジタル化を支援して雇用を守る	AI支援予算は大企業優先で中小・若者雇用対策が財政不足で後手に回る	55.0	63.0	93.0	32.0	92.0	57.0	91.0	17.0	韓国でのAI雇用喪失報道が日本SNSで共鳴し、同じ淘汰が来るという不安を若者に拡大させる
39	PRK	北朝鮮	North Korea	東アジア	間接衝突	雇用不安の拡散に乗じ示威継続	AI淘汰不安で動揺する日本世論に向け、短距離弾道弾の発射準備情報を意図的に流出させ心理圧力を加速する	敵国では機械が人間の仕事を奪い体制が揺らいでいる。自立計画経済の優位が再確認された	実弾発射は食糧・燃料コストを圧迫する。SNS拡散と情報戦で同等の心理効果を安価に得る	80.0	18.0	91.0	27.0	86.0	39.0	94.0	3.0	AI失業不安と安保コスト増が同時に圧迫し、若者の将来設計が二重に詰まる感覚が広がる
39	RUS	ロシア	Russia	ユーラシア	間接衝突	AI淘汰不安を対日情報戦の新素材に転化	AI雇用崩壊を「西側資本主義の正体」と定義し日本向けSNS工作を拡大	西側のAIは若者の仕事を奪う。我々の体制モデルが正しいと示せる	自国のAI遅れは深刻だが日本の雇用混乱を利用する余地は十分ある	68.0	57.0	93.0	63.0	87.0	65.0	99.0	8.0	AI淘汰恐怖に反西側ナラティブが重なり、若者の雇用不安とSNS不信が同時に深まる
39	UKR	ウクライナ	Ukraine	欧州	限定戦争	戦線維持しつつ復興AI格差を訴える	欧米に復興期のAI支援を求め防衛継続支援と並行要請する	戦後復興でAI技術格差を克服し若者に雇用と希望を与える	戦時中はAI投資ゼロに近く戦後産業競争力回復は援助次第で不確実	74.0	65.0	90.0	64.0	92.0	74.0	91.0	13.0	戦争長期化とAI雇用不安が重なり日本の若者に二重の将来不安をSNSで届ける
39	IRN	イラン	Iran	中東	境界的圧力	AI雇用破壊を正統性演出に転化し静観継続	西側AI淘汰による雇用不安を自律路線の正当化材料に地域外交で活用する	西側AIが民の雇用を奪う。自律路線こそ庶民を守る証明だ	国内もAI格差と資本不足で若者不満が同様に静かに蓄積している	64.0	70.0	86.0	65.0	79.0	66.0	93.0	19.0	AI雇用不安とイラン発エネルギー圧力が重なり若者のSNS将来不安がさらに増幅する
39	ISR	イスラエル	Israel	中東	間接衝突	安保維持・AI格差が内圧として浮上	AI防衛輸出継続、中小企業向けAI移行支援を国内新争点として提示する	AI技術は国家競争力の根幹であり中小企業支援策を並行して検討すると説明	中小企業のAI淘汰圧力が連立内部で雇用保護論を再燃させ財政議論を複雑化している	54.0	44.0	78.0	52.0	68.0	53.0	85.0	24.0	イスラエル発のAI格差論がSNSで流入し日本の中小企業従事者の雇用不安をさらに増幅させる
39	SAU	サウジアラビア	Saudi Arabia	中東	圧力上昇	AI格差に備えエネルギー収益で技術投資を加速	AI技術獲得と引き換えに安定原油供給を主要国と交渉し自律性を維持する	AI時代に備えるためVision2030の技術投資が国民雇用を守ると説明する	国内若者雇用の確保とAI導入コストの間で財政持続余力が一層細くなっている	37.0	59.0	82.0	65.0	71.0	63.0	88.0	19.0	原油安定は続くが、AI雇用不安と調達交渉の不透明感が若者の将来設計を揺らす
39	EU	欧州連合	European Union	欧州	圧力上昇	AI規制を守りつつ中小DX移行を支援	欧州投資銀行経由で中小AI移行融資を緊急設定しAI Act中小特例措置を加盟国に提案	欧州ルールは労働者を守る。中小がAIに取り残されぬよう移行支援を加速する	AI規制コストが中小競争力を削ぐという加盟国圧力が増し規制緩和要求が表面化しつつある	36.0	52.0	88.0	59.0	90.0	57.0	92.0	34.0	欧州でも中小が淘汰される現実が伝わり日本の若者に「どこでも同じ」という無力感が連鎖する
40	USA	アメリカ	United States	北米	圧力上昇	AI格差を管理し同盟優位を維持	同盟国のケアAI規格を自国基準に統合し市場優位を固める	ケアロボットは地方雇用を守る橋渡し技術と位置づけ反発を抑える	農村票を失いたくないが再訓練予算は議会通過の見通しが立たない	63.0	51.0	91.0	68.0	93.0	67.0	92.0	12.0	米AI格差構造が輸出され日本地方若者の雇用不安とSNS悲観がさらに深まる
40	CHN	中国	China	東アジア	境界的圧力	AI輸出拡大と国内雇用移行を並行管理する	介護ロボット輸出で日本市場に参入し経済的相互依存を深める	AI・ロボットが新雇用を創る。党が移行を設計し若者を守る	若者失業率は公表値を超え地方の不満が党への信頼を侵食し始めている	74.0	38.0	91.0	77.0	89.0	79.0	90.0	14.0	中国産介護ロボット浸透が日本の小規模介護事業者を圧迫し若者の就職先を絞り込む
40	JPN	日本	Japan	東アジア	境界的圧力	介護格差が政策空洞化を露呈し地方若者の絶望深まる	介護ロボット普及で国際連携を模索するが財源の裏付けを示せない	地方介護事業者へのロボット導入補助を表明するが財源を示せず信頼を失う	介護補助・防衛費・若者支援の三重競合で財政余力はゼロ	63.0	67.0	98.0	75.0	99.0	77.0	97.0	2.0	介護ロボット格差が地方と都市の分断を可視化し地方在住若者のSNS絶望投稿が急増する
40	TWN	台湾	Taiwan	東アジア	境界的圧力	半導体需要増を安保交渉の梃子に継続活用	介護ロボット需要拡大を背景に米日への供給条件を再交渉	ロボット産業向け半導体が好調だが安保費優先で若者分配は困難	AI格差可視化で支持基盤が都市農村で分裂しつつあり財源調整が難航	70.0	73.0	89.0	72.0	82.0	74.0	93.0	17.0	介護ロボット格差がAI恩恵の不平等感をSNSで可視化し若者の将来不安をさらに加速させる
40	KOR	韓国	South Korea	東アジア	圧力上昇	介護ロボット格差が地方中小雇用の新政治焦点に	ロボット・AI技術標準でWTO・G20に格差是正ルールを提案	介護ロボット格差是正へ中小・地方デジタル化補助金を拡充する	大手財閥優先構造では地方・中小支援予算は常に後手に回る	55.0	62.0	94.0	30.0	93.0	59.0	93.0	16.0	韓国の介護現場格差報道が日本SNSで拡散し、地方の若者ほど将来不安が高まる
40	PRK	北朝鮮	North Korea	東アジア	間接衝突	介護格差を情報戦に転用し圧力継続	介護ロボット導入格差を「資本主義の矛盾」として拡散し、地方・非正規層の絶望感をSNS経由で増幅する情報工作を継続する	敵国では機械が都市と地方を分断し高齢者さえ見捨てられている。自立計画体制の人間優先が証明された	実弾発射は燃料・食糧コストが重く抑制中。介護格差報道は無コストで心理圧力を維持できる好機	79.0	18.0	93.0	27.0	85.0	40.0	96.0	3.0	介護ロボット格差が安保不安と重なり、地方の若者は将来も都市も安全も手が届かない感覚を深める
40	RUS	ロシア	Russia	ユーラシア	間接衝突	ロボット格差を体制批判の新素材に転化	介護ロボットの都市集中を「AI資本格差」と定義し日本向け工作を継続	AGI時代でも西側は地方と弱者を切り捨てる。我々の体制が正しい	自国ロボット開発は遅れるが日本の格差拡大を情報戦に転用する余地は増大	70.0	56.0	91.0	62.0	86.0	65.0	97.0	9.0	介護ロボット格差を「西側的不平等」と煽られ、地方若者の疎外感とSNS不信が深まる
40	UKR	ウクライナ	Ukraine	欧州	限定戦争	戦線維持しAI格差是正を国際社会に訴える	欧米へのAI・ロボット支援要請を継続し戦後産業競争力確保を訴える	介護ロボットも含む技術復興を戦後の国家目標に掲げ希望を示す	戦時投資はゼロでロボット格差は戦後も縮まらない現実がある	75.0	64.0	91.0	65.0	92.0	73.0	91.0	13.0	戦争継続とロボット格差が重なり日本の若者は遠い将来への二重不安をSNSで感じる
40	IRN	イラン	Iran	中東	境界的圧力	ロボット格差を自律路線の証明として国内外へ発信	介護ロボット普及格差を西側AI支配の証拠と位置づけグローバルサウスへ連帯外交を展開する	西側のロボットは都市の富裕層のもの。自律路線こそ庶民の雇用と尊厳を守る道だ	国内農村部でも介護人材不足と資本格差が蓄積し若者の静かな離反が進みつつある	62.0	68.0	85.0	63.0	78.0	64.0	90.0	21.0	介護ロボット格差とイラン発エネルギー不安が重なり地方若者の将来喪失感をSNSが増幅し続ける
40	ISR	イスラエル	Israel	中東	間接衝突	AI格差内圧・安保継続で連立維持	介護AI輸出継続、国内中小向け補助金案を連立協議テーブルへ提示する	介護ロボット格差は国家課題とし中小事業者向け支援策を並行検討中と説明	連立内の雇用保護派が介護AI格差を口実に予算争奪を激化させ財政を圧迫している	53.0	44.0	80.0	52.0	70.0	54.0	87.0	23.0	介護AI格差の国際事例がSNSで流入し地方・中小介護現場の若者の将来不安をさらに増幅させる
40	SAU	サウジアラビア	Saudi Arabia	中東	圧力上昇	AI格差拡大を見越しエネルギー収益で優位を保つ	ロボット需要増を好機と捉えアジア向け安定供給を強調し技術協力交渉を継続する	介護・物流ロボット普及で日本のエネルギー需要は続くとし国内投資継続を説明する	国内若者のAI雇用転換コストは重く財政余力の消耗が前ステップより加速している	36.0	61.0	84.0	67.0	73.0	64.0	90.0	17.0	介護ロボット格差が地方若者の将来感を直撃しエネルギーコスト高止まりも続く
40	EU	欧州連合	European Union	欧州	圧力上昇	介護格差を規制枠内で是正し社会安定を守る	介護ロボット欧州標準を先行策定し中小・地方事業者向け補助スキームをEIB経由で拡張	AI Act基準は格差を容認しない。介護現場の地域格差も欧州ルールで縮小する	介護人手不足の根は移民政策対立にあり、ロボット補助金だけでは票を失う国が増えている	36.0	52.0	91.0	61.0	92.0	57.0	94.0	32.0	欧州でも地方介護は取り残されると伝わり、日本の若者に「技術が来ても地方の未来はない」という諦めが深まる
41	USA	アメリカ	United States	北米	圧力上昇	AI主権維持と若者協働活用を同時に演出	同盟国の若者協働事例をAI外交成果として発信し影響圏を補強する	若者の自律協働がAI時代の米国モデルの生きた証拠と国内に宣伝する	再訓練予算は議会で依然停滞、農村票離れリスクに変化なし	61.0	49.0	85.0	65.0	91.0	64.0	84.0	17.0	協働事例が希望の小窓を開くが、米AI格差輸出の構造は変わらず地方若者の不安は根強い
41	CHN	中国	China	東アジア	境界的圧力	若者連携を党管理下に置き技術主権と雇用を連動させる	日本の若者向けAIプラットフォーム普及で文化的影響力を拡大する	党主導の若者イノベーション網が新雇用を創り社会安定を強化する	自発的な若者連携が党管理外で拡大し地方統治コストが増大している	72.0	36.0	88.0	76.0	87.0	80.0	85.0	16.0	中国系プラットフォームが日本の若者連携に浸透しデジタル依存と情報環境が変容する
41	JPN	日本	Japan	東アジア	境界的圧力	若者共助の芽を拾えず財政制約が政策硬直を深める	同盟国に若者人材連携を打診するが財政裏付けなく実効性を欠く	若者の自発的連携を支援策と呼ぶが具体的資金投入は示せない	防衛費・介護・若者支援の三重競合は解消せず財政余力は枯渇寸前	62.0	65.0	92.0	73.0	98.0	75.0	85.0	6.0	草の根連携がSNSに希望を灯すが財政構造は変わらず地方若者の格差は固定化しつつある
41	TWN	台湾	Taiwan	東アジア	境界的圧力	半導体優位維持しつつ若者連携で民心安定図る	米日との半導体供給協議継続し若者交流プログラムを拡充	若者連携活動は国際連帯の証だが安保費と分配の競合は変わらない	都市農村AI格差が続き若者プロジェクトの恩恵が均等に届くか不透明	68.0	72.0	86.0	71.0	81.0	73.0	88.0	21.0	若者連携でSNS不安がやや和らぐが台湾安保と雇用格差は将来設計を依然圧迫する
41	KOR	韓国	South Korea	東アジア	圧力上昇	若者協働が制度更新の小さな契機に	日米韓で若者AIスキル相互認証の枠組みを試験的に提案する	若者の自発的協働を政策資源として制度化を試みる	財閥・大企業優先構造が若者自律の実質的な制度化を阻む	52.0	60.0	86.0	28.0	90.0	55.0	82.0	22.0	韓国若者の協働活動が日本SNSで共感を呼び、地方若者に小さな連帯感が生まれる
41	PRK	北朝鮮	North Korea	東アジア	間接衝突	若者連帯の芽を情報工作で無力化する	若者共同プロジェクトを「体制に飼いならされた偽の連帯」と位置づけ、SNS経由で活動の無意味感・消耗感を拡散する情報工作を強化する	敵国の若者は制度に動員された活動で満足するふりをしているだけで、体制の矛盾は何も解決していない	実弾コスト高止まりは変わらず。若者希望の芽が広がると情報工作の効果が薄れるため、連帯への信頼感を削ぐ方向に資源を集中する	78.0	18.0	87.0	27.0	83.0	40.0	91.0	9.0	小さな連帯が希望の芽を作るが、活動は無意味という情報が同時に流れ、動いても変わらない疲弊感が若者に残る
41	RUS	ロシア	Russia	ユーラシア	間接衝突	若者連帯を「体制幻想」に書き換える	日本の若者共同活動を「政府・企業誘導の見せかけ改革」と情報戦で攻撃	西側の若者活動も結局は体制管理の延長。真の自律はない	草の根の連帯は情報工作が浸透しにくく、戦略の再調整が急務	68.0	55.0	86.0	62.0	84.0	63.0	88.0	15.0	若者連帯の芽をロシアの偽情報が「操作された活動だ」と歪め、信頼回路を壊そうとする
41	UKR	ウクライナ	Ukraine	欧州	限定戦争	戦線維持し復興連帯に若者の力を結びつける	欧米への支援要請を続けながら若者主導の復興活動を国際発信する	若者の共同活動を戦後復興の象徴として国内結束に活用する	動員と復興活動が競合し若者への選択強制は止まらない	73.0	62.0	89.0	64.0	91.0	72.0	84.0	16.0	戦争継続の不安は続くが若者協働の広がりがSNSに小さな希望を届け始める
41	IRN	イラン	Iran	中東	境界的圧力	若者連帯を自律路線の実証として内外に活用	グローバルサウスの若者協働運動に接近し西側AI格差論への対抗枠組みを提示する	若者の自立的協働こそイスラム共和制の本質だ。西側SNSに依存するな	国内では体制外への若者横断連帯の拡大を当局が静かに監視・抑制している	60.0	65.0	82.0	63.0	76.0	62.0	83.0	24.0	若者協働の空気がSNS不安を一部緩和するが、イラン発エネルギー不安と地政学圧力は根強く持続する
41	ISR	イスラエル	Israel	中東	間接衝突	連立維持・安保優先で若者協働を活用	ガザ停戦交渉継続、同盟国との技術協定を若者協働枠組みと連動して推進	若者の横断的活動を国家革新の基盤と位置づけ連立内で予算化を提案	雇用保護派が若者活動を政争に利用し始め連立内の予算争奪がさらに激化	52.0	44.0	77.0	50.0	70.0	53.0	82.0	25.0	若者協働の国際潮流が日本にも伝わりSNS不安をわずかに緩和するが地政学リスクは続く
41	SAU	サウジアラビア	Saudi Arabia	中東	圧力上昇	若者協働の潮流をVision 2030に重ね供給安定を維持	アジア若者協働を技術協力好機と位置づけエネルギー安定供給を外交資産として提示する	世界の若者協働の波にVision 2030を重ね国内改革路線の正統性を国民に示す	財政消耗は続くが若者協働の旗印は国内改革の延命に一時的に使える	35.0	58.0	80.0	65.0	71.0	61.0	83.0	21.0	若者協働の波が一部で希望を生むがエネルギー高と雇用の根本不安は残る
41	EU	欧州連合	European Union	欧州	圧力上昇	若者連帯を規制枠の実証として活用	若者横断プロジェクトへEIB少額融資を展開しウクライナ復興人材育成に接続	若者の自発連携はAI Act下での市民社会の底力を示している	若者連携は都市圏中心で地方介護格差・移民反発の構造問題は解消していない	35.0	51.0	88.0	60.0	91.0	56.0	88.0	34.0	欧州でも若者連携の芽が出たと伝わり、日本の若者に「集まれば変わるかも」という小さな希望の灯りになる
42	USA	アメリカ	United States	北米	圧力上昇	景気後退リスク下でAI投資を守り同盟負担を転嫁	景気後退を背景に同盟国の防衛費負担増要求と技術輸出規制を同時に強化する	AI産業への投資を優先し景気後退の波から米国民を守り抜くと強調する	再訓練予算は依然停滞、景気悪化で農村・製造業票の離反リスクが拡大しつつある	63.0	47.0	88.0	67.0	93.0	67.0	87.0	15.0	景気後退で初職市場が冷え込み、米からの負担転嫁要求が若者の将来不安をさらに押し上げる
42	CHN	中国	China	東アジア	境界的圧力	景気後退を内需転換と党主導雇用安定の好機とする	景気後退局面で日本市場への技術輸出を強化し影響力を維持する	世界景気後退でも党が雇用と生活を守る内需強化路線を堅持する	輸出減速で財政収入が圧迫され若者失業率の上昇を抑制しきれない	74.0	30.0	92.0	78.0	89.0	84.0	88.0	13.0	景気後退で中国発の雇用不安が日本にも波及し若者の就職市場が二重の圧力を受ける
42	JPN	日本	Japan	東アジア	境界的圧力	景気後退に構造的無策が露呈する岐路	同盟国に景気協調を求めるも財政制約で具体的貢献提示が困難	景気後退対応を検討中だが財源なく若者への具体策は見えない	税収減確実で防衛費・福祉・若者支援の三重競合が限界を超える	64.0	58.0	96.0	72.0	99.0	80.0	90.0	4.0	就職氷河期再来の不安がSNSに広がり将来設計を描けない若者が増加する
42	TWN	台湾	Taiwan	東アジア	境界的圧力	景気後退下でも半導体優位で存続基盤を守る	米日と半導体備蓄・輸出調整の景気協調枠組みを構築する	景気後退でも半導体産業が雇用の要であり政府は維持に全力を尽くす	輸出減速と安保費で財政が逼迫し若者支援との競合が深刻化する	70.0	69.0	89.0	73.0	84.0	77.0	91.0	19.0	景気後退と台湾安保不安の二重圧力が就職氷河期感と将来設計の諦めを若者に広げる
42	KOR	韓国	South Korea	東アジア	圧力上昇	輸出防衛と若者雇用の綱渡り	米国に半導体輸出規制緩和を打診し対中依存を部分縮小する	景気後退でも半導体雇用を守り若者支援を維持すると訴える	財閥優先構造では若者雇用は守られず政権正統性が揺らぐ	55.0	63.0	90.0	30.0	93.0	61.0	87.0	20.0	韓国の輸出減速が日韓サプライチェーンに波及し日本若者の就活不安を増幅する
42	PRK	北朝鮮	North Korea	東アジア	間接衝突	世界不況を資本主義崩壊の証拠として使う	世界景気後退を資本主義の必然的失敗と喧伝し、日本若者の就職不安に乗じた情報工作を強化する	資本主義諸国の若者が景気後退で苦しんでいる。我が体制の正当性が証明された	中国経済減速で援助縮小の懸念あり。ただし情報工作は安価で、日本若者の不安増大が千載一遇の機	76.0	16.0	92.0	25.0	87.0	44.0	94.0	7.0	景気後退が就職不安を直撃し、努力は無意味という情報工作と重なり若者の無力感が深刻化する
42	RUS	ロシア	Russia	ユーラシア	間接衝突	景気後退で西側崩壊の証明を拡散	世界不況兆候を増幅し日本SNSで政府不信と諦念を煽るキャンペーン展開	西側経済の失敗は体制的優位の明証。国内引き締めと戦時経済を継続	制裁下の景気後退は国内財政を圧迫し、戦争継続費用と競合が深刻化	70.0	57.0	90.0	61.0	87.0	67.0	92.0	12.0	世界不況の恐怖にロシアの情報工作が乗り、若者の将来不安とシステム不信が加速する
42	UKR	ウクライナ	Ukraine	欧州	限定戦争	西側支援維持を最優先し財政危機に抗戦する	景気後退下の同盟国に支援継続を訴え復興投資の経済的意義を強調する	世界不況でも支援は続く。戦争終結が復興と経済回復の唯一の道だ	景気後退で援助国の国内世論が厳しくなり支援減額リスクが急増している	75.0	61.0	91.0	63.0	93.0	74.0	86.0	14.0	戦争継続と世界不況の二重圧力が日本の若者の将来設計をさらに圧迫する
42	IRN	イラン	Iran	中東	境界的圧力	経済圧迫に国内正統性強化で応じる	グローバルサウスへの接近を深め、景気後退を西側秩序の失敗として対外宣伝する	制裁と不況は西側の陰謀だ。自立経済で乗り越えよ	原油収入減と若者失業で体制への不満が高まり当局は警戒を強めている	63.0	68.0	85.0	63.0	78.0	65.0	86.0	22.0	世界景気後退がエネルギー不安と就職悲観を重ね、若者のSNS不安が一段と増幅する
42	ISR	イスラエル	Israel	中東	間接衝突	安保優先・景気後退対応に苦慮	ガザ停戦交渉を維持しつつ景気後退下で技術輸出と防衛産業を優先確保	景気後退でも安保と技術競争力は維持する、生活支援も継続	連立内で景気対策費と防衛費の配分争いが激化し財政選択が急迫	53.0	42.0	80.0	52.0	73.0	56.0	84.0	23.0	景気後退でIT求人減少し若者の就活不安が拡大、イスラエル発の地政学リスクも継続
42	SAU	サウジアラビア	Saudi Arabia	中東	圧力上昇	景気後退下で減産し価格防衛を優先する	OPEC+協調減産で原油価格を下支えしつつアジア向け安定供給を外交資産として維持する	景気後退局面でも財政準備金とVision 2030の継続で国民生活を守ると内外に示す	原油需要減と減産コストの板挟みで財政消耗が進み改革余力が静かに削られる	37.0	62.0	84.0	63.0	74.0	65.0	86.0	18.0	景気後退と原油防衛価格が重なり若者の初職難と生活コスト高が同時に深刻化する
42	EU	欧州連合	European Union	欧州	圧力上昇	景気後退圧力に財政出動で応じ制度を守る	ECB協調とEU産業転換基金を拡充し加盟国の雇用下支えを急ぐ	景気の逆風は一時的。若者雇用と産業転換支援を最優先とする	ウクライナ支援と景気対策が財源を争い加盟国の亀裂が深まる	36.0	47.0	93.0	61.0	94.0	60.0	92.0	31.0	欧州景気悪化の報道が日本の就活市場にも影を落とし、若者の将来設計への不安を一段と深める
43	USA	アメリカ	United States	北米	圧力上昇	AI規制主導権を守り同盟に参加を迫る	独自AI安全基準を国際規範として押し出し、同盟国に枠組み参加と輸出管理順守を求める	米国主導のAI規制がグローバル標準になれば雇用と産業競争力を守れると強調する	テック企業は市場分断による収益損失を恐れ規制強化に抵抗、政権との摩擦が深まる	66.0	47.0	89.0	74.0	93.0	72.0	89.0	12.0	AI規制対応コスト増と輸出管理強化が若者の就職・技術選択肢をさらに狭める
43	CHN	中国	China	東アジア	境界的圧力	AI規制分断を好機に技術標準主導と自律強化を推進	AI国際規制混乱を好機に自国基準を途上国へ展開し半導体調達多元化を加速する	AI規制の西側混乱は技術覇権崩壊の証明。党主導技術自立で雇用と未来を守る	先端半導体の輸出制限が続き国内AI開発の速度と品質に構造制約が残る	76.0	30.0	90.0	83.0	88.0	83.0	87.0	11.0	AI規制の国際分断で企業投資が鈍り若者の就職市場に更なる不透明感が広がる
43	JPN	日本	Japan	東アジア	境界的圧力	AI規制分断で産業と同盟の板挟みに直面	米欧とAI規制協調を図りつつ中国向け輸出整合を後手で模索する	AI規制混乱の中でも国内企業の競争力と雇用安定に取り組む	規制対応の専門人材も財源もなく政策は後追いに終わる	66.0	56.0	94.0	80.0	97.0	84.0	89.0	5.0	AI就職先の規制リスクが不透明になり若者のキャリア設計がさらに描けなくなる
43	TWN	台湾	Taiwan	東アジア	境界的圧力	AI規制分断下でも半導体輸出優位を守る	米国AI規制枠組みに準拠しつつ輸出先の多元化で収益維持を図る	AI規制の国際分断は台湾半導体の不可欠性をむしろ高める機会だ	米中規制の板挟みで輸出管理コスト増、財政逼迫がさらに深刻化する	72.0	67.0	87.0	79.0	83.0	80.0	90.0	17.0	AIチップ調達が規制分断で複雑化し、IT就職やキャリア設計への不安が若者に広がる
43	KOR	韓国	South Korea	東アジア	圧力上昇	米中AI規制の狭間で半導体輸出路を守る	米国AI輸出管理に準拠しつつ中国向け出荷余地を水面下で模索する	規制対応コストは業界負担とし半導体雇用と若者就職枠は守ると説明する	財閥は米中どちらかを実質選択せざるを得ず政府は曖昧戦略で時間を稼ぐ	60.0	62.0	88.0	42.0	91.0	67.0	86.0	21.0	韓国の半導体輸出規制対応が日本の部品調達とIT若者就職見通しを揺さぶる
43	PRK	北朝鮮	North Korea	東アジア	間接衝突	AI規制混乱で反西側情報工作を拡大	AI規制の国際分断を資本主義崩壊の証拠として喧伝し、日本若者向けSNS情報工作を強化する	西側はAIでも分裂。我が体制の統制こそ正しい道だ	自国AI技術力は極めて低く実益薄い。情報工作コストは低く混乱便乗は安価	77.0	16.0	93.0	30.0	87.0	46.0	95.0	7.0	AI就職不安が規制混乱で増幅し、技術進路が見えない若者の無力感が深まる
43	RUS	ロシア	Russia	ユーラシア	間接衝突	AI規制分断を好機とした情報外交攻勢	AI規制分断に乗じ代替技術圏を提唱し西側内部亀裂を拡大する	西側AI覇権への対抗は正当化された。デジタル主権のため戦時経済を継続	制裁下の計算資源不足は深刻、財政は戦費と体制維持の競合で限界域	68.0	58.0	88.0	65.0	85.0	70.0	91.0	13.0	AI規制混乱にロシア情報工作が乗り、若者の技術不安と将来設計への不信が深まる
43	UKR	ウクライナ	Ukraine	欧州	限定戦争	西側AI連携を安保の柱に組み込み支援を繋ぐ	AI輸出管理の同盟国調整を利用し計算資源確保と復興支援の継続を同時に訴える	AI規制の混乱の中でも西側との技術連携は維持される。復興の道は閉じていない	AI規制論争が援助国の関心を逸らし支援維持の交渉コストが急増している	77.0	63.0	88.0	71.0	95.0	73.0	85.0	12.0	AI規制の国際分断と戦争長期化が重なり日本の若者の技術就職と将来設計の不確実性をさらに押し上げる
43	IRN	イラン	Iran	中東	境界的圧力	AI分断を戦略自律の好機と捉え動く	中ロとのAI技術協力を加速し、西側規制を覇権主義と対外宣伝する	AI分断は西側支配の終わり。自国技術路線を貫く	中国依存のAI調達は主権の幻で、制裁回避ルートも不安定	65.0	66.0	84.0	67.0	77.0	68.0	85.0	23.0	AI規制分断が半導体調達の不確実性を高め、若者の技術職就労不安に重なる
43	ISR	イスラエル	Israel	中東	間接衝突	技術主権防衛・AI規制対応を優先	AI規制分断を好機と見て米国・EU双方と技術輸出交渉を強化	AI規制混乱でも技術競争力と防衛産業は守る	AI輸出規制次第では技術収益が急減し財政圧力がさらに増大	55.0	43.0	82.0	60.0	75.0	62.0	87.0	21.0	AI規制分断でIT就活の不確実性が増し若者の将来設計が難しくなる
43	SAU	サウジアラビア	Saudi Arabia	中東	圧力上昇	AI規制分断を好機に技術投資を多元化する	米中AI規制の間隙でVision2030投資誘致を強化しアジア安定供給を外交資産として維持する	AI規制の分断を機に国内技術基盤を整備し体制と改革路線の両立を内外に示す	米中双方のAI規制ルールへの対応コストがVision2030の財政余力を静かに削っていく	38.0	60.0	83.0	68.0	73.0	68.0	88.0	20.0	AI規制分断で技術調達経路が不透明になり若者の就職先IT企業が投資判断を先送りする
43	EU	欧州連合	European Union	欧州	圧力上昇	AI規制主導を堅持し産業競争力との両立を模索	AI法を世界標準として押し出しつつ加盟国企業の規制負担軽減策を並行協議	AI法は市民を守る。規制こそが欧州の技術主権と競争力の基盤になる	AI規制強化で欧州企業は米中より重い準拠コストを負い競争で後れを取る	39.0	45.0	91.0	65.0	91.0	64.0	89.0	29.0	EU・AI規制と国際ルール分断が日本企業の欧州展開コストを押し上げ、若者の技術系就職の不透明感がさらに増す
44	USA	アメリカ	United States	北米	圧力上昇	AI人材育成を安全保障投資と位置づける	AI再訓練を国家安全保障の枠組みで国際提示し、同盟国に教育・技術協力への参加を求める	教育費問題はAI競争力問題だと訴え、連邦再訓練予算で若者の雇用不安に応えると強調する	教育予算と防衛費が競合し、テック企業はビザ拡大を優先して国内訓練投資に消極的	65.0	47.0	90.0	73.0	94.0	71.0	91.0	11.0	米国の教育政治化が輸出管理とAI人材政策に連動し、日本の若者の技術就職選択肢をさらに狭める
44	CHN	中国	China	東アジア	境界的圧力	教育費補助で正統性維持、技術人材確保に注力	教育補助拡充と留学規制で人材確保しつつ半導体調達多元化を継続する	教育費補助で若者の未来を党が守る。西側の学費高騰と失業は資本主義の末路だ	若者失業率が高止まりし、教育補助の財政負担増と先端半導体制限が二重に圧迫する	74.0	29.0	88.0	84.0	87.0	82.0	90.0	10.0	教育費政治化が日本にも波及し、奨学金負担を抱える若者のSNS不安が一層高まる
44	JPN	日本	Japan	東アジア	境界的圧力	教育費政治化で財政と若者支援が衝突	同盟国との経済安保を維持しつつ教育財源の国際比較を政策参照に加える	教育費負担軽減を公約に掲げるが具体的財源の提示が後手に回る	防衛費増額と教育費要求が重なり優先順位の決定が事実上麻痺する	65.0	57.0	95.0	79.0	98.0	83.0	92.0	4.0	大学進学・資格取得・結婚の費用不安が重なり若者の将来選択肢が消えつつある
44	TWN	台湾	Taiwan	東アジア	境界的圧力	教育費論争を抑えつつ半導体輸出維持を優先	AI規制分断下で日米欧への優先供給契約を確保し輸出基盤を固める	教育投資は次世代半導体人材への国家戦略だ、後退しない	教育費補助と防衛増強が財政を両側から圧迫し余力が消耗する	73.0	65.0	89.0	76.0	86.0	78.0	93.0	15.0	半導体就職への期待と教育コスト負担感が重なり、若者の将来設計不安がSNSで急拡大する
44	KOR	韓国	South Korea	東アジア	圧力上昇	教育費論争を若者投資と再定義し正統性を守る	半導体輸出管理を順守しつつ教育・再訓練予算を競争力政策と連動させる	進学・奨学金費用の政府負担増を発表し若者雇用不安と少子化を同時対策とする	財閥主導の雇用創出は限界で奨学金拡充は財政を圧迫するが選挙前は譲れない	61.0	62.0	89.0	42.0	93.0	67.0	88.0	20.0	韓国の教育費論争が日本のSNSに波及し進学コストと将来不安の議論を加速させる
44	PRK	北朝鮮	North Korea	東アジア	間接衝突	教育費危機を体制批判の武器に転用	奨学金・教育費危機を日本SNSで資本主義崩壊の証拠として拡散し若者の絶望を煽る	我が国の無償教育こそ正しい制度だ。資本主義は子供から教育を奪う	自国教育実態は宣伝と乖離大。ただし日本向け喧伝コストは低く格差便乗は安価	76.0	16.0	94.0	30.0	89.0	46.0	96.0	6.0	教育費政治化で出口感のない若者に体制不信・将来放棄・移住願望が広がる
44	RUS	ロシア	Russia	ユーラシア	間接衝突	教育費政治化を情報戦に転用	日本の教育費騒動に乗じSNS不安を増幅し政権不信を拡大する	西側の教育格差拡大が体制の正しさを証明する。戦時経済は継続する	財政はなお限界域。情報戦は低コストで西側を揺さぶる最良手段	70.0	57.0	86.0	63.0	87.0	69.0	94.0	11.0	教育費争点化に乗じた情報工作が若者の将来設計不信と政治不満を深める
44	UKR	ウクライナ	Ukraine	欧州	限定戦争	復興教育支援をフレームに援助継続を訴える	援助国の国内教育論争に復興支援を接続し関心維持を図る	西側の支援は続いている。若者の将来のための戦いを続ける	教育費論争で援助国の政治資本が内向きになり支援維持コストが増大	78.0	64.0	89.0	70.0	96.0	74.0	88.0	11.0	教育費政治化と戦争長期化が重なり日本の若者は将来設計と社会参画の両面で希望を失いやすい
44	IRN	イラン	Iran	中東	境界的圧力	教育不満を体制防衛に転用し内部統制強化	制裁を教育危機の原因と対外宣伝し、ロシア・中国との人材・教育協力を演出する	教育費高騰は西側制裁の結果。体制が若者を守る唯一の盾だ	財政に余裕なく教育支援は空約束。若者不満の蓄積が体制の脆弱点になる	66.0	65.0	83.0	66.0	78.0	67.0	86.0	22.0	中東不安と教育費政治化が重なり、日本の若者は就労・学費・将来設計の三重不安をSNSで共有する
44	ISR	イスラエル	Israel	中東	間接衝突	AI規制対応と教育費問題で国内分断管理	米・EU技術輸出交渉継続、教育・職業訓練で国際協力模索	技術力と次世代育成は安全保障の柱として守る	教育費政治化で防衛・技術予算が圧迫され財政の綱引きが深刻化	56.0	44.0	83.0	63.0	78.0	63.0	86.0	20.0	教育費政治化とIT産業再編が重なり、若者の就職・進学設計に不安が波及する
44	SAU	サウジアラビア	Saudi Arabia	中東	圧力上昇	教育投資外交で存在感を維持する	教育費政治化を奨学金外交の好機と捉えアジア向け技術人材獲得を強化する	教育投資はVision2030の核として国民の不満を改革期待へ転換する	Vision2030の財政余力が教育補助と防衛費の競合で静かに削られ続ける	40.0	58.0	82.0	65.0	76.0	66.0	90.0	18.0	サウジの奨学金外交強化で人材流出リスクが増し日本の若者の競争環境が変わる
44	EU	欧州連合	European Union	欧州	圧力上昇	教育投資を産業競争力と接続し共通政策化を推進	再スキル基金を拡充しAI産業競争力と教育支援の接続を加盟国に提示	学び直しは権利であり競争力の源泉。EUが教育費と格差を政策で補う	教育主権は加盟国にあり統一支援は限定的。南北財政格差が政治的火種として残る	38.0	45.0	89.0	64.0	88.0	63.0	92.0	27.0	EUの教育費政治化が国際議論を高め、日本の奨学金不備との比較がSNSで拡散し若者の不満が増幅する
45	USA	アメリカ	United States	北米	圧力上昇	SNS抗議を受け国内AI格差対応を強化	AI利益分配の国際枠組みを提案しつつ、輸出管理と技術覇権維持は譲らない	AI転換支援を拡充し若者の雇用不安に応えると明言するが、具体策は先送り	SNS圧力で国内演技が増えるが、テック企業優遇と防衛費優先は変わらない	64.0	46.0	92.0	73.0	95.0	70.0	94.0	10.0	米国発SNS抗議が日本若者に波及し、AI格差感と制度不信がさらに連鎖拡大する
45	CHN	中国	China	東アジア	境界的圧力	SNS統制強化と雇用補助拡充で正統性を二重防衛	SNSプラットフォーム規制を輸出し、台湾海峡緊張維持で国内の目を外に向ける	党は若者を守る。西側のSNS混乱は資本主義崩壊の証拠だ	SNS統制強化は技術コストと国際信頼を同時に損耗し、財政拡大余力も限界に近い	78.0	30.0	91.0	85.0	90.0	85.0	95.0	8.0	中国発のSNS不安波が日本の若者にも連鎖し、AI利益集中と雇用喪失への怒りが急拡大する
45	JPN	日本	Japan	東アジア	境界的圧力	SNS抗議を受け止めるも財政応答が事実上不能	G7枠組みで若者政策を議題化し国内抗議への対外的正当性として提示する	若者の声を真剣に受け止め、AI利益配分の制度的検討を直ちに開始する	財政余力はほぼゼロ。象徴的な委員会設置以外に即応できる手段がない	67.0	55.0	97.0	79.0	99.0	84.0	97.0	2.0	SNS抗議が制度要求に転化し、若者の政治的疎外と将来絶望感が同時急上昇する
45	TWN	台湾	Taiwan	東アジア	境界的圧力	SNS抗議を内包しつつ半導体安保を死守	AI利益集中批判を受けながら日米欧優先供給契約を維持し輸出基盤を守る	AI収益は国民へ還元する、若者支援拡充で抗議に応える	SNS圧力が半導体課税論に転化すると競争力と防衛投資が共倒れになる	75.0	64.0	91.0	74.0	87.0	81.0	95.0	13.0	台湾発SNS抗議波がAI利益集中批判を共鳴させ、日本の若者の不満も制度要求へと変わりつつある
45	KOR	韓国	South Korea	東アジア	圧力上昇	SNS抗議を制度改革機会と読み正統性防衛	AI利益の国内還元を訴え同盟国との技術分配協議に転換する	SNSの声を受け止め若者向けAI利益分配政策を緊急策定する	財閥・IT大手規制は雇用輸出に跳ね返るため実行力は限定的	63.0	62.0	92.0	44.0	96.0	69.0	95.0	17.0	韓国SNS抗議が日本若者のAI格差論争を刺激し制度不信と将来不安を連鎖させる
45	PRK	北朝鮮	North Korea	東アジア	間接衝突	SNS抗議を体制崩壊の証拠として活用	SNS抗議波を「資本主義の末路」と喧伝しAI利益集中批判に便乗して拡散する	日本の若者が街頭に立つ。資本主義の末路は制度崩壊と若者の絶望だ	自国では抗議そのものが禁止。ただし外向け情報戦コストは依然低い	75.0	16.0	93.0	28.0	90.0	45.0	98.0	5.0	有機的なSNS抗議に外部煽動が重なり、若者の制度不信とAI搾取感が臨界に近づく
45	RUS	ロシア	Russia	ユーラシア	間接衝突	SNS抗議を制度崩壊の証拠とする	日本の若者SNS抗議に乗じ民主主義制度の欺瞞を拡散し政権不信を深める	西側の若者が街頭に出た。資本主義の末期症状だ。ロシアの選択は正しかった	財政制約は続く。SNS情報工作は低コストで高効果の唯一の手段	72.0	55.0	89.0	63.0	89.0	69.0	96.0	9.0	SNS抗議波をロシアが増幅し、若者の制度不信と将来設計の崩壊感が加速する
45	UKR	ウクライナ	Ukraine	欧州	限定戦争	若者の怒りを復興正統性に接続し支援維持を図る	援助国の若者SNS抗議を復興雇用とリンクし、支援継続の国際的正統性を確保しようとする	世界の若者が声を上げる今こそ、連帯して未来を守る戦いを続ける	援助国内の若者抗議で政治家が内向きになり、支援予算の議会承認が不安定化	79.0	63.0	91.0	70.0	95.0	75.0	92.0	10.0	世界的若者SNS抗議とウクライナ戦争長期化が重なり、日本の若者の希望と参加意欲が同時に低下する
45	IRN	イラン	Iran	中東	境界的圧力	SNS監視強化で体制防衛を最優先	グローバルSNS抗議を西側扇動と断定しロシア・中国とデジタル主権連携を演出する	SNS上の扇動は外国工作。体制のみが若者の秩序と将来を守れる	SNS統制で不満を抑圧しても財政・信頼は底をつきつつあり長期持続不能	68.0	68.0	85.0	65.0	80.0	70.0	92.0	19.0	グローバルSNS抗議波とイラン不安が共鳴し、日本の若者の就労・将来不安がSNSでさらに増幅される
45	ISR	イスラエル	Israel	中東	間接衝突	SNS抗議拡大を抑制しつつ安全保障優先を維持	米欧技術同盟を維持しつつSNS規制・AI利益配分の国際協議に参加	SNS上の不満は理解するが安全保障と技術力が若者の未来を守る	SNS抗議が選挙圧力に転化し防衛・技術予算の見直しを迫られつつある	58.0	45.0	86.0	66.0	81.0	66.0	90.0	16.0	イスラエルIT・半導体供給網の不安定化とSNS抗議の連鎖が、日本の若者の就職・進学設計不安をさらに深める
45	SAU	サウジアラビア	Saudi Arabia	中東	圧力上昇	国内SNS圧力を吸収し石油外交で安定確保	増産抑制で原油価格を支え国内補助金の財政基盤を守る	Vision2030加速を訴えSNS不満を改革期待へ誘導する	SNS規制をすり抜ける若者の失業不満がVision2030遅延と重なる	42.0	62.0	80.0	63.0	78.0	65.0	94.0	15.0	世界SNS抗議がエネルギー高騰と重なり日本の若者の不満と不安を増幅させる
45	EU	欧州連合	European Union	欧州	圧力上昇	SNS抗議受け住宅とAI分配の制度対応を加速	AIガバナンス強化と若者住宅支援の共同声明を加盟国に発出し国際協調を示す	若者の声に応える。住宅・AI利益配分の制度改革を議会で優先する	加盟国の財政格差と規制温度差が統一対応を阻み声明と実施の乖離が拡大	40.0	46.0	91.0	65.0	89.0	63.0	95.0	24.0	EU若者抗議の国際報道が日本の住宅・AI格差問題と重なりSNSで比較拡散し閉塞感が連鎖する
46	USA	アメリカ	United States	北米	圧力上昇	東アジア抑止を強化し同盟国に即応要求	台湾・朝鮮半島へ前進展開強化、日本に防衛費増と半導体協力を要求	東アジア危機を安保優先の根拠に使い、国内AI格差論議を棚上げ	半導体戦略と軍需拡大が予算を食い、国内格差対応は後回しになる	72.0	52.0	91.0	80.0	95.0	76.0	93.0	8.0	東アジア緊張で半導体・安保不安が重なり、若者の将来不安がさらに深刻化
46	CHN	中国	China	東アジア	間接衝突	台湾海峡示威強化で正統性と威圧を同時演出	台湾海峡軍事演習を拡大し半導体輸出制限を外交圧力として運用する	祖国統一への意志は揺るがない。台湾は中国の核心的利益だ	軍事示威の長期化は経済消耗を深め国内雇用不満が限界に近づく	85.0	31.0	89.0	89.0	87.0	89.0	92.0	6.0	台湾海峡緊張で半導体不足と就職不安が連鎖し日本の若者の未来感情がさらに悪化する
46	JPN	日本	Japan	東アジア	境界的圧力	防衛要求と財政限界の板挟みで政策硬直	日米防衛協議を加速し半導体備蓄を安全保障政策として緊急提示する	東アジア情勢は深刻だが経済安全保障と若者雇用を並走して守る	防衛増額要求が若者支援予算を事実上消滅させる財政臨界に達した	79.0	63.0	97.0	89.0	99.0	91.0	98.0	1.0	台湾海峡リスクが半導体・就職・エネルギー不安を直撃し若者の未来感情が急落する
46	TWN	台湾	Taiwan	東アジア	間接衝突	抑止強化で半導体拠点防衛に集中	米軍合同演習を強化し日米欧への半導体供給継続を外交保証する	台湾海峡の緊張は高まるが産業と生活は必ず守り続ける	SNS抗議は安保名目で抑えられるが若者の経済不満は蓄積する	83.0	68.0	89.0	82.0	86.0	87.0	92.0	10.0	台湾有事リスクが現実感を増し、半導体・就職・有事不安が日本の若者に同時に圧しかかる
46	KOR	韓国	South Korea	東アジア	境界的圧力	同盟強化と半導体安保で国家構造を防衛	米韓同盟を強化し北朝鮮抑止と半導体輸出管理を安保と連動させる	半島リスク上昇に対し同盟と経済安保の両輪で国民生活を守る	財政は限界近く、北朝鮮対応と若者支援の同時実行は制度的に無理がある	76.0	68.0	87.0	61.0	94.0	79.0	91.0	13.0	半島緊張が日本の安保コストと半導体供給を直撃し若者の将来不安がさらに深まる
46	PRK	北朝鮮	North Korea	東アジア	限定戦争	ICBM挑発で交渉カードを最大化する	米韓合同演習を口実にICBM発射実験を実施し、対話拒否と核抑止強調を同時発信する	帝国主義の包囲に勝利する国防力を全民に示した。体制は揺るがない	ミサイル費用が食料・燃料を圧迫。民衆の静かな疲弊は制度記憶に蓄積中	88.0	18.0	88.0	38.0	91.0	55.0	95.0	4.0	ミサイル発射速報がAI失業不安と重なり、若者の将来設計意欲と防衛増税への怒りが同時に臨界点へ近づく
46	RUS	ロシア	Russia	ユーラシア	間接衝突	東アジア混乱で同盟崩壊を演出する	台湾海峡緊張を米同盟無力の証拠として拡散し日本の安全保障不信を増幅する	東アジアも不安定化した。西側の秩序は崩壊しつつある。我々の選択は正しい	財政制約は変わらず直接行動は不可。東アジア混乱は情報戦コストゼロの好機	76.0	58.0	91.0	79.0	91.0	77.0	94.0	7.0	東アジア緊張とロシア情報戦が重なり若者の安全・就職・将来への不安が同時に膨張する
46	UKR	ウクライナ	Ukraine	欧州	限定戦争	東アジア緊張を利用し欧州支援の優先維持を訴える	米欧に「太平洋へ軸足を移すな」と訴え、支援予算の競合を防ごうとする	世界が揺れる今こそ欧州の自由への支援を後退させてはならない	米国が台湾防衛に資源を移す兆しで、ウクライナ支援予算の議会優先度が下がりつつある	82.0	66.0	88.0	76.0	96.0	81.0	87.0	8.0	ウクライナ長期戦と東アジア緊張の二重圧力が、日本の若者の安全感と就労展望を同時に削る
46	IRN	イラン	Iran	中東	境界的圧力	東アジア混乱を好機に戦略的自律を強化	米国の東アジア注視の隙を突き制裁迂回輸出網を静かに拡大する	西側の混乱が体制の正当性をあらためて証明している	財政と国内不満は依然悪化中。緩み期を活かせるか不透明	66.0	64.0	83.0	58.0	79.0	67.0	87.0	21.0	東アジア緊張が優先されイランの直接圧力は一時緩和。若者の将来不安は重複して積み上がる
46	ISR	イスラエル	Israel	中東	間接衝突	技術同盟を維持し東アジア緊張を外交機会に活用	東アジア緊張を機に米欧との安保・技術協力を強化し中東での立場を維持	東アジア情勢が示す通り技術と安全保障こそ若者の未来を守る	米国の東アジア傾注でイスラエルへの直接支援が薄れる懸念がある	62.0	47.0	88.0	73.0	82.0	74.0	87.0	15.0	イスラエル発SNS不安と東アジア半導体供給二重圧力が日本若者の就労・進学設計不安を深める
46	SAU	サウジアラビア	Saudi Arabia	中東	圧力上昇	東アジア緊張を静観し原油主導権を守る	米中双方への中立維持で増産抑制継続、原油価格帯を防衛する	国際不安を好機に変えVision2030の資金基盤を強化する	中国需要減と米国圧力の板挟みが財政計画と改革日程を揺さぶる	46.0	68.0	78.0	67.0	75.0	68.0	88.0	13.0	エネルギー高と東アジア不安が重なり若者の就職・将来設計に影が深まる
46	EU	欧州連合	European Union	欧州	圧力上昇	半導体自給加速と東アジア安定を同盟国と訴求	台湾海峡緊張を受け域内半導体製造強化を宣言し米日との連携声明を発出する	東アジア不安に備えEUチップス法を前倒し実施し供給安定を確保する	EU Chips Actの工場建設が遅延中で宣言と実態の乖離が加盟国間の不信を深める	44.0	47.0	90.0	78.0	91.0	73.0	93.0	20.0	EU半導体自給宣言が台湾依存の日本供給不安と重なり若者のテック雇用不安をSNSで増幅する
47	USA	アメリカ	United States	北米	圧力上昇	対外強硬維持・国内公共危機対応へ転換	同盟国への要求継続、国内公共人材危機をAI・移民政策で吸収を図る	公共サービス不足はAIと移民改革で解決すると与党が主張	国内公共危機で政権支持が揺らぎ、対外強硬路線の優先調整が迫られる	70.0	52.0	93.0	79.0	96.0	74.0	94.0	7.0	米国内の公共危機が表面化し、若者は職と社会インフラ双方への不安をより強く感じ始める
47	CHN	中国	China	東アジア	間接衝突	台湾示威継続、国内サービス欠乏に財政投入	台湾海峡演習を維持しつつ半導体規制を対米交渉カードとして保持する	公共サービスに財政を投じ生活を守りながら主権防衛を継続する	サービス人材不足と軍事消耗が重なり国内不満の臨界点が近い	84.0	31.0	91.0	88.0	89.0	88.0	91.0	6.0	台湾緊張が続く中で中国国内の公共不安定が波及し日本の若者の就職・未来感情がさらに長期低下する
47	JPN	日本	Japan	東アジア	境界的圧力	公共サービス崩壊を防ぐ最終防衛線	AI活用と外国人材受入で公共サービス維持を国際協調で模索する	公共サービスは守る。AI補完と外国人材で現場を支える	財政と人口の壁で公共サービス縮小は不可避だが政府は認められない	78.0	62.0	98.0	87.0	99.0	93.0	99.0	1.0	医療・学校・行政の人手不足が日常に表れ若者の将来選択肢が狭まる感覚が強まる
47	TWN	台湾	Taiwan	東アジア	間接衝突	抑止継続・公共崩壊を内部優先で抑える	米台演習を継続し半導体拠点防衛と輸出保証を同盟国に再確認する	医療・行政の人手不足は認めるが安保優先で民間活用と自動化を進める	公共人材流出が若者の政権不信を高め安保名目の統制が限界に近づく	81.0	68.0	91.0	82.0	88.0	86.0	90.0	10.0	台湾有事が続く中、公共崩壊不安が日本の若者の就職・生活不安に重なり閉塞感を深める
47	KOR	韓国	South Korea	東アジア	境界的圧力	公共人材不足に技術補完を当て同盟安保を維持する	米韓連携でAI公共活用を推進し半導体輸出管理は安保と連動させ継続	公共サービス不足はAI補完で対応し半島安全保障と経済安保の両立を堅持する	財政は崩壊寸前で公共人材確保も若者支援も同時に動かす余地が実質ない	77.0	67.0	90.0	59.0	96.0	80.0	93.0	11.0	韓国の公共崩壊懸念が日本の半導体調達と安保コストに波及し若者の就労不安をさらに刺激する
47	PRK	北朝鮮	North Korea	東アジア	限定戦争	ICBM後の沈黙で交渉圧力を維持する	ICBM発射後の国際反応を観測しつつ制裁解除を対話条件として要求する姿勢を維持する	核抑止力の実証に成功。敵対勢力の譲歩を引き出す交渉力を全民が支えている	ミサイル費用と食料・燃料不足が同時悪化。医療・行政人材も枯渇し始めている	86.0	18.0	90.0	38.0	92.0	56.0	91.0	4.0	公共サービス人材不足の日本に北朝鮮脅威が重なり、若者の将来設計と防衛増税への怒りが臨界を維持する
47	RUS	ロシア	Russia	ユーラシア	間接衝突	公共崩壊論で西側体制失敗の証拠を補強する	日本の公共サービス不足をSNSで増幅し西側制度崩壊の証拠として拡散する	西側でも社会サービスが崩壊し始めた。我が国の選択は正しかった	財政制約と戦線固定で直接行動は不可。情報戦コストは依然ゼロ	74.0	61.0	94.0	79.0	93.0	76.0	96.0	6.0	公共崩壊論がSNSで拡散し若者の『国も将来も信頼できない』感が加速する
47	UKR	ウクライナ	Ukraine	欧州	限定戦争	支援国の内部疲弊を見越し優先確保を訴え続ける	欧州各国の人材不足・財政疲弊を把握しつつ、軍事支援削減を防ぐ外交を展開	欧州は困難でも支援の約束は続く。戦線を守ることが復興の前提だ	支援国の公共サービス崩壊が国内世論を内向きにさせ、ウクライナ優先度が静かに下がる	81.0	65.0	91.0	75.0	96.0	83.0	90.0	7.0	公共サービス崩壊感と戦争長期化が重なり、日本の若者の「将来の安心」が二重に削られる
47	IRN	イラン	Iran	中東	境界的圧力	公共崩壊を体制優位の証拠に転用	西側の公共サービス危機を体制優越の根拠として国際発信し迂回輸出網を維持	西側の公共崩壊が我々の体制の正しさをあらためて証明している	国内医療・行政も逼迫中。財政悪化と不満蓄積が体制を内側から浸食しつつある	64.0	63.0	82.0	57.0	80.0	66.0	89.0	19.0	公共不足の世界連鎖が重なり若者の将来設計不安は深刻化。イラン直接圧力は小幅横ばい
47	ISR	イスラエル	Israel	中東	間接衝突	AI自動化で人材不足を補い安全保障優位を維持	公共人材不足を機にAI行政・防衛自動化を輸出外交の柱として米欧と連携深化	AI技術が人手不足を補う。技術立国こそ安全保障と生活基盤の両輪だ	軍需と公共サービスが同一人材プールを奪い合い、国内疲弊が選挙圧力に転化しつつある	64.0	44.0	86.0	68.0	81.0	71.0	86.0	17.0	イスラエル発AI自動化競争が日本の公共人材・IT人材市場を収縮させ若者の就職不安を増幅する
47	SAU	サウジアラビア	Saudi Arabia	中東	圧力上昇	エネルギー優位で人材不足時代の主導権維持	増産抑制継続、自動化需要増を見据えエネルギー価格帯を防衛する	人材不足を技術転換の好機としVision2030雇用創出を加速する	外国人労働依存の公共インフラが財政配分と改革日程に摩擦を生む	45.0	71.0	81.0	69.0	77.0	67.0	87.0	11.0	公共サービス空白とエネルギー高が重なり若者の生活実感の悪化が加速する
47	EU	欧州連合	European Union	欧州	圧力上昇	公共サービス危機対応とAI規制加速	日本を含む同盟国に労働力不足対応モデルの知見共有を呼びかける	公共サービス人材不足はAI移行期の摩擦として補助金と再訓練で対処する	Chips Act遅延と移民受け入れ政治摩擦が重なり加盟国合意形成が困難	42.0	46.0	88.0	74.0	89.0	70.0	91.0	24.0	EU公共人材不足の映像がSNSで拡散し日本の若者に「仕事が消える」不安を伝播させる
48	USA	アメリカ	United States	北米	圧力上昇	社会分岐を抱えつつAI経済路線堅持	同盟負担要求は継続、国内分断対処にAI政策を優先活用	AI移行の恩恵は全員に届く、離脱層への再訓練支援を拡充	諦念層の政治離反が与党支持を侵食し対外強硬路線の維持が困難化	72.0	52.0	93.0	78.0	96.0	74.0	95.0	6.0	米社会分岐が同盟政策の一貫性を揺るがし、日本の若者に安全保障と雇用の将来不安が同時に重なる
48	CHN	中国	China	東アジア	間接衝突	国内分岐抑制を優先、台湾示威は継続	台湾海峡演習を維持しつつ国内統合プロパガンダを一段強化する	社会の結束を守り外圧に揺れない安定した発展を確保する	社会分岐が可視化され体制正統性維持コストが急上昇している	83.0	30.0	93.0	87.0	88.0	91.0	94.0	5.0	中国の社会分断と統制強化が連鎖し日本の若者の就職と未来感情をさらに長期圧迫する
48	JPN	日本	Japan	東アジア	境界的圧力	制度更新参加層を軸に構造再生を試みる	AI人材育成と国際協調で参加層の就業機会を海外とも連携して確保する	制度に関わる若者を支援する。諦念層への回路も探る	財政も人口も限界で離脱層を回収する余力は実質ない	79.0	62.0	95.0	86.0	99.0	92.0	99.0	2.0	制度に参加する若者と離脱する若者の格差が可視化され社会分断の感覚が日常化し始める
48	TWN	台湾	Taiwan	東アジア	間接衝突	分岐統治危機を認識しつつ抑止継続	半導体輸出保証を同盟国に再提示し社会安定への国際協力を要請する	制度参加層を支援しながら離脱層への生活保障を拡充し社会統合を維持する	離脱層の拡大が兵役と公共維持を脅かし政権正統性の侵食が加速する	82.0	67.0	93.0	83.0	90.0	85.0	93.0	10.0	台湾内部の諦念層拡大が日本の若者の「変わらない」感覚と重なりSNS上で閉塞感を強める
48	KOR	韓国	South Korea	東アジア	境界的圧力	社会分断抑制と同盟安保の両立を堅持	米韓安保連携を維持しながら半導体輸出管理継続と社会統合外交を並走させる	制度参加を選ぶ若者を支援し分断を縮小する社会統合策を進める	財政は底をつき分断修復に動かせる政策余力は名目上しか残っていない	78.0	66.0	92.0	57.0	97.0	82.0	95.0	10.0	韓国の社会分断可視化が日本の半導体調達不安と若者の諦念感を同時に刺激する
48	PRK	北朝鮮	North Korea	東アジア	限定戦争	沈黙外交と内部統制の二正面を維持	制裁解除要求を継続しつつ中ロ補填ルートを静かに拡大する	核保有地位確立。敵は今や交渉に応じるほかない	三重不足（食料・燃料・医療）で行政末端が機能不全化	84.0	18.0	88.0	40.0	90.0	55.0	90.0	5.0	北朝鮮沈黙が続き、社会分岐と増税圧力が若者の将来設計を圧迫する
48	RUS	ロシア	Russia	ユーラシア	間接衝突	社会分岐を拡大し諦念層を制度外へ誘導する	日本SNSで『制度参加は無意味』を諦念層に浸透させ分岐を固定化する	西側社会は内部から自壊している。我々の路線が正しいと証明された	戦線固定と財政制約が続く。情報戦は低コストで最大効果を持つ唯一の手段	73.0	62.0	90.0	78.0	91.0	74.0	95.0	7.0	社会分岐に乗じた情報戦が、諦念層の若者を制度ごと不信任へ固定化しようとする
48	UKR	ウクライナ	Ukraine	欧州	限定戦争	社会分断を封じ込めつつ前線維持を最優先する	支援国の内向き世論に抗い首脳直接外交と議会ロビーを同時展開	諦念は敗北と同義。戦線を守ることだけが復興の扉を開く	厭戦層の拡大が徴兵補充と内政安定を静かに侵食しており制御限界が近い	83.0	64.0	92.0	74.0	96.0	84.0	92.0	6.0	戦争4年目の社会分断映像が日本の若者に制度不信と静かな諦念を植え付ける
48	IRN	イラン	Iran	中東	境界的圧力	社会分岐を体制正統化の根拠に転用	世界の社会分岐を体制優越の証左として国際発信、制裁迂回路で自給維持	社会の分断は西側の失敗の証明。結束する者だけが未来を持てる	国内でも諦念・離脱層が拡大中。体制参加者と離反者の分岐が財政悪化を加速させる	63.0	62.0	85.0	58.0	82.0	67.0	91.0	18.0	世界的社会分岐がSNSで伝播し日本若者の諦念層を拡大。将来設計放棄の波が加速する
48	ISR	イスラエル	Israel	中東	間接衝突	制度参加層を動員し離脱層封じ込め安保優位を維持	AI防衛輸出継続、同盟技術協力を国民に可視化し国内結束を演出する	技術の成果は生活に還元される。離脱は敵に塩を送ることになる	社会分岐で連立基盤が流動化し選挙前の財政出動圧力が急激に膨らんでいる	67.0	45.0	89.0	71.0	85.0	74.0	90.0	14.0	国内分岐がイスラエル技術輸出を不安定化させ日本若者のAI雇用不安をさらに深める
48	SAU	サウジアラビア	Saudi Arabia	中東	圧力上昇	分岐する国民層を改革側に誘導し体制維持を図る	増産抑制継続し収益を改革参加層の優遇財源に充て求心力を保つ	Vision2030の恩恵は改革に参加した者から順に届けられる	諦念・離脱層の拡大は若年失業とインフラ空洞化を招くが公言できない	47.0	73.0	80.0	68.0	76.0	66.0	84.0	12.0	エネルギー高に社会分断シグナルが重なり若者の将来不安がさらに深まる
48	EU	欧州連合	European Union	欧州	圧力上昇	社会分岐対応と制度参加の呼びかけ強化	日本と共にAI規制・社会安全網の国際基準策定を加速する	制度に参加する市民には移行支援を拡充し、分断を防ぐ	離脱・諦念層の拡大は選挙リスクになるが補助金原資が枯渇しかける	44.0	46.0	90.0	72.0	87.0	68.0	93.0	23.0	EU社会分岐の映像がSNSで拡散し「制度参加しても意味ない」感覚を日本の若者に伝播させる
49	USA	アメリカ	United States	北米	圧力上昇	構造持続制度化を国内緩衝策として活用模索	同盟負担要求を維持しつつ制度化議論で国内再結束を図る	構造持続活動への報酬制度でAI移行の痛みを全員で分かち合う	財政余力不足で制度化の実効性は低く諦念層の離反継続リスク大	70.0	50.0	88.0	76.0	95.0	71.0	89.0	9.0	米国内の制度化議論が緩衝を微改善するが、同盟負担要求継続で日本の若者の雇用・安保不安は依然高い
49	CHN	中国	China	東アジア	境界的圧力	国内制度化で正統性回復、示威は継続	台湾演習を低強度維持しつつ国内ケア制度化政策を対外比較枠で宣伝する	社会持続と国家発展は一体。制度化こそ安定の基盤と国民に示す	制度化は正統性演技に過ぎず社会分岐と雇用不安は依然深刻で財政余力が細る	78.0	28.0	87.0	84.0	82.0	86.0	87.0	13.0	中国の制度化転換が圧力を一時緩和するが台湾緊張と供給不安は若者感情を引き続き抑圧する
49	JPN	日本	Japan	東アジア	境界的圧力	構造活動報酬化を制度化の賭けとして試みる	国際機関と協調し構造持続制度の設計知見を取り込む	地域ケア・教育接続活動を報酬化する制度案を与党内で検討中	財政逼迫で制度化されても予算付かず空洞化する懸念が強い	78.0	62.0	92.0	86.0	99.0	91.0	93.0	6.0	報酬化議論が届くが財源論が先行し期待と失望が交錯し体感変化は薄い
49	TWN	台湾	Taiwan	東アジア	間接衝突	制度化議論を活用し離脱層の再統合を図る	構造持続制度案を同盟国と共有し半導体供給継続と社会安定支援を並行要請する	制度化議論を通じ離脱層への報酬制度を拡充し参加感を再構築する	制度化に予算が必要で財政余力はなく国防費との競合が深刻化する	80.0	65.0	88.0	82.0	92.0	84.0	88.0	15.0	台湾の制度化議論が日本の若者に薄い希望を与えるが構造的不安は根強く残る
49	KOR	韓国	South Korea	東アジア	境界的圧力	制度化議論を若者雇用と社会統合に接続	構造持続制度化の国際議論に参与し半導体人材育成を同盟国と連携する	ケア・教育接続を報酬化し若者の社会参加出口を制度的に確保する	制度化の財政原資がなく参加表明は政治シグナルに留まる	75.0	66.0	88.0	56.0	97.0	80.0	91.0	13.0	韓国の制度化参加表明が半導体調達不安をわずかに緩和するが若者の諦念感は続く
49	PRK	北朝鮮	North Korea	東アジア	限定戦争	内部引き締め深化、対外沈黙を継続	中ロ物資補填ルートを多様化し制裁回避を実質拡大する	強国建設は揺るがない。外圧は抑止力で封じている	食料・燃料・医療の三重枯渇が末端行政を侵食し続ける	82.0	18.0	85.0	40.0	88.0	52.0	86.0	10.0	PRK沈黙が続く中、制度化議論が緩衝余力をわずかに回復させる
49	RUS	ロシア	Russia	ユーラシア	間接衝突	制度化を偽の希望と断定し諦念を固定化する	日本SNSで制度化を『監視と偽の機会』と演出し不信を増幅する	西側の制度化は崩壊の隠蔽工作。我々の自立こそが真の答えだ	情報戦の効果が制度化で希薄化するリスク。新制度攻撃に戦術転換	72.0	62.0	86.0	77.0	89.0	73.0	96.0	12.0	制度化の希望に対し『偽物』の物語を注入し、若者の新制度への信頼を削ごうとする
49	UKR	ウクライナ	Ukraine	欧州	限定戦争	復興制度化を外交資源に転じ消耗戦を継続	国際社会の制度化議論を支援継続の根拠として首脳外交と議会ロビーに同時投入	復興設計の具体化こそが戦い続ける意味の証明であり諦念を拒む根拠だ	5年目で厭戦・徴兵忌避・制度疲労が重なり制御限界がいよいよ視野に入っている	85.0	63.0	92.0	74.0	94.0	83.0	91.0	7.0	戦争5年目の長期化と復興制度化の空虚さが日本の若者の制度不信と静かな諦念を固定化する
49	IRN	イラン	Iran	中東	境界的圧力	制度化議論を体制優越論に接続	構造持続制度化を「西側の亀裂」として外交発信、エネルギー路の交渉圧力維持	世界はイランが先行した共同体制度に追いついている。我々の路線が正しかった	国内離脱層への実益還元なしでは正統性言説だけでは保たない。財政悪化継続	61.0	64.0	83.0	55.0	80.0	64.0	86.0	21.0	世界的制度化議論が若者の視野を広げる一方、イラン発の地政学緊張で将来不安は続く
49	ISR	イスラエル	Israel	中東	間接衝突	制度化議論を安保正統性強化の材料に転用し選挙前連立を安定化	AI防衛輸出継続し構造持続制度をモデルケースとして同盟国に提示する	ケア・教育の報酬化は安保と生活を両立する制度革新の証明だ	選挙前の制度競争で各党が給付膨張を競い財政余力がさらに圧縮される	64.0	43.0	85.0	68.0	84.0	71.0	86.0	18.0	制度化議論がイスラエル技術輸出を一時安定させ日本若者のAI雇用不安をわずかに緩和
49	SAU	サウジアラビア	Saudi Arabia	中東	圧力上昇	構造活動報酬化議論を改革正統性の補強に活用	国際的な構造持続活動制度化議論にVision2030改革を接続し対外発信を強める	構造を担う若年層こそ改革の前線にある。報酬化は我々が先行している	議論が制度化すれば離脱層を回収できるが石油収益依存の本質は変わらない	45.0	70.0	76.0	67.0	73.0	63.0	80.0	16.0	改革正統性安定でエネルギー急騰不安はやや和らぐが若者の根本的閉塞感は続く
49	EU	欧州連合	European Union	欧州	圧力上昇	構造維持活動の制度化で社会統合を試みる	日本・英国と連携し構造維持活動の国際報酬基準を共同設計する	ケア・地域活動を正式報酬化し、離脱層の再参加を促す	補助金原資の枯渇リスクが高く制度設計が財政制約に直面する	43.0	45.0	83.0	70.0	88.0	66.0	86.0	30.0	EUの制度化モデルが参照され、日本でも「活動に報酬を」という議論が若者層に広がる
50	USA	アメリカ	United States	北米	圧力上昇	AI第二波を競争力として推進し制度緩衝で国内離反を抑制	同盟国へAI協力要請を強化しつつ先端技術輸出規制を継続維持	AIが雇用を変えても技術覇権と移行支援が米国全体を守る	現場・管理職層の雇用喪失で中間層離反が加速し財政手詰まり深刻	73.0	50.0	93.0	79.0	96.0	73.0	93.0	8.0	米主導AI第二波が日本の管理・営業職も直撃し若者の就職不安が急拡大する
50	CHN	中国	China	東アジア	境界的圧力	AI自動化を国家主導で統制し正統性維持	AI産業政策で雇用保護を図りつつ台湾海峡演習を低強度継続する	AI化は国家主導で制御する。技術発展は人民のためにある	認知労働のAI代替が雇用約束を崩し国内矛盾が財政圧力を加速する	80.0	29.0	91.0	85.0	85.0	87.0	90.0	11.0	中国のAI自動化が供給網再編を加速し日本の若者は雇用不安と価格変動の二重圧力にさらされる
50	JPN	日本	Japan	東アジア	境界的圧力	AI第二波に対し再教育と構造報酬を緊急制度化へ	G7でAI雇用移行の国際基準設計に主導参加する	AI代替が管理・営業にも広がり雇用危機として速やかに対応する	財政は限界で再教育の実効性に経団連との調整が難航する	76.0	61.0	96.0	88.0	99.0	89.0	96.0	4.0	AI第二波で就職・昇進ルートが不透明になり若者の将来設計が崩れ始める
50	TWN	台湾	Taiwan	東アジア	間接衝突	半導体優位を守りAI波へ適応	同盟国へのAI半導体供給を優先しつつ台海警戒態勢を維持する	AI第二波への適応支援と防衛態勢強化を同時に進める	AI適応予算と国防費が競合し財政余力はほぼ枯渇している	83.0	68.0	90.0	86.0	94.0	86.0	91.0	13.0	台湾半導体の需要急騰で供給不安が増し日本若者の技術・雇用不安がさらに高まる
50	KOR	韓国	South Korea	東アジア	間接衝突	半導体強化で雇用崩壊に抗うが財政限界圏	AI自動化対応で同盟国に人材転換協議を要請し半導体輸出規制緩和を要求する	AI代替職種に転職支援と緊急給付を表明するが財源は未確保のまま	第二波の規模が想定を超え財政と政治資本が同時に枯渇しつつある	73.0	64.0	94.0	61.0	98.0	83.0	95.0	10.0	韓国の雇用崩壊がSNSで拡散し日本の若者の将来諦念をさらに深める
50	PRK	北朝鮮	North Korea	東アジア	限定戦争	沈黙継続、補填ルートで内部統制を維持	中露補填ルート多様化を継続しAI混乱期の外交余地を静観する	先進国AI混乱が強国路線の正しさを証明している	三重枯渇は続き末端統制の亀裂が広がるが対外発信余力はない	79.0	17.0	83.0	37.0	86.0	49.0	83.0	12.0	PRK沈黙継続でSNS不安はやや緩むが、AI失業不安と複合し若者の疲弊感が累積する
50	RUS	ロシア	Russia	ユーラシア	間接衝突	AI自動化不安を情報戦に転用し社会分断を深化	日本SNSでAI失業恐怖を『西側資本の搾取』と演出し若者を煽る	西側AI支配が労働者を破壊する。我々は自国技術で守る	国内でも自動化失業圧力あり。外向け情報戦で国内矛盾を転嫁	74.0	58.0	93.0	79.0	88.0	72.0	98.0	9.0	AI第二波の就職恐怖に『西側技術は若者を捨てる』の物語が重なり無力感が急上昇
50	UKR	ウクライナ	Ukraine	欧州	限定戦争	AI復興戦略で支援継続の新根拠を提示	AI活用スマート復興計画を国際会議で打ち出し支援疲れを抑制しながら防衛供与の継続を要求	AIが奪う雇用は復興が生む。戦い続けることが未来の雇用の種だと若者に伝える	AI自動化で同盟国世論が内向きになり援助の政治コストが静かに上昇している	86.0	64.0	94.0	76.0	95.0	85.0	93.0	6.0	戦争長期化とAI自動化の同時進行が日本の若者の就労不安と静かな国際無力感を深める
50	IRN	イラン	Iran	中東	境界的圧力	AI自動化を体制批判の道具に転換	AI雇用崩壊を「資本主義の失敗」として外交発信、エネルギー路の交渉圧力を維持	AIが西側の労働者を切り捨てる。イランの共同体路線こそが答えだ	国内でもAI失業が拡大するが計算資源不足で体制側に対応策がない	62.0	67.0	86.0	58.0	79.0	65.0	88.0	19.0	AI失業不安とイラン発エネルギー緊張が同時に高まり若者の将来展望を二重に圧迫する
50	ISR	イスラエル	Israel	中東	間接衝突	AI第二波を安保技術優位に転換し選挙前連立の求心力を維持	AI自動化第二波を好機に防衛AI輸出を加速し同盟国に統合安保モデルを提示	AI代替は脅威でなく安保産業が新雇用を生む国家革新の証拠だ	管理・営業職のAI代替で中産層不満が膨らみ選挙前連立維持が綱渡りになる	66.0	42.0	89.0	71.0	85.0	73.0	89.0	17.0	イスラエル発AI軍事技術拡散が日本の管理・営業職代替不安をSNS経由で増幅する
50	SAU	サウジアラビア	Saudi Arabia	中東	圧力上昇	AI波に揺れるが石油収益で改革正統性を守る	OPEC+協調維持とGCC圏へのAI投資誘致で非石油移行路線を死守する	AI自動化は脅威でなく改革加速の機会、政府主導で職種転換を主導する	非石油雇用創出がAI代替に侵食され若年失業リスクが静かに高まる	46.0	74.0	79.0	69.0	74.0	66.0	84.0	14.0	SAUの増産抑制継続と世界AI自動化波が重なり日本若者のエネルギー負担と就労不安が同時上昇する
50	EU	欧州連合	European Union	欧州	圧力上昇	AI第二波に規制と移行支援で対応する	G7・日本と協調しAI導入速度の国際規制枠組みを緊急提案する	AI第二波で雇用が揺らぐが移行基金と規制で構造を守る	移行基金の財源が底をつきつつあり加盟国合意も不安定になっている	45.0	44.0	89.0	73.0	91.0	68.0	92.0	27.0	EUの規制論が加速し、管理職・営業職まで自動化という不安が日本の若者のSNSで一気に拡散する
51	USA	アメリカ	United States	北米	圧力上昇	AI主権優先し出生低下は個人選択と距離を置く	同盟国AI共有条件を細分化し技術主権の防衛ラインを堅持	出生は個人の選択。AI機会拡大が若者の将来を開く	出生・住居・雇用の複合不満が若年中間層の制度不信を深化	73.0	50.0	94.0	79.0	97.0	74.0	95.0	7.0	米国の出生低下放置がSNSで拡散し日本の若者に「制度は諦めた」感を増幅する
51	CHN	中国	China	東アジア	境界的圧力	出生率危機と雇用不安を結びつけ体制正統性を防衛	半導体規制に対抗しつつ内需刺激と出生支援で国内正統性を優先する	国家が住宅・育児・雇用を一体支援し若者の将来を保障する	少子化と自動化失業が同時進行し財政と正統性の複合危機が深化する	82.0	30.0	93.0	85.0	88.0	88.0	93.0	10.0	中国の人口危機と自動化が連動し日本の若者は将来不安と供給網不安を同時体験する
51	JPN	日本	Japan	東アジア	境界的圧力	少子化危機認定と財政限界の板挟み	G7でAI雇用と少子化を同一課題として国際連携を訴える	出生意向低下を国家危機と認定し緊急少子化対策を強化する	財政は枯渇寸前で実効的な少子化対策の財源が存在しない	75.0	61.0	97.0	87.0	99.0	88.0	98.0	3.0	出生意向低下が可視化され将来絶望感が広がり制度不信がさらに深まる
51	TWN	台湾	Taiwan	東アジア	間接衝突	財政限界下で半導体優位と存続を維持	同盟向け半導体供給継続と台海警戒を維持しつつ財政再建を模索する	AI波対応と安全保障は維持するが財政は限界に近づいている	出生低下と財政枯渇が重なり次世代技術投資の余力が消えつつある	82.0	67.0	88.0	85.0	94.0	84.0	91.0	13.0	台湾半導体は供給を維持するが財政危機が続けば将来の安定確保に不安が残る
51	KOR	韓国	South Korea	東アジア	間接衝突	財政崩壊寸前で少子化対策も形だけ	半導体収益を少子化財源に充てると宣言するが市場の信頼は得られていない	出生率最低更新受け緊急対策パッケージを発表するが財源の根拠は示せず	対策財源を生む余力すらなく制度正統性の崩壊が秒読み段階に入った	74.0	64.0	96.0	60.0	98.0	82.0	97.0	9.0	韓国の出生率崩壊がSNSで拡散し日本の若者が未来設計を諦める連鎖を加速する
51	PRK	北朝鮮	North Korea	東アジア	限定戦争	内部亀裂を隠蔽し外向け沈黙を維持する	中露補填ルートを堅持しつつ日本少子化報道を宣伝素材として静観する	日本の少子化崩壊こそ強国路線の正しさを証明している	三重枯渇と末端統制亀裂は進行中で対外行動を起こす発信余力はない	76.0	17.0	85.0	37.0	87.0	49.0	80.0	11.0	PRK沈黙が続く中、少子化報道が若者の将来不安を可視化し疲弊感がさらに累積する
51	RUS	ロシア	Russia	ユーラシア	間接衝突	出生意向低下を反西側情報戦の新素材に転用	日本の少子化を『西側AI資本主義の必然的帰結』として国際SNSで拡散	西側の家族崩壊が証明された。ロシアの伝統的家族価値観が正しかった	自国も人口減少危機。外向け宣伝で国内矛盾と徴兵忌避圧力を転嫁	72.0	60.0	90.0	77.0	86.0	70.0	97.0	9.0	少子化ニュースに『制度は若者を捨てた』の物語が重なり将来設計への無力感が深化
51	UKR	ウクライナ	Ukraine	欧州	限定戦争	出生危機を戦後復興投資の根拠に転用	世界的出生意向低下を引き合いに復興投資が希望を生むと訴え、支援継続と追加財政保証を同盟国に要求	子どもを産む意欲は平和な未来への確信で決まる。戦い続けることが次世代への最大の贈り物だ	国内でも出生意向は戦前比で深刻に落ち込んでおり、若者の国外流出と合わさって人口基盤が静かに崩れている	87.0	63.0	95.0	77.0	96.0	86.0	96.0	5.0	戦争長期化と世界的出生意向低下の同時報道が日本の若者の未来不信とSNS上の絶望感を重ねて増幅する
51	IRN	イラン	Iran	中東	境界的圧力	少子化危機を体制批判の外交道具に転換	少子化を西側制度失敗の証拠として国際発信、ホルムズ航路の交渉圧力を継続	西側の個人主義が家族崩壊を招いた。イランの共同体的家族観こそが答えだ	国内若者の出生意向も低下中。計算資源不足で政府に対応策の余地がない	62.0	68.0	84.0	58.0	80.0	64.0	91.0	18.0	少子化不安とエネルギー緊張が重なり若者が将来設計を諦める空気が加速する
51	ISR	イスラエル	Israel	中東	間接衝突	少子化を安保危機と再定義し連立求心力を維持	AI防衛輸出継続と同盟国共同育成枠組みを提示	安保産業が少子化対策の新雇用を生む国家設計がある	出生低下と中産層AI失業が重なり選挙前連立が不安定化	68.0	44.0	88.0	72.0	87.0	72.0	91.0	15.0	イスラエル型安保少子化対策の限界がSNSで拡散し日本若者の将来不安を増幅する
51	SAU	サウジアラビア	Saudi Arabia	中東	圧力上昇	OPEC+調整維持し改革正統性の防衛路線継続	OPEC+協調継続し中国・日本へ安定供給を外交カードに活用	出生率低下は社会不安の証、政府主導AI転換雇用で若年失業を抑制	非石油雇用がAI代替で縮小し若年男性失業が体制安定を静かに脅かす	47.0	73.0	82.0	68.0	73.0	65.0	87.0	13.0	SAUのエネルギー圧力継続中に出生意向低下報道が重なり若者の諦め感がSNSで増幅する
51	EU	欧州連合	European Union	欧州	圧力上昇	AI規制と少子化対策を一体政策として提示する	G7・日本と協調しAI雇用不安と出生意向低下の連動を国際議題に昇格させる	AI第二波が若者の将来設計を崩しており規制と生活保障で構造を守る	加盟国間の財政合意が崩れかけており統一的な少子化支援策の財源が確保できない	43.0	43.0	91.0	75.0	90.0	67.0	94.0	25.0	EUの少子化・AI雇用不安論が日本のSNSに波及し「産む意味がない」感が若者に急拡散する
52	USA	アメリカ	United States	北米	圧力上昇	採用転換をAI競争力の自然な再編と捉える	同盟国へリスキリング連携を提案し技術人材標準の主導権を維持	雇用形態変化は競争力強化の証。政府はリスキリング投資を拡充	AI技術を持たない若年層の制度不信と政治的離反が加速中	73.0	50.0	96.0	79.0	97.0	73.0	97.0	6.0	米国発の採用転換が日本企業に波及し「就活モデル崩壊」感をSNSで急速に拡散する
52	CHN	中国	China	東アジア	境界的圧力	採用崩壊を国家管理雇用で吸収し正統性を防衛	国有企業に新卒一括吸収を指示しつつ民間リスキリング補助金で雇用分断を緩和する	国家が若者の雇用転換を支援し精鋭採用時代でも誰も取り残さない	国有企業の強制吸収は生産性を下げ財政負担と競争力低下が同時に進む	80.0	27.0	96.0	87.0	92.0	84.0	97.0	8.0	中国の国家主導雇用吸収が日本の精鋭採用競争を加速し若者の将来不安がさらに深まる
52	JPN	日本	Japan	東アジア	境界的圧力	企業採用転換を追認しつつ財政的支援は出せない	G7でAIと雇用移行を議題化し国際的リスキリング枠組みを提案する	採用形態の変化は避けられないが政府はリスキリング支援を拡充する	リスキリング予算の実態は薄く企業主導の転換を追認するしかない	73.0	60.0	99.0	86.0	99.0	87.0	99.0	2.0	新卒採用消滅の恐怖がSNSで拡散し将来設計の根拠が消えたと感じる若者が急増する
52	TWN	台湾	Taiwan	東アジア	間接衝突	財政限界下で半導体存続と人材再編を模索	同盟向け半導体供給は維持しつつ企業と連携し精鋭採用・再訓練体制を整備する	AI波対応に半導体産業は不可欠、採用構造を変えて次世代に繋ぐ	財政枯渇で再訓練補助の財源がなく、企業頼みの転換は人材格差を深化させる	80.0	65.0	84.0	82.0	96.0	82.0	88.0	12.0	台湾型精鋭採用が日本に波及し新卒一括崩壊を加速、若者の就活不安が増す
52	KOR	韓国	South Korea	東アジア	間接衝突	採用転換期に半導体人材囲い込みを急ぐ	半導体精鋭採用を国策化し同盟国へ技術協力を提案する	新採用モデルへの移行支援を宣言するが財源根拠を示せないまま	財政は限界で精鋭採用の恩恵は大企業に偏り若者全体は救えない	72.0	63.0	97.0	56.0	97.0	80.0	98.0	8.0	韓国の精鋭採用転換がSNSで拡散し日本若者の就職不安をさらに加速する
52	PRK	北朝鮮	North Korea	東アジア	限定戦争	内部亀裂封じと外部沈黙継続を保つ	日本の雇用崩壊を宣伝に使いつつ中露補填ルートを堅持する	日本の就職崩壊は資本主義の末路、我が道の正しさを証明する	食糧燃料外貨の三重枯渇と末端統制亀裂が深化し行動余力なし	74.0	17.0	84.0	36.0	86.0	47.0	79.0	12.0	PRK沈黙中、企業採用構造転換が就職不安を現実化し若者の将来感をさらに圧迫する
52	RUS	ロシア	Russia	ユーラシア	間接衝突	採用崩壊を資本主義批判の新たな素材に転用	日本の新卒採用縮小を『AI資本が若者を捨てた証拠』として国際SNSで拡散	西側では若者が雇用から排除されている。ロシアの連帯体制の優位が証明された	エネルギー収入で情報戦を維持。国内の雇用不安と徴兵圧力は対外宣伝で転嫁	70.0	63.0	94.0	76.0	84.0	67.0	96.0	10.0	採用ポートフォリオ転換の報道にロシア発『資本が若者を切り捨てた』の語りが重なり就活不安が増幅
52	UKR	ウクライナ	Ukraine	欧州	限定戦争	復興人材不足を遠隔雇用枠組みで補う	採用革命期に復興向け技術者遠隔派遣枠を同盟国に要求し人材確保を試みる	戦後復興の担い手を今育て、次世代雇用の最前線に立て	国内若者の国外流出が止まらず復興の担い手が根本的に不足	85.0	62.0	93.0	75.0	95.0	84.0	93.0	6.0	戦争継続と採用構造転換の同時進行が就職不安と未来不信を重ねて若者に刻む
52	IRN	イラン	Iran	中東	境界的圧力	雇用崩壊を体制批判外交に再活用	日本の新卒一括採用崩壊を西側資本主義失敗の証拠として国際発信し、ホルムズ圧力を維持	日本でも若者が職を失い始めた。共同体的秩序こそが西側個人主義より優れた答えだ	国内若者の就業不満が深刻化。エネルギー輸出収入で政権維持するしかなく構造改革の余地がない	63.0	69.0	89.0	57.0	82.0	67.0	94.0	16.0	採用モデル激変期にホルムズ不安が重なり若者の将来設計が全方位で詰まる閉塞感が急加速する
52	ISR	イスラエル	Israel	中東	間接衝突	防衛産業リスキリングで雇用転換を国策化	AI防衛輸出継続しリスキリング枠組みを同盟国と共同設計	防衛産業が新採用モデルの柱となりリスキリング雇用を創出する	技術エリート偏重採用で中産層疎外が深まり連立基盤が揺れる	70.0	45.0	90.0	73.0	87.0	73.0	92.0	14.0	イスラエル型精鋭採用化がSNSで就活不安を増幅し日本若者の雇用不安感を強める
52	SAU	サウジアラビア	Saudi Arabia	中東	圧力上昇	OPEC+調整維持し若年雇用補強路線を継続	OPEC+協調継続しアジア向け安定供給を外交信頼資本として維持する	AI転換の若年失業を職業訓練補助で吸収し改革路線の正統性を防衛する	非石油雇用AI代替加速で若年男性不満が蓄積し改革速度への圧力が増す	48.0	74.0	85.0	67.0	74.0	65.0	89.0	12.0	採用転換不安にSAUエネルギー高が重なり若者の生活・就労不安がSNSで二重増幅する
52	EU	欧州連合	European Union	欧州	圧力上昇	採用変革期に再教育政策で雇用制度を守る	G7と連携しAI時代の採用基準標準化と再教育費の国際分担を提案する	企業の採用変革は避けられないが再教育支援で若者の市場価値を守る	加盟国間の職業訓練費分担交渉が難航し統一政策が遅れている	43.0	43.0	88.0	74.0	91.0	68.0	90.0	28.0	EU発の採用変革論が波及し新卒の先が見えない若者のSNS不安が再燃する
53	USA	アメリカ	United States	北米	圧力上昇	ケア危機を生産性課題として制度整備	同盟国に介護・育児支援の労働参加モデルを共有し競争力維持を主導	ケアと仕事の両立支援に投資し労働参加率と競争力を守る	財政余力が枯渇し公的ケア拡充より市場解決を優先しがち	72.0	50.0	98.0	78.0	98.0	74.0	97.0	5.0	米国のケア危機報道がSNS経由で日本に流入し「将来も介護と仕事に追われる」という絶望感を若者に広げる
53	CHN	中国	China	東アジア	境界的圧力	介護と雇用の二重危機を正統性防衛で包む	介護政策を国家主導で整備し若者の二重負担を国家管理雇用で吸収継続	国家が介護と雇用の両立を支援し若者世代を制度で守る	介護と雇用の国家負担が同時拡大し財政と生産性の両方が限界に近づく	79.0	27.0	96.0	87.0	93.0	84.0	97.0	8.0	中国の介護国家化が日本の制度比較焦燥を呼び若者の二重疲労感がさらに深まる
53	JPN	日本	Japan	東アジア	境界的圧力	ケア負担増を政策課題と認めつつ財政措置は出せない	介護労働力不足の国際連携枠組みをG7で提案し人材流入の議論を主導する	育児と介護の二重負担を認識し企業への短時間勤務制度拡充を要請する	介護保険の財源が枯渇しており実質支援は企業任せが実態だ	73.0	60.0	99.0	86.0	99.0	88.0	99.0	1.0	介護と育児に挟まれた親を見た若者が家族形成と就労継続を同時に諦め始める
53	TWN	台湾	Taiwan	東アジア	間接衝突	介護負担増で人材危機深刻、半導体維持に限界迫る	同盟国に人材交流と遠隔介護技術協力を求めつつ半導体主力ラインの維持を優先する	介護と技術立国は両立する、家族支援と産業維持を同時に前進させる	財政枯渇で介護支援と半導体補助が競合し、どちらかを犠牲にする局面が迫っている	80.0	64.0	87.0	84.0	97.0	84.0	91.0	11.0	台湾半導体の人材枯渇が供給不安を深め、日本の介護×就労危機とも重なり若者の将来感がさらに萎縮する
53	KOR	韓国	South Korea	東アジア	間接衝突	ケア危機を抱えつつ半導体国策を維持する	ケア両立危機を同盟国と共有しAGI転換期の国際協調を打診する	介護・育児両立支援策を緊急発表するが財源根拠は示せないまま	ケア支援の予算は半導体投資と競合し若者全体への恩恵は届かない	72.0	63.0	98.0	56.0	98.0	79.0	99.0	7.0	韓国のケア危機がSNSで拡散し日本の若者も介護・就職・将来の三重不安に陥る
53	PRK	北朝鮮	North Korea	東アジア	限定戦争	三重枯渇を隠し沈黙継続を保つ	日本の介護崩壊を宣伝素材に転用し中露補填ルートを静かに維持する	日本の介護崩壊は家族破壊の資本主義末路、我が体制の優位を示す	食糧燃料外貨の三重枯渇が深化し末端統制亀裂で行動余力は皆無	72.0	17.0	87.0	36.0	89.0	46.0	83.0	10.0	PRK沈黙中、介護と就職危機の二重重圧が若者の将来感を最低水準まで押し下げる
53	RUS	ロシア	Russia	ユーラシア	間接衝突	福祉崩壊を体制批判の新素材として拡大活用	日本の介護・育児二重負担を『自由主義が家族を壊した証拠』として多言語拡散	西側では若者が働きながら老親を介護し限界に達する。集団主義の優位が証明された	国内でも少子化と兵員確保が競合するが、対外宣伝には好材料として転用できる	70.0	63.0	88.0	74.0	87.0	66.0	94.0	9.0	介護と育児の二重負担報道にロシア発『個人主義社会の崩壊』の語りが重なり若者の疲弊感が増幅
53	UKR	ウクライナ	Ukraine	欧州	限定戦争	戦傷者介護が復興労働力を飲み込む	戦傷者・孤児ケア支援の国際枠組み緊急拡大を同盟国に要請し残留若者の負担軽減を図る	傷ついた仲間を支えながら、共に復興を担う世代として誇りを持て	戦傷者と孤児が急増し、残留若者の介護負担が復興労働力を根こそぎ奪いつつある	86.0	64.0	96.0	74.0	97.0	86.0	95.0	5.0	ウクライナの戦傷介護危機が日本の介護不安と共鳴し、若者の将来設計崩壊感をさらに深める
53	IRN	イラン	Iran	中東	境界的圧力	ケア危機を反西側宣伝に転用	日本の介護・子育て二重苦を西側家族崩壊の証拠として国際発信、ホルムズ圧力は維持	日本でも現役世代が介護と育児に挟まれ崩壊しつつある。家族共同体こそが正解だ	国内でも介護負担が若年層に集中しており、宗教的家族観の綻びが政権安定を静かに脅かす	62.0	67.0	91.0	55.0	85.0	65.0	95.0	14.0	ケア疲労が雇用不安と重なり若者の将来設計余力が消えSNSに閉塞感と怒りが充満する
53	ISR	イスラエル	Israel	中東	間接衝突	ケア危機が連立基盤を揺らし社会政策に転換圧力	AI防衛輸出を維持しながら同盟国と社会インフラ共同枠組みを提案	防衛と介護両立を国策として新予算枠を与党間で協議する	防衛費削減は不可能だがケア拡充予算は財政上限と正面衝突する	68.0	46.0	88.0	71.0	89.0	72.0	93.0	13.0	精鋭雇用とケア軽視の対比がSNSで拡散し日本若者の就労不安と介護不安が同時に高まる
53	SAU	サウジアラビア	Saudi Arabia	中東	圧力上昇	OPEC+生産調整継続し財政均衡優先	アジア向け安定供給を維持しつつ技術者交流でアジア外交信頼を補強する	AI転換期でも財政余力と職業訓練で社会安定と改革正統性を守り抜く	非石油雇用AI代替加速で若年男性不満が蓄積し改革速度への内部圧力が増す	48.0	76.0	87.0	67.0	77.0	66.0	91.0	10.0	介護と就労の二重疲弊にエネルギー高が重なり若者の将来設計が崩れやすくなる
53	EU	欧州連合	European Union	欧州	圧力上昇	ケア危機に社会安全網を強化し安定を守る	G7でケア休暇基準を国際化しAI介護の制度整備を主導する	働く世代のケア負担を制度的に緩和し就労継続を支える政策を強化する	加盟国間のケア財源分担交渉が難航し統一政策の実施が遅れている	42.0	43.0	91.0	74.0	93.0	65.0	93.0	25.0	EUのケア危機論が波及し介護と仕事で追い詰められる若者の不安がSNSで拡散する
54	USA	アメリカ	United States	北米	圧力上昇	エネルギー転換コストを同盟で分散し競争力を維持	同盟国にデータセンター電力規制の調整を求めエネルギー安保を共同強化する	再エネとAIへの投資は国の競争力であり家計負担の還元を約束する	電力料金上昇が国内不満と選挙圧力になりAI投資継続が困難になりやすい	73.0	63.0	98.0	83.0	99.0	77.0	97.0	4.0	米国の電力コスト上昇がデータセンター費用に波及し、日本の若者がAI産業から置き去りにされる焦燥感が高まる
54	CHN	中国	China	東アジア	境界的圧力	エネルギー負担を国家補助で包み正統性を防衛する	再エネ補助と輸入多角化で対外依存を下げ戦略自律性を強化する	国家が電力負担を吸収し若者世代の生活と雇用を守る	再エネ・介護・雇用支援の同時拡大で財政余力が急速に消耗する	76.0	38.0	91.0	84.0	96.0	83.0	96.0	9.0	中国の電力コスト上昇が製造価格を押し上げ日本の物価不安と若者の将来不信を加速させる
54	JPN	日本	Japan	東アジア	境界的圧力	エネルギー費増を認識するが財政措置は限界	G7にエネルギー転換コスト共有枠組みを提案し国内負担を一部外交に転嫁する	電力・再エネ投資コストは構造的変化であり段階的負担を求める	補助金財源がなくエネルギー費増が家計に直撃する	73.0	78.0	97.0	85.0	99.0	90.0	99.0	1.0	光熱費上昇が可処分所得を削り若者の将来投資意欲をさらに低下させる
54	TWN	台湾	Taiwan	東アジア	間接衝突	エネルギー危機で半導体生産優先、国民生活圧迫	同盟国にエネルギー支援と半導体輸送保証を同時要求しながら稼働水準の防衛を図る	エネルギーコストは安全保障の問題、半導体を守ることが台湾を守ることだ	電力コスト上昇でファブ稼働が削られ、財政枯渇との三重苦に陥りつつある	82.0	79.0	88.0	88.0	99.0	87.0	93.0	9.0	台湾ファブの電力制約が半導体供給を絞り、日本若者のAI就労機会とエネルギー負担が同時に悪化する
54	KOR	韓国	South Korea	東アジア	間接衝突	エネルギー負担増でも半導体投資を死守する	米韓でデータセンター電力協定を模索し再エネ調達を多角化する	電力費上昇は一時的と説明するが半導体投資は聖域として維持する	半導体・再エネ投資競合で家計転嫁以外の選択肢が尽きている	70.0	78.0	95.0	54.0	99.0	75.0	94.0	8.0	韓国の電力費急騰がSNS拡散し、日本の若者の光熱費・就職・将来不安が三重に重なる
54	PRK	北朝鮮	North Korea	東アジア	限定戦争	三重枯渇下で対外沈黙を継続する	中露エネルギー補填ルートを死守しつつ挑発行動を全面凍結する	資本主義のエネルギー投資負担は我が体制優越性の証明である	三重枯渇がさらに深化し対外行動の余力はほぼ消滅している	70.0	18.0	86.0	35.0	91.0	49.0	82.0	9.0	北朝鮮沈黙継続中、エネルギー費用増が生活不安に重なり若者の将来感を最低圏で固定する
54	RUS	ロシア	Russia	ユーラシア	間接衝突	エネルギー転換批判で宣伝攻勢を強化	再エネ移行コスト急騰を喧伝し、非制裁国へロシア産資源継続依存を働きかける	西側の脱炭素政策は国民の家計を破壊する。ロシアの資源戦略は正しかった	国内送電網老朽化と燃料補助金膨張が財政を圧迫するが対外宣伝では隠す	72.0	68.0	86.0	74.0	86.0	66.0	92.0	9.0	電気代・再エネ費用上昇にロシア発『転換失敗』の語りが乗り、若者の将来希望がさらに低下
54	UKR	ウクライナ	Ukraine	欧州	限定戦争	エネルギー再建費用が復興予算を飲み込む	EU・NATO同盟国に緊急エネルギー網再建支援と追加財政援助を要請する	電力網再建は復興の礎。占領下の暗闇から必ず取り戻す	エネルギー設備再建費が底をつき、冬季電力途絶が住民離反と士気低下を招く	86.0	68.0	96.0	75.0	98.0	88.0	94.0	4.0	ウクライナのエネルギー危機が世界投資負担と重なり、日本若者の電気代・将来コスト不安を直撃する
54	IRN	イラン	Iran	中東	境界的圧力	エネルギー混乱を外交機会に転換	西側の再エネ転換失敗を喧伝し日本へ低価格石油を打診、ホルムズ圧力は温存	西側の再エネ政策が家計を直撃した。我々の石油こそが現実解だ	国内の電力補助金膨張と財政圧迫で反政府デモ再燃リスクが静かに高まっている	65.0	73.0	89.0	57.0	88.0	69.0	91.0	11.0	エネルギー投資費用が家計と財政を同時に締め付け若者の可処分所得と将来設計余力が一段と縮む
54	ISR	イスラエル	Israel	中東	間接衝突	エネルギー自立と防衛技術を並走	電力網・データセンター強化を同盟国と共同投資し安全保障輸出に組み込む	エネルギー費上昇は安全保障強化の必要コストと国民に説明する	防衛・エネルギー・ケアの三競合で財政は限界域に入った	70.0	58.0	84.0	66.0	91.0	74.0	89.0	11.0	防衛とエネルギー費の同時増大がIT職不安と電力高騰を重ねて日本若者を圧迫する
54	SAU	サウジアラビア	Saudi Arabia	中東	圧力上昇	転換コスト好機にアジア供給関係強化	エネルギー転換負担増を背景にアジア向け長期供給契約を拡充し市場地位を固める	石油収益安定で財政余力を維持し若年雇用訓練と改革を同時推進できる	AI代替で若年男性不満が燻り改革速度への内部圧力と財政配分の葛藤が続く	46.0	80.0	84.0	65.0	80.0	68.0	87.0	11.0	エネルギー投資負担が家計を圧迫し若者の将来設計と選択幅が一層狭まる
54	EU	欧州連合	European Union	欧州	圧力上昇	再エネ転換費用を緩和し財政均衡を維持する	G7でエネルギー転換費用の国際分担を提案しデータセンター課税を議論する	再エネ移行は長期投資だが家計補助で当面の負担を抑制する	加盟国の財政格差が大きく統一的なエネルギー補助合意が難航する	44.0	61.0	87.0	78.0	91.0	68.0	89.0	26.0	EUのエネルギーコスト上昇が輸入物価を押し上げ若者の生活費負担をさらに圧迫する
55	USA	アメリカ	United States	北米	圧力上昇	AIシフト対応の教育連携で競争力維持	同盟国に教育・AI訓練基準の共通化と人材流動の促進を求める	学校からAI産業への橋渡し改革で雇用不安を解消すると約束する	AI自動化速度が制度改革を上回り若者不満が選挙圧力になりやすい	70.0	65.0	91.0	80.0	96.0	74.0	91.0	7.0	米国主導の教育・AI接続モデルが標準化され日本の若者がそのルールに依存する構造が固まりつつある
55	CHN	中国	China	東アジア	境界的圧力	若者就業接続を体制正統性強化の手段とする	職業教育改革を対外発信し技術労働力輸出の競争力を強化する	党が若者の職業接続を設計し希望ある未来を約束する	財政枯渇で実施力が制約され形式だけの改革になりやすい	74.0	38.0	86.0	85.0	94.0	81.0	90.0	11.0	中国の若者雇用強化が製造競争力を押し上げ日本の若者に職の不安と将来不信を伝播させる
55	JPN	日本	Japan	東アジア	境界的圧力	学校と企業の接続改革を推進するが財政制約が壁	学校から仕事の設計をG7教育閣僚会合に提示し先進国枠組みと接合する	学校・企業・自治体連携で若者のキャリア形成を支える新枠組みを起動	制度設計できるが財政措置なく企業任せになるリスクが残る	72.0	77.0	91.0	84.0	99.0	89.0	92.0	4.0	接続改革への期待が若者の不安を僅かに和らげるが即効性は低く雇用不安は続く
55	TWN	台湾	Taiwan	東アジア	間接衝突	電力危機下でファブ防衛を最優先し外交で時間を稼ぐ	同盟国の電力融通を条件に半導体輸出優先枠を提示し安全保障協力を深める	電力危機は続くが半導体産業を守ることが台湾の命綱であり安全保障だ	財政と電力の二重制約でファブ稼働が限界ライン、外交的猶予も残り少ない	80.0	76.0	86.0	87.0	96.0	85.0	89.0	12.0	台湾ファブ制約が続く中、学校から仕事への接続が整備されても半導体依存雇用が不安定で若者の就労見通しが揺れる
55	KOR	韓国	South Korea	東アジア	間接衝突	半導体人材育成を核に産学接続を改革する	米韓で半導体人材育成協定を締結し産学連携モデルを域内展開する	学校と企業の接続改革を急ぐが財源は企業責任として財閥に転嫁する	財政余力ゼロで改革コストは財閥系企業負担に頼らざるを得ない	68.0	74.0	86.0	51.0	96.0	71.0	88.0	11.0	韓国の産学改革がSNSで流れ、日本の若者が就職不安と将来設計の空白を同時に感じる
55	PRK	北朝鮮	North Korea	東アジア	間接衝突	枯渇深化で内部立て直しを最優先する	中露補填ルートのみ死守し、対外挑発は完全封印を継続する	包囲に耐える人民の忍耐こそが体制優越性の証明である	三重枯渇に打開の目途なく、対外行動余力はほぼゼロである	66.0	18.0	89.0	35.0	90.0	46.0	85.0	10.0	北朝鮮の沈黙継続でも地政学不安は根強く、学校・仕事再設計期の若者の将来不安をSNSが増幅する
55	RUS	ロシア	Russia	ユーラシア	間接衝突	教育・雇用混乱を西側失敗の証拠として利用	非制裁国へロシア型安定就労モデルを宣伝し西側AI雇用破壊論を拡散する	西側のAI自動化は若者の仕事を奪う。ロシアの資源経済は人間の雇用を守る	老朽インフラと財政圧迫で国内雇用の質は低下しているが対外宣伝では隠す	73.0	67.0	88.0	74.0	85.0	67.0	94.0	9.0	学校から仕事の接続再設計の混乱にロシア発のAI雇用破壊物語が重なり若者不安がさらに深まる
55	UKR	ウクライナ	Ukraine	欧州	限定戦争	エネルギー網部分復旧と前線維持の綱渡り	EU復興基金の先行活用とNATOへの防空・電力設備支援を継続要請する	一部電力が戻りつつある。占領地の若者も必ず取り戻す	国内教育・職業訓練は戦争で壊滅。復興人材が育たない悪循環	84.0	66.0	95.0	74.0	97.0	87.0	93.0	5.0	戦争長期化が世界投資を歪め、日本若者の学校から仕事への移行コストをさらに圧迫する
55	IRN	イラン	Iran	中東	境界的圧力	石油外交維持し国内矛盾を覆い隠す	日本への低価格石油打診を継続、ホルムズ通航はカードとして温存	制裁に屈せず資源外交で国益を守る。国民生活は政府が支える	補助金財政の限界が近づき反政府デモを抑える余力が急速に細る	68.0	70.0	88.0	57.0	90.0	73.0	86.0	14.0	就職接続を模索する若者にエネルギー不安と財政制約が重なり未来設計の余力がさらに縮む
55	ISR	イスラエル	Israel	中東	間接衝突	技術輸出で財政圧を同盟支援に転化	AI人材育成を同盟国教育機関と共同展開しサイバー防衛外交に組み込む	雇用再設計は技術競争力強化の機会、国家主導で先行投資すると訴える	財政はなお限界域、技術投資優先で社会安全網は後回しが続く	68.0	55.0	81.0	63.0	90.0	71.0	85.0	14.0	雇用再設計の波の中、中東不安がサイバーと供給網リスクを日本若者の将来選択に上乗せする
55	SAU	サウジアラビア	Saudi Arabia	中東	圧力上昇	アジア供給安定化と国内雇用改革を並行推進	日韓向け長期エネルギー供給契約を更新しアジア市場での安定地位を強化する	石油収益を若年雇用訓練に充て改革の可視成果を国内に示す	AI代替で若年男性不満が続き改革速度と財政配分の内部葛藤が深まる	45.0	78.0	82.0	63.0	79.0	66.0	84.0	13.0	学校から仕事への接続改革が進む中、エネルギーコスト負担が依然若者の選択肢を狭める
55	EU	欧州連合	European Union	欧州	圧力上昇	AI時代の就労移行制度を設計し制度正統性を守る	AI法を基盤に国際的な教育・雇用移行基準の策定をG7・OECDに提案する	AGI移行期の若者を見捨てない。スキル保証と再訓練制度を全加盟国で整える	南北加盟国の若者失業率格差が大きく統一的な再訓練財源の合意が難航している	41.0	58.0	82.0	75.0	88.0	64.0	83.0	30.0	EUの就労移行制度論がモデルとして注目される一方、日本の制度遅れへの焦りがSNSで拡散し若者の不安を刺激する
56	USA	アメリカ	United States	北米	圧力上昇	AI税制停滞受け同盟主導の技術標準強化	国際AI税協調の失敗を受け、同盟国に独自AI課税・技術標準の二国間採用を強く要求する	国際協調は停滞したが米国主導の技術秩序で国内産業と雇用を守ると約束する	AI利益の国内還元要求が強まるが財源確保策が制度改革に追いつかない	72.0	63.0	93.0	83.0	97.0	73.0	90.0	6.0	AI税収なき財政圧力が続き米国標準への依存が深まる中で日本の若者の職業的選択肢が構造的に狭まっていく
56	CHN	中国	China	東アジア	境界的圧力	国内AI課税で体制正統性を補完しようとする	国際AI税協調を拒否し独自課税制度で国内テック利益を再分配する	AIの恩恵を国民へ還元する独自制度を党が設計し進める	国内テック課税強化は投資委縮を招きAI競争力を損なうリスクがある	72.0	38.0	87.0	84.0	96.0	80.0	89.0	10.0	中国が独自AI課税で技術覇権を強化し日本若者の雇用と将来設計への不確実性が持続する
56	JPN	日本	Japan	東アジア	境界的圧力	AI税国際協調断念し国内財源確保に転換	OECD代替協議を提案しつつ半導体同盟深化と資源外交を継続する	AI税国際協調は停滞しているが独自の財源確保策を構築し若者支援を継続する	AI税収入の見通しが立たず防衛費と若者支援の二択が迫られる	72.0	77.0	92.0	83.0	99.0	88.0	94.0	3.0	AI税国際協調失敗で財政改善の見通しが消え若者の将来不安がさらに深まる
56	TWN	台湾	Taiwan	東アジア	間接衝突	AI税制空白で財政圧迫、ファブ防衛を継続	同盟国への半導体優先枠を維持しAI課税協調の議論を続ける	AI税収協調の遅れで財政は苦しいが半導体産業を守ることが命綱だ	AI税制の国際空白で財政補填の道がなくファブ稼働と防衛費が競合	79.0	75.0	86.0	86.0	94.0	84.0	88.0	13.0	AI税協調の停滞で財政補填なく台湾ファブ制約が続き若者のIT雇用と計算環境が二重に不安定化する
56	KOR	韓国	South Korea	東アジア	間接衝突	国際財源消滅を受け国内財閥課税に舵を切る	米韓二国間で半導体共同投資枠を拡張しAI税代替財源を確保しようとする	国際AI税が機能しない以上、財閥が教育・研究費を直接負担すべきと訴える	財閥との交渉が決裂すれば改革財源がゼロになり政権正統性が崩れる	69.0	76.0	85.0	57.0	98.0	74.0	86.0	9.0	韓国財政の限界がSNSで可視化され、日本の若者が「AI恩恵は誰のもの」と問い始める
56	PRK	北朝鮮	North Korea	東アジア	間接衝突	三重枯渇継続で対外封印と内部統制を維持する	中露補填ルートを死守しつつ挑発封印を継続、資源を内向きに温存する	包囲下で忍耐する人民の結束こそ体制の正統性を証明し続ける	国際AI税制停滞で中露自国財政圧力が高まり補填縮小リスクが生じている	65.0	18.0	90.0	36.0	91.0	47.0	87.0	10.0	北朝鮮の沈黙は続くが、AI税制停滞による再分配不透明化が若者の将来設計不安をSNSでさらに増幅させる
56	RUS	ロシア	Russia	ユーラシア	間接衝突	AI税制失敗を西側崩壊の証左として国際宣伝強化	国際AI税制の停滞を「西側ガバナンス失敗」として非同盟国・グローバルサウスへ拡散する	西側はAI利益すら分配できない。資源と雇用を守るロシア型秩序が現実的だ	国内財政は依然圧迫。AI税停滞の恩恵は宣伝だけで実質的な制度余力は改善しない	75.0	65.0	89.0	74.0	84.0	67.0	95.0	9.0	AI税制の国際協調失敗がロシア発の「西側制度崩壊」言説と合流し若者の制度不信がさらに深まる
56	UKR	ウクライナ	Ukraine	欧州	限定戦争	復興財源縮小の中で前線と支援を死守	AI税制停滞で国際復興基金が目詰まりし、EU二国間交渉に活路を求める	復興支援は細るが前線は崩さない。若者を国内に戻す準備は続ける	AI課税国際協調の失敗で復興財源が細り、再建の目処がさらに遠のく	85.0	67.0	96.0	76.0	98.0	89.0	94.0	4.0	国際AI税制停滞が復興財源を細らせ、日本若者の雇用不安と将来コストをさらに長引かせる
56	IRN	イラン	Iran	中東	境界的圧力	石油カード温存し体制生存を最優先	ホルムズ通航圧力をほのめかしつつ日中への低価格石油打診を継続	AI経済の恩恵は西側が独占する。我々は資源と自立で国を守る	AI課税失敗で財政補填の国際的逃げ道が消え、補助金削減が避けられない	70.0	72.0	87.0	60.0	92.0	75.0	85.0	12.0	AI課税失敗でイランの財政圧力が増し、エネルギー地政学の不確実性が若者の就職・生活設計への不安を深める
56	ISR	イスラエル	Israel	中東	間接衝突	AI税制空白を技術外交の余地に転化	国際AI税制停滞を好機とし二国間技術協定を積み増す	多国間規制の遅れを国内AI産業保護の猶予と説明する	税収改善の見通し立たず社会安全網の圧縮継続が本音	67.0	54.0	80.0	60.0	89.0	70.0	83.0	14.0	AI税制停滞で技術供給不安が長期化し若者の将来設計に霞がかかり続ける
56	SAU	サウジアラビア	Saudi Arabia	中東	圧力上昇	油価維持と国内財源依存で改革路線を継続	アジア向け供給安定を続けつつ国際AI税交渉から自律的な財源路線を示す	国際協調が遅れても石油収益で改革財源を賄い若者支援は維持する	AI税停滞で国際補填が見込めず改革コストを石油収益だけで賄う綱渡りが続く	44.0	76.0	84.0	65.0	81.0	67.0	86.0	12.0	エネルギーコスト横ばいだが国際AI税停滞で若者支援財源の見通しが立たず閉塞感が広がる
56	EU	欧州連合	European Union	欧州	圧力上昇	国内AI課税で財源を自力確保し制度正統性を死守	国際AI税停滞を受け、EU独自デジタル課税を強化しG7へ二国間協調を提案する	国際合意を待たず、AI大手への課税で若者再訓練の財源を確保する	独自課税はテック企業の拠点移転を招くリスクがあり加盟国間の合意が割れている	43.0	57.0	85.0	73.0	91.0	63.0	86.0	27.0	EUも財源難に直面と判明し、日本の若者の「制度はどこも機能しない」という不信がSNSで加速する
57	USA	アメリカ	United States	北米	圧力上昇	地域実験に技術支援を結び付け影響力維持	日本の地域移住実験に米国プラットフォーム優先採用を条件とした技術支援を打診する	同盟国の地域再生と米国技術輸出を連動させ雇用と影響力を守る	地域実験支援は輸出実績だが国内AI雇用問題の根本解決にはならない	68.0	62.0	89.0	86.0	95.0	70.0	84.0	13.0	地域移住実験は若者に選択肢を示すが米国技術依存の条件が伴いキャリア自律の幻想にとどまるリスクがある
57	CHN	中国	China	東アジア	境界的圧力	若者定住実験を体制正統性の示威に転用する	独自AI課税継続しつつ農村定住モデルを国家設計として国際発信する	党主導の地域定住実験で若者に仕事・住・教育を一括保障する	農村定住強制化への懸念と財政余力枯渇が政策の持続性を脅かす	70.0	36.0	83.0	83.0	94.0	77.0	88.0	13.0	中国の国家主導定住実験が対比圧力となり日本若者の移住・将来設計不安がSNSで増幅する
57	JPN	日本	Japan	東アジア	境界的圧力	地域移住実験を若者政策の突破口とする	半導体同盟と資源外交を継続しつつ地方創生の国際事例を収集する	地域移住実験を皮切りに若者が選べる未来の選択肢を広げていく	実験は数地域止まりで財政投入は限界、スケールアップの見通しが立たない	70.0	76.0	87.0	82.0	96.0	87.0	88.0	10.0	移住実験に希望を見る若者も出るが財政制約でスケールせず格差感は残る
57	TWN	台湾	Taiwan	東アジア	間接衝突	ファブ防衛継続、財政圧迫は悪化前で踏みとどまる	同盟国優先枠を守りつつAI課税国際協調の打開を米日に迫る	半導体産業は国家の命綱、財政は苦しいが防衛と雇用を同時に守る	AI税収の国際空白継続でファブ補助と防衛費の財源が依然競合	78.0	74.0	83.0	85.0	93.0	82.0	83.0	17.0	若者移住実験が局所的な生活安定をもたらすも、台湾ファブ制約が継続し計算環境と雇用不安は解消されない
57	KOR	韓国	South Korea	東アジア	間接衝突	財閥交渉を続けながら地方移住実験を社会弁に使う	米韓半導体共同投資枠を維持しつつ地方分散型AI産業誘致を打診する	地方移住実験が若者の新雇用モデルになりうると示し財閥交渉継続への支持をつなぐ	財閥が交渉を引き延ばす間に移住実験が脱出と報道されれば政権正統性が一気に崩れる	68.0	75.0	82.0	55.0	95.0	72.0	84.0	11.0	韓国の移住実験がSNSで可視化され、日本の若者も地方移住を現実の選択肢として議論し始める
57	PRK	北朝鮮	North Korea	東アジア	間接衝突	三重枯渇下で挑発封印と内向き資源集中を継続	対中露補填ルートを死守しつつ、日本地域移住実験を体制崩壊の証拠として内部宣伝に転用	帝国主義国家の内部で若者が逃げ始めた。人民の選択が正しかった証拠だ	中露の国内AI税財政圧力が継続し補填縮小リスクが増大、長期資源枯渇が不可視で進行中	63.0	18.0	88.0	36.0	92.0	46.0	82.0	14.0	北の沈黙は続くが、地域移住実験が若者に小さな出口感を与えSNS不安を局所的に緩衝する
57	RUS	ロシア	Russia	ユーラシア	間接衝突	若者移住実験を制度崩壊の証左として利用	地域移住実験を「資本主義の若者放棄」として非同盟国へ宣伝し代替秩序を正当化する	西側の若者も都市を捨てた。ロシア型地域秩序と雇用保障が唯一の現実解だ	国内の若者流出と徴兵忌避が続き、地域定着政策の実効性は依然として低い	73.0	67.0	86.0	74.0	82.0	65.0	91.0	11.0	地域移住への微かな希望とロシア発の制度崩壊言説が交錯し若者の将来観が二極分解する
57	UKR	ウクライナ	Ukraine	欧州	限定戦争	移住実験モデルを復興圏定住設計に転用する	EUの地域移住実験枠組みを復興圏定住インセンティブに採用し、若者帰還モデルを構築する	移住実験の先例を復興地域に応用し、若者が戻れる生活基盤を先行整備する	財源98%圧迫と戦線維持が続く中、実験採用だけでは帰還誘導の実効性に限界がある	84.0	66.0	94.0	75.0	97.0	87.0	91.0	6.0	戦争長期化は続くが移住実験モデルが復興参照事例となり、日本若者の将来不安がわずかに緩む
57	IRN	イラン	Iran	中東	境界的圧力	若者移住実験を工作と断じ体制結束を強化	ホルムズ通航圧力を維持しつつ中露と経済協調継続	西側の移住実験は若者を誘引する離反工作。資源自立で国を守る	若者の国外移住加速と補助金削減が重なり国内安定の限界点が近い	73.0	74.0	89.0	62.0	93.0	77.0	89.0	11.0	地域移住実験の希望が広がる中、イランの不安定化がエネルギー・就労不安を底上げし若者の設計余力を削る
57	ISR	イスラエル	Israel	中東	間接衝突	移住実験を技術協定の新フックに転化	日本の地域移住実験にスマートシティ技術協定を提案し輸出先を多角化する	日本との技術連携深化が外貨確保と輸出多角化に直結すると説明する	財政悪化と社会不満が続き国内向け配分余力は実質ゼロのまま	66.0	53.0	78.0	57.0	89.0	68.0	82.0	17.0	技術協定拡大で計算資源制約が僅かに和らぐが地政学不安は続き移住先の将来設計に霞がかかる
57	SAU	サウジアラビア	Saudi Arabia	中東	圧力上昇	石油収益依存を維持しアジア向け安定供給を継続	アジア諸国への安定供給を継続し日本向け長期契約を更新する	石油収益で改革財源を維持し若者雇用プログラムを国内展開する	AI税停滞で補填なく油価下落リスクが財政を直撃しうる	42.0	74.0	79.0	64.0	79.0	64.0	81.0	16.0	地域移住実験で若者の選択肢が広がり不安が僅かに和らぐがエネルギーコストは高止まり
57	EU	欧州連合	European Union	欧州	圧力上昇	地域移住実験を結束政策の正統性根拠に転用	地域移住実験のEU版を「結束政策の成果」として国際発信し、日本など先進国への制度輸出を図る	地域実験の成果でAI移行コストを吸収し、若者の定着と再訓練を同時に進める	実験成果のばらつきと企業のAI課税反発が横展開の政治合意を妨げる	41.0	55.0	79.0	71.0	88.0	61.0	80.0	31.0	EUの地域移住実験が報道されSNSで「日本版できないか」という若者の議論が生まれる
58	USA	アメリカ	United States	北米	圧力上昇	長期緊張を常態化し技術優位を維持	日本等同盟国に安保分担増と米国技術標準採用を継続要求する	長期緊張は管理下にあり技術リードが米国の安全と雇用を守る	国内AI雇用不満と同盟負担要求の増大が政権正統性を徐々に侵食する	66.0	62.0	89.0	85.0	94.0	69.0	86.0	12.0	安保分担増と技術依存要求が常態化し若者の将来設計に慢性的な重荷として蓄積する
58	CHN	中国	China	東アジア	境界的圧力	長期緊張を戦略的常態として制度化する	台湾海峡警戒継続し途上国経済外交でASEANを自陣に引き込む	長期安定のため若者定住・雇用保障を恒久制度に格上げする	財政限界と都市失業の累積が社会安定への亀裂を静かに深めている	68.0	39.0	81.0	82.0	92.0	75.0	86.0	14.0	中国の「若者保障制度化」対比発信が日本若者のSNS閉塞感を持続的に増幅する
58	JPN	日本	Japan	東アジア	境界的圧力	長期警戒疲弊に社会回復力で対抗する	同盟維持と多角外交を並走させ長期安定化のための経済交渉を粘り強く継続する	圧力は長期化するが社会の回復力と若者支援策で着実に耐え抜いていく	財政余力はほぼ消滅し防衛費・社会保障・若者支援の優先順位決定が限界に達しつつある	69.0	75.0	87.0	81.0	97.0	85.0	89.0	8.0	常時警戒が続き心理的疲弊が蓄積する中で若者の将来設計意欲と移住希望が静かに後退する
58	TWN	台湾	Taiwan	東アジア	間接衝突	慢性圧力下でファブ維持・社会疲弊を抑制	米日と慢性リスク管理協議継続、AI税国際枠組み交渉に圧力	緊張長期化は想定内、ファブと雇用は守りきる	慢性緊張で社会疲弊が蓄積し、財政競合の政治コストが上昇	76.0	72.0	80.0	83.0	91.0	79.0	79.0	18.0	慢性的な不確実性が若者の技術就職の先行き見通しを閉ざし続ける
58	KOR	韓国	South Korea	東アジア	間接衝突	長期圧力下で構造改革の実績積みを急ぐ	米韓半導体協定を維持しつつ中東エネルギー調達分散と北朝鮮抑止協議を並行させる	長期圧力時代に適応する雇用モデル構築が若者の未来を守ると訴える	財政余力なき長期警戒は社会疲弊を静かに蓄積させ政権正統性を侵食する	72.0	73.0	83.0	52.0	93.0	73.0	87.0	12.0	韓国の社会疲弊SNSが流入し、長期不安の正常化が日本の若者の諦観を深める
58	PRK	北朝鮮	North Korea	東アジア	間接衝突	資源枯渇を隠蔽しつつ戦略的沈黙で存在感維持	長期化する地政学緊張を活用し対中交渉力を温存、海上物資融通ルートを模索	帝国主義の慢性的行き詰まりが証明された。人民の持久戦略が正しかった	食料・燃料の実物欠乏が臨界域、中露補填縮小で内部崩壊リスクが静かに上昇	65.0	18.0	87.0	35.0	93.0	48.0	85.0	13.0	慢性警戒疲れで若者のSNS不安が底上げされ、沈黙の北朝鮮が「次の爆発」として意識の隅に居座る
58	RUS	ロシア	Russia	ユーラシア	間接衝突	危機疲弊を外交優位に転換する	西側の停戦圧力を利用しつつ非同盟国との資源・決済網を深化させ制裁迂回路を拡大する	長期消耗戦の勝者は持久力で決まる。ロシアの地力が世界秩序を決定する	戦死・若者移住による人口減と徴兵忌避の慢性化が長期構造維持の死活問題となる	71.0	65.0	85.0	73.0	81.0	66.0	88.0	11.0	長期化する緊張が将来設計不能感を慢性化させ日本若者の閉塞感が静かに蓄積する
58	UKR	ウクライナ	Ukraine	欧州	限定戦争	長期消耗の中で最小限の現状維持	同盟支援の継続を要請しながら停戦交渉の余地を模索する	戦線は安定しているが復興と若者帰還は長期課題だ	社会疲弊が深まり、士気低下と同盟支援継続が存続の綱になっている	83.0	65.0	93.0	74.0	97.0	86.0	93.0	6.0	戦争長期化が慢性的な国際不安定を生み、日本若者の将来設計に影を落とす
58	IRN	イラン	Iran	中東	境界的圧力	長期警戒を体制強化の好機として内部統制を深める	ホルムズ圧力を維持しつつ中露との制裁迂回経済網をさらに深化させる	西側の孤立圧力は長期戦だ。資源自立と国家結束で耐え抜く	慢性的な制裁疲れと若者流出が社会凝集力を静かに溶かしており限界が近い	74.0	71.0	86.0	61.0	90.0	75.0	86.0	14.0	緊張の慢性化がエネルギーと就労不安を固定化し若者の未来設計余力を漸進的に削り続ける
58	ISR	イスラエル	Israel	中東	間接衝突	長期警戒下で技術輸出を生命線に維持	地域緊張長期化の中、対日技術協定継続と同盟情報共有強化で外貨確保	終わらない安全保障環境を前提に経済構造を再設計すると国民に説明	財政悪化と社会疲労が臨界近く若年層の国外流出加速が静かに進む	68.0	56.0	79.0	54.0	89.0	71.0	85.0	16.0	中東緊張の長期化がエネルギー市場に霞を作り日本若者の将来設計に慢性的不確実性を刻む
58	SAU	サウジアラビア	Saudi Arabia	中東	圧力上昇	長期警戒下で原油収益と外交均衡を維持	日本・中国向け長期供給を継続し安定産油国の地位を対外確認する	地政学警戒の長期化に備え石油基金と若者雇用プログラムを安定維持する	常時警戒疲れで若年失業への国内不満が蓄積し改革加速が難しい	44.0	72.0	79.0	64.0	77.0	62.0	84.0	15.0	エネルギーコスト高止まりのまま、地政学警戒疲れがSNS不安を長期増幅する
58	EU	欧州連合	European Union	欧州	圧力上昇	長期警戒疲労の中で結束維持	ウクライナ支援維持しAI規制を進めるが加盟国間の疲弊格差が拡大	長期警戒は制度が守ると強調し結束を訴え続ける	支援疲れと財政圧迫で加盟国の亀裂が静かに深まる	44.0	52.0	76.0	67.0	87.0	58.0	83.0	28.0	EUの「常時警戒」報道が日本SNSに伝播し若者の将来設計不安を長期化させる
59	USA	アメリカ	United States	北米	圧力上昇	構造制度試行を技術標準化の機会と見る	同盟国の構造持続制度に米国技術標準の組み込みを促す	新型社会制度は米国技術が主導する次世代雇用モデルだ	AI失業不満は続き標準化圧力が同盟国の反発を招く	64.0	61.0	87.0	84.0	92.0	67.0	83.0	14.0	新制度に米国技術標準が入り込み若者の社会設計の選択肢が外圧で狭まる
59	CHN	中国	China	東アジア	境界的圧力	世界試行を先行実績として正統性に接続する	構造持続試行を「中国モデル先行」と位置づけ対外情報発信を強化する	世界が追いつき始めた。党の構造安定路線の正しさが証明されつつある	試行は宣伝に使えるが財政と都市失業の実態は一切変わっていない	68.0	38.0	79.0	82.0	91.0	73.0	88.0	14.0	中国の「先行モデル」発信が日本若者の制度遅延感をSNSでさらに増幅させる
59	JPN	日本	Japan	東アジア	境界的圧力	構造試行で社会回復への微光を見出す	同盟外交を維持しつつ国内の構造試行実績を国際発信する	一部自治体・企業の社会活動評価試行が持続の糸口となる	財政余力は枯渇寸前で試行拡大の財源確保が最大の難関	67.0	73.0	83.0	79.0	96.0	83.0	85.0	13.0	社会貢献に対価が生まれる試行が若者の将来設計に小さな光を与えるが財政危機は続く
59	TWN	台湾	Taiwan	東アジア	間接衝突	構造実験を注視しつつファブ優先継続	米日と安保・技術協議維持、構造持続制度の国際連携を打診	社会維持実験は慢性緊張の緩衝になりうる、ファブは守り続ける	構造実験は疲弊の一時緩和に過ぎず、対中緊張の本質は変わらない	74.0	71.0	78.0	82.0	88.0	77.0	75.0	21.0	社会実験の小さな希望信号が若者に届くが台湾海峡の不確実性は続く
59	KOR	韓国	South Korea	東アジア	間接衝突	構造改革実験を競争優位に転換する機を探る	構造持続制度の先行実装を半導体外交に連動させ米韓技術信頼を補強する	社会維持報酬制度の試行が韓国型雇用改革の足場になると説く	小規模試行は時間を稼ぐが財政疲弊下で若者が実感するには時間がかかる	70.0	73.0	81.0	50.0	91.0	72.0	84.0	14.0	韓国発の構造改革試行が日本の若者に変化の芽として伝わるが実感はまだ薄い
59	PRK	北朝鮮	North Korea	東アジア	間接衝突	内部危機を外圧転嫁、小規模挑発で体制引き締め	海上挑発行動を匂わせ、中国への物資依存を隠蔽しつつ対話カードを保留	外部の「持続制度」実験は帝国主義の支配工作。人民の自力更生こそ唯一の正道	食料備蓄が底をつきつつあり、中国の追加支援なければ冬前に内部崩壊が現実化	67.0	18.0	88.0	35.0	94.0	49.0	86.0	12.0	挑発シグナルが再燃し、若者のSNSに「北朝鮮がまた動く」不安が静かに波及する
59	RUS	ロシア	Russia	ユーラシア	間接衝突	消耗戦と構造維持を並走させる	停戦交渉を遅延させつつ非同盟国との資源・技術連携を深化させ自律圏を確保する	社会貢献を国家が評価する制度を整え持久戦に耐える社会基盤を強化する	人口流出と徴兵忌避が深刻化し制度的強制なしでは持久力の維持が困難だ	69.0	63.0	83.0	72.0	80.0	64.0	85.0	13.0	終わりが見えない緊張の長期化が日本若者の将来構想力を静かに削ぎ閉塞感を深める
59	UKR	ウクライナ	Ukraine	欧州	限定戦争	疲弊しながら同盟依存で現状を死守する	西側支援継続を訴えつつ、復興モデル実証への参加を表明する	国際社会の持続支援モデルが復興の光になりうる	社会維持の評価制度など平時の話であり、戦中には届かない現実がある	82.0	64.0	92.0	74.0	96.0	85.0	91.0	7.0	戦争長期化の慢性不安が続き、若者の国際キャリア設計に不確実性を与え続ける
59	IRN	イラン	Iran	中東	境界的圧力	制裁耐性強化と体制正統性維持を優先	中露制裁迂回網を深化させつつホルムズ圧力で交渉カードを保持	自力更生と国家結束で外圧に耐え内部構造持続を証明する	若者流出と制裁疲れが体制凝集力を侵食し内部臨界が静かに近づく	73.0	70.0	85.0	62.0	89.0	74.0	84.0	15.0	制裁継続でエネルギー高止まりが固定化し若者の就労と将来設計余力をじわじわ削り続ける
59	ISR	イスラエル	Israel	中東	間接衝突	構造疲労の中で技術主権と社会維持を並走させる	対日技術協定と同盟情報共有を継続しつつ構造持続制度の国際展開を注視	社会維持活動の制度評価試行を国内疲労緩和の参考として国民に提示	若年層流出と財政悪化の二重圧力が臨界近く制度改革の余裕はない	66.0	58.0	77.0	54.0	91.0	69.0	82.0	18.0	中東長期緊張と社会維持制度の萌芽が交差し日本若者の将来感情に曖昧な光と影を刻む
59	SAU	サウジアラビア	Saudi Arabia	中東	圧力上昇	体制改革と原油収益均衡を漸進維持	日中への安定供給を継続し中東外交の均衡役として関与を維持する	構造維持評価の試行を参照し若者雇用制度整備を漸進加速する	若年失業への不満蓄積で改革速度が世論期待に追いつかない	43.0	70.0	77.0	63.0	75.0	60.0	81.0	17.0	安定供給継続でエネルギー高止まりは続くが構造維持試行がSNS不安を微減させる
59	EU	欧州連合	European Union	欧州	圧力上昇	持続制度先行を制度優位の根拠に活用	EU型社会維持評価制度を規範輸出の柱に据え対外発信を強化する	社会維持活動の評価実験がEUモデルの先見性を証明すると訴える	試行は小規模で加盟国格差は残り制度疲弊の本質的解消には至らない	42.0	53.0	72.0	65.0	84.0	57.0	76.0	32.0	EUの持続制度実験報道が日本SNSに伝わり若者の将来不安を一時的に和らげる
60	USA	アメリカ	United States	北米	圧力上昇	5年分岐を技術主権確立の成果と見なす	標準採用同盟国を優遇し未採用国へ技術移転条件を絞る	5年の投資でAI主導経済圏の中核を握った	AI失業が中間層を直撃し次選挙の離反リスクが高まる	61.0	59.0	86.0	83.0	91.0	64.0	80.0	17.0	5年の標準化圧力が制度に刻まれ若者が選べる社会設計の余地が狭まった
60	CHN	中国	China	東アジア	境界的圧力	5年評価を体制正統性の証左として総括する	5年比較データを選択公開し、中国モデル優位を国際場裡で主張する	5年の実績が党路線の正しさを証明した。他国との差は歴然だ	若者失業と財政悪化は続き、宣伝と実態の乖離がいよいよ臨界に近い	70.0	40.0	81.0	84.0	90.0	72.0	92.0	13.0	中国の5年総括SNS発信が日本若者の制度遅延感と将来不信を新たな段階に押し上げる
60	JPN	日本	Japan	東アジア	境界的圧力	試行実績が分岐を示すが拡大財源なし	同盟外交を維持し試行実績を国際発信、次の多国間支援枠組みを模索する	5年の試行が若者に小さな格差を生んだが制度拡大の財源確保が急務	財政は限界に近く試行の成果格差が社会亀裂に転化するリスクが高い	65.0	71.0	81.0	77.0	97.0	81.0	84.0	11.0	5年の分岐点で試行参加者と非参加者の希望格差が可視化され若者の制度不信と社会分断が深まる
60	TWN	台湾	Taiwan	東アジア	間接衝突	ファブ維持と5年成果を冷静評価	米日と半導体安保連携継続、5年抑止効果を国際共有	5年の抑止継続とファブ維持は国家生存の証明だ	累積疲弊で次5年の持続可能性に内部懸念が深まる	72.0	70.0	76.0	80.0	86.0	74.0	73.0	23.0	5年分岐評価が若者心理に届くが台湾海峡の不確実性は続く
60	KOR	韓国	South Korea	東アジア	間接衝突	5年分岐点で改革成果の正当性を問われ踏ん張る	半導体同盟の先行実績を根拠に米韓技術協定の再確認を求める	5年の構造改革が若者雇用に部分成果をもたらしたと説く	分岐評価で改革不足が露呈し財政疲弊下で次手が見えない	68.0	71.0	78.0	47.0	88.0	69.0	80.0	17.0	韓国5年評価が日本の若者に改革モデルの可能性と限界を同時に突きつける
60	PRK	北朝鮮	North Korea	東アジア	間接衝突	食料危機を隠蔽し挑発で体制引き締め継続	中国へ緊急食料支援を極秘打診しつつ対話カードを温存、海上牽制は維持	5年の試練は自力更生の勝利。制裁は失敗し、人民の意志は折れなかった	食料備蓄が臨界点に達し、中国の追加支援なければ冬前に内部秩序が崩壊する	71.0	18.0	88.0	35.0	96.0	53.0	90.0	9.0	5年目の分岐点評価で北朝鮮不安が再燃し若者のSNSに「有事の備え」論争が広がる
60	RUS	ロシア	Russia	ユーラシア	間接衝突	5年持久を体制存続の正統性に変換する	非同盟圏への資源供給を継続し停戦交渉を正統性回復の道具として使う	5年の耐久が国家の強靭さを証明したと国民に訴え求心力を維持する	人口流出と出生率崩壊で10年後の国家再生産能力に構造的懸念が深まる	67.0	58.0	81.0	70.0	79.0	62.0	83.0	15.0	消耗戦の定着が日本若者のエネルギー・就労不安を構造化し静かな諦めを育てる
60	UKR	ウクライナ	Ukraine	欧州	限定戦争	5年目の消耗の中で存続分岐を模索する	支援継続国と復興先行地区を選別し、同盟信頼の再証明を図る	5年間の耐久が国家存続を証明した。復興格差を縮める次の段階へ	支援国の国内選挙疲れと援助縮小が最大の構造リスクとなっている	81.0	61.0	90.0	72.0	95.0	82.0	87.0	9.0	5年戦争の常態化が若者の国際不安を慢性化し、就労・留学先選定の萎縮を続けさせる
60	IRN	イラン	Iran	中東	境界的圧力	5年耐制裁を体制正統性の証拠として内外に提示	中露迂回網を安定化させ停戦線を維持しながらホルムズ圧力を温存	5年の自力更生が制度の強さを証明した。外圧には屈しない	若者流出累積と制裁疲れが体制凝集力を5年分侵食し臨界が近い	72.0	68.0	84.0	60.0	87.0	72.0	82.0	17.0	5年間のエネルギー高止まりが構造化し若者の就労余力と将来設計幅が狭まった
60	ISR	イスラエル	Israel	中東	間接衝突	5年評価を経て技術主権と社会維持を再測定する	対日技術協定の効果検証を共有し同盟情報網の持続性を確認する	5年間の構造維持の実績を若年層流出抑制の根拠として国民に提示	財政余力は依然臨界近く5年評価が希望より負債の見える化に終わるリスクが高い	65.0	57.0	74.0	51.0	89.0	68.0	79.0	21.0	5年評価の結果が分岐点となり日本若者の技術就労先としてのイスラエル像が揺らぐ
60	SAU	サウジアラビア	Saudi Arabia	中東	圧力上昇	5年改革評価を踏まえ漸進路線を維持	日中への安定供給継続しつつ中東外交均衡を対話で固める	ビジョン2030の5年成果を示し若者雇用拡大を加速すると宣言する	改革成果は上位層に偏り若年不満の分岐が顕在化しつつある	41.0	67.0	75.0	61.0	73.0	58.0	78.0	20.0	供給安定継続でエネルギー高は続くが若者向け改革の部分前進がSNS不安を微減させる
60	EU	欧州連合	European Union	欧州	圧力上昇	5年評価を統合深化の好機と位置づけ	加盟国間格差縮小へ条件付き財政移転の拡充を正式提案する	介入の差が若者格差に出た、次の5年へ制度改革を急ぐ	東西加盟国の政治合意なく財政移転拡大は難航し格差縮小は遅れる	40.0	50.0	70.0	60.0	83.0	54.0	68.0	35.0	EU5年評価報道が「政策次第で若者格差は変わる」と日本SNSに静かに届く
61	USA	アメリカ	United States	北米	圧力上昇	AI覇権維持しつつ国内雇用不満を政策で吸収	同盟国へAI雇用移行フレームを輸出し技術規制を強化	AI転換は一時痛みだが再訓練が次の成長を保証する	再訓練規模は不足しAI失業が次選挙を直撃するリスク	63.0	57.0	89.0	79.0	90.0	65.0	84.0	15.0	雇用再編の波が日本に届き若者のキャリア見通しが霧に包まれる
61	CHN	中国	China	東アジア	境界的圧力	AI移行を党主導で進め雇用不安を制度で封じる	AI統治モデルを輸出し半導体規制への対抗措置を強化する	AI移行は党が管理する。雇用変化は成長過程であり動揺は不要だ	若者失業とAI代替不安が連動し制度不満が臨界点を超えかねない	68.0	42.0	85.0	86.0	88.0	76.0	91.0	14.0	中国のAI雇用再編が日本の製造依存を揺さぶり若者の将来設計に新たな不確実性を押し付ける
61	JPN	日本	Japan	東アジア	境界的圧力	制度再編の機会と排除リスクが拮抗	雇用移行モデルを国際共有し多国間支援枠組みの知見を収集する	AI導入後の雇用再設計を支援するが財源制約で全員保護は困難	教育と社会保障の接続改革に財源なく制度移行の敗者が政権批判に転化しうる	64.0	70.0	86.0	74.0	96.0	78.0	88.0	9.0	AI雇用再設計の恩恵と排除が可視化され若者間格差が制度的に固定化し始め将来不安が深化する
61	TWN	台湾	Taiwan	東アジア	間接衝突	AI転換期もファブ継続で存立証明	AI半導体供給で米日の雇用再設計を技術面から支援継続	AI雇用再設計時代こそファブ維持が台湾の生存根拠だ	累積疲弊と内部分断がAI転換期に表面化するリスクが増す	70.0	68.0	78.0	83.0	84.0	71.0	75.0	25.0	AI雇用再設計期に台湾ファブ依存が高まり若者の技術雇用不安に直結する
61	KOR	韓国	South Korea	東アジア	間接衝突	AI雇用再設計を主導し技術優位で制度転換を図る	半導体優位を根拠にAI雇用基準の国際協調を米国に提案する	AI・ロボ導入による雇用再設計を国家主導で進め若者の不安を緩和する	財政疲弊が続く中AI転換コストと若者支援の両立が困難になっている	65.0	69.0	83.0	43.0	86.0	72.0	84.0	19.0	韓国6年目のAI雇用再設計は日本の若者に自動化社会の現実と制度転換コストを先行体験として見せつける
61	PRK	北朝鮮	North Korea	東アジア	間接衝突	中国援助で急場を凌ぎ核抑止を再前面に押し出す	中国から緊急食料支援を受け取り、見返りにミサイル実験を一時凍結し対話カードを再温存	核の盾が帝国主義の包囲を打ち破った。自力更生は6年目の試練も超える	中国依存が深まり戦略的自律性が低下、内部締付け強化で不満を抑えるしかない	73.0	18.0	85.0	34.0	92.0	51.0	86.0	11.0	ミサイル凍結でSNS不安は微減するが、AI就職不安と重なり若者の将来感情は低迷継続
61	RUS	ロシア	Russia	ユーラシア	間接衝突	6年持久を体制の恒常構造に転換する	非同盟圏への資源供給を拡大し独自AIルートを開拓する	AI転換期の国内産業再編を戦時体制の延長として統制する	AI化に乗れず人口流出と技術格差が構造的衰退を加速する	65.0	56.0	84.0	69.0	80.0	64.0	86.0	13.0	世界AI再編と長期紛争が重なり日本若者の雇用と将来像に二重の不安を与える
61	UKR	ウクライナ	Ukraine	欧州	限定戦争	6年目の制度戦争と技術優位の争奪へ転換	AI・ドローン支援強化と復興先行地区への技術移転を同盟国に要求	AI技術で戦線を維持しつつ復興と雇用再設計を先行させる	支援国が自国AI転換に集中し、軍事援助が構造的に細りつつある	81.0	60.0	91.0	75.0	95.0	81.0	88.0	8.0	AI転換期と戦争常態化が重なり、若者の就労設計と将来展望が一層狭まる
61	IRN	イラン	Iran	中東	境界的圧力	6年耐制裁を体制再動員の根拠に転化	AI技術依存を中露補完で凌ぎホルムズ圧力を温存継続	6年の自力更生はAI時代も続く。外圧に屈せず制度を守る	AI雇用転換で若者流出が加速し体制凝集の最終臨界が近づく	74.0	71.0	86.0	62.0	89.0	74.0	84.0	15.0	6年エネルギー高騰と世界AI再編が重なり若者の就労設計余地がさらに縮小
61	ISR	イスラエル	Israel	中東	間接衝突	技術主権を軸に制度再編を国内外に示す	対日AI教育協定を提案し技術人材の相互流動枠組みを構築する	AI産業優位を雇用再設計の基盤とし若年層の国内定着を支援する	財政危機下の社会保障再設計は政治コストが高く制度疲労が深刻化する	62.0	55.0	72.0	48.0	87.0	65.0	74.0	24.0	イスラエルのAI雇用再設計が先例化し日本若者の将来職種像に揺らぎを生む
61	SAU	サウジアラビア	Saudi Arabia	中東	圧力上昇	AI雇用転換を改革に統合し漸進路線継続	日中韓への安定供給維持しつつAI投資協力で戦略的連携を模索する	AI化を雇用拡大の機会と位置付け若者向け技術訓練を拡充すると宣言	AI導入で中間層雇用が空洞化し成果分配を示せなければ若年不満が爆発しうる	42.0	66.0	77.0	63.0	74.0	60.0	80.0	19.0	エネルギー高継続にAI雇用不安が重なり若者の将来設計コストが上昇する
61	EU	欧州連合	European Union	欧州	圧力上昇	AI雇用再設計を制度改革の中軸に据える	AI規制・学び直し政策を国際規範化し貿易相手国へ制度移出を図る	AI移行の雇用不安に学び直し手当と社会保障改革の加速で応じると表明	東西加盟国の財政合意難航で全域実施は遅れ産業別格差が先に拡大する	38.0	47.0	75.0	57.0	82.0	52.0	73.0	38.0	EUの雇用再設計モデルが日本SNSに届き若者の「学び直しで未来は変わるか」議論を刺激する
62	USA	アメリカ	United States	北米	圧力上昇	AI覇権維持と国内地域格差の政治管理	同盟国へAI格差対策パッケージを提示し技術規制の主導権を握る	AI恩恵の地域格差是正に連邦投資を拡充し次世代雇用を確保する	財源不足と党内調整の限界が格差対策の実効性を骨抜きにするリスク	62.0	58.0	91.0	78.0	91.0	64.0	86.0	14.0	地域格差固定化の波が日本にも届き地方若者の将来設計がさらに霧がかる
62	CHN	中国	China	東アジア	境界的圧力	共同富裕路線で地域格差を党管理下に封じ込める	AI開発モデルを周辺国へ輸出し外需で内圧を分散する	地域格差は党が是正する。騒ぐことは敵対勢力の罠だ	格差固定が若者の出生意向を侵食し党の正統性が静かに崩れる	70.0	42.0	88.0	87.0	90.0	79.0	93.0	14.0	中国の地域格差固定が製造立地再編を加速し日本の若者の就職先と物価に連鎖的な不確実性を刻む
62	JPN	日本	Japan	東アジア	境界的圧力	地域格差固定に抗う制度再編継続	デジタル地方創生を国際協力と結び先進国の地域再生モデルを参照する	地域格差是正を最優先とするが財源制約で段階的支援に留まる	衰退地域と成長地域への資源配分競合が政治判断を硬直化させる	65.0	68.0	88.0	72.0	97.0	76.0	91.0	8.0	地方出身の若者に移住圧力と格差固定感が生じ将来設計意欲が地域で二極化する
62	TWN	台湾	Taiwan	東アジア	間接衝突	地域格差に抗しファブ存続優先	AI半導体供給継続で米日の同盟信頼を維持しつつ内部結束を模索	地域格差が広がる中でもファブ雇用が全土の経済基盤を支える	地方と都市の制度格差が若者流出を加速し将来の動員基盤を侵食する	71.0	67.0	80.0	82.0	85.0	73.0	77.0	23.0	台湾内部格差の固定化がファブ供給不安と共鳴し日本の若者の技術雇用不安をさらに深める
62	KOR	韓国	South Korea	東アジア	間接衝突	地域格差対応と技術優位維持の二正面作戦	半導体収益を地方再建に投じ格差縮小と国際競争力維持を並行する	AI適応できた地域とできない地域の格差を国家主導で縮小し社会統合を守る	財政疲弊下で地方支援・AI転換・北朝鮮抑止を同時維持する余力が枯渇しつつある	63.0	67.0	86.0	40.0	89.0	70.0	88.0	16.0	韓国7年目の地域格差固定化は日本の若者に地方消滅と都市集中という自国の未来図を先見させる
62	PRK	北朝鮮	North Korea	東アジア	間接衝突	凍結維持で援助延命、格差拡大に内部統制で応答	ミサイル凍結を継続し中国援助確保、対話再開条件を高値で提示し続ける	格差拡大の世界で核の盾だけが体制と民を守ると宣伝強化	AGI格差拡大で技術遅れが加速、統制コスト増大と食料不安が同時進行	69.0	18.0	84.0	36.0	91.0	49.0	82.0	13.0	凍結継続で安保不安はやや鎮静するが地域格差報道とAI就職不安が重なり若者の閉塞感は続く
62	RUS	ロシア	Russia	ユーラシア	間接衝突	地域格差管理と持久体制の二重維持	非同盟圏への資源輸出拡大で地方補助金財源と戦費を確保する	地域格差は戦時体制の一時的歪みであり中央が統制する	地方補助金は戦費と競合し若者の地域脱出は止められない	64.0	54.0	85.0	68.0	79.0	62.0	87.0	15.0	紛争7年目の格差固定が世界市場不安を長期化させ日本若者の就業展望を曇らせる
62	UKR	ウクライナ	Ukraine	欧州	限定戦争	7年目の地域二極化と制度更新の非対称戦	復興先行地区への資本誘致を優先し、前線隣接地の支援縮小を同盟国に黙認させる	復興できた地域が国家の証明。全土均等は断念し先行地区で実績を積む	制度更新できた地域と戦線地域の格差が固定化し、若年層の域外流出が止まらない	82.0	57.0	93.0	74.0	94.0	80.0	90.0	8.0	戦争7年目の地域格差固定化が、日本の若者に「居場所は選ばないと消える」と刻む
62	IRN	イラン	Iran	中東	境界的圧力	地域格差を体制求心力に転用し統制維持	中露補完を深め地域影響力を確保しホルムズ封鎖圧力を温存	地域格差は外部追従の失敗。自力更生こそ正しい選択と説く	都市若者の流出と地方格差が体制求心力を静かに侵食している	75.0	72.0	85.0	64.0	88.0	76.0	82.0	16.0	7年目の地域格差固定化が世界に波及し日本若者も居住・就労設計の地域間分断に直面する
62	ISR	イスラエル	Israel	中東	間接衝突	技術集積都市と周辺格差を制度的に吸収し安定維持	AI技術輸出規制を緩和しつつ日韓との半導体・人材協定を推進する	テルアビブ以外の地域にもAI雇用を拡張し国内格差縮小を実現する	財政余力は枯渇寸前で周辺地域への再投資は政治的圧力なしに進まない	63.0	54.0	75.0	47.0	89.0	67.0	78.0	22.0	イスラエルの地域格差固定化が「AIで栄える都市と取り残される地方」の日本型未来として拡散し若者の移住不安を増幅する
62	SAU	サウジアラビア	Saudi Arabia	中東	圧力上昇	地域格差是正を最優先に内部結束を防衛する	原油生産を高水準維持し収益を地域開発財源に充当しつつ日中韓供給継続	地方若者向け技術拠点を全国展開し格差是正を国策の柱に据えると宣言する	格差是正支出と軍事・体制維持費が競合し減産による価格引き上げ誘惑が強まる	41.0	69.0	74.0	62.0	73.0	61.0	77.0	20.0	格差固定化で原油高が長期化し若者のエネルギーコストと雇用不安が連動して悪化する
62	EU	欧州連合	European Union	欧州	圧力上昇	地域格差是正を制度存続の核心課題に据える	結束基金の再配分と格差地域AI産業誘致で欧州内連帯を維持する交渉を進める	制度更新地域の成果を遅延地域へ拡張する連帯強化政策を推進すると表明	恩恵地域の負担増反発と東西財政対立で再配分合意は大幅に遅延する	36.0	48.0	79.0	55.0	86.0	55.0	77.0	35.0	EU地域格差の固定化が地方消滅と東京一極不安に重なり若者の定住意向と出生意向を下げる
63	USA	アメリカ	United States	北米	圧力上昇	AI規制主導とブロック固めで技術覇権を守る	同盟国向けAI規制枠組みを発動し半導体輸出管理を強化する	AI主導産業で雇用創出し技術覇権維持が暮らしを守ると訴える	党内分断と財源制約がブロック外交の実行力を削いでいる	65.0	60.0	88.0	74.0	89.0	61.0	84.0	17.0	ブロック再編で日本の技術・安保負担が増し若者の将来設計に不確実性が積み重なる
63	CHN	中国	China	東アジア	境界的圧力	ブロック再編を主導し技術主権を固める	AI・半導体規格を南側諸国に標準化し西側技術ブロックに対抗する	新秩序は中国主導だ。分断は敵の言葉ではなく機会だ	格差と出生率低下は封じ込め不能で体制正統性の底が静かに抜ける	74.0	44.0	90.0	90.0	87.0	83.0	91.0	11.0	ブロック均衡の固定化が日本の若者の就職と技術選択を二択に圧縮し将来設計の自由度を収縮させる
63	JPN	日本	Japan	東アジア	境界的圧力	半導体外交でブロック均衡を乗り切る	西側ブロックとの半導体・AI規制連携を深め技術主権と同盟信頼を同時に確保する	国際秩序再編に備え技術基盤強化と生活支援の優先配分を段階的に整理する	ブロック選択の遅延が産業競争力と同盟信頼を同時に毀損するリスクを抱える	63.0	64.0	85.0	65.0	94.0	70.0	88.0	14.0	ブロック経済化で就活・技術職が二分され若者の将来設計に選別圧力と機会格差が同時に増す
63	TWN	台湾	Taiwan	東アジア	境界的圧力	ブロック再編でファブ戦略地位を確保	民主ブロック内での半導体供給規範策定を主導し戦略自律を強化	新秩序でのファブ優位を確保し雇用基盤と安全保障を両立する	ブロック依存深化が独自外交余地を狭め対中緊張を固定化する	66.0	64.0	73.0	76.0	81.0	68.0	71.0	29.0	ブロック再編による台湾依存深化が日本の若者の技術雇用を地政学リスクに縛る
63	KOR	韓国	South Korea	東アジア	境界的圧力	ブロック均衡下で半導体外交を武器に自律確保	米韓同盟を軸にしつつ半導体をブロック間交渉カードとして機能させる	新秩序への適応は半導体優位が国家を守る盾だと国民に示す	財政疲弊と地方格差が続く中でブロック選択を誤れば同盟も経済も崩れる	59.0	62.0	82.0	37.0	85.0	64.0	83.0	19.0	韓国の綱渡り外交は日本の若者に陣営選択を迫られる未来を先に見せる
63	PRK	北朝鮮	North Korea	東アジア	間接衝突	ブロック再編に乗じ中国依存を深化、内部引き締め継続	中露ブロック帰属を明示し援助増額を引き出す。ミサイル凍結継続で地位を守る	新世界ブロックの中で核の盾だけが体制と民族を守ると宣伝強化	AGI技術格差の拡大で統制コストが増大し、中国依存が深まるほど自律性が低下する	65.0	18.0	82.0	40.0	91.0	52.0	78.0	14.0	ブロック均衡形成でPRK直接リスクはやや落ち着くが半導体分断と就職不安が若者の閉塞感を継続させる
63	RUS	ロシア	Russia	ユーラシア	間接衝突	新ブロック秩序への軸足移動と持久継続	グローバルサウス・中国圏との資源・技術交換枠組みを8年目に制度化する	多極秩序が確立しつつあり制裁包囲は崩れ始めた	8年の戦費累積と人口流出が体制の持続余力を静かに削っている	61.0	51.0	82.0	71.0	80.0	59.0	81.0	18.0	新ブロック秩序で資源価格は微安定するが半導体規制強化が日本の計算資源と雇用先行きを曇らせる
63	UKR	ウクライナ	Ukraine	欧州	限定戦争	ブロック均衡に乗り復興投資と同盟確保を急ぐ	新ブロック均衡を活用しAI・インフラ同盟資本を引き出し復興を加速する	国際秩序再編は我々に有利。先行復興地区の実績が8年目の証明となる	ブロック編入で戦略価値が変化し、同盟支援の条件交渉が複雑化している	80.0	62.0	90.0	78.0	91.0	76.0	86.0	12.0	戦争8年目の秩序再編がウクライナを新ブロックに組み込み、日本の若者に「世界は再設計される」と刻む
63	IRN	イラン	Iran	中東	境界的圧力	新秩序多極外交で体制安定を堅持	中露ブロック統合を深め半導体確保とホルムズ圧力温存を両立	多極秩序の到来が証明された。非西側路線こそ生存戦略だと訴える	中国依存深化で自律性が漸減し体制主権が静かに問われ始める	77.0	74.0	83.0	61.0	87.0	73.0	79.0	18.0	ブロック間エネルギー競合が激化し日本若者の物価・就職先の地域選択に新たな制約を課す
63	ISR	イスラエル	Israel	中東	間接衝突	技術ブロック再編を機に自律的枢軸地位を確保する	AI・半導体でG7寄りブロックに接近し技術輸出協定を拡大する	新国際秩序での技術優位が国家存続を守ると国民に説明する	エネルギー脆弱性と財政枯渇で選択肢は技術外交に事実上限定される	60.0	56.0	71.0	48.0	83.0	63.0	70.0	26.0	ブロック再編でイスラエル経由の半導体ルートが不安定化し若者の就職先が揺れる
63	SAU	サウジアラビア	Saudi Arabia	中東	圧力上昇	ブロック均衡で戦略的中立を維持する	日中米欧向け原油供給を均等維持しつつ各ブロックから技術協力を引き出す	国際秩序の再編でも原油収益は安定し国民向け補助を継続する	中立維持コストが増大しブロック選択圧力が財政と外交を同時に圧迫する	45.0	64.0	71.0	67.0	70.0	65.0	73.0	23.0	中立策でエネルギーは安定するが技術ブロック分断が若者の将来選択肢を圧迫する
63	EU	欧州連合	European Union	欧州	圧力上昇	AI規制主導でブロック均衡内の標準権を確保する	AI規制と欧州半導体政策でブロック均衡内の標準権確立を主導する	AI規制主導で新秩序に適応し欧州産業と連帯構造を維持すると表明	東西財政対立と規制コスト格差で標準合意の実行は大幅に遅延する	35.0	45.0	76.0	52.0	84.0	51.0	73.0	37.0	EU AI規制が国際標準化を加速し日本の若者は適応コストと未来不透明感を強く感じる
64	USA	アメリカ	United States	北米	圧力上昇	AI技術主権と社会保障再設計を同時推進	台湾・中東安定化で同盟国負担増を要求しAI規制協調を維持する	世代間契約再設計でAI恩恵を若者に届け社会保障の持続を約束する	世代間給付削減への反発が財政改革を阻み党内分断が拡大している	67.0	61.0	86.0	72.0	88.0	60.0	83.0	18.0	世代間格差論争が日本でも共鳴し若者の財政負担感と将来不安が重なる
64	CHN	中国	China	東アジア	境界的圧力	社会再設計を制御し体制正統性を維持	技術主権投資を継続し南側諸国への標準普及で西側包囲に対抗する	AGI時代の社会設計は我々が主導する。不安は敵の情報操作だ	世代間再設計コストと出生率危機が財政と正統性を同時に侵食する	76.0	46.0	92.0	89.0	90.0	82.0	93.0	10.0	中国の世代間再設計が競争圧力を激化させ日本若者の就労と技術選択の余地をさらに圧縮する
64	JPN	日本	Japan	東アジア	境界的圧力	世代間再分配で財政制約と若者支援を調整	同盟安全保障維持しながら介護年金教育の国内配分見直しに集中する	世代間の痛みを分かち合い制度の持続性を高める改革案を提示する	若者票と高齢者票の板挟みで抜本改革が先送りになるリスクがある	61.0	62.0	84.0	63.0	96.0	67.0	91.0	10.0	年金教育住居の再配分議論で若者の将来負担感と選択肢の圧縮が同時に高まる
64	TWN	台湾	Taiwan	東アジア	境界的圧力	ファブ収益で世代間財政を下支え	民主ブロック内の半導体収益分配と財政補完協議を継続し存在感を維持	半導体産業が世代間の社会保障を支える構造を守り、安全保障と両立する	高齢化と防衛費の競合でファブ労働力確保と年金財源が綱引き状態になる	67.0	63.0	76.0	74.0	84.0	67.0	73.0	26.0	台湾依存の技術雇用と世代間財政再編が重なり、日本の若者は将来設計の二重不安を抱える
64	KOR	韓国	South Korea	東アジア	境界的圧力	世代間格差と半導体外交の同時管理	半導体供給カードで日米との世代間政策協調枠組みを模索する	半導体産業での雇用創出が世代間格差解消の現実的な道だと訴える	若者の怒りと高齢者の既得権が衝突し年金・防衛の財政改革余力が消える	57.0	64.0	87.0	34.0	89.0	61.0	88.0	16.0	韓国の世代間分断の深まりは日本の若者に社会契約崩壊が先に来る未来を見せる
64	PRK	北朝鮮	North Korea	東アジア	間接衝突	日本の内政混乱を好機と見て凍結維持で存在感	ミサイル凍結を維持しつつ中露援助を確保。日本の世代間論争期に挑発的発言で安保不安を刺激する	日本の制度崩壊こそ資本主義の末路。我々の体制は正しく核の盾が民族を守ると宣伝強化	食料・農業崩壊が継続し中国援助なしでは年内維持困難。AGI格差で体制監視コストが膨張	66.0	17.0	83.0	38.0	92.0	53.0	81.0	11.0	日本の世代間論争にPRK脅威論が絡み安保不安が上乗せされ若者の将来設計が二重に揺らぐ
64	RUS	ロシア	Russia	ユーラシア	間接衝突	戦費継続と世代負担再分配の強権管理	グローバルサウス向け資源輸出を拡大し制裁迂回の多極経済網を維持する	9年の奮闘が多極秩序の礎となり年金・社会保障は守られる	戦死・逃亡による労働力空洞と年金財政逼迫が体制基盤を静かに侵食する	62.0	54.0	83.0	72.0	81.0	61.0	84.0	17.0	世代間費用転嫁論がSNSで共鳴し若者の年金不信と将来不信が同時に高まる
64	UKR	ウクライナ	Ukraine	欧州	限定戦争	戦争継続と世代契約再設計を同時推進	同盟支援を維持しつつ復興第二期の枠組み交渉を開始する	戦場世代と復興世代の契約再設計で国家継続を示す	戦争疲弊と若者流出で世代契約の基盤が崩壊しつつある	82.0	60.0	93.0	76.0	94.0	74.0	89.0	10.0	戦争9年目の世代分断が日本の若者に「社会契約は壊れる」という恐怖を送り続ける
64	IRN	イラン	Iran	中東	境界的圧力	若年不満を外部脅威論で吸収	ホルムズ圧力と中露枠組みを維持し制裁下でエネルギー輸出路を確保	世代間格差より制裁こそ経済苦難の元凶だと訴え体制結束を図る	若年失業悪化が世代間反体制運動に転化するリスクを抑制できない	76.0	73.0	85.0	61.0	89.0	72.0	82.0	16.0	世代間負担論争の最中、エネルギー高止まりが若者の将来設計の余白を狭める
64	ISR	イスラエル	Israel	中東	間接衝突	技術外交軸を守りつつ国内世代対立を管理する	G7との技術協定を深め、安保コストを同盟側で分散する試みを継続する	安全保障と経済競争力の両立が次世代の未来を守ると国民に説明する	若者の戦争疲弊と財政限界でAI・防衛への過剰投資は持続不能	58.0	54.0	68.0	45.0	80.0	60.0	65.0	28.0	世代間格差論争が深まる中、イスラエル経由の技術ルート不安定は続き若者の就職先が揺れる
64	SAU	サウジアラビア	Saudi Arabia	中東	圧力上昇	収益確保で国内世代再分配を支える	増産余地を温存しつつ欧米・中国双方に価格調整シグナルを出す	Vision2030の若者向け補助を維持するため原油収益を安定確保する	世界的財政引き締めで需要が落ちれば収益モデルが揺らぐ	43.0	68.0	69.0	64.0	73.0	62.0	76.0	20.0	世代間再分配コストに加えエネルギー高が若者の可処分所得をさらに圧迫する
64	EU	欧州連合	European Union	欧州	圧力上昇	世代間再設計でEU制度正統性を堅持する	ウクライナ支援を維持しつつEU域内社会契約の世代間再設計を主導する	AI経済で雇用を創出し若者への世代間負担を緩和すると表明する	東西財政格差と高齢化圧力で世代間合意は割れ財政改革が遅延する	33.0	46.0	79.0	50.0	87.0	50.0	77.0	35.0	EU世代間契約見直しが日本の年金不安を増幅し若者の将来設計の困難感を強める
65	USA	アメリカ	United States	北米	圧力上昇	AGI移行10年の成果と格差を公式評価	同盟国にAI安全基準の共有を求め台湾・中東の監視態勢を維持する	AGI10年で生産性は向上した。格差是正は次の5年の政策課題とする	AI利益の集中が解消されず若年層の政治不信が臨界に近づいている	64.0	57.0	83.0	69.0	85.0	56.0	80.0	22.0	米国の格差評価が鏡となり日本の若者の諦念と制度不信の閾値感を刺激する
65	CHN	中国	China	東アジア	境界的圧力	10年評価を体制継続の根拠として統制する	半導体国産化を加速し南側標準化で西側輸出管理に対抗する	10年の社会設計は成果を示した。AGI時代は我々の制度が主導する	出生率危機と世代間再設計コストが財政と正統性を同時に侵食し続ける	75.0	44.0	91.0	87.0	92.0	80.0	89.0	11.0	中国の10年評価が体制安定を演出するほど技術覇権競争は固定化され日本若者の就労・学習選択肢が構造的に縮小する
65	JPN	日本	Japan	東アジア	境界的圧力	希望と諦念が二極化、次期政策の岐路に	国際機関と若者支援モデルを共有し多国間枠組みへの参加を検討する	10年成果を公開し、連帯強化と離脱防止の双方に対応する次期政策を提示する	離脱層の再統合コストが財政余力を超えており、構造改革は難航し続ける	59.0	60.0	76.0	60.0	94.0	63.0	83.0	13.0	希望を得た若者と諦念に沈んだ若者の二極化が進み、社会参加格差と政策信頼の断層が拡大する
65	TWN	台湾	Taiwan	東アジア	境界的圧力	繁栄の分配格差が制度信頼を侵食	民主同盟との半導体収益分配協議を継続しつつ格差縮小財源を同時に模索する	10年の半導体成長は実績を出したが分配の不均衡が若者離反を招いている	ファブ外労働者の不満と防衛費優先の正統性が同時に侵食されつつある	68.0	62.0	78.0	72.0	81.0	65.0	77.0	28.0	台湾10年格差が可視化され、半導体依存型雇用モデルへの不安が日本若者にも伝播する
65	KOR	韓国	South Korea	東アジア	境界的圧力	半導体成果を示すが世代格差縮小は限定的	半導体競争力を外交カードに維持し対北抑止と日米協調を継続する	半導体産業の成果は出たが若者の将来不安解消には更なる改革が必要	自動化加速で半導体以外の雇用が消え世代間断絶が深まりつつある	59.0	61.0	83.0	31.0	87.0	58.0	85.0	18.0	韓国の「成長しても安心できない」10年評価が日本の若者の希望損耗を加速させる
65	PRK	北朝鮮	North Korea	東アジア	間接衝突	10年評価期に体制正統性を対外宣伝で補強	ミサイル凍結継続で中露援助を確保。日本の制度10年評価の混乱期に核抑止論を強化し存在感を維持	日本の10年介入失敗が資本主義の終わりの証明。核の盾と指導者が民族を正しく導いたと宣伝強化	食料危機継続で中国援助なしに年内維持困難。AGI格差拡大で体制監視コストが膨張し内部亀裂の兆候	67.0	16.0	81.0	37.0	90.0	52.0	78.0	14.0	10年評価期に安保不安が再燃し若者の制度改革への期待と軍事的脅威感が同時に高まり将来設計が二重に揺らぐ
65	RUS	ロシア	Russia	ユーラシア	間接衝突	10年目正統性再確認と社会疲弊の統制	グローバルサウスへの資源供給継続と多極経済圏の制度化を推進する	10年の犠牲が多極秩序を築いた。生活保障は維持されると強調する	戦死・逃亡の累積が人口動態を歪め年金財政の持続性に深刻な赤信号が灯る	61.0	52.0	83.0	70.0	84.0	60.0	86.0	18.0	ロシアの世代消耗パターンがSNSで拡散し将来設計を諦める若者の論拠として共鳴する
65	UKR	ウクライナ	Ukraine	欧州	限定戦争	10年評価で希望と離脱の岐路に立つ	国際支援の成果を提示し復興評価フレームを更新する	10年目の希望の芽を次世代契約の根拠とする	若者流出が続き希望演出と実態の乖離が拡大中	80.0	58.0	90.0	74.0	92.0	72.0	85.0	12.0	戦争10年評価が「制度は希望を作れるか」という問いを日本の若者に投げかける
65	IRN	イラン	Iran	中東	境界的圧力	制度疲弊10年、体制は構造的消耗期へ	停戦を維持しながら中露との資源連携で対米圧力を温存し周辺圧力を継続	制裁との10年の戦いは抵抗の歴史として体制正統性の語りに組み込む	若年層の体制離れが10年で固定化し外部脅威論の吸収効果が著しく低下	74.0	75.0	83.0	60.0	86.0	71.0	79.0	18.0	10年後もイランの航路圧力が続き若者の経済余白と将来設計を侵食する
65	ISR	イスラエル	Israel	中東	間接衝突	制度評価に応え技術外交軸を維持する	G7連携と技術輸出継続で同盟信頼を保ちながら地域圧力を分散する	10年の制度努力が安全と競争力に結実しつつあると若世代に示す	若者の政治離脱は深く、制度評価の楽観は一部層にしか届かない	55.0	52.0	64.0	43.0	79.0	57.0	61.0	31.0	10年評価で技術ルート不安は若干和らぐが、就職先の不透明感は若者の間で依然残る
65	SAU	サウジアラビア	Saudi Arabia	中東	圧力上昇	10年評価で正統性を示し改革路線を継続する	OPEC+協調を維持し原油価格帯を防衛しつつ中国・欧米双方へ供給安定を提示する	Vision2030の10年成果を示し若者の改革参加を継続して呼びかける	需要鈍化が長引けば改革財源と収益モデルが同時に揺らぐリスクがある	41.0	66.0	67.0	63.0	71.0	60.0	73.0	22.0	供給安定シグナルはあるがエネルギーコストは高止まりし若者の可処分所得と将来設計を圧迫し続ける
65	EU	欧州連合	European Union	欧州	圧力上昇	10年評価で制度効果を再設計に活かす	ウクライナ支援継続とAI規制の成果評価を基に域内格差縮小策を発動する	10年の制度介入が若者の希望底上げに一定貢献したと評価し次期改革へ	東西財政格差と高齢化で世代間合意は脆く抜本改革は依然先送り状態	30.0	43.0	74.0	47.0	81.0	46.0	70.0	40.0	EU評価の混在結果が日本の年金不安を継続させ若者の将来設計困難感は緩慢に残る
66	USA	アメリカ	United States	北米	圧力上昇	役割再生産危機への対応を優先宣言	同盟国と役割再生産支援政策の国際協調を求めつつAI競争優位を維持する	AI世代の家族形成を支える政策を強化し役割の意味を再定義する	若年家族世帯の住居と子育て負担がAI生産性向上に追いつかず政治離反が加速	62.0	58.0	86.0	66.0	84.0	53.0	83.0	20.0	米の役割再生産危機が鏡となり日本の若者の家族形成と希望経路への不安を深める
66	CHN	中国	China	東アジア	境界的圧力	役割形成期世代を体制正統性の根拠に転換する	AGI人材育成を国家主導で制度化し15年技術実績を覇権根拠とする	15年の制度設計が今の世代を支える。国家が役割再生産を保障する	出生率危機世代が家族形成期に入り再生産コストと財政負担が同時に臨界に近づく	76.0	44.0	90.0	88.0	91.0	79.0	88.0	11.0	中国の15年制度化が技術覇権を固定するほど日本若者の職業・学習設計の自由度は構造的に狭まる
66	JPN	日本	Japan	東アジア	境界的圧力	役割再生産の失敗を認め、次期5年枠組みを模索	OECD・G7と少子化対策の比較制度設計を共同検討する	15年の成果と限界を正直に開示し、家族支援の再設計を宣言する	財政余力は底を打ち、出生率回復に必要な規模の政策投資が不可能な状態	58.0	61.0	79.0	60.0	96.0	62.0	87.0	10.0	家族形成を諦めた層が統計として可視化され、若者の将来設計への信頼が構造的に崩落し始める
66	TWN	台湾	Taiwan	東アジア	境界的圧力	役割再生産危機が制度正統性を試す	民主同盟との技術協定を継続しつつ若年家族支援財源の再配分を同盟側と交渉する	半導体成長の果実を家族形成世代に届ける再分配策を本格化する	防衛費削減は不可だが家族支援予算の不足が若者の制度離反を加速させている	67.0	61.0	76.0	71.0	80.0	63.0	79.0	26.0	台湾の役割再生産危機が可視化され、半導体依存雇用と家族形成困難の連鎖が日本若者の不安を刺激する
66	KOR	韓国	South Korea	東アジア	境界的圧力	技術成長と家族形成支援の矛盾を抱える	半導体外交を維持しながら少子化問題を国際議題として提起する	半導体収益を家族支援に還元する制度改革を急ぐ	技術収益が集中し出生率回復の有効手段が見当たらない	57.0	63.0	80.0	28.0	91.0	55.0	88.0	15.0	韓国の「成長しても家族を持てない」現実が日本の若者の家族形成意欲をさらに削る
66	PRK	北朝鮮	North Korea	東アジア	間接衝突	15年継続を体制正統性の証として宣伝	凍結維持で援助確保しつつ核抑止論を強化。日本15年評価混乱期に存在感を誇示	指導者15年の判断で核と自立農業が民族を守ったと宣伝し社会不満を抑制	食料危機継続で中国依存が深まる。AGI監視コストで内部統制維持が限界近い	68.0	16.0	78.0	36.0	89.0	50.0	76.0	14.0	15年目の家族形成期に安保脅威が重なり若者の将来設計と安心感を二重に侵食する
66	RUS	ロシア	Russia	ユーラシア	間接衝突	15年消耗を多極秩序の礎として再定義	グローバルサウス制度経済圏の深化と中央アジアからの労働移入で人口空洞を補填する	15年の犠牲が新世界秩序の土台となった。次世代の生活は多極配当で補償すると宣言	戦死・逃亡世代が家族形成期を空洞化させ年金と人口再生産の財政赤信号が構造化する	59.0	50.0	82.0	67.0	87.0	57.0	85.0	20.0	ロシアの人口再生産空洞がSNSで可視化され将来設計を放棄する若者の根拠として共鳴する
66	UKR	ウクライナ	Ukraine	欧州	限定戦争	15年目の役割再生産空洞化と存続の綱引き	復興15年評価を国際社会に提示し若者帰還策を求める	15年の犠牲が築いた制度を次世代に手渡す契約とする	帰還しない若者世代が役割再生産の空洞を深刻化させている	79.0	57.0	91.0	73.0	94.0	71.0	86.0	11.0	15年戦争の若者帰還断念が「家族を持てる社会か」という問いを日本の同世代に重ねさせる
66	IRN	イラン	Iran	中東	境界的圧力	15年目、消耗続くも体制構造を堅持	中露資源連携を維持し停戦継続・周辺への低強度圧力を温存	15年の抵抗が正統性を証明、家族と国家の未来を守ると強調	若年層の体制離れが家族形成期に固定化し抵抗論の求心力が消滅しつつある	73.0	76.0	84.0	58.0	88.0	72.0	81.0	16.0	停戦15年目でも航路圧力は構造化し家族形成期の若者の余白を侵食し続ける
66	ISR	イスラエル	Israel	中東	間接衝突	15年評価を技術外交の継続根拠に活用する	G7技術連携を深化させ地域安定化交渉と並行して同盟信頼を維持する	15年の制度構築が家族形成世代の安全と競争機会を支えていると示す	若者の家族形成コスト不満と政治不信が制度的楽観論を内側から侵食する	53.0	52.0	65.0	41.0	79.0	56.0	63.0	31.0	家族形成期の若者が就労と子育て両立不安を抱え、技術供給経路の不透明感も残る
66	SAU	サウジアラビア	Saudi Arabia	中東	圧力上昇	改革成果と供給安定を15年節目に示す	OPEC+産出調整を維持し日本・欧州向けに長期供給保証を提示し関係強化を図る	Vision2030の15年成果を示し若者の雇用と改革継続への期待を高める	再生可能エネルギー移行加速で原油需要の長期減退シナリオが現実味を増している	40.0	65.0	65.0	62.0	70.0	58.0	71.0	25.0	15年節目の供給安定アピールは短期的緩衝になるが若者の可処分所得圧迫は続く
66	EU	欧州連合	European Union	欧州	圧力上昇	家族形成期への制度支援再設計を主導	AI規制成熟期を活かし域内若者支援予算を家族形成期に移行させる	15年評価で家族形成支援の制度再設計を次期優先課題に据える	東西財政格差と高齢化負担が家族支援予算の合意形成を妨げ続ける	29.0	41.0	73.0	46.0	80.0	44.0	68.0	43.0	EU家族支援再設計が日本の少子化政策議論を刺激し若者の将来設計感に緩やかに作用
67	USA	アメリカ	United States	北米	圧力上昇	同盟負担とAI優位を同時維持	同盟に防衛・半導体投資を要請し対中抑止強化	生活費と雇用不安に対策し競争力を守る	国内分断と財政政治が長期動員を縛る	66.0	61.0	84.0	70.0	86.0	58.0	85.0	18.0	同盟負担とAI競争が将来設計を圧迫し不安が増幅
67	CHN	中国	China	東アジア	境界的圧力	出生と地域統治を技術動員で補強	半導体自立投資を拡大し輸出統制に対抗	人口減でも成長は維持、地域を再配置する	若者負担増が不満化し統治コストが上昇	78.0	47.0	88.0	90.0	93.0	82.0	86.0	12.0	技術覇権と市場圧力で職の選択肢が狭まり、将来設計が硬直する
67	JPN	日本	Japan	東アジア	境界的圧力	人口評価を制度改編へ接続	同盟協議で供給網・燃料調達を分散	出生・地域の現実を直視し再配分へ	財源不足で若者支援の規模が不足	60.0	63.0	81.0	58.0	97.0	64.0	89.0	9.0	地域縮小が可視化し、将来設計は萎むが制度改編の兆しで分断は抑制
67	TWN	台湾	Taiwan	東アジア	境界的圧力	抑止維持と社会配分を両立	同盟訓練と供給保証枠を更新し分散化	安全と雇用を守り若年支援を前倒し	抑止費用と生活費が競合し不満が残る	68.0	60.0	74.0	69.0	79.0	62.0	77.0	27.0	出生・地域の評価が現実味を増し、半導体依存と将来不安が日本若者に波及
67	KOR	韓国	South Korea	東アジア	圧力上昇	成長配分を再設計し安定優先	半導体協調を維持しつつ対北抑止強化	成長果実を若年・地域に再配分し不安抑制	財源の限界と既得権で再配分が進みにくい	54.0	60.0	82.0	30.0	88.0	57.0	90.0	18.0	『成長しても暮らしが良くならない』感覚が日本の将来信頼を冷やす
67	PRK	北朝鮮	North Korea	東アジア	間接衝突	瀬戸際演出で抑止を誇示	短距離発射で圧力維持、対話窓口は残す	外圧が増すほど団結が必要と強調	食料・外貨難で挑発の上限が低い	71.0	18.0	80.0	38.0	90.0	52.0	79.0	13.0	出生・地域評価期に安保不安が重なり、将来像が縮む
67	RUS	ロシア	Russia	ユーラシア	間接衝突	長期消耗を制度維持で吸収	資源輸出の迂回維持と周辺影響力を強化	生活は守る、国家は耐える。負担は分散する	人口空洞と熟練不足で成長余地が細る	61.0	46.0	84.0	69.0	89.0	58.0	86.0	18.0	人口・地域の崩れが可視化し、将来設計の諦めが若者に伝染
67	UKR	ウクライナ	Ukraine	欧州	限定戦争	復興と人口維持を同時優先	出生・地域データを提示し復興資金を再配分要求	次世代の生活基盤再建を最優先で進める	動員・流出で地域維持が限界、統治負荷増	81.0	58.0	92.0	74.0	95.0	72.0	87.0	10.0	出生と地域崩れの現実が、日本の同世代に将来設計の萎縮を促す
67	IRN	イラン	Iran	中東	境界的圧力	停戦維持で体制の消耗管理	停戦順守を強調し代理勢力は抑制・温存	制裁下でも秩序維持、生活は守る	若年不満と財政制約で長期負担が限界	69.0	72.0	81.0	56.0	86.0	70.0	79.0	18.0	航路不安が家計と将来設計を圧迫、希望が分散する
67	ISR	イスラエル	Israel	中東	間接衝突	技術連携で抑止と国内統合	同盟と技術供給網を固め抑止を維持、停戦枠も探る	長期安全と産業基盤を守るため負担を分かち合う	動員負担と分断が拡大、政権正統性が揺らぐ	56.0	58.0	63.0	44.0	82.0	60.0	66.0	29.0	遠隔戦と供給網不安で将来設計が鈍り、出生観も冷える
67	SAU	サウジアラビア	Saudi Arabia	中東	圧力上昇	供給安定を維持し価格を抑制	OPEC+を微調整し日欧に長期契約枠	安定収入で雇用と改革投資を継続	人口圧と補助金負担で財政が揺れる	42.0	60.0	66.0	62.0	68.0	56.0	72.0	28.0	価格はやや落ち着くが将来不安が残り結婚・出産観が冷える
67	EU	欧州連合	European Union	欧州	圧力上昇	人口影響を踏まえ制度再配分	出生・地域評価を根拠に支援枠を再設計	若者希望と地域維持を両立する制度へ	財政格差と高齢化で再配分が難航	30.0	39.0	70.0	44.0	78.0	43.0	66.0	45.0	EUの評価指標が日本の若者に“制度で変わる”感を与える一方、雇用不安は残る
68	USA	アメリカ	United States	北米	圧力上昇	同盟負担とAI優位を堅持	同盟へ防衛・半導体増産を要求し対中抑止	雇用と物価対策で次世代の信頼を守る	分断と議会対立で長期動員が難しい	68.0	63.0	82.0	72.0	84.0	60.0	88.0	20.0	同盟負担と雇用不安が将来像を曇らせ焦りが増す
68	CHN	中国	China	東アジア	境界的圧力	統治正統性と雇用安定を優先	台湾周辺で圧力維持、技術自立投資と輸出先多角化	信頼回復へ雇用と治安を守り成長の質を上げる	若者の期待低下と地方財政で統治コスト増	76.0	45.0	86.0	92.0	90.0	80.0	84.0	14.0	対中依存の見直しが続き、就活の不確実性と将来不安が長引く
68	JPN	日本	Japan	東アジア	境界的圧力	信頼断絶を再配分で防ぐ	同盟協議で燃料・部材調達を多元化	次世代の信頼を守るため負担と支援を再配分	財源逼迫で若者投資と防衛費が衝突	58.0	59.0	78.0	55.0	95.0	62.0	86.0	12.0	支援の筋は見えるが負担議論で分断不安が残る
68	TWN	台湾	Taiwan	東アジア	境界的圧力	抑止維持と供給信頼を優先	同盟連携と半導体供給枠を再確認	安全と暮らしを両立し機会を守る	防衛費と物価対策で財政が圧迫	70.0	58.0	72.0	66.0	81.0	64.0	78.0	26.0	供給不安が将来設計を硬直化し挑戦回避が増える
68	KOR	韓国	South Korea	東アジア	圧力上昇	若年信頼回復を優先し安定維持	米日と半導体協調継続、対北抑止も維持	次世代の機会を増やし制度への信頼を戻す	再配分の抵抗と成長鈍化で成果が遅い	56.0	58.0	78.0	28.0	84.0	55.0	86.0	22.0	『努力が報われる条件』議論が拡散し、日本の将来不安を刺激
68	PRK	北朝鮮	North Korea	東アジア	間接衝突	挑発を管理し体制を守る	示威発射で存在誇示、対話窓口は温存	外圧下の結束と規律を強調	食料・外貨難で長期対立は困難	74.0	19.0	82.0	40.0	91.0	54.0	83.0	12.0	制度信頼の再評価期に安保不安が上書きされ、挑戦より回避が増える
68	RUS	ロシア	Russia	ユーラシア	間接衝突	制度耐久で長期消耗を管理	資源輸出の迂回維持と対制裁網を拡張	圧力は続くが生活は守る、耐える国家へ	人材流出と投資不足で更新力が落ちる	64.0	49.0	82.0	71.0	86.0	60.0	84.0	20.0	閉塞の常態化が伝わり、挑戦より安定志向が強まる
68	UKR	ウクライナ	Ukraine	欧州	限定戦争	支援継続と制度信頼を確保	欧州・G7に復興監査強化と長期支援要請	復興の透明性を高め次世代の生活を守る	兵員・財源・人口流出で統治余力が逼迫	78.0	54.0	90.0	72.0	93.0	70.0	84.0	12.0	制度が次世代へ継承される重さが、日本の若者の将来不安を増幅
68	IRN	イラン	Iran	中東	境界的圧力	停戦維持で体制消耗を抑制	停戦順守を強調し代理勢力は抑制・保持	秩序と生活防衛を優先し制裁に耐える	若年層不満と財政難で長期戦は不可	66.0	68.0	79.0	57.0	84.0	69.0	77.0	20.0	航路と物価不安が進路選択を短期化、信頼が削れる
68	ISR	イスラエル	Israel	中東	間接衝突	停戦枠を維持しつつ抑止強化	同盟協調で抑止強化、停戦監視とサイバー警戒	安全確保と経済維持を同時に進める局面だ	動員疲労と分断、国際批判で作戦余地が狭い	58.0	60.0	64.0	46.0	83.0	62.0	67.0	28.0	遠隔紛争の長期化で物価と不安が残り、挑戦意欲が細る
68	SAU	サウジアラビア	Saudi Arabia	中東	圧力上昇	供給維持と価格上振れ抑制	OPEC+増産余地を示し日向け契約枠調整	収益確保で雇用と改革投資を守る	治安と補助金負担で急な増産は難しい	46.0	57.0	64.0	61.0	66.0	54.0	70.0	30.0	物価の乱高下懸念が残り、将来設計を先送りしやすい
68	EU	欧州連合	European Union	欧州	圧力上昇	世代信頼を制度で補強	AI規制と支援条件を統合し同盟協調	若者の納得を軸に成長と公正を両立	加盟国差と選挙周期で合意が遅い	28.0	36.0	66.0	40.0	74.0	41.0	62.0	47.0	制度で未来が動く感は増すが、雇用の不透明さが焦りを残す
69	USA	アメリカ	United States	北米	圧力上昇	同盟負担とAI覇権を優先	同盟へ防衛・供給網・計算資源の協力要求	家計負担と雇用不安に対処し中間層を守る	分断と財政論争で長期負担は限界	70.0	61.0	84.0	75.0	87.0	63.0	90.0	18.0	家計・雇用・育児の見通しが曇り、家族形成の不安が増幅
69	CHN	中国	China	東アジア	境界的圧力	雇用・統治優先で外圧耐性	台湾周辺の圧力継続、輸出先分散と技術自立	雇用と物価を守り、生活の安定を最優先	家族形成不安と地方債務で統治費が増大	78.0	47.0	88.0	93.0	91.0	82.0	86.0	13.0	結婚・子育ての現実性が重く、賃上げ停滞と将来不安が増す
69	JPN	日本	Japan	東アジア	境界的圧力	家計安定と同盟抑止を同時維持	同盟協議で燃料・肥料・重要部材を多元化	家計と将来設計を守る支援を優先配分	財源不足で若者支援と防衛負担が衝突	60.0	62.0	81.0	57.0	96.0	66.0	88.0	10.0	結婚・出産の現実性が揺れ、将来不安が増幅するが支援の見通しで沈み込みは抑制
69	TWN	台湾	Taiwan	東アジア	境界的圧力	抑止強化と供給信頼維持	同盟訓練拡大と供給継続の枠組み強化	抑止を固めつつ雇用と物価を守る	電力・人材・防衛費が同時に逼迫	72.0	60.0	74.0	68.0	83.0	66.0	80.0	24.0	半導体不安と物価観が重なり、結婚・出産の見通しが慎重化
69	KOR	韓国	South Korea	東アジア	圧力上昇	雇用と家計不安の沈静化	米日と半導体協調、対北抑止維持	住宅・育児と雇用を同時支援する	財政負担と格差で合意形成が難航	58.0	56.0	82.0	30.0	86.0	57.0	88.0	21.0	結婚・子育ての現実性議論が波及し不安が増幅
69	PRK	北朝鮮	North Korea	東アジア	間接衝突	挑発を抑制し利得を狙う	短距離示威と交渉窓口の併用	外圧下の結束と規律を強調	食料・外貨難で長期対立は困難	76.0	18.0	80.0	41.0	90.0	55.0	86.0	13.0	安保不安が将来設計を上書きし、結婚・出産の先送り感が強まる
69	RUS	ロシア	Russia	ユーラシア	間接衝突	消耗戦を制度で持久	資源輸出の迂回維持と制裁穴を拡大	圧力は長期化、家計防衛を優先する	動員疲れと技術更新の遅れが重い	66.0	52.0	84.0	73.0	87.0	62.0	86.0	19.0	先行き不安が家族形成の現実感を削り、慎重化が進む
69	UKR	ウクライナ	Ukraine	欧州	限定戦争	長期抗戦と復興統治を両立	欧州・G7へ兵站支援と復興資金の前倒し要請	家族と生活を守るため統治と補給を維持	人的損耗と財源不足で復興の信頼が揺れる	76.0	52.0	88.0	70.0	92.0	68.0	83.0	13.0	家族形成の現実性が不安定化し、若者の将来設計が萎む
69	IRN	イラン	Iran	中東	境界的圧力	停戦維持で体制損耗を抑える	停戦順守を強調し航路攪乱は抑制	生活防衛と秩序維持を最優先する	財政難と若年不満で再燃は危険	64.0	66.0	77.0	56.0	82.0	67.0	75.0	22.0	物価と将来不安で結婚・出産の計画が先延ばしになりやすい
69	ISR	イスラエル	Israel	中東	境界的圧力	停戦維持で抑止と内政安定	停戦監視強化、同盟調整とサイバー防御	安全を確保しつつ経済と日常を守る	動員疲労と分断、国際批判で裁量が狭い	56.0	58.0	62.0	44.0	82.0	60.0	65.0	32.0	物価と雇用不安が残り、家族形成の現実感が冷える
69	SAU	サウジアラビア	Saudi Arabia	中東	圧力上昇	供給安定と価格急騰回避	OPEC+で柔軟運用、日向け契約を安定化	収益の安定で雇用と改革投資を守る	治安・設備制約で増産は段階的が限界	44.0	53.0	62.0	60.0	64.0	52.0	69.0	32.0	生活コストの読めなさが続き、結婚・出産の計画が先送りされやすい
69	EU	欧州連合	European Union	欧州	圧力上昇	雇用安定を優先し規制調整	AI規制を実装寄りに緩和し対露支援継続	公正と競争力を両立し生活不安を抑える	加盟国分断と産業保護圧力で決断が鈍い	30.0	34.0	62.0	38.0	72.0	43.0	60.0	49.0	家族形成の不安が強まり、安定職志向と挑戦回避が増える
70	USA	アメリカ	United States	北米	圧力上昇	同盟負担とAI覇権を維持	同盟へ防衛増額と半導体投資を要請	物価と雇用不安を抑え家計を守る	分断と選挙で長期負担は通しにくい	72.0	59.0	82.0	73.0	85.0	61.0	88.0	20.0	子育て費用と雇用の先行き不安が重なり、将来設計が先延ばしになる
70	CHN	中国	China	東アジア	境界的圧力	雇用・統治優先で外圧調整	台湾周辺示威を抑制しつつ輸出管理に対抗	生活と雇用を守り安定成長へ軟着陸する	若年失業と地方債務で統治コストが上限	76.0	45.0	90.0	92.0	88.0	80.0	87.0	14.0	子育て費の連想が強まり、将来設計が先送りになる
70	JPN	日本	Japan	東アジア	境界的圧力	子育て費と抑止の両立	同盟協議で燃料・食料・部材を多元化	家計と子育てを守りつつ抑止力も確保	財源制約で給付・減税・防衛が競合	63.0	60.0	78.0	56.0	97.0	64.0	86.0	9.0	住居・教育費の重さが可視化し、出産回避と将来諦めが拡大しやすい
70	TWN	台湾	Taiwan	東アジア	境界的圧力	抑止維持と供給安定を優先	同盟訓練継続、半導体供給の優先枠を再確認	安全を固めつつ賃金・物価と雇用を守る	電力・人材・防衛費の同時逼迫が続く	74.0	58.0	72.0	66.0	80.0	64.0	78.0	26.0	住居・教育費不安に半導体不確実性が重なり、子育て決断が先送り化
70	KOR	韓国	South Korea	東アジア	圧力上昇	家族形成不安の抑制優先	米日と供給網協調、対北抑止を維持	住宅・雇用・保育の同時支援で将来不安を下げる	財源不足と世代間対立で改革が鈍る	60.0	57.0	84.0	28.0	88.0	58.0	90.0	20.0	子育て損得計算が加速し、日本でも将来設計の萎縮が広がる
70	PRK	北朝鮮	North Korea	東アジア	境界的圧力	示威を絞り交渉利得を探る	限定発射示唆と対話窓口を併走	外圧に屈せず体制防衛を強調	食料・外貨難で長期対立は痛手	74.0	16.0	78.0	43.0	88.0	54.0	84.0	15.0	安保不安が住居・教育費の不確実性と重なり、子育て可否の自己評価が下振れする
70	RUS	ロシア	Russia	ユーラシア	間接衝突	消耗戦を統治で延命	資源輸出を選別し迂回網を維持	困難は続くが生活を守り抜く	動員疲れと部品不足で長期化が痛い	68.0	57.0	86.0	76.0	89.0	66.0	88.0	18.0	生活コストと雇用不安が子育て判断を先送りさせ、将来像が縮む
70	UKR	ウクライナ	Ukraine	欧州	限定戦争	抗戦継続と統治維持	欧州・G7へ防空と資金の継続要請	防衛と生活を両立し持久戦に備える	動員疲弊と財源難で統治の限界が近い	74.0	50.0	84.0	68.0	90.0	66.0	82.0	15.0	住居・教育費の先行き不安が強まり、子育て決断が先送りされやすい
70	IRN	イラン	Iran	中東	境界的圧力	停戦維持で体制損耗抑制	停戦順守を主張し航路攪乱は抑制	生活防衛と秩序維持を優先する	財政難と若年不満で再燃は危険	62.0	63.0	74.0	55.0	80.0	64.0	72.0	24.0	物価と雇用不安で、子育ての損得勘定が強まり決断が遅れる
70	ISR	イスラエル	Israel	中東	境界的圧力	停戦維持と抑止の再建	停戦監視、対空防護と同盟調整を強化	安全確保と経済回復を同時に進める	動員疲労と分断、国際圧力で選択肢が狭い	54.0	55.0	61.0	43.0	80.0	58.0	66.0	34.0	生活費と雇用不安が続き、子育ての現実感が遠のく
70	SAU	サウジアラビア	Saudi Arabia	中東	圧力上昇	価格急騰回避で収益確保	OPEC+で小幅調整、対日長期契約を維持	安定収入で雇用と改革投資を守る	治安・設備・同盟配慮で増産は限定	46.0	50.0	60.0	59.0	63.0	51.0	67.0	34.0	光熱費の見通しが少し改善し、子育て計画の先送りが緩む
70	EU	欧州連合	European Union	欧州	圧力上昇	雇用と競争力で合意維持	AI規制を実装柔軟化し対露支援継続	公正と成長で生活不安と分断を抑える	加盟国利害と産業保護で意思決定が遅い	32.0	36.0	65.0	40.0	74.0	45.0	62.0	47.0	子育て採算感が悪化し、安定志向と結婚先送りが増える
71	USA	アメリカ	United States	北米	圧力上昇	同盟負担とAI優位を優先	同盟へ防衛・AI投資の上積み要請	将来不安に備え供給網と雇用を守る	分断と財政で長期負担が通りにくい	74.0	57.0	79.0	71.0	84.0	63.0	87.0	22.0	『安定雇用と家族形成』の道が細り、自己投資も先延ばし
71	CHN	中国	China	東アジア	境界的圧力	雇用安定を軸に外圧調整	台湾示威を抑えつつ輸出管理へ対抗	雇用と生活を守り安定成長へ誘導	若年失業と地方債務で硬直化	74.0	44.0	88.0	91.0	86.0	78.0	85.0	16.0	進路と家族形成の見通しが曇り、挑戦より回避が増える
71	JPN	日本	Japan	東アジア	境界的圧力	将来設計の回復を優先	燃料・食料・計算資源の多元確保	負担の見通しを示し生活不安を抑える	財政余力が薄く給付と防衛が競合	61.0	58.0	74.0	52.0	95.0	62.0	83.0	11.0	住居・教育・雇用の不確実性が残り、夢の縮小と結婚・出産回避が続きやすい
71	TWN	台湾	Taiwan	東アジア	境界的圧力	抑止と供給継続を死守	同盟連携を可視化し、供給優先枠を再設計	長期の暮らし設計を守り、投資と防衛を両立	電力・人材・防衛費が同時に限界に近い	76.0	60.0	70.0	68.0	78.0	66.0	77.0	27.0	将来の役割経路が曇り、理系進路と家族形成が先送りへ
71	KOR	韓国	South Korea	東アジア	境界的圧力	雇用不安と同盟維持を両立	米日と半導体・対北抑止を強化、輸出管理で主導権確保	雇用・住宅を守りつつ抑止を強め、成長投資で将来不安を下げる	財源制約と世代対立、対中依存で政策の幅が狭い	66.0	60.0	86.0	34.0	90.0	63.0	92.0	18.0	近隣の不安定化で“将来は計画不能”感が拡大、挑戦より安全志向が強まる
71	PRK	北朝鮮	North Korea	東アジア	境界的圧力	示威を制御し利得を確保	短距離発射で注意喚起、裏で取引打診	対外威嚇で体制防衛と結束を訴える	食料・外貨難で長期緊張は損失	76.0	18.0	80.0	45.0	89.0	56.0	86.0	14.0	安保不安が将来設計を曇らせ、挑戦より節約が優勢になる
71	RUS	ロシア	Russia	ユーラシア	間接衝突	持久優先で負担を外部化	資源輸出を選別し迂回取引を拡張	長期戦でも国家と生活を守る	動員疲れと機材不足で交渉余地が狭い	70.0	60.0	82.0	78.0	86.0	68.0	84.0	20.0	将来の役割像が見えにくく、家族形成と挑戦が先送りになる
71	UKR	ウクライナ	Ukraine	欧州	限定戦争	抗戦維持と復興線の死守	欧州に防空・砲弾と復興資金の長期枠要請	統治と生活を守り持久戦に耐える	動員疲弊と財政難で社会亀裂が拡大	72.0	46.0	78.0	63.0	86.0	62.0	79.0	20.0	長期不確実性が常態化し、若者は挑戦より安定を選びやすい
71	IRN	イラン	Iran	中東	境界的圧力	停戦維持で体制余力確保	停戦監視を受容し航路攪乱を抑制	生活安定と対外抑止を両立する	制裁と若年不満で再燃は致命傷	60.0	61.0	72.0	56.0	78.0	62.0	70.0	26.0	物価・雇用の長期不安が残り、役割や家族形成の見通しが縮む
71	ISR	イスラエル	Israel	中東	境界的圧力	停戦維持と抑止の再設計	停戦監視を継続し、対空防護と同盟調整	安全と復興を同時に進め、分断を抑える	動員疲労と分断、国際圧力で選択肢が狭い	52.0	51.0	58.0	41.0	78.0	55.0	63.0	36.0	停戦は続くが再燃不安が残り、将来設計が慎重化
71	SAU	サウジアラビア	Saudi Arabia	中東	圧力上昇	長期安定で収益と体制維持	OPEC+で段階調整、対日枠を優先配分	安定収入で雇用と改革投資を継続	増産余地は設備・治安・同盟配慮で限定	45.0	48.0	58.0	59.0	62.0	50.0	66.0	36.0	生活コストの急騰は抑えられるが、将来設計は慎重化が続く
71	EU	欧州連合	European Union	欧州	圧力上昇	規制と成長の折衷維持	対露支援継続、AI規制は運用猶予拡大	安全と公正を守りつつ雇用を守る	加盟国分断と産業保護で機動性が不足	34.0	38.0	62.0	41.0	72.0	46.0	60.0	49.0	欧州景気の鈍化が輸出不安を増やし将来設計が保守化
