step	country_code	country_name	country_name_en	region	risk_stage	stance	foreign_action	domestic_message	private_constraint	geopolitical_risk	energy_price_pressure	labor_market_uncertainty	compute_supply_constraint	fiscal_pressure	supply_chain_fragility	sns_anxiety_amplification	japan_policy_buffer	japan_impact_summary
1	USA	アメリカ	United States	北米	圧力上昇	同盟強化とAI主導維持	同盟国に防衛協力と対中輸出規制を要請	雇用と安全を守るため同盟を主導する	対外負担増は物価不満と分断を刺激	66.0	57.0	53.0	61.0	49.0	58.0	56.0	54.0	将来不安と競争感が増すが、成長分野の道筋は残る
1	CHN	中国	China	東アジア	境界的圧力	海峡圧力維持と経済下支え	台湾周辺で示威継続、輸出管理に対抗調達	外圧に備えつつ雇用と成長を守る	不動産・雇用不安で強硬一辺倒は困難	74.0	46.0	57.0	39.0	41.0	63.0	58.0	45.0	地政学と景気の揺れで将来不安が増え、挑戦意欲が萎む
1	JPN	日本	Japan	東アジア	圧力上昇	生活防衛と抑止の同時運用	同盟調整と原油代替調達を加速	不安定化に備え家計支援と備蓄強化	財政配分が硬直、若者策が後回し	54.0	63.0	46.0	29.0	57.0	44.0	52.0	50.0	物価不安が先行し将来像が曇るが支援が見えれば悲観は固定化しない
1	TWN	台湾	Taiwan	東アジア	境界的圧力	抑止強化と供給継続	米日と抑止協調、半導体供給計画を更新	緊張は続くが産業と生活を守り抜く	エネルギー脆弱でコスト増、世論分断も懸念	68.0	61.0	52.0	38.0	56.0	63.0	58.0	50.0	海峡不安と物価観測で将来不安が増すが供給継続なら下げ止まる
1	KOR	韓国	South Korea	東アジア	圧力上昇	同盟軸で半導体防衛	米国協調で対北抑止と輸出管理を調整	安全保障と雇用を両立し物価高に対処	対中依存と世論分断で政策余地が狭い	64.0	57.0	53.0	46.0	60.0	55.0	58.0	47.0	半導体・安保不安が就職観を冷やし将来期待が揺れる
1	PRK	北朝鮮	North Korea	東アジア	間接衝突	抑止誇示で体制安定	短距離ミサイル示威と瀬取り維持	敵対勢力に屈せず自力更生を貫く	制裁と食料難で不満抑圧が必要	78.0	34.0	41.0	29.0	22.0	36.0	72.0	44.0	安全不安が就活・将来像を曇らせSNSで増幅しやすい
1	RUS	ロシア	Russia	ユーラシア	間接衝突	制裁耐性と戦時継続	資源輸出維持、制裁回避網を拡大	包囲下でも雇用と物価を守る	戦費と動員疲労で統治コスト増	74.0	67.0	54.0	61.0	52.0	63.0	58.0	44.0	物価と将来不安が長引き、挑戦より守りが優勢
1	UKR	ウクライナ	Ukraine	欧州	限定戦争	支援維持と防衛最優先	支援国へ追加防空・財政支援を要請	長期戦でも国家機能と生活を守る	兵力・財政が限界で支援疲れが怖い	60.0	46.0	44.0	28.0	52.0	34.0	41.0	56.0	遠因の不確実性が残り将来像が曇るが直撃は小
1	IRN	イラン	Iran	中東	境界的圧力	停戦維持と抑止誇示	代理勢力抑制を示唆し航路不安で交渉	停戦は守るが主権と抑止は譲らない	制裁と不満で強硬姿勢が必要	66.0	74.0	53.0	47.0	57.0	61.0	64.0	46.0	原油高不安が将来設計を曇らせ節約志向が強まる
1	ISR	イスラエル	Israel	中東	境界的圧力	抑止維持と内政安定優先	米国協調で抑止継続、サイバー警戒強化	停戦下でも警戒継続、生活面は下支え	予備役負担と政権対立で統治が脆い	64.0	58.0	52.0	46.0	57.0	54.0	56.0	47.0	中東不安と原油高で先行き不安、将来設計が保守化
1	SAU	サウジアラビア	Saudi Arabia	中東	圧力上昇	価格安定と体制安定を優先	OPEC+調整と米国へ停戦維持を働きかけ	市場安定で歳入確保、改革と雇用を守る	治安と改革資金が必要、急減産は困難	57.0	68.0	46.0	38.0	44.0	49.0	53.0	52.0	光熱費高止まり観測で不安増、進路の保守化が進む
1	EU	欧州連合	European Union	欧州	圧力上昇	規制堅持と景気防衛	対ロ制裁維持、原油LNG調達分散と海上警戒	安全保障と物価対策を両立し雇用を守る	合意形成が遅く、防衛・支援・金利高が重荷	52.0	57.0	46.0	28.0	41.0	44.0	45.0	56.0	物価と不況観測で将来不安増。だが規制整備は進路の見通しに寄与
2	USA	アメリカ	United States	北米	境界的圧力	AI主導を死守し同盟に要求	対中AI・半導体規制を強化し同盟へ同調要請	国家安全と雇用防衛のため競争に勝つ	物価・分断で対外負担の持続性が不安	70.0	58.0	64.0	72.0	55.0	62.0	63.0	49.0	計算資源不足と職の不安が増え、将来像が霞む
2	CHN	中国	China	東アジア	境界的圧力	AI覇権と雇用安定を両立	輸出管理迂回調達と周辺海空示威を調整	AI投資拡大で成長と雇用を守る	景気減速で強硬化は正統性を損ねる	76.0	49.0	64.0	46.0	44.0	67.0	63.0	41.0	計算資源不安と景気揺れが増幅し、将来像が曇る
2	JPN	日本	Japan	東アジア	圧力上昇	生活防衛と技術確保を優先	同盟国と計算資源枠・半導体確保を交渉	雇用移行と物価に備え再訓練と支援を拡充	財政配分硬直で若者策が薄まりやすい	56.0	60.0	58.0	46.0	62.0	48.0	57.0	46.0	将来不安と格差感が増すが再訓練が効けば緩和
2	TWN	台湾	Taiwan	東アジア	境界的圧力	抑止継続とAI供給確保	米日欧と輸出管理調整、供給計画更新	緊張下でも産業競争力と雇用を守る	電力・燃料と人材流出がボトルネック	70.0	64.0	58.0	44.0	60.0	66.0	63.0	47.0	半導体・計算資源不安が就職観を冷やし、焦燥が増えるが供給継続なら下げ止まる
2	KOR	韓国	South Korea	東アジア	境界的圧力	技術主権を軸に協調	対米協調で輸出管理強化と投資誘導	雇用不安に備え再訓練と産業支援を拡充	対中依存と世論分断で舵取りが難しい	66.0	54.0	60.0	58.0	63.0	59.0	64.0	44.0	計算資源と雇用不安が増幅し、挑戦意欲より慎重化が進む
2	PRK	北朝鮮	North Korea	東アジア	間接衝突	抑止誇示と資源確保	ミサイル示威継続と瀬取り・サイバー強化	外圧下でも国防と自力更生を貫く	制裁と食料難、計算資源不足が痛い	82.0	36.0	46.0	34.0	24.0	38.0	76.0	42.0	安全不安に加えAI雇用不安が重なり将来像が曇る
2	RUS	ロシア	Russia	ユーラシア	間接衝突	制裁下で資源と技術確保	資源輸出維持と迂回貿易、AI連携模索	外圧に耐え、産業と雇用を守る	戦費と人材流出で技術投資が細る	76.0	69.0	58.0	66.0	55.0	65.0	62.0	42.0	計算資源不足と物価不安が重なり、若者の将来設計が保守化
2	UKR	ウクライナ	Ukraine	欧州	限定戦争	支援疲れを抑え戦線維持	欧米に軍需・財政支援継続とAI防衛協力要請	戦い抜きつつ復興準備を進める	人的損耗と資金不足、支援の優先度低下が痛い	63.0	47.0	50.0	31.0	55.0	36.0	46.0	54.0	AI競争で雇用不安が増幅、遠因の不確実性が将来像を曇らせる
2	IRN	イラン	Iran	中東	境界的圧力	停戦維持しつつ交渉梃子化	航路安全を条件に制裁緩和と資金流入を探る	停戦は維持、生活防衛と主権を守る	資金難と不満で強硬演出が要る	67.0	76.0	56.0	52.0	60.0	62.0	66.0	45.0	原油高とAI雇用不安が重なり将来像がぼやけやすい
2	ISR	イスラエル	Israel	中東	間接衝突	抑止継続と技術確保	米国協調でAI/半導体調達を優先、対サイバー強化	安全と成長の両立へ先端投資と警戒を継続	予備役負担と政権対立で長期投資が揺れる	66.0	57.0	55.0	54.0	60.0	56.0	58.0	45.0	AI競争で職と学びの不確実性が増し将来計画が慎重化
2	SAU	サウジアラビア	Saudi Arabia	中東	圧力上昇	価格と投資を両立	OPEC+で増産余地を示し価格を調整	歳入を確保し改革投資と雇用を守る	AI投資と治安費で財政配分が硬直	56.0	64.0	49.0	41.0	46.0	47.0	55.0	51.0	物価高不安にAI失職観測が重なり、将来像が縮む
2	EU	欧州連合	European Union	欧州	圧力上昇	規制主導で競争適応	AI規制を先行運用し同盟と計算資源を確保	雇用転換を支援し競争力と安全を守る	加盟国の温度差で実行が遅れ投資も分散	55.0	54.0	58.0	46.0	49.0	48.0	52.0	54.0	AI雇用不安と計算資源懸念が増すが、制度整備は進路の予見性を補う
3	USA	アメリカ	United States	北米	境界的圧力	対中抑止と同盟拘束を強化	台湾有事想定の共同計画と輸出規制同調	抑止強化で戦争を避け雇用も守る	国内分断と物価で長期負担が限界	78.0	61.0	69.0	80.0	57.0	76.0	68.0	44.0	半導体不安が就職観を冷やし将来像が縮む
3	CHN	中国	China	東アジア	境界的圧力	台湾周辺で圧力を維持	周辺海空活動を増減し輸出管理迂回を加速	外部圧力下でも雇用と成長を守る	景気減速で過度な緊張は逆効果	81.0	52.0	69.0	55.0	46.0	74.0	67.0	39.0	半導体・安保不安が就職観を冷やし将来像が曇る
3	JPN	日本	Japan	東アジア	境界的圧力	半導体不安に備え統制強化	同盟と連携し供給網・在庫を強化	供給不安に備え産業と家計を守る	輸入依存と予算硬直で即応が難しい	68.0	58.0	62.0	64.0	66.0	72.0	69.0	41.0	就職と物価の不安が増え、将来像が描きにくい
3	TWN	台湾	Taiwan	東アジア	境界的圧力	抑止強化と供給継続	米日欧と危機通信、供給計画と輸送保険を更新	緊張は管理可能、雇用と生活を守る	電力・燃料と人材流出が限界要因	76.0	66.0	62.0	52.0	63.0	71.0	69.0	44.0	半導体不安が就職観を硬直化し、将来不安の拡散が強まる
3	KOR	韓国	South Korea	東アジア	境界的圧力	同盟連携で供給網防衛	対米協議で輸出管理を調整し代替調達	安保と景気を両立し雇用対策を加速	対中依存と世論分断で強硬策が難しい	72.0	57.0	66.0	69.0	61.0	74.0	70.0	41.0	供給不安と雇用不確実性が増え、挑戦より保守化が進む
3	PRK	北朝鮮	North Korea	東アジア	境界的圧力	示威で交渉余地を作る	短距離発射とサイバーで制裁回避	外部脅威に備え国防と統制を強化	食料・外貨・計算資源不足が限界	86.0	38.0	52.0	46.0	27.0	44.0	81.0	39.0	安保不安と半導体懸念が重なり将来展望が縮む
3	RUS	ロシア	Russia	ユーラシア	間接衝突	資源で影響力維持	資源輸出を武器化、対制裁迂回を拡大	包囲に耐え、国家と雇用を守る	戦費と制裁で投資が細り人材も不足	80.0	73.0	60.0	72.0	58.0	70.0	66.0	38.0	半導体不安と物価が連動し、若者は挑戦より安定志向へ
3	UKR	ウクライナ	Ukraine	欧州	限定戦争	支援分散で戦線維持	欧米・日本に軍需と復興資金の優先確保要請	長期戦でも国家機能と補給を守り抜く	関心が台湾へ移り支援疲れが加速し得る	66.0	49.0	52.0	38.0	57.0	44.0	53.0	52.0	半導体不安で就職像が揺れ、遠因の戦争長期化が不安を上乗せ
3	IRN	イラン	Iran	中東	境界的圧力	停戦維持で制裁緩和を梃子化	航路の攪乱示唆で交渉圧力、露中とも取引	抑止を維持しつつ生活防衛を優先する	資金難と不満で強硬演出が不可避	69.0	80.0	58.0	57.0	62.0	66.0	70.0	43.0	半導体不安に原油高が重なり、将来設計が縮みやすい
3	ISR	イスラエル	Israel	中東	間接衝突	技術優位と抑止を優先	米国と供給網協議、調達前倒しと代替確保	不確実性増に備え安全と産業基盤を守る	戦時負担と政治対立で投資継続が不安定	64.0	56.0	57.0	62.0	61.0	60.0	59.0	43.0	半導体不安で学び直しと就職観が揺れ、将来設計が慎重化
3	SAU	サウジアラビア	Saudi Arabia	中東	圧力上昇	価格安定と対外均衡	OPEC+で供給調整、対米中で均衡外交	歳入確保と改革投資を両立し雇用を守る	安保費とAI投資で配分硬直、急変は避けたい	58.0	60.0	52.0	45.0	49.0	56.0	58.0	47.0	半導体不安が将来像を曇らせ、物価見通しも不安定化
3	EU	欧州連合	European Union	欧州	境界的圧力	対中依存を下げつつ協調	台湾有事想定で対日・対米供給連携	供給危機に備え産業と雇用を守る	加盟国利害が割れ迅速決定が難しい	66.0	57.0	60.0	54.0	52.0	61.0	56.0	50.0	半導体不安で将来設計が揺れ、就職不安が増幅
4	USA	アメリカ	United States	北米	境界的圧力	エネルギー安定と同盟負担増	海上警戒強化と産油国調整、対日分担要求	エネルギーと雇用を守るため抑止と市場安定を進める	物価と分断で長期関与の余力が細る	80.0	74.0	72.0	82.0	60.0	78.0	71.0	41.0	電気代・物価不安が進路選択を保守化し希望が細る
4	CHN	中国	China	東アジア	境界的圧力	台湾圧力を抑制し持続	海空活動は誤算回避で調整、資源調達を多角化	外圧下でも雇用と物価を守り安定を優先	景気と失業不安で長期緊張は統治コスト増	79.0	63.0	71.0	57.0	44.0	76.0	69.0	36.0	エネ高と安保不安が続き、節約志向と将来不安で挑戦が萎む
4	JPN	日本	Japan	東アジア	境界的圧力	エネ高に備え家計と産業防衛	同盟と産油国へ働きかけ調達分散	電気代・物流高に備え支援と節電促進	エネ自給弱く補助は財政を圧迫	70.0	78.0	66.0	62.0	74.0	76.0	73.0	36.0	物価と就活の不安が増幅し、将来設計が短期化する
4	TWN	台湾	Taiwan	東アジア	境界的圧力	抑止維持と物流冗長化	米日欧と輸送・保険枠を拡張し代替港整備	エネルギー高でも供給と雇用を守る措置を継続	燃料費高騰が電力・製造コストを直撃する	78.0	74.0	65.0	56.0	66.0	76.0	73.0	42.0	電気代と物価不安が将来設計を縮め、転職・進学が保守化
4	KOR	韓国	South Korea	東アジア	境界的圧力	エネルギー安定を優先	中東リスクで調達分散と備蓄協調	物価抑制と雇用維持を同時に進める	燃料高で財政負担、対中配慮も残る	74.0	71.0	68.0	70.0	69.0	77.0	76.0	37.0	光熱費と物価不安が増幅し、将来設計が短期化する
4	PRK	北朝鮮	North Korea	東アジア	間接衝突	示威で譲歩と支援を引く	発射示威とサイバーで制裁抜け道探る	外部の包囲に対抗し結束と統制を強化	食料・外貨不足で長期挑発は負担	88.0	58.0	54.0	49.0	30.0	46.0	84.0	37.0	安保不安と物価懸念が重なり将来設計が短期化する
4	RUS	ロシア	Russia	ユーラシア	間接衝突	資源で制裁下の主導権確保	対制裁迂回を拡大、価格高で供給交渉	外圧下でも雇用と歳入を守り抜く	戦費負担と技術流入不足が長期化	82.0	79.0	62.0	74.0	61.0	73.0	70.0	34.0	電気代と物価不安が再燃し、若者は将来設計を縮めがち
4	UKR	ウクライナ	Ukraine	欧州	限定戦争	支援維持へ優先度再提示	対日含む支援国へ軍需・復興枠の固定化要請	戦時経済を維持し前線と生活を両立する	中東再燃で支援国の予算と世論が分散	67.0	57.0	54.0	41.0	59.0	46.0	56.0	49.0	光熱費不安が先行し将来設計が慎重化、停滞感が増す
4	IRN	イラン	Iran	中東	境界的圧力	停戦維持しつつ示威で交渉優位	ホルムズ周辺で示威、制裁緩和を要求	抑止を保ち生活を守る、譲歩は最小限	歳入難と不満で強硬演出が要る	71.0	86.0	60.0	59.0	64.0	69.0	74.0	41.0	電気代・物価不安が先行し、進学就職の安心が削れる
4	ISR	イスラエル	Israel	中東	間接衝突	抑止維持と供給網防衛	米国と警戒連携、海上警備と調達先分散	エネルギー不安でも抑止と産業基盤を守る	戦費と政治対立で物価対策が細る	66.0	64.0	60.0	63.0	64.0	63.0	62.0	40.0	電気代・物価が重く将来不安が増幅、挑戦より安定志向へ
4	SAU	サウジアラビア	Saudi Arabia	中東	境界的圧力	供給抑制で歳入確保	OPEC+で減産維持、ホルムズ警戒で海上安保協調	価格変動に備え歳入と治安を守り改革投資を継続	海上リスクで輸送費上昇、急増産は体制コスト増	66.0	72.0	55.0	47.0	54.0	62.0	64.0	44.0	電気代・物価の先行き不安が増え、将来設計が保守化する
4	EU	欧州連合	European Union	欧州	境界的圧力	エネルギー安定を最優先	中東リスクで共同備蓄・調達多角化を加速	物価対策を優先しつつ対外危機にも備える	加盟国分断で迅速合意が難しく財政も限界	64.0	72.0	55.0	52.0	62.0	58.0	60.0	47.0	電気代・物価不安が進路計画を圧迫し、SNSで焦燥が増える
5	USA	アメリカ	United States	北米	境界的圧力	技術封鎖と同盟負担強化	先端半導体・AI輸出管理拡大、対日調達指定	雇用と安全を守るため技術防衛と供給網再編	物価と分断で長期負担は限界、同盟に上積み要求	83.0	70.0	76.0	88.0	64.0	85.0	74.0	36.0	計算資源制約と雇用不安で挑戦が萎み、短期安定へ傾く
5	CHN	中国	China	東アジア	境界的圧力	技術主権を優先し圧力継続	輸出管理に対抗し代替供給網と内製化を加速	外圧下でも雇用と成長を守り自立を進める	景気減速と失業不安で長期対立は負担増	82.0	65.0	74.0	64.0	46.0	83.0	72.0	33.0	供給網不安と雇用不透明で将来設計が萎み、挑戦回避が強まる
5	JPN	日本	Japan	東アジア	境界的圧力	同盟軸で供給網を守る	米欧と輸出管理整合、調達・在庫を再設計	重要物資を確保し物価高を抑える	対中依存を急減できず、補助は財政を圧迫	72.0	70.0	69.0	68.0	78.0	82.0	79.0	34.0	物価・就活・技能更新の不安が重なり、将来像が描きにくい
5	TWN	台湾	Taiwan	東アジア	境界的圧力	供給確保と抑止の同時運用	米日欧と輸出管理整合、供給枠を優先契約	ブロック化下でも雇用と電力安定を守る	燃料・保険料と防衛負担で財政が逼迫	82.0	77.0	69.0	63.0	71.0	84.0	78.0	38.0	半導体不安が物価・就職観に波及し、挑戦より安定志向が強まる
5	KOR	韓国	South Korea	東アジア	境界的圧力	技術同盟で競争防衛	対米連携で輸出管理強化、対中は選別対話	雇用と安保を守るため供給網を再構築する	半導体主導権と対中依存の板挟みが続く	76.0	62.0	72.0	79.0	67.0	83.0	81.0	33.0	計算資源と雇用の先行きが霞み、挑戦より安定志向が強まる
5	PRK	北朝鮮	North Korea	東アジア	間接衝突	示威と取引で制裁緩和狙い	発射準備示威とサイバーで外貨獲得	包囲に対抗し自力更生と統制を強化	外貨・食料不足で長期挑発は負担	90.0	60.0	56.0	55.0	33.0	54.0	86.0	35.0	安保不安に供給網不安が上乗せされ将来設計が萎む
5	RUS	ロシア	Russia	ユーラシア	間接衝突	資源と迂回で圧力維持	輸出先分散と制裁迂回網を強化、価格交渉	外圧でも歳入と雇用を守り国防を優先	戦費と部品不足で成長停滞、強硬維持が必要	84.0	81.0	64.0	78.0	63.0	76.0	72.0	32.0	分断で物価・就職不安が長期化し、若者は挑戦を先送りしがち
5	UKR	ウクライナ	Ukraine	欧州	限定戦争	支援の固定化と復興枠確保	対日含む支援国へ弾薬・復興枠の確約要請	持久戦でも国家機能と生活を維持	支援国が技術ブロックで内向き化	69.0	60.0	56.0	47.0	62.0	52.0	58.0	46.0	分断感で就職・進学が慎重化、将来像が縮む
5	IRN	イラン	Iran	中東	境界的圧力	制裁下で示威と交渉を両立	航路周辺の警戒強化、非西側と取引拡大	外圧に屈せず生活を守るため耐久戦	歳入難と不満で強硬姿勢の演出が必要	74.0	88.0	63.0	66.0	67.0	75.0	77.0	38.0	物価と将来不安が長引き、挑戦より防衛的選択が増える
5	ISR	イスラエル	Israel	中東	間接衝突	抑止維持と技術選別	米国と技術調達枠を協議、輸出管理を強化	同盟と産業防衛で安全と雇用を守る	政治分断と戦費で生活支援が削られやすい	68.0	66.0	62.0	72.0	67.0	70.0	64.0	38.0	技術分断で学業・就活の見通しが曇り、不安が常態化
5	SAU	サウジアラビア	Saudi Arabia	中東	境界的圧力	価格維持で体制安定優先	OPEC+減産継続、アジア向け長期契約強化	歳入を守り改革投資と治安を維持する	増産は価格下落と財政計画崩れを招く	68.0	74.0	58.0	52.0	57.0	69.0	66.0	41.0	物価と供給不安が就活観を硬化、挑戦より安定志向へ
5	EU	欧州連合	European Union	欧州	境界的圧力	規制と供給網の防衛を優先	対中依存低減と輸出管理を同盟調整	雇用と安全を守るため制度を強化	加盟国利害差で迅速合意が遅れる	66.0	63.0	58.0	61.0	64.0	67.0	62.0	44.0	AI職不安と物価懸念が重なり将来像が曇る
6	USA	アメリカ	United States	北米	境界的圧力	同盟負担と技術統制を継続	対日へ防衛・基地負担増とAI管理同調要求	同盟強化で戦争抑止、雇用と産業も守る	物価・分断で長期関与に限界、成果が必要	84.0	68.0	78.0	90.0	71.0	83.0	76.0	30.0	支援優先が割れ、将来像が曇る。挑戦より安定志向へ
6	CHN	中国	China	東アジア	境界的圧力	技術主権と対日牽制	対日輸出・通関を選別し半導体供給で揺さぶる	外圧下でも雇用と産業を守り自立を進める	景気と失業が重く長期強硬は反作用が怖い	84.0	66.0	76.0	67.0	54.0	85.0	75.0	28.0	財政議論で支援が見えにくく、不安が就職と挑戦を萎縮させる
6	JPN	日本	Japan	東アジア	圧力上昇	財政制約下で不安抑制	同盟と連携し調達分散・規格整合を継続	支援は絞りつつ重点化し物価と雇用を守る	防衛・物価・若者支援の配分が限界に近い	68.0	66.0	64.0	63.0	84.0	76.0	82.0	28.0	支援の選別感が不公平不安を増幅し、将来設計が縮む
6	TWN	台湾	Taiwan	東アジア	境界的圧力	供給安定と抑止を優先	米日欧と供給枠再確認、重要品目を優先配分	不確実性は続くが産業と雇用を守る	保険・燃料・防衛負担で余力が縮む	84.0	74.0	67.0	66.0	73.0	86.0	79.0	34.0	財政議論で支援が見えにくく不安が残り、進路が保守化しやすい
6	KOR	韓国	South Korea	東アジア	境界的圧力	技術同盟を軸に分断管理	対米で輸出管理を運用強化、対中は限定協議	安保と雇用を守るため供給網の安定を優先	対中依存と半導体覇権競争の板挟みが続く	74.0	60.0	70.0	78.0	71.0	82.0	80.0	28.0	財政不安で支援の見通しが弱まり、若者は挑戦回避が強まる
6	PRK	北朝鮮	North Korea	東アジア	間接衝突	示威継続で譲歩を探る	短距離発射示威とサイバーで外貨確保	敵対包囲に備え軍と統制を強化	外貨・食料不足で挑発は頻発できない	92.0	58.0	60.0	57.0	41.0	56.0	88.0	30.0	安保不安が財政論争と重なり、将来設計が縮む
6	RUS	ロシア	Russia	ユーラシア	間接衝突	資源・情報で分断を維持	資源輸出の迂回継続、制裁疲れを誘発	外圧下でも防衛と雇用を守り抜く	戦費負担と部品不足、硬直が不可避	85.0	83.0	67.0	80.0	68.0	78.0	74.0	28.0	物価と将来不安が増幅。財政論争で支援の見通しが曇り、若者は挑戦を先送り
6	UKR	ウクライナ	Ukraine	欧州	限定戦争	支援固定化と継戦の確保	対日含む支援国へ復興・財政支援を要請	戦時統治を維持し復興準備を進める	支援疲れと動員負担で統治が脆い	70.0	61.0	58.0	49.0	66.0	53.0	60.0	43.0	財政議論で支援の優先順位不安が増え、将来設計が守りに寄る
6	IRN	イラン	Iran	中東	境界的圧力	停戦維持で影響力確保	航路周辺で示威と警戒、取引網を維持	停戦下でも警戒を緩めず生活を守る	歳入難と不満で強硬演出が要る	72.0	86.0	66.0	67.0	70.0	76.0	79.0	34.0	物価高と支援論争で将来像が霞み、慎重化が進む
6	ISR	イスラエル	Israel	中東	間接衝突	抑止継続と技術囲い込み	輸出管理とサイバー防衛を強化、同盟調整	安全確保と産業維持で長期戦に備える	戦費と分断で社会支出が伸ばしにくい	70.0	67.0	64.0	75.0	70.0	72.0	66.0	34.0	財政議論で支援が読めず、学業・就活の不安が強まる
6	SAU	サウジアラビア	Saudi Arabia	中東	境界的圧力	価格防衛で歳入確保	OPEC+調整継続、対アジア契約を選別	歳入を守り治安と改革投資を維持する	増産は価格崩れと体制正統性を損ね得る	66.0	77.0	60.0	51.0	61.0	68.0	69.0	38.0	生活費不安と財政議論が重なり、若者は将来像を描きにくい
6	EU	欧州連合	European Union	欧州	境界的圧力	規制と景気の綱渡り	対中リスク低減を継続し標準化で主導	競争力と雇用を守るため段階規制	加盟国分裂と産業反発で決定が鈍い	64.0	60.0	57.0	58.0	66.0	63.0	64.0	41.0	財源論が強まり、将来設計が先延ばしになりやすい
7	USA	アメリカ	United States	北米	境界的圧力	電力・AI統制を同盟へ波及	対日に基地負担と電力/計算資源連携を要求	AI覇権と雇用維持へ基盤投資を加速	電力網と地域反発、物価で余力が細る	82.0	73.0	76.0	92.0	74.0	80.0	78.0	28.0	電力・計算資源の奪い合い感が強まり、将来不安が増幅。安定志向が強くなる
7	CHN	中国	China	東アジア	境界的圧力	電力制約下で技術主権優先	対日通関・素材供給を選別し交渉余地を確保	電力と雇用を守り産業高度化を加速する	成長鈍化で失業が怖く長期強硬は困難	86.0	72.0	79.0	74.0	57.0	87.0	78.0	24.0	AI機会が電力・計算資源で詰まり、就活不安と将来悲観が増える
7	JPN	日本	Japan	東アジア	圧力上昇	電力制約下で分配調整	電力・燃料調達分散とDC立地協議を加速	停電回避と料金抑制、地域負担を平準化する	電源投資は遅く、補助は財政余力が薄い	66.0	74.0	67.0	69.0	88.0	78.0	86.0	24.0	電気代とAI利用格差で将来不安が増え、挑戦が萎む
7	TWN	台湾	Taiwan	東アジア	境界的圧力	電力制約下で供給継続を死守	重要顧客へ計算/半導体を優先配分	電力負担は管理し産業基盤を守る	電力・燃料・防衛で余力が逼迫	86.0	78.0	69.0	72.0	76.0	88.0	82.0	30.0	AI格差と供給不安が重なり将来像が縮み、進路が安全志向へ傾く
7	KOR	韓国	South Korea	東アジア	境界的圧力	電力・半導体を国家優先	対米で計算資源枠確保、対日協力は選別	電力負担を抑えつつ雇用と安保を守る	電力網逼迫と対中依存で選択肢が狭い	72.0	66.0	74.0	81.0	76.0	84.0	82.0	24.0	計算資源と雇用不安が重なり、挑戦より安定志向が強まる
7	PRK	北朝鮮	North Korea	東アジア	間接衝突	示威と外貨確保を優先	発射準備を誇示しつつサイバー収益化	電力難の外敵責任を強調し統制を正当化	電力・食料・外貨不足で長期挑発は困難	90.0	62.0	63.0	66.0	44.0	59.0	91.0	28.0	安保不安と電力/AI格差が重なり将来像が曇る
7	RUS	ロシア	Russia	ユーラシア	間接衝突	資源で交渉力を維持	輸出迂回と価格調整で制裁疲れ誘う	国家は包囲下でも安定と雇用を守る	戦費と設備不足、電力投資も重荷	86.0	88.0	70.0	83.0	72.0	80.0	79.0	24.0	電力制約でAI格差不安が拡大。物価高と就職不確実で将来像が縮む
7	UKR	ウクライナ	Ukraine	欧州	限定戦争	支援維持と継戦を優先	対日含む支援国へ復興と電力・ICT支援要請	前線維持と復興準備を同時に進める	電力・人員・財政が不足し統治が脆い	71.0	64.0	60.0	55.0	69.0	55.0	62.0	41.0	電力制約でAI格差不安が増し、就職と学習投資が慎重化
7	IRN	イラン	Iran	中東	境界的圧力	停戦維持で交渉力確保	航路周辺で抑止示威、原油供給で交渉	停戦下でも警戒と生活防衛を両立する	制裁と歳入難で強硬演出が必要	74.0	90.0	68.0	71.0	73.0	78.0	82.0	30.0	電力制約でAI格差不安が増幅、物価と雇用の慎重化が進む
7	ISR	イスラエル	Israel	中東	間接衝突	電力確保を優先し抑止継続	電力・データ施設を保護、供給網を同盟で固める	電力逼迫でも防衛と生活基盤を守る	停戦再燃リスクと電力不足で投資が詰まる	72.0	69.0	66.0	82.0	73.0	74.0	71.0	31.0	AI格差と電力不安で将来像が揺れ、進路選択が慎重化
7	SAU	サウジアラビア	Saudi Arabia	中東	境界的圧力	価格維持で影響力確保	OPEC+枠で供給を絞り長期契約を優先	歳入を守り雇用と治安投資を継続する	増産は価格下落と体制支持低下を招く	68.0	82.0	63.0	53.0	66.0	70.0	72.0	35.0	電力制約でAI格差不安が強まり、物価高と重なり将来像が曇る
7	EU	欧州連合	European Union	欧州	境界的圧力	電力制約下で競争力防衛	電力網投資とDC立地規律、対外調達も協調	電力負担を抑えつつ雇用と技術競争力を守る	加盟国利害と住民反発で投資決定が遅い	63.0	62.0	59.0	61.0	69.0	64.0	66.0	39.0	計算資源逼迫と物価懸念が重なり、挑戦より安全志向が強まる
8	USA	アメリカ	United States	北米	境界的圧力	AI覇権優先で同盟へ負担要請	対日で計算資源・防衛分担・訓練連携を迫る	雇用再配置の痛みを抑えつつ競争力を守る	電力・物価・分断で国内合意が脆い	84.0	72.0	81.0	93.0	76.0	82.0	80.0	26.0	初職不安が強まり、米要請で将来の選択肢が狭まる感覚が拡大
8	CHN	中国	China	東アジア	境界的圧力	雇用安定と技術主権を優先	対日素材・部材の供給を選別し交渉圧力	雇用と安定を守り産業高度化を加速	成長鈍化で若年失業が最大の弱点	88.0	70.0	84.0	77.0	56.0	89.0	82.0	23.0	初職・再訓練不安が強まり、将来展望が縮む
8	JPN	日本	Japan	東アジア	圧力上昇	雇用再配置へ制度適応	人材流動協定とAI職能基準で連携強化	学び直しと移行支援で雇用不安を抑える	既得権と財政制約で再訓練が遅れる	64.0	72.0	78.0	70.0	90.0	77.0	89.0	22.0	初職と転職の不安が増幅し、将来像が描けず挑戦が鈍る
8	TWN	台湾	Taiwan	東アジア	境界的圧力	供給継続と抑止を同時強化	日米と供給・防衛協調、輸出管理も調整	雇用再配置の痛みを緩和し基盤を守る	電力・燃料・防衛で余力が薄い	88.0	80.0	74.0	76.0	79.0	90.0	86.0	28.0	AI再配置不安に供給不安が重なり、若者の将来像が防衛的に縮む
8	KOR	韓国	South Korea	東アジア	境界的圧力	雇用安定と半導体防衛	対米で計算枠維持、対日協業は輸出管理前提	雇用訓練を拡充し技術競争に勝つ	電力・対中取引・政権支持が同時に重い	70.0	64.0	82.0	79.0	78.0	83.0	86.0	22.0	初職不安と計算資源不足が重なり、挑戦回避が強まる
8	PRK	北朝鮮	North Korea	東アジア	間接衝突	限定挑発で対外取引余地	短距離発射で示威、制裁回避と外貨化	外敵脅威に備え結束と規律を強調	電力・식料・外貨不足で長期戦は不可	88.0	60.0	69.0	68.0	46.0	61.0	92.0	26.0	安保不安が増幅し、AI雇用不安と重なり閉塞感が強まる
8	RUS	ロシア	Russia	ユーラシア	間接衝突	資源と情報で対外圧力維持	輸出迂回継続、資源価格で制裁疲れ誘う	制裁下でも雇用と生活を守り抜く	戦費増と設備不足で長期戦が重い	85.0	87.0	76.0	84.0	74.0	81.0	82.0	22.0	初職不安が物価高と重なり、訓練投資に迷いが増える
8	UKR	ウクライナ	Ukraine	欧州	限定戦争	支援固定化で前線維持	対日へ復興資金・電力/ICT支援を追加要請	継戦と復興準備を同時遂行する	人員・電力・財政が不足し統治が脆い	73.0	66.0	67.0	58.0	72.0	57.0	68.0	39.0	対外不確実性とAI職摩擦が重なり、初職不安が増す
8	IRN	イラン	Iran	中東	境界的圧力	停戦維持で圧力と交渉	航路周辺で抑止示威、原油で対外取引を拡大	制裁下でも治安と生活を守る姿勢を示す	歳入難と不満で強硬演出が必要	76.0	88.0	72.0	74.0	75.0	80.0	84.0	28.0	物価高と雇用再配置不安が重なり将来観が冷える
8	ISR	イスラエル	Israel	中東	間接衝突	抑止維持と産業再編	防衛・サイバー強化、同盟で供給網確保	安全と雇用再配置を同時に守る	停戦再燃と投資減、若者雇用の摩擦	74.0	67.0	72.0	84.0	75.0	76.0	74.0	29.0	初職不安が増しAI適応競争が強まり、将来像が縮む
8	SAU	サウジアラビア	Saudi Arabia	中東	境界的圧力	価格軸で影響力維持	OPEC+で供給管理、アジア向け長期契約強化	歳入を確保し雇用・治安投資と改革を継続	増産は価格下落と体制支持の毀損を招く	66.0	80.0	69.0	54.0	67.0	68.0	76.0	33.0	物価高がAI雇用摩擦の不安を増幅し、将来設計が硬直する
8	EU	欧州連合	European Union	欧州	境界的圧力	規制と雇用支援を両立	AI規制調整と職業訓練支援、同盟協調維持	雇用移行を支え競争力と生活を守る	加盟国間の財政・規制温度差で遅れる	64.0	60.0	67.0	63.0	72.0	63.0	70.0	37.0	初職不安が増し慎重化。訓練と移行支援が見えれば冷却
9	USA	アメリカ	United States	北米	境界的圧力	同盟負担増と供給網統制	対日で防衛分担と計算資源連携を再要請	雇用移行支援と覇権維持を同時に進める	物価と分断で追加負担の政治余地が小さい	86.0	70.0	84.0	94.0	78.0	83.0	82.0	24.0	ロボ導入格差と初職不安が増幅、進路が狭まる感覚
9	CHN	中国	China	東アジア	境界的圧力	雇用安定と技術主権を固める	対日部材供給を条件化し投資協力を迫る	雇用を守りロボ導入で競争力を維持	若年失業と地方財政が最重要の弱点	90.0	68.0	88.0	79.0	58.0	91.0	86.0	21.0	身体労働の再編不安が増え、初職の確信が揺らぐ
9	JPN	日本	Japan	東アジア	圧力上昇	移行支援で実装格差を抑制	同盟国とロボ安全規格・供給網を整合	導入で賃金と人手不足を同時に緩和	財政と規制調整で支援が薄まり得る	63.0	70.0	83.0	72.0	92.0	78.0	91.0	20.0	現場職の将来不安と格差感が強まり、挑戦より防衛に寄る
9	TWN	台湾	Taiwan	東アジア	境界的圧力	供給継続と抑止を現実運用	日米と供給監視・訓練拡大、投資誘致	雇用再編に備え支援と産業転換を進める	電力・燃料・防衛で同時対応が限界	90.0	82.0	79.0	78.0	81.0	92.0	88.0	26.0	ロボ導入で雇用像が揺れ、供給不安が重なり将来設計が保守化
9	KOR	韓国	South Korea	東アジア	境界的圧力	雇用防衛と半導体主導	対米で計算枠確保、対日は供給網協議	ロボ導入は成長機会、再訓練で雇用守る	電力制約と対中取引、支持率が同時に重い	68.0	61.0	85.0	77.0	80.0	79.0	88.0	20.0	現場職の置換不安が拡大。初職慎重化と挑戦回避が強まる
9	PRK	北朝鮮	North Korea	東アジア	間接衝突	限定挑発で交渉圧力	短距離発射とサイバーで示威、取引探る	外敵脅威を強調し統制と忠誠を要請	外貨・電力不足で長期エスカレ不可	90.0	62.0	73.0	70.0	48.0	63.0	93.0	24.0	安保不安がロボ代替不安と重なり、将来像が縮む
9	RUS	ロシア	Russia	ユーラシア	間接衝突	資源収入と体制維持を優先	資源輸出を迂回し価格圧力と情報戦継続	長期戦でも雇用と物価を守ると強調	戦費と設備不足、技術調達が詰まる	86.0	88.0	80.0	85.0	76.0	82.0	84.0	20.0	ロボ導入不安に物価高が重なり、将来設計が縮む
9	UKR	ウクライナ	Ukraine	欧州	限定戦争	継戦維持と復興資金確保	対日へ復興・地雷除去とICT/電力支援を要請	前線維持と生活基盤の再建を同時に進める	動員疲労と財政逼迫で統治が揺らぐ	74.0	64.0	70.0	56.0	73.0	58.0	69.0	37.0	戦争不確実性に加えロボ導入不安で将来像が曇る
9	IRN	イラン	Iran	中東	境界的圧力	停戦維持し示威で抑止	航路周辺で限定示威、原油取引を維持拡大	外圧下でも治安と生活を守ると強調	歳入難と不満で強硬演出が要る	78.0	86.0	76.0	75.0	77.0	81.0	87.0	26.0	物価高に加えロボ導入の格差不安で将来観が冷える
9	ISR	イスラエル	Israel	中東	間接衝突	抑止維持と技術優位の確保	サイバー即応強化、同盟経由で部材・計算資源確保	治安と成長を両立し雇用移行を支える	停戦再燃リスクと産業再編で財政が擦れる	76.0	70.0	78.0	86.0	77.0	79.0	76.0	27.0	自動化競争で初職・技能不安が増え、将来設計が短期化
9	SAU	サウジアラビア	Saudi Arabia	中東	境界的圧力	価格安定で主導権維持	OPEC+で微調整、アジア向け契約を堅持	歳入を確保し改革と雇用支援を継続	増産は価格下落・財政計画の崩れが怖い	64.0	78.0	71.0	53.0	66.0	67.0	79.0	32.0	物価高とロボ導入の格差不安が重なり、将来像が描きにくくなる
9	EU	欧州連合	European Union	欧州	境界的圧力	規制と産業転換を加速	ロボ規格主導と補助金、対中依存低減	雇用移行を守り競争力も確保する	加盟国の温度差で実装が遅れやすい	62.0	57.0	71.0	61.0	74.0	66.0	73.0	35.0	現場職の将来不安が増幅。技能移行の見え方が鍵
10	USA	アメリカ	United States	北米	境界的圧力	同盟負担とAI統制を同時要求	対日で防衛分担増と計算資源枠を迫る	生活費対策を維持しつつ同盟を守る	物価不満と分断で追加負担の政治余地薄	84.0	72.0	86.0	93.0	81.0	82.0	83.0	22.0	初職と賃金の先細り感が強まり、挑戦より防衛的選択へ
10	CHN	中国	China	東アジア	境界的圧力	雇用と技術主権を死守	対日重要部材を選別し譲歩を要求	生活費対策と雇用確保を最優先	若年失業と地方財政が足かせ	88.0	70.0	90.0	82.0	62.0	92.0	87.0	19.0	物価不安と初職の不確実性が重なり将来観が曇る
10	JPN	日本	Japan	東アジア	圧力上昇	家計支援を優先し緊張抑制	LNG・電力燃料を分散調達し備蓄協調	物価対策と雇用移行支援を同時に進める	財政制約で広く薄くなり信頼が揺れる	60.0	66.0	79.0	70.0	94.0	76.0	89.0	18.0	生活不安が先行し挑戦より安定志向、移行支援の見え方が鍵
10	TWN	台湾	Taiwan	東アジア	境界的圧力	抑止維持と供給安定優先	日米と海空監視・供給優先枠を協議	物価対策と防衛を両立し雇用を守る	電力・燃料制約で産業と防衛が競合	92.0	84.0	81.0	80.0	83.0	93.0	90.0	24.0	生活費不安に供給懸念が重なり、進路選好が短期安定へ傾く
10	KOR	韓国	South Korea	東アジア	境界的圧力	物価対策を優先しつつ抑止維持	対米で計算枠と防衛協議、対日は部材融通交渉	生活費を下支えし雇用転換を急ぐ。安保も緩めない	電力・物価・支持率が連動。対中取引も切れない	66.0	69.0	83.0	74.0	82.0	76.0	90.0	18.0	生活費不安が就職・挑戦を萎縮。技能投資は続くが焦燥が強い
10	PRK	北朝鮮	North Korea	東アジア	境界的圧力	挑発抑え資源確保優先	発射頻度を下げ対話窓口は維持、密輸強化	制裁下でも自力更生、生活苦は耐えて勝つ	外貨と食料が逼迫、長期対決は危険	78.0	55.0	68.0	66.0	52.0	58.0	86.0	26.0	生活費不安の中で安保報道が重なり、挑戦より保身が強まる
10	RUS	ロシア	Russia	ユーラシア	間接衝突	資源と戦費の両立を優先	供給を選別し価格維持、制裁回避を強化	制裁下でも生活と雇用を守ると強調	戦費負担と部品不足、技術調達が制約	88.0	90.0	82.0	86.0	78.0	83.0	85.0	18.0	生活費高止まりが将来不安を固定化し挑戦を先送り
10	UKR	ウクライナ	Ukraine	欧州	限定戦争	継戦と復興資金の確保	対日へ復興・送電網・地雷除去支援を再要請	前線維持と物価対策を同時に進める	動員疲労と財政逼迫で統治が不安定	76.0	67.0	72.0	57.0	75.0	60.0	71.0	35.0	物価不安と対外危機感が重なり、将来設計が短期化する
10	IRN	イラン	Iran	中東	境界的圧力	停戦維持し資源で圧力	航路で示威を抑制しつつ原油収入を確保	生活費高に対応しつつ外圧には屈しない	歳入と不満が限界、強硬演出も必要	76.0	84.0	74.0	73.0	79.0	80.0	86.0	25.0	物価高が長期化し、将来設計と挑戦意欲が萎む
10	ISR	イスラエル	Israel	中東	間接衝突	抑止維持と内政負担の抑制	停戦監視を強化しつつ同盟で調達を確保	生活費対策を継続し安全も守る	物価高と動員で財政・世論が痩せる	78.0	74.0	81.0	88.0	82.0	80.0	79.0	24.0	物価と初職不安が重なり、挑戦より短期安定志向が強まる
10	SAU	サウジアラビア	Saudi Arabia	中東	境界的圧力	減産維持で歳入と影響力確保	OPEC+で供給抑制継続、アジア向け契約を優先	歳入で改革と雇用支援を守り生活不安を抑える	増産は価格崩れと財政計画の失速が怖い	63.0	80.0	72.0	54.0	67.0	66.0	78.0	31.0	生活費の重さが将来設計を曇らせ、努力が報われない感情が増える
10	EU	欧州連合	European Union	欧州	境界的圧力	生活費対策と産業転換を両立	補助金再設計と対露制裁維持、調達分散	物価から家計を守り、雇用移行も支える	加盟国分断と財政制約で実装が遅れる	60.0	61.0	73.0	62.0	78.0	67.0	75.0	34.0	物価と雇用不安が重なり将来観が曇る。移行支援の見え方が鍵
11	USA	アメリカ	United States	北米	圧力上昇	同盟負担とAI供給網を再調整	対日で防衛分担継続と計算資源枠を調整	対外抑止と雇用を守り物価圧力を抑える	議会対立で追加負担の合意形成が難しい	78.0	68.0	82.0	90.0	80.0	79.0	80.0	24.0	直接衝突不安は少し減るが、職と計算資源の先細り感が残る
11	CHN	中国	China	東アジア	境界的圧力	演習沈静化で圧力を調整	対日部材は選別継続、対話窓口も維持	緊張は管理下、雇用と物価を守る	若年雇用と地方財政で強硬一辺倒は困難	78.0	64.0	86.0	80.0	60.0	88.0	82.0	24.0	衝突不安は少し和らぐが、雇用・物価の不確実性が残り将来観は回復しにくい
11	JPN	日本	Japan	東アジア	圧力上昇	緊張抑制で供給不安に備える	同盟と連携し備蓄・調達多角化を強化	直接危機は緩むが物価と雇用移行に手当て	財政余力が薄く配分の不満が噴きやすい	52.0	60.0	74.0	64.0	92.0	70.0	84.0	22.0	戦争不安は一息も、将来の職と生活費不安が残り慎重化
11	TWN	台湾	Taiwan	東アジア	圧力上昇	沈静化を活かし抑止と供給維持	日米と演習監視継続、供給枠と在庫を調整	緊張は緩むが備えを緩めず物価を抑える	電力・燃料と対中依存が同時に制約	78.0	70.0	66.0	68.0	72.0	82.0	74.0	32.0	最悪感は後退するが供給不安が残り、挑戦より安定志向が続く
11	KOR	韓国	South Korea	東アジア	圧力上昇	供給安定と抑止を両立	対米で半導体枠・対北抑止確認、対日は部材連携	安保は維持しつつ物価と雇用転換を支える	対中取引と同盟調整、財政余力が細る	58.0	66.0	79.0	70.0	80.0	72.0	86.0	22.0	地政学不安は少し緩むが、雇用と物価の不安が将来展望を曇らせる
11	PRK	北朝鮮	North Korea	東アジア	境界的圧力	挑発管理し外貨確保	短距離訓練は誇示、対話窓口維持し密輸拡大	抑止力は維持、生活難は結束で乗り切る	食料・外貨不足、過度挑発は制裁強化を招く	74.0	52.0	66.0	65.0	53.0	55.0	82.0	27.0	安保報道は続くが、急激な危機感はやや後退し将来不安は横ばい
11	RUS	ロシア	Russia	ユーラシア	間接衝突	戦費確保と制裁耐性維持	資源輸出を選別し高値維持、迂回取引拡大	長期戦でも雇用と物価を守ると強調	戦費と人員損耗、部品不足で余力が細る	84.0	86.0	78.0	80.0	76.0	79.0	82.0	20.0	物価と技術制約の長期化が不安を固定し挑戦を先延ばし
11	UKR	ウクライナ	Ukraine	欧州	限定戦争	継戦維持と復興資金の死守	対日へ復興・防空・地雷除去を再要請	前線維持と生活支援を同時に守る	動員疲労と財政逼迫で統治綱渡り	74.0	62.0	70.0	53.0	73.0	56.0	69.0	39.0	地政学不安は続くが、半導体懸念が少し和らぎ悲観が微減
11	IRN	イラン	Iran	中東	境界的圧力	停戦維持し示威で交渉	海上の緊張管理と原油輸出条件で圧力	外圧に屈せず生活防衛を優先する	財政と不満が限界、弱腰は許されない	72.0	80.0	71.0	70.0	77.0	78.0	82.0	27.0	半導体不安は一服でも物価不安が残り、将来設計が縮む
11	ISR	イスラエル	Israel	中東	間接衝突	抑止維持と負担分散	停戦監視を強化し調達網を再設計	安全優先だが生活費対策も継続	動員・物価で財政と世論が逼迫	76.0	72.0	79.0	84.0	80.0	78.0	77.0	26.0	物価と採用慎重化で将来不安が残り、挑戦より確実性志向が強まる
11	SAU	サウジアラビア	Saudi Arabia	中東	境界的圧力	減産軸に微調整で安定	OPEC+減産維持、需要期に小幅増産示唆	価格安定で改革財源と生活安定を守る	価格下落と治安費増で余力は削れる	58.0	74.0	68.0	53.0	64.0	61.0	73.0	34.0	光熱費と物価の重さが残り、将来設計の自信が削られる
11	EU	欧州連合	European Union	欧州	圧力上昇	物価防衛と産業転換を継続	対露制裁維持、調達分散と半導体連携	物価と雇用を守りつつ防衛も怠らない	加盟国利害と手続で実行が遅い	54.0	58.0	70.0	58.0	76.0	64.0	72.0	36.0	半導体不安は続き、就職・物価懸念が将来感を鈍らせる
12	USA	アメリカ	United States	北米	圧力上昇	対日:再訓練と供給網を要求	対日でAI職業訓練連携と同盟分担を協議	雇用転換を進め対中優位と抑止を維持	分断と物価で追加負担の政治余地が小	76.0	66.0	85.0	92.0	81.0	78.0	82.0	22.0	学び直し圧力が強まり、将来不安と焦燥が増す
12	CHN	中国	China	東アジア	境界的圧力	圧力を分散し長期戦へ	対日輸出は選別継続、対話枠は維持	外圧下でも雇用と技能転換を守る	若年雇用と地方財政で強硬は限定	76.0	63.0	88.0	81.0	62.0	89.0	83.0	22.0	AI教育競争で焦り増幅。雇用不安と物価懸念で将来像が曇る
12	JPN	日本	Japan	東アジア	圧力上昇	教育転換で不安を抑える	同盟と連携しAI教育・人材交流を拡大	技能転換を支援し格差不安を抑える	財源と教員不足で実装速度が出にくい	50.0	58.0	79.0	67.0	94.0	66.0	88.0	19.0	学び直し圧力が強まり、置いていかれる恐怖が増幅。支援が遅いほど悲観化
12	TWN	台湾	Taiwan	東アジア	圧力上昇	供給維持と人材適応を急ぐ	日米と供給枠協議、技能訓練連携を拡大	安全と雇用を守るため再訓練を加速	電力制約と対中依存で選択肢が狭い	76.0	68.0	70.0	66.0	73.0	80.0	77.0	30.0	再訓練競争が可視化し焦燥増。半導体不安で保守志向
12	KOR	韓国	South Korea	東アジア	圧力上昇	半導体優位と雇用転換優先	対米で輸出管理枠協議、対日は人材・部材連携	AI職業教育を急ぎ、雇用不安と安保を同時に抑える	教育投資の成果が遅く、財政と世論が先に揺れる	60.0	62.0	83.0	72.0	78.0	70.0	88.0	24.0	教育適応格差が可視化し、将来の不安と焦りが強まる
12	PRK	北朝鮮	North Korea	東アジア	境界的圧力	誇示と対話窓口の併走	訓練誇示を継続しつつ水面下取引拡大	外圧下でも抑止力と生活を守る	外貨・食料難で挑発は調整が必要	76.0	53.0	68.0	66.0	54.0	56.0	84.0	26.0	安保不安が再燃し、学び直し負担感と将来不安が増す
12	RUS	ロシア	Russia	ユーラシア	間接衝突	戦時経済維持と制裁迂回	資源を選別供給し価格誘導、迂回取引継続	国家の自立と雇用維持を優先と説明	部品不足と損耗で長期継戦の余力が減る	85.0	87.0	80.0	82.0	78.0	81.0	83.0	18.0	物価と雇用不安にAI技能格差が重なり将来感が曇る
12	UKR	ウクライナ	Ukraine	欧州	限定戦争	継戦維持と復興資金確保	対日へ復興・防空支援と人材育成協力を要請	前線維持と復興準備を同時に進める	動員疲労と財政難で教育投資が後回し	76.0	63.0	72.0	54.0	75.0	57.0	70.0	38.0	戦争不安が継続し、AI教育格差の話題で将来不安が増幅
12	IRN	イラン	Iran	中東	境界的圧力	停戦維持し圧力で主導	海上は管理しつつ原油・航路で交渉圧力	外圧に屈せず生活と安全を守る	制裁と財政難で譲歩も強硬も苦しい	74.0	82.0	73.0	69.0	78.0	79.0	83.0	26.0	物価高と学び直し負担が重なり、若者の将来像が縮む
12	ISR	イスラエル	Israel	中東	間接衝突	抑止維持と技術優先	停戦監視とサイバー防護を強化し同盟調整	安全確保と生活費対策を同時に進める	動員長期化で財政・人材が細る	78.0	70.0	76.0	86.0	82.0	79.0	78.0	24.0	AI教育格差と物価不安が重なり、若者は安定志向が強まる
12	SAU	サウジアラビア	Saudi Arabia	中東	境界的圧力	価格下支えと対アジア安定	OPEC+減産を維持しつつ日本向け供給を確保	価格安定で改革財源と雇用を守る	停戦再燃と治安費で増産余力は限定	60.0	72.0	71.0	54.0	65.0	60.0	76.0	32.0	教育投資負担と物価高が重なり、将来不安が増幅する
12	EU	欧州連合	European Union	欧州	圧力上昇	技能転換を急ぎ格差抑制	AI技能枠組みと規制整備、供給網連携	雇用を守るため再訓練と投資を加速	加盟国差で実装遅れ、負担配分が難しい	55.0	57.0	74.0	60.0	78.0	66.0	76.0	34.0	再訓練圧力が波及し、適応不安で将来像が揺れる
13	USA	アメリカ	United States	北米	圧力上昇	対日:負担分担と人材確保	同盟分担増と医療AI/供給網連携を要求	同盟強化と生活支援で競争力を守る	物価と分断で追加負担の政治余地が薄い	78.0	67.0	88.0	93.0	84.0	79.0	83.0	21.0	介護負担と学び直し圧力が重なり、将来像が霞む
13	CHN	中国	China	東アジア	境界的圧力	対日依存点を握り交渉	半導体素材・部材で選別運用を強化	外圧下でも雇用と安定を守る	若年雇用と内需減速で強硬は限定	78.0	64.0	90.0	83.0	66.0	91.0	86.0	20.0	介護負担増の不安に、供給制約と雇用観測が重なり将来像が暗くなる
13	JPN	日本	Japan	東アジア	圧力上昇	ケア危機を制度補強で吸収	看護・介護人材の受入れ拡大と連携	医療介護を守り、負担を分かち合う	財源・人材が不足し即効策が限られる	51.0	57.0	81.0	66.0	92.0	64.0	90.0	17.0	家族ケア負担が将来不安を直撃。支援が遅いほど悲観と分断が強まる
13	TWN	台湾	Taiwan	東アジア	圧力上昇	供給安定と対外抑止を優先	日米と半導体供給計画を更新、海峡監視連携	供給網と安全を守り雇用を維持する	電力・対中依存と防衛負担で余力が小さい	74.0	66.0	73.0	64.0	71.0	82.0	80.0	28.0	介護負担不安に加え供給網懸念が重なり、将来設計が短期化
13	KOR	韓国	South Korea	東アジア	圧力上昇	人材確保と技術主権優先	対米で計算資源枠確保、対日は医療DX連携	医療・介護崩れを防ぎ雇用転換を支える	人手不足が先行し成果が遅く世論が荒れる	63.0	60.0	86.0	74.0	80.0	71.0	90.0	22.0	介護負担と雇用不安が重なり将来像が曇る
13	PRK	北朝鮮	North Korea	東アジア	間接衝突	誇示で譲歩を引き出す	短距離発射を示威し対話条件を吊る	抑止力で体制と生活を守る	外貨・食料不足で長期挑発は困難	82.0	57.0	72.0	68.0	61.0	60.0	88.0	23.0	安保不安と介護負担が重なり将来設計が縮む
13	RUS	ロシア	Russia	ユーラシア	間接衝突	資源収入確保と圧力維持	資源供給を選別し価格誘導、迂回取引継続	制裁下でも雇用と生活を守ると強調	損耗と部品不足で継戦余力が細る	86.0	88.0	82.0	84.0	79.0	82.0	85.0	16.0	介護負担増の不安に物価高が重なり、将来設計が縮む
13	UKR	ウクライナ	Ukraine	欧州	限定戦争	継戦と復興支援の固定化	対日へ復興資金・医療協力と防空支援を要請	支援網を維持し前線と復興準備を両立	動員疲労と財政難で人材・医療が逼迫	78.0	64.0	74.0	55.0	77.0	58.0	73.0	36.0	介護不安に戦争長期化と増税観測が重なり将来像が曇る
13	IRN	イラン	Iran	中東	境界的圧力	停戦維持で影響圏を確保	航路リスクを示唆し制裁緩和を探る	外圧に耐え生活と主権を守る	財政難と不満で強硬一辺倒は困難	76.0	84.0	72.0	70.0	79.0	78.0	86.0	24.0	介護負担増の不安に燃料高が重なり、若者の将来設計が縮む
13	ISR	イスラエル	Israel	中東	間接衝突	抑止継続と供給網防護	停戦維持を探りつつサイバー防護と輸出管理を強化	安全保障を優先しつつ生活費と復員支援を継続	動員疲弊で財政・人材が先細り、同盟依存も増す	80.0	72.0	78.0	87.0	84.0	80.0	82.0	22.0	介護負担増の不安に、国際緊張と物価高が重なり将来が霞む
13	SAU	サウジアラビア	Saudi Arabia	中東	境界的圧力	価格下支えと対アジア安定	OPEC+調整を継続し日本向け供給枠を維持	価格安定で改革財源と雇用を守る	停戦再燃と治安費で増産余力は小さい	58.0	68.0	74.0	55.0	66.0	61.0	78.0	30.0	介護負担の不安に物価高が重なり、将来設計を先延ばししやすい
13	EU	欧州連合	European Union	欧州	圧力上昇	介護逼迫へ労働再配分	人材受入拡大と医療供給協力を推進	介護医療を守り負担分散と賃上げを行う	移民反発と財政制約で速度が出ない	56.0	54.0	72.0	58.0	76.0	63.0	74.0	36.0	介護負担の連想で不安増、職種転換圧力が強まる
14	USA	アメリカ	United States	北米	圧力上昇	対日:同盟維持と供給網規律	先端半導体/AI輸出管理を再調整し対日連携要求	供給安定と雇用を守り同盟で抑止を強化	選挙・物価で追加負担が難しく成果を急ぐ	74.0	62.0	82.0	86.0	81.0	70.0	78.0	28.0	計算資源は少し改善も競争圧力は続き将来不安が残る
14	CHN	中国	China	東アジア	圧力上昇	対日選別運用で譲歩誘導	部材は緩め先端品は許可制で交渉	安定と雇用を守り外圧に対処する	若年雇用と内需減速で強硬は抑制	72.0	60.0	86.0	76.0	64.0	80.0	82.0	26.0	供給改善で恐怖は少し緩むが、雇用不安が将来像を曇らせる
14	JPN	日本	Japan	東アジア	圧力上昇	供給網回復をてこに負担緩和	先端品確保を同盟連携、汎用品は代替調達拡大	供給改善を物価と雇用の安定に繋げる	財政余力が薄く配分変更が難しい	53.0	55.0	74.0	58.0	90.0	56.0	83.0	21.0	不足感は一部和らぐが、先端品と財源不安が将来像を曇らせる
14	TWN	台湾	Taiwan	東アジア	圧力上昇	供給回復を梃子に抑止維持	供給優先度を調整し日米と在庫情報共有	供給は戻りつつあり雇用と安全を守る	電力・海峡緊張で先端供給は脆い	68.0	61.0	62.0	55.0	66.0	63.0	66.0	34.0	供給改善で息継ぎも、再燃懸念が進路不安を残す
14	KOR	韓国	South Korea	東アジア	圧力上昇	供給網安定と技術主権堅持	対米で先端品枠確保、対日は部材規格調整	雇用転換を急ぎ供給不安を抑える	先端品は不足継続、若者不満が再燃しやすい	61.0	57.0	80.0	66.0	78.0	62.0	84.0	26.0	供給改善で悲観はやや後退も、職の不安が希望を削る
14	PRK	北朝鮮	North Korea	東アジア	間接衝突	限定挑発で譲歩を探る	発射準備を誇示し対話条件を釣り上げ	外圧に屈せず抑止力を強化する	外貨不足で長期緊張は維持困難	84.0	56.0	70.0	61.0	62.0	54.0	86.0	26.0	安保不安は継続。供給網改善で息継ぎも、将来設計は慎重化
14	RUS	ロシア	Russia	ユーラシア	間接衝突	資源で圧力維持し継戦	資源供給を選別し価格誘導、迂回取引継続	制裁下でも雇用と物価を守ると強調	損耗と先端部品不足で長期戦が重い	84.0	86.0	78.0	78.0	77.0	76.0	82.0	18.0	物価高は続き、就職と家庭設計の見通しが揺れやすい
14	UKR	ウクライナ	Ukraine	欧州	限定戦争	継戦維持と支援確保	対日へ復興・医療と防空支援を再要請	支援連携を保ち前線と復興を両立	動員疲労と財政難で補給と人材が限界	77.0	61.0	72.0	50.0	78.0	54.0	71.0	37.0	戦争長期化の重さは残るが供給網改善が不安を少し緩める
14	IRN	イラン	Iran	中東	境界的圧力	停戦維持で交渉余地確保	航路不安を抑えつつ制裁緩和を探る	外圧下でも生活維持と主権を守る	財政難と不満で強硬継続は難しい	72.0	80.0	68.0	62.0	76.0	70.0	82.0	28.0	燃料高不安は強いが供給網の一部回復で悲観が少し緩む
14	ISR	イスラエル	Israel	中東	間接衝突	抑止継続と資源配分調整	停戦枠組みを維持しつつ輸出管理を機動化	治安と経済の両立、復員と物価対策を継続	動員疲弊と財政制約で若者投資が後回し	76.0	66.0	72.0	78.0	82.0	70.0	78.0	26.0	計算資源不安はやや緩むが緊張と物価で未来が曇る
14	SAU	サウジアラビア	Saudi Arabia	中東	圧力上昇	価格下支えで対アジア安定	OPEC+調整を続け日向け供給枠を維持	価格安定で改革財源と雇用を守る	停戦再燃と治安費で増産余地は小さい	56.0	64.0	70.0	48.0	62.0	54.0	74.0	33.0	物価高は続くが供給網改善で不安が少し薄れ、先延ばし心理はやや緩む
14	EU	欧州連合	European Union	欧州	圧力上昇	規制と供給安定を優先	半導体の共同調達と対外投資審査を強化	供給安定で物価抑制と雇用防衛を図る	加盟国間調整が遅く対中依存も残る	55.0	52.0	64.0	49.0	74.0	54.0	70.0	40.0	計算資源不安はやや緩むが職能転換の焦りは続く
15	USA	アメリカ	United States	北米	圧力上昇	対日:同盟負担の可視化要求	対中AI/半導体規制を運用強化し対日調達協力を要請	雇用と安全を守るため同盟で負担を公平化	SNS疲れで世論が鈍化、成果を短期で示す必要	76.0	63.0	84.0	82.0	83.0	71.0	76.0	26.0	情報回避が広がり危機感が慢性化、将来設計の手応えが薄れる
15	CHN	中国	China	東アジア	境界的圧力	対日圧力は維持し管理	先端品は許可制継続、一般材は供給で影響調整	外圧に備えつつ雇用と安定を守る	景気鈍化と若年不満で過度な緊張は避けたい	74.0	58.0	84.0	77.0	63.0	79.0	70.0	24.0	危機疲れで情報回避が増え、不安は鈍るが将来像の解像度が落ちる
15	JPN	日本	Japan	東アジア	圧力上昇	安心と抑止の同時維持	同盟調整で調達分散、供給網の冗長化	危機情報は整理し、生活防衛を優先する	財源が逼迫し配分転換が限界	55.0	57.0	70.0	56.0	92.0	54.0	78.0	19.0	情報回避が増え、将来像がぼやけ挑戦意欲が鈍る
15	TWN	台湾	Taiwan	東アジア	圧力上昇	供給を守り抑止を継続	日米と海峡即応・供給優先度を再調整	危機は続くが雇用と供給を守る	電力・海上保険で供給安定に限界	70.0	63.0	65.0	58.0	67.0	66.0	64.0	33.0	危機情報疲れで回避が増え、進路設計の諦めがじわり拡大
15	KOR	韓国	South Korea	東アジア	圧力上昇	同盟軸で供給網と抑止管理	対米で先端品枠と防衛連携確認、対日は部材融通調整	雇用転換と抑止を同時に進め生活不安を抑える	先端計算資源は逼迫、若者不満と安保費が衝突	63.0	56.0	82.0	64.0	79.0	60.0	78.0	28.0	情報回避で不安は見えにくいが、将来像が描けず停滞感が残る
15	PRK	北朝鮮	North Korea	東アジア	境界的圧力	限定挑発で主導権維持	短距離発射で誇示、対話条件を再提示	外圧下でも自力更生で体制を守る	外貨不足で長期緊張は維持困難	82.0	54.0	68.0	62.0	61.0	55.0	78.0	24.0	危機慣れと回避で不安は鈍るが、将来設計は防衛的に固まる
15	RUS	ロシア	Russia	ユーラシア	間接衝突	資源選別で圧力継続	資源輸出先を調整し価格を下支え、迂回物流維持	制裁下でも雇用と歳入を守り国家を支える	損耗と部品不足、財政と動員の持久戦限界	86.0	83.0	76.0	80.0	75.0	74.0	68.0	16.0	情報回避で不安は鈍るが、物価と就職不安は残り将来設計が縮む
15	UKR	ウクライナ	Ukraine	欧州	限定戦争	継戦と復興財源の確保	対日へ復興・防空・地雷除去支援を再要請	支援連携で前線維持と復興を同時に進める	動員疲労と資金枯渇で継戦余力が細い	78.0	60.0	73.0	52.0	79.0	55.0	66.0	36.0	危機の長期化に慣れつつ諦めが増え、将来期待が削れる
15	IRN	イラン	Iran	中東	境界的圧力	停戦維持で制裁緩和狙い	航路攪乱を抑え交渉と代理勢力統制	外圧下でも生活と主権を守る	財政難と不満で強硬は長続きしない	70.0	78.0	66.0	63.0	77.0	69.0	74.0	26.0	燃料高不安は続くが情報回避でSNS恐怖はやや鈍る
15	ISR	イスラエル	Israel	中東	間接衝突	抑止維持と内政沈静化	停戦枠組み維持、輸出管理と対サイバー協力強化	治安最優先、生活費支援は重点化して継続	動員疲弊と財政で若者投資が圧迫される	74.0	63.0	70.0	76.0	84.0	69.0	72.0	25.0	不安情報に疲れ、回避と諦念が増え将来設計が縮む
15	SAU	サウジアラビア	Saudi Arabia	中東	圧力上昇	価格安定優先で供給維持	OPEC+で急変回避、対アジア供給を堅持	価格安定で改革財源と雇用を守る	停戦再燃懸念と治安費で増産余地が薄い	58.0	66.0	72.0	49.0	63.0	53.0	68.0	32.0	物価高が続き将来像が曇る。情報回避で不安が長引く
15	EU	欧州連合	European Union	欧州	圧力上昇	規制堅持と景気下支え	AI規制整備と対露制裁維持、資源分散	競争力と生活防衛を両立させる	加盟国の温度差で執行が鈍りやすい	56.0	49.0	66.0	47.0	76.0	55.0	74.0	38.0	情報回避で将来像が曇り、転職学習の焦りが残る
16	USA	アメリカ	United States	北米	境界的圧力	対日:負担増と技術連携を迫る	防衛増額と対中規制順守を再要求	同盟の抑止と雇用を守る現実的対応	財政と分断で長期支援は出し渋る	79.0	66.0	86.0	84.0	88.0	73.0	78.0	22.0	インフラ負担と外圧が重なり将来設計が縮む
16	CHN	中国	China	東アジア	境界的圧力	対日圧力を維持し選別	重要材は許可制強化、一般材は供給で揺さぶり	外圧に備えつつ雇用と成長を守る	景気鈍化で緊張の過熱は避けたい	76.0	60.0	86.0	80.0	70.0	82.0	73.0	20.0	財政不安が将来設計を曇らせ、慎重化と挑戦回避が増える
16	JPN	日本	Japan	東アジア	圧力上昇	更新投資を優先配分	同盟調整で調達分散、インフラ資材確保	更新は先送りせず、生活と安全を同時に守る	財源逼迫で増税回避と歳出削減が綱渡り	57.0	60.0	66.0	55.0	95.0	58.0	80.0	16.0	将来投資の停滞感が強まり、挑戦より安定志向が増える
16	TWN	台湾	Taiwan	東アジア	境界的圧力	供給維持と抑止を優先	日米と海峡警戒・供給優先枠を再確認	緊張は続くが操業と雇用を守る	保険料と電力で増産余地が小さい	72.0	60.0	68.0	62.0	70.0	69.0	66.0	30.0	財政不安と供給懸念が重なり、将来設計が保守化する
16	KOR	韓国	South Korea	東アジア	圧力上昇	同盟軸で供給網と対北抑止	対米で先端品枠と抑止連携、対日は部材融通を調整	雇用転換支援を続けつつ抑止力を確保する	景気と若者不満で財政拡張が難しく防衛費と競合	61.0	54.0	85.0	63.0	83.0	62.0	79.0	24.0	財政不安が将来設計を曇らせ、挑戦より防衛的選択が増える
16	PRK	北朝鮮	North Korea	東アジア	境界的圧力	限定挑発で抑止を誇示	短距離発射準備を示し対話条件を吊上げ	外圧に屈せず国防で体制を守る	外貨難で長期緊張は費用過大	86.0	56.0	70.0	64.0	66.0	57.0	81.0	20.0	財政不安と安全保障不安が重なり、若者の将来設計が防衛的に縮む
16	RUS	ロシア	Russia	ユーラシア	間接衝突	資源と情報で圧力維持	資源輸出の割当調整と迂回取引を継続	制裁下でも歳入と雇用を守り持久する	損耗と部品不足で長期戦の余力が細る	84.0	82.0	78.0	81.0	79.0	75.0	70.0	14.0	財政不安と物価が重なり、進学・就職の選択が保守化
16	UKR	ウクライナ	Ukraine	欧州	限定戦争	継戦維持と支援確保	対日へ復興・防空支援を優先枠で要請	国際支援を維持し前線と復興を支える	動員疲労と財源逼迫で交渉余地が狭い	80.0	61.0	75.0	53.0	83.0	56.0	68.0	33.0	遠因の戦争負担と国内財政不安が重なり、将来像が曇る
16	IRN	イラン	Iran	中東	境界的圧力	停戦維持で譲歩引き出す	代理勢力を抑制しつつ制裁緩和を打診	主権を守り生活を崩さない現実路線	不満と財政難で強硬は継続困難	68.0	76.0	64.0	62.0	82.0	67.0	73.0	22.0	燃料高と財政不安が重なり将来設計が萎縮、SNS不安も継続
16	ISR	イスラエル	Israel	中東	間接衝突	抑止維持と経済安定優先	停戦枠組み維持、対サイバー協力と輸出管理厳格化	安全保障を確保しつつ物価対策を絞って継続	動員疲弊と連立維持で財政・改革が動かない	72.0	61.0	69.0	78.0	86.0	70.0	73.0	22.0	財政不安の上に外部緊張が重なり、将来設計が守りに寄る
16	SAU	サウジアラビア	Saudi Arabia	中東	圧力上昇	価格安定と収益確保の両にらみ	OPEC+で上限管理、対アジア供給を優先	安定運営で改革財源と雇用を守る	停戦再燃と治安費で増産の裁量が小さい	60.0	62.0	74.0	50.0	71.0	56.0	70.0	28.0	物価と税負担の連想が強まり、将来設計が縮む不安が増える
16	EU	欧州連合	European Union	欧州	圧力上昇	規制維持と成長策併走	対露制裁維持とウクライナ支援継続、資源分散	安全保障と物価対策、競争力強化を同時に進める	加盟国差と財政負担で実行速度が割れやすい	58.0	52.0	62.0	46.0	79.0	56.0	72.0	34.0	財政不安が将来像を曇らせ、学び直しと就業の焦りが強まる
17	USA	アメリカ	United States	北米	境界的圧力	対外強硬と分配是正	対中規制とAI統治で日欧に同調圧力	独占抑制と雇用保護で国益を守る	分断と物価で同盟支援の余裕が減る	82.0	61.0	89.0	87.0	90.0	76.0	83.0	19.0	外圧と雇用不安が重なり将来像が描きにくい
17	CHN	中国	China	東アジア	境界的圧力	対日圧力を選別し抑制	重要材は許可制厳格化、一般材は供給維持	利益偏在を是正し雇用と秩序を守る	景気と失業不安で過度な緊張は避けたい	78.0	61.0	88.0	82.0	72.0	83.0	76.0	18.0	就職観が硬直し、挑戦より安定志向が強まる
17	JPN	日本	Japan	東アジア	圧力上昇	分配と成長の再設計	同盟と連携しAI税制・規制の整合を探る	集中是正と雇用移行を同時に進める	財政制約で給付拡大は限定、制度不信が怖い	58.0	61.0	72.0	56.0	96.0	60.0	87.0	14.0	報われなさが増幅し挑戦回避が強まる。公正感の回復が鍵
17	TWN	台湾	Taiwan	東アジア	境界的圧力	分配不満を抑え抑止維持	日米と供給優先枠を維持し迂回輸送を整備	利益集中を是正し雇用と操業を守る	電力と保険料、対中圧力で余力が狭い	74.0	62.0	71.0	64.0	73.0	72.0	70.0	28.0	供給と格差不信が重なり、若者の将来設計が保守化
17	KOR	韓国	South Korea	東アジア	圧力上昇	分配是正と同盟抑止維持	対米で先端投資枠確保、対日は部材融通を条件調整	利益集中を是正し雇用移行と安保を同時に守る	財政拡張に限界、若者不満が政権正統性を削る	63.0	56.0	87.0	64.0	85.0	63.0	83.0	23.0	雇用と分配の不信が波及し、将来は安全志向・内向き化が強まる
17	PRK	北朝鮮	North Korea	東アジア	間接衝突	示威で譲歩を引き出す	発射実験で存在感を誇示し制裁緩和を探る	外部の搾取に対抗し国防と自力更生を強化	外貨難で長期緊張は維持困難、統制依存	89.0	57.0	72.0	66.0	68.0	59.0	84.0	18.0	安全保障不安に加え雇用不信が増幅し、若者は挑戦より防衛的選択へ傾く
17	RUS	ロシア	Russia	ユーラシア	間接衝突	資源と情報で持久圧力	資源輸出の条件変更と迂回取引を強化	制裁下でも歳入と雇用を確保し継戦	損耗と部品不足で長期の持久力が削れる	85.0	84.0	80.0	83.0	81.0	77.0	76.0	12.0	利益集中批判が雇用不安と結びつき、将来設計がさらに保守化
17	UKR	ウクライナ	Ukraine	欧州	限定戦争	継戦と社会不満抑制	対日へ復興・防空支援とIT協力を要請	戦時でも格差不満を抑え支援を公平化する	徴兵疲労と財政難で配分の不満が増える	81.0	63.0	77.0	55.0	85.0	57.0	72.0	31.0	利益集中批判が雇用不安と結び、将来設計が萎む
17	IRN	イラン	Iran	中東	境界的圧力	停戦維持で制裁緩和狙い	代理勢力は低強度維持、交渉窓口を残す	生活防衛と主権堅持、外圧に屈せず	財政難と不満で強硬継続は限界	70.0	79.0	66.0	64.0	84.0	69.0	78.0	20.0	燃料高と雇用不安に制度不信が重なり、将来設計が守りに寄る
17	ISR	イスラエル	Israel	中東	間接衝突	治安優先で格差批判抑制	停戦維持を探りつつ監視・サイバー強化	治安と雇用を守るため規制と支援を実施	動員疲弊と格差不満で統治が不安定	74.0	63.0	73.0	81.0	88.0	72.0	78.0	20.0	AI利益偏在の連想で不信が増え、挑戦より防衛的に傾く
17	SAU	サウジアラビア	Saudi Arabia	中東	圧力上昇	価格を締めつつ安定を演出	OPEC+上限維持、対アジア供給確保	収益で改革と雇用を守り安定運営	停戦再燃と治安費で増産の自由度小	63.0	66.0	77.0	51.0	72.0	57.0	76.0	26.0	物価高と利益集中の連想で不信が増え、将来像が縮む
17	EU	欧州連合	European Union	欧州	圧力上昇	競争政策で不満を吸収	米国とAI競争政策協議、対中依存を抑制	利益集中を是正し雇用と公正を守る	加盟国利害と企業反発で規制が遅れやすい	60.0	53.0	66.0	49.0	78.0	57.0	76.0	33.0	公正論争が雇用不安を増幅し、若者の将来像が曇る
18	USA	アメリカ	United States	北米	境界的圧力	同盟負担増とAI主導	対中AI・半導体規制強化、日へ防衛・対中制裁同調要求	雇用と安全を守るため同盟で負担分担する	分断と住宅・物価で対外関与の余力が揺らぐ	80.0	63.0	88.0	86.0	91.0	78.0	84.0	18.0	住居不安が将来設計を直撃し、外圧と雇用不安で希望が細る
18	CHN	中国	China	東アジア	境界的圧力	対日圧力を選別し継続	戦略材は許可制強化、一般材は供給維持	外部封じ込めに対抗し雇用と安定を守る	景気減速で緊張激化は失業火種になり得る	80.0	63.0	90.0	84.0	74.0	85.0	78.0	16.0	住宅不安と物価が結び、将来設計が縮み安定志向が強まる
18	JPN	日本	Japan	東アジア	圧力上昇	住居不安の火消し優先	同盟協議で資源調達を安定化し物価圧抑制	住居支援を軸に負担軽減と雇用移行を進める	財政が硬直、給付拡大は限定で不満が残る	59.0	58.0	74.0	57.0	97.0	61.0	91.0	12.0	住居不安が将来像を曇らせる。支援の見える化で離脱感を抑える
18	TWN	台湾	Taiwan	東アジア	境界的圧力	操業維持と抑止の同時確保	日米と供給優先枠を更新し迂回輸送増強	住宅不安に配慮しつつ雇用と安保を守る	電力・保険料高騰で若者支援の余地が薄い	76.0	64.0	73.0	66.0	75.0	74.0	72.0	26.0	住居不安と供給懸念が重なり将来計画が萎縮
18	KOR	韓国	South Korea	東アジア	圧力上昇	若者生活支援を前面化	対米で安保負担調整、対日は部材融通は条件付き	住居不安へ支援拡充、安保は同盟で抑止維持	住宅・雇用対策と防衛費が財政内で競合	64.0	58.0	85.0	66.0	88.0	65.0	84.0	22.0	住居と雇用不安が連鎖し、将来は安全志向・内向きが強まる
18	PRK	北朝鮮	North Korea	東アジア	間接衝突	示威継続で交渉余地を作る	短距離弾訓練と偵察で緊張管理し制裁緩和探る	敵対勢力に備え国防優先、自力更生を徹底	外貨難と食料不安で長期誇示は負担、統制頼み	90.0	56.0	74.0	67.0	70.0	60.0	86.0	16.0	安全保障不安が住宅不安の政治争点化を刺激。若者は将来設計を縮め保守化しやすい
18	RUS	ロシア	Russia	ユーラシア	間接衝突	資源交渉で長期持久	原油ガスの条件提示と迂回輸送を拡大	制裁下でも歳入と雇用を守り戦略継続	損耗と部材不足で継戦コストが増大	86.0	88.0	82.0	84.0	83.0	79.0	78.0	10.0	家計圧迫が住居不安と直結し、若者の将来期待が縮む
18	UKR	ウクライナ	Ukraine	欧州	限定戦争	継戦維持と支援確保	対日へ復興資金・防空/サイバー支援要請	支援の継続が防衛と復興の生命線だ	動員疲労と財政難で妥協余地が小さい	83.0	61.0	75.0	56.0	86.0	58.0	74.0	29.0	住居不安の怒りが外部支出議論と結び、若者の将来観が冷える
18	IRN	イラン	Iran	中東	境界的圧力	停戦維持と威信確保	代理勢力は抑制しつつ示威、交渉窓口維持	生活防衛と主権堅持、譲歩せず安定守る	制裁と財政難で強硬長期化は困難	68.0	83.0	69.0	66.0	86.0	72.0	82.0	18.0	燃料高が家賃・物価を押し上げ、住居不安が将来設計を萎縮させる
18	ISR	イスラエル	Israel	中東	間接衝突	動員継続で国内不満抑制	停戦枠組み維持しつつ制裁・サイバー連携	治安確保と生活費対策を同時に進める	住宅不満と財政制約で統治が脆い	76.0	66.0	71.0	83.0	90.0	74.0	81.0	18.0	生活の足場不安が増幅し、若者は挑戦より安定志向へ傾く
18	SAU	サウジアラビア	Saudi Arabia	中東	圧力上昇	価格安定を演出し歳入確保	OPEC+は慎重維持、アジア向け供給を強調	歳入で雇用と改革を守り安定を維持	停戦再燃と治安費で増産余地が小	62.0	64.0	76.0	52.0	71.0	56.0	77.0	25.0	住居不安の争点化に物価高が重なり、将来設計が萎む
18	EU	欧州連合	European Union	欧州	圧力上昇	規制と景気の同時防衛	AI規制調整と対露制裁維持、対米協調	公正と雇用を守り安全保障も崩さない	加盟国分断と景気鈍化で一枚岩になれぬ	61.0	54.0	69.0	52.0	79.0	58.0	77.0	32.0	雇用と住居不安が重なり、将来設計の確信が薄れる
19	USA	アメリカ	United States	北米	圧力上昇	対話容認も技術主導維持	安保対話を支援しつつ対中規制と同盟負担要求	対話で偶発を減らし競争優位は守る	国内分断と物価で対外関与の限界	70.0	58.0	82.0	84.0	88.0	72.0	78.0	22.0	戦争不安は少し緩むが、計算資源と雇用不安で将来像が曇る
19	CHN	中国	China	東アジア	圧力上昇	対話活用し圧力を調整	対話枠組み再開、戦略材は許可制維持	対外緊張は管理し雇用と安定を守る	景気減速で過度な緊張は失業火種	72.0	60.0	86.0	82.0	70.0	80.0	74.0	22.0	軍事不安はやや後退も就職・物価不安が残り将来像が縮む
19	JPN	日本	Japan	東アジア	圧力上昇	家計支援を守りつつ抑止維持	対話再開を梃に同盟調整と資源調達多角化	対話は進むが分断は続く。物価と雇用移行を支える	財政硬直で給付拡大は難しい。防衛と若者策が競合	55.0	53.0	72.0	58.0	95.0	59.0	88.0	15.0	軍事不安は少し緩むが、物価・雇用・将来設計の重さで希望が削られる
19	TWN	台湾	Taiwan	東アジア	圧力上昇	操業継続と対話活用で抑止	対話枠で危機管理線を維持し日米へ供給優先枠を再確認	対話で緊張は緩むが備えは緩めず雇用を守る	保険・電力コストと防衛負担で若者支援が絞られる	69.0	60.0	66.0	61.0	72.0	70.0	68.0	30.0	緊張は少し緩むが供給不安が残り将来設計は慎重化
19	KOR	韓国	South Korea	東アジア	圧力上昇	対話活用で緊張管理	対話枠組みで偶発回避、技術面は囲い込み継続	対話で安全を確保し雇用と物価へ手当てする	半導体覇権と対北備えで妥協余地が小さい	56.0	54.0	72.0	62.0	84.0	60.0	76.0	24.0	軍事不安はやや減るが、雇用・技術競争で将来観は重い
19	PRK	北朝鮮	North Korea	東アジア	境界的圧力	示威を抑え対話で得点化	対話参加を演出し制裁緩和の糸口探る	対話は敵の策でも国防と生活を守る	外貨・食料難で長期挑発はコスト高	82.0	50.0	66.0	62.0	68.0	56.0	78.0	22.0	軍事不安は一段緩むが将来不確実性は残り、若者は安全志向と出費抑制が強まる
19	RUS	ロシア	Russia	ユーラシア	間接衝突	対話利用し持久継続	対話を梃に制裁回避と資源輸出を維持	対話は前進、国家防衛と生活を守る	損耗と調達難で戦費が重い	80.0	82.0	78.0	83.0	80.0	76.0	74.0	14.0	緊張は少し緩むが物価と雇用不安が残り将来像が曇る
19	UKR	ウクライナ	Ukraine	欧州	限定戦争	継戦維持と復興枠の確保	対日へ復興資金・防空/地雷除去支援要請	支援維持が防衛と復興の生命線だ	動員疲労と財政難で妥協余地が小さい	80.0	59.0	73.0	55.0	84.0	56.0	71.0	31.0	対話再開で緊張は微減も長期負担観が残り将来像が曇る
19	IRN	イラン	Iran	中東	境界的圧力	停戦維持と対外威信確保	航路攪乱は抑えつつ制裁緩和交渉を継続	対外圧力に屈せず、生活防衛を優先する	財政難と国内不満で長期強硬は限界	62.0	79.0	66.0	67.0	84.0	70.0	78.0	20.0	燃料高の長期化観測が物価不安を固定化し、挑戦意欲を削ぐ
19	ISR	イスラエル	Israel	中東	境界的圧力	停戦維持で技術優位確保	停戦監視を継続しつつ輸出管理を強化	安全と経済を両立し生活負担を抑える	動員疲れと財政で譲歩余地が小さい	68.0	60.0	66.0	82.0	88.0	70.0	76.0	20.0	国際不安は少し緩むが先端職の不確実性が残る
19	SAU	サウジアラビア	Saudi Arabia	中東	圧力上昇	減産維持で歳入と安定確保	OPEC+慎重維持、アジア向け供給安定を強調	歳入で雇用創出と治安を支え改革を進める	停戦再燃と治安費で増産余地は限定的	58.0	57.0	72.0	52.0	69.0	54.0	74.0	28.0	対話再開で恐怖は少し緩むが、物価と雇用不安が将来像を曇らせる
19	EU	欧州連合	European Union	欧州	圧力上昇	規制と成長の折衷で安定確保	対露制裁を維持しつつ対話枠組みを支援	公正なAIと雇用保護で生活を守る	加盟国温度差と産業競争力低下が重い	57.0	51.0	66.0	50.0	76.0	56.0	73.0	35.0	緊張は和らぐが分断は続き、将来像が定まりにくい
20	USA	アメリカ	United States	北米	圧力上昇	同盟負担とAI優位を優先	対中AI・半導体規制継続、同盟に負担要求	競争優位と雇用を守るため強い措置が必要	家計不満と議会対立で長期関与が不安定	68.0	56.0	84.0	86.0	90.0	74.0	82.0	20.0	教育AI格差が将来不安を増幅、努力の報われ感が揺らぐ
20	CHN	中国	China	東アジア	境界的圧力	技術主権を梃子に優位確保	対日で素材・部材の許可制を厳格運用	外部封じ込めに対抗し雇用を守る	景気減速で強硬一辺倒は失業火種	74.0	62.0	88.0	86.0	72.0	83.0	81.0	20.0	学校AI格差が就職競争不安と結びつき将来像が縮む
20	JPN	日本	Japan	東アジア	圧力上昇	教育AI格差を抑えつつ抑止維持	同盟と連携しAI教育基盤と半導体供給を確保	学校のAI格差に手当てし、移行期の不安を抑える	財政硬直で恒久支援が弱い。自治体差も大	56.0	54.0	78.0	62.0	96.0	60.0	92.0	12.0	進路不安と自己効力感の低下が増幅。支援の見えなさが将来不信に直結
20	TWN	台湾	Taiwan	東アジア	圧力上昇	操業維持と抑止強化	日米へ供給優先枠を維持し危機管理線を強化	供給と雇用を守りつつ有事備えを進める	電力・保険高騰で教育投資と防衛負担が競合	70.0	62.0	68.0	64.0	74.0	72.0	71.0	28.0	学校AI格差の不安に供給不確実性が重なり、将来設計が慎重化
20	KOR	韓国	South Korea	東アジア	圧力上昇	教育格差是正で安定維持	米国・同盟とAI教育投資協調、対北監視維持	AI格差を放置せず進路不安と治安不安を抑える	財源と教員負荷が限界、半導体競争も緩めにくい	58.0	53.0	76.0	66.0	86.0	61.0	80.0	22.0	教育AI格差が比較不安を増幅、雇用競争感で将来観が重くなる
20	PRK	北朝鮮	North Korea	東アジア	境界的圧力	限定挑発で抑止と交渉力確保	短距離発射とサイバーで示威、対話窓口は維持	敵の圧力に屈せず国防と体制を守る	外貨・食料不足で長期緊張は維持困難	86.0	52.0	69.0	64.0	71.0	58.0	82.0	20.0	安全保障不安が教育AI格差の焦りを増幅し、若者は将来設計を縮めがち
20	RUS	ロシア	Russia	ユーラシア	間接衝突	戦時維持で圧力運用	資源輸出を揺らし制裁回避網を強化	長期戦に耐え国家と生活を守る	損耗と調達難で体制維持が最優先	82.0	85.0	79.0	84.0	81.0	77.0	80.0	13.0	物価と半導体不安が続き、AI格差の焦りが将来不信を増幅
20	UKR	ウクライナ	Ukraine	欧州	限定戦争	支援継続の国際確保	対日へ復興・防空支援の継続要請強化	支援維持が防衛と復興の前提だ	動員疲労と財政難で譲歩が困難	79.0	58.0	74.0	56.0	85.0	57.0	76.0	29.0	支援負担感と将来不安が増幅。AI格差が進路不安を加速
20	IRN	イラン	Iran	中東	境界的圧力	停戦下で威信と抑止維持	航路攪乱は抑制しつつ制裁緩和を探る	対外圧力に屈せず生活を守り抜く	財政難と不満で強硬長期は困難	63.0	82.0	68.0	69.0	85.0	72.0	81.0	18.0	燃料高と分断情報が、AI格差不安と結びつき将来像を曇らせる
20	ISR	イスラエル	Israel	中東	境界的圧力	停戦維持で技術優位死守	停戦監視継続、輸出管理と対サイバー強化	安全最優先、経済負担は抑えるが警戒継続	動員疲れ・財政制約で緩和に動きにくい	66.0	58.0	69.0	84.0	86.0	72.0	78.0	19.0	教育AI格差が不安と焦燥を増幅、先端職競争感が強まる
20	SAU	サウジアラビア	Saudi Arabia	中東	圧力上昇	原油収益優先で供給は慎重維持	OPEC+協調を優先し増産は段階的に抑制	歳入で雇用と治安を守り改革投資を継続	停戦再燃リスクと治安費で急増産は困難	60.0	61.0	76.0	55.0	70.0	56.0	82.0	26.0	教育AI格差が将来不安を増幅。物価高と雇用不確実性が希望感を削る
20	EU	欧州連合	European Union	欧州	圧力上昇	規制と投資で格差抑制	教育AI基準を提案し同盟と供給網を調整	公正なAIと雇用移行で社会の分断を抑える	加盟国差と景気鈍化で合意形成が遅い	58.0	52.0	64.0	48.0	77.0	55.0	78.0	33.0	教育AI格差の連想が進路不安を増幅し、希望が細る
21	USA	アメリカ	United States	北米	圧力上昇	同盟負担とAI覇権を維持	対中AI・半導体規制維持、同盟に分担増圧	物価は一息でも競争と安全保障は緩めない	議会対立と家計不満で長期関与が揺れる	66.0	44.0	80.0	85.0	88.0	72.0	78.0	24.0	燃料不安は緩むが、AI投資競争と雇用不安が将来感を曇らせる
21	CHN	中国	China	東アジア	境界的圧力	技術主権で交渉主導	対日で部材許可制を選別運用し圧力維持	外圧に対抗し雇用と成長を守る	景気鈍化で強硬過多は失業不満を招く	76.0	48.0	86.0	87.0	70.0	84.0	80.0	22.0	生活費不安は一息だが、AI機会格差が将来不安を固定化
21	JPN	日本	Japan	東アジア	圧力上昇	物価緩和を若者安心に転換	燃料長期契約と電力投資で供給安定化	足元の負担を下げ、移行期の雇用不安も支える	財政硬直で恒久策が薄く自治体差も残る	55.0	38.0	76.0	60.0	94.0	58.0	88.0	14.0	生活費不安は一息。ただ雇用・進路不安が残り将来像は揺れる
21	TWN	台湾	Taiwan	東アジア	圧力上昇	操業安定と抑止を継続	日米へ供給優先枠を維持し危機管理線を強化	燃料は落ち着くが備えと投資を継続する	電力投資と保険負担で人材育成が圧迫	68.0	52.0	61.0	58.0	70.0	66.0	63.0	32.0	生活不安は少し緩むが、供給と有事懸念で将来設計は慎重化
21	KOR	韓国	South Korea	東アジア	圧力上昇	半導体競争を維持し安定確保	米国と対北抑止維持、半導体投資と輸出管理を調整	物価は一息、雇用不安と安保対応を同時に進める	若者雇用対策の即効性が弱く財源も限界	60.0	44.0	72.0	64.0	84.0	60.0	78.0	24.0	生活費不安は少し緩むが、職の先行き不安が残り将来像が曇る
21	PRK	北朝鮮	North Korea	東アジア	境界的圧力	示威で交渉余地を作る	短距離発射準備を誇示、対話窓口は残す	国防強化で体制と生活を守る	外貨・食料不足で長期緊張は重荷	84.0	43.0	66.0	63.0	70.0	56.0	80.0	22.0	安全不安が続き、進路決断の先延ばしとAI格差不安が増える
21	RUS	ロシア	Russia	ユーラシア	間接衝突	戦時継続で資源を梃子	輸出条件を揺らし制裁回避網を維持	圧力下でも生活と主権を守る	損耗と調達難で長期化は脆い	78.0	62.0	74.0	82.0	79.0	73.0	76.0	18.0	燃料不安は一息だが、物価・半導体不安が残り将来像が霞む
21	UKR	ウクライナ	Ukraine	欧州	限定戦争	支援確保と防空維持	対日へ復興・地雷除去・防空支援の継続要請	支援を繋ぎ、前線と復興を同時に支える	動員疲労と歳出逼迫で妥協余地が小さい	78.0	49.0	72.0	55.0	84.0	56.0	74.0	31.0	燃料不安は一息も、支援負担と戦争長期化で将来像が曇る
21	IRN	イラン	Iran	中東	境界的圧力	停戦維持で威信と経済確保	航路攪乱は抑制し制裁緩和交渉を継続	停戦は譲歩でなく生活防衛の戦術だ	財政難と不満で強硬は短期しか持たない	60.0	62.0	64.0	66.0	82.0	68.0	76.0	20.0	燃料不安は一服も、再燃報道が就労と将来像の不確実感を残す
21	ISR	イスラエル	Israel	中東	境界的圧力	停戦監視と技術優位維持	停戦枠組み維持、サイバー防御と輸出管理強化	物価は一息も警戒継続、負担は段階調整	動員疲れと分断、財政で長期戦は困難	63.0	49.0	67.0	82.0	84.0	70.0	76.0	22.0	生活不安はやや緩むが先端計算資源不足が焦燥を残す
21	SAU	サウジアラビア	Saudi Arabia	中東	圧力上昇	価格安定を優先し供給は維持	OPEC+協調で微調整し急変動を抑える	歳入安定で雇用と改革投資を守る	停戦再燃と治安費で増産余地は限定	58.0	44.0	68.0	54.0	66.0	52.0	74.0	30.0	短期の物価不安は緩むが、雇用と将来像の不透明感は残る
21	EU	欧州連合	European Union	欧州	圧力上昇	規制と景気下支えを両立	対露制裁維持しつつ調達分散と産業支援	生活費は緩和、雇用移行と防衛を守る	加盟国間の温度差で決定が遅れがち	56.0	40.0	58.0	46.0	72.0	52.0	70.0	36.0	物価不安は一息だが、雇用移行と先行き不透明感が進路不安を残す
22	USA	アメリカ	United States	北米	圧力上昇	同盟負担とAI主導を優先	対中AI輸出規制継続、同盟に分担増要求	介護負担軽減へ技術活用、競争力も守る	家計不満と議会分断で対外関与が不安定	67.0	46.0	82.0	86.0	90.0	73.0	79.0	23.0	介護×ロボ化競争が加速。雇用不安と投資圧で将来像が霞む
22	CHN	中国	China	東アジア	境界的圧力	介護ロボで主導権確保	対日で介護ロボ部材・標準を抱き合わせ	高齢化対策と産業高度化で雇用を守る	景気鈍化で対外強硬は失業不満の火種	78.0	50.0	84.0	88.0	72.0	86.0	82.0	20.0	介護の将来像は見えるが、雇用と費用の不安が増幅
22	JPN	日本	Japan	東アジア	圧力上昇	介護報酬改革と自動化を併走	同盟国とケアロボ調達・規格連携	担い手を守りつつ技術で負担減	財源不足と業界反発で配分が難航	56.0	40.0	74.0	61.0	95.0	57.0	90.0	12.0	社会的価値の再評価は希望に。だが負担増不安で進路は揺れる
22	TWN	台湾	Taiwan	東アジア	境界的圧力	供給継続と社会安定を優先	日米と半導体・人材の優先枠を再確認	安全保障と生活を両立し雇用を守る	電力・人件費で投資余力が細る	70.0	53.0	63.0	60.0	71.0	67.0	64.0	31.0	ケア待遇論争が将来不安を刺激し、有事と供給不安が慎重化を強める
22	KOR	韓国	South Korea	東アジア	圧力上昇	ケア自動化で雇用不安を抑制	日米と標準協調、部材確保と輸出管理調整	ケア人材の待遇改善とロボ導入を並行	財源が硬直、若者雇用と防衛が競合	61.0	46.0	76.0	62.0	86.0	63.0	81.0	23.0	介護分野の将来像は見えるが、職の奪い合い不安が増幅
22	PRK	北朝鮮	North Korea	東アジア	間接衝突	示威で主導権維持	短距離発射を実施、対話窓口は温存	外圧に屈せず国防で生活も守る	外貨・食料難で長期緊張は限界	88.0	46.0	68.0	65.0	72.0	58.0	83.0	20.0	安全不安が強まり、進路と生活設計が萎縮。介護将来像も暗くなる
22	RUS	ロシア	Russia	ユーラシア	間接衝突	資源で圧力を調整	友好国向け割引維持、非友好国は条件強化	外圧下でも雇用と生活を守り戦時運営を継続	損耗と制裁で投資停滞、社会不満が再燃しやすい	79.0	58.0	76.0	83.0	80.0	74.0	77.0	17.0	介護ロボ議論が国内で過熱し、将来の仕事像が揺れて不安が増幅
22	UKR	ウクライナ	Ukraine	欧州	限定戦争	支援の長期固定化を狙う	対日へ復興・地雷除去・医療/ケア技術協力を要請	前線維持と生活再建を同時に進める	動員疲労と歳出逼迫で妥協しにくい	79.0	46.0	73.0	56.0	86.0	57.0	75.0	29.0	支援負担と戦争長期化で将来像が曇り、ケア議論が分断を増幅
22	IRN	イラン	Iran	中東	境界的圧力	停戦維持で制裁緩和を優先	航路攪乱を抑えつつ制裁緩和と資金回収を交渉	生活防衛のため緊張管理し支援を確保する	不満と財政難で強硬は長期維持できない	58.0	57.0	62.0	65.0	80.0	64.0	74.0	22.0	介護ロボ争点化と中東再燃報道が将来不安を上積み
22	ISR	イスラエル	Israel	中東	境界的圧力	停戦維持と技術統制	停戦監視継続、サイバー警戒と輸出管理強化	安全を優先しつつ生活支援は重点化する	動員疲れと分断、財政で長期余力が薄い	64.0	52.0	69.0	83.0	86.0	72.0	77.0	21.0	介護の評価論争が焦りを増幅、計算資源不安も残る
22	SAU	サウジアラビア	Saudi Arabia	中東	圧力上昇	価格安定と体制安定を優先	OPEC+で微調整し供給維持を示す	歳入安定で雇用と改革投資を継続	停戦再燃と治安費で増産余地が小さい	60.0	47.0	66.0	54.0	64.0	51.0	72.0	32.0	物価は急騰しにくいが、介護自動化論争で将来不安が残る
22	EU	欧州連合	European Union	欧州	圧力上昇	ケア投資を制度化	日米と介護ロボ標準・調達枠を協議	人手不足対策と賃金公正を両立する	加盟国で財源と賃上げ受容が割れる	57.0	42.0	61.0	48.0	74.0	54.0	72.0	35.0	ケア職の再評価は追い風だが、財源不安が進路不安を増幅
23	USA	アメリカ	United States	北米	圧力上昇	安全優先で同盟に整合要求	AI安全規制を強化し同盟に準拠と供給管理	事故再発防止と雇用保護で規制を進める	企業反発と選挙圧力で運用が揺れる	69.0	48.0	86.0	91.0	88.0	78.0	84.0	21.0	規制連動で計算資源と雇用不安が増幅。将来像が描きにくい
23	CHN	中国	China	東アジア	境界的圧力	安全規制で主導権確保	安全規格主導と対日部材供給で選別圧力	事故対応で規制強化し産業競争力も守る	成長鈍化で強硬一辺倒は失業不満の火種	80.0	52.0	86.0	90.0	74.0	88.0	85.0	18.0	AI事故で将来像が揺れ、規制と雇用不安が重なり萎縮
23	JPN	日本	Japan	東アジア	圧力上昇	安全規制対応と成長の両立	同盟国とAI安全基準・監査を共同運用	事故再発防止と産業競争力を両立する	監督コスト増で財政と人材が逼迫	58.0	44.0	76.0	66.0	96.0	60.0	93.0	10.0	規制強化で将来設計は慎重化。安心は増すが挑戦意欲が鈍る
23	TWN	台湾	Taiwan	東アジア	境界的圧力	規制適応と供給信頼を死守	日米EUに安全基準整合と供給優先枠を要請	安全最優先で産業競争力も守ると説明	規制負担で投資が鈍り電力制約も重い	72.0	54.0	66.0	64.0	73.0	70.0	68.0	30.0	AI規制と供給懸念が強まり、若者は進路選択が慎重化
23	KOR	韓国	South Korea	東アジア	圧力上昇	規制対応で競争力を防衛	日米とAI安全基準整合、輸出管理の運用調整	事故再発防止を優先し産業競争力も守る	規制強化で投資減速、若者雇用が揺れる	63.0	47.0	79.0	68.0	88.0	66.0	85.0	21.0	AI規制で採用が冷え、将来不安が強まるが安全重視は一定の安心
23	PRK	北朝鮮	North Korea	東アジア	間接衝突	示威と取引余地の併用	発射準備を誇示、対話窓口は残す	AI規制強化の外圧でも自力更生	外貨不足で制裁強化は痛い	90.0	48.0	70.0	72.0	74.0	60.0	86.0	18.0	安保不安とAI規制報道が重なり、将来設計が保守化
23	RUS	ロシア	Russia	ユーラシア	間接衝突	事故を口実に規制分断	AI事故を拡散し各国規制差を利用、資源条件を微調整	AI暴走の脅威から国民と産業を守る、統制を強める	半導体と資本不足、戦費と不満で引けない	82.0	64.0	78.0	86.0	82.0	76.0	81.0	16.0	事故報道と規制競争で将来像が曇り、挑戦意欲が下がる
23	UKR	ウクライナ	Ukraine	欧州	限定戦争	支援の制度化と規制対応	対日へ復興・地雷除去とAI安全枠組み協力要請	支援獲得と兵站維持で消耗戦に耐える	規制で調達遅延、動員疲労と財政逼迫	81.0	49.0	74.0	60.0	88.0	58.0	77.0	27.0	規制不安と支援議論が増幅し、将来設計が慎重化
23	IRN	イラン	Iran	中東	境界的圧力	停戦維持で対外圧力分散	航路示威を抑制し制裁回避と資金確保	緊張管理で生活と安全を守る	不満高止まりで強硬長期化は困難	60.0	63.0	66.0	70.0	82.0	67.0	78.0	20.0	中東再燃とAI規制報道が不安増幅、仕事像が曇る
23	ISR	イスラエル	Israel	中東	境界的圧力	停戦監視とAI統制強化	同盟と連携しAI規制対応、輸出審査を厳格化	事故再発防止と安全確保、重要産業は守る	分断と動員疲れ、規制で成長も鈍る	66.0	54.0	71.0	86.0	87.0	74.0	79.0	20.0	規制連鎖で就職像が揺れ、計算資源不安が焦りを増幅
23	SAU	サウジアラビア	Saudi Arabia	中東	圧力上昇	規制順守と投資先分散	OPEC+は微調整、AI規制協調を模索	安全と雇用を守り改革投資は継続	治安費と投資競争で余力が縮む	61.0	52.0	68.0	56.0	63.0	53.0	76.0	31.0	AI規制で就活不透明感が増え、将来不安がSNSで拡散
23	EU	欧州連合	European Union	欧州	圧力上昇	安全規制を急ぎ競争も守る	AI事故受け規制強化、日米と監査標準協議	安全確保と雇用・競争力を同時に守る	加盟国で規制強度と産業保護が割れる	58.0	44.0	64.0	55.0	77.0	56.0	75.0	33.0	安全議論で就職像が揺れ、挑戦より慎重が強まる
24	USA	アメリカ	United States	北米	圧力上昇	同盟統制でAI供給を囲い込む	対中規制を維持し同盟に輸出管理と負担増要求	雇用と安全を守るため競争管理を徹底する	選挙・物価・企業圧力で強硬一辺倒は難しい	72.0	51.0	89.0	93.0	90.0	80.0	86.0	19.0	雇用と計算資源の先細り感が強まり、将来設計が短期化する
24	CHN	中国	China	東アジア	境界的圧力	規格支配と対外圧力の調整	対日先端部材を選別、規格主導と輸出管理対抗	安全と雇用を守るため規制と産業支援を強化	景気鈍化で強硬固定は失業不満を増やす	82.0	54.0	88.0	92.0	76.0	90.0	86.0	16.0	雇用と将来像が揺れ、挑戦回避と海外志向が強まる
24	JPN	日本	Japan	東アジア	圧力上昇	雇用不安の沈静化優先	同盟と監査枠組み維持し輸入源多角化	雇用と生活の不安を抑え成長投資も守る	財政逼迫で支援は薄く分配対立が残る	60.0	50.0	72.0	63.0	97.0	58.0	94.0	9.0	将来不安が政治化し慎重志向が強まる。支援が見えない層は諦めが増える
24	TWN	台湾	Taiwan	東アジア	境界的圧力	供給信頼と社会不安を抑制	日米と供給優先枠・代替生産を協議	雇用不安へ再訓練と家計支援を強化	電力・水・人材が逼迫し投資が重い	74.0	56.0	69.0	66.0	76.0	72.0	70.0	28.0	供給不安と雇用不安が重なり、若者の将来設計が保守化
24	KOR	韓国	South Korea	東アジア	圧力上昇	半導体主導で社会不安を抑える	対日協調維持しつつ輸出管理を厳格運用	雇用・住宅不安に対策し安保も維持	対外規制と景気減速で若者不満が増幅	64.0	52.0	82.0	71.0	90.0	68.0	87.0	19.0	採用抑制と物価観測が重なり将来感情が冷える
24	PRK	北朝鮮	North Korea	東アジア	間接衝突	示威維持、取引窓口は残す	発射関連の活動を誇示しつつ対話経路を温存	外圧下でも抑止力と統制で体制を守る	外貨不足と食料難で長期緊張は重荷	88.0	50.0	74.0	73.0	76.0	62.0	87.0	17.0	安保不安がAI雇用不安と結び、挑戦より安全志向が強まる
24	RUS	ロシア	Russia	ユーラシア	間接衝突	資源で圧力、継戦を維持	資源供給条件を揺らし制裁回避網を強化	外圧に対抗し国益と雇用を守る	戦費と不満、技術不足で長期戦は苦しい	84.0	71.0	80.0	88.0	83.0	79.0	82.0	15.0	雇用と物価不安が長引き、将来設計が縮む
24	UKR	ウクライナ	Ukraine	欧州	限定戦争	支援の固定化と復興前倒し	対日へ復興投資・地雷除去・AI規制調和を要請	支援を制度化し前線維持と生活支援を両立	動員疲労と財政難、調達規制で戦力更新が遅い	83.0	47.0	72.0	61.0	87.0	57.0	78.0	26.0	遠方戦争の長期化が雇用不安と将来設計の慎重化を増幅
24	IRN	イラン	Iran	中東	境界的圧力	停戦維持で内政安定優先	航路示威を限定し制裁回避と外貨確保	生活防衛を優先し危機の再燃を抑える	不満と財政難で強硬路線は続かない	62.0	66.0	68.0	72.0	84.0	69.0	80.0	18.0	原油・航路不安とAI雇用論争が重なり将来像が曇る
24	ISR	イスラエル	Israel	中東	境界的圧力	停戦維持と技術防衛優先	停戦監視を継続し輸出審査・サイバーを強化	安全確保と生活の両立、分断を抑える	動員疲れと政局で長期投資が滞る	64.0	57.0	73.0	88.0	84.0	76.0	80.0	22.0	雇用像が揺れ、計算資源不安が将来感を曇らせる
24	SAU	サウジアラビア	Saudi Arabia	中東	圧力上昇	原油安定と投資信頼確保	OPEC+微調整、停戦維持へ外交仲介	歳入を守り改革投資と雇用を継続	治安費と改革資金の両立が限界	63.0	58.0	70.0	57.0	64.0	54.0	74.0	30.0	燃料高と就活不透明が重なり将来不安が増幅
24	EU	欧州連合	European Union	欧州	圧力上昇	規制調整で雇用不安を抑える	AI監査の相互承認と支援枠、対露制裁維持	安全と雇用の両立へ規制を現実化する	加盟国差と景気減速で合意形成が遅い	60.0	47.0	62.0	57.0	79.0	54.0	72.0	32.0	規制・雇用議論が日本の就活観を硬化、不安優位
25	USA	アメリカ	United States	北米	圧力上昇	同盟内でAI規律を主導	同盟にAI監査基準と輸出管理順守を要求	透明性で雇用と安全保障を両立させる	企業負担と選挙前の雇用不安が制約	74.0	54.0	90.0	94.0	91.0	82.0	87.0	18.0	基準は明確化するが計算資源が細り将来不安は強い
25	CHN	中国	China	東アジア	境界的圧力	基準主導で雇用不安を封じる	域内AI認証案を提示し対日規格交渉を加速	技能基準を明確化し雇用と成長を守る	景気減速で強硬は失業不満を刺激する	84.0	56.0	90.0	93.0	78.0	91.0	88.0	14.0	基準競争で進路迷いが増え、安定志向と萎縮が強まる
25	JPN	日本	Japan	東アジア	圧力上昇	雇用透明化で不安抑制	同盟国とAI監査基準を整合し調達分散	学び直しと採用基準の見える化を進める	財政制約で支援が薄く不満が拡散しやすい	61.0	52.0	78.0	66.0	96.0	60.0	95.0	10.0	基準が見えない不安が増幅。見える化が遅いほど諦めが強まる
25	TWN	台湾	Taiwan	東アジア	境界的圧力	供給信頼と人材の見通し提示	日米欧へ供給安定枠と人材往来を提案	AI時代の職能基準を公開し再訓練を拡充	電力水人材が逼迫し賃金高騰が痛い	76.0	58.0	72.0	70.0	79.0	74.0	73.0	26.0	進路不安と供給不安が連動し、若者の挑戦意欲が鈍る
25	KOR	韓国	South Korea	東アジア	圧力上昇	採用透明化で不満を抑える	対米協議でAI人材・半導体協力を深める	AI採用基準を可視化し公正な競争を守る	景気減速で若年雇用が弱く不満が燃えやすい	63.0	53.0	78.0	69.0	88.0	66.0	86.0	21.0	採用基準の不透明感が残り、進路不安がSNSで増幅
25	PRK	北朝鮮	North Korea	東アジア	間接衝突	示威で主導権を取る	発射準備誇示と接触窓口の維持	外圧下でも抑止で体制を守る	外貨・食料不足で長期緊張は重荷	90.0	52.0	76.0	74.0	78.0	64.0	89.0	16.0	安保不安が採用不透明感を増幅し、若者は学習投資を躊躇
25	RUS	ロシア	Russia	ユーラシア	間接衝突	資源と情報で外圧を相殺	資源輸出の条件提示と制裁回避網を拡張	国家の持久戦で雇用と秩序を守る	戦費と不満、技術制約で余力が削れる	86.0	74.0	83.0	90.0	85.0	81.0	84.0	14.0	採用基準不透明が長引き、学習投資が迷走し不安増
25	UKR	ウクライナ	Ukraine	欧州	限定戦争	支援維持と動員疲労の抑制	対日へ復興投資とAI人材育成協力を要請	前線維持と生活支援を両立し復興準備を進める	財政難と動員疲労で長期戦の余力が細る	84.0	49.0	74.0	63.0	88.0	58.0	79.0	25.0	遠方戦争長期化+採用基準不透明で学習不安が増幅
25	IRN	イラン	Iran	中東	境界的圧力	停戦維持と制裁回避を優先	航路示威は抑制し第三国経由の外貨確保	生活防衛を最優先に危機再燃を避ける	不満と財政難で強硬一辺倒は困難	63.0	67.0	71.0	73.0	85.0	70.0	82.0	18.0	原油不安に加えAI採用不透明が学習不安を増幅
25	ISR	イスラエル	Israel	中東	境界的圧力	停戦維持と技術防衛	輸出審査とサイバー連携を強化	安全と経済を両立し雇用を守る	動員疲れと政局で改革が遅い	63.0	56.0	75.0	89.0	83.0	77.0	82.0	23.0	採用基準の不透明感が残り、学習不安が増幅する
25	SAU	サウジアラビア	Saudi Arabia	中東	圧力上昇	原油安定と投資継続	OPEC+調整継続、日米欧へ長期供給提案	価格安定で歳入確保し改革雇用を守る	治安費・改革投資・若者雇用が綱引き	61.0	57.0	72.0	56.0	63.0	53.0	76.0	29.0	物価不安に加えAI採用不透明で学習投資が迷走し将来不安増
25	EU	欧州連合	European Union	欧州	圧力上昇	採用AI透明性を規制で底上げ	採用AIの説明責任指針を域外にも要請	雇用の公正と競争力を両立する	加盟国差で運用統一が遅れやすい	61.0	50.0	66.0	58.0	77.0	55.0	76.0	30.0	透明性圧力が日本の採用AI議論を加速、就活不安が増幅
26	USA	アメリカ	United States	北米	圧力上昇	同盟の負担増を要請	対日へ防衛・AI輸出管理・監査順守を強化要求	同盟強化で雇用と安全を守る	選挙前の物価と雇用不安で強硬一辺倒は困難	76.0	58.0	92.0	95.0	92.0	84.0	89.0	16.0	地方流出と雇用不安に同盟要請が重なり、将来設計が揺れる
26	CHN	中国	China	東アジア	境界的圧力	台湾圧力と景気安定を両立	対日輸出・観光を選別し規格協議を迫る	外圧に備えつつ雇用と物価を守る	失業不安で強硬一辺倒は反発を呼ぶ	86.0	58.0	92.0	94.0	80.0	92.0	90.0	12.0	雇用不安と供給網不安が重なり地方離脱の焦りが増す
26	JPN	日本	Japan	東アジア	圧力上昇	若者流出抑止へ可処分重視	同盟と供給網分散、計算資源枠を確保	地方の住居・雇用支援を厚くし移動不安を減らす	財政逼迫で厚い支援が難しくSNS不満が燃えやすい	63.0	56.0	82.0	68.0	97.0	62.0	96.0	9.0	地方に残るほど将来が見えず、都市競争も怖い感情が増幅
26	TWN	台湾	Taiwan	東アジア	境界的圧力	人材流出抑止と供給信頼	日米欧へ供給安定枠と人材循環策を提示	住宅・賃金支援と再訓練で若者定着を図る	電力水住宅が制約、賃金高騰で不満が増える	79.0	60.0	78.0	72.0	82.0	76.0	77.0	24.0	進路の見通しが揺れ、都市集中と供給不安が不安を増幅
26	KOR	韓国	South Korea	東アジア	圧力上昇	雇用安定と技術防衛	対米協議で半導体供給枠と人材流動を調整	若者雇用と公正採用を守り成長投資を続ける	景気弱含みで若年不満と同盟依存が重い	64.0	54.0	82.0	71.0	86.0	68.0	88.0	20.0	地域流出と採用不安が連動し、将来像がSNSで揺れる
26	PRK	北朝鮮	North Korea	東アジア	境界的圧力	示威と交渉窓口の維持	短距離発射で示威、対話窓口は閉じない	抑止を強め生活を守るための対応だ	外貨・食料不足で長期緊張は限界	92.0	54.0	78.0	76.0	79.0	66.0	91.0	15.0	安保不安が地方就職を萎縮させ、都市流出と将来観が悪化
26	RUS	ロシア	Russia	ユーラシア	間接衝突	資源収入確保と戦線維持	アジア向け割引供給と制裁回避決済を強化	圧力下でも賃金と物価対策で秩序を守る	戦費増と技術封鎖で成長が鈍り不満が残る	84.0	78.0	82.0	89.0	83.0	80.0	86.0	15.0	地方の将来像が薄れ都市集中が加速、物価不安が進路不安に直結
26	UKR	ウクライナ	Ukraine	欧州	限定戦争	支援維持と復興資金の確保	対日へ復興投資・AI訓練と供給協力要請	前線維持と復興準備を同時に進める	財政難と動員疲労で社会不満が増える	86.0	52.0	77.0	66.0	90.0	60.0	82.0	23.0	遠方戦争の長期化が不透明感を増幅し地方若者の将来不安が濃くなる
26	IRN	イラン	Iran	中東	境界的圧力	停戦維持し対外圧力は調整	航路示威は限定、制裁回避の裏交渉継続	生活防衛と抑止を両立し危機拡大は避ける	財政難と不満で強硬化は持続不能	64.0	69.0	74.0	76.0	86.0	72.0	84.0	16.0	原油高観測と雇用先細り感が重なり将来像が曇る
26	ISR	イスラエル	Israel	中東	境界的圧力	停戦維持と技術防衛	輸出審査強化と同盟サイバー協力	安全確保と成長投資を同時に進める	動員疲れと政局で人材流出が止まらない	64.0	57.0	78.0	90.0	84.0	79.0	83.0	22.0	採用と計算資源が読めず、地方若者ほど将来像が曇る
26	SAU	サウジアラビア	Saudi Arabia	中東	圧力上昇	価格安定と供給信頼を優先	OPEC+調整継続、対日長期契約と在庫協力提案	価格安定で歳入と改革投資を守る	治安費・改革投資・若者雇用の配分が限界	63.0	59.0	74.0	56.0	64.0	54.0	78.0	28.0	生活コスト不安が都市集中を加速し、将来像が縮む
26	EU	欧州連合	European Union	欧州	圧力上昇	雇用公正と競争力を規制で両立	採用AI透明性と域外準拠を企業に要請	若者の公正な機会と産業競争力を守る	加盟国差と景気減速で実装が遅れやすい	63.0	53.0	62.0	57.0	76.0	56.0	74.0	31.0	就活の説明責任圧力が強まり、地方若者は移動不安と焦燥が増える
27	USA	アメリカ	United States	北米	圧力上昇	同盟負担とAI規律を要求	対日へ防衛増・輸出管理順守・人材投資を要請	同盟と先端産業を守り雇用を確保する	選挙・物価・議会対立で追加負担は限定的	78.0	61.0	90.0	94.0	91.0	83.0	88.0	15.0	再教育の地域差が可視化し、格差不安と将来像の揺れが増す
27	CHN	中国	China	東アジア	境界的圧力	台湾圧力と景気守りを併走	対日で輸出許認可・規格協議を強化	外部環境は厳しいが雇用と成長を守る	景気減速と失業懸念で強硬策は限界	84.0	60.0	88.0	93.0	78.0	90.0	92.0	15.0	再教育の地域差が焦りを増幅し将来像が割れる
27	JPN	日本	Japan	東アジア	圧力上昇	地域差の不安を抑える	供給網・計算資源枠を維持し同盟調整	再教育と生活支援を全国で底上げ	自治体格差が露呈し財政調整が難航	62.0	57.0	86.0	69.0	98.0	63.0	97.0	8.0	住む場所で未来が決まる感覚が強まり焦燥と諦めが増える
27	TWN	台湾	Taiwan	東アジア	境界的圧力	人材定着と供給信頼の死守	日米欧へ技能認証連携と供給優先枠を提案	再教育投資を地域配分し若者流出を抑える	電力水住宅が逼迫、賃金格差で不満が増幅	80.0	62.0	81.0	74.0	84.0	78.0	80.0	22.0	再教育競争の地域差が不安を刺激し、進路の迷いが長期化
27	KOR	韓国	South Korea	東アジア	圧力上昇	雇用不安の抑制と技術防衛	対米協議で先端半導体枠と人材競争を調整	再教育投資で地域格差を抑え雇用を守る	景気弱含みで若年不満と対米依存が残る	63.0	56.0	84.0	73.0	85.0	69.0	90.0	19.0	自治体間の再教育格差が可視化し、若者は移動圧と将来不安が増幅
27	PRK	北朝鮮	North Korea	東アジア	境界的圧力	示威で結束、交渉余地は残す	短距離発射を示威、制裁回避へ裏交渉	外圧に屈せず抑止を強め生活を守る	外貨・食料逼迫で長期緊張は負担	90.0	53.0	80.0	77.0	78.0	67.0	92.0	14.0	安保不安が再教育投資の成果不信を強め、地域間で将来観が割れる
27	RUS	ロシア	Russia	ユーラシア	間接衝突	戦費確保で資源輸出を優先	アジア向け割引供給と制裁回避網を拡大	制裁下でも雇用と物価を守り戦線維持	戦費負担と技術封鎖で不満が再燃しやすい	86.0	79.0	83.0	90.0	84.0	81.0	88.0	18.0	再教育予算の地域差がSNSで増幅し、物価不安と進路不安が結びつく
27	UKR	ウクライナ	Ukraine	欧州	限定戦争	支援固定化で持久	対日へ復興・訓練支援の継続要請	前線維持と復興準備を同時に進める	動員疲労と財政難で不満が増す	84.0	54.0	76.0	65.0	88.0	61.0	83.0	24.0	再教育競争で格差が可視化し、将来不安が増幅
27	IRN	イラン	Iran	中東	境界的圧力	停戦維持し示威は限定	航路周辺で限定示威、裏交渉で制裁回避	抑止を保ちつつ生活防衛を優先する	不満と財政難で長期強硬は困難	66.0	72.0	76.0	77.0	87.0	73.0	86.0	15.0	原油高と地域再教育格差が重なり、将来の安定像が揺らぐ
27	ISR	イスラエル	Israel	中東	境界的圧力	停戦維持と技術防衛	サイバー共同防衛と輸出審査を強化	抑止を維持し経済の回復を優先する	動員疲れと政局で人材流出が続く	66.0	59.0	81.0	92.0	86.0	81.0	85.0	20.0	再教育競争で地域差が露呈し、将来不安が拡散しやすい
27	SAU	サウジアラビア	Saudi Arabia	中東	圧力上昇	供給信頼と価格上振れ抑制	OPEC+で漸進調整、対日長期契約を優先	価格安定で歳入と改革・治安支出を維持	改革投資と若者雇用維持が歳入に依存	61.0	57.0	76.0	56.0	65.0	55.0	80.0	26.0	再教育予算格差が可視化し、生活費不安と将来不信が増幅
27	EU	欧州連合	European Union	欧州	圧力上昇	再教育を標準化し格差抑制	職能認証とAI透明性の域外順守を強化	公正な移行と競争力を同時に守る	加盟国差と景気で財源配分が割れる	62.0	54.0	66.0	58.0	77.0	57.0	76.0	30.0	再教育の地域差が比較され、若者の焦りと移動不安が増える
28	USA	アメリカ	United States	北米	圧力上昇	同盟負担と供給網を再要請	対日へ防衛分担・医療AI協力・輸出管理順守を再要請	同盟と産業基盤を守り生活費高騰も抑える	財政赤字と選挙で追加負担は通しにくい	80.0	63.0	92.0	95.0	93.0	85.0	90.0	13.0	介護離職不安が将来像を圧迫し、学び直し焦りが増える
28	CHN	中国	China	東アジア	境界的圧力	対日梃子を維持し抑制	対日で許認可遅延と投資誘導を併用	外圧下でも雇用と供給網を守る	景気減速で強硬一辺倒は逆効果	86.0	62.0	91.0	94.0	80.0	92.0	94.0	13.0	介護離職不安が家計と進路選択を直撃し将来像が縮む
28	JPN	日本	Japan	東アジア	圧力上昇	介護離職の波を抑える	介護人材確保へ越境採用枠と制度連携	介護崩れは国難、負担軽減と賃上げを急ぐ	恒久財源が乏しく配分争いが激化	60.0	56.0	90.0	70.0	99.0	64.0	98.0	6.0	家族ケアで進路が揺らぎ、将来設計が縮む不安が増える
28	TWN	台湾	Taiwan	東アジア	境界的圧力	供給継続と抑止信頼の確保	日米欧に供給優先枠と危機時運用を再提案	生活負担を緩和しつつ供給信頼を守る	電力水住宅と賃金格差で不満が再燃しやすい	82.0	64.0	83.0	76.0	86.0	80.0	82.0	20.0	介護離職不安に半導体不確実性が重なり将来設計が萎む
28	KOR	韓国	South Korea	東アジア	圧力上昇	雇用不安と対北抑止の同時管理	対米で対北抑止確認、半導体供給枠を防衛	雇用と物価を守りつつ安全保障を強化する	介護医療の人手不足で賃金・財政が圧迫	64.0	57.0	78.0	71.0	83.0	66.0	88.0	18.0	介護離職不安が波及し、若者は家計と進路の不確実性が増す
28	PRK	北朝鮮	North Korea	東アジア	間接衝突	示威継続、取引窓口は維持	発射示威とサイバー攪乱、裏交渉	敵対勢力の威嚇に対抗し団結を守る	外貨不足と食料不安で長期化は困難	93.0	56.0	84.0	79.0	82.0	69.0	95.0	12.0	介護離職不安に安保ショックが重なり、将来の努力が報われない感情が増える
28	RUS	ロシア	Russia	ユーラシア	間接衝突	戦費優先で対外圧力維持	資源輸出の選別と制裁回避網を強化	長期戦でも雇用と物価を守る	技術封鎖と損耗で不満が再燃しやすい	84.0	81.0	78.0	89.0	86.0	80.0	90.0	16.0	介護離職不安に物価高が重なり、進路の悲観が拡散
28	UKR	ウクライナ	Ukraine	欧州	限定戦争	支援維持で前線固定	対日へ復興資金・地雷除去技術支援を要請	国際支援を確保し兵站と復興を同時推進	動員疲労と財政逼迫で統治が揺らぐ	86.0	57.0	78.0	67.0	90.0	63.0	84.0	22.0	介護離職不安に海外危機負担が重なり、将来像が曇る
28	IRN	イラン	Iran	中東	境界的圧力	停戦維持し圧力を可変化	航路周辺で示威抑制、裏交渉で制裁緩和探る	抑止は維持しつつ生活安定を優先する	財政難と不満で長期対決は持たない	67.0	76.0	78.0	78.0	88.0	75.0	90.0	14.0	介護離職不安に原油高が重なり将来像が曇る
28	ISR	イスラエル	Israel	中東	境界的圧力	停戦管理と技術防衛優先	サイバー連携拡大と技術輸出審査を厳格化	安全保障優先で経済は下支えし消耗を抑える	動員疲れと政局で人材確保が難しい	64.0	57.0	83.0	93.0	87.0	82.0	86.0	19.0	介護離職不安に加え、計算資源制約が将来像を曇らせる
28	SAU	サウジアラビア	Saudi Arabia	中東	圧力上昇	供給信頼維持と価格抑制	OPEC+で微調整、対日契約を優先	歳入確保と物価抑制で改革を継続	歳入依存で治安・雇用支出が硬直	60.0	56.0	78.0	57.0	66.0	55.0	82.0	25.0	介護離職不安に生活費高が重なり、若者の将来像が縮む
28	EU	欧州連合	European Union	欧州	圧力上昇	ケア危機に移行支援	介護・医療AIの域外規制順守を要求	生活防衛と人材確保を最優先	加盟国差で財源と人材融通が難しい	60.0	52.0	70.0	60.0	79.0	56.0	78.0	28.0	ケア職の不安が可視化し、進路迷いと介護離職恐怖が増す
29	USA	アメリカ	United States	北米	圧力上昇	同盟のAI基盤を優先し要請強化	対日へ電力・DC投資協調と輸出管理順守を要求	雇用と競争力を守るため同盟でAI基盤を固める	電力反発と選挙で補助金拡大は割れやすい	78.0	66.0	88.0	94.0	91.0	83.0	89.0	15.0	電力・雇用の先行き不透明で将来設計が縮み、焦燥が増える
29	CHN	中国	China	東アジア	境界的圧力	対日梃子を選択的に強める	重要鉱物・装置で許認可を絞り交渉促進	安全と雇用を守り外圧に対抗する	景気鈍化で全面強硬は国内負担が増す	88.0	66.0	93.0	96.0	82.0	94.0	95.0	12.0	AI電力・水摩擦で投資停滞感が拡散し進路不安が増幅
29	JPN	日本	Japan	東アジア	圧力上昇	立地合意と計算資源の確保	同盟国とクラウド・半導体調達を補完	電力・水と雇用を両立し地域合意で進める	送電網投資と補助金の財源が限界	61.0	60.0	74.0	72.0	98.0	66.0	92.0	8.0	AI雇用期待と生活コスト不安が同時に増幅し、将来像が揺れる
29	TWN	台湾	Taiwan	東アジア	境界的圧力	供給維持と資源摩擦の抑制	日米欧とDC資源配分と供給継続枠を再調整	電力水の公平配分で投資と生活を両立	電力水不足と地元反発で政権負担増	84.0	67.0	81.0	79.0	85.0	82.0	85.0	22.0	半導体と電力制約が再び話題化し将来設計が硬直、挑戦意欲が鈍る
29	KOR	韓国	South Korea	東アジア	圧力上昇	AI投資を維持し雇用鎮静	対米で電力・半導体枠を確保し協調競争	立地摩擦は調整し投資と雇用を守る	電力不足と地域反発で計画が遅れやすい	63.0	61.0	74.0	69.0	82.0	67.0	90.0	17.0	電力・半導体の取り合い感が強まり進路不安が増す
29	PRK	北朝鮮	North Korea	東アジア	間接衝突	示威で交渉余地を確保	短距離発射示威とサイバー攪乱、裏交渉	敵対の脅威に備え団結と規律を強調	外貨・食料不足で長期の緊張維持は重荷	92.0	58.0	83.0	81.0	84.0	70.0	96.0	11.0	インフラ摩擦と安保不安が重なり、将来像が霞む
29	RUS	ロシア	Russia	ユーラシア	間接衝突	資源梃子で制裁耐久	LNG・石油の割引供給と決済迂回を拡大	生活を守りつつ国家防衛を継続	投資停滞と技術欠乏で成長が鈍い	86.0	84.0	79.0	91.0	88.0	82.0	92.0	15.0	インフラ摩擦で将来像が割れ、物価と雇用不安が悲観を増幅
29	UKR	ウクライナ	Ukraine	欧州	限定戦争	支援維持で防空と復興両立	対日へ電力効率DC・地雷除去支援を重点要請	復興投資は雇用を生むが負担配分を調整	戦時電力・財政が逼迫し投資摩擦が拡大	84.0	60.0	79.0	69.0	91.0	65.0	86.0	21.0	AIインフラ摩擦と戦争長期化が重なり、将来設計が萎む
29	IRN	イラン	Iran	中東	境界的圧力	停戦維持し交渉で有利化	航路の示威は抑えつつ代理勢力を調整	抵抗と生活防衛を同時に進める	制裁と財政難で長期対決は不利	66.0	79.0	74.0	76.0	87.0	73.0	88.0	16.0	電力摩擦でAI投資不安が増幅し、原油高観測で将来像が曇る
29	ISR	イスラエル	Israel	中東	境界的圧力	停戦管理と計算資源確保	同盟と協調しAI・サイバー輸出審査を強化	安全保障優先だが生活コスト抑制も進める	動員疲れと政局で産業投資が滞る	66.0	60.0	78.0	92.0	86.0	80.0	88.0	18.0	計算資源の先細り感と物価不安が、将来設計を縮める
29	SAU	サウジアラビア	Saudi Arabia	中東	圧力上昇	供給信頼維持と収益確保	OPEC+微調整、対日長期契約を優先	価格安定で歳入と改革投資を守る	歳入依存と治安・雇用支出が硬直	58.0	53.0	74.0	55.0	64.0	54.0	79.0	27.0	電力・立地摩擦でAI投資が揺れ、生活費不安が進路選択を縮める
29	EU	欧州連合	European Union	欧州	圧力上昇	インフラ受容と規制堅持	データセンター立地基準を強化し域外順守を要求	電力・水を守り雇用と投資を両立させる	地域反発と加盟国差で合意形成が遅い	61.0	54.0	66.0	63.0	78.0	57.0	80.0	26.0	電力・水制約と規制順守負担が進路不安を押し上げる
30	USA	アメリカ	United States	北米	圧力上昇	同盟AI基盤の要求を維持	対日へDC・送電投資と輸出管理順守を再要請	同盟で供給網を固め雇用と安保を守る	電力反発と選挙で対外負担は積み増し困難	80.0	68.0	90.0	95.0	92.0	84.0	90.0	13.0	住宅停滞で生活設計が詰まり、外圧も重なり将来不安が増幅
30	CHN	中国	China	東アジア	境界的圧力	対日レバーを段階運用	鉱物・装置許認可を緩急付け交渉誘導	雇用と安全を守り対外圧力に対処	景気減速で過度強硬は輸出と不安を招く	86.0	64.0	91.0	94.0	84.0	92.0	96.0	10.0	住宅停滞と連動し将来設計が曇り、進学就職の迷いが増える
30	JPN	日本	Japan	東アジア	圧力上昇	住居不安の沈静化を優先	同盟と協調し資源・投資の不確実性を抑制	住まいと賃金の目詰まりを解消へ段階支援	財源不足で対象設計が割れ先送り圧力	63.0	58.0	78.0	70.0	99.0	64.0	95.0	6.0	家賃停滞が将来設計を直撃し、挑戦より防衛的選択が増える
30	TWN	台湾	Taiwan	東アジア	境界的圧力	半導体継続と抑止強化	日米欧と供給継続枠を固定し分散投資	雇用と安全を守り供給網を安定化	電力水・地元反発で増産に限界	86.0	66.0	83.0	81.0	86.0	84.0	87.0	20.0	住宅停滞の不満に供給不安が上乗せされ、将来設計がさらに萎む
30	KOR	韓国	South Korea	東アジア	圧力上昇	同盟維持と産業防衛	対米で半導体枠確保、対日協調も条件化	競争は避けられず雇用と安保を守る	電力・住宅停滞で若者不満が噴出しやすい	66.0	60.0	77.0	71.0	84.0	69.0	91.0	16.0	半導体・電力の争奪観測で将来不安が強まり、進路の保守化が進む
30	PRK	北朝鮮	North Korea	東アジア	間接衝突	示威継続で対価引き出し	短距離発射示威とGPS妨害、裏交渉	対外脅威を強調し規律と動員を訴える	外貨・食料不足で長期緊張は限界	94.0	60.0	86.0	82.0	88.0	72.0	97.0	9.0	住宅停滞と安保不安が重なり、将来設計が縮む
30	RUS	ロシア	Russia	ユーラシア	間接衝突	制裁回避で戦費確保	資源輸出の迂回と価格操作で収入維持	圧力下でも国家と生活を守り抜く	技術不足と人材流出で長期戦が重い	87.0	82.0	77.0	92.0	90.0	83.0	93.0	12.0	住宅政策停滞で生活防衛感が崩れ、物価・雇用不安が将来悲観を増幅
30	UKR	ウクライナ	Ukraine	欧州	限定戦争	支援確保で防空・復興を継続	対日へ地雷除去・送電復旧支援を追加要請	戦時下でも復興雇用を作り耐久戦に備える	支援疲れと財政逼迫で動員・負担が限界	85.0	61.0	80.0	70.0	92.0	66.0	87.0	20.0	住宅政策停滞と戦争長期化が重なり、生活コスト不安で未来設計が縮む
30	IRN	イラン	Iran	中東	境界的圧力	停戦維持し影響力を確保	停戦枠組み維持、航路示威は限定	抵抗継続と物価抑制を優先	制裁と財政難で長期戦は不利	68.0	82.0	76.0	77.0	89.0	74.0	90.0	12.0	住宅停滞に原油高不安が重なり、将来設計が縮む
30	ISR	イスラエル	Israel	中東	境界的圧力	停戦管理と技術統制	同盟と協調しAI・サイバー輸出審査を維持	治安優先で停戦を管理し生活費も抑える	動員疲れと政局で投資と改革が遅い	68.0	62.0	80.0	93.0	88.0	82.0	90.0	16.0	住居停滞と物価不安が重なり将来設計を縮める
30	SAU	サウジアラビア	Saudi Arabia	中東	圧力上昇	供給安定で歳入と体制守る	OPEC+は増産抑制、対日契約は維持し価格誘導	市場安定で歳入を確保し改革投資を継続	財政は強いが失業・治安支出が硬直	60.0	57.0	76.0	56.0	67.0	55.0	82.0	24.0	家賃不安と光熱費が重なり将来像が縮み挑戦回避が増える
30	EU	欧州連合	European Union	欧州	圧力上昇	生活防衛と規制実装を優先	対露制裁維持と域内産業支援を強化	物価と雇用を守りつつ支援を継続する	住宅停滞で政権正統性が揺れ妥協が必要	63.0	57.0	68.0	65.0	81.0	59.0	82.0	24.0	物価・雇用不安が続き、将来設計の萎縮が強まる
31	USA	アメリカ	United States	北米	圧力上昇	同盟のAI基盤増強を要求	対日へ輸出管理順守とDC投資加速を要請	同盟で供給網を固め雇用と安保を守る	電力反発と選挙で対外負担増は困難	78.0	66.0	92.0	96.0	90.0	82.0	93.0	12.0	初任給の二極化と外圧が重なり、選別感で将来不安が増幅
31	CHN	中国	China	東アジア	境界的圧力	対日レバーを選別強化	鉱物・部材許認可を絞り緩和を条件化	雇用と安全を守るため外圧に耐える	景気鈍化で強硬一辺倒は輸出を傷つける	84.0	62.0	93.0	95.0	82.0	90.0	97.0	12.0	初任給二極化に外部不安が重なり、努力の報われ感が下がる
31	JPN	日本	Japan	東アジア	圧力上昇	雇用二極化の緩和を優先	同盟協調で投資・供給網の不確実性を抑制	初任給格差に対応し学び直しと移行支援を強化	財源が細く、対象設計が揉め実行が遅れる	64.0	57.0	84.0	68.0	96.0	66.0	94.0	8.0	選別感が強まり将来設計が縮む。学習投資格差が不安を増幅
31	TWN	台湾	Taiwan	東アジア	境界的圧力	供給継続と抑止の同時強化	日米欧と重要品目の優先供給枠を再確認	雇用と産業を守り、動揺を抑える	電力水制約と対中圧力で余地が狭い	88.0	68.0	86.0	83.0	87.0	85.0	90.0	18.0	初任給二極化に供給不安が重なり、努力の報酬感が揺らぐ
31	KOR	韓国	South Korea	東アジア	圧力上昇	同盟維持と産業防衛	対米で半導体枠確保、対日協調は条件付	選別は不可避、雇用と安保を同時に守る	電力・住宅と賃金二極化で不満が増幅	64.0	58.0	82.0	73.0	86.0	71.0	93.0	15.0	初任給二極化が追い風職以外の将来不安を増やし進路が保守化
31	PRK	北朝鮮	North Korea	東アジア	間接衝突	示威で譲歩と支援を誘導	短距離発射示威と妨害、対話窓口維持	包囲に対抗し動員と規律を徹底	外貨・食料難で長期緊張は負担	93.0	58.0	88.0	83.0	87.0	73.0	96.0	10.0	安保不安が選別感と結び、挑戦回避と将来悲観が増す
31	RUS	ロシア	Russia	ユーラシア	間接衝突	制裁迂回で戦費と体制維持	資源輸出を絞り価格を下支え、迂回取引拡大	外圧でも雇用と生活を守り勝利条件を維持	技術不足と動員疲れで長期戦コストが増大	88.0	84.0	79.0	93.0	91.0	84.0	94.0	11.0	物価高と入口職縮小が重なり、努力報酬感が痩せる
31	UKR	ウクライナ	Ukraine	欧州	限定戦争	支援再確保で防空優先	欧州・日へ防空/復興資金を同時要請	防空強化と復興雇用で耐久戦を維持	支援疲れと財政難で動員負担が限界	84.0	60.0	82.0	69.0	93.0	67.0	88.0	19.0	賃金二極化の不公平感に戦争長期化が重なり将来設計が萎む
31	IRN	イラン	Iran	中東	境界的圧力	停戦維持で制裁下の体制確保	停戦枠組み維持、航路は限定示威	抵抗継続と物価抑制を両立	制裁と財政難で長期対立は不利	66.0	79.0	81.0	76.0	87.0	72.0	92.0	14.0	原油高不安に賃金二極化が重なり、将来の安定感が細る
31	ISR	イスラエル	Israel	中東	境界的圧力	停戦維持と技術統制を継続	同盟国と協調しAI・サイバー審査を厳格化	治安と物価の安定を優先し停戦を維持する	動員負担と政局で成長投資が細る	66.0	60.0	83.0	92.0	86.0	80.0	91.0	15.0	賃金二極化の外圧が不安を増幅し就職の選別感が強まる
31	SAU	サウジアラビア	Saudi Arabia	中東	圧力上昇	供給管理で歳入と安定維持	OPEC+で慎重増産、対日長期契約を優先	市場安定を守り改革投資と雇用創出を継続	治安・雇用対策の固定費が重く価格下落に弱い	61.0	59.0	78.0	55.0	66.0	56.0	83.0	23.0	光熱費と賃金二極化が重なり挑戦より安定志向が強まる
31	EU	欧州連合	European Union	欧州	圧力上昇	規制と雇用移行を優先	AI規制運用を前倒しし再訓練と域内投資	成長と雇用の両立へ移行支援を拡充	財政・合意形成が重く即効策に限界	61.0	54.0	72.0	66.0	79.0	57.0	85.0	23.0	初任給二極化が波及し、入口不安が増幅。挑戦回避が強まる
32	USA	アメリカ	United States	北米	圧力上昇	同盟にAI供給網強化を要求	対日へ対中規制順守と省人化投資を促す	同盟主導で雇用転換と安保を両立	物価と選挙で対外負担は増やせない	80.0	64.0	95.0	94.0	91.0	83.0	94.0	10.0	現場職の先細り感と選別圧で将来像が霞む
32	CHN	中国	China	東アジア	境界的圧力	対日レバーを小出し調整	重要鉱物を許認可制で運用、対話窓口は維持	雇用と安全を守り、技術自立を加速する	景気減速で輸出も必要、過剰圧力は逆効果	86.0	63.0	95.0	96.0	83.0	91.0	98.0	10.0	現場自動化の不安が増幅し、将来設計が縮む感覚が強まる
32	JPN	日本	Japan	東アジア	圧力上昇	移行支援を急ぎ不安抑制	同盟と連携し半導体・計算資源の調達枠を確保	省人化は不可避、雇用移行と所得下支えを同時実施	財源と制度改修が遅く、支援が届くまで空白が出る	63.0	56.0	87.0	69.0	97.0	67.0	96.0	7.0	現場職の将来像が曖昧で不安が増幅。支援の見えにくさが諦めを強める
32	TWN	台湾	Taiwan	東アジア	境界的圧力	供給継続と動揺抑止	日米欧と半導体・部材の優先供給を再調整	供給と雇用を守り、警戒は維持する	電力水・人材制約で増産余地が限定的	90.0	70.0	89.0	85.0	88.0	86.0	92.0	17.0	雇用不安と供給不安が重なり、努力の見返り感が薄れる
32	KOR	韓国	South Korea	東アジア	圧力上昇	産業防衛と雇用緩衝	対米で半導体枠維持、対日協力は分野限定	自動化対応と安保を同時に進める	若者雇用不満と物価で対外強硬に傾きやすい	66.0	57.0	86.0	76.0	88.0	73.0	95.0	14.0	低賃金職の将来不安が強まり、挑戦より安定志向が増える
32	PRK	北朝鮮	North Korea	東アジア	間接衝突	示威と対話窓口で主導権確保	発射準備の誇示と限定挑発、交渉窓口温存	包囲に屈せず動員と規律で防衛を貫徹	外貨・食料難で緊張維持は高コスト	94.0	57.0	90.0	84.0	88.0	74.0	97.0	9.0	安保不安に加え自動化不安も増幅し、将来設計が硬直化
32	RUS	ロシア	Russia	ユーラシア	間接衝突	制裁迂回と資源で持久	資源輸出を調整し価格を下支え、迂回貿易を拡大	外圧下でも雇用と財政を守り戦時目的を維持	動員疲れと技術不足で長期戦コストが重い	89.0	86.0	82.0	94.0	92.0	85.0	95.0	10.0	物価高に加え低賃金職の自動化不安が増え、将来像が曇る
32	UKR	ウクライナ	Ukraine	欧州	限定戦争	防空優先で支援を固定化	欧州・日へ防空/復興資金を再要請	防空と動員を維持し復興雇用を拡大	支援疲れと財政難で継戦余力が細い	86.0	58.0	84.0	70.0	94.0	66.0	90.0	18.0	戦争長期化と自動化不安が重なり将来像が描きにくい
32	IRN	イラン	Iran	中東	境界的圧力	停戦維持で制裁下の体制防衛	航路周辺で限定示威、停戦窓口は維持	対外圧力に備えつつ物価と雇用を守る	財政と制裁で長期対立は不利、動員疲れ	68.0	82.0	83.0	77.0	88.0	74.0	94.0	13.0	原油高と自動化不安が重なり、若者の将来像が縮む
32	ISR	イスラエル	Israel	中東	境界的圧力	停戦維持と技術統制を強化	同盟とAI・サイバー審査を拡大し輸出管理	治安優先で停戦維持、雇用は再訓練で支える	動員負担と政局で成長投資が細りやすい	64.0	58.0	78.0	90.0	84.0	77.0	90.0	17.0	ロボ実証の波で低賃金職の将来不安が増え選別感が強まる
32	SAU	サウジアラビア	Saudi Arabia	中東	圧力上昇	供給管理で体制と歳入維持	OPEC+で価格帯維持、対日供給枠を確保	市場安定で改革投資と雇用創出を守る	治安・雇用の固定費が重く値崩れに弱い	60.0	57.0	80.0	56.0	67.0	55.0	86.0	22.0	ロボ実証で低賃金層の不安が増幅。光熱費が重なると挑戦回避が進む
32	EU	欧州連合	European Union	欧州	圧力上昇	規制運用と移行支援を加速	ロボ実証を支援し再訓練基金を拡充	雇用移行を守りつつ競争力も確保する	域内合意と財政で即効性に限界	60.0	53.0	76.0	67.0	80.0	58.0	86.0	22.0	サービス職の先細り観測が強まり、進路の萎縮と焦燥が増える
33	USA	アメリカ	United States	北米	圧力上昇	同盟のAI標準・供給網を主導	対日へ教育AI標準整備と輸出規制順守要求	同盟で競争力と公正な教育を守る	国内分断と財政で対外負担は限定的	78.0	60.0	96.0	93.0	90.0	82.0	95.0	12.0	AI学習環境格差が進路不安を増幅し焦燥が強まる
33	CHN	中国	China	東アジア	境界的圧力	技術主権を優先し圧力調整	重要鉱物・装置関連の許認可を厳格化	教育AI化で競争力を守り雇用を支える	景気下押しで輸出依存、強硬化は損	84.0	60.0	93.0	97.0	82.0	92.0	99.0	12.0	教育AI格差が就活不安に直結し、努力の効き目が薄い感覚が強まる
33	JPN	日本	Japan	東アジア	圧力上昇	教育格差の火消し優先	同盟と調達枠維持、教育AI基盤に重点配分	AI学習機会を全国で均し、進路格差を抑える	財源逼迫で一律支援が難しく現場負担も重い	64.0	57.0	89.0	71.0	98.0	68.0	97.0	6.0	環境差が進路差に直結し焦燥増。届く支援が見えぬと諦めが強まる
33	TWN	台湾	Taiwan	東アジア	境界的圧力	抑止維持と供給信頼の確保	日米欧へ優先供給枠と人材協力を再提示	学びの格差を抑えつつ警戒を続ける	電力水・人材・予算が同時に逼迫	88.0	66.0	84.0	83.0	86.0	82.0	90.0	18.0	教育AI標準化が技能格差不安を増幅、将来像が揺れる
33	KOR	韓国	South Korea	東アジア	圧力上昇	人材競争と産業防衛を優先	教育AI標準を急整備し対米協調継続	学習格差を抑え競争力と雇用を守る	財政と雇用不安で対外妥協が難しい	64.0	56.0	82.0	74.0	86.0	71.0	93.0	16.0	学習環境差が不安を増幅し、進路が早期に固定化しやすい
33	PRK	北朝鮮	North Korea	東アジア	間接衝突	示威とサイバーで譲歩誘導	発射示威と偵察、サイバー外貨獲得	敵対包囲下で自力更生と規律を強化	食料・外貨難で緊張維持は損耗大	95.0	58.0	92.0	86.0	89.0	75.0	98.0	8.0	教育AI格差不安に安保危機が重なり将来像が縮む
33	RUS	ロシア	Russia	ユーラシア	間接衝突	制裁迂回と資源で圧力	資源供給を絞り価格維持、迂回決済を強化	外圧下でも雇用と歳入を守り戦時目的を継続	動員疲れと部品不足で長期コストが増大	90.0	84.0	86.0	93.0	90.0	83.0	94.0	12.0	教育AI格差が進路不安を増幅、物価高と重なり将来像が曇る
33	UKR	ウクライナ	Ukraine	欧州	限定戦争	継戦と復興人材を確保	欧州・日本へ教育/AI訓練と復興資金を要請	防空継続と職業訓練で若者流出を抑える	財政難で教育投資が遅れ支援疲れが怖い	87.0	60.0	86.0	72.0	95.0	68.0	92.0	16.0	戦時とAI標準化が重なり、格差と将来不安が増幅
33	IRN	イラン	Iran	中東	境界的圧力	停戦維持で体制防衛	代理勢力抑制を示し航路の緊張を管理	生活防衛を優先しつつ抑止は崩さない	制裁と財政難で長期エスカレート不可	64.0	79.0	78.0	75.0	86.0	72.0	92.0	14.0	原油高不安に教育AI格差が重なり将来像が揺れる
33	ISR	イスラエル	Israel	中東	境界的圧力	停戦維持、技術統制継続	同盟と連携しAI・サイバー輸出審査強化	教育も安全保障もAI前提で格差を抑える	動員負担と政局で教育投資が揺れる	63.0	57.0	81.0	92.0	83.0	76.0	91.0	16.0	学校AI標準化で環境差が可視化。若者は格差不安と将来設計が硬直
33	SAU	サウジアラビア	Saudi Arabia	中東	圧力上昇	価格安定と改革資金の確保	OPEC+協調で価格帯維持、対日供給を優先	安定収益で雇用と改革投資を守る	歳入依存と治安費で値下げ余地が小さい	58.0	61.0	78.0	54.0	65.0	57.0	83.0	24.0	光熱費と教育AI格差が重なり、挑戦より安定志向が強まる
33	EU	欧州連合	European Union	欧州	圧力上昇	AI教育標準と格差是正	AI教育基準と監査枠組みを域外に拡張	学習格差を抑え競争力と公正を守る	合意形成が遅く現場負担と反発が残る	61.0	52.0	79.0	69.0	81.0	57.0	88.0	21.0	学校間格差の恐れが増幅し、焦燥と自己責任感が強まる
34	USA	アメリカ	United States	北米	圧力上昇	同盟結束と技術優位を優先	対日へ対中輸出規制順守と共同調達を要求	同盟で安全と雇用を守り物価を抑える	国内分断と財政で対外負担に限界	76.0	63.0	92.0	94.0	88.0	79.0	93.0	14.0	計算資源不足と物価不安が進路不確実性を増幅し焦燥が強まる
34	CHN	中国	China	東アジア	境界的圧力	技術主権軸に圧力を選別	装置・素材許認可を選別強化し交渉余地残す	外圧下でも雇用と成長の安定を守る	景気下振れで強硬一辺倒は採算悪化	82.0	63.0	90.0	96.0	80.0	90.0	97.0	14.0	資源高と計算制約で選択肢が狭まり、将来像が曇る感覚が増す
34	JPN	日本	Japan	東アジア	圧力上昇	物価と安保を同時抑制	産油国・同盟と調達分散、海上護衛協調	原油高は断続的、家計支援と備えを継続	財政余力が薄く、支援の的絞りが必須	61.0	63.0	86.0	70.0	99.0	66.0	96.0	5.0	生活不安が長引き将来設計が縮む。支援が限定的だと学習投資の諦めが増える
34	TWN	台湾	Taiwan	東アジア	境界的圧力	抑止維持と供給信頼を死守	日米欧に供給優先枠を再確認し海輸保険も強化	警戒は継続、産業と生活の両輪で耐える	電力・水・人材と安保費の同時逼迫	86.0	70.0	83.0	82.0	88.0	84.0	89.0	16.0	半導体不安と燃料高が重なり将来設計の自信が揺れる
34	KOR	韓国	South Korea	東アジア	圧力上昇	供給網と対北抑止を優先	対米協議で抑止継続、資源調達先を分散	物価と安全保障に同時対応し雇用を守る	半導体投資と生活支援で財政が逼迫	63.0	61.0	74.0	66.0	72.0	70.0	80.0	22.0	物価と雇用不安が重なり、将来設計が短期化しやすい
34	PRK	北朝鮮	North Korea	東アジア	間接衝突	示威で対価を引き出す	短距離発射示威とサイバー資金化を継続	包囲下でも抑止と自力更生で体制防衛	外貨・食料難で長期緊張は統治コスト増	93.0	52.0	88.0	84.0	86.0	73.0	96.0	10.0	断続的危機報道で将来設計が保守化し挑戦が萎む
34	RUS	ロシア	Russia	ユーラシア	間接衝突	制裁迂回と資源で主導権維持	割引供給と迂回決済で資源収入を確保	外圧下でも歳入と雇用を守り戦時体制を維持	動員疲れと装備・部品不足で持久力が削れる	88.0	78.0	80.0	92.0	86.0	79.0	91.0	14.0	物価と就職不安が継続し、努力が報われない感覚が残る
34	UKR	ウクライナ	Ukraine	欧州	限定戦争	継戦維持と復興準備を急ぐ	欧州・日本へ防空/復興資金とAI訓練要請	防衛継続と職業訓練で生活基盤を守る	支援疲れと財政難で長期化が限界	86.0	64.0	83.0	70.0	93.0	72.0	90.0	18.0	原油・輸送不安と戦時長期化で将来像が曇り不安が増幅
34	IRN	イラン	Iran	中東	境界的圧力	停戦維持し圧力を可変化	航路威嚇は抑えつつ制裁回避取引を探る	抵抗と生活防衛を両立し混乱を防ぐ	財政と不満で長期激化は体制危険	60.0	74.0	70.0	73.0	84.0	68.0	88.0	18.0	原油高と物流不安が続き、将来設計が短期化する
34	ISR	イスラエル	Israel	中東	圧力上昇	停戦維持、統制は緩めず	海上警戒とサイバー協力、技術輸出審査維持	大規模衝突は回避、警戒と生活支援を継続	動員疲れと政局で予算配分が不安定	58.0	52.0	77.0	88.0	79.0	70.0	87.0	18.0	急落不安は薄れるが、計算資源不足と雇用の揺れが将来像を曇らせる
34	SAU	サウジアラビア	Saudi Arabia	中東	圧力上昇	価格帯維持と供給信頼の確保	OPEC+で増産は小幅、海上警戒と対日供給維持	収益安定で雇用と改革投資を守る	治安費と歳入依存で値下げ余地が小さい	56.0	58.0	73.0	53.0	63.0	55.0	79.0	27.0	生活コスト不安が続き、挑戦より堅実志向が若年層で強まる
34	EU	欧州連合	European Union	欧州	圧力上昇	規制維持と危機分散	海上輸送警戒と対露制裁維持、供給網分散	安全と公正を守りつつ生活費高騰を抑える	合意形成遅延と財政制約で支援が薄まりやすい	63.0	59.0	76.0	71.0	82.0	60.0	86.0	20.0	物価と就職不安が再燃し、将来設計を先送りしがち
35	USA	アメリカ	United States	北米	圧力上昇	同盟結束と技術優位を継続	対日へ対中規制順守と供給網再編を要求	同盟と先端投資で雇用と安全を守る	国内分断と物価で対外負担は増やせない	74.0	61.0	90.0	93.0	90.0	80.0	96.0	12.0	制度不信の話題化で将来像が曇り、進路選択の慎重化と焦燥が強まる
35	CHN	中国	China	東アジア	境界的圧力	技術・世論で圧力選別	半導体素材許認可を絞り対日交渉圧力	外圧下でも雇用と安定を守る	景気下振れで強硬は投資と失業に跳ねる	84.0	66.0	88.0	97.0	82.0	92.0	98.0	13.0	制度不信報道と供給不安が重なり、将来像が一段と描きにくい
35	JPN	日本	Japan	東アジア	圧力上昇	若者不信に対応し安保継続	同盟と海上抑止協調、資源調達と対中リスク分散	将来不安の声を受け止め、生活支援と成長投資を進める	財政余力が乏しく、給付・防衛・教育が奪い合い	64.0	60.0	84.0	72.0	98.0	68.0	97.0	4.0	制度不信が可視化され、努力の報われなさが拡散。進路や結婚・出産の先送りが増える
35	TWN	台湾	Taiwan	東アジア	境界的圧力	抑止と供給信頼を維持	日米欧へ供給継続を再保証し広報連携	安全確保と産業稼働を最優先で守る	電力水人材と安保費で余力が削れる	84.0	69.0	82.0	80.0	86.0	83.0	92.0	15.0	台湾海峡不安が制度不信報道と結びつき、進路設計が慎重化
35	KOR	韓国	South Korea	東アジア	圧力上昇	雇用不安の封じ込め優先	対米協議で抑止維持、半導体輸出管理を調整	若者不安に雇用・住宅で応え国益も守る	景気鈍化と世論分断で政策の自由度が狭い	64.0	58.0	70.0	62.0	69.0	66.0	83.0	24.0	将来不安の話題化でSNS不安が増幅し、挑戦回避が強まる
35	PRK	北朝鮮	North Korea	東アジア	境界的圧力	示威と揺さぶりで譲歩獲得	短距離発射準備示唆と対日情報攪乱	包囲下でも軍事力で体制と尊厳を守る	外貨・食料難で緊張長期化は危険	95.0	54.0	90.0	86.0	88.0	76.0	98.0	8.0	不信調査に便乗した不安増幅で、将来設計が縮み挑戦が減る
35	RUS	ロシア	Russia	ユーラシア	間接衝突	制裁迂回を維持し長期戦志向	割引資源供給と迂回決済を拡張し外貨確保	外圧は続くが歳入と雇用を守り国家を支える	動員疲れと部品不足で戦時運営の限界	90.0	80.0	82.0	93.0	88.0	81.0	94.0	12.0	不信調査が炎上し不安が可視化、努力無力感と将来回避が強まる
35	UKR	ウクライナ	Ukraine	欧州	限定戦争	継戦優先で支援確保	欧州・日本へ防空/復興と訓練支援要請	防衛と雇用訓練で生活を守る	支援疲れと人員不足が深刻	84.0	62.0	82.0	68.0	90.0	70.0	92.0	16.0	戦時長期化の報道と制度不信が重なり将来不安が増幅
35	IRN	イラン	Iran	中東	境界的圧力	停戦維持で抑止と統治優先	海上リスクを示唆しつつ制裁回避取引を拡大	外圧に屈せず生活防衛を進める	不満と財政で長期激化は体制に不利	63.0	78.0	72.0	74.0	85.0	70.0	90.0	16.0	原油高と不信報道が重なり将来設計が短期化、挑戦回避が増える
35	ISR	イスラエル	Israel	中東	境界的圧力	停戦維持、統制強化	海上警戒増、対イラン抑止とサイバー協力	抑止を優先し生活支援も継続する	政局と動員疲れで財政配分が硬直	64.0	57.0	79.0	90.0	81.0	72.0	89.0	16.0	制度不信報道と供給網不安が連動し、将来設計が短期化する
35	SAU	サウジアラビア	Saudi Arabia	中東	圧力上昇	供給信頼と価格帯の維持	OPEC+で段階調整、対日長期契約を優先	歳入を安定させ改革投資と雇用を守る	治安費と投資計画で値下げ余地が小さい	58.0	61.0	70.0	52.0	66.0	57.0	82.0	26.0	物価不安が制度不信報道と結合し将来悲観が強まる
35	EU	欧州連合	European Union	欧州	圧力上昇	規制堅持と社会不安抑制	対露制裁維持、エネ調達分散と対日対話	生活費と安全保障の両立、若者支援も継続	合意形成遅延、財政で福祉と防衛が競合	64.0	58.0	79.0	72.0	83.0	62.0	90.0	18.0	海外不安と制度不信が連鎖し、就職と人生設計を先送り
36	USA	アメリカ	United States	北米	圧力上昇	同盟要求を維持し内政を優先	対日へ対中規制順守と防衛負担増を協議	生活費と雇用を守りつつ抑止を維持する	財政と分断で長期負担は広げにくい	76.0	63.0	88.0	94.0	92.0	82.0	95.0	10.0	制度疲労の報道で将来設計が固まりにくく、挑戦より防衛的選択が増える
36	CHN	中国	China	東アジア	境界的圧力	対日圧力を強弱調整	輸出許認可を選別し対日交渉を継続	安定優先で外圧に対処し雇用を守る	景気鈍化で強硬策は失業と投資減を招く	82.0	63.0	86.0	95.0	80.0	90.0	96.0	18.0	供給不安と制度疲労報道が重なり、若者の将来像が細る
36	JPN	日本	Japan	東アジア	圧力上昇	給付偏重を修正し制度再設計	同盟抑止維持、資源・半導体を多元調達	短期策の限界を認め、住居・ケアを再設計	財源と人手が不足、配分見直しは反発必至	66.0	63.0	82.0	70.0	94.0	71.0	92.0	9.0	構造改革の痛みが不安を増やす一方、道筋提示で絶望の固定化は緩む
36	TWN	台湾	Taiwan	東アジア	境界的圧力	抑止維持と供給の耐久化	日米欧と在庫・代替工程の共同計画を更新	安全確保と雇用維持を同時に進める	電力水・人材不足で増産余地が薄い	86.0	71.0	79.0	83.0	84.0	85.0	90.0	13.0	半導体不安が長期化し、進路と生活設計が保守化
36	KOR	韓国	South Korea	東アジア	圧力上昇	雇用安定と抑止の同時確保	対米で抑止強化、半導体規律を再調整	安全保障と若者雇用を同時に守る	制度疲労で恒久策が遅れ世論が割れる	66.0	60.0	74.0	64.0	71.0	68.0	85.0	23.0	雇用・物価不安の連想が強まり、挑戦より防衛志向が増す
36	PRK	北朝鮮	North Korea	東アジア	間接衝突	示威で対外譲歩を誘う	発射実験示唆と海上密輸網を再稼働	敵対包囲に屈せず抑止力を強化する	外貨・食料難で長期緊張は破綻要因	96.0	56.0	88.0	84.0	89.0	78.0	97.0	7.0	制度疲労下の不安が跳ね、挑戦より回避が増える
36	RUS	ロシア	Russia	ユーラシア	間接衝突	長期戦維持と制裁迂回	割引資源の選別供給と迂回金融を強化	外圧下でも雇用と歳入を守り抜く	動員疲れと部品不足で余力が縮む	88.0	77.0	79.0	92.0	86.0	78.0	91.0	14.0	制度疲労で将来設計が霞み、若者は回避志向と無力感が増す
36	UKR	ウクライナ	Ukraine	欧州	限定戦争	支援維持へ制度再設計	欧州・日本へ復興資金と防空支援を再要請	生活基盤と動員負担を組み替え持久へ	支援疲れと財政逼迫で譲歩圧が増す	83.0	60.0	78.0	66.0	88.0	69.0	90.0	18.0	長期戦報道と制度疲労が重なり将来像が曇る
36	IRN	イラン	Iran	中東	境界的圧力	停戦維持で交渉余地確保	航路安全を梃子に制裁緩和を探る	外圧下でも統治と生活を守る	不満と財政で長期緊張は損失	61.0	76.0	70.0	73.0	84.0	69.0	88.0	17.0	原油高長期化観測で不安が常態化、進路が守りに寄る
36	ISR	イスラエル	Israel	中東	境界的圧力	停戦維持、対外抑止優先	海上警戒とサイバー連携を増強、対日供給は選別	抑止を維持し生活コスト対策も継続する	動員疲れと政局で配分硬直、技術調達も詰まる	66.0	60.0	78.0	92.0	83.0	74.0	90.0	15.0	紛争・供給網の揺れが将来像を曇らせ、選択が保守化する
36	SAU	サウジアラビア	Saudi Arabia	中東	圧力上昇	供給安定と価格帯死守	OPEC+で微調整、対日契約は堅持	歳入安定で改革投資と雇用を守る	治安費と投資計画で値下げしにくい	60.0	64.0	72.0	53.0	67.0	58.0	83.0	24.0	光熱・物価の粘着で将来設計が縮み、不安が常態化
36	EU	欧州連合	European Union	欧州	圧力上昇	規制維持と負担平準化	対露支援継続、エネ共同調達と対日協議	安全保障と生活防衛を同時に守る方針	合意形成遅滞、財政で福祉と防衛が競合	63.0	57.0	76.0	68.0	81.0	60.0	86.0	20.0	欧州景気と制度不安が波及し、就職観と将来期待が揺れる
37	USA	アメリカ	United States	北米	圧力上昇	AI覇権維持と同盟負担要求	AI超過利益課税は主導、対日規制整合を要請	AI利益を国民に還元し競争と雇用を守る	企業反発と分断で負担転嫁は限定的	75.0	61.0	86.0	94.0	91.0	81.0	93.0	11.0	将来の税・雇用の不透明感が増え、挑戦より安定志向が強まる
37	CHN	中国	China	東アジア	境界的圧力	主権優先で制度主導	AI利益還元の国際枠組みへ条件付き参加	格差是正と雇用安定を国家が主導する	成長鈍化で再分配は財政と衝突	79.0	61.0	82.0	93.0	77.0	87.0	90.0	20.0	半導体・雇用不安が続き、将来設計が保守化する
37	JPN	日本	Japan	東アジア	圧力上昇	還元議論を国内設計へ接続	国際議論に参加し還元枠と調達安定化を交渉	AI成長の果実を教育・ケアへ回し将来不安を下げる	財源硬直と配分対立で即効性が出にくい	64.0	60.0	78.0	66.0	92.0	69.0	88.0	12.0	還元の物語は効くが、負担転嫁懸念で将来像は揺れる
37	TWN	台湾	Taiwan	東アジア	境界的圧力	抑止強化と供給防衛	日米欧に供給保証枠と保険基金を提案	安全と雇用を守り分配策も取り込む	電力水・人材制約で増産は限定的	84.0	69.0	77.0	82.0	86.0	84.0	88.0	12.0	半導体不安が続き、若者の進路選択がより慎重化
37	KOR	韓国	South Korea	東アジア	圧力上昇	利益還元で社会安定優先	米日と半導体協力枠を再確認し投資誘導	AI利益を教育・雇用移行に回し格差を抑える	財源と世論が割れ、対中依存も残る	64.0	58.0	71.0	62.0	69.0	66.0	82.0	26.0	雇用移行競争が強調され不安増、進路は安定志向へ
37	PRK	北朝鮮	North Korea	東アジア	間接衝突	不平等議論を梃子に譲歩要求	対話示唆と挑発抑制を交換条件化	敵対包囲下でも生活と抑止を守る	外貨不足で長期緊張は統治負担	93.0	58.0	86.0	82.0	87.0	76.0	95.0	9.0	不安連鎖が再燃し、将来設計は短期志向へ傾く
37	RUS	ロシア	Russia	ユーラシア	間接衝突	AI還元論を対外圧力とみなす	資源売上の囲い込みと制裁迂回網を再強化	還元より主権優先、対外圧力に対抗する	歳入確保が最優先、技術不足は解けない	86.0	74.0	77.0	90.0	84.0	76.0	89.0	16.0	世界の分断継続感が強まり、若者は将来を短期化し回避志向
37	UKR	ウクライナ	Ukraine	欧州	限定戦争	復興資金確保へ多国間圧力	AI超過利益の拠出枠に復興枠を要求	国際資金を獲得し前線と生活を両立	支援疲れで条件付き支援が増える	82.0	58.0	74.0	64.0	86.0	66.0	88.0	20.0	復興拠出議論が日本財政不安を刺激し、若者の将来像が曇る
37	IRN	イラン	Iran	中東	境界的圧力	還元論を外交材料に制裁緩和	AI還元枠に参加姿勢、停戦維持を取引化	国益確保と生活防衛のため交渉を進める	制裁と財政逼迫で譲歩余地が狭い	60.0	72.0	68.0	72.0	83.0	67.0	85.0	18.0	AI還元論で将来観が揺れ、原油不安と併せ慎重志向が強まる
37	ISR	イスラエル	Israel	中東	境界的圧力	戦時経済で技術死守	同盟と利益還元議論で例外枠確保、輸出は厳選	安全と成長を守り、家計支援も継続する	動員疲れと政局で配分硬直、対外批判も増す	68.0	62.0	76.0	90.0	84.0	77.0	88.0	16.0	利益還元の期待は出るが、供給制約と不安が将来像を冷やす
37	SAU	サウジアラビア	Saudi Arabia	中東	圧力上昇	原油安定とAI投資優先	OPEC+で高値維持、AI還元議論は慎重参加	歳入確保で雇用と改革投資を守る	還元圧力は主権介入に見え譲歩しにくい	61.0	66.0	70.0	54.0	65.0	58.0	82.0	25.0	物価の粘着が続き不安が固定化、学び直しも躊躇が増える
37	EU	欧州連合	European Union	欧州	圧力上昇	利益還元と競争力の両立	AI超過利潤の還元枠組み協調を提案	公平な利益配分で生活と成長を支える	加盟国利害不一致と企業流出懸念	61.0	56.0	72.0	66.0	78.0	58.0	84.0	22.0	規制と景気鈍化が就職観を冷やし不安増幅
38	USA	アメリカ	United States	北米	圧力上昇	同盟負担とAI統制を強化	対日へ防衛増・輸出管理整合を要求	雇用と物価を守りつつ同盟を守る	財政と分断で追加負担は政治的限界	78.0	63.0	88.0	95.0	93.0	84.0	94.0	9.0	支援と安保の綱引きが見え、将来像が縮み不安が定着
38	CHN	中国	China	東アジア	境界的圧力	技術主権優先で圧力継続	輸出管理回避の供給網を拡張し牽制	外圧に耐え雇用と安定を守る	成長鈍化で失業不満を抑えたい	82.0	63.0	85.0	94.0	80.0	89.0	92.0	18.0	防衛と生活支援の板挟みが可視化し、将来不安が増幅
38	JPN	日本	Japan	東アジア	圧力上昇	財源配分の痛みを抑制	同盟調整と調達分散でコスト抑制	防衛と生活を両立し負担を平準化	増税回避と歳出拡大が両立困難	66.0	61.0	80.0	68.0	94.0	71.0	90.0	10.0	将来像が配分争いに見え、不信と焦燥が増す
38	TWN	台湾	Taiwan	東アジア	境界的圧力	抑止維持と財政耐久	日米欧に供給保証と分担支援の再提示	安全確保と生活支援を同時に守る	電力水と人材が増産と負担軽減を制限	86.0	71.0	78.0	84.0	89.0	85.0	90.0	10.0	防衛と生活支援の綱引きが可視化し、将来不安と分断感が増える
38	KOR	韓国	South Korea	東アジア	圧力上昇	安保優先も生活不満抑制	米日と抑止協力継続、対中取引は慎重化	安保投資は不可避、生活支援は重点化で維持	財源が逼迫し世代間不満が政治化する	66.0	60.0	74.0	64.0	73.0	68.0	85.0	24.0	防衛と生活の二者択一感が拡散し、将来設計は保守化・海外志向が増える
38	PRK	北朝鮮	North Korea	東アジア	間接衝突	挑発抑制と譲歩取引	短距離発射を誇示し対話条件を提示	抑止強化で生存と尊厳を守る	外貨難で長期緊張は統治コスト増	92.0	56.0	85.0	81.0	88.0	75.0	96.0	10.0	防衛費論争が不安増幅、将来設計は先送り
38	RUS	ロシア	Russia	ユーラシア	間接衝突	分断長期化で譲歩回避	資源輸出の条件提示と制裁迂回を拡大	対外圧力下でも国家の耐久を優先する	戦費と歳入依存で軟化の余地が小さい	88.0	78.0	79.0	91.0	86.0	77.0	90.0	14.0	防衛と支援の競合が可視化し、若者は将来設計を短期化・回避
38	UKR	ウクライナ	Ukraine	欧州	限定戦争	復興と防衛を優先	欧米に長期支援枠と復興拠出を要請	前線維持と生活支援の両立を訴える	支援疲れで条件が厳格化、財政逼迫	84.0	60.0	76.0	66.0	88.0	67.0	86.0	18.0	安全保障費vs生活支援が可視化し、若者の将来不安が増す
38	IRN	イラン	Iran	中東	境界的圧力	停戦維持を取引化	航路抑止示威と制裁緩和交渉を併走	外圧下でも治安と生活を守る	制裁と財政難で強硬も妥協も苦しい	63.0	76.0	70.0	74.0	84.0	69.0	86.0	17.0	原油・物価不安が長引き、将来設計が保守化し分断感が増す
38	ISR	イスラエル	Israel	中東	境界的圧力	防衛優先で供給は選別	同盟と連携し輸出審査強化、サイバー抑止	安全保障最優先、生活負担は限定支援で補う	動員疲れと政局で財政配分が硬直する	70.0	64.0	79.0	92.0	86.0	79.0	90.0	14.0	支援と安保の財源競合が将来不安を増幅し冷える
38	SAU	サウジアラビア	Saudi Arabia	中東	圧力上昇	原油高止まりで体制安定優先	OPEC+で段階増産示唆、米と安保協議継続	歳入安定で改革投資と雇用を守る	停戦再燃と財政依存で価格を下げにくい	63.0	68.0	72.0	55.0	67.0	59.0	83.0	23.0	物価と防衛費の綱引きが見え、将来設計が細る
38	EU	欧州連合	European Union	欧州	圧力上昇	歳出配分の再設計	防衛増と生活支援を両立する財政枠を調整	安全保障も生活も守るため優先順位を見直す	加盟国分断とインフレ再燃で合意が難しい	63.0	58.0	74.0	67.0	81.0	60.0	86.0	20.0	財源競合の報道が将来不安を増やし、就職観が慎重化
39	USA	アメリカ	United States	北米	圧力上昇	同盟負担とAI覇権を優先	対日へ防衛負担増とAI輸出管理整合を再要求	雇用防衛と物価抑制を両立し同盟を維持	国内分断と選挙で追加負担は通しにくい	80.0	62.0	91.0	96.0	92.0	86.0	95.0	8.0	中小の淘汰が現実味し、将来像が狭まり不安と慎重さが強まる
39	CHN	中国	China	東アジア	境界的圧力	雇用安定優先で対外圧力維持	輸出管理回避の供給網を強化し日米牽制	AI淘汰に備え雇用と秩序を守る	成長鈍化で不満が増え強硬姿勢に傾く	84.0	66.0	88.0	95.0	81.0	90.0	93.0	17.0	雇用の先細り感が強まり、進路選択が萎縮して不安が増幅
39	JPN	日本	Japan	東アジア	圧力上昇	雇用不安の火消し優先	同盟調整と調達分散で物価圧抑制	雇用と生活を守り移行支援を拡充	財源不足で支援の持続性が弱い	64.0	60.0	86.0	66.0	95.0	72.0	93.0	9.0	淘汰と再訓練の競争感が強まり、将来不安が増幅
39	TWN	台湾	Taiwan	東アジア	境界的圧力	供給維持と抑止強化	日米欧に供給安定枠と有事計画を再調整	雇用不安に対策しつつ抑止を崩さない	電力水人材と対中圧力で増産余地が狭い	88.0	73.0	82.0	86.0	91.0	87.0	92.0	9.0	雇用と供給不安が同時に強まり、将来設計の諦めが増える
39	KOR	韓国	South Korea	東アジア	圧力上昇	雇用不安抑え同盟軸維持	対米協調でAI/半導体投資確保、対中は選別	雇用と成長のためAI転換支援を拡充する	若者雇用対策と安保負担が財源で競合	67.0	61.0	80.0	66.0	78.0	69.0	88.0	22.0	同世代の淘汰感が波及し、安定志向と海外志向が強まる
39	PRK	北朝鮮	North Korea	東アジア	境界的圧力	威嚇を抑え取引条件を固める	限定示威と対話条件提示で譲歩を誘う	外圧下でも抑止を維持し生活を守る	外貨難で長期緊張は統治負担が増す	90.0	54.0	87.0	82.0	89.0	76.0	97.0	9.0	雇用不安に加え安保警戒が重なり、将来像が描けず先送りが増える
39	RUS	ロシア	Russia	ユーラシア	間接衝突	強硬維持で長期戦志向	資源供給の選別と制裁迂回を強化	外圧下でも国家の持久を優先	戦費・歳入依存で譲歩余地が小	89.0	80.0	84.0	92.0	87.0	79.0	92.0	13.0	AI淘汰不安に外圧が上乗せ。将来像が縮み転職・結婚を先送り
39	UKR	ウクライナ	Ukraine	欧州	限定戦争	動員維持と復興資金確保	欧米に復興・防空の複年支援枠を要請	前線維持と生活線防衛を同時に進める	支援条件厳格化で財政と統治が摩耗	86.0	63.0	81.0	68.0	90.0	70.0	88.0	16.0	AI淘汰と戦時負担が重なり、就職と生活の先細り感が増す
39	IRN	イラン	Iran	中東	境界的圧力	停戦維持を梃子に制裁緩和	航路周辺で示威、仲介国通じ取引	外圧下でも治安と生活を守る	財政難と不満で強硬一辺倒は不可	66.0	79.0	74.0	72.0	83.0	71.0	88.0	16.0	物価と雇用不安が同時に増幅し、挑戦より防衛的選択が強まる
39	ISR	イスラエル	Israel	中東	境界的圧力	安保優先で輸出は選別	サイバー防衛強化、供給網は同盟内で再編	安全保障を最優先、生活負担は的を絞り補助	動員疲れと政局で産業支援が遅れがち	72.0	66.0	83.0	93.0	88.0	81.0	91.0	13.0	AI淘汰の雇用不安に供給制約が重なり将来像が縮む
39	SAU	サウジアラビア	Saudi Arabia	中東	圧力上昇	価格安定で体制と歳入守る	OPEC+で小幅調整、停戦維持へ仲介	歳入確保で改革投資と雇用を守る	再燃リスクと財政依存で増産幅が限界	61.0	66.0	76.0	54.0	69.0	60.0	84.0	22.0	物価高とAI淘汰の同時圧で、就職・結婚・学び直しの見通しが短期化
39	EU	欧州連合	European Union	欧州	圧力上昇	中小企業AI移行を加速	AI導入補助と規制整合を同時に前進	雇用を守り競争力も失わない支援を行う	加盟国差と財政制約で支援規模が割れる	60.0	54.0	72.0	66.0	79.0	58.0	82.0	22.0	淘汰報道が重なり、若者の就職不安と学び直し圧が増す
40	USA	アメリカ	United States	北米	境界的圧力	同盟負担とAI統制を優先	対日へ防衛費増・対中管理・介護AI規格整合を要求	同盟強化で抑止し、国内雇用と物価を守る	国内分断と財政で長期関与は細る	83.0	60.0	88.0	95.0	90.0	84.0	93.0	9.0	介護の地域格差が将来不信を増幅。若者は地方回避と萎縮が進む
40	CHN	中国	China	東アジア	境界的圧力	内政優先で対外圧力継続	対日輸出管理を硬軟併用し供給網を迂回	雇用と福祉を守り外圧に屈しない	地方の介護負担と失業不安が火種	83.0	64.0	90.0	96.0	82.0	91.0	94.0	15.0	介護と雇用の先行き不安が増し、将来設計が縮む
40	JPN	日本	Japan	東アジア	圧力上昇	格差是正と財政防衛	同盟連携で調達多角化と介護DX支援	地域格差を縮め負担増を抑え雇用を守る	補助金設計が難しく財源と現場人材が不足	63.0	58.0	82.0	64.0	96.0	70.0	95.0	8.0	都市と地方の機会差が可視化し、将来不安と焦燥が増す
40	TWN	台湾	Taiwan	東アジア	境界的圧力	供給維持と抑止継続	日米欧と供給枠を維持し有事連携を更新	安全と景気の両立へ投資と支援を続ける	電力水人材が逼迫し増産と防衛が競合	90.0	74.0	84.0	87.0	93.0	89.0	94.0	8.0	介護ロボ格差の話題が不安を増幅し、供給不安と重なり将来設計が縮む
40	KOR	韓国	South Korea	東アジア	圧力上昇	雇用不安を抑え技術主権	AI・ロボ介護の共同調達枠を提案	介護人材不足に機械化支援を厚くする	地方格差と財源で不満が噴きやすい	64.0	58.0	77.0	63.0	80.0	68.0	86.0	21.0	介護と雇用の二重不安が増幅し、進路の保守化と海外志向が並走
40	PRK	北朝鮮	North Korea	東アジア	間接衝突	示威で交渉窓口を開く	短距離発射と海域警告、対話条件を提示	抑止を強め生活を守る、動揺は不要	外貨難で長期緊張は統治コスト増	92.0	56.0	88.0	84.0	90.0	77.0	98.0	8.0	安保不安に介護格差の閉塞感が重なり、将来設計の先送りが増える
40	RUS	ロシア	Russia	ユーラシア	間接衝突	長期戦の強硬維持	資源輸出を選別し制裁迂回を拡大	外圧に屈せず国家の持久を優先	戦費と歳入依存で譲歩余地が小	90.0	78.0	83.0	91.0	86.0	80.0	90.0	14.0	地方の介護逼迫に外圧が重なり、若者は将来設計を縮め移住・転職を迷う
40	UKR	ウクライナ	Ukraine	欧州	限定戦争	動員維持と支援条件の最適化	欧米に防空・砲弾と復興資金の安定枠を要求	前線維持と復興準備を同時に進める	支援疲れと財政逼迫で統治余力が削れる	84.0	60.0	79.0	66.0	88.0	69.0	86.0	18.0	介護ロボ格差で不満が可視化し、戦争長期化と重なり将来不安が増す
40	IRN	イラン	Iran	中東	境界的圧力	停戦維持で制裁緩和を探る	航路で示威抑制、仲介国経由で取引継続	外圧下でも治安と生活を確保する	財政難と不満で強硬策は限定的	64.0	77.0	72.0	71.0	84.0	70.0	86.0	17.0	介護ロボ格差の不満に外部物価圧が重なり、若者は将来に慎重化
40	ISR	イスラエル	Israel	中東	境界的圧力	安保優先、技術は囲い込み	対イラン抑止継続、輸出管理強化と協力選別	抑止を維持しつつ生活負担は限定補助で対応	動員疲れと政局で産業・福祉の調整が難航	74.0	62.0	79.0	92.0	86.0	78.0	90.0	16.0	介護ロボ格差の不公平感に供給不安が重なり萎縮
40	SAU	サウジアラビア	Saudi Arabia	中東	圧力上昇	価格安定で歳入と体制維持	OPEC+で慎重調整、停戦枠組み維持	安定収入で改革投資と雇用を下支え	再燃懸念とOPEC調整で増産余地小	63.0	68.0	78.0	55.0	70.0	61.0	86.0	20.0	物価高が残り、介護ロボ格差で将来不安が局在化。地方ほど先細り感が強まる
40	EU	欧州連合	European Union	欧州	圧力上昇	介護自動化の格差是正	介護AIの調達・認証を域内で共通化	地方にも自動化投資を回し雇用を守る	財政と加盟国裁量で執行が遅れがち	61.0	56.0	74.0	67.0	81.0	60.0	84.0	21.0	介護現場の逼迫報道で将来不安が増え進路迷いが拡大
41	USA	アメリカ	United States	北米	圧力上昇	同盟負担とAI供給網を再調整	対日へ防衛分担増と対中輸出管理の厳格化を要請	同盟で抑止しつつ、物価と雇用を守る現実策だ	選挙周期と財政で長期関与が揺れる	78.0	58.0	84.0	92.0	88.0	82.0	86.0	14.0	対外要請で将来設計が硬直。ただ共同PJ増が不安を部分緩和
41	CHN	中国	China	東アジア	境界的圧力	対外牽制継続、内需安定優先	対日規制は選別緩和しつつ台湾周辺演習継続	雇用と成長を守るため技術自立と安保を両立	地方債務と若者失業で強硬一辺倒は困難	82.0	63.0	88.0	94.0	79.0	90.0	91.0	22.0	外圧で選択肢は狭いが、共同PJが不安を相殺しやすい
41	JPN	日本	Japan	東アジア	圧力上昇	財政制約下で分配と投資	同盟協調で燃料調達分散とAI規格調整	生活負担を抑えつつ成長投資で雇用を守る	防衛・物価・若者支援が同時に重い	61.0	56.0	74.0	60.0	92.0	66.0	86.0	14.0	共同プロジェクトが小さな成功体験を増やし、将来不安の拡散を一部抑える
41	TWN	台湾	Taiwan	東アジア	境界的圧力	供給維持と抑止の同時運用	日米欧と重要品目の優先配分枠を更新	生活安定と産業防衛を同時に進める	電力・水・人材が限界で増産は頭打ち	88.0	72.0	78.0	84.0	90.0	86.0	88.0	12.0	共同PJ増で希望は一部回復も、供給不安が進路選択を狭める
41	KOR	韓国	South Korea	東アジア	圧力上昇	同盟維持と産業防衛	半導体協力を条件化し対日調達交渉強化	雇用と安保を同時に守る産業政策を実行	若者失業と対北リスクで強硬論が揺れる	63.0	56.0	69.0	61.0	74.0	64.0	78.0	28.0	共同PJ増で希望の火種は増えるが、雇用と供給網不安で進路は慎重化
41	PRK	北朝鮮	North Korea	東アジア	間接衝突	示威を維持し譲歩を引き出す	短距離発射示唆と海域警告、対話条件を再提示	外圧に屈せず抑止を強化、結束を要請	外貨・食料難で長期緊張は統治負担増	91.0	55.0	83.0	82.0	88.0	74.0	92.0	12.0	安保不安は続くが、共同PJ増で孤立感が一部緩む
41	RUS	ロシア	Russia	ユーラシア	間接衝突	強硬維持と迂回継続	資源輸出を選別し制裁迂回網を強化	対外圧力下でも国家の持久を優先	戦費と歳入依存で譲歩余地が小	88.0	76.0	80.0	89.0	84.0	78.0	86.0	18.0	外圧は続くが共同PJが拠り所となり、悲観一色はやや薄れる
41	UKR	ウクライナ	Ukraine	欧州	限定戦争	前線維持と支援枠の固定化	欧米に防空・砲弾と長期財政枠を要請	消耗戦でも統治と生活基盤を守る	動員疲労と資金途切れが最大制約	83.0	58.0	77.0	64.0	86.0	67.0	81.0	22.0	不安は高止まり。共同PJが小さな希望を作るが、物価と雇用不安が勝ちやすい
41	IRN	イラン	Iran	中東	境界的圧力	停戦維持で制裁緩和を探る	航路の示威は抑制し仲介国で取引維持	外圧下でも治安と生活を守ると強調	不満と財政難で強硬路線は続けにくい	62.0	74.0	70.0	69.0	82.0	68.0	81.0	22.0	物価不安は残るが共同PJが受け皿となり悲観が鈍る
41	ISR	イスラエル	Israel	中東	境界的圧力	抑止継続、技術は選別協力	対イラン抑止とサイバー防御強化、輸出管理継続	停戦下でも警戒継続、生活負担は限定補助	動員疲れと政局で産業・福祉の両立が難しい	72.0	60.0	76.0	90.0	84.0	76.0	84.0	22.0	供給不安は続くが、共同PJ増で不安拡散はやや鈍る
41	SAU	サウジアラビア	Saudi Arabia	中東	圧力上昇	価格安定優先で対日波及抑制	OPEC+微調整、停戦枠維持で供給不安抑制	価格安定で改革投資と雇用を守る	再燃懸念と同盟配慮で増産余地は限定	61.0	66.0	74.0	54.0	68.0	59.0	82.0	23.0	物価不安は残るが共同PJ増で局所的に希望回復、将来観の二極化が進む
41	EU	欧州連合	European Union	欧州	圧力上昇	規制整合と景気下支え	AI規制を運用調整し対日協力枠を拡充	安全と雇用を守り成長投資も続ける	加盟国差と選挙で合意形成が鈍る	60.0	54.0	70.0	65.0	79.0	58.0	78.0	26.0	国際標準圧力は増すが協業の見通しが出て不安が少し緩む
42	USA	アメリカ	United States	北米	圧力上昇	景気不安下で同盟要請を強化	対日へ防衛分担増と対中規制順守を再要請	景気を守りつつ同盟で抑止し雇用を確保	景気後退と選挙で対外関与の余力が揺れる	80.0	60.0	88.0	94.0	90.0	84.0	90.0	12.0	就職難と将来不安が増幅。国際要請で負担感が強まり希望が痩せる
42	CHN	中国	China	東アジア	境界的圧力	内需安定優先、対外牽制継続	対日輸出規制を選別調整し演習継続	景気逆風下でも雇用安定と安保を両立	失業と債務で強硬拡大は制度的に難しい	83.0	64.0	90.0	95.0	80.0	92.0	92.0	20.0	景気後退と外圧が重なり初職不安が増幅、将来像が曇る
42	JPN	日本	Japan	東アジア	圧力上昇	景気不安下で雇用防衛	同盟国と投資案件を前倒しし供給網を補強	雇用と物価を守り成長投資は止めない	財政余力が乏しく支援の持続が難しい	63.0	57.0	82.0	61.0	94.0	69.0	88.0	12.0	初職・転職の見通し悪化で将来不安が強まり、挑戦意欲が落ちやすい
42	TWN	台湾	Taiwan	東アジア	境界的圧力	供給維持を優先し抑止継続	日米欧へ供給計画を再提示し優先枠を絞る	景気減速でも雇用と供給安定を守る	景気後退で資金調達難、増産余地は小さい	90.0	74.0	82.0	86.0	92.0	88.0	90.0	10.0	景気不安と供給不安が重なり、進路の萎縮と焦燥が増える
42	KOR	韓国	South Korea	東アジア	圧力上昇	景気防衛と同盟抑止維持	対米協議で輸出規制の影響を抑え対日半導体協力は条件化	景気減速に備え雇用維持と安保対応を同時に進める	若者雇用悪化で強硬論が増え産業支援が膨張しやすい	64.0	57.0	74.0	63.0	77.0	66.0	81.0	26.0	初職不安が強まり進路は保守化。協業の芽はあるが心理は硬い
42	PRK	北朝鮮	North Korea	東アジア	間接衝突	挑発は維持しつつ交渉窓口を残す	発射準備の誇示と海域警告、資金獲得を強化	景気逆風でも抑止を固め生活は守る	外貨・食料不足で長期緊張は統治コスト増	93.0	56.0	86.0	83.0	90.0	76.0	93.0	10.0	就職不安と安保不安が重なり将来感が冷える
42	RUS	ロシア	Russia	ユーラシア	間接衝突	戦時持久と資源収入優先	資源輸出を選別し迂回決済網を拡張	外圧下でも雇用と物価を守ると強調	景気後退で歳入鈍化、戦費削れず硬直	90.0	79.0	85.0	90.0	87.0	81.0	88.0	16.0	景気悪化と外圧が重なり先行き悲観が増す。高コストと不確実性が進路選択を萎縮
42	UKR	ウクライナ	Ukraine	欧州	限定戦争	支援維持へ条件調整を容認	欧米に弾薬・防空と複数年枠の再確認を要請	景気減速でも前線と生活基盤を同時に守る	支援疲れと動員疲労で統治余力が細る	84.0	57.0	79.0	66.0	87.0	69.0	83.0	20.0	世界不況で求人と賃金見通しが悪化し、将来不安が強まりやすい
42	IRN	イラン	Iran	中東	境界的圧力	停戦維持で交渉優先	代理勢力の抑制を示し制裁緩和を探る	生活防衛を最優先し外圧に対処	景気後退で歳入悪化、強硬は不利	64.0	78.0	73.0	70.0	84.0	69.0	83.0	20.0	物価・就職不安が強まり将来像が縮むが急落は限定
42	ISR	イスラエル	Israel	中東	境界的圧力	抑止維持、景気下で選別協力	停戦維持を優先しつつ防空・サイバー強化	景気悪化でも安全確保と雇用下支えを両立	動員疲れと政局で財政配分が硬直	74.0	62.0	79.0	92.0	86.0	78.0	85.0	20.0	景気後退で就職不安が増幅、半導体制約が将来像を曇らす
42	SAU	サウジアラビア	Saudi Arabia	中東	圧力上昇	減産維持で歳入防衛	OPEC+枠堅持、対米停戦枠で航路緊張抑制	価格管理で財政と改革投資を守る	需要減で値崩れ懸念、増産は体制リスク	58.0	61.0	79.0	55.0	71.0	60.0	84.0	21.0	採用冷えと物価懸念が強まり、将来不信が拡散する
42	EU	欧州連合	European Union	欧州	圧力上昇	規制緩和で景気下支え	対日でAI・半導体規格協力を加速	雇用維持と投資促進で景気悪化を防ぐ	加盟国の温度差で迅速な合意が難しい	58.0	56.0	74.0	63.0	81.0	60.0	80.0	24.0	求人悪化の連想が強まり将来不安が増すが協業枠が支え
43	USA	アメリカ	United States	北米	境界的圧力	同盟要請と規制枠組み主導	対日へ輸出管理順守と投資選別を要求	AI安全と雇用を守るため同盟で規制	企業反発と分断で一枚岩になれない	82.0	62.0	90.0	96.0	92.0	88.0	92.0	10.0	規制分断で学び・就職の選択肢が狭まり、焦燥がSNSで増える
43	CHN	中国	China	東アジア	境界的圧力	技術主権確保、対外牽制継続	AI・半導体の輸出審査を強化し対日選別運用	外圧下でも雇用と安全、国産化を同時推進	景気と雇用不安で強硬一辺倒は難しい	85.0	62.0	92.0	97.0	82.0	94.0	93.0	18.0	規制分断で進路と初職が揺れ、挑戦より保守化が進む
43	JPN	日本	Japan	東アジア	圧力上昇	規制分断に適応し産業防衛	米欧と枠組み調整、輸出管理対応を強化	安全と成長を両立し混乱を最小化する	規制追随コストと財政制約で支援が薄い	64.0	58.0	84.0	68.0	95.0	73.0	90.0	10.0	規制不確実性で就活・進路が揺れ、焦燥と諦めが増えやすい
43	TWN	台湾	Taiwan	東アジア	境界的圧力	規制分断下で供給と抑止維持	日米欧に準拠枠を提示し輸出審査を厳格化	規制分断でも雇用と安全を守り続ける	規制適合コスト増で増産余地がさらに縮む	88.0	72.0	84.0	89.0	90.0	91.0	92.0	12.0	AI進路が規制で揺れ、半導体不安が将来像を曇らせる
43	KOR	韓国	South Korea	東アジア	圧力上昇	規制分断下で産業防衛	対米協議で輸出管理を調整し対日協業は選別	国際ルール分断に備え雇用と産業を守る	規制順守コスト増で若者雇用と支援が圧迫	66.0	58.0	78.0	71.0	79.0	73.0	85.0	23.0	規制分断で進路が萎縮。協業は条件付きで不安が増す
43	PRK	北朝鮮	North Korea	東アジア	間接衝突	挑発を抑制しつつ外貨確保	発射準備誇示とサイバー資金獲得、制裁回避調達	外圧下でも体制と生活を守る、警戒を強める	規制分断で調達難、食料外貨不足が限界	94.0	58.0	87.0	85.0	91.0	79.0	94.0	9.0	安保不安とAI供給不安が重なり、将来設計が縮む
43	RUS	ロシア	Russia	ユーラシア	間接衝突	戦時持久と規制分断に適応	AI輸出規制の抜け道探り友好国連携	技術自立と雇用維持で耐えると強調	部材不足と資金調達難で更新停滞	88.0	82.0	86.0	92.0	84.0	85.0	90.0	18.0	規制分断で就職・研究の見通し悪化。不安が拡散し挑戦回避が増える
43	UKR	ウクライナ	Ukraine	欧州	限定戦争	支援確保へ規制分断に適応	欧米に軍民AIの例外枠と輸出許可を要請	規制分断下でも支援線を守り戦時経済を維持	規制で調達が遅れ前線と統治にしわ寄せ	86.0	60.0	82.0	72.0	89.0	73.0	85.0	18.0	計算資源・景気の見通しが揺れ、進路選択が慎重化
43	IRN	イラン	Iran	中東	境界的圧力	停戦維持と対外取引の確保	規制分断を利用し迂回取引と関係拡大	外圧下でも生活と安定を守り抜く	制裁・失業・治安で強硬継続は不安定	66.0	81.0	75.0	74.0	86.0	71.0	85.0	18.0	規制分断で先行き不透明感が増し、物価と就職不安が将来像を縮める
43	ISR	イスラエル	Israel	中東	境界的圧力	規制分断下で抑止と技術確保	規制同盟を選別し輸出管理・共同研究を再編	安全と産業を守るため技術連携を取捨選択	政治分断と動員疲れで調整が遅い	70.0	60.0	74.0	95.0	84.0	80.0	87.0	18.0	計算資源不安が将来像を曇らせ、就職と学習投資の迷いが増える
43	SAU	サウジアラビア	Saudi Arabia	中東	圧力上昇	価格と規制分断に備え調整	OPEC+協調維持、対米欧とAI規制調整	歳入確保と改革投資で雇用を守る	需要減と技術依存で交渉余地が狭い	56.0	63.0	74.0	58.0	66.0	61.0	82.0	23.0	物価と就職不安が長引き、将来設計が先送りされる
43	EU	欧州連合	European Union	欧州	圧力上昇	規制主導で市場安定	AI規制・輸出管理の枠組みを対日協議	安全と雇用を両立し競争力を守る	加盟国差と対米協調で妥協が必要	60.0	57.0	78.0	66.0	83.0	63.0	82.0	22.0	規制分断で就活と技能投資の迷いが増え不安拡大
44	USA	アメリカ	United States	北米	境界的圧力	同盟要請を強めつつ内政優先	対日へ防衛負担と輸出管理順守を再要求	教育費と雇用を守るため同盟で競争管理	教育費不満で政治が硬直、企業も反発	84.0	60.0	92.0	97.0	93.0	89.0	93.0	9.0	学費不安の国際共鳴で将来設計が縮み、焦りが拡散
44	CHN	中国	China	東アジア	境界的圧力	圧力維持、対日選別強化	半導体・素材の許認可を選別運用し牽制	外圧に対抗し雇用と国産化を守る	景気減速で長期対立コストが重い	86.0	60.0	90.0	96.0	84.0	93.0	94.0	16.0	教育費不安と初職難が結びつき、将来設計が縮む
44	JPN	日本	Japan	東アジア	圧力上昇	教育負担緩和を優先しつつ産業防衛	米欧と輸出管理整合、奨学金財源で対外協調	学びの負担を抑え、雇用と安全を守る	防衛・物価・教育で財源が足りない	63.0	59.0	86.0	70.0	97.0	74.0	93.0	8.0	進学費と将来収入不安が直撃し、挑戦回避と焦燥が増える
44	TWN	台湾	Taiwan	東アジア	境界的圧力	抑止維持と人材投資優先	日米欧に供給確約枠を要請し支援も連動	教育負担を軽減し人材と産業を守る	防衛費と教育支出が衝突し財政が硬直	87.0	73.0	86.0	90.0	92.0	90.0	93.0	10.0	半導体不安に教育費問題が重なり、進路選択の悲観が増える
44	KOR	韓国	South Korea	東アジア	圧力上昇	人材防衛と同盟順守	対米で輸出管理順守、対日協業は教育・人材で限定	教育負担を軽減し雇用と技術競争力を守る	若者支援と産業補助が財政を圧迫し硬直化	64.0	57.0	74.0	69.0	81.0	71.0	86.0	22.0	進学費不安が増幅。日韓協業は限定で将来像が揺れる
44	PRK	北朝鮮	North Korea	東アジア	間接衝突	威嚇を維持し取引余地探る	発射訓練誇示とサイバー資金調達、制裁回避貿易	外圧に屈せず抑止を強化、生活も守る	外貨と食料が逼迫、過度挑発は逆効果	95.0	60.0	89.0	86.0	92.0	80.0	95.0	8.0	安保不安が教育費政治化と重なり、将来投資を先送り
44	RUS	ロシア	Russia	ユーラシア	間接衝突	資源収入と体制維持を優先	制裁回避と資源取引の迂回網を拡大	長期戦でも生活と雇用は守れると訴える	部材不足と人材流出で近代化が遅れる	87.0	80.0	83.0	91.0	85.0	84.0	89.0	19.0	教育費不安に物価・就職不安が重なり、将来観が冷えやすい
44	UKR	ウクライナ	Ukraine	欧州	限定戦争	支援維持へ制度順応	欧州・日米に復興資金と装備供与を継続要請	戦時統治を維持し復興準備を同時進行	財政逼迫で教育・若者支援に手が回りにくい	84.0	58.0	79.0	70.0	87.0	72.0	82.0	20.0	教育費政治化と不況不安が重なり、進学・就職の判断が先送り気味
44	IRN	イラン	Iran	中東	境界的圧力	停戦維持で体制安定優先	航路攪乱の示唆と迂回取引を強化	外圧下でも物価と治安を守る	制裁と失業で譲歩も強硬も難しい	68.0	84.0	73.0	76.0	88.0	74.0	87.0	16.0	原油高と不透明感で家計圧迫。教育費不安が将来設計を縮める
44	ISR	イスラエル	Israel	中東	間接衝突	抑止維持と人材確保を優先	同盟と輸出管理を強化しAI人材流出を抑制	安全と経済を守るため教育支援も重点化する	動員疲れと政治分断で予算配分が難しい	68.0	57.0	72.0	93.0	82.0	78.0	84.0	20.0	学費不安が将来設計を縮め、進路選択が保守化する
44	SAU	サウジアラビア	Saudi Arabia	中東	圧力上昇	市況安定を優先し調整	OPEC+枠で増減産を調整し価格急騰抑制	財政基盤を守り改革投資と雇用を継続	治安費と改革費が重く増産余力は限定	55.0	60.0	77.0	58.0	68.0	60.0	83.0	22.0	教育費が政治化し将来設計が揺れ、物価不安が焦りを増幅
44	EU	欧州連合	European Union	欧州	圧力上昇	規制と景気の折衷	AI規制の実装を対日調整し相互承認模索	雇用と安全を守り教育負担も支える	加盟国差と財政制約で支援は薄まり得る	61.0	56.0	80.0	67.0	84.0	64.0	83.0	21.0	教育費が政治化し将来設計が揺れ、技能投資も迷いが増える
45	USA	アメリカ	United States	北米	境界的圧力	同盟負担増とAI統制	対日へ防衛負担増・輸出管理連携を要求	雇用と生活を守るため同盟で競争管理	SNS抗議で正統性不安、企業も規制に反発	86.0	63.0	94.0	98.0	92.0	90.0	96.0	8.0	抗議連鎖が日本SNSに波及。将来不安と焦りが増幅
45	CHN	中国	China	東アジア	境界的圧力	対日圧力は維持し管理	許認可の選別を強めつつ一部は緩和	外圧に備え産業と雇用を守る	景気減速と若者不満で長期対立は痛い	88.0	61.0	92.0	97.0	83.0	94.0	96.0	14.0	抗議連鎖で将来不信が増幅、進路選択が縮む
45	JPN	日本	Japan	東アジア	境界的圧力	抗議沈静化と産業基盤死守	同盟と輸出管理を維持しつつ支援財源協議	生活と雇用を守り、公平な再配分を進める	財源逼迫で若者支援と防衛が衝突	64.0	58.0	84.0	72.0	98.0	76.0	96.0	6.0	抗議の連鎖で将来像が曇り、分断と無力感が強まる
45	TWN	台湾	Taiwan	東アジア	境界的圧力	抑止維持と内政沈静化	日米欧に供給枠維持と危機対応演習を要請	雇用不安に対処しつつ安全保障も緩めない	若者不満で支持が揺れ、財政配分が限界	89.0	74.0	88.0	92.0	93.0	91.0	95.0	9.0	供給不安とSNS抗議が重なり、将来像が描けず悲観が増幅
45	KOR	韓国	South Korea	東アジア	圧力上昇	雇用不安の沈静化を優先	対米順守を維持しつつ対日で人材・標準の限定協業	AI移行で雇用と住居を守り不公正を是正する	補助金と治安対応で財政が硬直、強硬策は逆効果	63.0	56.0	78.0	70.0	83.0	72.0	88.0	20.0	雇用・住居不安が連鎖し、将来像が霧化。SNS不安が増幅
45	PRK	北朝鮮	North Korea	東アジア	間接衝突	威嚇を抑えつつ交渉余地確保	短距離発射誇示、サイバー外貨獲得継続	外圧に屈せず抑止を維持、統制を強化	食料と外貨逼迫、過度挑発は支援阻害	94.0	57.0	86.0	84.0	90.0	78.0	96.0	7.0	安保不安がSNS抗議と結び、若者の将来設計が萎縮・先送り
45	RUS	ロシア	Russia	ユーラシア	間接衝突	制裁耐久と世論抑え	資源値崩れ回避で輸出調整と迂回強化	外圧下でも賃金・治安を守ると強調	SNS連鎖が体制不満に転じるのが怖い	88.0	82.0	84.0	92.0	86.0	85.0	91.0	18.0	物価と雇用不安がSNSで増幅し、将来像が暗くなる
45	UKR	ウクライナ	Ukraine	欧州	限定戦争	支援維持へ制度圧力を増幅	欧州・日米に資金と防空を重点要請	前線維持と生活防衛を同時に進める	徴兵疲労と財政難で統治が硬直化	86.0	61.0	82.0	73.0	89.0	74.0	87.0	18.0	抗議報道で不安増。将来設計が短期化し挑戦回避
45	IRN	イラン	Iran	中東	境界的圧力	体制安定優先で締付け	停戦維持を示しつつ航路圧力を誇示	外圧と騒乱を抑え生活を守る	若者不満と制裁で譲歩余地が薄い	70.0	86.0	75.0	77.0	89.0	76.0	90.0	14.0	原油高と抗議連鎖で将来不安が増幅。挑戦意欲が萎む
45	ISR	イスラエル	Israel	中東	間接衝突	抑止維持と内政鎮静	停戦枠組みを維持し輸出管理と監視強化	治安と生活を守り不安連鎖を抑える	動員疲れと政治分断で配分が硬直	70.0	59.0	75.0	95.0	85.0	80.0	88.0	18.0	海外不安とAI格差話題が重なり、将来像が縮む
45	SAU	サウジアラビア	Saudi Arabia	中東	圧力上昇	価格安定と体制防衛を優先	OPEC+調整と対米協議で供給不安抑制	改革投資と治安を守り生活不安を抑える	増産余力は限定、財政と治安費が重い	56.0	63.0	74.0	57.0	70.0	61.0	86.0	20.0	物価と不公平感がSNS抗議に結びつき、将来設計が短期化
45	EU	欧州連合	European Union	欧州	圧力上昇	秩序回復と成長両立	AI規制運用を厳格化し対日整合も要求	雇用と生活を守るため公平なAI運用へ	加盟国差と選挙圧力で合意が遅い	63.0	57.0	83.0	69.0	86.0	66.0	87.0	20.0	規制波及と景気不安で将来設計が曇り、抗議模倣も増える
46	USA	アメリカ	United States	北米	境界的圧力	同盟統制で東アジア抑止	対日へ即応態勢強化と輸出管理同調を要求	抑止強化で戦争回避、供給網と雇用を守る	国内分断と企業反発で長期関与が脆い	90.0	66.0	92.0	99.0	93.0	94.0	95.0	6.0	半導体不安と徴用感が重なり、将来の選択肢が狭まる感覚が増す
46	CHN	中国	China	東アジア	間接衝突	抑止強化と統制管理	灰色地帯圧力と輸出許認可を選別強化	主権と雇用を守り挑発に対処する	景気減速で長期強硬は逆風、失速回避が要る	92.0	66.0	95.0	99.0	86.0	96.0	97.0	12.0	供給不安と就職難観測で将来像が縮み、挑戦回避が増える
46	JPN	日本	Japan	東アジア	境界的圧力	同盟維持と国内再配分	抑止強化と輸出管理調整、供給網確保	緊張に備えつつ物価と雇用を守る	財源と世代間対立で政策余力が枯渇	72.0	63.0	79.0	81.0	96.0	84.0	94.0	8.0	緊張と物価で将来計画が崩れ、焦りと諦めが交錯
46	TWN	台湾	Taiwan	東アジア	境界的圧力	抑止強化と供給維持	日米欧と危機演習拡大、供給優先枠を再調整	緊張は高いが産業と生活を守り抜く	若者不満と動員負担、財政配分が逼迫	92.0	78.0	86.0	94.0	90.0	93.0	96.0	8.0	半導体不安と有事連想で悲観が再燃、進路選択が保守化
46	KOR	韓国	South Korea	東アジア	境界的圧力	同盟連携で抑止、産業防衛	対米で抑止強化、対日協業は供給網限定	緊張に備えつつ雇用と物価対策を継続	半導体・防衛・若者対策が財政を圧迫	72.0	61.0	82.0	76.0	86.0	79.0	90.0	18.0	安保と供給不安で将来設計が縮み、就職不安がSNSで増幅
46	PRK	北朝鮮	North Korea	東アジア	間接衝突	抑止誇示で主導権確保	短距離発射で示威、対話窓口は維持	外圧に備え結束、統制と動員を強化	外貨・食料難、挑発過多は支援細る	95.0	60.0	88.0	86.0	92.0	80.0	97.0	6.0	安保と半導体不安が重なり、若者は将来計画を先送りし孤立感増
46	RUS	ロシア	Russia	ユーラシア	間接衝突	対外圧力を資源で相殺	資源輸出を調整し迂回取引を拡大	外圧下でも雇用と物価を守る	戦費負担と不満拡大で統制依存	90.0	86.0	85.0	94.0	88.0	87.0	92.0	17.0	半導体不安と物価高が重なり将来像が縮む
46	UKR	ウクライナ	Ukraine	欧州	限定戦争	支援確保へ対外要請を強化	欧州・日米へ防空と資金の追加支援要請	前線維持と復興準備を同時に進める	徴兵疲労と財政難で統治余力が低下	88.0	63.0	84.0	77.0	91.0	78.0	88.0	16.0	東アジア緊張と戦争長期化が重なり不安増。進路選択が保守化
46	IRN	イラン	Iran	中東	境界的圧力	停戦維持で航路影響力誇示	停戦枠組み維持を表明し海上圧力を示威	外圧下でも秩序と生活を守る	制裁と不満で譲歩余地が狭い	72.0	88.0	77.0	81.0	90.0	79.0	92.0	12.0	原油高と半導体不安が重なり将来不安が増幅。挑戦が慎重化
46	ISR	イスラエル	Israel	中東	間接衝突	技術優位と抑止を優先	米と連携し輸出管理・サイバー監視を強化	安全確保と物価抑制を同時に進める	動員疲れと政治分断で追加負担が難しい	72.0	61.0	77.0	96.0	86.0	85.0	90.0	16.0	半導体不安が就職観を冷やし、努力の報酬感が揺らぐ
46	SAU	サウジアラビア	Saudi Arabia	中東	境界的圧力	価格高騰を抑えつつ収益確保	OPEC+で供給調整、対米で航路警戒強化	市場安定で歳入確保、治安と雇用を守る	増産は政治・設備制約、対立激化は避けたい	60.0	71.0	77.0	60.0	73.0	69.0	88.0	18.0	燃料高と半導体不安で節約・慎重化、将来像が縮む
46	EU	欧州連合	European Union	欧州	境界的圧力	規制連携で対中リスク抑制	対中依存を縮小し対日同調と審査強化	安全保障と雇用を守る予防的措置だ	加盟国温度差と景気で強硬一枚岩は困難	66.0	60.0	86.0	74.0	88.0	72.0	90.0	18.0	半導体不安と規制波及で将来像が揺れ、転職・学習焦りが増す
47	USA	アメリカ	United States	北米	境界的圧力	同盟負担増で抑止維持	対日へ防衛即応と対中規制同調を再要請	同盟連携で戦争抑止、供給網も守る	国内の生活不満で対外関与が続かない	88.0	68.0	90.0	98.0	94.0	92.0	93.0	7.0	生活サービス不安と外圧が重なり、将来設計が難しい感覚が強まる
47	CHN	中国	China	東アジア	間接衝突	統制強化し圧力は選別	台湾周辺で灰色地帯継続、許認可を選別	主権と雇用を守り外圧に対抗する	景気減速で長期強硬は逆風、失速回避	90.0	64.0	93.0	97.0	87.0	95.0	96.0	10.0	公共人材不足も重なり、将来設計が縮み挑戦回避
47	JPN	日本	Japan	東アジア	境界的圧力	治安と生活維持を優先	同盟調整で負担分担、供給網協力強化	人手不足対策で生活機能を守り抜く	公務人材枯渇と財源難で施策が薄まる	70.0	61.0	83.0	79.0	97.0	85.0	95.0	6.0	公共機能の劣化が日常不安化し、将来設計が短期化する
47	TWN	台湾	Taiwan	東アジア	境界的圧力	抑止継続と内政立て直し	日米欧と海峡監視強化、供給優先枠維持	緊張下でも公共人材確保で生活を守る	公共人材不足と動員負担、財政が競合	90.0	76.0	84.0	92.0	92.0	91.0	95.0	9.0	供給不安に加え生活不全の報道で不安増、安定志向が強まる
47	KOR	韓国	South Korea	東アジア	圧力上昇	同盟抑止維持、民生を補強	対米で抑止継続、対日で人材・供給網協議	公共サービス逼迫に対応し物価と治安を守る	人手不足と若者不満で政権正統性が揺れる	68.0	60.0	84.0	74.0	88.0	77.0	92.0	16.0	医療・教育不安と雇用硬直が連鎖し、将来像が狭まりSNS不安が増幅
47	PRK	北朝鮮	North Korea	東アジア	間接衝突	示威と瀬踏みで譲歩誘導	偵察・サイバー増、短距離発射で警戒維持	敵視政策に対抗、国防優先で耐久を訴え	外貨・食料不足、挑発過多は中露支援を損なう	96.0	61.0	90.0	87.0	93.0	82.0	98.0	4.0	公共サービス不安と安保緊張が重なり、若者は進路決断を先送りし疲弊感が増す
47	RUS	ロシア	Russia	ユーラシア	間接衝突	資源と情報で圧力維持	資源輸出調整と制裁迂回を拡大	外圧下でも雇用と物価を守る	戦費と統制費で民生に限界	88.0	84.0	79.0	92.0	86.0	83.0	91.0	18.0	公共人材不足の不満に物価高が重なり、将来像がさらに狭まる
47	UKR	ウクライナ	Ukraine	欧州	限定戦争	支援維持へ負担分散を要求	欧州・日米へ防空と財政支援の継続要請	戦時統治を維持し復興準備も進める	徴兵疲労と歳入不足で統治余力が細る	86.0	61.0	82.0	76.0	89.0	77.0	86.0	18.0	海外危機と国内人材不足が重なり将来像が縮む。不安が進路を保守化
47	IRN	イラン	Iran	中東	境界的圧力	停戦維持を条件に圧力管理	停戦順守を示しつつ航路監視を強化	外圧に屈せず生活必需品を守る	制裁と不満で妥協が政権リスク	70.0	86.0	80.0	83.0	91.0	81.0	93.0	10.0	生活インフラの人手不足に原油高が重なり、若者は将来設計を縮めがち
47	ISR	イスラエル	Israel	中東	間接衝突	抑止維持と内政の持久	米と連携し停戦線監視とサイバー抑止を強化	安全優先だが生活基盤の維持も進める	動員疲れと人材不足で長期戦は維持困難	70.0	63.0	79.0	92.0	88.0	82.0	91.0	14.0	公共人材不足が現実味を増し、将来の手応えが薄れて不安が増幅
47	SAU	サウジアラビア	Saudi Arabia	中東	境界的圧力	高値維持と急騰回避	OPEC+で微調整、紅海航路の警備連携	歳入を確保し改革投資と治安を守る	増産余地は限定、対立再燃は市場に痛い	63.0	68.0	79.0	61.0	76.0	70.0	90.0	16.0	燃料高に加え公共サービス不安で将来設計が縮む
47	EU	欧州連合	European Union	欧州	境界的圧力	人材危機で内政優先へ	対中審査は維持し対日規格連携を強化	公共サービス維持へ移民・訓練と投資を急ぐ	加盟国対立と財政で迅速な一体化は難しい	64.0	57.0	82.0	72.0	84.0	70.0	88.0	20.0	人材不足報道と規制波及で将来不安が増え、進路選択が硬直する
48	USA	アメリカ	United States	北米	境界的圧力	同盟即応とAI優位維持	対日へ防衛即応・規制同調・投資増を要求	雇用と安全を守るため同盟を強化する	物価と分断で長期関与の余力が細る	86.0	66.0	88.0	96.0	93.0	90.0	91.0	9.0	外圧と雇用不安が重なり、挑戦より防衛的選択が増える
48	CHN	中国	China	東アジア	境界的圧力	圧力は維持し摩擦は管理	台湾周辺を継続、対日許認可を選別運用	主権と雇用を守り外圧に対応する	景気減速と若年不安で長期強硬は負担	88.0	62.0	92.0	96.0	84.0	93.0	95.0	12.0	将来設計が二極化し、挑戦より安全志向が強まる
48	JPN	日本	Japan	東アジア	境界的圧力	制度更新を急ぎ不安を抑制	同盟調整で負担最適化、資源分散を加速	分岐を放置せず生活と治安の基盤を守る	財源・人材不足で実装が遅れ格差が残る	68.0	59.0	80.0	76.0	95.0	82.0	93.0	7.0	参加層は展望を得るが、離脱層は諦念が固定化し不信が増す
48	TWN	台湾	Taiwan	東アジア	境界的圧力	抑止強化と社会分断抑制	日米と海峡監視・避難計画整備、供給優先枠維持	緊張は続くが生活と雇用の下支えを優先	人材流出と動員疲れ、財政配分が限界	88.0	72.0	80.0	90.0	89.0	88.0	93.0	11.0	供給・有事不安が長期化し、若者は将来設計を縮め安全志向へ
48	KOR	韓国	South Korea	東アジア	圧力上昇	同盟抑止維持と内政鎮静	対米で抑止継続、対日で供給網・人材連携強化	雇用と物価を守り、危機に備える体制を固める	若者不満と財政制約で政策余地が狭い	66.0	58.0	82.0	72.0	86.0	74.0	91.0	18.0	分岐の可視化で焦燥が増え、職と学び直し不安がSNSで拡散
48	PRK	北朝鮮	North Korea	東アジア	間接衝突	示威を抑え瀬踏み継続	短距離発射示唆とサイバーで対価要求	対外敵視に屈せず自力更生を強調	食料・外貨逼迫、暴発は支援と統制を損なう	94.0	58.0	86.0	85.0	90.0	80.0	96.0	6.0	安保緊張が常態化し、若者は将来設計を先送りし分岐が深まる
48	RUS	ロシア	Russia	ユーラシア	間接衝突	資源収入で戦線維持	資源輸出調整と制裁迂回を継続	長期戦でも生活と治安を守る	戦費と統制負担で民生が逼迫	86.0	82.0	77.0	91.0	85.0	81.0	90.0	19.0	物価高と計算資源不安が続き、若者の将来設計が二極化する
48	UKR	ウクライナ	Ukraine	欧州	限定戦争	支援疲れ抑えつつ防衛継続	欧州・日米へ防空弾薬と復興資金を再要請	長期戦でも統治と復興準備を両立する	人員枯渇と財政難で持久に限界	87.0	60.0	83.0	77.0	90.0	78.0	88.0	17.0	危機の常態化が未来感を削り、若者は安定志向・海外回避へ傾く
48	IRN	イラン	Iran	中東	境界的圧力	停戦維持し制裁緩和を探る	停戦順守を演出しつつ航路圧力を示す	外圧に屈せず生活を守る、対話も継続	不満と財政難で譲歩は政権リスク	68.0	84.0	78.0	82.0	90.0	80.0	91.0	12.0	原油高と不安報道で将来像が二極化し、挑戦より守りに傾く
48	ISR	イスラエル	Israel	中東	間接衝突	停戦線抑止と社会統合重視	米と停戦監視・サイバー防衛、技術輸出管理を調整	安全確保と生活維持を同時に進める	動員疲れと政治分断で持久力が細る	72.0	66.0	82.0	93.0	89.0	83.0	93.0	13.0	分断と供給不安が可視化し、努力の報われ感が揺らぎ将来不安が増す
48	SAU	サウジアラビア	Saudi Arabia	中東	境界的圧力	高値維持と急騰回避	OPEC+微調整、紅海警備連携を継続	歳入確保と物価安定で改革を守る	増産余地は小さく市場心理に振られる	66.0	72.0	82.0	63.0	78.0	72.0	92.0	14.0	燃料高が固定化し、将来設計が二極化して諦念が増す
48	EU	欧州連合	European Union	欧州	境界的圧力	制度更新の参加者を増やす	対中審査を維持し対日規格連携を拡大	不安定化に備え雇用と物価対策を優先	加盟国分断と財政で合意形成が遅い	66.0	59.0	84.0	74.0	86.0	72.0	90.0	18.0	分岐の物語が流入し、挑戦層と諦念層の格差不安が強まる
49	USA	アメリカ	United States	北米	境界的圧力	同盟負担増とAI優位維持	対日へ防衛増・供給網規律・規制同調要求	雇用と安全のため同盟と産業を守る	分断と物価で長期関与の余力が削れる	84.0	63.0	82.0	94.0	88.0	86.0	87.0	12.0	外圧と将来不安が続き、進路が保守化し挑戦が鈍る
49	CHN	中国	China	東アジア	境界的圧力	圧力を維持し摩擦を制御	台湾周辺は継続、対日許認可を選別強化	主権と雇用を守り外圧に対処する	景気鈍化で強硬長期化は内政負担	86.0	60.0	89.0	95.0	82.0	90.0	92.0	18.0	圧力は続くが制度化議論で不安が少し緩む
49	JPN	日本	Japan	東アジア	圧力上昇	制度化で分断不安を抑制	同盟調整し財政余地を確保、供給網補強	地域維持・ケア等を報酬化し将来不安を減らす	財源と運用人材が不足、反発調整に時間	64.0	56.0	72.0	68.0	92.0	76.0	86.0	14.0	参加の道が見え希望は一部回復、未接続層は焦燥が残る
49	TWN	台湾	Taiwan	東アジア	境界的圧力	抑止維持と社会耐久の制度化	日米と海峡警戒継続、供給優先枠と代替拠点協議	緊張下でも生活・教育接続を守り分断を抑える	動員疲れと人材流出、支出配分の限界が重い	84.0	68.0	74.0	86.0	86.0	82.0	88.0	18.0	有事不安は続くが、ケア/教育の報酬化議論が希望を少し支える
49	KOR	韓国	South Korea	東アジア	圧力上昇	制度化で雇用不安を吸収	対米で抑止維持、対日で人材・供給網協調	ケア・教育接続を報酬化し不安定雇用を減らす	財源確保が難しく、分配で対立が出る	64.0	57.0	72.0	69.0	84.0	71.0	86.0	20.0	制度化が見え希望は戻るが、財源論争が不安を再燃させる
49	PRK	北朝鮮	North Korea	東アジア	間接衝突	挑発抑制し取引圧力	発射準備を誇示しサイバーで資金獲得	外敵脅威を強調し結束と統制を要請	食料・外貨逼迫、暴発は支援線を失う	92.0	56.0	84.0	82.0	88.0	78.0	95.0	12.0	安保不安が再燃し、若者は将来像を描けず回避志向が強まる
49	RUS	ロシア	Russia	ユーラシア	間接衝突	制度報酬化で戦時経済を維持	資源輸出を選別し制裁迂回網を再編	国家維持のため就労・ケアを報酬化する	戦費優先で民生改善は限定的	84.0	79.0	73.0	90.0	82.0	78.0	88.0	21.0	物価と雇用不安が続き、若者は安定志向と海外志向に分岐
49	UKR	ウクライナ	Ukraine	欧州	限定戦争	防衛優先で支援制度化を促す	欧州・日米へ復興と弾薬の制度枠要請	国家維持のため動員と復興を同時遂行	人的損耗と財源不足で持久が逼迫	86.0	58.0	80.0	74.0	88.0	76.0	84.0	21.0	戦争の常態化で将来不安が残り、安定志向が強まる
49	IRN	イラン	Iran	中東	境界的圧力	停戦維持で体制安定優先	停戦監視に協力しつつ航路で示威	生活と尊厳を守る、制度改革も進める	制裁と不満で譲歩は正統性を損ねる	66.0	81.0	76.0	80.0	88.0	78.0	89.0	14.0	制度化報道で希望も出るが、原油高不安が勝ち守り志向へ
49	ISR	イスラエル	Israel	中東	間接衝突	停戦線抑止と制度修復を優先	停戦監視強化、サイバー反撃、輸出管理を厳格化	安全確保と生活維持へ制度を更新する	分断と動員疲れで長期戦コストが増大	70.0	63.0	78.0	90.0	86.0	80.0	90.0	15.0	制度で報われる道の議論は希望要因だが、供給不安が将来感を冷やす
49	SAU	サウジアラビア	Saudi Arabia	中東	境界的圧力	高値維持と供給安定優先	OPEC+は小幅調整、紅海警備連携を維持	歳入を確保し改革投資と物価安定を両立	増産余地は限定、市場心理と安保に拘束	64.0	70.0	78.0	60.0	74.0	68.0	88.0	18.0	燃料高が続くが、制度化議論が仕事観を補強し不安は鈍化
49	EU	欧州連合	European Union	欧州	圧力上昇	制度化で社会安定を優先	ケア・教育制度化を軸に対日協調を提案	生活防衛と雇用維持を制度で支える	加盟国温度差で財源設計が難航	60.0	57.0	78.0	72.0	84.0	69.0	86.0	22.0	制度化の物語は希望を残すが、雇用不安は続き格差不信が揺らぐ
50	USA	アメリカ	United States	北米	境界的圧力	同盟負担増とAI覇権堅持	対日へ防衛増・AI規制同調・輸出管理強化	雇用転換と安全のため同盟と産業を守る	自動化で雇用不満、対外関与の持久力が不安	86.0	66.0	88.0	96.0	90.0	87.0	89.0	14.0	雇用不安と外圧が重なり、挑戦回避と将来悲観が強まる
50	CHN	中国	China	東アジア	境界的圧力	圧力は維持し安定優先	対日許認可を選別、台湾周辺は示威継続	雇用と主権を守り外圧に揺らがない	自動化失業が火種、強硬は景気悪化	88.0	58.0	92.0	96.0	80.0	91.0	94.0	16.0	雇用不安と半導体懸念が重なり、将来像が狭まる
50	JPN	日本	Japan	東アジア	圧力上昇	雇用転換を制度で吸収	半導体・計算資源で同盟調整し確保	置換は進むが再訓練と所得支援で守る	財源と実施人材が不足、反発も強い	63.0	57.0	79.0	71.0	94.0	77.0	88.0	12.0	仕事の道筋が見えず焦燥が増幅、支援の実感が鍵
50	TWN	台湾	Taiwan	東アジア	境界的圧力	抑止継続と雇用不安の吸収	日米と供給優先枠更新、対中抑止連携を強化	安全と雇用を同時に守り社会の分断を抑える	自動化失業不安と動員疲れで政治余力が細い	86.0	69.0	82.0	88.0	89.0	83.0	92.0	16.0	雇用の先細り感と有事不安が重なり将来像が曇る
50	KOR	韓国	South Korea	東アジア	圧力上昇	雇用再編を急ぎ不安抑制	対米で抑止維持、対日で人材・供給網協調	自動化対応で再訓練と雇用移行を拡充する	財源と企業負担で対立、失業統計が政治化	63.0	56.0	79.0	66.0	86.0	72.0	88.0	18.0	事務・管理系の先行不安が波及し、就職観が短期化する
50	PRK	北朝鮮	North Korea	東アジア	間接衝突	挑発抑え資金確保	短距離発射を示唆しサイバー窃取を拡大	強硬路線で体制防衛、苦境は外圧のせい	外貨不足と統制不安、暴発は支援線を失う	90.0	58.0	86.0	83.0	89.0	79.0	96.0	11.0	安保不安と自動化不安が重なり、若者は将来回避・保守化が強まる
50	RUS	ロシア	Russia	ユーラシア	間接衝突	戦時経済と統制を継続	資源輸出を締め緩めし制裁迂回を拡大	国家存続へ動員と産業再編を正当化	戦費優先で技術・人材流出が痛い	86.0	81.0	78.0	92.0	83.0	80.0	89.0	19.0	自動化波と物価不安が重なり、将来像は縮み転職・国外志向が増える
50	UKR	ウクライナ	Ukraine	欧州	限定戦争	戦時体制維持と支援固定化	EU・日米へ復興金融と弾薬枠の拡大要請	国家存続のため動員と統制を継続	人的損耗と財源難、AI導入は優先低い	87.0	60.0	84.0	76.0	90.0	78.0	86.0	19.0	戦争常態化とAI代替不安が重なり、慎重志向が強まる
50	IRN	イラン	Iran	中東	境界的圧力	停戦維持と体制引締め	停戦枠組み維持を主張し航路で示威抑止	生活防衛と主権を守る、混乱は許さない	制裁下で財政逼迫、譲歩は正統性を損ねる	68.0	84.0	79.0	83.0	90.0	80.0	91.0	13.0	原油高とAI職不安が重なり、将来像が霧化し守り志向が強まる
50	ISR	イスラエル	Israel	中東	間接衝突	抑止維持とAI統制を優先	輸出管理強化、サイバー抑止、同盟調整	安全と経済を守るため統制を強める	動員疲れと分断、財政と人材が逼迫	72.0	66.0	84.0	92.0	88.0	82.0	92.0	14.0	自動化第二波と供給制約で将来像が揺れ、挑戦意欲が冷えやすい
50	SAU	サウジアラビア	Saudi Arabia	中東	境界的圧力	高値抑制と体制安定優先	OPEC+は小幅増産、紅海警備連携を継続	歳入と物価の均衡で改革と雇用を守る	増産余地は限定、安保と市場心理に拘束	66.0	73.0	82.0	62.0	76.0	69.0	90.0	16.0	物価高と自動化不安が重なり将来像が曇るが急変は抑制
50	EU	欧州連合	European Union	欧州	圧力上昇	規制と再訓練を加速	AI規制整合と再訓練枠組みを対日提案	雇用移行を守り競争力も維持する	加盟国差と景気で合意形成が遅い	61.0	56.0	83.0	74.0	86.0	70.0	88.0	20.0	白職・管理職も不安拡大。制度像は救いだが格差感が焦燥を増幅
51	USA	アメリカ	United States	北米	境界的圧力	同盟負担増と技術囲い込み	対日へ防衛費増・輸出管理厳格化・AI基準同調	雇用再訓練と安保のため同盟と産業を守る	自動化不満と財政制約で対外関与の持久力が不安	88.0	68.0	91.0	97.0	92.0	89.0	90.0	12.0	出生意向低下報道に外圧が重なり、若者の将来設計が萎む
51	CHN	中国	China	東アジア	境界的圧力	選別圧力で対日を揺さぶる	半導体材・部材許認可を絞り、海峡は示威	雇用と主権を守り外圧に屈しない	自動化失業が火種、過度強硬は景気悪化	90.0	61.0	93.0	97.0	83.0	92.0	95.0	14.0	将来不安が増幅し、家族形成の見通しがさらに遠のく
51	JPN	日本	Japan	東アジア	圧力上昇	若者不安の可視化を抑制	同盟と連携し資源・計算枠を確保	出生意向低下に住宅・雇用で対処	財源薄く実行人材も不足、反発懸念	64.0	58.0	82.0	73.0	95.0	78.0	90.0	10.0	将来設計が崩れ焦燥が増幅。住宅と安定雇用の道筋が鍵
51	TWN	台湾	Taiwan	東アジア	境界的圧力	抑止維持と若者不安の火消し	日米へ供給優先枠維持要請、海峡監視強化	安全と雇用の両立を急ぎ生活不安を抑える	動員疲れと自動化で若者の制度不信が拡大	84.0	71.0	85.0	89.0	90.0	84.0	93.0	15.0	有事と雇用不安が出生意向低下報道と共鳴し、将来設計が萎む
51	KOR	韓国	South Korea	東アジア	圧力上昇	出生不安を雇用・住居で抑制	対米で半導体協調、対日で人材・供給網調整	住居・雇用支援を厚くし将来不安を下げる	財源制約で支援拡大は限定、世代対立が怖い	60.0	54.0	76.0	64.0	83.0	70.0	85.0	20.0	出生不安報道が就職・住居不安を強め、将来設計が短期化
51	PRK	北朝鮮	North Korea	東アジア	間接衝突	抑止誇示と外貨獲得を両立	発射準備を誇示し制裁回避交易とサイバー窃取	外圧下でも軍備強化が生存の道、耐乏は正義	外貨・食料逼迫、暴発は支援線と統制を損なう	92.0	61.0	87.0	85.0	90.0	80.0	97.0	10.0	安保不安が出生・将来設計の萎縮を加速、回避志向が強まる
51	RUS	ロシア	Russia	ユーラシア	間接衝突	戦時体制を維持し対外圧力化	資源供給を揺らし制裁迂回網を拡張	包囲下で国家存続を守るため統制継続	戦費優先で技術停滞と不満が増える	84.0	79.0	74.0	90.0	81.0	78.0	87.0	20.0	物価・雇用不安が出生意向低下報道と共鳴し将来不信が強まる
51	UKR	ウクライナ	Ukraine	欧州	限定戦争	支援固定化と戦時統制	EU・日米へ弾薬/防空と復興資金を要請	長期戦でも国家維持へ動員と配分を継続	人的損耗と財源難、社会疲労が限界	88.0	58.0	83.0	74.0	89.0	76.0	84.0	18.0	対外支援継続の重圧が生活不安を増幅し、将来設計が縮む
51	IRN	イラン	Iran	中東	境界的圧力	停戦維持で対外圧力を調整	停戦枠組みを維持しつつ航路で限定示威	制裁下でも秩序と生活を守る、動揺は不要	財政と統治不安で長期対立は負担、譲歩は弱腰	66.0	82.0	77.0	81.0	88.0	79.0	90.0	15.0	原油高と不確実雇用が将来設計を圧迫し、出生不安の連想が増える
51	ISR	イスラエル	Israel	中東	間接衝突	抑止継続と社会緊張抑制	輸出管理維持、同盟調整、サイバー防衛強化	安全確保と生活不安の緩和を同時に進める	動員疲れと分断、財政・人材が恒常的に不足	74.0	64.0	86.0	91.0	89.0	81.0	93.0	13.0	将来設計が不透明化し、家庭形成の希望が縮みやすい
51	SAU	サウジアラビア	Saudi Arabia	中東	境界的圧力	高値回避と安保協調	OPEC+は据置寄り、小幅調整で市場安定	歳入を確保しつつ物価と雇用を守る	増産余地は小さく、地域緊張で選択肢が狭い	64.0	70.0	84.0	63.0	78.0	70.0	91.0	15.0	物価高と雇用不安が出生不安を増幅し、将来像が縮む
51	EU	欧州連合	European Union	欧州	圧力上昇	規制と出生不安へ再分配	対日で再訓練・子育て支援の政策対話	出生不安へ住宅・教育支援を上積み	加盟国差と財源で実装が遅れがち	63.0	57.0	78.0	72.0	84.0	69.0	86.0	22.0	生活費と雇用不安が将来設計を圧迫。制度像は参考だが焦燥が残る
52	USA	アメリカ	United States	北米	境界的圧力	同盟負担増と技術囲い込み	対日へ防衛費増要請・AI供給網同調	雇用再編期の成長と抑止を同時に守る	自動化不満と歳出圧で対外関与は長続きしにくい	86.0	63.0	88.0	96.0	90.0	85.0	88.0	14.0	採用縮小の不安に外圧が重なり、将来設計が短期化する
52	CHN	中国	China	東アジア	境界的圧力	選別圧力と関係管理を併用	許認可で半導体材を選別、海峡は示威継続	雇用安定と主権を守り外圧に対処する	採用縮小と自動化が不満源、景気悪化は避けたい	88.0	60.0	91.0	96.0	82.0	90.0	93.0	16.0	採用の先細り感が強まり不安増。挑戦より安定志向が強まる
52	JPN	日本	Japan	東アジア	圧力上昇	雇用転換に伴う不安を緩衝	同盟と連携し人材・計算枠の確保を継続	採用変化に職業訓練と住宅で下支え	財源と実施人材が不足、既得権の反発も	63.0	57.0	88.0	72.0	96.0	77.0	92.0	9.0	就職の見通しが割れ焦りが増幅。訓練と住居支援が希望を左右
52	TWN	台湾	Taiwan	東アジア	境界的圧力	抑止維持と雇用不安の緩和	日米へ供給優先と共同人材計画を提案	安全確保と産業転換で雇用を守る	動員負担と賃金停滞で若者の離反が怖い	83.0	69.0	88.0	90.0	88.0	85.0	92.0	16.0	採用縮小報道が有事不安と結び、安定職志向と挑戦回避が強まる
52	KOR	韓国	South Korea	東アジア	圧力上昇	雇用不安を再訓練で吸収	対米で先端人材・半導体協調を強化	採用転換に合わせ職業訓練と住宅支援	財源と世代対立で支援は絞りがち	61.0	55.0	82.0	66.0	84.0	72.0	88.0	19.0	少数精鋭化の連想が就活不安を増幅し将来設計が短期化
52	PRK	北朝鮮	North Korea	東アジア	間接衝突	抑止誇示で交渉余地確保	短距離発射示威と対話窓口の併用	軍備は生存の保険、耐乏は勝利だ	外貨・食料逼迫、暴発は統制を損ねる	94.0	63.0	90.0	86.0	92.0	82.0	98.0	9.0	安保不安が強まり、少数精鋭採用化と重なり将来感が冷える
52	RUS	ロシア	Russia	ユーラシア	間接衝突	戦時経済維持で外圧を相殺	資源輸出を調整し制裁迂回網を拡張	長期戦に備え統制と給付で耐える	戦費優先で投資不足と不満が蓄積	86.0	82.0	78.0	92.0	84.0	80.0	88.0	18.0	採用転換と物価高が重なり将来設計が縮む
52	UKR	ウクライナ	Ukraine	欧州	限定戦争	支援確保と動員維持	EU・日米へ防空/弾薬と復興資金を追加要請	長期戦に備え配分を引締め、耐久を優先	人的損耗と財源難で継戦と社会維持が競合	90.0	60.0	86.0	76.0	91.0	78.0	88.0	15.0	採用選別強化と対外負担感が重なり、将来像が曇る
52	IRN	イラン	Iran	中東	境界的圧力	停戦維持で内政動揺を抑制	停戦枠組みを維持し航路で抑止示威を継続	外圧下でも治安と生活を守る、結束を	財政逼迫と不満増で長期緊張は損、譲歩は弱腰	64.0	78.0	81.0	80.0	86.0	76.0	91.0	16.0	原油不安と採用の選別化が重なり、将来設計の悲観が増幅
52	ISR	イスラエル	Israel	中東	間接衝突	抑止維持と経済耐久の確保	同盟協議で輸出管理調整とサイバー連携	安全を守りつつ雇用・物価の打撃を抑える	動員疲れと分断、財政・人材が逼迫	76.0	66.0	88.0	90.0	87.0	82.0	92.0	14.0	少数精鋭採用の波が不安を増幅し、挑戦回避が強まる
52	SAU	サウジアラビア	Saudi Arabia	中東	境界的圧力	市場安定を最優先	OPEC+微調整で価格の乱高下を抑える	歳入確保と生活安定を両立させる	地域緊張と増産余地が選択肢を狭める	63.0	66.0	86.0	61.0	79.0	69.0	90.0	14.0	採用転換で不安が先行。燃料高が可処分所得を圧迫し将来像が縮む
52	EU	欧州連合	European Union	欧州	圧力上昇	移行期の雇用安定を優先	対日で職能基準・再訓練連携を提案	再訓練と保護で移行の痛みを抑える	加盟国差で制度実装が遅れやすい	60.0	54.0	81.0	70.0	83.0	67.0	88.0	21.0	新卒枠縮小の連想が拡散。再訓練連携は救いだが焦りが強まる
53	USA	アメリカ	United States	北米	境界的圧力	同盟負担と内政安定を両立	対日へ防衛・AI供給網の追加同調を要請	家計と雇用を守りつつ抑止を維持する	介護・生活費で不満増、長期関与は難しい	84.0	66.0	90.0	95.0	92.0	86.0	91.0	12.0	両立危機で生活不安が増幅し、外圧が将来選択をさらに短期化
53	CHN	中国	China	東アジア	境界的圧力	選別圧力で譲歩を誘う	重要材料の許認可を揺らし対日牽制、海峡示威継続	雇用と安定を守り外圧に主権で対処する	景気失速は避けたいが統制も緩めにくい	90.0	62.0	92.0	97.0	84.0	91.0	94.0	14.0	介護・育児不安に供給網懸念が重なり、将来像が細る
53	JPN	日本	Japan	東アジア	圧力上昇	介護・育児負担を優先緩和	同盟と連携し人材・ケア技術を確保	介護・子育て支援を前倒しし雇用維持	財源と人手不足、制度改正に抵抗	61.0	56.0	84.0	71.0	97.0	76.0	93.0	8.0	家計と時間の圧迫で将来像が縮む。支援の即効性が希望を左右
53	TWN	台湾	Taiwan	東アジア	境界的圧力	抑止維持と生活不安の抑制	日米と供給優先枠・代替生産計画を調整	安全と家計支援を同時に進める	動員と物価で若者の不満が増える	85.0	72.0	91.0	88.0	90.0	87.0	94.0	14.0	介護負担報道と有事不安が連結し、将来像が縮む
53	KOR	韓国	South Korea	東アジア	圧力上昇	介護危機で雇用と防衛を調整	対米協議で半導体協調維持と資源調達分散	家計負担を抑え雇用再配置と安保を同時推進	財源不足で介護・若者・防衛が奪い合い	63.0	56.0	84.0	67.0	86.0	74.0	90.0	18.0	介護と就活不安が重なり将来設計が短期化し萎縮が増える
53	PRK	北朝鮮	North Korea	東アジア	間接衝突	示威で注意喚起し譲歩誘導	発射準備の誇示と秘密接触を併用	包囲突破へ団結、耐乏は正義だ	外貨と食料難、暴発は統治を損ねる	95.0	60.0	88.0	85.0	90.0	80.0	97.0	10.0	介護育児疲労に安保不安が上乗せされ、将来設計が萎む
53	RUS	ロシア	Russia	ユーラシア	間接衝突	戦時収入確保で外圧緩和	資源輸出を選別し制裁迂回を強化	国家の耐久力を優先し生活も守る	戦費と統制で民生疲弊が進む	84.0	86.0	74.0	91.0	83.0	79.0	90.0	17.0	物価と供給不安が介護負担と重なり、若者の将来設計が縮む
53	UKR	ウクライナ	Ukraine	欧州	限定戦争	支援維持へ追加負担を要請	EU・日米へ弾薬/防空と復興枠の前倒し要請	耐久戦継続、動員と社会維持を両立	人的損耗と財政難で統治正統性が揺れる	88.0	58.0	84.0	74.0	90.0	76.0	87.0	14.0	対外支援負担感が介護・子育て不安に重なり、将来像が曇る
53	IRN	イラン	Iran	中東	境界的圧力	停戦維持と内政引締め	航路で限定示威、停戦枠組みは維持	生活苦は外圧の結果、秩序維持を優先	不満拡大で挑発は危険、譲歩も弱腰扱い	66.0	82.0	83.0	81.0	88.0	78.0	92.0	14.0	燃料高と介護負担の連想で、若者の将来設計が硬直
53	ISR	イスラエル	Israel	中東	間接衝突	抑止維持と社会疲労の緩和	停戦維持を軸に同盟と輸出管理・サイバー連携	安全確保と生活防衛を同時に進める	動員疲れと分断、財政・人材の逼迫	74.0	63.0	90.0	88.0	86.0	80.0	93.0	13.0	介護不安と雇用停滞が重なり、挑戦回避が強まる
53	SAU	サウジアラビア	Saudi Arabia	中東	境界的圧力	価格安定と体制防衛	OPEC+で増産余地を示し価格上限を意識	収入確保と物価安定で改革継続	地域再燃と財政計画が増産を縛る	60.0	62.0	88.0	60.0	80.0	68.0	92.0	13.0	介護育児の重圧に燃料高が重なり、生活防衛が優先され将来像が描きにくい
53	EU	欧州連合	European Union	欧州	圧力上昇	福祉と競争力を同時防衛	対日で介護DXと人材協定を交渉	家計と雇用を守り成長投資も続ける	加盟国差で財源と制度が割れやすい	58.0	52.0	79.0	66.0	82.0	64.0	86.0	23.0	介護負担の未来像が刺さり不安増。DX連携は希望も生む
54	USA	アメリカ	United States	北米	境界的圧力	負担分担とAI覇権を優先	対日へ防衛費・電力/データ投資の役割増を要請	電力と物価を抑えつつ抑止と雇用を守る	電力網/DC投資が家計直撃、同盟依存が増す	82.0	74.0	88.0	96.0	90.0	84.0	92.0	11.0	生活費と将来不安が同時増幅。進路選択が保守化し挑戦が鈍る
54	CHN	中国	China	東アジア	境界的圧力	選別圧力を維持し抑制	材料許認可を微調整、海峡示威は抑制的に継続	雇用と物価を守り外圧に主権で対処	電力・データ投資で負担増、景気悪化は避けたい	86.0	70.0	90.0	96.0	88.0	89.0	92.0	12.0	電気代と雇用不安が重なり、進路選択が保守化する
54	JPN	日本	Japan	東アジア	圧力上昇	電力費と防衛を同時調整	燃料・電力調達を多角化し投資協調	電力網投資で負担増も支援は継続	投資費が家計と財政に直撃、合意困難	63.0	67.0	82.0	70.0	95.0	78.0	92.0	10.0	電気代と増税観測で将来設計が萎む。支援の可視化が鍵
54	TWN	台湾	Taiwan	東アジア	境界的圧力	抑止強化と物価沈静	日米と供給枠維持、電力・燃料調達分散	防衛と電力投資を進めつつ家計負担を抑える	電力投資と防衛費で財政が逼迫しやすい	86.0	78.0	88.0	87.0	92.0	85.0	93.0	13.0	電気代と半導体不安が連結し、将来設計が短期化
54	KOR	韓国	South Korea	東アジア	圧力上昇	電力負担と安保の同時最適化	対米協議で半導体連携維持、燃料調達分散	電力網・再エネ負担を抑えつつ雇用を守る	家計支援と投資費用で財政が先細りしやすい	64.0	63.0	79.0	66.0	88.0	72.0	92.0	16.0	電気代・就活不安が増幅し、将来設計が短期化しやすい
54	PRK	北朝鮮	North Korea	東アジア	間接衝突	示威で制裁緩和を探る	発射示威と対話窓口の両面運用	包囲下でも抑止で祖国を守る	食料外貨難で長期緊張は負担	93.0	66.0	84.0	86.0	92.0	82.0	96.0	9.0	電力費負担の不満に安保不安が重なり、将来像が縮む
54	RUS	ロシア	Russia	ユーラシア	間接衝突	資源収入で戦費と統治維持	供給調整と制裁迂回で価格影響を拡大	外圧下でも雇用と物価を守ると強調	戦費優先で投資不足、統制疲れが残る	83.0	89.0	76.0	92.0	86.0	81.0	91.0	16.0	電力・データセンター費が物価に波及し、将来像が短期化する
54	UKR	ウクライナ	Ukraine	欧州	限定戦争	支援前倒しで持久維持	EU・日米へ復興/電力網資金と防空支援要請	電力・生活を守りつつ前線を維持する	投資負担と動員疲れで統治が脆い	86.0	63.0	80.0	72.0	88.0	74.0	85.0	16.0	エネ高と増税観測が就職・進学の迷いを増やす
54	IRN	イラン	Iran	中東	境界的圧力	停戦維持し圧力で交渉	航路で示威、制裁回避の迂回取引拡大	外圧下でも生活は守る、秩序優先	財政逼迫と不満で強硬も妥協も危うい	68.0	86.0	79.0	83.0	90.0	80.0	93.0	12.0	電力・燃料負担の連想が強まり、将来設計がさらに萎縮
54	ISR	イスラエル	Israel	中東	間接衝突	停戦維持と抑止の両立	米欧と対空・サイバー連携、輸出管理を強化	安全と生活費対策を同時に進める	動員疲れと分断、財政が投資負担で硬直	76.0	70.0	88.0	86.0	90.0	82.0	92.0	12.0	電気代・増税観測が不安を増幅し、将来設計が萎む
54	SAU	サウジアラビア	Saudi Arabia	中東	圧力上昇	価格帯維持で体制安定	OPEC+で供給微調整、対米で海上警戒	収益を守りつつ物価と雇用の安定を図る	増産は価格下落と治安費増で打ちにくい	63.0	68.0	71.0	57.0	83.0	66.0	89.0	12.0	電力・燃料高が固定費化し、将来設計より節約が先行
54	EU	欧州連合	European Union	欧州	圧力上昇	規制と景気を同時維持	対日で電力網・DC投資の共同枠組み提案	家計負担を抑えつつ移行投資は継続	加盟国差と財源で合意が遅れがち	60.0	63.0	74.0	68.0	84.0	66.0	83.0	22.0	電力・物価の不安が将来観を曇らすが共同投資は希望も残す
55	USA	アメリカ	United States	北米	圧力上昇	同盟負担とAI覇権を調整	対日へ防衛・計算資源・人材循環の協力強化を要請	雇用移行を支えつつ抑止と産業競争力を守る	物価と電力/データ投資が政治負担、対中競争は緩めにくい	78.0	70.0	82.0	94.0	86.0	80.0	88.0	16.0	学び直し・職接続の圧が増え不安は続くが、移行ルートが見えれば焦燥は一部低下
55	CHN	中国	China	東アジア	境界的圧力	選別圧力を継続	材料・部材の許認可を揺らし牽制	外圧に主権で対処し雇用を守る	景気悪化と失業増は回避したい	84.0	69.0	88.0	95.0	87.0	88.0	91.0	16.0	接続再設計は安心材料だが、計算資源不安で慎重化
55	JPN	日本	Japan	東アジア	圧力上昇	財政制約下で両立模索	燃料調達を分散し同盟と投資協調	移行期の雇用と生活を支えつつ備える	防衛・物価・若者支援が予算枠で衝突	61.0	64.0	78.0	69.0	94.0	76.0	90.0	12.0	進路の接続改善は救いだが、負担増観測で将来設計は硬直
55	TWN	台湾	Taiwan	東アジア	境界的圧力	供給信頼維持と抑止継続	日米欧と供給枠堅持、迂回輸送も準備	警戒は継続、電力安定と雇用を優先	電力・防衛・産業支援が同時に重い	84.0	76.0	86.0	85.0	90.0	83.0	91.0	15.0	半導体不安が進路選択を保守化、短期志向が強まる
55	KOR	韓国	South Korea	東アジア	圧力上昇	人材接続で競争力維持	対米で半導体協調、職業訓練連携を拡大	雇用と安保を同時に守る転換期だ	若者対策と国防負担で財政が詰まる	61.0	57.0	72.0	63.0	86.0	69.0	89.0	18.0	就活が流動化し焦り増。技能移行に希望も出るが格差不安が残る
55	PRK	北朝鮮	North Korea	東アジア	間接衝突	示威継続で交渉余地を作る	短距離発射示威と対話窓口の温存	抑止力で体制と生活を守る	外貨・食料難で長期緊張は重荷	90.0	63.0	78.0	84.0	89.0	79.0	94.0	12.0	就労接続の改善期待に、安保不安が上書きし将来像が揺れる
55	RUS	ロシア	Russia	ユーラシア	間接衝突	制裁迂回と供給カード保持	原油・LNG供給を小刻みに調整し価格維持	戦時経済を回し雇用を守ると強調	戦費と技術不足で成長鈍化、統制疲れ	82.0	87.0	74.0	90.0	85.0	80.0	90.0	17.0	電力・計算資源高で進路設計が短期化し不安が増す
55	UKR	ウクライナ	Ukraine	欧州	限定戦争	支援固定化で持久を優先	EU・日米へ復興資金と防空・電力網支援を追加要請	前線維持と生活基盤の再建を同時に進める	動員疲れと財政難で統治の余力が細い	84.0	61.0	78.0	70.0	86.0	72.0	83.0	18.0	支援負担とエネ高観測が続き、若者の進路選択が慎重化する
55	IRN	イラン	Iran	中東	境界的圧力	停戦維持し制裁回避優先	航路で示威を抑えつつ迂回取引を拡大	停戦を守り生活を支える、秩序は維持	不満と財政難で強硬も譲歩も選び難い	66.0	84.0	76.0	82.0	88.0	78.0	91.0	14.0	燃料高と不安が就業選択を萎縮、接続再設計にも影
55	ISR	イスラエル	Israel	中東	間接衝突	停戦下で抑止と技術優位維持	米欧と防空・サイバー協調、輸出管理継続	再燃に備えつつ生活費支援を優先配分	動員疲れと分断、財政で若者支援が圧迫	74.0	66.0	81.0	84.0	86.0	79.0	88.0	16.0	就職接続再設計の芽はあるが、物価・計算資源不安で将来像が曇る
55	SAU	サウジアラビア	Saudi Arabia	中東	圧力上昇	価格安定と海上警戒	OPEC+で供給微調整、航路警戒を強化	収益と安定を守り改革資金を確保する	増産は価格崩れと治安費増で慎重	64.0	70.0	69.0	58.0	81.0	65.0	87.0	14.0	燃料高が家計と学費感覚を圧迫し、将来より目先優先が強まる
55	EU	欧州連合	European Union	欧州	圧力上昇	規制と成長を両立	対日で人材接続・DC投資の連携枠組み	競争力と公正を守り雇用移行を支える	加盟国差と選挙周期で合意が遅い	58.0	60.0	72.0	66.0	82.0	64.0	80.0	24.0	移行不安は強いが、学び直し接続の実装が見えれば希望は踏みとどまる
56	USA	アメリカ	United States	北米	圧力上昇	同盟負担とAI覇権を優先	対日へ防衛増・計算資源枠・供給網整列を要求	AI競争の果実は国内へ、抑止も維持する	AI税協調停滞で財源難、負担転嫁が必要	80.0	72.0	84.0	95.0	88.0	82.0	90.0	14.0	負担増と雇用移行の圧で将来不安が増幅、選別感が強まる
56	CHN	中国	China	東アジア	境界的圧力	選別圧力を維持	輸出許認可と検査強化で揺さぶり	外圧下でも雇用と安定を守る	成長鈍化で強硬策は長期化できない	86.0	66.0	90.0	94.0	89.0	87.0	92.0	14.0	制度停滞で先行き不透明感が増え、進学・就職が保守化
56	JPN	日本	Japan	東アジア	圧力上昇	財源難で配分再設計	税制協調停滞を前提に投資・雇用策を前倒し	財源制約下でも生活と人材投資を優先する	恒久財源が乏しく給付・防衛・若者策が衝突	63.0	62.0	80.0	71.0	96.0	77.0	92.0	10.0	将来の負担増観測が強まり、挑戦より保守化が進む
56	TWN	台湾	Taiwan	東アジア	境界的圧力	供給信頼と抑止を優先	日米欧と対中抑止連携、供給枠堅持	警戒継続、電力安定と雇用を守る	税制停滞で財源細り、防衛と支援が競合	86.0	78.0	87.0	86.0	92.0	85.0	92.0	14.0	税制停滞で支援期待が薄れ、不安が進路を保守化
56	KOR	韓国	South Korea	東アジア	圧力上昇	半導体優先で同盟維持	対米で輸出管理整合、投資優遇で供給囲い込み	雇用と安保の両立へ産業転換を急ぐ	AI税協調停滞で財源不足、分配が割れる	64.0	58.0	75.0	66.0	88.0	71.0	90.0	16.0	雇用競争と物価不安が長期化し、将来設計が縮む一方、技能移行に活路も見える
56	PRK	北朝鮮	North Korea	東アジア	間接衝突	示威維持で譲歩引き出す	短距離発射を抑制的に実施し対話窓口維持	外圧下でも抑止と統制で生活を守る	外貨・食料難で緊張長期化は限界	88.0	60.0	76.0	82.0	86.0	77.0	92.0	14.0	安保不安が継続し、将来設計が短期化しやすい
56	RUS	ロシア	Russia	ユーラシア	間接衝突	制裁迂回と資源カード維持	原油・LNGを迂回供給し価格と交渉力確保	外圧下でも雇用と物価を守ると強調	戦費負担と技術欠乏、統制疲れが蓄積	84.0	88.0	76.0	91.0	86.0	81.0	92.0	15.0	物価と先行き不安が続き、進路決定が短期化しやすい
56	UKR	ウクライナ	Ukraine	欧州	限定戦争	復興より戦線維持を優先	EU・日米へ長期財政枠と防空追加を要請	持久戦でも生活線は守ると強調	財源不足と動員疲れで統治が脆い	86.0	63.0	79.0	72.0	89.0	73.0	84.0	16.0	支援負担と不況観測が重なり、若者の将来像が縮む
56	IRN	イラン	Iran	中東	境界的圧力	停戦維持し交渉余地確保	航路示威を抑えつつ制裁回避の迂回取引	停戦を守り生活物資を確保、秩序維持	財政難と不満で強硬も譲歩も危うい	68.0	86.0	78.0	84.0	90.0	80.0	92.0	12.0	燃料高と先行き不信が強まり、進路選択が保守化
56	ISR	イスラエル	Israel	中東	間接衝突	停戦維持で抑止と技術確保	米欧と防空・サイバー連携強化、輸出管理継続	停戦は継続、警戒と成長投資を両立する	動員疲れと分断、財源不足で若者支援が細る	72.0	64.0	79.0	86.0	88.0	77.0	87.0	15.0	半導体・計算資源の逼迫と物価不安で進路像が縮む
56	SAU	サウジアラビア	Saudi Arabia	中東	圧力上昇	高値維持で改革資金確保	OPEC+供給を慎重管理、航路警戒継続	価格安定で雇用と改革を守る	増産は値崩れと治安費増が怖い	63.0	74.0	71.0	58.0	83.0	66.0	86.0	13.0	燃料高と財政難が続き、若者は将来より生活防衛が強まる
56	EU	欧州連合	European Union	欧州	圧力上昇	規制維持と財源探し	対日で規制整合と人材・DC連携を継続	公正競争を守りつつ雇用移行を支える	国際税制停滞で財源不足、合意も遅い	60.0	58.0	74.0	68.0	86.0	65.0	82.0	22.0	税・再分配の限界が見え、将来不信と学び直し焦りが増す
57	USA	アメリカ	United States	北米	圧力上昇	同盟負担とAI覇権を継続	対日へ防衛増と計算資源枠の再提示	同盟で抑止し生活費圧力も抑える	財源と国内分断で同盟負担増が必要	78.0	70.0	82.0	94.0	86.0	80.0	86.0	18.0	移住実験は逃げ道になるが、負担増と選別感で不安は強い
57	CHN	中国	China	東アジア	境界的圧力	選別圧力を維持	通関検査と許認可で供給を揺さぶる	外圧下でも雇用と安定を守る	景気減速で強硬策の継続に限界	84.0	64.0	88.0	93.0	87.0	85.0	90.0	16.0	地域移住実験は希望材料だが、外圧で就職観は防衛的に
57	JPN	日本	Japan	東アジア	圧力上昇	移住実験で若者不安を緩和	同盟調整を続けつつ地方人材投資を優先	地域で仕事と生活を束ね将来不安を下げる	恒久財源不足で防衛・給付・若者策が衝突	62.0	60.0	76.0	70.0	94.0	74.0	88.0	14.0	移住の選択肢は増えるが、財源不安が将来観を曇らす
57	TWN	台湾	Taiwan	東アジア	境界的圧力	抑止と供給継続を最優先	日米欧と危機連絡強化、供給枠を維持	緊張は続くが雇用と電力を守る	財源が細く防衛と支援の両立が難しい	84.0	75.0	82.0	83.0	90.0	82.0	88.0	20.0	供給不安は残るが移住実験が緩衝材となり悲観が少し減る
57	KOR	韓国	South Korea	東アジア	圧力上昇	半導体覇権と対北抑止を両立	対米輸出管理を再調整し投資優遇で囲い込む	安保と雇用を守るため産業転換を加速する	防衛費と若者支援が競合し分配対立が残る	63.0	57.0	70.0	64.0	86.0	69.0	88.0	18.0	移住実験は希望の芽だが、雇用競争と物価不安が将来像を狭める
57	PRK	北朝鮮	North Korea	東アジア	境界的圧力	示威と対話窓口を併走	発射準備の誇示と限定的サイバー示威	敵対勢力に屈せず抑止力を強化する	外貨・食料難で緊張長期化は不利	90.0	62.0	74.0	83.0	87.0	78.0	93.0	16.0	安保不安が強まり、移住実験も「避難」に見えて将来像が縮む
57	RUS	ロシア	Russia	ユーラシア	間接衝突	制裁迂回と資源圧力を継続	原油・LNGの迂回輸出と価格調整で交渉力確保	長期戦でも雇用と歳入を守ると強調	戦費と統制疲れ、先端部材不足が重い	83.0	86.0	72.0	90.0	84.0	79.0	89.0	20.0	物価不安は続くが、移住実験が逃げ道となり悲観が一部緩む
57	UKR	ウクライナ	Ukraine	欧州	限定戦争	戦線維持と復興準備を併走	EU・日米に弾薬・防空と復興資金を要請	長期戦でも公共サービス維持を強調	動員疲れと財源不足で統治が細る	84.0	60.0	76.0	70.0	86.0	71.0	79.0	22.0	遠因の不況観測は残るが、移住実験が逃げ道となり将来不安の固定化を少し緩める
57	IRN	イラン	Iran	中東	境界的圧力	停戦維持と抑止誇示を併用	代理勢力統制を示しつつ制裁迂回を継続	外圧に屈せず生活防衛と秩序を守る	財政逼迫と不満で強硬一辺倒は危険	66.0	82.0	76.0	83.0	88.0	78.0	89.0	18.0	燃料高と不信が続くが、移住実験が一部の見通しを支える
57	ISR	イスラエル	Israel	中東	間接衝突	停戦監視と技術確保を優先	防空・サイバー連携を強化、輸出管理維持	停戦は維持しつつ抑止と経済を守る	動員疲れと分断、財源が若者策を圧迫	70.0	62.0	76.0	85.0	86.0	75.0	84.0	20.0	計算資源と物価不安が続くが、移住実験で不安が一部緩む
57	SAU	サウジアラビア	Saudi Arabia	中東	圧力上昇	高値維持と航路安定を優先	OPEC+増産は小幅、紅海航路警戒を継続	歳入確保で雇用と改革を守ると説明	急増産は値崩れと治安コスト増が怖い	64.0	72.0	68.0	57.0	81.0	63.0	82.0	20.0	燃料高で生活防衛は強いが、移住実験が逃げ道感を少し作る
57	EU	欧州連合	European Union	欧州	圧力上昇	規制堅持と景気下支え	対日で規制整合と人材・DC連携を条件化	公正競争と雇用移行を守り投資を促す	合意形成が遅く財源も分断しがち	61.0	57.0	70.0	66.0	85.0	63.0	78.0	28.0	移住実験は小さな希望だが外圧で不安が戻りやすい
58	USA	アメリカ	United States	北米	圧力上昇	同盟再分担とAI覇権堅持	対日へ防衛増・基地運用協力を再要請	抑止維持とAI主導で雇用と物価を守る	財政と分断で長期警戒のコスト増	80.0	72.0	84.0	95.0	88.0	82.0	87.0	16.0	長期警戒で将来像が縮み、選別不安と移動志向が強まる
58	CHN	中国	China	東アジア	境界的圧力	選別圧力を微調整	通関・許認可を調整し圧力と対話を併用	長期警戒でも安定と雇用を優先する	景気鈍化で強硬継続はコスト増	82.0	63.0	86.0	92.0	85.0	84.0	89.0	17.0	警戒の常態化で挑戦より安定志向が強まり将来不安が粘る
58	JPN	日本	Japan	東アジア	圧力上昇	警戒常態で内政優先	同盟連携を維持し抑止と備蓄を強化	危機は全面化せずも備えを平時化する	恒久財源なく防衛・物価・若者策が競合	66.0	63.0	74.0	68.0	95.0	76.0	90.0	12.0	警戒の常態化で将来像が縮み、挑戦より防衛的選択が増える
58	TWN	台湾	Taiwan	東アジア	境界的圧力	抑止維持と社会摩耗の抑制	日米欧と常設危機連絡、供給継続枠を再確認	警戒は長期化、雇用と電力を優先して守る	慢性的警戒で世論が疲弊、財政も先細り	83.0	73.0	80.0	82.0	88.0	81.0	90.0	18.0	長期警戒が将来不安を固定化、挑戦意欲が鈍りがち
58	KOR	韓国	South Korea	東アジア	圧力上昇	警戒常態化で同盟軸の産業防衛	対北監視を強化し輸出管理と投資誘致を調整	長期警戒下でも雇用と物価を守る枠組みを維持	若者対策と防衛負担の両立に限界、分配摩擦	64.0	58.0	72.0	66.0	88.0	71.0	90.0	17.0	警戒疲れと雇用競争が将来像を縮め、SNS不安が長引く
58	PRK	北朝鮮	North Korea	東アジア	境界的圧力	示威を継続し主導権確保	短距離発射で警戒を固定化、対話窓口は残す	包囲に対抗し抑止力で体制を守る	外貨不足で全面緊張の長期化は損	92.0	64.0	76.0	85.0	88.0	79.0	94.0	15.0	警戒が常態化し、将来設計が防衛・不況前提に寄って萎む
58	RUS	ロシア	Russia	ユーラシア	間接衝突	資源と制裁迂回を固定化	原油・LNGの迂回輸出を継続し対日圧力維持	外圧下でも雇用と歳入を守ると訴求	戦費負担と統制疲れ、先端部材不足	82.0	84.0	73.0	89.0	83.0	78.0	88.0	22.0	警戒常態化で将来不安が慢性化、挑戦意欲が鈍りやすい
58	UKR	ウクライナ	Ukraine	欧州	限定戦争	戦線維持と支援確保を最優先	欧米日へ防空・弾薬と復興資金を再要請	警戒は常態化、生活と統治を守る	動員疲れと財政難で統治余力が削れる	82.0	62.0	78.0	71.0	87.0	73.0	81.0	20.0	遠い戦争が常時不安化。物価と求人観測が重なり未来感が曇る
58	IRN	イラン	Iran	中東	境界的圧力	停戦維持で圧力を管理	代理勢力の行動抑制を演出し制裁迂回継続	警戒は続くが生活を守り外圧に屈しない	財政難と不満で過度な挑発は体制リスク	64.0	79.0	72.0	82.0	86.0	76.0	87.0	19.0	燃料高と常時警戒が続き将来像が描きにくいが急崩れは回避
58	ISR	イスラエル	Israel	中東	間接衝突	抑止維持と技術統制	防空・サイバー協力継続、輸出管理を厳格化	長期警戒でも抑止と経済を同時に守る	動員疲労と分断、財政が限界に近い	72.0	60.0	78.0	86.0	88.0	76.0	85.0	18.0	常時警戒が不安を固定化。計算資源・物価と雇用不確実性で将来像が霞む
58	SAU	サウジアラビア	Saudi Arabia	中東	圧力上昇	高値を保ち安定を演出	OPEC+微調整、紅海・湾岸警戒を維持	歳入で雇用と改革、治安も守ると説明	増産は価格崩れ、緊張は護衛費が重い	63.0	74.0	69.0	57.0	83.0	64.0	83.0	19.0	物価高の長期化が将来不安を固定化、挑戦意欲が萎む
58	EU	欧州連合	European Union	欧州	圧力上昇	規制整合と景気下支え	対日でAI規制整合と供給網共同監視を要請	安全と雇用移行を守り投資を維持する	加盟国の合意遅れで機動性が落ちる	63.0	58.0	72.0	67.0	86.0	64.0	79.0	27.0	慢性的な外圧で将来像が揺れ、挑戦意欲が上がりにくい
59	USA	アメリカ	United States	北米	圧力上昇	同盟再分担と技術囲い込み	対日へ防衛負担増と計算資源連携を要求	同盟強化で抑止と産業競争力を守る	分断と物価不満で対外負担の余裕が限界	78.0	68.0	78.0	96.0	84.0	79.0	80.0	22.0	支援制度の兆しは救いだが、負担増とAI選別不安が残る
59	CHN	中国	China	東アジア	境界的圧力	選別圧力を維持	通関・重要物資で選別運用、対話窓口も残す	外圧に備えつつ雇用と安定を守る	景気鈍化で強硬一本は負担、制裁応酬も回避	79.0	61.0	84.0	91.0	83.0	82.0	86.0	22.0	圧力は続くが、社会維持の報酬化が不安の波を少し抑える
59	JPN	日本	Japan	東アジア	圧力上昇	配分最適化で不安抑制	同盟連携維持し調達分散と備蓄更新	生活維持と備えを同時に進める	恒久財源不足で若者策と防衛が競合	64.0	60.0	69.0	66.0	92.0	74.0	84.0	18.0	報酬化試行は安心材料だが、財政逼迫で将来不安は強い
59	TWN	台湾	Taiwan	東アジア	境界的圧力	抑止維持と供給継続の両立	日米欧と危機連絡を常設化、供給継続枠を更新	警戒は続くが雇用と電力、生活を優先して守る	長期警戒で世論疲弊、若者支援と防衛費が競合	85.0	71.0	78.0	80.0	86.0	82.0	88.0	20.0	警戒長期化が不安を固定化。ただ制度試行が小さな希望も残す
59	KOR	韓国	South Korea	東アジア	圧力上昇	半導体防衛と雇用安定優先	対北監視を継続、輸出管理を微調整し協業提案	産業と雇用を守り、生活支援と訓練投資を強化	若者雇用対策と防衛負担で財政が詰まる	63.0	57.0	68.0	64.0	84.0	69.0	82.0	22.0	雇用競争と半導体不安が残り、将来像は縮むが制度試行が緩和要因
59	PRK	北朝鮮	North Korea	東アジア	間接衝突	示威と交渉余地を併用	発射示威とサイバーで圧力、対話窓口維持	包囲に屈せず抑止で体制と生活を守る	外貨・食料難で緊張の長期固定は痛い	90.0	61.0	74.0	84.0	86.0	77.0	92.0	18.0	不安は高止まり。制度試行があっても将来像が揺れる
59	RUS	ロシア	Russia	ユーラシア	間接衝突	資源梃子で制裁疲れを誘発	迂回輸出維持と軍事誇示で対日牽制	制裁下でも秩序と歳入を確保と強調	戦費と統制疲れ、先端部材不足が重い	84.0	81.0	71.0	87.0	79.0	74.0	86.0	27.0	物価と警戒の常態化で不安が残るが、地域の報酬化試行は僅かに支えになる
59	UKR	ウクライナ	Ukraine	欧州	限定戦争	戦線維持と復興資金確保	欧米日へ防空・弾薬と復興財源を再要請	長期戦下でも生活維持策を優先配分	動員疲れと財政難で統治余力が限界	84.0	60.0	76.0	69.0	88.0	72.0	79.0	24.0	遠い戦争は続くが社会維持の制度化報道で不安が一部緩む
59	IRN	イラン	Iran	中東	境界的圧力	停戦を維持し優位を確保	代理勢力の抑制を示し海上安全を取引材料化	外圧に備えつつ生活防衛を優先する	不満と財政難で戦線拡大は体制リスク	63.0	77.0	70.0	83.0	85.0	75.0	86.0	21.0	燃料高と不安は続くが、維持活動の報酬化が希望の下支えに
59	ISR	イスラエル	Israel	中東	間接衝突	抑止維持と技術囲い込み	地域警戒継続、サイバー協力強化と輸出管理	長期戦でも治安と成長を同時に守る	動員疲労と分断、歳出拡大に限界	70.0	58.0	76.0	84.0	86.0	74.0	83.0	20.0	警戒常態化で不安が残るが、報酬化試行が将来像を僅かに支える
59	SAU	サウジアラビア	Saudi Arabia	中東	圧力上昇	価格安定で体制優先	OPEC+で供給微調整、海上警戒を継続	改革資金を守り雇用と治安を維持	増産は歳入減、緊張は護衛費増で痛い	61.0	70.0	66.0	56.0	79.0	61.0	78.0	22.0	物価と将来不安は続くが、維持活動の報酬化が希望の拠点になる
59	EU	欧州連合	European Union	欧州	圧力上昇	規制整合と社会維持を優先	対日へAI監査相互承認と人材移行協力を要請	安全と雇用移行を両立し社会を守る	合意形成が遅く景気下押しに弱い	61.0	57.0	66.0	65.0	84.0	63.0	74.0	30.0	社会維持の報酬化が見え、若者の不安はやや減るが負担感は残る
60	USA	アメリカ	United States	北米	圧力上昇	同盟負担増とAI規制主導	対日へ防衛拠出増と対中規制整合要求	同盟強化で抑止と雇用基盤を守る	分断と物価で対外支出の正当化が難しい	80.0	66.0	76.0	94.0	83.0	78.0	79.0	21.0	負担増と選別感で将来不安が残り、挑戦意欲が揺れる
60	CHN	中国	China	東アジア	境界的圧力	選別圧力と対話を併走	重要物資の選別運用を強化、対日窓口は維持	安定と雇用を守り外圧に備える	景気鈍化で強硬一本は難しい、失業不安が重い	81.0	62.0	86.0	92.0	84.0	83.0	87.0	20.0	先行き不透明が続き、進路選択が慎重化し不安が残る
60	JPN	日本	Japan	東アジア	圧力上昇	配分再設計で不安抑制	同盟調整し調達分散・備蓄と供給網点検	生活防衛と備えを両立、若者機会を守る	恒久財源乏しく若者策と防衛が常時競合	63.0	58.0	66.0	64.0	93.0	72.0	83.0	16.0	支援の見通しは安心材料だが、財源不安で将来観は重い
60	TWN	台湾	Taiwan	東アジア	境界的圧力	抑止と供給継続を優先	日米欧と危機連絡を増便、供給保証枠を再確認	警戒は続くが雇用と電力、生活の連続性を守る	長期警戒で世論疲弊。若者支援と防衛負担が競合	86.0	69.0	77.0	78.0	85.0	83.0	89.0	22.0	長期警戒が不安を常態化。半導体不確実性が将来設計を曇らせる
60	KOR	韓国	South Korea	東アジア	圧力上昇	半導体と雇用の同時防衛	対北監視継続、対日協業枠を提案	雇用と安保を守るため再訓練を拡充	財政と世論の両面で強策が打ちにくい	61.0	56.0	66.0	60.0	82.0	67.0	79.0	24.0	雇用競争と半導体不安が継続、希望は揺れるが協業観測が緩和
60	PRK	北朝鮮	North Korea	東アジア	境界的圧力	示威継続、対話は残す	短距離発射示威と電子戦、接触窓口維持	包囲下でも抑止を維持し生活は守る	外貨・食料難で長期緊張は負担	92.0	64.0	76.0	86.0	88.0	79.0	93.0	16.0	安全保障不安が常態化し、進路選択が保守化しやすい
60	RUS	ロシア	Russia	ユーラシア	間接衝突	資源梃子で対日牽制継続	迂回輸出と価格操作示唆、海空で示威	長期戦でも国家と歳入を守ると強調	戦費負担と統制疲れ、先端部材不足	86.0	83.0	73.0	88.0	80.0	76.0	87.0	26.0	物価高と警戒が常態化し将来像が縮むが、適応の手応えが出る層も少数
60	UKR	ウクライナ	Ukraine	欧州	限定戦争	防空優先で持久戦管理	欧米日へ防空・弾薬と復興枠を再要請	厳しいが都市防空と生活支援を維持	動員疲れと財政難で統治余力が薄い	83.0	58.0	74.0	67.0	87.0	71.0	78.0	25.0	長期化が常態化し希望が鈍る一方、支援の可視化で悲観が固定化しにくい
60	IRN	イラン	Iran	中東	境界的圧力	停戦維持で主導権確保	海上安全の担保を交渉材料に制裁緩和を探る	対外圧力に備え生活防衛と治安を優先する	不満と財政難で再燃は体制の負担増	61.0	74.0	68.0	82.0	84.0	73.0	85.0	22.0	燃料高と不安は残るが再燃回避が希望の底割れを防ぐ
60	ISR	イスラエル	Israel	中東	間接衝突	抑止維持と技術確保	地域警戒継続、輸出管理とサイバー連携強化	安全最優先で生活も守る、長期化に備える	動員疲労と分断、財政と同盟配慮が制約	72.0	60.0	78.0	86.0	88.0	76.0	84.0	18.0	不確実性が常態化し将来設計が萎む一方、技術分野の選別機会は残る
60	SAU	サウジアラビア	Saudi Arabia	中東	圧力上昇	価格安定で体制と改革維持	OPEC+で供給微調整、紅海航路警戒と対話継続	歳入と治安を確保し雇用と改革投資を守る	増産は歳入減、緊張は護衛費増で相殺	63.0	69.0	65.0	56.0	78.0	60.0	77.0	23.0	物価高が希望を削るが、急騰回避なら不安の固定化は鈍る
60	EU	欧州連合	European Union	欧州	圧力上昇	規制整合と景気下支え	対日にAI監査相互承認と通商安保協議	安全と競争力を両立し雇用移行を支える	加盟国合意が遅く財政負担に敏感	63.0	56.0	64.0	66.0	82.0	62.0	72.0	31.0	制度の将来像は見えるが、移行負担で若者の不安は残る
61	USA	アメリカ	United States	北米	圧力上昇	同盟負担増とAI覇権維持	対日へ防衛・対中規制整合と供給網強靭化を要求	同盟と産業防衛で雇用と安全を守る	分断と物価で対外要求の反発が増えやすい	82.0	64.0	78.0	93.0	85.0	80.0	81.0	19.0	負担増と就職不透明が重なり、挑戦より安全志向が強まる
61	CHN	中国	China	東アジア	境界的圧力	統制下で雇用再設計を優先	対日輸出管理を選別運用、対話窓口は維持	雇用と秩序を守り制度を再編する	景気減速で強硬一辺倒は逆効果	79.0	60.0	84.0	93.0	82.0	81.0	85.0	22.0	半導体・雇用不安が重なり、将来設計が慎重化する
61	JPN	日本	Japan	東アジア	圧力上昇	雇用再設計を急ぎ不安抑制	同盟協議で調達分散・供給網を再点検	学び直しと移行支援で生活を守る	恒久財源弱く再訓練と防衛が競合	64.0	57.0	72.0	63.0	94.0	74.0	86.0	15.0	移行期の不安が強まり将来観は曇るが、制度接続が見えれば回復余地
61	TWN	台湾	Taiwan	東アジア	境界的圧力	抑止維持と供給安定	日米欧と危機連絡常設化、供給枠を前倒し確認	警戒を続けつつ雇用再設計と生活安定を同時に進める	長期緊張で世論疲弊。若者雇用支援と防衛が綱引き	88.0	71.0	80.0	81.0	86.0	85.0	90.0	20.0	緊張の常態化で将来設計が萎縮。就職と技術供給不安が増す
61	KOR	韓国	South Korea	東アジア	圧力上昇	半導体連携と対北抑止	対北監視を強化し、対日で供給網協調を探る	雇用再設計と安保強化を同時に進める	世論分断と選挙周期で痛みを伴う改革が難しい	64.0	57.0	63.0	58.0	84.0	65.0	78.0	23.0	雇用不安と半導体競争が長期化、協業の兆しが希望を小幅に支える
61	PRK	北朝鮮	North Korea	東アジア	境界的圧力	示威で抑止、交渉窓口維持	短距離示威と偵察妨害、対話窓口は残す	包囲下でも抑止を維持し生活を守る	外貨・食料難で長期緊張は重い	88.0	60.0	74.0	82.0	86.0	76.0	92.0	18.0	不安が常態化し、学業・就職の選択が守りに寄る
61	RUS	ロシア	Russia	ユーラシア	間接衝突	資源と示威で対日牽制	迂回輸出維持、極東で海空示威継続	制裁下でも戦費と生活を守る	戦費負担と統制疲れ、先端部材不足	84.0	79.0	71.0	86.0	78.0	74.0	85.0	28.0	物価と安全不安が続き進路選択が保守化、再訓練層は適応感も
61	UKR	ウクライナ	Ukraine	欧州	限定戦争	防空維持と制度再編の両立	欧米日へ防空・弾薬と復興/雇用再設計支援要請	防空と生活維持を優先し制度改革を進める	動員疲れと財政難で改革の実行力が不足	84.0	60.0	76.0	69.0	88.0	72.0	79.0	24.0	戦争長期化×雇用再編が重なり将来像が霞むが、復興・教育連携の可視化で悲観は一部緩む
61	IRN	イラン	Iran	中東	境界的圧力	停戦下で対外圧力を分散	航路リスク示唆で制裁緩和を探る	生活防衛と治安維持を最優先する	不満高止まりで再燃は体制コスト増	63.0	76.0	70.0	81.0	85.0	74.0	83.0	21.0	燃料高とSNS不安が進路感を曇らせ、制度再編期の焦燥を増やす
61	ISR	イスラエル	Israel	中東	間接衝突	抑止継続と同盟調整	停戦監視を強化、サイバー抑止と輸出管理を継続	治安と経済の両立を優先、長期化に備える	動員疲労と政治分断、同盟配慮が行動制約	74.0	63.0	76.0	84.0	86.0	78.0	82.0	20.0	不確実性が固定化し将来像が描きにくい。理工系は選別強化
61	SAU	サウジアラビア	Saudi Arabia	中東	圧力上昇	価格安定で体制と改革維持	OPEC+で供給微調整、紅海警戒と停戦監視	歳入と治安を守り改革投資と雇用を継続	増産は歳入減、緊張は護衛費増で相殺	61.0	63.0	66.0	55.0	76.0	58.0	74.0	24.0	物価と雇用不安が未来感を削るが急騰回避なら悲観固定は鈍る
61	EU	欧州連合	European Union	欧州	圧力上昇	規制整合と雇用再設計を優先	対日でAI監査互認を拡大し通商安保を連動	競争力と安全を両立し移行期の保護を厚くする	加盟国合意が遅く財政と産業保護が衝突	61.0	54.0	67.0	64.0	81.0	60.0	71.0	35.0	制度の方向性は見えるが再訓練競争で将来不安が増えやすい
62	USA	アメリカ	United States	北米	圧力上昇	同盟結束でAI覇権維持	対日へ防衛負担増と対中規制整合を要求	供給網と雇用を守るため同盟を強化	分断と物価、選挙で対外圧力が先鋭化	84.0	66.0	80.0	94.0	86.0	82.0	83.0	18.0	地域格差固定化と負担増で、若者の将来像が萎み内向き化
62	CHN	中国	China	東アジア	境界的圧力	統制と成長で不満抑制	対日重要部材は選別供給、輸出管理は可変運用	地域差是正と雇用確保で秩序を守る	景気鈍化と地域格差で強硬策は火種	80.0	62.0	86.0	92.0	83.0	82.0	86.0	21.0	地域格差の固定化観測が重なり、進学・就職の慎重化が進む
62	JPN	日本	Japan	東アジア	圧力上昇	地域格差是正を最優先	同盟と供給網連携で投資を地方へ誘導	都市偏重を改め移行支援を全国で拡充	財源と人材が不足し成果が遅い	63.0	56.0	78.0	64.0	96.0	76.0	90.0	12.0	住む地域で未来が決まる感覚が強まり不安と諦めが増えるが、移動と学び直しが見えれば緩和
62	TWN	台湾	Taiwan	東アジア	境界的圧力	抑止維持と産業継続	日米欧と供給確約枠を拡大、危機連絡を強化	緊張は続くが雇用と生活防衛を優先し守る	若者支援と防衛の予算配分が限界に近い	86.0	69.0	77.0	79.0	84.0	83.0	88.0	22.0	緊張常態化で将来設計が硬化。就職と技術供給不安が残る
62	KOR	韓国	South Korea	東アジア	圧力上昇	半導体連携を条件に対日協調	対北監視を維持しつつ対日で供給網枠組みを提案	地域格差に手当てし雇用と安保を同時に守る	選挙周期と世論分断で再分配と改革が進みにくい	66.0	58.0	67.0	60.0	86.0	68.0	80.0	20.0	地域格差の固定化が将来観を削り、雇用不安がSNSで増幅
62	PRK	北朝鮮	North Korea	東アジア	間接衝突	示威で抑止、譲歩は最小	短距離発射示威とサイバー攪乱、対話窓口は残す	包囲下でも抑止を強化し生活を守る	外貨・食料不足で長期緊張は重い	90.0	62.0	76.0	83.0	88.0	78.0	93.0	16.0	安全保障不安が地域格差不安と重なり将来像が縮む
62	RUS	ロシア	Russia	ユーラシア	間接衝突	資源輸出と示威で対日牽制	極東で海空活動継続、資源輸出は迂回で維持	制裁下でも戦費と生活を支え国益を守る	統制疲れと戦費負担、先端部材の不足が続く	85.0	77.0	69.0	84.0	76.0	72.0	86.0	29.0	地域格差の不安に物価・安全が重なり、若者は移動と挑戦を控えがち
62	UKR	ウクライナ	Ukraine	欧州	限定戦争	防空と復興の優先配分	欧米日へ防空・資金と人材育成枠を要請	地域格差を抑え雇用と生活を守る	動員疲れと財政難で地域支援が薄い	83.0	58.0	78.0	70.0	89.0	73.0	80.0	23.0	長期不確実性が将来設計を曇らせるが、復興協業が見えれば悲観は一部緩む
62	IRN	イラン	Iran	中東	境界的圧力	停戦維持で対外圧力を調整	海上輸送リスクを示し制裁緩和交渉を探る	治安と生活防衛を優先し混乱を抑える	不満高止まりで強硬化は体制コスト増	65.0	78.0	72.0	83.0	86.0	76.0	84.0	20.0	燃料高と不確実性が地方の将来像を曇らせ、若者の移動・定着不安を増幅
62	ISR	イスラエル	Israel	中東	間接衝突	抑止維持と技術防護	停戦監視を維持、サイバー反撃と輸出管理強化	安全確保と経済維持を同時に進める	動員疲労と政治分断、同盟配慮で選択肢が狭い	76.0	66.0	78.0	86.0	84.0	80.0	83.0	19.0	格差固定化で地方の将来像が薄れ不安増。先端職は競争激化
62	SAU	サウジアラビア	Saudi Arabia	中東	圧力上昇	価格安定で体制と改革維持	OPEC+で供給微調整、紅海警戒と停戦監視	歳入と治安を守り改革投資と雇用を継続	増産は歳入減、緊張は護衛費増で相殺	63.0	62.0	67.0	56.0	77.0	59.0	75.0	23.0	物価高と地域格差不安が将来感を鈍らせるが急騰回避なら悲観固定は緩む
62	EU	欧州連合	European Union	欧州	圧力上昇	格差是正と規制信頼を優先	対日でAI監査互認を絞り条件を明確化	格差を放置せず移行期の保護と再訓練を拡充	加盟国間の財政負担配分で合意が遅い	63.0	56.0	70.0	65.0	82.0	61.0	73.0	34.0	規制適応と再訓練競争で将来不安が強まりやすい
63	USA	アメリカ	United States	北米	境界的圧力	同盟負担増で規律統一	対日へ防衛増・対中規制整合と協定拡張	雇用と安全を守るため同盟の負担を平準化	分断と物価、選挙で対外強硬が戻りやすい	88.0	70.0	78.0	96.0	90.0	84.0	86.0	15.0	負担増と先端分断で将来設計が狭まり、慎重・内向きが強まる
63	CHN	中国	China	東アジア	境界的圧力	対外強硬と内需安定	対日先端材は許認可で調整、海空演習を増やす	外圧に備え供給網と雇用を守る	景気鈍化で長期摩擦は避けたい	83.0	66.0	88.0	94.0	85.0	84.0	89.0	19.0	半導体・雇用不安が進路選択を硬直化、SNSで悲観が増幅
63	JPN	日本	Japan	東アジア	境界的圧力	財政逼迫下で防衛と生活を折衷	同盟協議で供給網・防衛負担を分担	物価と雇用を守りつつ抑止力を強化	財源枯渇で若者支援が後回しになりやすい	66.0	60.0	74.0	69.0	97.0	78.0	92.0	10.0	将来設計が難しい感覚が増幅。学び直しも不安定化
63	TWN	台湾	Taiwan	東アジア	境界的圧力	抑止維持と供給確保	日米欧と半導体・AI規制の整合枠を強化	秩序再調整期でも雇用と安全を同時に守る	規制対応コストと防衛負担で余力が削れる	88.0	71.0	74.0	82.0	86.0	85.0	87.0	20.0	緊張と規制不確実性で将来設計が硬直、技術職志向が偏る
63	KOR	韓国	South Korea	東アジア	圧力上昇	半導体規律で対日協調を条件化	輸出管理連携を提案し対北抑止も強化	技術と雇用を守りつつ安保連携を進める	世論分断と選挙で負担増が通りにくい	68.0	57.0	70.0	63.0	84.0	71.0	81.0	22.0	半導体規律の不透明さが不安を増幅し、将来設計が短期化
63	PRK	北朝鮮	North Korea	東アジア	間接衝突	示威維持、対話は窓口止め	短距離発射示威と制裁回避、密輸強化	包囲下でも抑止を固め生活を守る	外貨・食料難で長期緊張は苦しい	88.0	64.0	74.0	82.0	86.0	77.0	92.0	15.0	安全保障不安が就職観測を冷やし将来像が細る
63	RUS	ロシア	Russia	ユーラシア	間接衝突	制裁耐久と示威で対日牽制	極東で海空示威継続、資源は迂回輸出維持	包囲下でも国益と生活を守り戦費を確保	戦費負担と統制疲れ、先端部材不足が痛い	86.0	78.0	71.0	86.0	77.0	73.0	87.0	27.0	安全不安と物価が重なり、挑戦より安定志向が強まる
63	UKR	ウクライナ	Ukraine	欧州	限定戦争	防空維持と復興投資の選別	欧米日へ防空・弾薬と復興資金の継続要請	戦時経済を維持し雇用と生活支援を優先	動員疲れと歳入不足で改革が進みにくい	84.0	57.0	76.0	72.0	90.0	74.0	81.0	22.0	長期不確実性で将来設計が鈍るが、復興協業が見えれば一部回復
63	IRN	イラン	Iran	中東	境界的圧力	停戦維持と制裁緩和探り	航路リスクを示しつつ仲介国経由で交渉	生活防衛を優先し対外圧力に耐える	不満高止まりで強硬化は体制負担増	68.0	82.0	74.0	85.0	88.0	78.0	86.0	18.0	燃料高と不確実性が進路選択を狭め、若者の将来不安がSNSで増幅
63	ISR	イスラエル	Israel	中東	間接衝突	抑止継続と技術囲い込み	停戦監視を継続、輸出管理と連携強化	安全と雇用を守り技術優位を確保	動員疲労と政治分断、同盟配慮が重い	74.0	63.0	76.0	88.0	82.0	78.0	81.0	21.0	先端職は競争激化、他職は不安定化。将来像が霞みSNS不安が増幅
63	SAU	サウジアラビア	Saudi Arabia	中東	圧力上昇	価格抑制で体制安定優先	OPEC+で供給維持、紅海護衛を強化	歳入確保と治安維持で改革投資を継続	増産は値崩れ、緊張は保険・護衛費増	66.0	64.0	69.0	58.0	79.0	61.0	77.0	22.0	物価・将来不安がじわり増幅。急騰回避なら悲観固定は一部緩む
63	EU	欧州連合	European Union	欧州	圧力上昇	規制主導で技術秩序を固める	対日でAI監査互認を厳格化し条件提示	安全と公正を守り産業転換を加速する	加盟国利害と景気で執行速度が鈍る	60.0	52.0	66.0	62.0	76.0	58.0	70.0	36.0	規制適応と雇用転換の圧で将来像が曇りやすい
64	USA	アメリカ	United States	北米	境界的圧力	同盟負担とAI規律を強要	対日へ防衛増・対中AI規制整合と供給枠協議	社会保障再設計でも覇権と雇用を守る	分断と物価で外圧を成果に見せたい	86.0	68.0	80.0	97.0	88.0	83.0	84.0	16.0	負担増と計算資源制約で将来像が細り、慎重・内向きが強まる
64	CHN	中国	China	東アジア	境界的圧力	管理された強硬で揺さぶる	対日先端材許認可を厳格化、周辺演習を継続	外圧に備え産業と雇用を守る	景気減速で全面対立は避けたい	85.0	64.0	90.0	95.0	86.0	85.0	91.0	17.0	負担見直し議論と外圧が重なり、将来設計が萎縮しやすい
64	JPN	日本	Japan	東アジア	境界的圧力	世代間再設計を先送りせず折衷	同盟と市場で燃料・重要鉱物の調達分散	負担の公平化と成長投資で制度を守る	財源硬直で給付削減も増税も政治コスト	64.0	58.0	76.0	67.0	98.0	77.0	93.0	8.0	将来負担の見通し不安が強まり、進学・就職の決断が遅れる
64	TWN	台湾	Taiwan	東アジア	境界的圧力	供給安定と抑止を優先	日米欧と供給継続協定、代替拠点も整備	不確実性に備え雇用と投資を守る	防衛負担と投資優遇で財政が硬い	86.0	68.0	70.0	78.0	83.0	82.0	84.0	22.0	世代負担議論と重なり将来不安増、進路が保守化
64	KOR	韓国	South Korea	東アジア	圧力上昇	半導体協調を梃子に条件提示	対日で輸出管理枠組みを提案、対北抑止も連携	雇用と安保を守るため技術規律を主導する	世代間負担見直しで財政余力が縮みやすい	69.0	60.0	74.0	66.0	86.0	73.0	83.0	20.0	負担論と技術規律が重なり、若者の将来像が縮む
64	PRK	北朝鮮	North Korea	東アジア	間接衝突	示威継続、交渉は小出し	短距離発射示威と制裁回避、迂回貿易	外圧に屈せず抑止で生活を守る	外貨・食料不足で長期緊張は限界	90.0	66.0	76.0	84.0	88.0	79.0	93.0	13.0	安全保障不安が強まり、負担見直し期に将来設計が萎む
64	RUS	ロシア	Russia	ユーラシア	間接衝突	極東示威と資源レバー維持	極東で海空活動継続、資源は迂回輸出強化	制裁下でも安全と雇用を守り戦費を確保	戦費負担と統制疲れ、先端部材不足が継続	88.0	81.0	73.0	87.0	79.0	75.0	90.0	25.0	負担見直し局面で不安煽りが刺さり、将来設計が萎む
64	UKR	ウクライナ	Ukraine	欧州	限定戦争	防空優先と支援維持要請	欧米日へ防空・弾薬と復興資金の再確約要請	支援の継続で防衛と生活を両立させる	支援国の世代負担論で資金が細る懸念	83.0	59.0	78.0	73.0	91.0	75.0	82.0	21.0	支援負担議論で将来不安が増すが復興枠が見えれば一部緩む
64	IRN	イラン	Iran	中東	境界的圧力	停戦維持で制裁緩和を狙う	航路脅威を匂わせつつ第三国仲介で交渉	生活防衛を優先し対外圧力に耐える	不満抑えに資金要るが制裁で余裕乏しい	70.0	84.0	72.0	86.0	90.0	79.0	87.0	16.0	燃料高と負担再設計不安が重なり、将来像が曇る
64	ISR	イスラエル	Israel	中東	間接衝突	抑止維持、資源と技術を優先	停戦監視継続、対空・サイバー強化と輸出管理	安全確保と生活防衛を同時に進める	動員疲労と政治分断、歳出配分が限界	76.0	66.0	79.0	90.0	85.0	80.0	83.0	19.0	将来不安が強まり進路が保守化。先端職は競争激化、生活負担増で離職不安も増幅
64	SAU	サウジアラビア	Saudi Arabia	中東	圧力上昇	供給調整で価格安定重視	OPEC+で柔軟減産、紅海航路の安全協調	歳入と治安を守り改革投資を継続	値崩れ回避と警備費増が同時に重い	64.0	61.0	67.0	57.0	81.0	60.0	78.0	21.0	生活費と負担議論が連動し、将来不安が拡散。急騰回避なら悲観は一部緩む
64	EU	欧州連合	European Union	欧州	圧力上昇	規制整合と景気下支え	対日でAI監査互認を条件付きで推進	公正と雇用を守り負担配分を見直す	世代負担と国別利害で合意が遅い	61.0	54.0	69.0	63.0	78.0	59.0	72.0	34.0	規制適応と雇用転換の圧が続き、将来像が曇りやすい
65	USA	アメリカ	United States	北米	境界的圧力	同盟負担とAI統制を強める	対日へ防衛増・AI規制整合と枠配分を迫る	雇用と覇権を守るため同盟を再設計	分断と物価で対外成果を急ぐ	84.0	66.0	82.0	96.0	90.0	81.0	85.0	14.0	負担増と将来選択肢の狭まりが諦念を増やす
65	CHN	中国	China	東アジア	境界的圧力	揺さぶり継続し分断を誘う	対日重要鉱物の輸出枠を調整、周辺演習は抑制的継続	外圧下でも雇用と産業を守るため秩序立てて対応	景気と失業懸念で長期対立は重荷、逸脱は管理したい	82.0	60.0	88.0	93.0	84.0	82.0	89.0	19.0	資源・計算制約の長期化観測で、若者の挑戦計画が縮みやすい
65	JPN	日本	Japan	東アジア	境界的圧力	負担配分を見直しつつ安定維持	同盟連携で燃料・鉱物・部材の分散調達	公平な負担と成長投資で制度を守る	財源硬直で給付も増税も反発が大きい	63.0	57.0	74.0	65.0	96.0	75.0	90.0	10.0	制度の持続性評価が可視化し、将来像の分断で不安が残る
65	TWN	台湾	Taiwan	東アジア	境界的圧力	抑止強化と供給継続	日米欧と危機連絡・供給優先枠を更新	雇用と投資を守り危機対応を強化	防衛負担と若年負担で分断が怖い	88.0	66.0	72.0	80.0	85.0	84.0	86.0	21.0	海峡不安が進路選択を保守化、挑戦意欲が鈍る
65	KOR	韓国	South Korea	東アジア	圧力上昇	協調維持で技術主権確保	対日で半導体・計算資源の相互監査提案	雇用と安保を守るため供給網規律を主導	若者対策と防衛負担が競合し政権が脆い	66.0	58.0	72.0	63.0	82.0	70.0	80.0	24.0	技術規律と負担論が可視化し、若者の将来像が縮みやすい
65	PRK	北朝鮮	North Korea	東アジア	間接衝突	示威維持、対話枠は残す	発射示威を散発化、制裁回避の迂回貿易	外圧下でも抑止を強め生活を守る	外貨・食料逼迫で長期緊張は高コスト	88.0	64.0	74.0	86.0	87.0	78.0	92.0	12.0	安全保障不安と負担感が続き、将来設計の萎縮が残る
65	RUS	ロシア	Russia	ユーラシア	間接衝突	極東示威と制裁迂回を継続	極東で海空活動増、資源迂回取引を拡大	長期戦下でも秩序と雇用を守る	戦費と統制疲労、部材不足が限界	90.0	84.0	74.0	88.0	81.0	77.0	91.0	23.0	将来の見通しが揺れ、挑戦より防衛的選択が増える
65	UKR	ウクライナ	Ukraine	欧州	限定戦争	防空優先で支援の再固定化	欧米日へ弾薬・防空と復興枠の長期確約要請	長期戦に備え生活維持と動員を両立する	支援国の疲労と財政論で継続性が不安	84.0	57.0	76.0	70.0	90.0	74.0	80.0	22.0	支援負担と物価懸念が重なり将来不安が増える
65	IRN	イラン	Iran	中東	境界的圧力	停戦維持で制裁緩和狙い	航路圧力を抑え仲介国経由で取引拡大	生活不安を抑えつつ国益を守る	財政逼迫と不満で強硬策に傾きやすい	66.0	78.0	69.0	84.0	88.0	76.0	82.0	18.0	燃料高と物価不安が残り、将来設計を先延ばししがち
65	ISR	イスラエル	Israel	中東	境界的圧力	抑止維持と技術囲い込み	停戦枠維持、サイバー反撃と輸出管理強化	安全最優先、生活は重点支援で守る	動員疲労と政治対立、財政配分が逼迫	72.0	63.0	74.0	92.0	81.0	78.0	79.0	21.0	計算資源不足が長期化し、挑戦より安定志向が強まる
65	SAU	サウジアラビア	Saudi Arabia	中東	圧力上昇	価格安定と体制安定を優先	OPEC+で小幅調整、紅海警備協調継続	歳入安定で改革と生活支援を守る	警備費と投資維持で値崩れは避けたい	63.0	58.0	66.0	56.0	79.0	61.0	76.0	23.0	光熱費と物価の先行き観が重なり、将来設計が縮む。急騰回避なら諦念は一部抑制
65	EU	欧州連合	European Union	欧州	圧力上昇	規制調整と産業防衛	対日でAI監査互認を厳格化し供給網を再編	公正競争と雇用を守り戦時耐性を高める	加盟国利害と若者不満で合意が遅い	63.0	57.0	71.0	66.0	79.0	61.0	73.0	33.0	規制適応と雇用転換圧が強まり将来設計が揺れる
66	USA	アメリカ	United States	北米	境界的圧力	同盟負担とAI覇権を再配分	対日へ防衛費・基地運用増とAI枠整合要求	雇用と覇権維持へ同盟を最適化する	分断と物価で短期成果が要る	83.0	68.0	80.0	95.0	92.0	82.0	84.0	16.0	負担増と役割不透明で将来設計が縮み、諦念と焦燥が強まる
66	CHN	中国	China	東アジア	境界的圧力	管理型揺さぶりを継続	重要鉱物枠を微調整、演習は強弱で信号	雇用と産業を守り外圧に秩序立てて対処	景気失速が怖く、過剰対立は避けたい	84.0	62.0	90.0	94.0	86.0	83.0	90.0	18.0	役割形成期に不確実性が重なり、挑戦回避と将来悲観が増えやすい
66	JPN	日本	Japan	東アジア	境界的圧力	配分再設計で制度防衛	同盟軸で燃料・鉱物・部材の分散確保	負担の公平と学び直しで将来不安を下げる	財源硬直で給付も負担増も政治コスト大	66.0	59.0	78.0	68.0	97.0	77.0	92.0	9.0	役割形成の不透明さが増幅、学び直し格差で将来像が割れる
66	TWN	台湾	Taiwan	東アジア	境界的圧力	抑止維持と社会支援	日米欧と危機連絡継続、供給枠を再確認	危機に備えつつ雇用と生活支援を守る	若者支援と防衛負担が同時に重い	86.0	64.0	70.0	78.0	83.0	82.0	84.0	23.0	海峡不安で将来設計が保守化、家庭形成と挑戦が先送り
66	KOR	韓国	South Korea	東アジア	圧力上昇	技術規律で雇用安定狙い	対日で半導体・計算資源の相互監査を強化	雇用と安保を守るため供給網規律を主導	若者支援と防衛負担が競合し政権が不安定	68.0	60.0	74.0	66.0	84.0	72.0	82.0	22.0	技術規律と負担論が可視化し将来設計が縮み不安増幅
66	PRK	北朝鮮	North Korea	東アジア	間接衝突	示威継続、交渉余地も保持	短距離発射を誇示、暗号資金・迂回貿易	外圧下でも抑止を強め生活を守る	外貨・食料難で長期緊張は負担	90.0	66.0	76.0	88.0	89.0	79.0	93.0	11.0	安全不安と物価負担で将来設計が硬直しやすい
66	RUS	ロシア	Russia	ユーラシア	間接衝突	極東圧力と資源収入を優先	極東で示威継続、資源値付け強化と迂回取引	外圧下でも雇用と物価を守る、秩序維持	戦費・統制疲労と部材不足で長期余力が細る	92.0	86.0	76.0	89.0	83.0	79.0	92.0	22.0	将来設計が縮み、挑戦回避と安定志向が強まる
66	UKR	ウクライナ	Ukraine	欧州	限定戦争	防空・動員維持で支援再確保	欧米日に防空弾薬と復興金融の長期確約要請	前線維持と生活支援を同時に守る	支援疲労と財政論で継続が細る恐れ	86.0	60.0	74.0	72.0	88.0	73.0	82.0	23.0	支援負担と物価不安が重なり役割形成に悲観が増す
66	IRN	イラン	Iran	中東	境界的圧力	停戦維持で主導権確保	仲介交渉と限定示威で制裁緩和探る	外圧に屈せず生活を守る	不満と強硬派で妥協が難しい	70.0	81.0	71.0	86.0	90.0	78.0	84.0	16.0	燃料高と不安報道で将来像が曇り、挑戦より安全志向が強まる
66	ISR	イスラエル	Israel	中東	間接衝突	抑止優先と資源囲い込み	停戦維持を条件に輸出管理とサイバー抑止強化	安全確保を最優先、生活必需は重点補助	動員疲労と政争、財政制約で分配が難しい	74.0	66.0	72.0	90.0	83.0	80.0	78.0	20.0	技術・雇用不安が続き、役割形成は慎重化し挑戦が鈍る
66	SAU	サウジアラビア	Saudi Arabia	中東	圧力上昇	価格安定で体制維持	OPEC+で供給微調整、紅海航路警備協調	歳入安定で改革投資と生活支援を守る	治安費と大型投資で値崩れは許容しにくい	61.0	57.0	64.0	55.0	78.0	60.0	74.0	24.0	生活コスト観測が固定化し、若者の挑戦と家族形成の先送りが増える。急騰回避なら悪化は鈍る
66	EU	欧州連合	European Union	欧州	圧力上昇	規制適合と産業防衛を両立	対日でAI監査互認を段階厳格化	雇用と公正競争を守り支援を続ける	加盟国分断で合意が遅れ負担増	61.0	54.0	69.0	65.0	78.0	60.0	72.0	34.0	規制適応と職能再設計が重なり将来像が曇る
67	USA	アメリカ	United States	北米	境界的圧力	同盟負担とAI規律を強化	対日へ防衛負担増とAI/半導体規制整合を要求	雇用と覇権維持へ同盟を実務で引き締める	分断と物価で短期成果が要り対外要求が増える	85.0	66.0	83.0	96.0	94.0	84.0	86.0	14.0	負担増と役割拡大が可視化し、将来設計が縮み不安が増幅
67	CHN	中国	China	東アジア	圧力上昇	内政優先で外圧を調整	重要鉱物は選別管理、演習は抑制し対話窓口維持	雇用と物価を守りつつ主権は揺るがせない	出生不安と景気鈍化で強硬一辺倒は危険	78.0	58.0	86.0	92.0	83.0	80.0	88.0	20.0	進路選択期に供給不安が続き、挑戦回避と悲観が増える
67	JPN	日本	Japan	東アジア	境界的圧力	縮小社会の制度防衛を優先	資源・部材を同盟圏で長期契約化	地域維持と若者機会へ重点配分する	増税も国債も限界、配分変更が対立化	64.0	61.0	82.0	70.0	98.0	79.0	93.0	8.0	地域差と将来像の分断が強まり、希望が職能移動に偏る
67	TWN	台湾	Taiwan	東アジア	境界的圧力	抑止優先と人材流出抑制	日米欧と危機連絡、供給枠と避難計画を更新	生活と雇用を守りつつ防衛準備を強化する	若者支援と防衛費が競合、分断も警戒	88.0	63.0	72.0	80.0	84.0	83.0	86.0	22.0	海峡不安が将来設計を保守化、移動と挑戦が鈍る
67	KOR	韓国	South Korea	東アジア	圧力上昇	雇用不安を抑え供給網主導	対日で半導体供給枠と監査を再提案	若者雇用と安保を同時に守る枠組みだ	出生不安と物価で政権支持が揺らぐ	66.0	57.0	71.0	63.0	82.0	70.0	80.0	24.0	将来設計が『規律と負担』に寄り、希望が細る
67	PRK	北朝鮮	North Korea	東アジア	境界的圧力	示威で譲歩を引き出す	発射準備誇示、制裁回避網を強化	抑止強化で体制と生活を守る	外貨・食料不足で長期緊張は重荷	88.0	64.0	74.0	86.0	87.0	77.0	92.0	12.0	安全不安が将来像を縮め、進学・就職の選択が慎重化
67	RUS	ロシア	Russia	ユーラシア	間接衝突	戦時継続で資源・体制を守る	極東示威を維持、資源価格で揺さぶり	長期戦でも生活と雇用を守る	戦費負担と部材不足で余力が削れる	90.0	84.0	74.0	88.0	82.0	77.0	91.0	23.0	将来の選択肢が狭まり、地元志向と挑戦回避が増える
67	UKR	ウクライナ	Ukraine	欧州	限定戦争	支援の制度化で戦線維持	欧米日に防空・弾薬と復興枠の複年確約要請	長期戦でも生活と前線を同時に守る	支援疲労と財政硬直で継戦が細る	87.0	58.0	76.0	70.0	90.0	72.0	83.0	22.0	人口評価が重なり、負担長期化で将来設計の悲観が増える
67	IRN	イラン	Iran	中東	境界的圧力	停戦維持と対外強硬の併用	停戦枠組み維持しつつ航路示威で交渉圧力	生活防衛と主権を同時に守る	不満抑えに資金不足、強硬派も縛り	72.0	84.0	69.0	88.0	91.0	79.0	86.0	14.0	燃料高と不安報道で将来設計が縮み、出生・挑戦意欲が鈍る
67	ISR	イスラエル	Israel	中東	間接衝突	抑止維持と技術囲い込み	同盟調整で輸出管理維持、サイバー先制防御	治安優先、家計負担は限定補助で支える	動員疲労と政争、福祉拡大は難しい	72.0	64.0	70.0	88.0	80.0	78.0	76.0	22.0	計算資源・部材不安と物価で将来設計が保守化、希望が地域差で揺れる
67	SAU	サウジアラビア	Saudi Arabia	中東	圧力上昇	価格安定と体制投資を優先	OPEC+で供給微調整、紅海警備を協調	歳入を守り改革投資と生活支援を継続	投資継続で下振れ嫌い、治安費も重い	63.0	56.0	62.0	54.0	79.0	61.0	73.0	25.0	物価見通しが硬直し、若者の移動・結婚・挑戦が先送り。急騰回避なら悪化は緩い
67	EU	欧州連合	European Union	欧州	圧力上昇	規制適合と産業防衛を継続	対日でAI監査互認を厳格化し調達連携	公正競争と雇用を守り対外支援も維持	加盟国分断と景気減速で合意が遅い	60.0	52.0	71.0	66.0	79.0	61.0	73.0	33.0	出生・地域不安の可視化に規制負荷が重なり希望が冷える
68	USA	アメリカ	United States	北米	境界的圧力	同盟負担とAI統制を継続	対日へ防衛増・規制整合・供給網再編を要求	雇用と覇権維持へ同盟を実務で強化する	分断と物価で成果が要り対外要求が硬化	84.0	63.0	79.0	95.0	93.0	82.0	85.0	16.0	将来の見通しが制度不信と結びつき、挑戦回避が増える
68	CHN	中国	China	東アジア	境界的圧力	統制強化で対外圧力管理	対日輸出許可を選別、台湾周辺は常態監視	雇用と安全を守り外圧に屈しない	景気・若年失業で強硬は逆効果	82.0	60.0	84.0	93.0	78.0	83.0	86.0	22.0	供給制約が進路不安を固定化、挑戦回避が増える
68	JPN	日本	Japan	東アジア	境界的圧力	世代信頼を守る再配分	同盟圏で資源・部材を長期固定化	負担の公平と若者の足場を最優先	増税回避で給付削減が炎上し得る	66.0	58.0	79.0	68.0	97.0	76.0	91.0	9.0	将来像の合意が崩れると不安が拡散、挑戦より防衛志向が強まる
68	TWN	台湾	Taiwan	東アジア	境界的圧力	抑止継続と社会統合	日米欧と危機連絡強化、供給枠を確保	不安を抑え生活と雇用を守る体制を整える	若者流出と財政制約、分断煽動に弱い	90.0	64.0	74.0	82.0	86.0	85.0	88.0	20.0	海峡不安が常態化し将来設計が守りに偏る
68	KOR	韓国	South Korea	東アジア	圧力上昇	同盟軸で供給網を囲い込む	対日で半導体・データ枠組み再提示し監査強化	雇用と安保を守るため供給網の規律を整える	物価と出生不安で支持脆く、強硬化しやすい	64.0	56.0	68.0	61.0	80.0	69.0	78.0	26.0	『規律と負担』感が強まり、将来像が縮むが回避余地は残る
68	PRK	北朝鮮	North Korea	東アジア	間接衝突	示威で交渉余地を作る	短距離発射と演習で抑止誇示、密輸網維持	外圧に屈せず体制と生活を守るための措置	外貨・食料不足で長期緊張は統治コスト増	90.0	66.0	76.0	87.0	86.0	79.0	93.0	11.0	安全不安が常態化し、将来設計が保守化・挑戦回避が増える
68	RUS	ロシア	Russia	ユーラシア	間接衝突	戦争継続で制裁耐性を優先	極東で示威継続、資源供給を政治化	包囲に耐え国益と雇用を守る	戦費・人員損耗と部材不足で逼迫	92.0	86.0	76.0	90.0	84.0	79.0	92.0	21.0	将来の制度信頼が揺れ、安定志向と海外回避が強まる
68	UKR	ウクライナ	Ukraine	欧州	限定戦争	支援の長期化を制度で固定	欧米日に防空・弾薬と復興枠の複年化を要求	国の存続へ、前線と生活の両面を守る	人的損耗と支援疲労で継戦計画が痩せる	86.0	61.0	77.0	69.0	88.0	73.0	84.0	21.0	終わらない戦争感が固定化し、将来設計の慎重化と悲観が増す
68	IRN	イラン	Iran	中東	境界的圧力	停戦枠組み維持で実利優先	航路への直接攻撃は避け示威と交渉で圧力	主権と生活を守り制裁下でも耐える	財政と不満が限界、強硬派の逸脱も怖い	68.0	79.0	66.0	86.0	88.0	74.0	83.0	16.0	燃料高と不安報道が続き、挑戦より節約志向が強まる
68	ISR	イスラエル	Israel	中東	間接衝突	抑止継続と技術統制	同盟と連携し輸出管理強化、サイバー即応	安全保障優先、長期戦に備え社会の結束を促す	動員疲労と政争、財政で補助拡大は限界	74.0	61.0	69.0	90.0	82.0	79.0	77.0	20.0	統制と不安定で進路が保守化、努力の報酬感が揺れやすい
68	SAU	サウジアラビア	Saudi Arabia	中東	圧力上昇	価格安定と体制投資優先	OPEC+で供給を微調整し紅海航路の警備協調	歳入を確保し改革投資と生活支援の両立を維持	価格下振れに弱く治安費と改革投資が重い	64.0	58.0	61.0	55.0	80.0	63.0	74.0	24.0	物価と将来不安が残り、若者は挑戦・結婚・転職を先送り。急騰回避なら悪化は緩い
68	EU	欧州連合	European Union	欧州	圧力上昇	規制と成長の両立へ修正	対日でAI監査互認を条件付きで拡張	信頼評価を踏まえ雇用と競争力を守る	加盟国分断で規制緩和は限定的	61.0	54.0	69.0	65.0	80.0	60.0	72.0	32.0	適合負担は続くが共同枠組みで将来像は少し見える
69	USA	アメリカ	United States	北米	境界的圧力	同盟負担とAI統制を強める	対日へ防衛増・輸出管理整合を要求	雇用と覇権維持へ同盟を締め直す	分断と物価で成果が要り強硬化	86.0	66.0	81.0	96.0	94.0	84.0	87.0	14.0	家族形成の現実感が薄れ、将来不安と挑戦回避が増える
69	CHN	中国	China	東アジア	境界的圧力	景気優先で外圧を管理	対日輸出許可を絞り、台湾周辺は示威抑制	雇用と安定を守りつつ主権は譲らない	若年失業と消費低迷で強硬は持続困難	79.0	58.0	82.0	91.0	74.0	80.0	84.0	24.0	家族形成の現実感が薄れ、安定志向と先送りが増える
69	JPN	日本	Japan	東アジア	境界的圧力	家計と将来設計を下支え	同盟圏で燃料・肥料・部材の長期枠確保	生活防衛と次世代投資を同時に進める	増税回避で給付設計が対立しやすい	64.0	60.0	78.0	66.0	95.0	74.0	90.0	10.0	家族形成の現実感が薄れ、挑戦より安定志向が強まる
69	TWN	台湾	Taiwan	東アジア	境界的圧力	抑止継続と生活安定優先	日米欧と危機線維持、供給契約を固める	安全と雇用を守り、家計負担を抑える	若者流出と分断工作、動員疲れが重い	88.0	62.0	72.0	80.0	84.0	83.0	87.0	22.0	海峡不安が家族形成の将来像を曇らせ、慎重化が進む
69	KOR	韓国	South Korea	東アジア	圧力上昇	同盟軸で半導体と雇用を守る	対日で半導体・AI供給網協定を迫り監査強化	家計と雇用を守りつつ安保の備えも進める	出生不安と物価で不満増、強硬姿勢が楽	66.0	58.0	72.0	64.0	78.0	71.0	81.0	24.0	『負担増で将来設計が難しい』感が強まり不安が増す
69	PRK	北朝鮮	North Korea	東アジア	間接衝突	示威で譲歩を引き出す	短距離発射示威、対話窓口は維持	抑止強化で体制と生活を守る	外貨・食料難で長期緊張は負担	92.0	67.0	78.0	88.0	87.0	80.0	94.0	10.0	安全不安が家族形成の判断を冷やし、将来設計が縮む
69	RUS	ロシア	Russia	ユーラシア	間接衝突	制裁耐性と戦争継続	極東で示威継続、資源輸出を交渉材料化	長期戦でも雇用と価格を守ると強調	戦費負担と部材不足、動員疲れが重い	93.0	84.0	78.0	91.0	86.0	81.0	90.0	20.0	生活設計の前提が揺れ、若者は家族形成を先送りしやすい
69	UKR	ウクライナ	Ukraine	欧州	限定戦争	継戦と復興枠の複年固定	欧米日へ防空・弾薬と復興資金の長期化要請	前線維持と生活基盤の回復を同時に進める	人的損耗と支援疲労で交渉余地が狭い	85.0	63.0	78.0	70.0	89.0	74.0	83.0	20.0	長期不確実性が家族形成の躊躇と将来悲観を強める
69	IRN	イラン	Iran	中東	境界的圧力	停戦維持で制裁緩和探る	航路は抑制し代理勢力を統制、交渉継続	主権を守りつつ生活を守る現実路線	財政逼迫と不満で強硬化は逆効果	66.0	77.0	64.0	85.0	86.0	72.0	81.0	18.0	燃料高と不安報道が家計圧迫、将来設計と家族形成の現実感が薄れる
69	ISR	イスラエル	Israel	中東	間接衝突	抑止優先、内政は最小補修	停戦監視を維持しサイバー連携と輸出管理	脅威は継続、雇用と家計の下支えを限定実施	動員疲労と政争、補助拡大は財政的に難しい	76.0	64.0	72.0	92.0	85.0	81.0	79.0	18.0	物価と雇用不安で家族形成の現実味が下がり将来観が硬化
69	SAU	サウジアラビア	Saudi Arabia	中東	圧力上昇	価格安定で体制維持	OPEC+供給を抑制的調整、紅海警備協調	歳入確保で改革投資と生活支援を継続	価格下振れに弱く治安費と投資が重い	63.0	60.0	64.0	56.0	81.0	64.0	75.0	23.0	生活費の先行きが家族形成の現実感を削り、若者は結婚・出産を先送り
69	EU	欧州連合	European Union	欧州	圧力上昇	規制互認で成長と安定	対日でAI監査互認を拡大、供給網協議	雇用と家計を守りつつ技術信頼を確保	加盟国分断と財政制約で支援拡大は限定	63.0	56.0	71.0	64.0	81.0	61.0	73.0	31.0	適合負担は続くが共同枠組みで将来像が少し具体化
70	USA	アメリカ	United States	北米	境界的圧力	同盟負担とAI統制を優先	対日へ防衛費増と輸出管理・供給網の整合を要求	物価と雇用を守るため同盟と技術優位を固める	分断と選挙圧力で成果が要り要求が強まる	84.0	63.0	83.0	97.0	95.0	86.0	88.0	12.0	住居・所得の先細り感が強まり、子育て決断が遅れ将来不安が増える
70	CHN	中国	China	東アジア	境界的圧力	雇用優先で対外圧力調整	対日重要材の許可制を維持し選別運用	外圧下でも成長と雇用を守る	若年失業と消費停滞で強硬一辺倒は不可	77.0	60.0	85.0	92.0	76.0	82.0	86.0	22.0	子育ての採算感が崩れ、安定職志向と先送りが強まる
70	JPN	日本	Japan	東アジア	境界的圧力	子育て実行性を底上げ	燃料・食料・部材の長期契約を再交渉	家計負担を下げ将来不安を和らげる	財源が硬直化し負担先送りに限界	66.0	62.0	74.0	68.0	96.0	76.0	88.0	12.0	住居・教育費の見通しが立たず、結婚出産の先送りが続く
70	TWN	台湾	Taiwan	東アジア	境界的圧力	抑止維持と産業防衛を優先	日米欧と危機線維持、重要品の代替ルート確保	安全確保と雇用維持を両立し生活負担を抑える	分断工作と若者流出、動員疲れで統治が難しい	86.0	60.0	70.0	78.0	82.0	80.0	85.0	24.0	海峡不安と供給不安が、住居・育児の決断を先送りさせる
70	KOR	韓国	South Korea	東アジア	境界的圧力	同盟軸で産業防衛	対日協力を条件に半導体・AI監査強化	雇用と安保を守るため供給網を引き締める	若者不満と対北圧力で強硬が有利	68.0	57.0	75.0	66.0	74.0	73.0	83.0	22.0	育児の採算感が悪化し将来設計が先延ばしになる
70	PRK	北朝鮮	North Korea	東アジア	境界的圧力	示威継続し取引余地確保	発射準備を誇示、対話窓口は残す	外圧に屈せず体制と生活を守る	外貨・食料難で長期緊張は限界	90.0	66.0	77.0	87.0	86.0	79.0	93.0	11.0	安全不安が住居・教育投資を萎縮させ、子育て判断が先送り
70	RUS	ロシア	Russia	ユーラシア	間接衝突	資源で制裁に対抗	極東で圧力維持、資源価格で揺さぶる	包囲下でも賃金と物価を守ると強調	戦費と補給、動員疲れで余力が削れる	92.0	82.0	76.0	90.0	84.0	79.0	88.0	22.0	物価・雇用不安が続き、子育て可否の見通しが暗くなる
70	UKR	ウクライナ	Ukraine	欧州	限定戦争	継戦維持と支援多年度化	欧米日へ防空・弾薬と復興枠の前倒し要請	前線維持と生活防衛を同時に続ける	支援疲労と人的損耗で選択肢が狭い	84.0	61.0	80.0	69.0	88.0	73.0	82.0	21.0	長期不確実性が家計計画を曇らせ、子育て可能感を下げる
70	IRN	イラン	Iran	中東	境界的圧力	停戦維持で交渉益を確保	航路攪乱は抑制し、制裁緩和の取引を拡大	生活防衛を最優先、対外圧力に屈しない	財政難と不満で強硬化は体制に逆風	64.0	74.0	62.0	83.0	84.0	70.0	79.0	20.0	燃料高と物価観測が家計を圧迫し、子育て判断が先送りに傾く
70	ISR	イスラエル	Israel	中東	境界的圧力	抑止維持、内政は限定補修	停戦監視を維持し輸出管理とサイバー連携	治安優先、家計支援は重点配分で継続	動員疲労と政争で制度改革が進まない	78.0	66.0	74.0	93.0	86.0	83.0	81.0	17.0	住居・教育費の不確実性が増幅し、子育ての現実味が遠のく感覚が強まる
70	SAU	サウジアラビア	Saudi Arabia	中東	圧力上昇	価格下支えで体制安定	OPEC+供給を調整し紅海警備を協調	歳入維持で改革投資と生活支援を継続	価格下振れに弱く治安費と投資が重い	61.0	63.0	66.0	57.0	82.0	65.0	76.0	22.0	光熱費不安が子育て採算感を悪化、若者は将来設計を縮める
70	EU	欧州連合	European Union	欧州	圧力上昇	規制互認と生活防衛	対日でAI認証互認を拡張、供給網連携	家計と雇用を守りつつ安全保障を維持	加盟国分断と選挙で追加負担は出せない	61.0	54.0	69.0	63.0	83.0	60.0	74.0	30.0	適合負担と物価不安が子育て見通しを圧迫、共同枠組みは希望を下支え
71	USA	アメリカ	United States	北米	境界的圧力	同盟負担増とAI覇権防衛	対日へ防衛費・輸出管理整合と供給網再編を要求	雇用と競争力のため同盟結束と技術優位を守る	選挙・分断で短期成果が要り要求が先鋭化	86.0	66.0	85.0	98.0	94.0	88.0	90.0	11.0	努力の報酬経路が見えにくく、将来設計と家族形成がさらに遅れる
71	CHN	中国	China	東アジア	境界的圧力	選別圧力で主導権維持	対日重要材・部材の許可制を強化し波状運用	外圧下でも雇用と安定を守り高付加価値へ移行	若年失業と成長鈍化で過度な強硬は逆噴射	79.0	63.0	87.0	93.0	74.0	84.0	88.0	20.0	将来像が描けず挑戦回避が増え、安定志向と先送りが強まる
71	JPN	日本	Japan	東アジア	境界的圧力	将来経路の可視化を優先	資源長期契約と同盟協議で急変を抑制	負担配分を示し生活と防衛を同時に守る	社会保障硬直で若者投資の枠が薄い	64.0	60.0	72.0	66.0	95.0	73.0	86.0	14.0	役割と家族形成の道筋が見えず、希望は維持しにくい
71	TWN	台湾	Taiwan	東アジア	境界的圧力	抑止強化と供給安定を優先	日米欧と危機管理線維持、輸送・保険を確保	安全と雇用を守り物価負担を抑える	動員疲れと分断工作で統治コスト増	84.0	63.0	68.0	80.0	83.0	81.0	86.0	23.0	海峡不安と半導体懸念が将来設計を縮め、挑戦を先送りさせる
71	KOR	韓国	South Korea	東アジア	圧力上昇	同盟軸で半導体秩序維持	対日協力は条件化し輸出管理・監査を運用	安保と雇用を守るため供給網の規律を強める	若者不満と対北圧力で強硬姿勢が得点源	64.0	54.0	71.0	62.0	72.0	69.0	80.0	26.0	将来設計が不確実化し、学習投資と家族形成が先延ばし
71	PRK	北朝鮮	North Korea	東アジア	境界的圧力	示威で譲歩誘発、対話は維持	短距離発射示威と声明、窓口は閉じない	抑止強化で体制と生活を守る	外貨・食料難で長期緊張は持たない	88.0	63.0	75.0	85.0	84.0	77.0	92.0	13.0	安全不安が将来設計を縮め、進学・転職・家族形成が先送り
71	RUS	ロシア	Russia	ユーラシア	間接衝突	制裁下で資源収入を確保	極東で示威、資源取引で結束を崩す	包囲下でも雇用と物価を守ると強調	戦費と動員疲れで長期余力が細る	90.0	78.0	72.0	88.0	82.0	76.0	86.0	24.0	物価と雇用の不確実性が常態化し、将来設計と家族形成の意欲が削られる
71	UKR	ウクライナ	Ukraine	欧州	限定戦争	継戦と復興枠の固定化	対日含む支援の複数年化と防空追加を要請	長期戦でも生活基盤と徴募を維持する	支援疲労と人的不足で交渉余地が狭い	86.0	58.0	78.0	66.0	85.0	70.0	80.0	23.0	長期不確実性が将来設計を鈍らせ、安心感を削る
71	IRN	イラン	Iran	中東	境界的圧力	停戦維持と対外圧力の調整	航路攪乱は限定、制裁緩和交渉を加速	生活防衛を優先しつつ抑止力を保持	財政難と不満で強硬化は体制を損ねる	66.0	77.0	63.0	84.0	85.0	72.0	81.0	19.0	燃料高観測が続き、将来設計と家族形成の踏み切りが鈍る
71	ISR	イスラエル	Israel	中東	境界的圧力	抑止強化と戦時経済	停戦監視継続、対空防衛増強と輸出管理	安全最優先、負担は一時的で乗り切る	動員疲労と政争、財政配分が限界	80.0	68.0	72.0	91.0	84.0	82.0	83.0	18.0	将来設計の根拠が揺らぎ、学び直しも家族像も先送り感が強まる
71	SAU	サウジアラビア	Saudi Arabia	中東	圧力上昇	価格安定と治安協調を優先	OPEC+調整と紅海護衛を協調	歳入確保で改革投資と支援を継続	価格下振れに弱く治安費が重い	60.0	64.0	63.0	56.0	78.0	62.0	72.0	24.0	生活費の高止まり感が将来設計を縮め、挑戦より守りが増える
71	EU	欧州連合	European Union	欧州	圧力上昇	規制互認と産業防衛	対日でAI/半導体の認証互認を厳格化し連携	雇用と競争力を守りつつ安全保障も維持	加盟国分断で追加負担は通りにくい	63.0	56.0	66.0	65.0	84.0	62.0	72.0	29.0	適合負担と景気不安で将来設計は重いが共同枠組みは支え
72	USA	アメリカ	United States	北米	境界的圧力	同盟負担と技術統制を強化	対日へ防衛費・輸出管理整合とAI投資枠を要求	雇用と安全のため同盟と技術優位を守る	選挙循環で短期成果が要り要求が硬直	84.0	61.0	82.0	95.0	90.0	83.0	86.0	14.0	負担増が常態化し、挑戦しても報われぬ感覚が残る
72	CHN	中国	China	東アジア	境界的圧力	許可制を緩急運用し主導権確保	対日重要材の許可枠を調整し対話も併用	外圧下でも雇用と安定を守り技術自立を加速	景気鈍化と若年不安で強硬一辺倒は困難	81.0	61.0	84.0	92.0	76.0	82.0	86.0	18.0	不確実性が常態化し、若者は挑戦より安全志向が強まる
72	JPN	日本	Japan	東アジア	境界的圧力	制度記憶を若者へ固定化	同盟協議で抑止維持、資源長期契約を更新	一過性で終わらぬ支援を制度化し将来を示す	社会保障硬直と債務で恒常財源が細い	63.0	58.0	70.0	64.0	93.0	71.0	84.0	16.0	支援が継続する見通しは安心材料だが、負担不安が希望を削る
72	TWN	台湾	Taiwan	東アジア	境界的圧力	抑止維持と供給信頼の再構築	日米欧と危機線を常時運用し保険・港湾を確保	不安定化に備えつつ雇用と物価を守る	分断工作と動員疲れで統治コストが高い	82.0	61.0	66.0	78.0	80.0	79.0	83.0	24.0	長期不安が進路選択を慎重化し、挑戦より安定志向が強まる
72	KOR	韓国	South Korea	東アジア	圧力上昇	秩序維持と若者不満抑制	対日協力は継続、先端品は監査強化	雇用と安全保障のため供給網規律を守る	選挙圧力で強硬が得、緩和は説明困難	63.0	52.0	74.0	64.0	70.0	68.0	79.0	27.0	努力が制度に報われる確信が揺れ、挑戦より回避が増える
72	PRK	北朝鮮	North Korea	東アジア	境界的圧力	示威で統制維持、偶発回避	発射準備誇示と声明、対話窓口は残す	外圧に屈せず抑止を強化する	外貨・食料難で長期緊張は負担	86.0	61.0	74.0	86.0	83.0	76.0	91.0	14.0	安全不安が制度記憶として残り、将来像が縮み挑戦が先送り
72	RUS	ロシア	Russia	ユーラシア	間接衝突	制裁下で戦時経済を固定	資源値付け強硬、極東で牽制を継続	包囲に耐え国家の自立を守ると訴える	動員疲れと技術不足で持久力が削れる	88.0	80.0	70.0	86.0	78.0	74.0	83.0	26.0	不確実性が常態化し、将来像の継承が難しくなる
72	UKR	ウクライナ	Ukraine	欧州	限定戦争	継戦と支援の固定化要請	欧米・日へ複数年支援枠と防空強化を再要請	長期戦でも統治と生活基盤を守り抜く	支援疲労と動員限界で妥協幅が狭い	84.0	56.0	79.0	68.0	87.0	72.0	81.0	21.0	長期化が「努力しても不確実」感を強め、挑戦意欲を削る
72	IRN	イラン	Iran	中東	境界的圧力	停戦維持と内政安定優先	航路攪乱は抑制、制裁緩和の間接交渉を継続	体制の連続性を守り生活負担を抑える	不満と財政難で強硬化は統治を弱める	64.0	74.0	61.0	83.0	84.0	70.0	79.0	20.0	燃料高の記憶が固定化し、将来不安が習慣化して挑戦が鈍る
72	ISR	イスラエル	Israel	中東	境界的圧力	抑止維持、内政鎮静を優先	停戦枠組みを維持しつつ輸出管理継続	安全最優先、生活維持も同時に進める	動員疲労と政争で長期戦は困難	78.0	64.0	70.0	88.0	83.0	79.0	81.0	22.0	不確実性が常態化し、挑戦より回避が合理化される
72	SAU	サウジアラビア	Saudi Arabia	中東	圧力上昇	価格防衛と秩序維持	OPEC+減産維持、紅海航路の安保協調	歳入確保で雇用と改革投資を守る	価格下落が怖く安保費と配分が硬直	58.0	61.0	57.0	54.0	73.0	59.0	68.0	28.0	光熱・物価の高止まりが続き、若者は転職や挑戦を先送りしがち
72	EU	欧州連合	European Union	欧州	圧力上昇	規制整合と再成長優先	対日でAI規制互認を条件化し共同投資	競争力と雇用を守り制度の信頼を維持	加盟国分断で負担増と防衛拡大が通りにくい	60.0	52.0	64.0	62.0	78.0	58.0	70.0	32.0	適合コスト増で将来不安は残るが共同枠組みが希望を下支え
73	USA	アメリカ	United States	北米	境界的圧力	同盟負担と技術統制を維持	対日へ防衛費・輸出管理整合と共同R&D枠	雇用と安全を守るため同盟と技術優位	選挙と物価で短期成果が必要	82.0	58.0	79.0	93.0	88.0	80.0	84.0	16.0	負担と将来不確実が重なり、努力が報われぬ感覚が残る
73	CHN	中国	China	東アジア	境界的圧力	雇用安定と技術主権を優先	対日重要材の許可枠を絞り対話も維持	雇用と生活を守り自立技術で長期勝利	若年不安と景気減速で強硬単独は危険	83.0	63.0	86.0	93.0	78.0	84.0	87.0	16.0	将来像が見えにくく、若者は挑戦より防衛的選好へ
73	JPN	日本	Japan	東アジア	境界的圧力	若者の将来像を制度で示す	同盟協議で抑止維持、資源調達を分散	生活支援と学び直しを優先し不安を抑える	恒常財源が細く給付と防衛が競合	64.0	57.0	72.0	62.0	95.0	70.0	83.0	14.0	役割喪失感と負担不安が増え、希望は制度提示次第で維持
73	TWN	台湾	Taiwan	東アジア	境界的圧力	供給信頼と抑止の同時強化	日米欧と供給・危機線を常時運用、分散出荷枠	雇用と生活を守りつつ抑止と供給を維持	社会統合コスト増で動員・予算の限界が近い	84.0	63.0	69.0	80.0	82.0	81.0	85.0	22.0	供給不安が将来像を曇らせ、挑戦より安全圏志向が強まる
73	KOR	韓国	South Korea	東アジア	圧力上昇	技術主権と雇用防衛	対日協力は継続、先端装置は審査厳格化	AI時代の雇用と安保のため供給網を守る	選挙と世論で緩和は弱腰に見える	64.0	54.0	78.0	66.0	72.0	69.0	81.0	25.0	「人の役割」不透明が拡散し、挑戦より安全志向が強まる
73	PRK	北朝鮮	North Korea	東アジア	境界的圧力	示威で体制統制、偶発回避	短距離発射誇示、対話窓口は維持	外圧に屈せず抑止と団結を強調	外貨・食料難で緊張維持が負担	84.0	60.0	73.0	85.0	82.0	75.0	90.0	15.0	安全不安が再燃し、挑戦より安定志向が強まる
73	RUS	ロシア	Russia	ユーラシア	間接衝突	資源と軍事で圧力維持	資源供給を揺らし制裁回避網を強化	長期対立下でも生活と安全を守る	動員疲労と部品不足で余力が細る	86.0	78.0	66.0	84.0	74.0	71.0	81.0	28.0	物価と将来不安が残り、挑戦より安全志向が強まる
73	UKR	ウクライナ	Ukraine	欧州	限定戦争	継戦維持と復興資金確保	日欧へ復興基金・防空/無人機支援を要請	生活維持と国防を同時に守る局面だ	動員疲労と財政逼迫で選択肢が狭い	82.0	52.0	76.0	66.0	88.0	70.0	80.0	22.0	長期不確実が将来設計を曇らせ、安定志向が強まる
73	IRN	イラン	Iran	中東	境界的圧力	停戦維持と統治安定を優先	航路攪乱は抑制しつつ制裁緩和の裏交渉を継続	生活負担を抑え治安を維持し体制を守る	不満と財政難で強硬化は統治コスト増	60.0	72.0	63.0	82.0	86.0	69.0	77.0	21.0	燃料高と不安が常態化し、若者は守りに寄って挑戦が鈍る
73	ISR	イスラエル	Israel	中東	境界的圧力	抑止と供給網確保を優先	停戦維持を探りつつ対AI輸出管理強化	安全確保と生活維持を同時に進める	動員疲労と政争で長期負担は限界	76.0	61.0	68.0	86.0	81.0	77.0	80.0	24.0	高技能の将来像が揺れ、安定志向と回避が強まる
73	SAU	サウジアラビア	Saudi Arabia	中東	圧力上昇	価格安定と体制安定	OPEC+調整継続、航路安保で協調強化	歳入を確保し雇用と改革投資を維持	価格下落回避と治安費が改革支出を圧迫	56.0	59.0	54.0	52.0	70.0	57.0	66.0	30.0	物価の粘着で可処分所得が伸びず、若者は将来設計を保守化
73	EU	欧州連合	European Union	欧州	圧力上昇	規制調整と雇用安定を優先	対日でAI監査互認を提案し投資枠を拡大	制度の信頼を守り再訓練と地域ケア雇用を支援	加盟国間の負担配分で合意が遅れがち	58.0	49.0	61.0	57.0	74.0	55.0	66.0	34.0	適合負担で不安は続くが、共同投資が将来像を補強
74	USA	アメリカ	United States	北米	境界的圧力	同盟負担と財政規律を要求	対日へ防衛費増と対中技術統制整合を迫る	財政信認と雇用を守るため同盟を再調整	債務・物価・選挙で成果が急務	84.0	61.0	81.0	94.0	90.0	82.0	86.0	14.0	負担増と将来不透明で、挑戦しても報われない感情が強まる
74	CHN	中国	China	東アジア	境界的圧力	財政信認を守り圧力調整	対日重要材は許可制を維持し金融協調も提示	信認と雇用を守り外圧に耐える	景気減速で強硬は信認悪化を招く	84.0	62.0	88.0	94.0	80.0	85.0	88.0	15.0	半導体不安が就職観を硬化、挑戦が先送りされる
74	JPN	日本	Japan	東アジア	境界的圧力	財政信認を守り不安抑制	資源長期契約拡大、同盟協議で抑止確認	給付は絞り重点化、賃上げと学び直しで下支え	恒常財源が弱く、金利上昇で余力が縮む	62.0	59.0	69.0	60.0	97.0	71.0	86.0	12.0	将来設計が金利と負担論で揺れ、挑戦より保身が増える
74	TWN	台湾	Taiwan	東アジア	境界的圧力	財政信認と抑止の同時維持	日米欧と供給保証枠を更新、危機線を常設化	信認を守り雇用と供給を途切れさせない	防衛・補助金・金利負担が同時に重い	86.0	65.0	71.0	82.0	85.0	83.0	87.0	20.0	財政不安と供給懸念が重なり、将来設計が保守化する
74	KOR	韓国	South Korea	東アジア	圧力上昇	財政規律で競争維持	対日協力継続、先端装置審査を選別強化	通貨・物価を守り雇用と安保を両立する	歳出抑制と若者支援・防衛費が衝突	63.0	56.0	74.0	69.0	77.0	71.0	83.0	22.0	将来不安が再燃し、挑戦回避と公的安定志向が強まる
74	PRK	北朝鮮	North Korea	東アジア	境界的圧力	示威継続、偶発回避	発射準備を誇示し制裁回避の迂回路強化	対外脅威を強調し結束と規律を要請	外貨不足で示威コストが重い	86.0	58.0	74.0	86.0	83.0	76.0	91.0	14.0	安全不安が再拡散し、挑戦より安定志向が強まる
74	RUS	ロシア	Russia	ユーラシア	間接衝突	資源収入確保で体制維持	資源価格と決済網で制裁耐性を強化	通貨と生活を守り長期対立に備える	戦費と動員疲労で財政・部品が逼迫	84.0	81.0	68.0	86.0	77.0	74.0	82.0	26.0	物価と雇用の不安が粘り、将来設計が短期化する
74	UKR	ウクライナ	Ukraine	欧州	限定戦争	継戦と財政信認の維持	日欧へ復興債・防空支援と歳出監視を提案	支援維持のため財政規律と透明性を強める	支援減速と動員疲労で内政が不安定化	84.0	54.0	78.0	67.0	90.0	72.0	82.0	20.0	戦争長期化と財政不安が将来像を曇らせ慎重化
74	IRN	イラン	Iran	中東	境界的圧力	停戦下で制裁緩和を狙う	海上緊張は抑えつつ裏交渉で外貨確保	通貨と物価を守り生活を下支えする	財政脆弱と不満で強硬は逆効果	61.0	76.0	65.0	83.0	88.0	70.0	78.0	20.0	燃料高と不安が続き、若者は将来に慎重化し挑戦が鈍る
74	ISR	イスラエル	Israel	中東	境界的圧力	抑止維持と財政規律	停戦枠組み維持、輸出管理と調達先分散	安全と生活を守りつつ財政規律も重視	動員疲労と政争で増税・長期戦は困難	74.0	58.0	66.0	84.0	79.0	73.0	78.0	26.0	高技能職も不確実に見え、安定志向と海外回避が強まる
74	SAU	サウジアラビア	Saudi Arabia	中東	圧力上昇	価格安定と財政信認	OPEC+で急変回避、紅海航路の抑止協調	歳入と物価を管理し改革投資を継続	財政信認審査で歳出膨張が難しい	58.0	61.0	52.0	50.0	73.0	56.0	64.0	28.0	光熱費の粘着と増税観測で節約志向、挑戦が先送り
74	EU	欧州連合	European Union	欧州	圧力上昇	規制信頼と財政規律を優先	対日でAI監査互認を条件化し投資枠再設計	財政・通貨信頼を守り雇用移行支援を継続	加盟国財政差で規律強化が政治摩擦	57.0	46.0	59.0	55.0	72.0	53.0	64.0	36.0	適合・増税懸念で不安は続くが、共同投資が将来像を下支え
75	USA	アメリカ	United States	北米	境界的圧力	同盟負担とAI統制を強化	対日へ防衛増と対中技術統制の順守を要求	雇用と覇権維持へ同盟の実効性を高める	選挙・物価・財政で短期成果が必要	86.0	58.0	84.0	95.0	92.0	83.0	88.0	12.0	役割継承の重圧が増し、挑戦回避と諦めが強まる
75	CHN	中国	China	東アジア	境界的圧力	体制安定優先で対日圧力維持	重要材の許可制を維持し輸出管理で揺さぶる	雇用と秩序を守り外圧には譲らない	景気減速で強硬一辺倒は信認を損ねる	86.0	64.0	90.0	95.0	82.0	87.0	90.0	14.0	供給制約と不安拡散で将来像が縮み、挑戦が萎む
75	JPN	日本	Japan	東アジア	境界的圧力	負担配分を再設計し沈静化	資源契約の再交渉と同盟抑止を再確認	世代交代期の不安に先回りし負担を平準化	恒常財源が弱く金利次第で支援が痩せる	64.0	57.0	66.0	58.0	95.0	69.0	84.0	14.0	制度の見通しが曇ると将来像が縮み、挑戦より安定志向が強まる
75	TWN	台湾	Taiwan	東アジア	境界的圧力	抑止強化と産業継続	日米欧と供給優先枠を再確認、危機連絡を常時化	安全と雇用を守り、若年層の役割感を継ぐ	防衛・補助金・金利負担が積み上がる	84.0	63.0	70.0	80.0	86.0	82.0	85.0	18.0	供給不安と財政緊張で将来設計が保守化、挑戦は選別される
75	KOR	韓国	South Korea	東アジア	圧力上昇	雇用不安の抑制優先	対日協力は維持、装置・素材審査を厳格化	若者の役割と雇用を守り安保も両立する	歳出制約で若者支援と防衛費が奪い合う	64.0	57.0	78.0	72.0	79.0	73.0	84.0	20.0	近隣の雇用不安と技術審査が波及し、将来不信が増幅
75	PRK	北朝鮮	North Korea	東アジア	境界的圧力	示威は維持、偶発は抑える	短距離発射を示唆し対話窓口も残す	外圧に屈せず規律と動員を強化	外貨不足で長期示威は続かない	84.0	56.0	72.0	85.0	82.0	74.0	90.0	16.0	安全不安が再燃し、若者は将来設計を先送りしがち
75	RUS	ロシア	Russia	ユーラシア	間接衝突	戦時維持で交渉圧力	資源輸出と制裁回避で外貨確保を優先	包囲に耐え生活を守る長期戦だ	戦費・動員疲労と部品不足が限界	86.0	79.0	70.0	88.0	75.0	76.0	83.0	24.0	物価と将来不安が粘り、若者は期待を下げ短期志向
75	UKR	ウクライナ	Ukraine	欧州	限定戦争	継戦維持と復興の見える化	日欧へ長期防空支援と復興監査枠を要請	耐戦と復興の両輪で国家機能を守る	支援鈍化と動員疲労で統治が脆い	86.0	57.0	79.0	69.0	92.0	73.0	83.0	19.0	戦争長期化が世界不安を固定化し将来設計を慎重化
75	IRN	イラン	Iran	中東	境界的圧力	停戦維持で対外圧力を管理	航路緊張を抑えつつ制裁緩和を探る	対外脅威に備えつつ物価対策を優先	不満拡大で強硬策は体制を傷つける	63.0	79.0	66.0	85.0	90.0	71.0	80.0	18.0	燃料高と不安が続き、若者は挑戦より安定志向へ寄る
75	ISR	イスラエル	Israel	中東	間接衝突	抑止優先で同盟協調	停戦枠維持を探りつつ対サイバー強化	治安と技術優位を守り生活負担も抑える	動員疲労と政争で長期戦・増税が限界	77.0	61.0	69.0	86.0	81.0	74.0	80.0	25.0	将来像が描きにくくなり、安定志向と挑戦回避が強まる
75	SAU	サウジアラビア	Saudi Arabia	中東	圧力上昇	価格安定と体制優先	OPEC+で緩調整、紅海警戒と協調抑止	歳入を確保し改革投資と生活安定を維持	治安と財政信認が優先、急減産増産が難しい	60.0	63.0	54.0	49.0	75.0	57.0	66.0	26.0	生活コスト高止まりで将来像が縮み、安定志向と挑戦回避が強まる
75	EU	欧州連合	European Union	欧州	圧力上昇	規制同盟で市場を守る	対日でAI監査互認を拡大、供給網条件も付与	公正競争と雇用移行を守るため規制を強化	加盟国利害と選挙で拙速な妥協が難しい	58.0	49.0	63.0	57.0	74.0	56.0	67.0	34.0	適合負担と将来職不安が増す一方、共同枠が希望を部分維持
76	USA	アメリカ	United States	北米	境界的圧力	同盟負担増とAI統制を継続	対日へ防衛・役割拡大と対中統制順守を再要求	生活コストと雇用を守り覇権と抑止を維持する	物価・選挙・財政で短期成果が必要	88.0	61.0	86.0	96.0	94.0	85.0	90.0	10.0	負担増とケア不安が重なり、将来設計の萎縮と諦めが強まる
76	CHN	中国	China	東アジア	境界的圧力	雇用と秩序優先で圧力調整	重要材は許可制維持、対日依存領域を選別	社会保障の持続と雇用を守り外圧に対処	高齢化負担で景気下支えが最優先	84.0	63.0	88.0	94.0	80.0	85.0	88.0	16.0	介護不安と供給制約が重なり、将来設計が硬直する
76	JPN	日本	Japan	東アジア	境界的圧力	負担配分を再調整し維持	資源調達を分散し同盟抑止を再確認	介護医療と教育住居を守り負担を平準化	恒常財源が弱く金利次第で支援縮む	63.0	54.0	64.0	57.0	96.0	67.0	82.0	12.0	制度耐久への疑念が将来像を曇らせ挑戦回避が増える
76	TWN	台湾	Taiwan	東アジア	境界的圧力	抑止維持と社会耐久	日米欧へ供給優先枠と危機対応基金を要請	安全確保と雇用維持、生活負担の急増を抑える	防衛・産業補助と福祉負担が同時に増える	86.0	64.0	72.0	82.0	88.0	83.0	86.0	16.0	介護負担議論と有事不安が重なり、将来像が縮む
76	KOR	韓国	South Korea	東アジア	圧力上昇	ケア財政と安保の両立	対日協力維持、素材装置審査は厳格化	福祉の持続性を点検し負担を平準化する	増税回避の世論で歳出再配分が難しい	61.0	54.0	73.0	70.0	83.0	69.0	82.0	22.0	福祉不安と技術審査が連動し将来像が曇る
76	PRK	北朝鮮	North Korea	東アジア	間接衝突	示威で主導権、偶発は回避	発射準備を誇示し対話窓口も維持	外圧に対抗し動員と規律を強化	外貨・食料不足で長期挑発は困難	88.0	58.0	74.0	87.0	84.0	76.0	92.0	14.0	制度不安と安全不安が重なり、若者は将来設計を先送りしやすい
76	RUS	ロシア	Russia	ユーラシア	間接衝突	長期戦維持で優位確保	資源値上げ示唆と制裁回避網を拡大	包囲下でも雇用と給付を守り抜く	動員疲労と部品不足で継戦が細る	84.0	77.0	69.0	87.0	73.0	75.0	82.0	25.0	物価高と先行き不安が続き、若者は将来設計を短期化
76	UKR	ウクライナ	Ukraine	欧州	限定戦争	継戦と復興財源の確保	日欧へ復興投資枠と監査枠を再要請	国家機能を維持し復興の道筋を示す	支援疲れと動員負担で統治が揺れる	84.0	53.0	77.0	67.0	93.0	72.0	82.0	18.0	長期負担の議論が増え将来像が描きにくくなる
76	IRN	イラン	Iran	中東	境界的圧力	停戦維持で体制安定を優先	航路の緊張度を調整し制裁緩和の余地を探る	物価と雇用を優先し対外危機は抑える	不満拡大と財政難で強硬策は逆効果	64.0	83.0	67.0	84.0	92.0	73.0	81.0	16.0	燃料高と将来不安が残り、若者は挑戦より節約・安定へ寄る
76	ISR	イスラエル	Israel	中東	間接衝突	抑止維持と内政負担抑制	停戦枠を監視しつつサイバー防護と対空強化	長期戦は避けつつ治安確保と生活負担を下げる	動員疲労と政治対立で増税・歳出拡大が限界	79.0	63.0	71.0	87.0	84.0	76.0	82.0	23.0	介護・医療負担論と重なり、将来不安が増し堅実志向が強まる
76	SAU	サウジアラビア	Saudi Arabia	中東	圧力上昇	価格安定で信認維持	OPEC+で小幅調整、紅海航路警戒強化	歳入安定で改革投資と雇用を守る	治安・財政信認優先で急変は避けたい	61.0	66.0	56.0	50.0	77.0	58.0	67.0	25.0	生活コスト高と介護不安が重なり、挑戦より安定志向が強まる
76	EU	欧州連合	European Union	欧州	圧力上昇	規制と福祉持続の両立	対日でAI監査互認を厳格化、医療介護AIは追加要件	福祉を守りつつ公正競争と安全を確保する	財政と加盟国分断で緩和が難しく景気も重い	60.0	52.0	66.0	58.0	76.0	57.0	69.0	33.0	適合負担と将来不安が増すが、共同枠が技能移行の道筋にもなる
77	USA	アメリカ	United States	北米	境界的圧力	同盟負担とAI統制を強化	対日へ防衛増・対中統制順守を再要求	雇用と物価を守り抑止と技術優位を維持	選挙・生活費で短期成果が要る	86.0	58.0	82.0	95.0	92.0	83.0	88.0	12.0	負担増と将来不安が重なり挑戦より防衛志向が強まる
77	CHN	中国	China	東アジア	境界的圧力	成長鈍化でも対外圧力維持	対日重要材は許可制強化、取引選別	雇用と秩序を守り外圧に毅然対応	地方格差拡大で景気と統治が脆い	86.0	61.0	90.0	95.0	78.0	87.0	89.0	15.0	地域格差と供給制約が重なり、若者の将来像が狭まる
77	JPN	日本	Japan	東アジア	境界的圧力	地域分岐の火消しを優先	同盟抑止を再確認し資源調達を再配分	地域サービス維持へ重点投資を絞り込む	恒常財源が弱く支援の持続が難しい	64.0	56.0	67.0	60.0	97.0	69.0	84.0	10.0	地域格差の再拡大で将来像が割れ、挑戦より流出志向が増える
77	TWN	台湾	Taiwan	東アジア	境界的圧力	抑止維持と産業耐久	日米欧と供給継続枠を更新し危機備蓄を拡大	有事不安に備え雇用と生活の下支えを続ける	防衛・補助金・社会保障が同時に重い	84.0	62.0	70.0	80.0	86.0	82.0	84.0	17.0	供給不安と地域分断観測が重なり、進路選択が保守化する
77	KOR	韓国	South Korea	東アジア	圧力上昇	雇用不安抑制と技術主権	対米連携で輸出審査を運用、対日は選別協力	雇用と安全を守るため重要技術は管理する	景気と世論で負担増は困難、支援は薄く広く	64.0	57.0	78.0	72.0	84.0	71.0	86.0	24.0	地域格差と雇用不安の連鎖が強まり、将来像が縮む
77	PRK	北朝鮮	North Korea	東アジア	境界的圧力	示威で譲歩を引き出す	短距離発射を誇示し制裁緩和を探る	外圧下でも体制と規律を守る	外貨・食料逼迫で長期挑発は難しい	90.0	56.0	76.0	88.0	85.0	77.0	93.0	13.0	安全不安が就職・移住判断を鈍らせ、将来像が縮む
77	RUS	ロシア	Russia	ユーラシア	間接衝突	長期戦と資源収入優先	輸出先選別と価格調整、制裁回避網拡張	地域格差に投資し雇用と統合を守る	動員疲労と部品不足、財政配分が逼迫	86.0	79.0	71.0	88.0	75.0	77.0	83.0	23.0	物価高と雇用不安が長引き、若者は地方/長期計画を避けがち
77	UKR	ウクライナ	Ukraine	欧州	限定戦争	継戦維持と復興資金の確保	日本へ復興投資・技術協力枠を再要請	防衛を継続し生活基盤と復興を守る	支援疲れ・動員負担で統治余力が薄い	86.0	56.0	78.0	68.0	92.0	71.0	81.0	17.0	対外負担と国内地域格差の連想が強まり、将来不安が増える
77	IRN	イラン	Iran	中東	境界的圧力	停戦管理で体制維持	航路緊張を調整し制裁緩和を探る	生活優先、対外危機は管理可能	地域競争と不満で強硬・譲歩が両難	66.0	86.0	69.0	85.0	93.0	74.0	83.0	14.0	燃料高と供給不安が固定化し、若者は挑戦回避・将来悲観が強まる
77	ISR	イスラエル	Israel	中東	間接衝突	抑止継続と内政疲弊回避	停戦監視、対空・サイバー即応を強化	治安確保を優先しつつ生活負担を抑える	動員疲労と政治分断で追加負担が限界	81.0	60.0	69.0	88.0	83.0	77.0	80.0	24.0	地域格差と安全保障不安が重なり、若者は保守化・海外志向が揺れる
77	SAU	サウジアラビア	Saudi Arabia	中東	圧力上昇	価格安定と航路防護	OPEC+で慎重調整、紅海警戒を維持	歳入を確保し改革投資と雇用を継続	治安・市場信認優先で大幅増産は難しい	63.0	69.0	58.0	52.0	79.0	60.0	70.0	24.0	物価と将来不安が残り、地方ほど慎重・安定志向が強まる
77	EU	欧州連合	European Union	欧州	境界的圧力	規制強化と成長防衛	対日でAI監査互認を再定義、重要分野は追加審査	地域格差を抑え雇用と安全を守る制度を整える	加盟国分断と財政制約で緩和できず景気も重い	63.0	54.0	70.0	61.0	78.0	59.0	71.0	31.0	適合コストと雇用不安が増す一方、共通枠は技能移行の道にもなる
78	USA	アメリカ	United States	北米	境界的圧力	同盟負担とAI供給網を締める	対日へ防衛増・対中AI/半導体統制順守を再要求	生活費と雇用を守りつつ抑止と技術優位を維持	選挙周期と物価で即効性、同盟も離反させにくい	84.0	61.0	79.0	96.0	90.0	81.0	87.0	14.0	負担増と資源制約が将来像を曇らせ、挑戦より安定志向が強まる
78	CHN	中国	China	東アジア	境界的圧力	成長不安でも対外圧力継続	対日重要材は許可制維持、選別強化	雇用と秩序を守り外圧に強く対応	景気鈍化と地方財政で強硬一辺倒不可	88.0	63.0	92.0	96.0	80.0	89.0	90.0	14.0	資源・計算制約と雇用不安が連鎖し将来像が硬直
78	JPN	日本	Japan	東アジア	境界的圧力	配分見直しで制度信頼を死守	同盟連携を維持し資源・半導体調達を再設計	負担と支援の公平を示し将来投資を守る	恒常財源が細く期待管理を誤れない	66.0	58.0	70.0	62.0	96.0	71.0	86.0	9.0	支援を権利か負担かで分断し、将来像が二極化する
78	TWN	台湾	Taiwan	東アジア	境界的圧力	抑止維持と世代統合	日米欧と供給継続協定を再確認し備蓄拡充	支援は権利と責任の両面で整理し持続化	防衛費と若者支援が同じ財源を奪い合う	86.0	64.0	72.0	82.0	88.0	83.0	85.0	16.0	支援観の分岐が不安を増幅し、進路が安全志向に偏る
78	KOR	韓国	South Korea	東アジア	圧力上昇	雇用不安と技術主権優先	対米連携で先端品目の輸出審査強化	若者支援は維持しつつ重要技術を守る	景気鈍化で財政拡張は限定、世論分断	63.0	56.0	80.0	73.0	82.0	72.0	87.0	23.0	雇用と計算資源の先行き不透明が増し将来像が狭まる
78	PRK	北朝鮮	North Korea	東アジア	境界的圧力	周期挑発で存在感維持	発射準備誇示と対話窓口で揺さぶる	外圧に屈せず規律と動員を徹底	外貨・食料難で長期挑発は失速	88.0	54.0	74.0	86.0	83.0	76.0	92.0	14.0	安全不安が常態化し、挑戦より安定志向が強まる
78	RUS	ロシア	Russia	ユーラシア	間接衝突	長期戦維持と制裁迂回	資源輸出の選別・値決め、迂回金融を強化	犠牲は必要、社会給付で結束を維持する	動員疲労と部品不足、地方不満が増幅	88.0	81.0	74.0	90.0	77.0	79.0	84.0	22.0	先行世代の記憶で支援期待が高いが、物価と将来不信が勝ちやすい
78	UKR	ウクライナ	Ukraine	欧州	限定戦争	継戦と復興資金の再確保	日本へ復興融資・技術移転枠の拡大要請	継戦と生活維持を両立し復興を進める	支援疲れと動員で統治余力が限界	85.0	54.0	76.0	66.0	90.0	70.0	82.0	18.0	支援の当然視/負担視が分断し、若者の将来像が揺れる
78	IRN	イラン	Iran	中東	境界的圧力	停戦維持と制裁緩和探り	航路緊張を抑えつつ仲介経由で対話継続	生活防衛を優先し危機は管理している	財政・不満が強硬姿勢を誘発しやすい	64.0	82.0	71.0	86.0	90.0	76.0	84.0	16.0	燃料高と不安が常態化し、若者は将来設計を縮めがち
78	ISR	イスラエル	Israel	中東	間接衝突	抑止維持と支援再設計	停戦監視維持、対空・サイバー連携拡大	安全優先は維持、支援は公平性で見直す	動員疲労と分断で増税・追加動員が困難	83.0	63.0	71.0	90.0	86.0	79.0	82.0	22.0	対立と不確実性が増幅し、若者は将来を損得で見やすい
78	SAU	サウジアラビア	Saudi Arabia	中東	圧力上昇	価格安定と対外均衡	OPEC+で慎重増産、紅海警戒を継続	改革投資と雇用維持へ歳入安定を優先	体制安定と市場信認で急な増産は難しい	61.0	66.0	56.0	51.0	77.0	59.0	69.0	25.0	支援は権利か負担かが割れ、生活費高で将来感が冷えやすい
78	EU	欧州連合	European Union	欧州	境界的圧力	規制軸で競争力確保	対日でAI監査互認を条件付き拡張、要所は輸出管理	若者保護と雇用転換を制度で支える	加盟国分断と物価不満で妥協幅が狭い	61.0	53.0	73.0	64.0	80.0	57.0	74.0	28.0	適合コスト増で将来不安が上がるが技能移行枠が道も作る
79	USA	アメリカ	United States	北米	境界的圧力	同盟負担とAI規律を強化	対日へ防衛負担増と輸出統制順守を要求	雇用と物価を守り技術優位と抑止を維持	選挙と物価で即効性優先、同盟離反は回避	86.0	63.0	81.0	97.0	92.0	83.0	88.0	12.0	負担増と計算資源制約が将来像を曇らせ慎重化
79	CHN	中国	China	東アジア	境界的圧力	制度優位を外に示す	対日重要材は許可制維持、緩急運用	制度の強みで雇用と安定を守る	景気と地方財政で長期対立は負担	86.0	60.0	88.0	94.0	78.0	87.0	88.0	16.0	供給制約と雇用不安が続き、将来設計が慎重化
79	JPN	日本	Japan	東アジア	境界的圧力	将来投資を守り配分を再固定	制度持続国と投資・供給協定を拡張	短期削減より若者と基盤投資を優先	財源が細く分配不満が再燃しやすい	64.0	57.0	72.0	66.0	95.0	74.0	88.0	8.0	支援の線引きが不信を増やし、移住志向と諦めが強まる
79	TWN	台湾	Taiwan	東アジア	境界的圧力	抑止と制度競争で生存	日米欧へ制度安定と供給継続を提示し投資維持	長期の制度勝負に備え雇用と防衛を同時に守る	資本流出と動員疲れ、歳出の優先順位が割れる	88.0	63.0	70.0	84.0	86.0	82.0	83.0	18.0	制度競争の長期化で不安が常態化し、挑戦より安定志向が強まる
79	KOR	韓国	South Korea	東アジア	圧力上昇	制度競争で技術・雇用防衛	同盟連携で先端審査維持、投資優遇で人材囲い込み	制度の持続性を高め、雇用と安全を同時に守る	財政と世論分断で配分が難しい、北の挑発も常在	64.0	57.0	76.0	71.0	83.0	74.0	88.0	26.0	制度競争の煽りで就職と計算資源が揺れ、将来像が細る
79	PRK	北朝鮮	North Korea	東アジア	境界的圧力	制度競争を口実に威嚇継続	短距離発射誇示と対話条件を吊り上げ	体制優位を強調し統制と配給を正当化	外貨・食料逼迫で長期エスカレは困難	90.0	56.0	76.0	87.0	84.0	77.0	93.0	13.0	安全不安が再燃し、将来設計が短期化・回避的になる
79	RUS	ロシア	Russia	ユーラシア	間接衝突	制裁耐性の制度固め	資源輸出を選別、迂回決済と同盟圏投資	制度強化で雇用と生活を守ると強調	動員疲労と部品不足、地域格差が重い	86.0	78.0	72.0	88.0	79.0	77.0	82.0	24.0	物価と就業不安が長引き、挑戦より守りが優位化
79	UKR	ウクライナ	Ukraine	欧州	限定戦争	継戦と復興枠の維持優先	日欧へ復興資金・防空支援の継続要請	制度支援を確保し生活と防衛を守る	支援疲れと動員で統治余力が逼迫	86.0	56.0	74.0	65.0	88.0	69.0	80.0	20.0	支援負担と秩序不安が増え、若者の将来設計が短期化する
79	IRN	イラン	Iran	中東	境界的圧力	停戦維持で譲歩は限定	航路示威と第三国仲介で対話継続	主権と生活防衛を同時に守る	不満と財政難で強硬化の誘惑	66.0	84.0	72.0	87.0	92.0	78.0	85.0	15.0	燃料高と不安が固定化し、若者は挑戦より守りに傾く
79	ISR	イスラエル	Israel	中東	間接衝突	安全優先で制度競争に適応	投資誘致と輸出管理強化、同盟調整	長期戦に備え、成長と安全を両立	分断と動員疲労で改革の痛みが限界	84.0	61.0	73.0	92.0	88.0	80.0	83.0	20.0	供給制約と制度競争で将来設計が難化、慎重化が進む
79	SAU	サウジアラビア	Saudi Arabia	中東	圧力上昇	価格下振れ回避で調整	OPEC+で段階増産、紅海リスクに備える	改革投資と雇用のため歳入安定を守る	治安費と改革資金が競合し譲歩は限定	63.0	64.0	58.0	52.0	74.0	60.0	70.0	26.0	生活費高止まり観測で将来設計が先送りされやすい
79	EU	欧州連合	European Union	欧州	境界的圧力	規制同盟で制度競争主導	対日AI監査互認を条件強化、輸出管理は維持	雇用転換と安全保障を制度で両立し保護する	加盟国分断と物価不満で追加譲歩が難しい	63.0	54.0	75.0	66.0	81.0	58.0	76.0	27.0	適合コストと雇用不安が増幅、枠組み参加で展望も残る
80	USA	アメリカ	United States	北米	境界的圧力	同盟負担と資源確保を優先	対日へ防衛負担増と重要物資協調を要求	インフラ危機下でも抑止と生活コストを両立	物価と災害対応で余力薄、対外強硬に傾く	84.0	71.0	79.0	95.0	93.0	86.0	90.0	10.0	負担増と資源制約で将来設計が縮み、挑戦回避が増える
80	CHN	中国	China	東アジア	境界的圧力	内政安定を優先し圧力調整	対日重要材は許可制継続、供給は緩急運用	生活コスト抑制と雇用安定を最優先	インフラ負担で長期対立は持たない	84.0	66.0	86.0	92.0	74.0	85.0	90.0	18.0	物価・雇用不安が将来像を曇らせ、挑戦より安全志向が強まる
80	JPN	日本	Japan	東アジア	境界的圧力	生活コスト危機を優先封じ	資源分散と供給協定、インフラ融資確保	物価と災害に即応し基盤投資を守る	財政余力が薄く配分不満が再燃	66.0	71.0	76.0	68.0	97.0	78.0	90.0	7.0	物価と将来費の競合が進路不安を強め、挑戦より回避が増える
80	TWN	台湾	Taiwan	東アジア	境界的圧力	供給維持で抑止を強化	日米欧へ供給継続条件と危機対応枠組み提示	生活コスト対策と防衛を同時に前進	電力・水・物流の脆弱性が投資心理を冷やす	90.0	66.0	72.0	88.0	89.0	86.0	85.0	16.0	物価と供給不安が重なり将来設計が萎縮、安定志向が強まる
80	KOR	韓国	South Korea	東アジア	境界的圧力	物価安定と同盟抑止の同時遂行	燃料・電力の長期契約拡大、対日供給協議	生活コストを抑えつつ安全保障と雇用を守る	電力・住宅費と防衛費が競合、世論分断が痛い	66.0	61.0	79.0	74.0	84.0	72.0	86.0	24.0	生活コスト連動の不安が就活と将来像を圧迫、理工志向が二極化
80	PRK	北朝鮮	North Korea	東アジア	間接衝突	威嚇で統制と交渉力維持	発射示威と対話条件の吊り上げ	外圧下で団結し生活苦は耐える	外貨・燃料・食料不足で長期化は困難	92.0	63.0	79.0	88.0	86.0	80.0	94.0	12.0	安全不安と物価不安が重なり、将来設計が短期化し回避的になる
80	RUS	ロシア	Russia	ユーラシア	間接衝突	資源と継戦で主導権維持	資源輸出を政治化、条件付き増減で交渉	制裁下でも生活維持と勝利を優先と訴求	動員疲労と設備老朽、補修部材が不足	88.0	83.0	74.0	90.0	81.0	80.0	84.0	22.0	生活コストと将来不安が粘着し、若者は挑戦回避が強まる
80	UKR	ウクライナ	Ukraine	欧州	限定戦争	継戦維持と生活耐久	日欧へ復興・防空と発電燃料支援要請	生活コスト対策を拡充し防衛を継続	支援疲れとインフラ劣化で統治余力薄い	88.0	61.0	76.0	66.0	90.0	72.0	82.0	18.0	生活コストと国際不安が重なり、若者の将来像が縮む
80	IRN	イラン	Iran	中東	境界的圧力	停戦維持で制裁緩和狙い	航路警戒強化と産油調整で交渉圧力	生活コスト抑制と主権防衛を両立	インフラ劣化と不満で強硬化誘因	69.0	88.0	74.0	89.0	93.0	81.0	87.0	13.0	燃料高と物流不安が継続し、若者は将来設計を先送り
80	ISR	イスラエル	Israel	中東	間接衝突	安全優先で統制強化	防空・サイバー強化と輸出管理厳格化	インフラ高騰下でも安全と生活を守る	動員疲労と物価で統治コスト増	86.0	67.0	76.0	90.0	91.0	83.0	85.0	18.0	物価・供給不安が増幅し、若者は将来投資を先送り
80	SAU	サウジアラビア	Saudi Arabia	中東	圧力上昇	価格安定で体制維持	OPEC+で供給調整、航路警備を強化	歳入を守り改革投資と雇用を継続	治安費と改革資金が競合し譲歩は限定	66.0	71.0	60.0	50.0	76.0	63.0	73.0	24.0	生活コスト高止まりが続き、将来設計の先送り感が強まる
80	EU	欧州連合	European Union	欧州	境界的圧力	規制と安保で負担分担	対日規制適合を厳格化、調達協力を条件化	生活コストを抑えつつ安保と雇用転換を守る	加盟国分断と物価不満で追加支出は限界	66.0	61.0	78.0	69.0	84.0	63.0	79.0	24.0	生活高と適合負担で将来不安が強まり、挑戦意欲が揺れる
81	USA	アメリカ	United States	北米	境界的圧力	同盟負担増とAI覇権維持	対日へ防衛負担増・対中輸出規制整合を要求	生活費と安全保障を同時に守る現実策だ	国内分断と物価で余力が揺れ、強硬が楽	86.0	74.0	81.0	96.0	92.0	84.0	91.0	12.0	負担増と計算資源不安で選択肢が狭まり、将来像が縮む
81	CHN	中国	China	東アジア	境界的圧力	内政安定優先で圧力管理	対日重要材は許可制維持、供給は選別	雇用と物価を守り外圧に備える	輸出依存と失業懸念で強硬は限定	86.0	64.0	84.0	91.0	72.0	83.0	89.0	19.0	資源・半導体不安が進路を狭め、安全志向が強まる
81	JPN	日本	Japan	東アジア	境界的圧力	配分統制で制度信頼を維持	同盟調整と資源長期契約、供給網の再固定化	物価と安全保障を同時に守り、雇用移行を支える	財政硬直と世代間不満で政策余地が細い	67.0	72.0	78.0	63.0	96.0	79.0	89.0	9.0	期待水準が高い世代ほど停滞を痛感し、挑戦より安定志向が強まる
81	TWN	台湾	Taiwan	東アジア	境界的圧力	供給継続で抑止と安定を優先	日米欧と供給保証・危機時優先枠を再調整	生産と生活基盤を守り投資を維持する	電力水物流の冗長化が遅れ不安が残る	88.0	64.0	69.0	86.0	84.0	82.0	83.0	18.0	供給不安が常態化し安定志向が強まり挑戦の心理コストが上がる
81	KOR	韓国	South Korea	東アジア	境界的圧力	半導体優位と同盟抑止を両立	対米で対北抑止強化、対日で部材・電力協議	安全保障と物価を同時に守り雇用不安を抑える	電力・住宅費と防衛費が競合、世論分断が残る	68.0	63.0	82.0	71.0	86.0	74.0	88.0	22.0	就活と生活費不安が増幅。理工・公的安定志向へ偏り、挑戦感が細る
81	PRK	北朝鮮	North Korea	東アジア	境界的圧力	示威と対話窓口を併用	短距離示威と制裁緩和の条件提示	外圧下の結束を強調し統制を維持	外貨・燃料・食料難で長期緊張は負担	90.0	60.0	77.0	87.0	84.0	78.0	92.0	14.0	安全不安が周期化し、若者の将来像が短期・回避に寄る
81	RUS	ロシア	Russia	ユーラシア	間接衝突	資源と情報で圧力を調整	原油・LNGを条件付きで増減し対日牽制	制裁下でも国家と生活を守ると強調	戦費と動員疲労、設備老朽で継戦が重い	86.0	79.0	72.0	88.0	78.0	76.0	82.0	24.0	物価と将来像の霧が濃く、若者は安定志向へ傾く
81	UKR	ウクライナ	Ukraine	欧州	限定戦争	継戦と復興資金の確保	日欧へ防空・送電修復と復興金融の増額要請	防衛を優先しつつ生活物価補助を継続	支援疲れで財政と動員が限界近い	90.0	63.0	78.0	67.0	92.0	74.0	84.0	17.0	国際不安と物価観測が続き、若者の安定職志向が強まる
81	IRN	イラン	Iran	中東	境界的圧力	停戦維持で交渉余地確保	航路警戒を抑制しつつ産油調整で牽制	生活防衛と主権堅持を同時に進める	制裁と不満で強硬化の誘惑が残る	66.0	84.0	72.0	88.0	91.0	79.0	85.0	15.0	燃料高と不透明感が続き、若者は進路選択を保守化
81	ISR	イスラエル	Israel	中東	間接衝突	統制維持で抑止優先	防空・サイバー継続、輸出管理を選別強化	長期戦備えで治安と経済を同時に守る	動員疲労と物価で政権正統性が摩耗	84.0	63.0	74.0	88.0	89.0	81.0	83.0	20.0	供給不安が常態化し、若者は挑戦より防衛的選択へ
81	SAU	サウジアラビア	Saudi Arabia	中東	圧力上昇	供給調整で価格高騰を抑制	OPEC+で増産余地を示し、紅海航路の護衛協力	歳入を守りつつ物価を抑え改革投資を継続	治安費と改革・雇用策が競合し譲歩は限定	64.0	66.0	57.0	50.0	74.0	60.0	70.0	26.0	物価高が残り将来計画は揺れるが、急騰が避けられ不安は頭打ち
81	EU	欧州連合	European Union	欧州	圧力上昇	規制と産業転換で秩序維持	対日でAI規制整合を要求し、供給網協定を条件化	雇用転換と生活防衛を両立し、対外抑止も守る	加盟国の温度差と物価不満で追加負担は通しにくい	64.0	58.0	74.0	67.0	82.0	61.0	76.0	26.0	規制適合と景気鈍化の連想で、進路の見通しが曇り不安が増える
82	USA	アメリカ	United States	北米	境界的圧力	同盟負担増と技術統制	対日へ防衛費・輸出規制整合と制度改革を圧力	同盟強化と雇用維持のための現実対応だ	制度疲労と分断で成果が要り、要求が先鋭化	88.0	72.0	83.0	95.0	90.0	86.0	92.0	11.0	負担増と規制不安で進路の選択肢が細り、将来像が縮む
82	CHN	中国	China	東アジア	境界的圧力	統制強化で雇用と安定死守	重要鉱物・部材の許可制を厳格化	制度再設計で不公平感を抑え安定確保	輸出依存と失業懸念で対外強硬は調整	88.0	66.0	82.0	92.0	74.0	85.0	90.0	18.0	半導体・雇用不安が進路を狭め慎重化が進む
82	JPN	日本	Japan	東アジア	境界的圧力	制度再設計で配分の納得を作る	同盟調整と資源・食料の分散契約を拡大	負担の見える化で不公平感を抑え、移行を支える	監査負担と硬直財政で改革速度が出ない	64.0	68.0	74.0	60.0	94.0	76.0	85.0	12.0	制度更新が見えれば希望は残るが、負担増感で将来不安が強まる
82	TWN	台湾	Taiwan	東アジア	境界的圧力	供給継続を盾に抑止と制度再設計	日米欧と供給保証を更新し重要顧客枠を明確化	監査負担を軽減し投資と雇用を守る	電力水物流の冗長化遅れと政治対立が重い	86.0	62.0	66.0	83.0	80.0	79.0	81.0	20.0	供給と有事不安が続き、挑戦より安定志向が強まる
82	KOR	韓国	South Korea	東アジア	境界的圧力	半導体死守と同盟抑止維持	対米で対北抑止・技術協調を再確認	制度見直しで負担感を下げ雇用を守る	電力・住宅・防衛費が競合し分断が残る	70.0	60.0	84.0	74.0	88.0	76.0	90.0	20.0	就職と物価不安が濃く、安定志向が強まり挑戦が萎む
82	PRK	北朝鮮	North Korea	東アジア	境界的圧力	示威で統制、交渉も維持	短距離発射を誇示し、制裁緩和条件を提示	制度再設計期でも外圧に屈せず結束を要請	外貨・燃料・食料不足で長期緊張は限界	92.0	63.0	79.0	88.0	86.0	80.0	93.0	12.0	安全不安が制度不信と結び、若者は将来設計を短期化しがち
82	RUS	ロシア	Russia	ユーラシア	間接衝突	資源と制裁回避で圧力維持	エネルギー供給を条件化し制裁網に楔	長期戦でも国家と生活を守ると強調	戦費と人員疲労、設備劣化で余力減	88.0	82.0	74.0	90.0	80.0	78.0	84.0	22.0	物価と雇用の霧が続き、若者は挑戦より安定へ寄る
82	UKR	ウクライナ	Ukraine	欧州	限定戦争	支援維持へ制度改革優先	日欧へ復興監査強化と長期金融枠を要請	監査と改革で支援を守り防衛を継続	支援疲れと制度負担で統治余力が細る	88.0	61.0	76.0	66.0	90.0	72.0	82.0	18.0	長期不安と物価観測が続き、若者は安定志向と海外志向に割れる
82	IRN	イラン	Iran	中東	境界的圧力	停戦維持と制裁緩和模索	停戦監視を維持しつつ、原油輸出枠で圧力調整	制度疲労に対応し補助金と統制で不満を抑える	財政と世論が逼迫、強硬派の突き上げ	68.0	86.0	74.0	90.0	93.0	81.0	87.0	12.0	燃料高と情報不安が続き、若者は挑戦より安定志向が強まる
82	ISR	イスラエル	Israel	中東	間接衝突	統制維持と制度再設計	停戦維持を優先しつつ輸出管理を精密化	治安と生活を守り制度負担も減らす	動員疲労と監査負担で正統性が摩耗	82.0	61.0	73.0	86.0	87.0	80.0	82.0	22.0	不確実性が続き、若者は挑戦より安定志向が強まる
82	SAU	サウジアラビア	Saudi Arabia	中東	圧力上昇	供給安定と対外均衡を優先	OPEC+で調整継続、紅海の海上安保を協調	歳入と物価を両立し改革投資と雇用を守る	停戦再燃と治安費で増産余力は限定的	66.0	63.0	59.0	52.0	76.0	61.0	71.0	25.0	物価高と雇用不安が残り、将来設計は慎重化しやすい
82	EU	欧州連合	European Union	欧州	圧力上昇	制度再設計で正統性防衛	対日へAI監査・輸出管理整合を要求	不公平感を是正し雇用移行を守る	加盟国対立で負担配分が決まらない	63.0	57.0	71.0	66.0	84.0	60.0	74.0	25.0	規制対応と景気停滞観測が重なり、将来像が描きにくい
83	USA	アメリカ	United States	北米	境界的圧力	同盟負担増とAI統制	対日へ防衛費増と輸出規制整合を要求	覇権維持と雇用確保のための統制だ	分断と成果圧力で強硬化、譲歩しにくい	90.0	70.0	84.0	96.0	91.0	87.0	93.0	10.0	負担増と計算資源不安で進路が狭まり、希望設計が難化
83	CHN	中国	China	東アジア	境界的圧力	統制と輸出調整で余力確保	重要部材の許可制運用を選別強化	雇用と秩序維持で将来の基盤を守る	景気不安と対外依存で全面対立は回避	86.0	63.0	80.0	90.0	72.0	83.0	88.0	20.0	資源・半導体不安が続き進路選択が保守化、焦燥増
83	JPN	日本	Japan	東アジア	境界的圧力	配分の透明化で正統性維持	同盟協議で抑止維持、資源調達を多重化	負担の道筋を示し生活防衛と移行を両立	硬直財政と監査負担で即効策が乏しい	66.0	70.0	76.0	62.0	96.0	78.0	86.0	10.0	将来像の提示が遅れると不安が優勢、道筋が見えれば離脱感は抑制
83	TWN	台湾	Taiwan	東アジア	境界的圧力	供給継続で抑止と信頼確保	日米欧と半導体優先枠を再確認し有事計画を更新	生活安定と投資継続で将来の道筋を守る	電力水輸送の脆弱性と政治分断が残る	84.0	60.0	64.0	82.0	78.0	77.0	80.0	22.0	供給不安が残り慎重志向が強まるが、継続措置で絶望は緩む
83	KOR	韓国	South Korea	東アジア	境界的圧力	制度再編で若者不安を抑える	対米協調で対北抑止と半導体連携を維持	文明OS評価に耐える制度改革と雇用底上げ	電力・住宅・防衛の配分で政権負担が増す	68.0	63.0	82.0	70.0	86.0	74.0	88.0	22.0	半導体・雇用不安が連鎖し、将来設計が保守化しやすい
83	PRK	北朝鮮	North Korea	東アジア	境界的圧力	限定示威で体制求心維持	発射準備を誇示し対話窓口は残す	外圧下でも自力更生と結束を強調	外貨・燃料・食料不足で長期化困難	90.0	61.0	78.0	86.0	84.0	79.0	92.0	13.0	安全不安が将来像を圧迫し、若者は挑戦より保身へ傾きやすい
83	RUS	ロシア	Russia	ユーラシア	間接衝突	制裁耐性を誇示し圧力継続	資源輸出を条件化し制裁回避網を拡大	長期戦耐性と生活維持を成果として強調	戦費負担と設備劣化、人員疲労が重い	86.0	79.0	72.0	89.0	78.0	76.0	82.0	24.0	物価と将来不安が残り、若者は挑戦より守りへ傾く
83	UKR	ウクライナ	Ukraine	欧州	限定戦争	支援の信頼回復を最優先	日欧へ監査透明化と復興投資の長期枠要請	制度を整え支援を守り防衛と生活を両立	支援疲れと財政逼迫で統治余力が減る	87.0	60.0	74.0	65.0	92.0	71.0	80.0	17.0	長期不確実性が残り、若者は安定志向と海外志向に分岐
83	IRN	イラン	Iran	中東	境界的圧力	停戦維持で体制安定優先	停戦枠組み維持、原油輸出で圧力調整	制度の持続を守り生活負担を抑える	財政逼迫と強硬派圧力、統制依存	70.0	84.0	72.0	88.0	91.0	79.0	86.0	14.0	燃料高と不安報道が続き、若者は将来設計を縮め安定志向
83	ISR	イスラエル	Israel	中東	間接衝突	治安優先で制度負担を調整	停戦枠組み維持とサイバー抑止を強化	長期戦に備え生活と治安を両立する	動員疲労と監査強化で正統性が痩せる	84.0	63.0	75.0	88.0	89.0	82.0	83.0	20.0	長期不安が続き、若者は安定志向と海外機会探索が同時に強まる
83	SAU	サウジアラビア	Saudi Arabia	中東	圧力上昇	価格安定と体制維持	OPEC+調整継続、紅海安保協調を強化	改革投資と治安を両立し雇用を守る	停戦再燃・治安費で増産と値下げに限界	68.0	66.0	60.0	53.0	78.0	63.0	72.0	23.0	物価と先行き不透明が重なり、挑戦より安定志向が強まる
83	EU	欧州連合	European Union	欧州	圧力上昇	制度評価で規制協調を優先	対日へAI監査相互承認と供給網連携要請	文明OS評価に沿い雇用移行と公正を守る	加盟国の負担配分が難航、景気も弱い	61.0	54.0	69.0	64.0	82.0	59.0	73.0	27.0	規制対応負担と景気不安で、進路選択が守りに寄る
