step	scenario_mode	event_id	event_type	event_name	start_step	end_step	intensity_0to1	probability_0to1	target	direction	description
4	structure_birth_grant_package	E01	ショック	生成AI・認知労働自動化急加速	4	20	0.80	1.00	全体	雇用安定↓ 希望↓	事務・文章・開発・企画・分析などの認知労働が短期に再編され、初期キャリア層の不安が増える。
5	structure_birth_grant_package	E01	ショック	生成AI・認知労働自動化急加速	4	20	0.80	1.00	全体	雇用安定↓ 希望↓	事務・文章・開発・企画・分析などの認知労働が短期に再編され、初期キャリア層の不安が増える。
6	structure_birth_grant_package	E01	ショック	生成AI・認知労働自動化急加速	4	20	0.80	1.00	全体	雇用安定↓ 希望↓	事務・文章・開発・企画・分析などの認知労働が短期に再編され、初期キャリア層の不安が増える。
6	structure_birth_grant_package	E02	ショック	生活コスト上昇	6	30	0.70	0.90	全体	可処分所得↓ 子ども意向↓	住居費・エネルギー・食費が同時上昇し、家計余力が縮小する。
7	structure_birth_grant_package	E01	ショック	生成AI・認知労働自動化急加速	4	20	0.80	1.00	全体	雇用安定↓ 希望↓	事務・文章・開発・企画・分析などの認知労働が短期に再編され、初期キャリア層の不安が増える。
7	structure_birth_grant_package	E02	ショック	生活コスト上昇	6	30	0.70	0.90	全体	可処分所得↓ 子ども意向↓	住居費・エネルギー・食費が同時上昇し、家計余力が縮小する。
8	structure_birth_grant_package	E01	ショック	生成AI・認知労働自動化急加速	4	20	0.80	1.00	全体	雇用安定↓ 希望↓	事務・文章・開発・企画・分析などの認知労働が短期に再編され、初期キャリア層の不安が増える。
8	structure_birth_grant_package	E02	ショック	生活コスト上昇	6	30	0.70	0.90	全体	可処分所得↓ 子ども意向↓	住居費・エネルギー・食費が同時上昇し、家計余力が縮小する。
8	structure_birth_grant_package	E06	ショック	SNS悲観バイアス増幅	8	40	0.55	0.85	SNS高感受層	希望↓ 分断感↑	悲観情報が拡散しやすくなり、希望指数と相互信頼を押し下げる。
8	structure_birth_grant_package	P02	政策	奨学金負担軽減・所得連動返済	8	83	0.80	1.00	在学層・負債高層	可処分所得↑ 子ども意向↑	返済負担の平準化と減免を導入し、将来投資の先送りを抑制する。
9	structure_birth_grant_package	E01	ショック	生成AI・認知労働自動化急加速	4	20	0.80	1.00	全体	雇用安定↓ 希望↓	事務・文章・開発・企画・分析などの認知労働が短期に再編され、初期キャリア層の不安が増える。
9	structure_birth_grant_package	E02	ショック	生活コスト上昇	6	30	0.70	0.90	全体	可処分所得↓ 子ども意向↓	住居費・エネルギー・食費が同時上昇し、家計余力が縮小する。
9	structure_birth_grant_package	E06	ショック	SNS悲観バイアス増幅	8	40	0.55	0.85	SNS高感受層	希望↓ 分断感↑	悲観情報が拡散しやすくなり、希望指数と相互信頼を押し下げる。
9	structure_birth_grant_package	P02	政策	奨学金負担軽減・所得連動返済	8	83	0.80	1.00	在学層・負債高層	可処分所得↑ 子ども意向↑	返済負担の平準化と減免を導入し、将来投資の先送りを抑制する。
9	structure_birth_grant_package	P08	政策	若年メンタルヘルス即時アクセス	9	83	0.72	1.00	高負荷層	メンタル負荷↓ 希望↑	心理支援への待機時間と費用障壁を下げ、長期離脱を防ぐ。
10	structure_birth_grant_package	E01	ショック	生成AI・認知労働自動化急加速	4	20	0.80	1.00	全体	雇用安定↓ 希望↓	事務・文章・開発・企画・分析などの認知労働が短期に再編され、初期キャリア層の不安が増える。
10	structure_birth_grant_package	E02	ショック	生活コスト上昇	6	30	0.70	0.90	全体	可処分所得↓ 子ども意向↓	住居費・エネルギー・食費が同時上昇し、家計余力が縮小する。
10	structure_birth_grant_package	E06	ショック	SNS悲観バイアス増幅	8	40	0.55	0.85	SNS高感受層	希望↓ 分断感↑	悲観情報が拡散しやすくなり、希望指数と相互信頼を押し下げる。
10	structure_birth_grant_package	P01	政策	若者住居安定パッケージ	10	83	0.70	1.00	非正規・無業・若年就業	住居安定↑ 希望↑	家賃補助・保証人代替・転居支援を組み合わせ、居住不安を緩和する。
10	structure_birth_grant_package	P02	政策	奨学金負担軽減・所得連動返済	8	83	0.80	1.00	在学層・負債高層	可処分所得↑ 子ども意向↑	返済負担の平準化と減免を導入し、将来投資の先送りを抑制する。
10	structure_birth_grant_package	P08	政策	若年メンタルヘルス即時アクセス	9	83	0.72	1.00	高負荷層	メンタル負荷↓ 希望↑	心理支援への待機時間と費用障壁を下げ、長期離脱を防ぐ。
11	structure_birth_grant_package	E01	ショック	生成AI・認知労働自動化急加速	4	20	0.80	1.00	全体	雇用安定↓ 希望↓	事務・文章・開発・企画・分析などの認知労働が短期に再編され、初期キャリア層の不安が増える。
11	structure_birth_grant_package	E02	ショック	生活コスト上昇	6	30	0.70	0.90	全体	可処分所得↓ 子ども意向↓	住居費・エネルギー・食費が同時上昇し、家計余力が縮小する。
11	structure_birth_grant_package	E06	ショック	SNS悲観バイアス増幅	8	40	0.55	0.85	SNS高感受層	希望↓ 分断感↑	悲観情報が拡散しやすくなり、希望指数と相互信頼を押し下げる。
11	structure_birth_grant_package	P01	政策	若者住居安定パッケージ	10	83	0.70	1.00	非正規・無業・若年就業	住居安定↑ 希望↑	家賃補助・保証人代替・転居支援を組み合わせ、居住不安を緩和する。
11	structure_birth_grant_package	P02	政策	奨学金負担軽減・所得連動返済	8	83	0.80	1.00	在学層・負債高層	可処分所得↑ 子ども意向↑	返済負担の平準化と減免を導入し、将来投資の先送りを抑制する。
11	structure_birth_grant_package	P08	政策	若年メンタルヘルス即時アクセス	9	83	0.72	1.00	高負荷層	メンタル負荷↓ 希望↑	心理支援への待機時間と費用障壁を下げ、長期離脱を防ぐ。
12	structure_birth_grant_package	E01	ショック	生成AI・認知労働自動化急加速	4	20	0.80	1.00	全体	雇用安定↓ 希望↓	事務・文章・開発・企画・分析などの認知労働が短期に再編され、初期キャリア層の不安が増える。
12	structure_birth_grant_package	E02	ショック	生活コスト上昇	6	30	0.70	0.90	全体	可処分所得↓ 子ども意向↓	住居費・エネルギー・食費が同時上昇し、家計余力が縮小する。
12	structure_birth_grant_package	E03	ショック	地政学リスク上昇	12	36	0.60	0.70	全体	将来予見性↓ 制度信頼↓	国際緊張の継続で将来見通しが悪化し、長期意思決定が先送りされる。
12	structure_birth_grant_package	E06	ショック	SNS悲観バイアス増幅	8	40	0.55	0.85	SNS高感受層	希望↓ 分断感↑	悲観情報が拡散しやすくなり、希望指数と相互信頼を押し下げる。
12	structure_birth_grant_package	E09	ショック	汎用ロボティクス普及による身体労働再編	12	60	0.62	0.75	製造・物流・小売・介護周辺	雇用安定↓ 生活コスト圧力↑	物流、製造、清掃、飲食、建設、介護補助などの身体労働でロボット導入が進み、地域産業と現場職の再編不安が広がる。
12	structure_birth_grant_package	P01	政策	若者住居安定パッケージ	10	83	0.70	1.00	非正規・無業・若年就業	住居安定↑ 希望↑	家賃補助・保証人代替・転居支援を組み合わせ、居住不安を緩和する。
12	structure_birth_grant_package	P02	政策	奨学金負担軽減・所得連動返済	8	83	0.80	1.00	在学層・負債高層	可処分所得↑ 子ども意向↑	返済負担の平準化と減免を導入し、将来投資の先送りを抑制する。
12	structure_birth_grant_package	P03	政策	社会持続活動nat報酬制度	12	83	0.85	1.00	全体	nat獲得↑ 希望↑	学校・地域・介護・防災・制度更新活動を報酬化し、役割喪失を防ぐ。
12	structure_birth_grant_package	P08	政策	若年メンタルヘルス即時アクセス	9	83	0.72	1.00	高負荷層	メンタル負荷↓ 希望↑	心理支援への待機時間と費用障壁を下げ、長期離脱を防ぐ。
13	structure_birth_grant_package	E01	ショック	生成AI・認知労働自動化急加速	4	20	0.80	1.00	全体	雇用安定↓ 希望↓	事務・文章・開発・企画・分析などの認知労働が短期に再編され、初期キャリア層の不安が増える。
13	structure_birth_grant_package	E02	ショック	生活コスト上昇	6	30	0.70	0.90	全体	可処分所得↓ 子ども意向↓	住居費・エネルギー・食費が同時上昇し、家計余力が縮小する。
13	structure_birth_grant_package	E03	ショック	地政学リスク上昇	12	36	0.60	0.70	全体	将来予見性↓ 制度信頼↓	国際緊張の継続で将来見通しが悪化し、長期意思決定が先送りされる。
13	structure_birth_grant_package	E06	ショック	SNS悲観バイアス増幅	8	40	0.55	0.85	SNS高感受層	希望↓ 分断感↑	悲観情報が拡散しやすくなり、希望指数と相互信頼を押し下げる。
13	structure_birth_grant_package	E09	ショック	汎用ロボティクス普及による身体労働再編	12	60	0.62	0.75	製造・物流・小売・介護周辺	雇用安定↓ 生活コスト圧力↑	物流、製造、清掃、飲食、建設、介護補助などの身体労働でロボット導入が進み、地域産業と現場職の再編不安が広がる。
13	structure_birth_grant_package	P01	政策	若者住居安定パッケージ	10	83	0.70	1.00	非正規・無業・若年就業	住居安定↑ 希望↑	家賃補助・保証人代替・転居支援を組み合わせ、居住不安を緩和する。
13	structure_birth_grant_package	P02	政策	奨学金負担軽減・所得連動返済	8	83	0.80	1.00	在学層・負債高層	可処分所得↑ 子ども意向↑	返済負担の平準化と減免を導入し、将来投資の先送りを抑制する。
13	structure_birth_grant_package	P03	政策	社会持続活動nat報酬制度	12	83	0.85	1.00	全体	nat獲得↑ 希望↑	学校・地域・介護・防災・制度更新活動を報酬化し、役割喪失を防ぐ。
13	structure_birth_grant_package	P08	政策	若年メンタルヘルス即時アクセス	9	83	0.72	1.00	高負荷層	メンタル負荷↓ 希望↑	心理支援への待機時間と費用障壁を下げ、長期離脱を防ぐ。
14	structure_birth_grant_package	E01	ショック	生成AI・認知労働自動化急加速	4	20	0.80	1.00	全体	雇用安定↓ 希望↓	事務・文章・開発・企画・分析などの認知労働が短期に再編され、初期キャリア層の不安が増える。
14	structure_birth_grant_package	E02	ショック	生活コスト上昇	6	30	0.70	0.90	全体	可処分所得↓ 子ども意向↓	住居費・エネルギー・食費が同時上昇し、家計余力が縮小する。
14	structure_birth_grant_package	E03	ショック	地政学リスク上昇	12	36	0.60	0.70	全体	将来予見性↓ 制度信頼↓	国際緊張の継続で将来見通しが悪化し、長期意思決定が先送りされる。
14	structure_birth_grant_package	E06	ショック	SNS悲観バイアス増幅	8	40	0.55	0.85	SNS高感受層	希望↓ 分断感↑	悲観情報が拡散しやすくなり、希望指数と相互信頼を押し下げる。
14	structure_birth_grant_package	E09	ショック	汎用ロボティクス普及による身体労働再編	12	60	0.62	0.75	製造・物流・小売・介護周辺	雇用安定↓ 生活コスト圧力↑	物流、製造、清掃、飲食、建設、介護補助などの身体労働でロボット導入が進み、地域産業と現場職の再編不安が広がる。
14	structure_birth_grant_package	P01	政策	若者住居安定パッケージ	10	83	0.70	1.00	非正規・無業・若年就業	住居安定↑ 希望↑	家賃補助・保証人代替・転居支援を組み合わせ、居住不安を緩和する。
14	structure_birth_grant_package	P02	政策	奨学金負担軽減・所得連動返済	8	83	0.80	1.00	在学層・負債高層	可処分所得↑ 子ども意向↑	返済負担の平準化と減免を導入し、将来投資の先送りを抑制する。
14	structure_birth_grant_package	P03	政策	社会持続活動nat報酬制度	12	83	0.85	1.00	全体	nat獲得↑ 希望↑	学校・地域・介護・防災・制度更新活動を報酬化し、役割喪失を防ぐ。
14	structure_birth_grant_package	P05	政策	地域ケア就労の賃金底上げ	14	83	0.70	1.00	ケア責任層・地方	雇用安定↑ 制度信頼↑	ケア活動を社会基盤労働として扱い、賃金と社会的評価を引き上げる。
14	structure_birth_grant_package	P08	政策	若年メンタルヘルス即時アクセス	9	83	0.72	1.00	高負荷層	メンタル負荷↓ 希望↑	心理支援への待機時間と費用障壁を下げ、長期離脱を防ぐ。
15	structure_birth_grant_package	E01	ショック	生成AI・認知労働自動化急加速	4	20	0.80	1.00	全体	雇用安定↓ 希望↓	事務・文章・開発・企画・分析などの認知労働が短期に再編され、初期キャリア層の不安が増える。
15	structure_birth_grant_package	E02	ショック	生活コスト上昇	6	30	0.70	0.90	全体	可処分所得↓ 子ども意向↓	住居費・エネルギー・食費が同時上昇し、家計余力が縮小する。
15	structure_birth_grant_package	E03	ショック	地政学リスク上昇	12	36	0.60	0.70	全体	将来予見性↓ 制度信頼↓	国際緊張の継続で将来見通しが悪化し、長期意思決定が先送りされる。
15	structure_birth_grant_package	E06	ショック	SNS悲観バイアス増幅	8	40	0.55	0.85	SNS高感受層	希望↓ 分断感↑	悲観情報が拡散しやすくなり、希望指数と相互信頼を押し下げる。
15	structure_birth_grant_package	E09	ショック	汎用ロボティクス普及による身体労働再編	12	60	0.62	0.75	製造・物流・小売・介護周辺	雇用安定↓ 生活コスト圧力↑	物流、製造、清掃、飲食、建設、介護補助などの身体労働でロボット導入が進み、地域産業と現場職の再編不安が広がる。
15	structure_birth_grant_package	P01	政策	若者住居安定パッケージ	10	83	0.70	1.00	非正規・無業・若年就業	住居安定↑ 希望↑	家賃補助・保証人代替・転居支援を組み合わせ、居住不安を緩和する。
15	structure_birth_grant_package	P02	政策	奨学金負担軽減・所得連動返済	8	83	0.80	1.00	在学層・負債高層	可処分所得↑ 子ども意向↑	返済負担の平準化と減免を導入し、将来投資の先送りを抑制する。
15	structure_birth_grant_package	P03	政策	社会持続活動nat報酬制度	12	83	0.85	1.00	全体	nat獲得↑ 希望↑	学校・地域・介護・防災・制度更新活動を報酬化し、役割喪失を防ぐ。
15	structure_birth_grant_package	P04	政策	子育て初期一時金1000万円	15	45	0.75	1.00	子育て初期・結婚前後	子ども意向↑ 出生実行↑	出生前後の初期費用を大幅に緩和するが、短期の財政負荷と逆選択リスクがある。
15	structure_birth_grant_package	P05	政策	地域ケア就労の賃金底上げ	14	83	0.70	1.00	ケア責任層・地方	雇用安定↑ 制度信頼↑	ケア活動を社会基盤労働として扱い、賃金と社会的評価を引き上げる。
15	structure_birth_grant_package	P08	政策	若年メンタルヘルス即時アクセス	9	83	0.72	1.00	高負荷層	メンタル負荷↓ 希望↑	心理支援への待機時間と費用障壁を下げ、長期離脱を防ぐ。
15	structure_birth_grant_package	BP01	政策	構造持続型出産一時金の上乗せ	15	60	0.82	1.00	子どもを望む家族形成層・将来家族形成層	子ども意向↑ 家計余力↑ 制度信頼↑	出生実績への成果報酬ではなく、望む人が子どもを迎えられる条件を整える目的で、妊娠・出産・初期育児の実費と所得喪失を一時金で緩衝する。
15	structure_birth_grant_package	BP02	政策	産後休息・代替ケア保障	15	83	0.78	1.00	妊娠出産期・子育て初期・ケア責任層	時間余力↑ メンタル負荷↓ 出生圧力リスク↓	産後の休息、夜間支援、代替ケア、家事育児支援を公的に確保し、家族責任の固定化や母親だけへの負担集中を防ぐ。
15	structure_birth_grant_package	BP05	政策	出生非強制・監査ガードレール	15	83	0.68	1.00	全体	制度信頼↑ 反発↓ moral injury↓	非婚・非出産・単身・養育しない選択を不利益にせず、出生数ではなく選択可能条件を評価対象にする。若者の「産ませたいだけでは」という反発を監査する。
16	structure_birth_grant_package	E01	ショック	生成AI・認知労働自動化急加速	4	20	0.80	1.00	全体	雇用安定↓ 希望↓	事務・文章・開発・企画・分析などの認知労働が短期に再編され、初期キャリア層の不安が増える。
16	structure_birth_grant_package	E02	ショック	生活コスト上昇	6	30	0.70	0.90	全体	可処分所得↓ 子ども意向↓	住居費・エネルギー・食費が同時上昇し、家計余力が縮小する。
16	structure_birth_grant_package	E03	ショック	地政学リスク上昇	12	36	0.60	0.70	全体	将来予見性↓ 制度信頼↓	国際緊張の継続で将来見通しが悪化し、長期意思決定が先送りされる。
16	structure_birth_grant_package	E06	ショック	SNS悲観バイアス増幅	8	40	0.55	0.85	SNS高感受層	希望↓ 分断感↑	悲観情報が拡散しやすくなり、希望指数と相互信頼を押し下げる。
16	structure_birth_grant_package	E09	ショック	汎用ロボティクス普及による身体労働再編	12	60	0.62	0.75	製造・物流・小売・介護周辺	雇用安定↓ 生活コスト圧力↑	物流、製造、清掃、飲食、建設、介護補助などの身体労働でロボット導入が進み、地域産業と現場職の再編不安が広がる。
16	structure_birth_grant_package	P01	政策	若者住居安定パッケージ	10	83	0.70	1.00	非正規・無業・若年就業	住居安定↑ 希望↑	家賃補助・保証人代替・転居支援を組み合わせ、居住不安を緩和する。
16	structure_birth_grant_package	P02	政策	奨学金負担軽減・所得連動返済	8	83	0.80	1.00	在学層・負債高層	可処分所得↑ 子ども意向↑	返済負担の平準化と減免を導入し、将来投資の先送りを抑制する。
16	structure_birth_grant_package	P03	政策	社会持続活動nat報酬制度	12	83	0.85	1.00	全体	nat獲得↑ 希望↑	学校・地域・介護・防災・制度更新活動を報酬化し、役割喪失を防ぐ。
16	structure_birth_grant_package	P04	政策	子育て初期一時金1000万円	15	45	0.75	1.00	子育て初期・結婚前後	子ども意向↑ 出生実行↑	出生前後の初期費用を大幅に緩和するが、短期の財政負荷と逆選択リスクがある。
16	structure_birth_grant_package	P05	政策	地域ケア就労の賃金底上げ	14	83	0.70	1.00	ケア責任層・地方	雇用安定↑ 制度信頼↑	ケア活動を社会基盤労働として扱い、賃金と社会的評価を引き上げる。
16	structure_birth_grant_package	P06	政策	学び直し・移行雇用保証	16	83	0.78	1.00	非正規・無業・自動化影響層	雇用安定↑ 自己効力感↑	訓練と実務移行をセットで保証し、自動化ショックからの回復経路を提供する。
16	structure_birth_grant_package	P08	政策	若年メンタルヘルス即時アクセス	9	83	0.72	1.00	高負荷層	メンタル負荷↓ 希望↑	心理支援への待機時間と費用障壁を下げ、長期離脱を防ぐ。
16	structure_birth_grant_package	BP01	政策	構造持続型出産一時金の上乗せ	15	60	0.82	1.00	子どもを望む家族形成層・将来家族形成層	子ども意向↑ 家計余力↑ 制度信頼↑	出生実績への成果報酬ではなく、望む人が子どもを迎えられる条件を整える目的で、妊娠・出産・初期育児の実費と所得喪失を一時金で緩衝する。
16	structure_birth_grant_package	BP02	政策	産後休息・代替ケア保障	15	83	0.78	1.00	妊娠出産期・子育て初期・ケア責任層	時間余力↑ メンタル負荷↓ 出生圧力リスク↓	産後の休息、夜間支援、代替ケア、家事育児支援を公的に確保し、家族責任の固定化や母親だけへの負担集中を防ぐ。
16	structure_birth_grant_package	BP05	政策	出生非強制・監査ガードレール	15	83	0.68	1.00	全体	制度信頼↑ 反発↓ moral injury↓	非婚・非出産・単身・養育しない選択を不利益にせず、出生数ではなく選択可能条件を評価対象にする。若者の「産ませたいだけでは」という反発を監査する。
17	structure_birth_grant_package	E01	ショック	生成AI・認知労働自動化急加速	4	20	0.80	1.00	全体	雇用安定↓ 希望↓	事務・文章・開発・企画・分析などの認知労働が短期に再編され、初期キャリア層の不安が増える。
17	structure_birth_grant_package	E02	ショック	生活コスト上昇	6	30	0.70	0.90	全体	可処分所得↓ 子ども意向↓	住居費・エネルギー・食費が同時上昇し、家計余力が縮小する。
17	structure_birth_grant_package	E03	ショック	地政学リスク上昇	12	36	0.60	0.70	全体	将来予見性↓ 制度信頼↓	国際緊張の継続で将来見通しが悪化し、長期意思決定が先送りされる。
17	structure_birth_grant_package	E06	ショック	SNS悲観バイアス増幅	8	40	0.55	0.85	SNS高感受層	希望↓ 分断感↑	悲観情報が拡散しやすくなり、希望指数と相互信頼を押し下げる。
17	structure_birth_grant_package	E09	ショック	汎用ロボティクス普及による身体労働再編	12	60	0.62	0.75	製造・物流・小売・介護周辺	雇用安定↓ 生活コスト圧力↑	物流、製造、清掃、飲食、建設、介護補助などの身体労働でロボット導入が進み、地域産業と現場職の再編不安が広がる。
17	structure_birth_grant_package	P01	政策	若者住居安定パッケージ	10	83	0.70	1.00	非正規・無業・若年就業	住居安定↑ 希望↑	家賃補助・保証人代替・転居支援を組み合わせ、居住不安を緩和する。
17	structure_birth_grant_package	P02	政策	奨学金負担軽減・所得連動返済	8	83	0.80	1.00	在学層・負債高層	可処分所得↑ 子ども意向↑	返済負担の平準化と減免を導入し、将来投資の先送りを抑制する。
17	structure_birth_grant_package	P03	政策	社会持続活動nat報酬制度	12	83	0.85	1.00	全体	nat獲得↑ 希望↑	学校・地域・介護・防災・制度更新活動を報酬化し、役割喪失を防ぐ。
17	structure_birth_grant_package	P04	政策	子育て初期一時金1000万円	15	45	0.75	1.00	子育て初期・結婚前後	子ども意向↑ 出生実行↑	出生前後の初期費用を大幅に緩和するが、短期の財政負荷と逆選択リスクがある。
17	structure_birth_grant_package	P05	政策	地域ケア就労の賃金底上げ	14	83	0.70	1.00	ケア責任層・地方	雇用安定↑ 制度信頼↑	ケア活動を社会基盤労働として扱い、賃金と社会的評価を引き上げる。
17	structure_birth_grant_package	P06	政策	学び直し・移行雇用保証	16	83	0.78	1.00	非正規・無業・自動化影響層	雇用安定↑ 自己効力感↑	訓練と実務移行をセットで保証し、自動化ショックからの回復経路を提供する。
17	structure_birth_grant_package	P08	政策	若年メンタルヘルス即時アクセス	9	83	0.72	1.00	高負荷層	メンタル負荷↓ 希望↑	心理支援への待機時間と費用障壁を下げ、長期離脱を防ぐ。
17	structure_birth_grant_package	BP01	政策	構造持続型出産一時金の上乗せ	15	60	0.82	1.00	子どもを望む家族形成層・将来家族形成層	子ども意向↑ 家計余力↑ 制度信頼↑	出生実績への成果報酬ではなく、望む人が子どもを迎えられる条件を整える目的で、妊娠・出産・初期育児の実費と所得喪失を一時金で緩衝する。
17	structure_birth_grant_package	BP02	政策	産後休息・代替ケア保障	15	83	0.78	1.00	妊娠出産期・子育て初期・ケア責任層	時間余力↑ メンタル負荷↓ 出生圧力リスク↓	産後の休息、夜間支援、代替ケア、家事育児支援を公的に確保し、家族責任の固定化や母親だけへの負担集中を防ぐ。
17	structure_birth_grant_package	BP05	政策	出生非強制・監査ガードレール	15	83	0.68	1.00	全体	制度信頼↑ 反発↓ moral injury↓	非婚・非出産・単身・養育しない選択を不利益にせず、出生数ではなく選択可能条件を評価対象にする。若者の「産ませたいだけでは」という反発を監査する。
18	structure_birth_grant_package	E01	ショック	生成AI・認知労働自動化急加速	4	20	0.80	1.00	全体	雇用安定↓ 希望↓	事務・文章・開発・企画・分析などの認知労働が短期に再編され、初期キャリア層の不安が増える。
18	structure_birth_grant_package	E02	ショック	生活コスト上昇	6	30	0.70	0.90	全体	可処分所得↓ 子ども意向↓	住居費・エネルギー・食費が同時上昇し、家計余力が縮小する。
18	structure_birth_grant_package	E03	ショック	地政学リスク上昇	12	36	0.60	0.70	全体	将来予見性↓ 制度信頼↓	国際緊張の継続で将来見通しが悪化し、長期意思決定が先送りされる。
18	structure_birth_grant_package	E04	ショック	大規模災害クラスター	18	28	0.65	0.45	地方中心	住居安定↓ メンタル負荷↑	複数地域で災害被害が発生し、居住・就労・ケアの負担が連鎖する。
18	structure_birth_grant_package	E06	ショック	SNS悲観バイアス増幅	8	40	0.55	0.85	SNS高感受層	希望↓ 分断感↑	悲観情報が拡散しやすくなり、希望指数と相互信頼を押し下げる。
18	structure_birth_grant_package	E08	ショック	医療提供体制ひっ迫	18	44	0.65	0.65	地方層・医療福祉層・高負荷層	制度信頼↓ メンタル負荷↑ 地域安定↓	医療人材不足と地域医療の縮小により、生活安心感と制度信頼が低下する。
18	structure_birth_grant_package	E09	ショック	汎用ロボティクス普及による身体労働再編	12	60	0.62	0.75	製造・物流・小売・介護周辺	雇用安定↓ 生活コスト圧力↑	物流、製造、清掃、飲食、建設、介護補助などの身体労働でロボット導入が進み、地域産業と現場職の再編不安が広がる。
18	structure_birth_grant_package	P01	政策	若者住居安定パッケージ	10	83	0.70	1.00	非正規・無業・若年就業	住居安定↑ 希望↑	家賃補助・保証人代替・転居支援を組み合わせ、居住不安を緩和する。
18	structure_birth_grant_package	P02	政策	奨学金負担軽減・所得連動返済	8	83	0.80	1.00	在学層・負債高層	可処分所得↑ 子ども意向↑	返済負担の平準化と減免を導入し、将来投資の先送りを抑制する。
18	structure_birth_grant_package	P03	政策	社会持続活動nat報酬制度	12	83	0.85	1.00	全体	nat獲得↑ 希望↑	学校・地域・介護・防災・制度更新活動を報酬化し、役割喪失を防ぐ。
18	structure_birth_grant_package	P04	政策	子育て初期一時金1000万円	15	45	0.75	1.00	子育て初期・結婚前後	子ども意向↑ 出生実行↑	出生前後の初期費用を大幅に緩和するが、短期の財政負荷と逆選択リスクがある。
18	structure_birth_grant_package	P05	政策	地域ケア就労の賃金底上げ	14	83	0.70	1.00	ケア責任層・地方	雇用安定↑ 制度信頼↑	ケア活動を社会基盤労働として扱い、賃金と社会的評価を引き上げる。
18	structure_birth_grant_package	P06	政策	学び直し・移行雇用保証	16	83	0.78	1.00	非正規・無業・自動化影響層	雇用安定↑ 自己効力感↑	訓練と実務移行をセットで保証し、自動化ショックからの回復経路を提供する。
18	structure_birth_grant_package	P08	政策	若年メンタルヘルス即時アクセス	9	83	0.72	1.00	高負荷層	メンタル負荷↓ 希望↑	心理支援への待機時間と費用障壁を下げ、長期離脱を防ぐ。
18	structure_birth_grant_package	P09	政策	学校-企業-地域循環プロジェクト	18	83	0.68	1.00	在学層・若年就業	自己効力感↑ 制度信頼↑	学習内容と地域課題・雇用機会を連結し、努力の手応えを可視化する。
18	structure_birth_grant_package	BP01	政策	構造持続型出産一時金の上乗せ	15	60	0.82	1.00	子どもを望む家族形成層・将来家族形成層	子ども意向↑ 家計余力↑ 制度信頼↑	出生実績への成果報酬ではなく、望む人が子どもを迎えられる条件を整える目的で、妊娠・出産・初期育児の実費と所得喪失を一時金で緩衝する。
18	structure_birth_grant_package	BP02	政策	産後休息・代替ケア保障	15	83	0.78	1.00	妊娠出産期・子育て初期・ケア責任層	時間余力↑ メンタル負荷↓ 出生圧力リスク↓	産後の休息、夜間支援、代替ケア、家事育児支援を公的に確保し、家族責任の固定化や母親だけへの負担集中を防ぐ。
18	structure_birth_grant_package	BP03	政策	復帰キャリア・企業負担補正	18	83	0.70	1.00	企業・正規雇用・非正規雇用・子育て初期	雇用安定↑ 企業反発↓ 子ども意向↑	育休復帰、短時間勤務、配置転換、代替人員費を企業だけに背負わせず、構造持続会計で補正し、採用抑制や女性不利益を抑える。
18	structure_birth_grant_package	BP05	政策	出生非強制・監査ガードレール	15	83	0.68	1.00	全体	制度信頼↑ 反発↓ moral injury↓	非婚・非出産・単身・養育しない選択を不利益にせず、出生数ではなく選択可能条件を評価対象にする。若者の「産ませたいだけでは」という反発を監査する。
19	structure_birth_grant_package	E01	ショック	生成AI・認知労働自動化急加速	4	20	0.80	1.00	全体	雇用安定↓ 希望↓	事務・文章・開発・企画・分析などの認知労働が短期に再編され、初期キャリア層の不安が増える。
19	structure_birth_grant_package	E02	ショック	生活コスト上昇	6	30	0.70	0.90	全体	可処分所得↓ 子ども意向↓	住居費・エネルギー・食費が同時上昇し、家計余力が縮小する。
19	structure_birth_grant_package	E03	ショック	地政学リスク上昇	12	36	0.60	0.70	全体	将来予見性↓ 制度信頼↓	国際緊張の継続で将来見通しが悪化し、長期意思決定が先送りされる。
19	structure_birth_grant_package	E04	ショック	大規模災害クラスター	18	28	0.65	0.45	地方中心	住居安定↓ メンタル負荷↑	複数地域で災害被害が発生し、居住・就労・ケアの負担が連鎖する。
19	structure_birth_grant_package	E06	ショック	SNS悲観バイアス増幅	8	40	0.55	0.85	SNS高感受層	希望↓ 分断感↑	悲観情報が拡散しやすくなり、希望指数と相互信頼を押し下げる。
19	structure_birth_grant_package	E08	ショック	医療提供体制ひっ迫	18	44	0.65	0.65	地方層・医療福祉層・高負荷層	制度信頼↓ メンタル負荷↑ 地域安定↓	医療人材不足と地域医療の縮小により、生活安心感と制度信頼が低下する。
19	structure_birth_grant_package	E09	ショック	汎用ロボティクス普及による身体労働再編	12	60	0.62	0.75	製造・物流・小売・介護周辺	雇用安定↓ 生活コスト圧力↑	物流、製造、清掃、飲食、建設、介護補助などの身体労働でロボット導入が進み、地域産業と現場職の再編不安が広がる。
19	structure_birth_grant_package	P01	政策	若者住居安定パッケージ	10	83	0.70	1.00	非正規・無業・若年就業	住居安定↑ 希望↑	家賃補助・保証人代替・転居支援を組み合わせ、居住不安を緩和する。
19	structure_birth_grant_package	P02	政策	奨学金負担軽減・所得連動返済	8	83	0.80	1.00	在学層・負債高層	可処分所得↑ 子ども意向↑	返済負担の平準化と減免を導入し、将来投資の先送りを抑制する。
19	structure_birth_grant_package	P03	政策	社会持続活動nat報酬制度	12	83	0.85	1.00	全体	nat獲得↑ 希望↑	学校・地域・介護・防災・制度更新活動を報酬化し、役割喪失を防ぐ。
19	structure_birth_grant_package	P04	政策	子育て初期一時金1000万円	15	45	0.75	1.00	子育て初期・結婚前後	子ども意向↑ 出生実行↑	出生前後の初期費用を大幅に緩和するが、短期の財政負荷と逆選択リスクがある。
19	structure_birth_grant_package	P05	政策	地域ケア就労の賃金底上げ	14	83	0.70	1.00	ケア責任層・地方	雇用安定↑ 制度信頼↑	ケア活動を社会基盤労働として扱い、賃金と社会的評価を引き上げる。
19	structure_birth_grant_package	P06	政策	学び直し・移行雇用保証	16	83	0.78	1.00	非正規・無業・自動化影響層	雇用安定↑ 自己効力感↑	訓練と実務移行をセットで保証し、自動化ショックからの回復経路を提供する。
19	structure_birth_grant_package	P08	政策	若年メンタルヘルス即時アクセス	9	83	0.72	1.00	高負荷層	メンタル負荷↓ 希望↑	心理支援への待機時間と費用障壁を下げ、長期離脱を防ぐ。
19	structure_birth_grant_package	P09	政策	学校-企業-地域循環プロジェクト	18	83	0.68	1.00	在学層・若年就業	自己効力感↑ 制度信頼↑	学習内容と地域課題・雇用機会を連結し、努力の手応えを可視化する。
19	structure_birth_grant_package	BP01	政策	構造持続型出産一時金の上乗せ	15	60	0.82	1.00	子どもを望む家族形成層・将来家族形成層	子ども意向↑ 家計余力↑ 制度信頼↑	出生実績への成果報酬ではなく、望む人が子どもを迎えられる条件を整える目的で、妊娠・出産・初期育児の実費と所得喪失を一時金で緩衝する。
19	structure_birth_grant_package	BP02	政策	産後休息・代替ケア保障	15	83	0.78	1.00	妊娠出産期・子育て初期・ケア責任層	時間余力↑ メンタル負荷↓ 出生圧力リスク↓	産後の休息、夜間支援、代替ケア、家事育児支援を公的に確保し、家族責任の固定化や母親だけへの負担集中を防ぐ。
19	structure_birth_grant_package	BP03	政策	復帰キャリア・企業負担補正	18	83	0.70	1.00	企業・正規雇用・非正規雇用・子育て初期	雇用安定↑ 企業反発↓ 子ども意向↑	育休復帰、短時間勤務、配置転換、代替人員費を企業だけに背負わせず、構造持続会計で補正し、採用抑制や女性不利益を抑える。
19	structure_birth_grant_package	BP05	政策	出生非強制・監査ガードレール	15	83	0.68	1.00	全体	制度信頼↑ 反発↓ moral injury↓	非婚・非出産・単身・養育しない選択を不利益にせず、出生数ではなく選択可能条件を評価対象にする。若者の「産ませたいだけでは」という反発を監査する。
20	structure_birth_grant_package	E01	ショック	生成AI・認知労働自動化急加速	4	20	0.80	1.00	全体	雇用安定↓ 希望↓	事務・文章・開発・企画・分析などの認知労働が短期に再編され、初期キャリア層の不安が増える。
20	structure_birth_grant_package	E02	ショック	生活コスト上昇	6	30	0.70	0.90	全体	可処分所得↓ 子ども意向↓	住居費・エネルギー・食費が同時上昇し、家計余力が縮小する。
20	structure_birth_grant_package	E03	ショック	地政学リスク上昇	12	36	0.60	0.70	全体	将来予見性↓ 制度信頼↓	国際緊張の継続で将来見通しが悪化し、長期意思決定が先送りされる。
20	structure_birth_grant_package	E04	ショック	大規模災害クラスター	18	28	0.65	0.45	地方中心	住居安定↓ メンタル負荷↑	複数地域で災害被害が発生し、居住・就労・ケアの負担が連鎖する。
20	structure_birth_grant_package	E06	ショック	SNS悲観バイアス増幅	8	40	0.55	0.85	SNS高感受層	希望↓ 分断感↑	悲観情報が拡散しやすくなり、希望指数と相互信頼を押し下げる。
20	structure_birth_grant_package	E08	ショック	医療提供体制ひっ迫	18	44	0.65	0.65	地方層・医療福祉層・高負荷層	制度信頼↓ メンタル負荷↑ 地域安定↓	医療人材不足と地域医療の縮小により、生活安心感と制度信頼が低下する。
20	structure_birth_grant_package	E09	ショック	汎用ロボティクス普及による身体労働再編	12	60	0.62	0.75	製造・物流・小売・介護周辺	雇用安定↓ 生活コスト圧力↑	物流、製造、清掃、飲食、建設、介護補助などの身体労働でロボット導入が進み、地域産業と現場職の再編不安が広がる。
20	structure_birth_grant_package	P01	政策	若者住居安定パッケージ	10	83	0.70	1.00	非正規・無業・若年就業	住居安定↑ 希望↑	家賃補助・保証人代替・転居支援を組み合わせ、居住不安を緩和する。
20	structure_birth_grant_package	P02	政策	奨学金負担軽減・所得連動返済	8	83	0.80	1.00	在学層・負債高層	可処分所得↑ 子ども意向↑	返済負担の平準化と減免を導入し、将来投資の先送りを抑制する。
20	structure_birth_grant_package	P03	政策	社会持続活動nat報酬制度	12	83	0.85	1.00	全体	nat獲得↑ 希望↑	学校・地域・介護・防災・制度更新活動を報酬化し、役割喪失を防ぐ。
20	structure_birth_grant_package	P04	政策	子育て初期一時金1000万円	15	45	0.75	1.00	子育て初期・結婚前後	子ども意向↑ 出生実行↑	出生前後の初期費用を大幅に緩和するが、短期の財政負荷と逆選択リスクがある。
20	structure_birth_grant_package	P05	政策	地域ケア就労の賃金底上げ	14	83	0.70	1.00	ケア責任層・地方	雇用安定↑ 制度信頼↑	ケア活動を社会基盤労働として扱い、賃金と社会的評価を引き上げる。
20	structure_birth_grant_package	P06	政策	学び直し・移行雇用保証	16	83	0.78	1.00	非正規・無業・自動化影響層	雇用安定↑ 自己効力感↑	訓練と実務移行をセットで保証し、自動化ショックからの回復経路を提供する。
20	structure_birth_grant_package	P07	政策	地方分散インフラ投資	20	83	0.65	1.00	地方層	住居安定↑ 希望↑	交通・医療・通信の更新により、地方での生活可能性を底上げする。
20	structure_birth_grant_package	P08	政策	若年メンタルヘルス即時アクセス	9	83	0.72	1.00	高負荷層	メンタル負荷↓ 希望↑	心理支援への待機時間と費用障壁を下げ、長期離脱を防ぐ。
20	structure_birth_grant_package	P09	政策	学校-企業-地域循環プロジェクト	18	83	0.68	1.00	在学層・若年就業	自己効力感↑ 制度信頼↑	学習内容と地域課題・雇用機会を連結し、努力の手応えを可視化する。
20	structure_birth_grant_package	BP01	政策	構造持続型出産一時金の上乗せ	15	60	0.82	1.00	子どもを望む家族形成層・将来家族形成層	子ども意向↑ 家計余力↑ 制度信頼↑	出生実績への成果報酬ではなく、望む人が子どもを迎えられる条件を整える目的で、妊娠・出産・初期育児の実費と所得喪失を一時金で緩衝する。
20	structure_birth_grant_package	BP02	政策	産後休息・代替ケア保障	15	83	0.78	1.00	妊娠出産期・子育て初期・ケア責任層	時間余力↑ メンタル負荷↓ 出生圧力リスク↓	産後の休息、夜間支援、代替ケア、家事育児支援を公的に確保し、家族責任の固定化や母親だけへの負担集中を防ぐ。
20	structure_birth_grant_package	BP03	政策	復帰キャリア・企業負担補正	18	83	0.70	1.00	企業・正規雇用・非正規雇用・子育て初期	雇用安定↑ 企業反発↓ 子ども意向↑	育休復帰、短時間勤務、配置転換、代替人員費を企業だけに背負わせず、構造持続会計で補正し、採用抑制や女性不利益を抑える。
20	structure_birth_grant_package	BP04	政策	家族形成住居・教育費緩衝パッケージ	20	83	0.74	1.00	23-40歳・若者・低中所得層	住居安定↑ 教育費不安↓ 希望↑	住居、保育、教育費の長期不安を束ねて緩衝し、子どもを迎える判断が一時金だけで終わらないよう支える。
20	structure_birth_grant_package	BP05	政策	出生非強制・監査ガードレール	15	83	0.68	1.00	全体	制度信頼↑ 反発↓ moral injury↓	非婚・非出産・単身・養育しない選択を不利益にせず、出生数ではなく選択可能条件を評価対象にする。若者の「産ませたいだけでは」という反発を監査する。
21	structure_birth_grant_package	E02	ショック	生活コスト上昇	6	30	0.70	0.90	全体	可処分所得↓ 子ども意向↓	住居費・エネルギー・食費が同時上昇し、家計余力が縮小する。
21	structure_birth_grant_package	E03	ショック	地政学リスク上昇	12	36	0.60	0.70	全体	将来予見性↓ 制度信頼↓	国際緊張の継続で将来見通しが悪化し、長期意思決定が先送りされる。
21	structure_birth_grant_package	E04	ショック	大規模災害クラスター	18	28	0.65	0.45	地方中心	住居安定↓ メンタル負荷↑	複数地域で災害被害が発生し、居住・就労・ケアの負担が連鎖する。
21	structure_birth_grant_package	E06	ショック	SNS悲観バイアス増幅	8	40	0.55	0.85	SNS高感受層	希望↓ 分断感↑	悲観情報が拡散しやすくなり、希望指数と相互信頼を押し下げる。
21	structure_birth_grant_package	E08	ショック	医療提供体制ひっ迫	18	44	0.65	0.65	地方層・医療福祉層・高負荷層	制度信頼↓ メンタル負荷↑ 地域安定↓	医療人材不足と地域医療の縮小により、生活安心感と制度信頼が低下する。
21	structure_birth_grant_package	E09	ショック	汎用ロボティクス普及による身体労働再編	12	60	0.62	0.75	製造・物流・小売・介護周辺	雇用安定↓ 生活コスト圧力↑	物流、製造、清掃、飲食、建設、介護補助などの身体労働でロボット導入が進み、地域産業と現場職の再編不安が広がる。
21	structure_birth_grant_package	P01	政策	若者住居安定パッケージ	10	83	0.70	1.00	非正規・無業・若年就業	住居安定↑ 希望↑	家賃補助・保証人代替・転居支援を組み合わせ、居住不安を緩和する。
21	structure_birth_grant_package	P02	政策	奨学金負担軽減・所得連動返済	8	83	0.80	1.00	在学層・負債高層	可処分所得↑ 子ども意向↑	返済負担の平準化と減免を導入し、将来投資の先送りを抑制する。
21	structure_birth_grant_package	P03	政策	社会持続活動nat報酬制度	12	83	0.85	1.00	全体	nat獲得↑ 希望↑	学校・地域・介護・防災・制度更新活動を報酬化し、役割喪失を防ぐ。
21	structure_birth_grant_package	P04	政策	子育て初期一時金1000万円	15	45	0.75	1.00	子育て初期・結婚前後	子ども意向↑ 出生実行↑	出生前後の初期費用を大幅に緩和するが、短期の財政負荷と逆選択リスクがある。
21	structure_birth_grant_package	P05	政策	地域ケア就労の賃金底上げ	14	83	0.70	1.00	ケア責任層・地方	雇用安定↑ 制度信頼↑	ケア活動を社会基盤労働として扱い、賃金と社会的評価を引き上げる。
21	structure_birth_grant_package	P06	政策	学び直し・移行雇用保証	16	83	0.78	1.00	非正規・無業・自動化影響層	雇用安定↑ 自己効力感↑	訓練と実務移行をセットで保証し、自動化ショックからの回復経路を提供する。
21	structure_birth_grant_package	P07	政策	地方分散インフラ投資	20	83	0.65	1.00	地方層	住居安定↑ 希望↑	交通・医療・通信の更新により、地方での生活可能性を底上げする。
21	structure_birth_grant_package	P08	政策	若年メンタルヘルス即時アクセス	9	83	0.72	1.00	高負荷層	メンタル負荷↓ 希望↑	心理支援への待機時間と費用障壁を下げ、長期離脱を防ぐ。
21	structure_birth_grant_package	P09	政策	学校-企業-地域循環プロジェクト	18	83	0.68	1.00	在学層・若年就業	自己効力感↑ 制度信頼↑	学習内容と地域課題・雇用機会を連結し、努力の手応えを可視化する。
21	structure_birth_grant_package	BP01	政策	構造持続型出産一時金の上乗せ	15	60	0.82	1.00	子どもを望む家族形成層・将来家族形成層	子ども意向↑ 家計余力↑ 制度信頼↑	出生実績への成果報酬ではなく、望む人が子どもを迎えられる条件を整える目的で、妊娠・出産・初期育児の実費と所得喪失を一時金で緩衝する。
21	structure_birth_grant_package	BP02	政策	産後休息・代替ケア保障	15	83	0.78	1.00	妊娠出産期・子育て初期・ケア責任層	時間余力↑ メンタル負荷↓ 出生圧力リスク↓	産後の休息、夜間支援、代替ケア、家事育児支援を公的に確保し、家族責任の固定化や母親だけへの負担集中を防ぐ。
21	structure_birth_grant_package	BP03	政策	復帰キャリア・企業負担補正	18	83	0.70	1.00	企業・正規雇用・非正規雇用・子育て初期	雇用安定↑ 企業反発↓ 子ども意向↑	育休復帰、短時間勤務、配置転換、代替人員費を企業だけに背負わせず、構造持続会計で補正し、採用抑制や女性不利益を抑える。
21	structure_birth_grant_package	BP04	政策	家族形成住居・教育費緩衝パッケージ	20	83	0.74	1.00	23-40歳・若者・低中所得層	住居安定↑ 教育費不安↓ 希望↑	住居、保育、教育費の長期不安を束ねて緩衝し、子どもを迎える判断が一時金だけで終わらないよう支える。
21	structure_birth_grant_package	BP05	政策	出生非強制・監査ガードレール	15	83	0.68	1.00	全体	制度信頼↑ 反発↓ moral injury↓	非婚・非出産・単身・養育しない選択を不利益にせず、出生数ではなく選択可能条件を評価対象にする。若者の「産ませたいだけでは」という反発を監査する。
22	structure_birth_grant_package	E02	ショック	生活コスト上昇	6	30	0.70	0.90	全体	可処分所得↓ 子ども意向↓	住居費・エネルギー・食費が同時上昇し、家計余力が縮小する。
22	structure_birth_grant_package	E03	ショック	地政学リスク上昇	12	36	0.60	0.70	全体	将来予見性↓ 制度信頼↓	国際緊張の継続で将来見通しが悪化し、長期意思決定が先送りされる。
22	structure_birth_grant_package	E04	ショック	大規模災害クラスター	18	28	0.65	0.45	地方中心	住居安定↓ メンタル負荷↑	複数地域で災害被害が発生し、居住・就労・ケアの負担が連鎖する。
22	structure_birth_grant_package	E06	ショック	SNS悲観バイアス増幅	8	40	0.55	0.85	SNS高感受層	希望↓ 分断感↑	悲観情報が拡散しやすくなり、希望指数と相互信頼を押し下げる。
22	structure_birth_grant_package	E07	ショック	介護需要急増	22	60	0.70	0.80	ケア責任層・地方・現役世代	ケア負担↑ 可処分時間↓ 希望↓	高齢化と家族介護の集中により、若者と現役世代の時間・所得・進路選択が圧迫される。
22	structure_birth_grant_package	E08	ショック	医療提供体制ひっ迫	18	44	0.65	0.65	地方層・医療福祉層・高負荷層	制度信頼↓ メンタル負荷↑ 地域安定↓	医療人材不足と地域医療の縮小により、生活安心感と制度信頼が低下する。
22	structure_birth_grant_package	E09	ショック	汎用ロボティクス普及による身体労働再編	12	60	0.62	0.75	製造・物流・小売・介護周辺	雇用安定↓ 生活コスト圧力↑	物流、製造、清掃、飲食、建設、介護補助などの身体労働でロボット導入が進み、地域産業と現場職の再編不安が広がる。
22	structure_birth_grant_package	P01	政策	若者住居安定パッケージ	10	83	0.70	1.00	非正規・無業・若年就業	住居安定↑ 希望↑	家賃補助・保証人代替・転居支援を組み合わせ、居住不安を緩和する。
22	structure_birth_grant_package	P02	政策	奨学金負担軽減・所得連動返済	8	83	0.80	1.00	在学層・負債高層	可処分所得↑ 子ども意向↑	返済負担の平準化と減免を導入し、将来投資の先送りを抑制する。
22	structure_birth_grant_package	P03	政策	社会持続活動nat報酬制度	12	83	0.85	1.00	全体	nat獲得↑ 希望↑	学校・地域・介護・防災・制度更新活動を報酬化し、役割喪失を防ぐ。
22	structure_birth_grant_package	P04	政策	子育て初期一時金1000万円	15	45	0.75	1.00	子育て初期・結婚前後	子ども意向↑ 出生実行↑	出生前後の初期費用を大幅に緩和するが、短期の財政負荷と逆選択リスクがある。
22	structure_birth_grant_package	P05	政策	地域ケア就労の賃金底上げ	14	83	0.70	1.00	ケア責任層・地方	雇用安定↑ 制度信頼↑	ケア活動を社会基盤労働として扱い、賃金と社会的評価を引き上げる。
22	structure_birth_grant_package	P06	政策	学び直し・移行雇用保証	16	83	0.78	1.00	非正規・無業・自動化影響層	雇用安定↑ 自己効力感↑	訓練と実務移行をセットで保証し、自動化ショックからの回復経路を提供する。
22	structure_birth_grant_package	P07	政策	地方分散インフラ投資	20	83	0.65	1.00	地方層	住居安定↑ 希望↑	交通・医療・通信の更新により、地方での生活可能性を底上げする。
22	structure_birth_grant_package	P08	政策	若年メンタルヘルス即時アクセス	9	83	0.72	1.00	高負荷層	メンタル負荷↓ 希望↑	心理支援への待機時間と費用障壁を下げ、長期離脱を防ぐ。
22	structure_birth_grant_package	P09	政策	学校-企業-地域循環プロジェクト	18	83	0.68	1.00	在学層・若年就業	自己効力感↑ 制度信頼↑	学習内容と地域課題・雇用機会を連結し、努力の手応えを可視化する。
22	structure_birth_grant_package	P11	政策	介護ロボット・在宅支援普及	22	83	0.62	1.00	ケア責任層・地方・子育て初期	ケア負担↓ 可処分時間↑ 希望↑	介護ロボット、見守り、移乗支援、在宅医療接続を公共支援として広げ、家族ケアによる時間制約を緩和する。
22	structure_birth_grant_package	BP01	政策	構造持続型出産一時金の上乗せ	15	60	0.82	1.00	子どもを望む家族形成層・将来家族形成層	子ども意向↑ 家計余力↑ 制度信頼↑	出生実績への成果報酬ではなく、望む人が子どもを迎えられる条件を整える目的で、妊娠・出産・初期育児の実費と所得喪失を一時金で緩衝する。
22	structure_birth_grant_package	BP02	政策	産後休息・代替ケア保障	15	83	0.78	1.00	妊娠出産期・子育て初期・ケア責任層	時間余力↑ メンタル負荷↓ 出生圧力リスク↓	産後の休息、夜間支援、代替ケア、家事育児支援を公的に確保し、家族責任の固定化や母親だけへの負担集中を防ぐ。
22	structure_birth_grant_package	BP03	政策	復帰キャリア・企業負担補正	18	83	0.70	1.00	企業・正規雇用・非正規雇用・子育て初期	雇用安定↑ 企業反発↓ 子ども意向↑	育休復帰、短時間勤務、配置転換、代替人員費を企業だけに背負わせず、構造持続会計で補正し、採用抑制や女性不利益を抑える。
22	structure_birth_grant_package	BP04	政策	家族形成住居・教育費緩衝パッケージ	20	83	0.74	1.00	23-40歳・若者・低中所得層	住居安定↑ 教育費不安↓ 希望↑	住居、保育、教育費の長期不安を束ねて緩衝し、子どもを迎える判断が一時金だけで終わらないよう支える。
22	structure_birth_grant_package	BP05	政策	出生非強制・監査ガードレール	15	83	0.68	1.00	全体	制度信頼↑ 反発↓ moral injury↓	非婚・非出産・単身・養育しない選択を不利益にせず、出生数ではなく選択可能条件を評価対象にする。若者の「産ませたいだけでは」という反発を監査する。
23	structure_birth_grant_package	E02	ショック	生活コスト上昇	6	30	0.70	0.90	全体	可処分所得↓ 子ども意向↓	住居費・エネルギー・食費が同時上昇し、家計余力が縮小する。
23	structure_birth_grant_package	E03	ショック	地政学リスク上昇	12	36	0.60	0.70	全体	将来予見性↓ 制度信頼↓	国際緊張の継続で将来見通しが悪化し、長期意思決定が先送りされる。
23	structure_birth_grant_package	E04	ショック	大規模災害クラスター	18	28	0.65	0.45	地方中心	住居安定↓ メンタル負荷↑	複数地域で災害被害が発生し、居住・就労・ケアの負担が連鎖する。
23	structure_birth_grant_package	E06	ショック	SNS悲観バイアス増幅	8	40	0.55	0.85	SNS高感受層	希望↓ 分断感↑	悲観情報が拡散しやすくなり、希望指数と相互信頼を押し下げる。
23	structure_birth_grant_package	E07	ショック	介護需要急増	22	60	0.70	0.80	ケア責任層・地方・現役世代	ケア負担↑ 可処分時間↓ 希望↓	高齢化と家族介護の集中により、若者と現役世代の時間・所得・進路選択が圧迫される。
23	structure_birth_grant_package	E08	ショック	医療提供体制ひっ迫	18	44	0.65	0.65	地方層・医療福祉層・高負荷層	制度信頼↓ メンタル負荷↑ 地域安定↓	医療人材不足と地域医療の縮小により、生活安心感と制度信頼が低下する。
23	structure_birth_grant_package	E09	ショック	汎用ロボティクス普及による身体労働再編	12	60	0.62	0.75	製造・物流・小売・介護周辺	雇用安定↓ 生活コスト圧力↑	物流、製造、清掃、飲食、建設、介護補助などの身体労働でロボット導入が進み、地域産業と現場職の再編不安が広がる。
23	structure_birth_grant_package	P01	政策	若者住居安定パッケージ	10	83	0.70	1.00	非正規・無業・若年就業	住居安定↑ 希望↑	家賃補助・保証人代替・転居支援を組み合わせ、居住不安を緩和する。
23	structure_birth_grant_package	P02	政策	奨学金負担軽減・所得連動返済	8	83	0.80	1.00	在学層・負債高層	可処分所得↑ 子ども意向↑	返済負担の平準化と減免を導入し、将来投資の先送りを抑制する。
23	structure_birth_grant_package	P03	政策	社会持続活動nat報酬制度	12	83	0.85	1.00	全体	nat獲得↑ 希望↑	学校・地域・介護・防災・制度更新活動を報酬化し、役割喪失を防ぐ。
23	structure_birth_grant_package	P04	政策	子育て初期一時金1000万円	15	45	0.75	1.00	子育て初期・結婚前後	子ども意向↑ 出生実行↑	出生前後の初期費用を大幅に緩和するが、短期の財政負荷と逆選択リスクがある。
23	structure_birth_grant_package	P05	政策	地域ケア就労の賃金底上げ	14	83	0.70	1.00	ケア責任層・地方	雇用安定↑ 制度信頼↑	ケア活動を社会基盤労働として扱い、賃金と社会的評価を引き上げる。
23	structure_birth_grant_package	P06	政策	学び直し・移行雇用保証	16	83	0.78	1.00	非正規・無業・自動化影響層	雇用安定↑ 自己効力感↑	訓練と実務移行をセットで保証し、自動化ショックからの回復経路を提供する。
23	structure_birth_grant_package	P07	政策	地方分散インフラ投資	20	83	0.65	1.00	地方層	住居安定↑ 希望↑	交通・医療・通信の更新により、地方での生活可能性を底上げする。
23	structure_birth_grant_package	P08	政策	若年メンタルヘルス即時アクセス	9	83	0.72	1.00	高負荷層	メンタル負荷↓ 希望↑	心理支援への待機時間と費用障壁を下げ、長期離脱を防ぐ。
23	structure_birth_grant_package	P09	政策	学校-企業-地域循環プロジェクト	18	83	0.68	1.00	在学層・若年就業	自己効力感↑ 制度信頼↑	学習内容と地域課題・雇用機会を連結し、努力の手応えを可視化する。
23	structure_birth_grant_package	P11	政策	介護ロボット・在宅支援普及	22	83	0.62	1.00	ケア責任層・地方・子育て初期	ケア負担↓ 可処分時間↑ 希望↑	介護ロボット、見守り、移乗支援、在宅医療接続を公共支援として広げ、家族ケアによる時間制約を緩和する。
23	structure_birth_grant_package	BP01	政策	構造持続型出産一時金の上乗せ	15	60	0.82	1.00	子どもを望む家族形成層・将来家族形成層	子ども意向↑ 家計余力↑ 制度信頼↑	出生実績への成果報酬ではなく、望む人が子どもを迎えられる条件を整える目的で、妊娠・出産・初期育児の実費と所得喪失を一時金で緩衝する。
23	structure_birth_grant_package	BP02	政策	産後休息・代替ケア保障	15	83	0.78	1.00	妊娠出産期・子育て初期・ケア責任層	時間余力↑ メンタル負荷↓ 出生圧力リスク↓	産後の休息、夜間支援、代替ケア、家事育児支援を公的に確保し、家族責任の固定化や母親だけへの負担集中を防ぐ。
23	structure_birth_grant_package	BP03	政策	復帰キャリア・企業負担補正	18	83	0.70	1.00	企業・正規雇用・非正規雇用・子育て初期	雇用安定↑ 企業反発↓ 子ども意向↑	育休復帰、短時間勤務、配置転換、代替人員費を企業だけに背負わせず、構造持続会計で補正し、採用抑制や女性不利益を抑える。
23	structure_birth_grant_package	BP04	政策	家族形成住居・教育費緩衝パッケージ	20	83	0.74	1.00	23-40歳・若者・低中所得層	住居安定↑ 教育費不安↓ 希望↑	住居、保育、教育費の長期不安を束ねて緩衝し、子どもを迎える判断が一時金だけで終わらないよう支える。
23	structure_birth_grant_package	BP05	政策	出生非強制・監査ガードレール	15	83	0.68	1.00	全体	制度信頼↑ 反発↓ moral injury↓	非婚・非出産・単身・養育しない選択を不利益にせず、出生数ではなく選択可能条件を評価対象にする。若者の「産ませたいだけでは」という反発を監査する。
24	structure_birth_grant_package	E02	ショック	生活コスト上昇	6	30	0.70	0.90	全体	可処分所得↓ 子ども意向↓	住居費・エネルギー・食費が同時上昇し、家計余力が縮小する。
24	structure_birth_grant_package	E03	ショック	地政学リスク上昇	12	36	0.60	0.70	全体	将来予見性↓ 制度信頼↓	国際緊張の継続で将来見通しが悪化し、長期意思決定が先送りされる。
24	structure_birth_grant_package	E04	ショック	大規模災害クラスター	18	28	0.65	0.45	地方中心	住居安定↓ メンタル負荷↑	複数地域で災害被害が発生し、居住・就労・ケアの負担が連鎖する。
24	structure_birth_grant_package	E05	ショック	世界景気後退	24	42	0.75	0.60	全体	雇用安定↓ 制度信頼↓	輸出・投資の鈍化で求人が減少し、若年層のキャリア形成が不安定化。
24	structure_birth_grant_package	E06	ショック	SNS悲観バイアス増幅	8	40	0.55	0.85	SNS高感受層	希望↓ 分断感↑	悲観情報が拡散しやすくなり、希望指数と相互信頼を押し下げる。
24	structure_birth_grant_package	E07	ショック	介護需要急増	22	60	0.70	0.80	ケア責任層・地方・現役世代	ケア負担↑ 可処分時間↓ 希望↓	高齢化と家族介護の集中により、若者と現役世代の時間・所得・進路選択が圧迫される。
24	structure_birth_grant_package	E08	ショック	医療提供体制ひっ迫	18	44	0.65	0.65	地方層・医療福祉層・高負荷層	制度信頼↓ メンタル負荷↑ 地域安定↓	医療人材不足と地域医療の縮小により、生活安心感と制度信頼が低下する。
24	structure_birth_grant_package	E09	ショック	汎用ロボティクス普及による身体労働再編	12	60	0.62	0.75	製造・物流・小売・介護周辺	雇用安定↓ 生活コスト圧力↑	物流、製造、清掃、飲食、建設、介護補助などの身体労働でロボット導入が進み、地域産業と現場職の再編不安が広がる。
24	structure_birth_grant_package	P01	政策	若者住居安定パッケージ	10	83	0.70	1.00	非正規・無業・若年就業	住居安定↑ 希望↑	家賃補助・保証人代替・転居支援を組み合わせ、居住不安を緩和する。
24	structure_birth_grant_package	P02	政策	奨学金負担軽減・所得連動返済	8	83	0.80	1.00	在学層・負債高層	可処分所得↑ 子ども意向↑	返済負担の平準化と減免を導入し、将来投資の先送りを抑制する。
24	structure_birth_grant_package	P03	政策	社会持続活動nat報酬制度	12	83	0.85	1.00	全体	nat獲得↑ 希望↑	学校・地域・介護・防災・制度更新活動を報酬化し、役割喪失を防ぐ。
24	structure_birth_grant_package	P04	政策	子育て初期一時金1000万円	15	45	0.75	1.00	子育て初期・結婚前後	子ども意向↑ 出生実行↑	出生前後の初期費用を大幅に緩和するが、短期の財政負荷と逆選択リスクがある。
24	structure_birth_grant_package	P05	政策	地域ケア就労の賃金底上げ	14	83	0.70	1.00	ケア責任層・地方	雇用安定↑ 制度信頼↑	ケア活動を社会基盤労働として扱い、賃金と社会的評価を引き上げる。
24	structure_birth_grant_package	P06	政策	学び直し・移行雇用保証	16	83	0.78	1.00	非正規・無業・自動化影響層	雇用安定↑ 自己効力感↑	訓練と実務移行をセットで保証し、自動化ショックからの回復経路を提供する。
24	structure_birth_grant_package	P07	政策	地方分散インフラ投資	20	83	0.65	1.00	地方層	住居安定↑ 希望↑	交通・医療・通信の更新により、地方での生活可能性を底上げする。
24	structure_birth_grant_package	P08	政策	若年メンタルヘルス即時アクセス	9	83	0.72	1.00	高負荷層	メンタル負荷↓ 希望↑	心理支援への待機時間と費用障壁を下げ、長期離脱を防ぐ。
24	structure_birth_grant_package	P09	政策	学校-企業-地域循環プロジェクト	18	83	0.68	1.00	在学層・若年就業	自己効力感↑ 制度信頼↑	学習内容と地域課題・雇用機会を連結し、努力の手応えを可視化する。
24	structure_birth_grant_package	P11	政策	介護ロボット・在宅支援普及	22	83	0.62	1.00	ケア責任層・地方・子育て初期	ケア負担↓ 可処分時間↑ 希望↑	介護ロボット、見守り、移乗支援、在宅医療接続を公共支援として広げ、家族ケアによる時間制約を緩和する。
24	structure_birth_grant_package	BP01	政策	構造持続型出産一時金の上乗せ	15	60	0.82	1.00	子どもを望む家族形成層・将来家族形成層	子ども意向↑ 家計余力↑ 制度信頼↑	出生実績への成果報酬ではなく、望む人が子どもを迎えられる条件を整える目的で、妊娠・出産・初期育児の実費と所得喪失を一時金で緩衝する。
24	structure_birth_grant_package	BP02	政策	産後休息・代替ケア保障	15	83	0.78	1.00	妊娠出産期・子育て初期・ケア責任層	時間余力↑ メンタル負荷↓ 出生圧力リスク↓	産後の休息、夜間支援、代替ケア、家事育児支援を公的に確保し、家族責任の固定化や母親だけへの負担集中を防ぐ。
24	structure_birth_grant_package	BP03	政策	復帰キャリア・企業負担補正	18	83	0.70	1.00	企業・正規雇用・非正規雇用・子育て初期	雇用安定↑ 企業反発↓ 子ども意向↑	育休復帰、短時間勤務、配置転換、代替人員費を企業だけに背負わせず、構造持続会計で補正し、採用抑制や女性不利益を抑える。
24	structure_birth_grant_package	BP04	政策	家族形成住居・教育費緩衝パッケージ	20	83	0.74	1.00	23-40歳・若者・低中所得層	住居安定↑ 教育費不安↓ 希望↑	住居、保育、教育費の長期不安を束ねて緩衝し、子どもを迎える判断が一時金だけで終わらないよう支える。
24	structure_birth_grant_package	BP05	政策	出生非強制・監査ガードレール	15	83	0.68	1.00	全体	制度信頼↑ 反発↓ moral injury↓	非婚・非出産・単身・養育しない選択を不利益にせず、出生数ではなく選択可能条件を評価対象にする。若者の「産ませたいだけでは」という反発を監査する。
24	structure_birth_grant_package	BP06	政策	財政・インフレ持続性監査	24	83	0.64	1.00	国家・金融・納税者・若者	財政不安↓ 制度信頼↑ 長期予見性↑	一時金と支援の財源、物価影響、対象公平性を継続監査し、金融システムを含む系の持続性が崩れた場合は自動補正する。
25	structure_birth_grant_package	E02	ショック	生活コスト上昇	6	30	0.70	0.90	全体	可処分所得↓ 子ども意向↓	住居費・エネルギー・食費が同時上昇し、家計余力が縮小する。
25	structure_birth_grant_package	E03	ショック	地政学リスク上昇	12	36	0.60	0.70	全体	将来予見性↓ 制度信頼↓	国際緊張の継続で将来見通しが悪化し、長期意思決定が先送りされる。
25	structure_birth_grant_package	E04	ショック	大規模災害クラスター	18	28	0.65	0.45	地方中心	住居安定↓ メンタル負荷↑	複数地域で災害被害が発生し、居住・就労・ケアの負担が連鎖する。
25	structure_birth_grant_package	E05	ショック	世界景気後退	24	42	0.75	0.60	全体	雇用安定↓ 制度信頼↓	輸出・投資の鈍化で求人が減少し、若年層のキャリア形成が不安定化。
25	structure_birth_grant_package	E06	ショック	SNS悲観バイアス増幅	8	40	0.55	0.85	SNS高感受層	希望↓ 分断感↑	悲観情報が拡散しやすくなり、希望指数と相互信頼を押し下げる。
25	structure_birth_grant_package	E07	ショック	介護需要急増	22	60	0.70	0.80	ケア責任層・地方・現役世代	ケア負担↑ 可処分時間↓ 希望↓	高齢化と家族介護の集中により、若者と現役世代の時間・所得・進路選択が圧迫される。
25	structure_birth_grant_package	E08	ショック	医療提供体制ひっ迫	18	44	0.65	0.65	地方層・医療福祉層・高負荷層	制度信頼↓ メンタル負荷↑ 地域安定↓	医療人材不足と地域医療の縮小により、生活安心感と制度信頼が低下する。
25	structure_birth_grant_package	E09	ショック	汎用ロボティクス普及による身体労働再編	12	60	0.62	0.75	製造・物流・小売・介護周辺	雇用安定↓ 生活コスト圧力↑	物流、製造、清掃、飲食、建設、介護補助などの身体労働でロボット導入が進み、地域産業と現場職の再編不安が広がる。
25	structure_birth_grant_package	P01	政策	若者住居安定パッケージ	10	83	0.70	1.00	非正規・無業・若年就業	住居安定↑ 希望↑	家賃補助・保証人代替・転居支援を組み合わせ、居住不安を緩和する。
25	structure_birth_grant_package	P02	政策	奨学金負担軽減・所得連動返済	8	83	0.80	1.00	在学層・負債高層	可処分所得↑ 子ども意向↑	返済負担の平準化と減免を導入し、将来投資の先送りを抑制する。
25	structure_birth_grant_package	P03	政策	社会持続活動nat報酬制度	12	83	0.85	1.00	全体	nat獲得↑ 希望↑	学校・地域・介護・防災・制度更新活動を報酬化し、役割喪失を防ぐ。
25	structure_birth_grant_package	P04	政策	子育て初期一時金1000万円	15	45	0.75	1.00	子育て初期・結婚前後	子ども意向↑ 出生実行↑	出生前後の初期費用を大幅に緩和するが、短期の財政負荷と逆選択リスクがある。
25	structure_birth_grant_package	P05	政策	地域ケア就労の賃金底上げ	14	83	0.70	1.00	ケア責任層・地方	雇用安定↑ 制度信頼↑	ケア活動を社会基盤労働として扱い、賃金と社会的評価を引き上げる。
25	structure_birth_grant_package	P06	政策	学び直し・移行雇用保証	16	83	0.78	1.00	非正規・無業・自動化影響層	雇用安定↑ 自己効力感↑	訓練と実務移行をセットで保証し、自動化ショックからの回復経路を提供する。
25	structure_birth_grant_package	P07	政策	地方分散インフラ投資	20	83	0.65	1.00	地方層	住居安定↑ 希望↑	交通・医療・通信の更新により、地方での生活可能性を底上げする。
25	structure_birth_grant_package	P08	政策	若年メンタルヘルス即時アクセス	9	83	0.72	1.00	高負荷層	メンタル負荷↓ 希望↑	心理支援への待機時間と費用障壁を下げ、長期離脱を防ぐ。
25	structure_birth_grant_package	P09	政策	学校-企業-地域循環プロジェクト	18	83	0.68	1.00	在学層・若年就業	自己効力感↑ 制度信頼↑	学習内容と地域課題・雇用機会を連結し、努力の手応えを可視化する。
25	structure_birth_grant_package	P11	政策	介護ロボット・在宅支援普及	22	83	0.62	1.00	ケア責任層・地方・子育て初期	ケア負担↓ 可処分時間↑ 希望↑	介護ロボット、見守り、移乗支援、在宅医療接続を公共支援として広げ、家族ケアによる時間制約を緩和する。
25	structure_birth_grant_package	BP01	政策	構造持続型出産一時金の上乗せ	15	60	0.82	1.00	子どもを望む家族形成層・将来家族形成層	子ども意向↑ 家計余力↑ 制度信頼↑	出生実績への成果報酬ではなく、望む人が子どもを迎えられる条件を整える目的で、妊娠・出産・初期育児の実費と所得喪失を一時金で緩衝する。
25	structure_birth_grant_package	BP02	政策	産後休息・代替ケア保障	15	83	0.78	1.00	妊娠出産期・子育て初期・ケア責任層	時間余力↑ メンタル負荷↓ 出生圧力リスク↓	産後の休息、夜間支援、代替ケア、家事育児支援を公的に確保し、家族責任の固定化や母親だけへの負担集中を防ぐ。
25	structure_birth_grant_package	BP03	政策	復帰キャリア・企業負担補正	18	83	0.70	1.00	企業・正規雇用・非正規雇用・子育て初期	雇用安定↑ 企業反発↓ 子ども意向↑	育休復帰、短時間勤務、配置転換、代替人員費を企業だけに背負わせず、構造持続会計で補正し、採用抑制や女性不利益を抑える。
25	structure_birth_grant_package	BP04	政策	家族形成住居・教育費緩衝パッケージ	20	83	0.74	1.00	23-40歳・若者・低中所得層	住居安定↑ 教育費不安↓ 希望↑	住居、保育、教育費の長期不安を束ねて緩衝し、子どもを迎える判断が一時金だけで終わらないよう支える。
25	structure_birth_grant_package	BP05	政策	出生非強制・監査ガードレール	15	83	0.68	1.00	全体	制度信頼↑ 反発↓ moral injury↓	非婚・非出産・単身・養育しない選択を不利益にせず、出生数ではなく選択可能条件を評価対象にする。若者の「産ませたいだけでは」という反発を監査する。
25	structure_birth_grant_package	BP06	政策	財政・インフレ持続性監査	24	83	0.64	1.00	国家・金融・納税者・若者	財政不安↓ 制度信頼↑ 長期予見性↑	一時金と支援の財源、物価影響、対象公平性を継続監査し、金融システムを含む系の持続性が崩れた場合は自動補正する。
26	structure_birth_grant_package	E02	ショック	生活コスト上昇	6	30	0.70	0.90	全体	可処分所得↓ 子ども意向↓	住居費・エネルギー・食費が同時上昇し、家計余力が縮小する。
26	structure_birth_grant_package	E03	ショック	地政学リスク上昇	12	36	0.60	0.70	全体	将来予見性↓ 制度信頼↓	国際緊張の継続で将来見通しが悪化し、長期意思決定が先送りされる。
26	structure_birth_grant_package	E04	ショック	大規模災害クラスター	18	28	0.65	0.45	地方中心	住居安定↓ メンタル負荷↑	複数地域で災害被害が発生し、居住・就労・ケアの負担が連鎖する。
26	structure_birth_grant_package	E05	ショック	世界景気後退	24	42	0.75	0.60	全体	雇用安定↓ 制度信頼↓	輸出・投資の鈍化で求人が減少し、若年層のキャリア形成が不安定化。
26	structure_birth_grant_package	E06	ショック	SNS悲観バイアス増幅	8	40	0.55	0.85	SNS高感受層	希望↓ 分断感↑	悲観情報が拡散しやすくなり、希望指数と相互信頼を押し下げる。
26	structure_birth_grant_package	E07	ショック	介護需要急増	22	60	0.70	0.80	ケア責任層・地方・現役世代	ケア負担↑ 可処分時間↓ 希望↓	高齢化と家族介護の集中により、若者と現役世代の時間・所得・進路選択が圧迫される。
26	structure_birth_grant_package	E08	ショック	医療提供体制ひっ迫	18	44	0.65	0.65	地方層・医療福祉層・高負荷層	制度信頼↓ メンタル負荷↑ 地域安定↓	医療人材不足と地域医療の縮小により、生活安心感と制度信頼が低下する。
26	structure_birth_grant_package	E09	ショック	汎用ロボティクス普及による身体労働再編	12	60	0.62	0.75	製造・物流・小売・介護周辺	雇用安定↓ 生活コスト圧力↑	物流、製造、清掃、飲食、建設、介護補助などの身体労働でロボット導入が進み、地域産業と現場職の再編不安が広がる。
26	structure_birth_grant_package	P01	政策	若者住居安定パッケージ	10	83	0.70	1.00	非正規・無業・若年就業	住居安定↑ 希望↑	家賃補助・保証人代替・転居支援を組み合わせ、居住不安を緩和する。
26	structure_birth_grant_package	P02	政策	奨学金負担軽減・所得連動返済	8	83	0.80	1.00	在学層・負債高層	可処分所得↑ 子ども意向↑	返済負担の平準化と減免を導入し、将来投資の先送りを抑制する。
26	structure_birth_grant_package	P03	政策	社会持続活動nat報酬制度	12	83	0.85	1.00	全体	nat獲得↑ 希望↑	学校・地域・介護・防災・制度更新活動を報酬化し、役割喪失を防ぐ。
26	structure_birth_grant_package	P04	政策	子育て初期一時金1000万円	15	45	0.75	1.00	子育て初期・結婚前後	子ども意向↑ 出生実行↑	出生前後の初期費用を大幅に緩和するが、短期の財政負荷と逆選択リスクがある。
26	structure_birth_grant_package	P05	政策	地域ケア就労の賃金底上げ	14	83	0.70	1.00	ケア責任層・地方	雇用安定↑ 制度信頼↑	ケア活動を社会基盤労働として扱い、賃金と社会的評価を引き上げる。
26	structure_birth_grant_package	P06	政策	学び直し・移行雇用保証	16	83	0.78	1.00	非正規・無業・自動化影響層	雇用安定↑ 自己効力感↑	訓練と実務移行をセットで保証し、自動化ショックからの回復経路を提供する。
26	structure_birth_grant_package	P07	政策	地方分散インフラ投資	20	83	0.65	1.00	地方層	住居安定↑ 希望↑	交通・医療・通信の更新により、地方での生活可能性を底上げする。
26	structure_birth_grant_package	P08	政策	若年メンタルヘルス即時アクセス	9	83	0.72	1.00	高負荷層	メンタル負荷↓ 希望↑	心理支援への待機時間と費用障壁を下げ、長期離脱を防ぐ。
26	structure_birth_grant_package	P09	政策	学校-企業-地域循環プロジェクト	18	83	0.68	1.00	在学層・若年就業	自己効力感↑ 制度信頼↑	学習内容と地域課題・雇用機会を連結し、努力の手応えを可視化する。
26	structure_birth_grant_package	P11	政策	介護ロボット・在宅支援普及	22	83	0.62	1.00	ケア責任層・地方・子育て初期	ケア負担↓ 可処分時間↑ 希望↑	介護ロボット、見守り、移乗支援、在宅医療接続を公共支援として広げ、家族ケアによる時間制約を緩和する。
26	structure_birth_grant_package	BP01	政策	構造持続型出産一時金の上乗せ	15	60	0.82	1.00	子どもを望む家族形成層・将来家族形成層	子ども意向↑ 家計余力↑ 制度信頼↑	出生実績への成果報酬ではなく、望む人が子どもを迎えられる条件を整える目的で、妊娠・出産・初期育児の実費と所得喪失を一時金で緩衝する。
26	structure_birth_grant_package	BP02	政策	産後休息・代替ケア保障	15	83	0.78	1.00	妊娠出産期・子育て初期・ケア責任層	時間余力↑ メンタル負荷↓ 出生圧力リスク↓	産後の休息、夜間支援、代替ケア、家事育児支援を公的に確保し、家族責任の固定化や母親だけへの負担集中を防ぐ。
26	structure_birth_grant_package	BP03	政策	復帰キャリア・企業負担補正	18	83	0.70	1.00	企業・正規雇用・非正規雇用・子育て初期	雇用安定↑ 企業反発↓ 子ども意向↑	育休復帰、短時間勤務、配置転換、代替人員費を企業だけに背負わせず、構造持続会計で補正し、採用抑制や女性不利益を抑える。
26	structure_birth_grant_package	BP04	政策	家族形成住居・教育費緩衝パッケージ	20	83	0.74	1.00	23-40歳・若者・低中所得層	住居安定↑ 教育費不安↓ 希望↑	住居、保育、教育費の長期不安を束ねて緩衝し、子どもを迎える判断が一時金だけで終わらないよう支える。
26	structure_birth_grant_package	BP05	政策	出生非強制・監査ガードレール	15	83	0.68	1.00	全体	制度信頼↑ 反発↓ moral injury↓	非婚・非出産・単身・養育しない選択を不利益にせず、出生数ではなく選択可能条件を評価対象にする。若者の「産ませたいだけでは」という反発を監査する。
26	structure_birth_grant_package	BP06	政策	財政・インフレ持続性監査	24	83	0.64	1.00	国家・金融・納税者・若者	財政不安↓ 制度信頼↑ 長期予見性↑	一時金と支援の財源、物価影響、対象公平性を継続監査し、金融システムを含む系の持続性が崩れた場合は自動補正する。
27	structure_birth_grant_package	E02	ショック	生活コスト上昇	6	30	0.70	0.90	全体	可処分所得↓ 子ども意向↓	住居費・エネルギー・食費が同時上昇し、家計余力が縮小する。
27	structure_birth_grant_package	E03	ショック	地政学リスク上昇	12	36	0.60	0.70	全体	将来予見性↓ 制度信頼↓	国際緊張の継続で将来見通しが悪化し、長期意思決定が先送りされる。
27	structure_birth_grant_package	E04	ショック	大規模災害クラスター	18	28	0.65	0.45	地方中心	住居安定↓ メンタル負荷↑	複数地域で災害被害が発生し、居住・就労・ケアの負担が連鎖する。
27	structure_birth_grant_package	E05	ショック	世界景気後退	24	42	0.75	0.60	全体	雇用安定↓ 制度信頼↓	輸出・投資の鈍化で求人が減少し、若年層のキャリア形成が不安定化。
27	structure_birth_grant_package	E06	ショック	SNS悲観バイアス増幅	8	40	0.55	0.85	SNS高感受層	希望↓ 分断感↑	悲観情報が拡散しやすくなり、希望指数と相互信頼を押し下げる。
27	structure_birth_grant_package	E07	ショック	介護需要急増	22	60	0.70	0.80	ケア責任層・地方・現役世代	ケア負担↑ 可処分時間↓ 希望↓	高齢化と家族介護の集中により、若者と現役世代の時間・所得・進路選択が圧迫される。
27	structure_birth_grant_package	E08	ショック	医療提供体制ひっ迫	18	44	0.65	0.65	地方層・医療福祉層・高負荷層	制度信頼↓ メンタル負荷↑ 地域安定↓	医療人材不足と地域医療の縮小により、生活安心感と制度信頼が低下する。
27	structure_birth_grant_package	E09	ショック	汎用ロボティクス普及による身体労働再編	12	60	0.62	0.75	製造・物流・小売・介護周辺	雇用安定↓ 生活コスト圧力↑	物流、製造、清掃、飲食、建設、介護補助などの身体労働でロボット導入が進み、地域産業と現場職の再編不安が広がる。
27	structure_birth_grant_package	P01	政策	若者住居安定パッケージ	10	83	0.70	1.00	非正規・無業・若年就業	住居安定↑ 希望↑	家賃補助・保証人代替・転居支援を組み合わせ、居住不安を緩和する。
27	structure_birth_grant_package	P02	政策	奨学金負担軽減・所得連動返済	8	83	0.80	1.00	在学層・負債高層	可処分所得↑ 子ども意向↑	返済負担の平準化と減免を導入し、将来投資の先送りを抑制する。
27	structure_birth_grant_package	P03	政策	社会持続活動nat報酬制度	12	83	0.85	1.00	全体	nat獲得↑ 希望↑	学校・地域・介護・防災・制度更新活動を報酬化し、役割喪失を防ぐ。
27	structure_birth_grant_package	P04	政策	子育て初期一時金1000万円	15	45	0.75	1.00	子育て初期・結婚前後	子ども意向↑ 出生実行↑	出生前後の初期費用を大幅に緩和するが、短期の財政負荷と逆選択リスクがある。
27	structure_birth_grant_package	P05	政策	地域ケア就労の賃金底上げ	14	83	0.70	1.00	ケア責任層・地方	雇用安定↑ 制度信頼↑	ケア活動を社会基盤労働として扱い、賃金と社会的評価を引き上げる。
27	structure_birth_grant_package	P06	政策	学び直し・移行雇用保証	16	83	0.78	1.00	非正規・無業・自動化影響層	雇用安定↑ 自己効力感↑	訓練と実務移行をセットで保証し、自動化ショックからの回復経路を提供する。
27	structure_birth_grant_package	P07	政策	地方分散インフラ投資	20	83	0.65	1.00	地方層	住居安定↑ 希望↑	交通・医療・通信の更新により、地方での生活可能性を底上げする。
27	structure_birth_grant_package	P08	政策	若年メンタルヘルス即時アクセス	9	83	0.72	1.00	高負荷層	メンタル負荷↓ 希望↑	心理支援への待機時間と費用障壁を下げ、長期離脱を防ぐ。
27	structure_birth_grant_package	P09	政策	学校-企業-地域循環プロジェクト	18	83	0.68	1.00	在学層・若年就業	自己効力感↑ 制度信頼↑	学習内容と地域課題・雇用機会を連結し、努力の手応えを可視化する。
27	structure_birth_grant_package	P11	政策	介護ロボット・在宅支援普及	22	83	0.62	1.00	ケア責任層・地方・子育て初期	ケア負担↓ 可処分時間↑ 希望↑	介護ロボット、見守り、移乗支援、在宅医療接続を公共支援として広げ、家族ケアによる時間制約を緩和する。
27	structure_birth_grant_package	BP01	政策	構造持続型出産一時金の上乗せ	15	60	0.82	1.00	子どもを望む家族形成層・将来家族形成層	子ども意向↑ 家計余力↑ 制度信頼↑	出生実績への成果報酬ではなく、望む人が子どもを迎えられる条件を整える目的で、妊娠・出産・初期育児の実費と所得喪失を一時金で緩衝する。
27	structure_birth_grant_package	BP02	政策	産後休息・代替ケア保障	15	83	0.78	1.00	妊娠出産期・子育て初期・ケア責任層	時間余力↑ メンタル負荷↓ 出生圧力リスク↓	産後の休息、夜間支援、代替ケア、家事育児支援を公的に確保し、家族責任の固定化や母親だけへの負担集中を防ぐ。
27	structure_birth_grant_package	BP03	政策	復帰キャリア・企業負担補正	18	83	0.70	1.00	企業・正規雇用・非正規雇用・子育て初期	雇用安定↑ 企業反発↓ 子ども意向↑	育休復帰、短時間勤務、配置転換、代替人員費を企業だけに背負わせず、構造持続会計で補正し、採用抑制や女性不利益を抑える。
27	structure_birth_grant_package	BP04	政策	家族形成住居・教育費緩衝パッケージ	20	83	0.74	1.00	23-40歳・若者・低中所得層	住居安定↑ 教育費不安↓ 希望↑	住居、保育、教育費の長期不安を束ねて緩衝し、子どもを迎える判断が一時金だけで終わらないよう支える。
27	structure_birth_grant_package	BP05	政策	出生非強制・監査ガードレール	15	83	0.68	1.00	全体	制度信頼↑ 反発↓ moral injury↓	非婚・非出産・単身・養育しない選択を不利益にせず、出生数ではなく選択可能条件を評価対象にする。若者の「産ませたいだけでは」という反発を監査する。
27	structure_birth_grant_package	BP06	政策	財政・インフレ持続性監査	24	83	0.64	1.00	国家・金融・納税者・若者	財政不安↓ 制度信頼↑ 長期予見性↑	一時金と支援の財源、物価影響、対象公平性を継続監査し、金融システムを含む系の持続性が崩れた場合は自動補正する。
28	structure_birth_grant_package	E02	ショック	生活コスト上昇	6	30	0.70	0.90	全体	可処分所得↓ 子ども意向↓	住居費・エネルギー・食費が同時上昇し、家計余力が縮小する。
28	structure_birth_grant_package	E03	ショック	地政学リスク上昇	12	36	0.60	0.70	全体	将来予見性↓ 制度信頼↓	国際緊張の継続で将来見通しが悪化し、長期意思決定が先送りされる。
28	structure_birth_grant_package	E04	ショック	大規模災害クラスター	18	28	0.65	0.45	地方中心	住居安定↓ メンタル負荷↑	複数地域で災害被害が発生し、居住・就労・ケアの負担が連鎖する。
28	structure_birth_grant_package	E05	ショック	世界景気後退	24	42	0.75	0.60	全体	雇用安定↓ 制度信頼↓	輸出・投資の鈍化で求人が減少し、若年層のキャリア形成が不安定化。
28	structure_birth_grant_package	E06	ショック	SNS悲観バイアス増幅	8	40	0.55	0.85	SNS高感受層	希望↓ 分断感↑	悲観情報が拡散しやすくなり、希望指数と相互信頼を押し下げる。
28	structure_birth_grant_package	E07	ショック	介護需要急増	22	60	0.70	0.80	ケア責任層・地方・現役世代	ケア負担↑ 可処分時間↓ 希望↓	高齢化と家族介護の集中により、若者と現役世代の時間・所得・進路選択が圧迫される。
28	structure_birth_grant_package	E08	ショック	医療提供体制ひっ迫	18	44	0.65	0.65	地方層・医療福祉層・高負荷層	制度信頼↓ メンタル負荷↑ 地域安定↓	医療人材不足と地域医療の縮小により、生活安心感と制度信頼が低下する。
28	structure_birth_grant_package	E09	ショック	汎用ロボティクス普及による身体労働再編	12	60	0.62	0.75	製造・物流・小売・介護周辺	雇用安定↓ 生活コスト圧力↑	物流、製造、清掃、飲食、建設、介護補助などの身体労働でロボット導入が進み、地域産業と現場職の再編不安が広がる。
28	structure_birth_grant_package	P01	政策	若者住居安定パッケージ	10	83	0.70	1.00	非正規・無業・若年就業	住居安定↑ 希望↑	家賃補助・保証人代替・転居支援を組み合わせ、居住不安を緩和する。
28	structure_birth_grant_package	P02	政策	奨学金負担軽減・所得連動返済	8	83	0.80	1.00	在学層・負債高層	可処分所得↑ 子ども意向↑	返済負担の平準化と減免を導入し、将来投資の先送りを抑制する。
28	structure_birth_grant_package	P03	政策	社会持続活動nat報酬制度	12	83	0.85	1.00	全体	nat獲得↑ 希望↑	学校・地域・介護・防災・制度更新活動を報酬化し、役割喪失を防ぐ。
28	structure_birth_grant_package	P04	政策	子育て初期一時金1000万円	15	45	0.75	1.00	子育て初期・結婚前後	子ども意向↑ 出生実行↑	出生前後の初期費用を大幅に緩和するが、短期の財政負荷と逆選択リスクがある。
28	structure_birth_grant_package	P05	政策	地域ケア就労の賃金底上げ	14	83	0.70	1.00	ケア責任層・地方	雇用安定↑ 制度信頼↑	ケア活動を社会基盤労働として扱い、賃金と社会的評価を引き上げる。
28	structure_birth_grant_package	P06	政策	学び直し・移行雇用保証	16	83	0.78	1.00	非正規・無業・自動化影響層	雇用安定↑ 自己効力感↑	訓練と実務移行をセットで保証し、自動化ショックからの回復経路を提供する。
28	structure_birth_grant_package	P07	政策	地方分散インフラ投資	20	83	0.65	1.00	地方層	住居安定↑ 希望↑	交通・医療・通信の更新により、地方での生活可能性を底上げする。
28	structure_birth_grant_package	P08	政策	若年メンタルヘルス即時アクセス	9	83	0.72	1.00	高負荷層	メンタル負荷↓ 希望↑	心理支援への待機時間と費用障壁を下げ、長期離脱を防ぐ。
28	structure_birth_grant_package	P09	政策	学校-企業-地域循環プロジェクト	18	83	0.68	1.00	在学層・若年就業	自己効力感↑ 制度信頼↑	学習内容と地域課題・雇用機会を連結し、努力の手応えを可視化する。
28	structure_birth_grant_package	P11	政策	介護ロボット・在宅支援普及	22	83	0.62	1.00	ケア責任層・地方・子育て初期	ケア負担↓ 可処分時間↑ 希望↑	介護ロボット、見守り、移乗支援、在宅医療接続を公共支援として広げ、家族ケアによる時間制約を緩和する。
28	structure_birth_grant_package	BP01	政策	構造持続型出産一時金の上乗せ	15	60	0.82	1.00	子どもを望む家族形成層・将来家族形成層	子ども意向↑ 家計余力↑ 制度信頼↑	出生実績への成果報酬ではなく、望む人が子どもを迎えられる条件を整える目的で、妊娠・出産・初期育児の実費と所得喪失を一時金で緩衝する。
28	structure_birth_grant_package	BP02	政策	産後休息・代替ケア保障	15	83	0.78	1.00	妊娠出産期・子育て初期・ケア責任層	時間余力↑ メンタル負荷↓ 出生圧力リスク↓	産後の休息、夜間支援、代替ケア、家事育児支援を公的に確保し、家族責任の固定化や母親だけへの負担集中を防ぐ。
28	structure_birth_grant_package	BP03	政策	復帰キャリア・企業負担補正	18	83	0.70	1.00	企業・正規雇用・非正規雇用・子育て初期	雇用安定↑ 企業反発↓ 子ども意向↑	育休復帰、短時間勤務、配置転換、代替人員費を企業だけに背負わせず、構造持続会計で補正し、採用抑制や女性不利益を抑える。
28	structure_birth_grant_package	BP04	政策	家族形成住居・教育費緩衝パッケージ	20	83	0.74	1.00	23-40歳・若者・低中所得層	住居安定↑ 教育費不安↓ 希望↑	住居、保育、教育費の長期不安を束ねて緩衝し、子どもを迎える判断が一時金だけで終わらないよう支える。
28	structure_birth_grant_package	BP05	政策	出生非強制・監査ガードレール	15	83	0.68	1.00	全体	制度信頼↑ 反発↓ moral injury↓	非婚・非出産・単身・養育しない選択を不利益にせず、出生数ではなく選択可能条件を評価対象にする。若者の「産ませたいだけでは」という反発を監査する。
28	structure_birth_grant_package	BP06	政策	財政・インフレ持続性監査	24	83	0.64	1.00	国家・金融・納税者・若者	財政不安↓ 制度信頼↑ 長期予見性↑	一時金と支援の財源、物価影響、対象公平性を継続監査し、金融システムを含む系の持続性が崩れた場合は自動補正する。
29	structure_birth_grant_package	E02	ショック	生活コスト上昇	6	30	0.70	0.90	全体	可処分所得↓ 子ども意向↓	住居費・エネルギー・食費が同時上昇し、家計余力が縮小する。
29	structure_birth_grant_package	E03	ショック	地政学リスク上昇	12	36	0.60	0.70	全体	将来予見性↓ 制度信頼↓	国際緊張の継続で将来見通しが悪化し、長期意思決定が先送りされる。
29	structure_birth_grant_package	E05	ショック	世界景気後退	24	42	0.75	0.60	全体	雇用安定↓ 制度信頼↓	輸出・投資の鈍化で求人が減少し、若年層のキャリア形成が不安定化。
29	structure_birth_grant_package	E06	ショック	SNS悲観バイアス増幅	8	40	0.55	0.85	SNS高感受層	希望↓ 分断感↑	悲観情報が拡散しやすくなり、希望指数と相互信頼を押し下げる。
29	structure_birth_grant_package	E07	ショック	介護需要急増	22	60	0.70	0.80	ケア責任層・地方・現役世代	ケア負担↑ 可処分時間↓ 希望↓	高齢化と家族介護の集中により、若者と現役世代の時間・所得・進路選択が圧迫される。
29	structure_birth_grant_package	E08	ショック	医療提供体制ひっ迫	18	44	0.65	0.65	地方層・医療福祉層・高負荷層	制度信頼↓ メンタル負荷↑ 地域安定↓	医療人材不足と地域医療の縮小により、生活安心感と制度信頼が低下する。
29	structure_birth_grant_package	E09	ショック	汎用ロボティクス普及による身体労働再編	12	60	0.62	0.75	製造・物流・小売・介護周辺	雇用安定↓ 生活コスト圧力↑	物流、製造、清掃、飲食、建設、介護補助などの身体労働でロボット導入が進み、地域産業と現場職の再編不安が広がる。
29	structure_birth_grant_package	P01	政策	若者住居安定パッケージ	10	83	0.70	1.00	非正規・無業・若年就業	住居安定↑ 希望↑	家賃補助・保証人代替・転居支援を組み合わせ、居住不安を緩和する。
29	structure_birth_grant_package	P02	政策	奨学金負担軽減・所得連動返済	8	83	0.80	1.00	在学層・負債高層	可処分所得↑ 子ども意向↑	返済負担の平準化と減免を導入し、将来投資の先送りを抑制する。
29	structure_birth_grant_package	P03	政策	社会持続活動nat報酬制度	12	83	0.85	1.00	全体	nat獲得↑ 希望↑	学校・地域・介護・防災・制度更新活動を報酬化し、役割喪失を防ぐ。
29	structure_birth_grant_package	P04	政策	子育て初期一時金1000万円	15	45	0.75	1.00	子育て初期・結婚前後	子ども意向↑ 出生実行↑	出生前後の初期費用を大幅に緩和するが、短期の財政負荷と逆選択リスクがある。
29	structure_birth_grant_package	P05	政策	地域ケア就労の賃金底上げ	14	83	0.70	1.00	ケア責任層・地方	雇用安定↑ 制度信頼↑	ケア活動を社会基盤労働として扱い、賃金と社会的評価を引き上げる。
29	structure_birth_grant_package	P06	政策	学び直し・移行雇用保証	16	83	0.78	1.00	非正規・無業・自動化影響層	雇用安定↑ 自己効力感↑	訓練と実務移行をセットで保証し、自動化ショックからの回復経路を提供する。
29	structure_birth_grant_package	P07	政策	地方分散インフラ投資	20	83	0.65	1.00	地方層	住居安定↑ 希望↑	交通・医療・通信の更新により、地方での生活可能性を底上げする。
29	structure_birth_grant_package	P08	政策	若年メンタルヘルス即時アクセス	9	83	0.72	1.00	高負荷層	メンタル負荷↓ 希望↑	心理支援への待機時間と費用障壁を下げ、長期離脱を防ぐ。
29	structure_birth_grant_package	P09	政策	学校-企業-地域循環プロジェクト	18	83	0.68	1.00	在学層・若年就業	自己効力感↑ 制度信頼↑	学習内容と地域課題・雇用機会を連結し、努力の手応えを可視化する。
29	structure_birth_grant_package	P11	政策	介護ロボット・在宅支援普及	22	83	0.62	1.00	ケア責任層・地方・子育て初期	ケア負担↓ 可処分時間↑ 希望↑	介護ロボット、見守り、移乗支援、在宅医療接続を公共支援として広げ、家族ケアによる時間制約を緩和する。
29	structure_birth_grant_package	BP01	政策	構造持続型出産一時金の上乗せ	15	60	0.82	1.00	子どもを望む家族形成層・将来家族形成層	子ども意向↑ 家計余力↑ 制度信頼↑	出生実績への成果報酬ではなく、望む人が子どもを迎えられる条件を整える目的で、妊娠・出産・初期育児の実費と所得喪失を一時金で緩衝する。
29	structure_birth_grant_package	BP02	政策	産後休息・代替ケア保障	15	83	0.78	1.00	妊娠出産期・子育て初期・ケア責任層	時間余力↑ メンタル負荷↓ 出生圧力リスク↓	産後の休息、夜間支援、代替ケア、家事育児支援を公的に確保し、家族責任の固定化や母親だけへの負担集中を防ぐ。
29	structure_birth_grant_package	BP03	政策	復帰キャリア・企業負担補正	18	83	0.70	1.00	企業・正規雇用・非正規雇用・子育て初期	雇用安定↑ 企業反発↓ 子ども意向↑	育休復帰、短時間勤務、配置転換、代替人員費を企業だけに背負わせず、構造持続会計で補正し、採用抑制や女性不利益を抑える。
29	structure_birth_grant_package	BP04	政策	家族形成住居・教育費緩衝パッケージ	20	83	0.74	1.00	23-40歳・若者・低中所得層	住居安定↑ 教育費不安↓ 希望↑	住居、保育、教育費の長期不安を束ねて緩衝し、子どもを迎える判断が一時金だけで終わらないよう支える。
29	structure_birth_grant_package	BP05	政策	出生非強制・監査ガードレール	15	83	0.68	1.00	全体	制度信頼↑ 反発↓ moral injury↓	非婚・非出産・単身・養育しない選択を不利益にせず、出生数ではなく選択可能条件を評価対象にする。若者の「産ませたいだけでは」という反発を監査する。
29	structure_birth_grant_package	BP06	政策	財政・インフレ持続性監査	24	83	0.64	1.00	国家・金融・納税者・若者	財政不安↓ 制度信頼↑ 長期予見性↑	一時金と支援の財源、物価影響、対象公平性を継続監査し、金融システムを含む系の持続性が崩れた場合は自動補正する。
30	structure_birth_grant_package	E02	ショック	生活コスト上昇	6	30	0.70	0.90	全体	可処分所得↓ 子ども意向↓	住居費・エネルギー・食費が同時上昇し、家計余力が縮小する。
30	structure_birth_grant_package	E03	ショック	地政学リスク上昇	12	36	0.60	0.70	全体	将来予見性↓ 制度信頼↓	国際緊張の継続で将来見通しが悪化し、長期意思決定が先送りされる。
30	structure_birth_grant_package	E05	ショック	世界景気後退	24	42	0.75	0.60	全体	雇用安定↓ 制度信頼↓	輸出・投資の鈍化で求人が減少し、若年層のキャリア形成が不安定化。
30	structure_birth_grant_package	E06	ショック	SNS悲観バイアス増幅	8	40	0.55	0.85	SNS高感受層	希望↓ 分断感↑	悲観情報が拡散しやすくなり、希望指数と相互信頼を押し下げる。
30	structure_birth_grant_package	E07	ショック	介護需要急増	22	60	0.70	0.80	ケア責任層・地方・現役世代	ケア負担↑ 可処分時間↓ 希望↓	高齢化と家族介護の集中により、若者と現役世代の時間・所得・進路選択が圧迫される。
30	structure_birth_grant_package	E08	ショック	医療提供体制ひっ迫	18	44	0.65	0.65	地方層・医療福祉層・高負荷層	制度信頼↓ メンタル負荷↑ 地域安定↓	医療人材不足と地域医療の縮小により、生活安心感と制度信頼が低下する。
30	structure_birth_grant_package	E09	ショック	汎用ロボティクス普及による身体労働再編	12	60	0.62	0.75	製造・物流・小売・介護周辺	雇用安定↓ 生活コスト圧力↑	物流、製造、清掃、飲食、建設、介護補助などの身体労働でロボット導入が進み、地域産業と現場職の再編不安が広がる。
30	structure_birth_grant_package	P01	政策	若者住居安定パッケージ	10	83	0.70	1.00	非正規・無業・若年就業	住居安定↑ 希望↑	家賃補助・保証人代替・転居支援を組み合わせ、居住不安を緩和する。
30	structure_birth_grant_package	P02	政策	奨学金負担軽減・所得連動返済	8	83	0.80	1.00	在学層・負債高層	可処分所得↑ 子ども意向↑	返済負担の平準化と減免を導入し、将来投資の先送りを抑制する。
30	structure_birth_grant_package	P03	政策	社会持続活動nat報酬制度	12	83	0.85	1.00	全体	nat獲得↑ 希望↑	学校・地域・介護・防災・制度更新活動を報酬化し、役割喪失を防ぐ。
30	structure_birth_grant_package	P04	政策	子育て初期一時金1000万円	15	45	0.75	1.00	子育て初期・結婚前後	子ども意向↑ 出生実行↑	出生前後の初期費用を大幅に緩和するが、短期の財政負荷と逆選択リスクがある。
30	structure_birth_grant_package	P05	政策	地域ケア就労の賃金底上げ	14	83	0.70	1.00	ケア責任層・地方	雇用安定↑ 制度信頼↑	ケア活動を社会基盤労働として扱い、賃金と社会的評価を引き上げる。
30	structure_birth_grant_package	P06	政策	学び直し・移行雇用保証	16	83	0.78	1.00	非正規・無業・自動化影響層	雇用安定↑ 自己効力感↑	訓練と実務移行をセットで保証し、自動化ショックからの回復経路を提供する。
30	structure_birth_grant_package	P07	政策	地方分散インフラ投資	20	83	0.65	1.00	地方層	住居安定↑ 希望↑	交通・医療・通信の更新により、地方での生活可能性を底上げする。
30	structure_birth_grant_package	P08	政策	若年メンタルヘルス即時アクセス	9	83	0.72	1.00	高負荷層	メンタル負荷↓ 希望↑	心理支援への待機時間と費用障壁を下げ、長期離脱を防ぐ。
30	structure_birth_grant_package	P09	政策	学校-企業-地域循環プロジェクト	18	83	0.68	1.00	在学層・若年就業	自己効力感↑ 制度信頼↑	学習内容と地域課題・雇用機会を連結し、努力の手応えを可視化する。
30	structure_birth_grant_package	P10	政策	nat通貨の逆進性補正	30	83	0.60	1.00	低所得層中心	格差↓ 制度信頼↑	nat配分の偏りを是正し、参加機会の不公平を抑える再分配ルールを導入する。
30	structure_birth_grant_package	P11	政策	介護ロボット・在宅支援普及	22	83	0.62	1.00	ケア責任層・地方・子育て初期	ケア負担↓ 可処分時間↑ 希望↑	介護ロボット、見守り、移乗支援、在宅医療接続を公共支援として広げ、家族ケアによる時間制約を緩和する。
30	structure_birth_grant_package	BP01	政策	構造持続型出産一時金の上乗せ	15	60	0.82	1.00	子どもを望む家族形成層・将来家族形成層	子ども意向↑ 家計余力↑ 制度信頼↑	出生実績への成果報酬ではなく、望む人が子どもを迎えられる条件を整える目的で、妊娠・出産・初期育児の実費と所得喪失を一時金で緩衝する。
30	structure_birth_grant_package	BP02	政策	産後休息・代替ケア保障	15	83	0.78	1.00	妊娠出産期・子育て初期・ケア責任層	時間余力↑ メンタル負荷↓ 出生圧力リスク↓	産後の休息、夜間支援、代替ケア、家事育児支援を公的に確保し、家族責任の固定化や母親だけへの負担集中を防ぐ。
30	structure_birth_grant_package	BP03	政策	復帰キャリア・企業負担補正	18	83	0.70	1.00	企業・正規雇用・非正規雇用・子育て初期	雇用安定↑ 企業反発↓ 子ども意向↑	育休復帰、短時間勤務、配置転換、代替人員費を企業だけに背負わせず、構造持続会計で補正し、採用抑制や女性不利益を抑える。
30	structure_birth_grant_package	BP04	政策	家族形成住居・教育費緩衝パッケージ	20	83	0.74	1.00	23-40歳・若者・低中所得層	住居安定↑ 教育費不安↓ 希望↑	住居、保育、教育費の長期不安を束ねて緩衝し、子どもを迎える判断が一時金だけで終わらないよう支える。
30	structure_birth_grant_package	BP05	政策	出生非強制・監査ガードレール	15	83	0.68	1.00	全体	制度信頼↑ 反発↓ moral injury↓	非婚・非出産・単身・養育しない選択を不利益にせず、出生数ではなく選択可能条件を評価対象にする。若者の「産ませたいだけでは」という反発を監査する。
30	structure_birth_grant_package	BP06	政策	財政・インフレ持続性監査	24	83	0.64	1.00	国家・金融・納税者・若者	財政不安↓ 制度信頼↑ 長期予見性↑	一時金と支援の財源、物価影響、対象公平性を継続監査し、金融システムを含む系の持続性が崩れた場合は自動補正する。
30	structure_birth_grant_package	BP07	政策	希望経路の可視化と達成共有	30	83	0.76	1.00	若者・家族形成層・次世代コホート	希望↑ 連帯感↑ 自己効力感↑	住居、ケア、教育費、復帰キャリアが実際につながった事例を学校・企業・地域で共有し、少なくとも複数の代表エージェントが「自分たちでも未来を作れる」と感じる経路を観測する。
31	structure_birth_grant_package	E03	ショック	地政学リスク上昇	12	36	0.60	0.70	全体	将来予見性↓ 制度信頼↓	国際緊張の継続で将来見通しが悪化し、長期意思決定が先送りされる。
31	structure_birth_grant_package	E05	ショック	世界景気後退	24	42	0.75	0.60	全体	雇用安定↓ 制度信頼↓	輸出・投資の鈍化で求人が減少し、若年層のキャリア形成が不安定化。
31	structure_birth_grant_package	E06	ショック	SNS悲観バイアス増幅	8	40	0.55	0.85	SNS高感受層	希望↓ 分断感↑	悲観情報が拡散しやすくなり、希望指数と相互信頼を押し下げる。
31	structure_birth_grant_package	E07	ショック	介護需要急増	22	60	0.70	0.80	ケア責任層・地方・現役世代	ケア負担↑ 可処分時間↓ 希望↓	高齢化と家族介護の集中により、若者と現役世代の時間・所得・進路選択が圧迫される。
31	structure_birth_grant_package	E08	ショック	医療提供体制ひっ迫	18	44	0.65	0.65	地方層・医療福祉層・高負荷層	制度信頼↓ メンタル負荷↑ 地域安定↓	医療人材不足と地域医療の縮小により、生活安心感と制度信頼が低下する。
31	structure_birth_grant_package	E09	ショック	汎用ロボティクス普及による身体労働再編	12	60	0.62	0.75	製造・物流・小売・介護周辺	雇用安定↓ 生活コスト圧力↑	物流、製造、清掃、飲食、建設、介護補助などの身体労働でロボット導入が進み、地域産業と現場職の再編不安が広がる。
31	structure_birth_grant_package	P01	政策	若者住居安定パッケージ	10	83	0.70	1.00	非正規・無業・若年就業	住居安定↑ 希望↑	家賃補助・保証人代替・転居支援を組み合わせ、居住不安を緩和する。
31	structure_birth_grant_package	P02	政策	奨学金負担軽減・所得連動返済	8	83	0.80	1.00	在学層・負債高層	可処分所得↑ 子ども意向↑	返済負担の平準化と減免を導入し、将来投資の先送りを抑制する。
31	structure_birth_grant_package	P03	政策	社会持続活動nat報酬制度	12	83	0.85	1.00	全体	nat獲得↑ 希望↑	学校・地域・介護・防災・制度更新活動を報酬化し、役割喪失を防ぐ。
31	structure_birth_grant_package	P04	政策	子育て初期一時金1000万円	15	45	0.75	1.00	子育て初期・結婚前後	子ども意向↑ 出生実行↑	出生前後の初期費用を大幅に緩和するが、短期の財政負荷と逆選択リスクがある。
31	structure_birth_grant_package	P05	政策	地域ケア就労の賃金底上げ	14	83	0.70	1.00	ケア責任層・地方	雇用安定↑ 制度信頼↑	ケア活動を社会基盤労働として扱い、賃金と社会的評価を引き上げる。
31	structure_birth_grant_package	P06	政策	学び直し・移行雇用保証	16	83	0.78	1.00	非正規・無業・自動化影響層	雇用安定↑ 自己効力感↑	訓練と実務移行をセットで保証し、自動化ショックからの回復経路を提供する。
31	structure_birth_grant_package	P07	政策	地方分散インフラ投資	20	83	0.65	1.00	地方層	住居安定↑ 希望↑	交通・医療・通信の更新により、地方での生活可能性を底上げする。
31	structure_birth_grant_package	P08	政策	若年メンタルヘルス即時アクセス	9	83	0.72	1.00	高負荷層	メンタル負荷↓ 希望↑	心理支援への待機時間と費用障壁を下げ、長期離脱を防ぐ。
31	structure_birth_grant_package	P09	政策	学校-企業-地域循環プロジェクト	18	83	0.68	1.00	在学層・若年就業	自己効力感↑ 制度信頼↑	学習内容と地域課題・雇用機会を連結し、努力の手応えを可視化する。
31	structure_birth_grant_package	P10	政策	nat通貨の逆進性補正	30	83	0.60	1.00	低所得層中心	格差↓ 制度信頼↑	nat配分の偏りを是正し、参加機会の不公平を抑える再分配ルールを導入する。
31	structure_birth_grant_package	P11	政策	介護ロボット・在宅支援普及	22	83	0.62	1.00	ケア責任層・地方・子育て初期	ケア負担↓ 可処分時間↑ 希望↑	介護ロボット、見守り、移乗支援、在宅医療接続を公共支援として広げ、家族ケアによる時間制約を緩和する。
31	structure_birth_grant_package	BP01	政策	構造持続型出産一時金の上乗せ	15	60	0.82	1.00	子どもを望む家族形成層・将来家族形成層	子ども意向↑ 家計余力↑ 制度信頼↑	出生実績への成果報酬ではなく、望む人が子どもを迎えられる条件を整える目的で、妊娠・出産・初期育児の実費と所得喪失を一時金で緩衝する。
31	structure_birth_grant_package	BP02	政策	産後休息・代替ケア保障	15	83	0.78	1.00	妊娠出産期・子育て初期・ケア責任層	時間余力↑ メンタル負荷↓ 出生圧力リスク↓	産後の休息、夜間支援、代替ケア、家事育児支援を公的に確保し、家族責任の固定化や母親だけへの負担集中を防ぐ。
31	structure_birth_grant_package	BP03	政策	復帰キャリア・企業負担補正	18	83	0.70	1.00	企業・正規雇用・非正規雇用・子育て初期	雇用安定↑ 企業反発↓ 子ども意向↑	育休復帰、短時間勤務、配置転換、代替人員費を企業だけに背負わせず、構造持続会計で補正し、採用抑制や女性不利益を抑える。
31	structure_birth_grant_package	BP04	政策	家族形成住居・教育費緩衝パッケージ	20	83	0.74	1.00	23-40歳・若者・低中所得層	住居安定↑ 教育費不安↓ 希望↑	住居、保育、教育費の長期不安を束ねて緩衝し、子どもを迎える判断が一時金だけで終わらないよう支える。
31	structure_birth_grant_package	BP05	政策	出生非強制・監査ガードレール	15	83	0.68	1.00	全体	制度信頼↑ 反発↓ moral injury↓	非婚・非出産・単身・養育しない選択を不利益にせず、出生数ではなく選択可能条件を評価対象にする。若者の「産ませたいだけでは」という反発を監査する。
31	structure_birth_grant_package	BP06	政策	財政・インフレ持続性監査	24	83	0.64	1.00	国家・金融・納税者・若者	財政不安↓ 制度信頼↑ 長期予見性↑	一時金と支援の財源、物価影響、対象公平性を継続監査し、金融システムを含む系の持続性が崩れた場合は自動補正する。
31	structure_birth_grant_package	BP07	政策	希望経路の可視化と達成共有	30	83	0.76	1.00	若者・家族形成層・次世代コホート	希望↑ 連帯感↑ 自己効力感↑	住居、ケア、教育費、復帰キャリアが実際につながった事例を学校・企業・地域で共有し、少なくとも複数の代表エージェントが「自分たちでも未来を作れる」と感じる経路を観測する。
32	structure_birth_grant_package	E03	ショック	地政学リスク上昇	12	36	0.60	0.70	全体	将来予見性↓ 制度信頼↓	国際緊張の継続で将来見通しが悪化し、長期意思決定が先送りされる。
32	structure_birth_grant_package	E05	ショック	世界景気後退	24	42	0.75	0.60	全体	雇用安定↓ 制度信頼↓	輸出・投資の鈍化で求人が減少し、若年層のキャリア形成が不安定化。
32	structure_birth_grant_package	E06	ショック	SNS悲観バイアス増幅	8	40	0.55	0.85	SNS高感受層	希望↓ 分断感↑	悲観情報が拡散しやすくなり、希望指数と相互信頼を押し下げる。
32	structure_birth_grant_package	E07	ショック	介護需要急増	22	60	0.70	0.80	ケア責任層・地方・現役世代	ケア負担↑ 可処分時間↓ 希望↓	高齢化と家族介護の集中により、若者と現役世代の時間・所得・進路選択が圧迫される。
32	structure_birth_grant_package	E08	ショック	医療提供体制ひっ迫	18	44	0.65	0.65	地方層・医療福祉層・高負荷層	制度信頼↓ メンタル負荷↑ 地域安定↓	医療人材不足と地域医療の縮小により、生活安心感と制度信頼が低下する。
32	structure_birth_grant_package	E09	ショック	汎用ロボティクス普及による身体労働再編	12	60	0.62	0.75	製造・物流・小売・介護周辺	雇用安定↓ 生活コスト圧力↑	物流、製造、清掃、飲食、建設、介護補助などの身体労働でロボット導入が進み、地域産業と現場職の再編不安が広がる。
32	structure_birth_grant_package	P01	政策	若者住居安定パッケージ	10	83	0.70	1.00	非正規・無業・若年就業	住居安定↑ 希望↑	家賃補助・保証人代替・転居支援を組み合わせ、居住不安を緩和する。
32	structure_birth_grant_package	P02	政策	奨学金負担軽減・所得連動返済	8	83	0.80	1.00	在学層・負債高層	可処分所得↑ 子ども意向↑	返済負担の平準化と減免を導入し、将来投資の先送りを抑制する。
32	structure_birth_grant_package	P03	政策	社会持続活動nat報酬制度	12	83	0.85	1.00	全体	nat獲得↑ 希望↑	学校・地域・介護・防災・制度更新活動を報酬化し、役割喪失を防ぐ。
32	structure_birth_grant_package	P04	政策	子育て初期一時金1000万円	15	45	0.75	1.00	子育て初期・結婚前後	子ども意向↑ 出生実行↑	出生前後の初期費用を大幅に緩和するが、短期の財政負荷と逆選択リスクがある。
32	structure_birth_grant_package	P05	政策	地域ケア就労の賃金底上げ	14	83	0.70	1.00	ケア責任層・地方	雇用安定↑ 制度信頼↑	ケア活動を社会基盤労働として扱い、賃金と社会的評価を引き上げる。
32	structure_birth_grant_package	P06	政策	学び直し・移行雇用保証	16	83	0.78	1.00	非正規・無業・自動化影響層	雇用安定↑ 自己効力感↑	訓練と実務移行をセットで保証し、自動化ショックからの回復経路を提供する。
32	structure_birth_grant_package	P07	政策	地方分散インフラ投資	20	83	0.65	1.00	地方層	住居安定↑ 希望↑	交通・医療・通信の更新により、地方での生活可能性を底上げする。
32	structure_birth_grant_package	P08	政策	若年メンタルヘルス即時アクセス	9	83	0.72	1.00	高負荷層	メンタル負荷↓ 希望↑	心理支援への待機時間と費用障壁を下げ、長期離脱を防ぐ。
32	structure_birth_grant_package	P09	政策	学校-企業-地域循環プロジェクト	18	83	0.68	1.00	在学層・若年就業	自己効力感↑ 制度信頼↑	学習内容と地域課題・雇用機会を連結し、努力の手応えを可視化する。
32	structure_birth_grant_package	P10	政策	nat通貨の逆進性補正	30	83	0.60	1.00	低所得層中心	格差↓ 制度信頼↑	nat配分の偏りを是正し、参加機会の不公平を抑える再分配ルールを導入する。
32	structure_birth_grant_package	P11	政策	介護ロボット・在宅支援普及	22	83	0.62	1.00	ケア責任層・地方・子育て初期	ケア負担↓ 可処分時間↑ 希望↑	介護ロボット、見守り、移乗支援、在宅医療接続を公共支援として広げ、家族ケアによる時間制約を緩和する。
32	structure_birth_grant_package	BP01	政策	構造持続型出産一時金の上乗せ	15	60	0.82	1.00	子どもを望む家族形成層・将来家族形成層	子ども意向↑ 家計余力↑ 制度信頼↑	出生実績への成果報酬ではなく、望む人が子どもを迎えられる条件を整える目的で、妊娠・出産・初期育児の実費と所得喪失を一時金で緩衝する。
32	structure_birth_grant_package	BP02	政策	産後休息・代替ケア保障	15	83	0.78	1.00	妊娠出産期・子育て初期・ケア責任層	時間余力↑ メンタル負荷↓ 出生圧力リスク↓	産後の休息、夜間支援、代替ケア、家事育児支援を公的に確保し、家族責任の固定化や母親だけへの負担集中を防ぐ。
32	structure_birth_grant_package	BP03	政策	復帰キャリア・企業負担補正	18	83	0.70	1.00	企業・正規雇用・非正規雇用・子育て初期	雇用安定↑ 企業反発↓ 子ども意向↑	育休復帰、短時間勤務、配置転換、代替人員費を企業だけに背負わせず、構造持続会計で補正し、採用抑制や女性不利益を抑える。
32	structure_birth_grant_package	BP04	政策	家族形成住居・教育費緩衝パッケージ	20	83	0.74	1.00	23-40歳・若者・低中所得層	住居安定↑ 教育費不安↓ 希望↑	住居、保育、教育費の長期不安を束ねて緩衝し、子どもを迎える判断が一時金だけで終わらないよう支える。
32	structure_birth_grant_package	BP05	政策	出生非強制・監査ガードレール	15	83	0.68	1.00	全体	制度信頼↑ 反発↓ moral injury↓	非婚・非出産・単身・養育しない選択を不利益にせず、出生数ではなく選択可能条件を評価対象にする。若者の「産ませたいだけでは」という反発を監査する。
32	structure_birth_grant_package	BP06	政策	財政・インフレ持続性監査	24	83	0.64	1.00	国家・金融・納税者・若者	財政不安↓ 制度信頼↑ 長期予見性↑	一時金と支援の財源、物価影響、対象公平性を継続監査し、金融システムを含む系の持続性が崩れた場合は自動補正する。
32	structure_birth_grant_package	BP07	政策	希望経路の可視化と達成共有	30	83	0.76	1.00	若者・家族形成層・次世代コホート	希望↑ 連帯感↑ 自己効力感↑	住居、ケア、教育費、復帰キャリアが実際につながった事例を学校・企業・地域で共有し、少なくとも複数の代表エージェントが「自分たちでも未来を作れる」と感じる経路を観測する。
33	structure_birth_grant_package	E03	ショック	地政学リスク上昇	12	36	0.60	0.70	全体	将来予見性↓ 制度信頼↓	国際緊張の継続で将来見通しが悪化し、長期意思決定が先送りされる。
33	structure_birth_grant_package	E05	ショック	世界景気後退	24	42	0.75	0.60	全体	雇用安定↓ 制度信頼↓	輸出・投資の鈍化で求人が減少し、若年層のキャリア形成が不安定化。
33	structure_birth_grant_package	E06	ショック	SNS悲観バイアス増幅	8	40	0.55	0.85	SNS高感受層	希望↓ 分断感↑	悲観情報が拡散しやすくなり、希望指数と相互信頼を押し下げる。
33	structure_birth_grant_package	E07	ショック	介護需要急増	22	60	0.70	0.80	ケア責任層・地方・現役世代	ケア負担↑ 可処分時間↓ 希望↓	高齢化と家族介護の集中により、若者と現役世代の時間・所得・進路選択が圧迫される。
33	structure_birth_grant_package	E08	ショック	医療提供体制ひっ迫	18	44	0.65	0.65	地方層・医療福祉層・高負荷層	制度信頼↓ メンタル負荷↑ 地域安定↓	医療人材不足と地域医療の縮小により、生活安心感と制度信頼が低下する。
33	structure_birth_grant_package	E09	ショック	汎用ロボティクス普及による身体労働再編	12	60	0.62	0.75	製造・物流・小売・介護周辺	雇用安定↓ 生活コスト圧力↑	物流、製造、清掃、飲食、建設、介護補助などの身体労働でロボット導入が進み、地域産業と現場職の再編不安が広がる。
33	structure_birth_grant_package	P01	政策	若者住居安定パッケージ	10	83	0.70	1.00	非正規・無業・若年就業	住居安定↑ 希望↑	家賃補助・保証人代替・転居支援を組み合わせ、居住不安を緩和する。
33	structure_birth_grant_package	P02	政策	奨学金負担軽減・所得連動返済	8	83	0.80	1.00	在学層・負債高層	可処分所得↑ 子ども意向↑	返済負担の平準化と減免を導入し、将来投資の先送りを抑制する。
33	structure_birth_grant_package	P03	政策	社会持続活動nat報酬制度	12	83	0.85	1.00	全体	nat獲得↑ 希望↑	学校・地域・介護・防災・制度更新活動を報酬化し、役割喪失を防ぐ。
33	structure_birth_grant_package	P04	政策	子育て初期一時金1000万円	15	45	0.75	1.00	子育て初期・結婚前後	子ども意向↑ 出生実行↑	出生前後の初期費用を大幅に緩和するが、短期の財政負荷と逆選択リスクがある。
33	structure_birth_grant_package	P05	政策	地域ケア就労の賃金底上げ	14	83	0.70	1.00	ケア責任層・地方	雇用安定↑ 制度信頼↑	ケア活動を社会基盤労働として扱い、賃金と社会的評価を引き上げる。
33	structure_birth_grant_package	P06	政策	学び直し・移行雇用保証	16	83	0.78	1.00	非正規・無業・自動化影響層	雇用安定↑ 自己効力感↑	訓練と実務移行をセットで保証し、自動化ショックからの回復経路を提供する。
33	structure_birth_grant_package	P07	政策	地方分散インフラ投資	20	83	0.65	1.00	地方層	住居安定↑ 希望↑	交通・医療・通信の更新により、地方での生活可能性を底上げする。
33	structure_birth_grant_package	P08	政策	若年メンタルヘルス即時アクセス	9	83	0.72	1.00	高負荷層	メンタル負荷↓ 希望↑	心理支援への待機時間と費用障壁を下げ、長期離脱を防ぐ。
33	structure_birth_grant_package	P09	政策	学校-企業-地域循環プロジェクト	18	83	0.68	1.00	在学層・若年就業	自己効力感↑ 制度信頼↑	学習内容と地域課題・雇用機会を連結し、努力の手応えを可視化する。
33	structure_birth_grant_package	P10	政策	nat通貨の逆進性補正	30	83	0.60	1.00	低所得層中心	格差↓ 制度信頼↑	nat配分の偏りを是正し、参加機会の不公平を抑える再分配ルールを導入する。
33	structure_birth_grant_package	P11	政策	介護ロボット・在宅支援普及	22	83	0.62	1.00	ケア責任層・地方・子育て初期	ケア負担↓ 可処分時間↑ 希望↑	介護ロボット、見守り、移乗支援、在宅医療接続を公共支援として広げ、家族ケアによる時間制約を緩和する。
33	structure_birth_grant_package	BP01	政策	構造持続型出産一時金の上乗せ	15	60	0.82	1.00	子どもを望む家族形成層・将来家族形成層	子ども意向↑ 家計余力↑ 制度信頼↑	出生実績への成果報酬ではなく、望む人が子どもを迎えられる条件を整える目的で、妊娠・出産・初期育児の実費と所得喪失を一時金で緩衝する。
33	structure_birth_grant_package	BP02	政策	産後休息・代替ケア保障	15	83	0.78	1.00	妊娠出産期・子育て初期・ケア責任層	時間余力↑ メンタル負荷↓ 出生圧力リスク↓	産後の休息、夜間支援、代替ケア、家事育児支援を公的に確保し、家族責任の固定化や母親だけへの負担集中を防ぐ。
33	structure_birth_grant_package	BP03	政策	復帰キャリア・企業負担補正	18	83	0.70	1.00	企業・正規雇用・非正規雇用・子育て初期	雇用安定↑ 企業反発↓ 子ども意向↑	育休復帰、短時間勤務、配置転換、代替人員費を企業だけに背負わせず、構造持続会計で補正し、採用抑制や女性不利益を抑える。
33	structure_birth_grant_package	BP04	政策	家族形成住居・教育費緩衝パッケージ	20	83	0.74	1.00	23-40歳・若者・低中所得層	住居安定↑ 教育費不安↓ 希望↑	住居、保育、教育費の長期不安を束ねて緩衝し、子どもを迎える判断が一時金だけで終わらないよう支える。
33	structure_birth_grant_package	BP05	政策	出生非強制・監査ガードレール	15	83	0.68	1.00	全体	制度信頼↑ 反発↓ moral injury↓	非婚・非出産・単身・養育しない選択を不利益にせず、出生数ではなく選択可能条件を評価対象にする。若者の「産ませたいだけでは」という反発を監査する。
33	structure_birth_grant_package	BP06	政策	財政・インフレ持続性監査	24	83	0.64	1.00	国家・金融・納税者・若者	財政不安↓ 制度信頼↑ 長期予見性↑	一時金と支援の財源、物価影響、対象公平性を継続監査し、金融システムを含む系の持続性が崩れた場合は自動補正する。
33	structure_birth_grant_package	BP07	政策	希望経路の可視化と達成共有	30	83	0.76	1.00	若者・家族形成層・次世代コホート	希望↑ 連帯感↑ 自己効力感↑	住居、ケア、教育費、復帰キャリアが実際につながった事例を学校・企業・地域で共有し、少なくとも複数の代表エージェントが「自分たちでも未来を作れる」と感じる経路を観測する。
34	structure_birth_grant_package	E03	ショック	地政学リスク上昇	12	36	0.60	0.70	全体	将来予見性↓ 制度信頼↓	国際緊張の継続で将来見通しが悪化し、長期意思決定が先送りされる。
34	structure_birth_grant_package	E05	ショック	世界景気後退	24	42	0.75	0.60	全体	雇用安定↓ 制度信頼↓	輸出・投資の鈍化で求人が減少し、若年層のキャリア形成が不安定化。
34	structure_birth_grant_package	E06	ショック	SNS悲観バイアス増幅	8	40	0.55	0.85	SNS高感受層	希望↓ 分断感↑	悲観情報が拡散しやすくなり、希望指数と相互信頼を押し下げる。
34	structure_birth_grant_package	E07	ショック	介護需要急増	22	60	0.70	0.80	ケア責任層・地方・現役世代	ケア負担↑ 可処分時間↓ 希望↓	高齢化と家族介護の集中により、若者と現役世代の時間・所得・進路選択が圧迫される。
34	structure_birth_grant_package	E08	ショック	医療提供体制ひっ迫	18	44	0.65	0.65	地方層・医療福祉層・高負荷層	制度信頼↓ メンタル負荷↑ 地域安定↓	医療人材不足と地域医療の縮小により、生活安心感と制度信頼が低下する。
34	structure_birth_grant_package	E09	ショック	汎用ロボティクス普及による身体労働再編	12	60	0.62	0.75	製造・物流・小売・介護周辺	雇用安定↓ 生活コスト圧力↑	物流、製造、清掃、飲食、建設、介護補助などの身体労働でロボット導入が進み、地域産業と現場職の再編不安が広がる。
34	structure_birth_grant_package	P01	政策	若者住居安定パッケージ	10	83	0.70	1.00	非正規・無業・若年就業	住居安定↑ 希望↑	家賃補助・保証人代替・転居支援を組み合わせ、居住不安を緩和する。
34	structure_birth_grant_package	P02	政策	奨学金負担軽減・所得連動返済	8	83	0.80	1.00	在学層・負債高層	可処分所得↑ 子ども意向↑	返済負担の平準化と減免を導入し、将来投資の先送りを抑制する。
34	structure_birth_grant_package	P03	政策	社会持続活動nat報酬制度	12	83	0.85	1.00	全体	nat獲得↑ 希望↑	学校・地域・介護・防災・制度更新活動を報酬化し、役割喪失を防ぐ。
34	structure_birth_grant_package	P04	政策	子育て初期一時金1000万円	15	45	0.75	1.00	子育て初期・結婚前後	子ども意向↑ 出生実行↑	出生前後の初期費用を大幅に緩和するが、短期の財政負荷と逆選択リスクがある。
34	structure_birth_grant_package	P05	政策	地域ケア就労の賃金底上げ	14	83	0.70	1.00	ケア責任層・地方	雇用安定↑ 制度信頼↑	ケア活動を社会基盤労働として扱い、賃金と社会的評価を引き上げる。
34	structure_birth_grant_package	P06	政策	学び直し・移行雇用保証	16	83	0.78	1.00	非正規・無業・自動化影響層	雇用安定↑ 自己効力感↑	訓練と実務移行をセットで保証し、自動化ショックからの回復経路を提供する。
34	structure_birth_grant_package	P07	政策	地方分散インフラ投資	20	83	0.65	1.00	地方層	住居安定↑ 希望↑	交通・医療・通信の更新により、地方での生活可能性を底上げする。
34	structure_birth_grant_package	P08	政策	若年メンタルヘルス即時アクセス	9	83	0.72	1.00	高負荷層	メンタル負荷↓ 希望↑	心理支援への待機時間と費用障壁を下げ、長期離脱を防ぐ。
34	structure_birth_grant_package	P09	政策	学校-企業-地域循環プロジェクト	18	83	0.68	1.00	在学層・若年就業	自己効力感↑ 制度信頼↑	学習内容と地域課題・雇用機会を連結し、努力の手応えを可視化する。
34	structure_birth_grant_package	P10	政策	nat通貨の逆進性補正	30	83	0.60	1.00	低所得層中心	格差↓ 制度信頼↑	nat配分の偏りを是正し、参加機会の不公平を抑える再分配ルールを導入する。
34	structure_birth_grant_package	P11	政策	介護ロボット・在宅支援普及	22	83	0.62	1.00	ケア責任層・地方・子育て初期	ケア負担↓ 可処分時間↑ 希望↑	介護ロボット、見守り、移乗支援、在宅医療接続を公共支援として広げ、家族ケアによる時間制約を緩和する。
34	structure_birth_grant_package	BP01	政策	構造持続型出産一時金の上乗せ	15	60	0.82	1.00	子どもを望む家族形成層・将来家族形成層	子ども意向↑ 家計余力↑ 制度信頼↑	出生実績への成果報酬ではなく、望む人が子どもを迎えられる条件を整える目的で、妊娠・出産・初期育児の実費と所得喪失を一時金で緩衝する。
34	structure_birth_grant_package	BP02	政策	産後休息・代替ケア保障	15	83	0.78	1.00	妊娠出産期・子育て初期・ケア責任層	時間余力↑ メンタル負荷↓ 出生圧力リスク↓	産後の休息、夜間支援、代替ケア、家事育児支援を公的に確保し、家族責任の固定化や母親だけへの負担集中を防ぐ。
34	structure_birth_grant_package	BP03	政策	復帰キャリア・企業負担補正	18	83	0.70	1.00	企業・正規雇用・非正規雇用・子育て初期	雇用安定↑ 企業反発↓ 子ども意向↑	育休復帰、短時間勤務、配置転換、代替人員費を企業だけに背負わせず、構造持続会計で補正し、採用抑制や女性不利益を抑える。
34	structure_birth_grant_package	BP04	政策	家族形成住居・教育費緩衝パッケージ	20	83	0.74	1.00	23-40歳・若者・低中所得層	住居安定↑ 教育費不安↓ 希望↑	住居、保育、教育費の長期不安を束ねて緩衝し、子どもを迎える判断が一時金だけで終わらないよう支える。
34	structure_birth_grant_package	BP05	政策	出生非強制・監査ガードレール	15	83	0.68	1.00	全体	制度信頼↑ 反発↓ moral injury↓	非婚・非出産・単身・養育しない選択を不利益にせず、出生数ではなく選択可能条件を評価対象にする。若者の「産ませたいだけでは」という反発を監査する。
34	structure_birth_grant_package	BP06	政策	財政・インフレ持続性監査	24	83	0.64	1.00	国家・金融・納税者・若者	財政不安↓ 制度信頼↑ 長期予見性↑	一時金と支援の財源、物価影響、対象公平性を継続監査し、金融システムを含む系の持続性が崩れた場合は自動補正する。
34	structure_birth_grant_package	BP07	政策	希望経路の可視化と達成共有	30	83	0.76	1.00	若者・家族形成層・次世代コホート	希望↑ 連帯感↑ 自己効力感↑	住居、ケア、教育費、復帰キャリアが実際につながった事例を学校・企業・地域で共有し、少なくとも複数の代表エージェントが「自分たちでも未来を作れる」と感じる経路を観測する。
35	structure_birth_grant_package	E03	ショック	地政学リスク上昇	12	36	0.60	0.70	全体	将来予見性↓ 制度信頼↓	国際緊張の継続で将来見通しが悪化し、長期意思決定が先送りされる。
35	structure_birth_grant_package	E05	ショック	世界景気後退	24	42	0.75	0.60	全体	雇用安定↓ 制度信頼↓	輸出・投資の鈍化で求人が減少し、若年層のキャリア形成が不安定化。
35	structure_birth_grant_package	E06	ショック	SNS悲観バイアス増幅	8	40	0.55	0.85	SNS高感受層	希望↓ 分断感↑	悲観情報が拡散しやすくなり、希望指数と相互信頼を押し下げる。
35	structure_birth_grant_package	E07	ショック	介護需要急増	22	60	0.70	0.80	ケア責任層・地方・現役世代	ケア負担↑ 可処分時間↓ 希望↓	高齢化と家族介護の集中により、若者と現役世代の時間・所得・進路選択が圧迫される。
35	structure_birth_grant_package	E08	ショック	医療提供体制ひっ迫	18	44	0.65	0.65	地方層・医療福祉層・高負荷層	制度信頼↓ メンタル負荷↑ 地域安定↓	医療人材不足と地域医療の縮小により、生活安心感と制度信頼が低下する。
35	structure_birth_grant_package	E09	ショック	汎用ロボティクス普及による身体労働再編	12	60	0.62	0.75	製造・物流・小売・介護周辺	雇用安定↓ 生活コスト圧力↑	物流、製造、清掃、飲食、建設、介護補助などの身体労働でロボット導入が進み、地域産業と現場職の再編不安が広がる。
35	structure_birth_grant_package	P01	政策	若者住居安定パッケージ	10	83	0.70	1.00	非正規・無業・若年就業	住居安定↑ 希望↑	家賃補助・保証人代替・転居支援を組み合わせ、居住不安を緩和する。
35	structure_birth_grant_package	P02	政策	奨学金負担軽減・所得連動返済	8	83	0.80	1.00	在学層・負債高層	可処分所得↑ 子ども意向↑	返済負担の平準化と減免を導入し、将来投資の先送りを抑制する。
35	structure_birth_grant_package	P03	政策	社会持続活動nat報酬制度	12	83	0.85	1.00	全体	nat獲得↑ 希望↑	学校・地域・介護・防災・制度更新活動を報酬化し、役割喪失を防ぐ。
35	structure_birth_grant_package	P04	政策	子育て初期一時金1000万円	15	45	0.75	1.00	子育て初期・結婚前後	子ども意向↑ 出生実行↑	出生前後の初期費用を大幅に緩和するが、短期の財政負荷と逆選択リスクがある。
35	structure_birth_grant_package	P05	政策	地域ケア就労の賃金底上げ	14	83	0.70	1.00	ケア責任層・地方	雇用安定↑ 制度信頼↑	ケア活動を社会基盤労働として扱い、賃金と社会的評価を引き上げる。
35	structure_birth_grant_package	P06	政策	学び直し・移行雇用保証	16	83	0.78	1.00	非正規・無業・自動化影響層	雇用安定↑ 自己効力感↑	訓練と実務移行をセットで保証し、自動化ショックからの回復経路を提供する。
35	structure_birth_grant_package	P07	政策	地方分散インフラ投資	20	83	0.65	1.00	地方層	住居安定↑ 希望↑	交通・医療・通信の更新により、地方での生活可能性を底上げする。
35	structure_birth_grant_package	P08	政策	若年メンタルヘルス即時アクセス	9	83	0.72	1.00	高負荷層	メンタル負荷↓ 希望↑	心理支援への待機時間と費用障壁を下げ、長期離脱を防ぐ。
35	structure_birth_grant_package	P09	政策	学校-企業-地域循環プロジェクト	18	83	0.68	1.00	在学層・若年就業	自己効力感↑ 制度信頼↑	学習内容と地域課題・雇用機会を連結し、努力の手応えを可視化する。
35	structure_birth_grant_package	P10	政策	nat通貨の逆進性補正	30	83	0.60	1.00	低所得層中心	格差↓ 制度信頼↑	nat配分の偏りを是正し、参加機会の不公平を抑える再分配ルールを導入する。
35	structure_birth_grant_package	P11	政策	介護ロボット・在宅支援普及	22	83	0.62	1.00	ケア責任層・地方・子育て初期	ケア負担↓ 可処分時間↑ 希望↑	介護ロボット、見守り、移乗支援、在宅医療接続を公共支援として広げ、家族ケアによる時間制約を緩和する。
35	structure_birth_grant_package	BP01	政策	構造持続型出産一時金の上乗せ	15	60	0.82	1.00	子どもを望む家族形成層・将来家族形成層	子ども意向↑ 家計余力↑ 制度信頼↑	出生実績への成果報酬ではなく、望む人が子どもを迎えられる条件を整える目的で、妊娠・出産・初期育児の実費と所得喪失を一時金で緩衝する。
35	structure_birth_grant_package	BP02	政策	産後休息・代替ケア保障	15	83	0.78	1.00	妊娠出産期・子育て初期・ケア責任層	時間余力↑ メンタル負荷↓ 出生圧力リスク↓	産後の休息、夜間支援、代替ケア、家事育児支援を公的に確保し、家族責任の固定化や母親だけへの負担集中を防ぐ。
35	structure_birth_grant_package	BP03	政策	復帰キャリア・企業負担補正	18	83	0.70	1.00	企業・正規雇用・非正規雇用・子育て初期	雇用安定↑ 企業反発↓ 子ども意向↑	育休復帰、短時間勤務、配置転換、代替人員費を企業だけに背負わせず、構造持続会計で補正し、採用抑制や女性不利益を抑える。
35	structure_birth_grant_package	BP04	政策	家族形成住居・教育費緩衝パッケージ	20	83	0.74	1.00	23-40歳・若者・低中所得層	住居安定↑ 教育費不安↓ 希望↑	住居、保育、教育費の長期不安を束ねて緩衝し、子どもを迎える判断が一時金だけで終わらないよう支える。
35	structure_birth_grant_package	BP05	政策	出生非強制・監査ガードレール	15	83	0.68	1.00	全体	制度信頼↑ 反発↓ moral injury↓	非婚・非出産・単身・養育しない選択を不利益にせず、出生数ではなく選択可能条件を評価対象にする。若者の「産ませたいだけでは」という反発を監査する。
35	structure_birth_grant_package	BP06	政策	財政・インフレ持続性監査	24	83	0.64	1.00	国家・金融・納税者・若者	財政不安↓ 制度信頼↑ 長期予見性↑	一時金と支援の財源、物価影響、対象公平性を継続監査し、金融システムを含む系の持続性が崩れた場合は自動補正する。
35	structure_birth_grant_package	BP07	政策	希望経路の可視化と達成共有	30	83	0.76	1.00	若者・家族形成層・次世代コホート	希望↑ 連帯感↑ 自己効力感↑	住居、ケア、教育費、復帰キャリアが実際につながった事例を学校・企業・地域で共有し、少なくとも複数の代表エージェントが「自分たちでも未来を作れる」と感じる経路を観測する。
36	structure_birth_grant_package	E03	ショック	地政学リスク上昇	12	36	0.60	0.70	全体	将来予見性↓ 制度信頼↓	国際緊張の継続で将来見通しが悪化し、長期意思決定が先送りされる。
36	structure_birth_grant_package	E05	ショック	世界景気後退	24	42	0.75	0.60	全体	雇用安定↓ 制度信頼↓	輸出・投資の鈍化で求人が減少し、若年層のキャリア形成が不安定化。
36	structure_birth_grant_package	E06	ショック	SNS悲観バイアス増幅	8	40	0.55	0.85	SNS高感受層	希望↓ 分断感↑	悲観情報が拡散しやすくなり、希望指数と相互信頼を押し下げる。
36	structure_birth_grant_package	E07	ショック	介護需要急増	22	60	0.70	0.80	ケア責任層・地方・現役世代	ケア負担↑ 可処分時間↓ 希望↓	高齢化と家族介護の集中により、若者と現役世代の時間・所得・進路選択が圧迫される。
36	structure_birth_grant_package	E08	ショック	医療提供体制ひっ迫	18	44	0.65	0.65	地方層・医療福祉層・高負荷層	制度信頼↓ メンタル負荷↑ 地域安定↓	医療人材不足と地域医療の縮小により、生活安心感と制度信頼が低下する。
36	structure_birth_grant_package	E09	ショック	汎用ロボティクス普及による身体労働再編	12	60	0.62	0.75	製造・物流・小売・介護周辺	雇用安定↓ 生活コスト圧力↑	物流、製造、清掃、飲食、建設、介護補助などの身体労働でロボット導入が進み、地域産業と現場職の再編不安が広がる。
36	structure_birth_grant_package	P01	政策	若者住居安定パッケージ	10	83	0.70	1.00	非正規・無業・若年就業	住居安定↑ 希望↑	家賃補助・保証人代替・転居支援を組み合わせ、居住不安を緩和する。
36	structure_birth_grant_package	P02	政策	奨学金負担軽減・所得連動返済	8	83	0.80	1.00	在学層・負債高層	可処分所得↑ 子ども意向↑	返済負担の平準化と減免を導入し、将来投資の先送りを抑制する。
36	structure_birth_grant_package	P03	政策	社会持続活動nat報酬制度	12	83	0.85	1.00	全体	nat獲得↑ 希望↑	学校・地域・介護・防災・制度更新活動を報酬化し、役割喪失を防ぐ。
36	structure_birth_grant_package	P04	政策	子育て初期一時金1000万円	15	45	0.75	1.00	子育て初期・結婚前後	子ども意向↑ 出生実行↑	出生前後の初期費用を大幅に緩和するが、短期の財政負荷と逆選択リスクがある。
36	structure_birth_grant_package	P05	政策	地域ケア就労の賃金底上げ	14	83	0.70	1.00	ケア責任層・地方	雇用安定↑ 制度信頼↑	ケア活動を社会基盤労働として扱い、賃金と社会的評価を引き上げる。
36	structure_birth_grant_package	P06	政策	学び直し・移行雇用保証	16	83	0.78	1.00	非正規・無業・自動化影響層	雇用安定↑ 自己効力感↑	訓練と実務移行をセットで保証し、自動化ショックからの回復経路を提供する。
36	structure_birth_grant_package	P07	政策	地方分散インフラ投資	20	83	0.65	1.00	地方層	住居安定↑ 希望↑	交通・医療・通信の更新により、地方での生活可能性を底上げする。
36	structure_birth_grant_package	P08	政策	若年メンタルヘルス即時アクセス	9	83	0.72	1.00	高負荷層	メンタル負荷↓ 希望↑	心理支援への待機時間と費用障壁を下げ、長期離脱を防ぐ。
36	structure_birth_grant_package	P09	政策	学校-企業-地域循環プロジェクト	18	83	0.68	1.00	在学層・若年就業	自己効力感↑ 制度信頼↑	学習内容と地域課題・雇用機会を連結し、努力の手応えを可視化する。
36	structure_birth_grant_package	P10	政策	nat通貨の逆進性補正	30	83	0.60	1.00	低所得層中心	格差↓ 制度信頼↑	nat配分の偏りを是正し、参加機会の不公平を抑える再分配ルールを導入する。
36	structure_birth_grant_package	P11	政策	介護ロボット・在宅支援普及	22	83	0.62	1.00	ケア責任層・地方・子育て初期	ケア負担↓ 可処分時間↑ 希望↑	介護ロボット、見守り、移乗支援、在宅医療接続を公共支援として広げ、家族ケアによる時間制約を緩和する。
36	structure_birth_grant_package	BP01	政策	構造持続型出産一時金の上乗せ	15	60	0.82	1.00	子どもを望む家族形成層・将来家族形成層	子ども意向↑ 家計余力↑ 制度信頼↑	出生実績への成果報酬ではなく、望む人が子どもを迎えられる条件を整える目的で、妊娠・出産・初期育児の実費と所得喪失を一時金で緩衝する。
36	structure_birth_grant_package	BP02	政策	産後休息・代替ケア保障	15	83	0.78	1.00	妊娠出産期・子育て初期・ケア責任層	時間余力↑ メンタル負荷↓ 出生圧力リスク↓	産後の休息、夜間支援、代替ケア、家事育児支援を公的に確保し、家族責任の固定化や母親だけへの負担集中を防ぐ。
36	structure_birth_grant_package	BP03	政策	復帰キャリア・企業負担補正	18	83	0.70	1.00	企業・正規雇用・非正規雇用・子育て初期	雇用安定↑ 企業反発↓ 子ども意向↑	育休復帰、短時間勤務、配置転換、代替人員費を企業だけに背負わせず、構造持続会計で補正し、採用抑制や女性不利益を抑える。
36	structure_birth_grant_package	BP04	政策	家族形成住居・教育費緩衝パッケージ	20	83	0.74	1.00	23-40歳・若者・低中所得層	住居安定↑ 教育費不安↓ 希望↑	住居、保育、教育費の長期不安を束ねて緩衝し、子どもを迎える判断が一時金だけで終わらないよう支える。
36	structure_birth_grant_package	BP05	政策	出生非強制・監査ガードレール	15	83	0.68	1.00	全体	制度信頼↑ 反発↓ moral injury↓	非婚・非出産・単身・養育しない選択を不利益にせず、出生数ではなく選択可能条件を評価対象にする。若者の「産ませたいだけでは」という反発を監査する。
36	structure_birth_grant_package	BP06	政策	財政・インフレ持続性監査	24	83	0.64	1.00	国家・金融・納税者・若者	財政不安↓ 制度信頼↑ 長期予見性↑	一時金と支援の財源、物価影響、対象公平性を継続監査し、金融システムを含む系の持続性が崩れた場合は自動補正する。
36	structure_birth_grant_package	BP07	政策	希望経路の可視化と達成共有	30	83	0.76	1.00	若者・家族形成層・次世代コホート	希望↑ 連帯感↑ 自己効力感↑	住居、ケア、教育費、復帰キャリアが実際につながった事例を学校・企業・地域で共有し、少なくとも複数の代表エージェントが「自分たちでも未来を作れる」と感じる経路を観測する。
37	structure_birth_grant_package	E05	ショック	世界景気後退	24	42	0.75	0.60	全体	雇用安定↓ 制度信頼↓	輸出・投資の鈍化で求人が減少し、若年層のキャリア形成が不安定化。
37	structure_birth_grant_package	E06	ショック	SNS悲観バイアス増幅	8	40	0.55	0.85	SNS高感受層	希望↓ 分断感↑	悲観情報が拡散しやすくなり、希望指数と相互信頼を押し下げる。
37	structure_birth_grant_package	E07	ショック	介護需要急増	22	60	0.70	0.80	ケア責任層・地方・現役世代	ケア負担↑ 可処分時間↓ 希望↓	高齢化と家族介護の集中により、若者と現役世代の時間・所得・進路選択が圧迫される。
37	structure_birth_grant_package	E08	ショック	医療提供体制ひっ迫	18	44	0.65	0.65	地方層・医療福祉層・高負荷層	制度信頼↓ メンタル負荷↑ 地域安定↓	医療人材不足と地域医療の縮小により、生活安心感と制度信頼が低下する。
37	structure_birth_grant_package	E09	ショック	汎用ロボティクス普及による身体労働再編	12	60	0.62	0.75	製造・物流・小売・介護周辺	雇用安定↓ 生活コスト圧力↑	物流、製造、清掃、飲食、建設、介護補助などの身体労働でロボット導入が進み、地域産業と現場職の再編不安が広がる。
37	structure_birth_grant_package	P01	政策	若者住居安定パッケージ	10	83	0.70	1.00	非正規・無業・若年就業	住居安定↑ 希望↑	家賃補助・保証人代替・転居支援を組み合わせ、居住不安を緩和する。
37	structure_birth_grant_package	P02	政策	奨学金負担軽減・所得連動返済	8	83	0.80	1.00	在学層・負債高層	可処分所得↑ 子ども意向↑	返済負担の平準化と減免を導入し、将来投資の先送りを抑制する。
37	structure_birth_grant_package	P03	政策	社会持続活動nat報酬制度	12	83	0.85	1.00	全体	nat獲得↑ 希望↑	学校・地域・介護・防災・制度更新活動を報酬化し、役割喪失を防ぐ。
37	structure_birth_grant_package	P04	政策	子育て初期一時金1000万円	15	45	0.75	1.00	子育て初期・結婚前後	子ども意向↑ 出生実行↑	出生前後の初期費用を大幅に緩和するが、短期の財政負荷と逆選択リスクがある。
37	structure_birth_grant_package	P05	政策	地域ケア就労の賃金底上げ	14	83	0.70	1.00	ケア責任層・地方	雇用安定↑ 制度信頼↑	ケア活動を社会基盤労働として扱い、賃金と社会的評価を引き上げる。
37	structure_birth_grant_package	P06	政策	学び直し・移行雇用保証	16	83	0.78	1.00	非正規・無業・自動化影響層	雇用安定↑ 自己効力感↑	訓練と実務移行をセットで保証し、自動化ショックからの回復経路を提供する。
37	structure_birth_grant_package	P07	政策	地方分散インフラ投資	20	83	0.65	1.00	地方層	住居安定↑ 希望↑	交通・医療・通信の更新により、地方での生活可能性を底上げする。
37	structure_birth_grant_package	P08	政策	若年メンタルヘルス即時アクセス	9	83	0.72	1.00	高負荷層	メンタル負荷↓ 希望↑	心理支援への待機時間と費用障壁を下げ、長期離脱を防ぐ。
37	structure_birth_grant_package	P09	政策	学校-企業-地域循環プロジェクト	18	83	0.68	1.00	在学層・若年就業	自己効力感↑ 制度信頼↑	学習内容と地域課題・雇用機会を連結し、努力の手応えを可視化する。
37	structure_birth_grant_package	P10	政策	nat通貨の逆進性補正	30	83	0.60	1.00	低所得層中心	格差↓ 制度信頼↑	nat配分の偏りを是正し、参加機会の不公平を抑える再分配ルールを導入する。
37	structure_birth_grant_package	P11	政策	介護ロボット・在宅支援普及	22	83	0.62	1.00	ケア責任層・地方・子育て初期	ケア負担↓ 可処分時間↑ 希望↑	介護ロボット、見守り、移乗支援、在宅医療接続を公共支援として広げ、家族ケアによる時間制約を緩和する。
37	structure_birth_grant_package	BP01	政策	構造持続型出産一時金の上乗せ	15	60	0.82	1.00	子どもを望む家族形成層・将来家族形成層	子ども意向↑ 家計余力↑ 制度信頼↑	出生実績への成果報酬ではなく、望む人が子どもを迎えられる条件を整える目的で、妊娠・出産・初期育児の実費と所得喪失を一時金で緩衝する。
37	structure_birth_grant_package	BP02	政策	産後休息・代替ケア保障	15	83	0.78	1.00	妊娠出産期・子育て初期・ケア責任層	時間余力↑ メンタル負荷↓ 出生圧力リスク↓	産後の休息、夜間支援、代替ケア、家事育児支援を公的に確保し、家族責任の固定化や母親だけへの負担集中を防ぐ。
37	structure_birth_grant_package	BP03	政策	復帰キャリア・企業負担補正	18	83	0.70	1.00	企業・正規雇用・非正規雇用・子育て初期	雇用安定↑ 企業反発↓ 子ども意向↑	育休復帰、短時間勤務、配置転換、代替人員費を企業だけに背負わせず、構造持続会計で補正し、採用抑制や女性不利益を抑える。
37	structure_birth_grant_package	BP04	政策	家族形成住居・教育費緩衝パッケージ	20	83	0.74	1.00	23-40歳・若者・低中所得層	住居安定↑ 教育費不安↓ 希望↑	住居、保育、教育費の長期不安を束ねて緩衝し、子どもを迎える判断が一時金だけで終わらないよう支える。
37	structure_birth_grant_package	BP05	政策	出生非強制・監査ガードレール	15	83	0.68	1.00	全体	制度信頼↑ 反発↓ moral injury↓	非婚・非出産・単身・養育しない選択を不利益にせず、出生数ではなく選択可能条件を評価対象にする。若者の「産ませたいだけでは」という反発を監査する。
37	structure_birth_grant_package	BP06	政策	財政・インフレ持続性監査	24	83	0.64	1.00	国家・金融・納税者・若者	財政不安↓ 制度信頼↑ 長期予見性↑	一時金と支援の財源、物価影響、対象公平性を継続監査し、金融システムを含む系の持続性が崩れた場合は自動補正する。
37	structure_birth_grant_package	BP07	政策	希望経路の可視化と達成共有	30	83	0.76	1.00	若者・家族形成層・次世代コホート	希望↑ 連帯感↑ 自己効力感↑	住居、ケア、教育費、復帰キャリアが実際につながった事例を学校・企業・地域で共有し、少なくとも複数の代表エージェントが「自分たちでも未来を作れる」と感じる経路を観測する。
38	structure_birth_grant_package	E05	ショック	世界景気後退	24	42	0.75	0.60	全体	雇用安定↓ 制度信頼↓	輸出・投資の鈍化で求人が減少し、若年層のキャリア形成が不安定化。
38	structure_birth_grant_package	E06	ショック	SNS悲観バイアス増幅	8	40	0.55	0.85	SNS高感受層	希望↓ 分断感↑	悲観情報が拡散しやすくなり、希望指数と相互信頼を押し下げる。
38	structure_birth_grant_package	E07	ショック	介護需要急増	22	60	0.70	0.80	ケア責任層・地方・現役世代	ケア負担↑ 可処分時間↓ 希望↓	高齢化と家族介護の集中により、若者と現役世代の時間・所得・進路選択が圧迫される。
38	structure_birth_grant_package	E08	ショック	医療提供体制ひっ迫	18	44	0.65	0.65	地方層・医療福祉層・高負荷層	制度信頼↓ メンタル負荷↑ 地域安定↓	医療人材不足と地域医療の縮小により、生活安心感と制度信頼が低下する。
38	structure_birth_grant_package	E09	ショック	汎用ロボティクス普及による身体労働再編	12	60	0.62	0.75	製造・物流・小売・介護周辺	雇用安定↓ 生活コスト圧力↑	物流、製造、清掃、飲食、建設、介護補助などの身体労働でロボット導入が進み、地域産業と現場職の再編不安が広がる。
38	structure_birth_grant_package	P01	政策	若者住居安定パッケージ	10	83	0.70	1.00	非正規・無業・若年就業	住居安定↑ 希望↑	家賃補助・保証人代替・転居支援を組み合わせ、居住不安を緩和する。
38	structure_birth_grant_package	P02	政策	奨学金負担軽減・所得連動返済	8	83	0.80	1.00	在学層・負債高層	可処分所得↑ 子ども意向↑	返済負担の平準化と減免を導入し、将来投資の先送りを抑制する。
38	structure_birth_grant_package	P03	政策	社会持続活動nat報酬制度	12	83	0.85	1.00	全体	nat獲得↑ 希望↑	学校・地域・介護・防災・制度更新活動を報酬化し、役割喪失を防ぐ。
38	structure_birth_grant_package	P04	政策	子育て初期一時金1000万円	15	45	0.75	1.00	子育て初期・結婚前後	子ども意向↑ 出生実行↑	出生前後の初期費用を大幅に緩和するが、短期の財政負荷と逆選択リスクがある。
38	structure_birth_grant_package	P05	政策	地域ケア就労の賃金底上げ	14	83	0.70	1.00	ケア責任層・地方	雇用安定↑ 制度信頼↑	ケア活動を社会基盤労働として扱い、賃金と社会的評価を引き上げる。
38	structure_birth_grant_package	P06	政策	学び直し・移行雇用保証	16	83	0.78	1.00	非正規・無業・自動化影響層	雇用安定↑ 自己効力感↑	訓練と実務移行をセットで保証し、自動化ショックからの回復経路を提供する。
38	structure_birth_grant_package	P07	政策	地方分散インフラ投資	20	83	0.65	1.00	地方層	住居安定↑ 希望↑	交通・医療・通信の更新により、地方での生活可能性を底上げする。
38	structure_birth_grant_package	P08	政策	若年メンタルヘルス即時アクセス	9	83	0.72	1.00	高負荷層	メンタル負荷↓ 希望↑	心理支援への待機時間と費用障壁を下げ、長期離脱を防ぐ。
38	structure_birth_grant_package	P09	政策	学校-企業-地域循環プロジェクト	18	83	0.68	1.00	在学層・若年就業	自己効力感↑ 制度信頼↑	学習内容と地域課題・雇用機会を連結し、努力の手応えを可視化する。
38	structure_birth_grant_package	P10	政策	nat通貨の逆進性補正	30	83	0.60	1.00	低所得層中心	格差↓ 制度信頼↑	nat配分の偏りを是正し、参加機会の不公平を抑える再分配ルールを導入する。
38	structure_birth_grant_package	P11	政策	介護ロボット・在宅支援普及	22	83	0.62	1.00	ケア責任層・地方・子育て初期	ケア負担↓ 可処分時間↑ 希望↑	介護ロボット、見守り、移乗支援、在宅医療接続を公共支援として広げ、家族ケアによる時間制約を緩和する。
38	structure_birth_grant_package	BP01	政策	構造持続型出産一時金の上乗せ	15	60	0.82	1.00	子どもを望む家族形成層・将来家族形成層	子ども意向↑ 家計余力↑ 制度信頼↑	出生実績への成果報酬ではなく、望む人が子どもを迎えられる条件を整える目的で、妊娠・出産・初期育児の実費と所得喪失を一時金で緩衝する。
38	structure_birth_grant_package	BP02	政策	産後休息・代替ケア保障	15	83	0.78	1.00	妊娠出産期・子育て初期・ケア責任層	時間余力↑ メンタル負荷↓ 出生圧力リスク↓	産後の休息、夜間支援、代替ケア、家事育児支援を公的に確保し、家族責任の固定化や母親だけへの負担集中を防ぐ。
38	structure_birth_grant_package	BP03	政策	復帰キャリア・企業負担補正	18	83	0.70	1.00	企業・正規雇用・非正規雇用・子育て初期	雇用安定↑ 企業反発↓ 子ども意向↑	育休復帰、短時間勤務、配置転換、代替人員費を企業だけに背負わせず、構造持続会計で補正し、採用抑制や女性不利益を抑える。
38	structure_birth_grant_package	BP04	政策	家族形成住居・教育費緩衝パッケージ	20	83	0.74	1.00	23-40歳・若者・低中所得層	住居安定↑ 教育費不安↓ 希望↑	住居、保育、教育費の長期不安を束ねて緩衝し、子どもを迎える判断が一時金だけで終わらないよう支える。
38	structure_birth_grant_package	BP05	政策	出生非強制・監査ガードレール	15	83	0.68	1.00	全体	制度信頼↑ 反発↓ moral injury↓	非婚・非出産・単身・養育しない選択を不利益にせず、出生数ではなく選択可能条件を評価対象にする。若者の「産ませたいだけでは」という反発を監査する。
38	structure_birth_grant_package	BP06	政策	財政・インフレ持続性監査	24	83	0.64	1.00	国家・金融・納税者・若者	財政不安↓ 制度信頼↑ 長期予見性↑	一時金と支援の財源、物価影響、対象公平性を継続監査し、金融システムを含む系の持続性が崩れた場合は自動補正する。
38	structure_birth_grant_package	BP07	政策	希望経路の可視化と達成共有	30	83	0.76	1.00	若者・家族形成層・次世代コホート	希望↑ 連帯感↑ 自己効力感↑	住居、ケア、教育費、復帰キャリアが実際につながった事例を学校・企業・地域で共有し、少なくとも複数の代表エージェントが「自分たちでも未来を作れる」と感じる経路を観測する。
39	structure_birth_grant_package	E05	ショック	世界景気後退	24	42	0.75	0.60	全体	雇用安定↓ 制度信頼↓	輸出・投資の鈍化で求人が減少し、若年層のキャリア形成が不安定化。
39	structure_birth_grant_package	E06	ショック	SNS悲観バイアス増幅	8	40	0.55	0.85	SNS高感受層	希望↓ 分断感↑	悲観情報が拡散しやすくなり、希望指数と相互信頼を押し下げる。
39	structure_birth_grant_package	E07	ショック	介護需要急増	22	60	0.70	0.80	ケア責任層・地方・現役世代	ケア負担↑ 可処分時間↓ 希望↓	高齢化と家族介護の集中により、若者と現役世代の時間・所得・進路選択が圧迫される。
39	structure_birth_grant_package	E08	ショック	医療提供体制ひっ迫	18	44	0.65	0.65	地方層・医療福祉層・高負荷層	制度信頼↓ メンタル負荷↑ 地域安定↓	医療人材不足と地域医療の縮小により、生活安心感と制度信頼が低下する。
39	structure_birth_grant_package	E09	ショック	汎用ロボティクス普及による身体労働再編	12	60	0.62	0.75	製造・物流・小売・介護周辺	雇用安定↓ 生活コスト圧力↑	物流、製造、清掃、飲食、建設、介護補助などの身体労働でロボット導入が進み、地域産業と現場職の再編不安が広がる。
39	structure_birth_grant_package	P01	政策	若者住居安定パッケージ	10	83	0.70	1.00	非正規・無業・若年就業	住居安定↑ 希望↑	家賃補助・保証人代替・転居支援を組み合わせ、居住不安を緩和する。
39	structure_birth_grant_package	P02	政策	奨学金負担軽減・所得連動返済	8	83	0.80	1.00	在学層・負債高層	可処分所得↑ 子ども意向↑	返済負担の平準化と減免を導入し、将来投資の先送りを抑制する。
39	structure_birth_grant_package	P03	政策	社会持続活動nat報酬制度	12	83	0.85	1.00	全体	nat獲得↑ 希望↑	学校・地域・介護・防災・制度更新活動を報酬化し、役割喪失を防ぐ。
39	structure_birth_grant_package	P04	政策	子育て初期一時金1000万円	15	45	0.75	1.00	子育て初期・結婚前後	子ども意向↑ 出生実行↑	出生前後の初期費用を大幅に緩和するが、短期の財政負荷と逆選択リスクがある。
39	structure_birth_grant_package	P05	政策	地域ケア就労の賃金底上げ	14	83	0.70	1.00	ケア責任層・地方	雇用安定↑ 制度信頼↑	ケア活動を社会基盤労働として扱い、賃金と社会的評価を引き上げる。
39	structure_birth_grant_package	P06	政策	学び直し・移行雇用保証	16	83	0.78	1.00	非正規・無業・自動化影響層	雇用安定↑ 自己効力感↑	訓練と実務移行をセットで保証し、自動化ショックからの回復経路を提供する。
39	structure_birth_grant_package	P07	政策	地方分散インフラ投資	20	83	0.65	1.00	地方層	住居安定↑ 希望↑	交通・医療・通信の更新により、地方での生活可能性を底上げする。
39	structure_birth_grant_package	P08	政策	若年メンタルヘルス即時アクセス	9	83	0.72	1.00	高負荷層	メンタル負荷↓ 希望↑	心理支援への待機時間と費用障壁を下げ、長期離脱を防ぐ。
39	structure_birth_grant_package	P09	政策	学校-企業-地域循環プロジェクト	18	83	0.68	1.00	在学層・若年就業	自己効力感↑ 制度信頼↑	学習内容と地域課題・雇用機会を連結し、努力の手応えを可視化する。
39	structure_birth_grant_package	P10	政策	nat通貨の逆進性補正	30	83	0.60	1.00	低所得層中心	格差↓ 制度信頼↑	nat配分の偏りを是正し、参加機会の不公平を抑える再分配ルールを導入する。
39	structure_birth_grant_package	P11	政策	介護ロボット・在宅支援普及	22	83	0.62	1.00	ケア責任層・地方・子育て初期	ケア負担↓ 可処分時間↑ 希望↑	介護ロボット、見守り、移乗支援、在宅医療接続を公共支援として広げ、家族ケアによる時間制約を緩和する。
39	structure_birth_grant_package	BP01	政策	構造持続型出産一時金の上乗せ	15	60	0.82	1.00	子どもを望む家族形成層・将来家族形成層	子ども意向↑ 家計余力↑ 制度信頼↑	出生実績への成果報酬ではなく、望む人が子どもを迎えられる条件を整える目的で、妊娠・出産・初期育児の実費と所得喪失を一時金で緩衝する。
39	structure_birth_grant_package	BP02	政策	産後休息・代替ケア保障	15	83	0.78	1.00	妊娠出産期・子育て初期・ケア責任層	時間余力↑ メンタル負荷↓ 出生圧力リスク↓	産後の休息、夜間支援、代替ケア、家事育児支援を公的に確保し、家族責任の固定化や母親だけへの負担集中を防ぐ。
39	structure_birth_grant_package	BP03	政策	復帰キャリア・企業負担補正	18	83	0.70	1.00	企業・正規雇用・非正規雇用・子育て初期	雇用安定↑ 企業反発↓ 子ども意向↑	育休復帰、短時間勤務、配置転換、代替人員費を企業だけに背負わせず、構造持続会計で補正し、採用抑制や女性不利益を抑える。
39	structure_birth_grant_package	BP04	政策	家族形成住居・教育費緩衝パッケージ	20	83	0.74	1.00	23-40歳・若者・低中所得層	住居安定↑ 教育費不安↓ 希望↑	住居、保育、教育費の長期不安を束ねて緩衝し、子どもを迎える判断が一時金だけで終わらないよう支える。
39	structure_birth_grant_package	BP05	政策	出生非強制・監査ガードレール	15	83	0.68	1.00	全体	制度信頼↑ 反発↓ moral injury↓	非婚・非出産・単身・養育しない選択を不利益にせず、出生数ではなく選択可能条件を評価対象にする。若者の「産ませたいだけでは」という反発を監査する。
39	structure_birth_grant_package	BP06	政策	財政・インフレ持続性監査	24	83	0.64	1.00	国家・金融・納税者・若者	財政不安↓ 制度信頼↑ 長期予見性↑	一時金と支援の財源、物価影響、対象公平性を継続監査し、金融システムを含む系の持続性が崩れた場合は自動補正する。
39	structure_birth_grant_package	BP07	政策	希望経路の可視化と達成共有	30	83	0.76	1.00	若者・家族形成層・次世代コホート	希望↑ 連帯感↑ 自己効力感↑	住居、ケア、教育費、復帰キャリアが実際につながった事例を学校・企業・地域で共有し、少なくとも複数の代表エージェントが「自分たちでも未来を作れる」と感じる経路を観測する。
40	structure_birth_grant_package	E05	ショック	世界景気後退	24	42	0.75	0.60	全体	雇用安定↓ 制度信頼↓	輸出・投資の鈍化で求人が減少し、若年層のキャリア形成が不安定化。
40	structure_birth_grant_package	E06	ショック	SNS悲観バイアス増幅	8	40	0.55	0.85	SNS高感受層	希望↓ 分断感↑	悲観情報が拡散しやすくなり、希望指数と相互信頼を押し下げる。
40	structure_birth_grant_package	E07	ショック	介護需要急増	22	60	0.70	0.80	ケア責任層・地方・現役世代	ケア負担↑ 可処分時間↓ 希望↓	高齢化と家族介護の集中により、若者と現役世代の時間・所得・進路選択が圧迫される。
40	structure_birth_grant_package	E08	ショック	医療提供体制ひっ迫	18	44	0.65	0.65	地方層・医療福祉層・高負荷層	制度信頼↓ メンタル負荷↑ 地域安定↓	医療人材不足と地域医療の縮小により、生活安心感と制度信頼が低下する。
40	structure_birth_grant_package	E09	ショック	汎用ロボティクス普及による身体労働再編	12	60	0.62	0.75	製造・物流・小売・介護周辺	雇用安定↓ 生活コスト圧力↑	物流、製造、清掃、飲食、建設、介護補助などの身体労働でロボット導入が進み、地域産業と現場職の再編不安が広がる。
40	structure_birth_grant_package	P01	政策	若者住居安定パッケージ	10	83	0.70	1.00	非正規・無業・若年就業	住居安定↑ 希望↑	家賃補助・保証人代替・転居支援を組み合わせ、居住不安を緩和する。
40	structure_birth_grant_package	P02	政策	奨学金負担軽減・所得連動返済	8	83	0.80	1.00	在学層・負債高層	可処分所得↑ 子ども意向↑	返済負担の平準化と減免を導入し、将来投資の先送りを抑制する。
40	structure_birth_grant_package	P03	政策	社会持続活動nat報酬制度	12	83	0.85	1.00	全体	nat獲得↑ 希望↑	学校・地域・介護・防災・制度更新活動を報酬化し、役割喪失を防ぐ。
40	structure_birth_grant_package	P04	政策	子育て初期一時金1000万円	15	45	0.75	1.00	子育て初期・結婚前後	子ども意向↑ 出生実行↑	出生前後の初期費用を大幅に緩和するが、短期の財政負荷と逆選択リスクがある。
40	structure_birth_grant_package	P05	政策	地域ケア就労の賃金底上げ	14	83	0.70	1.00	ケア責任層・地方	雇用安定↑ 制度信頼↑	ケア活動を社会基盤労働として扱い、賃金と社会的評価を引き上げる。
40	structure_birth_grant_package	P06	政策	学び直し・移行雇用保証	16	83	0.78	1.00	非正規・無業・自動化影響層	雇用安定↑ 自己効力感↑	訓練と実務移行をセットで保証し、自動化ショックからの回復経路を提供する。
40	structure_birth_grant_package	P07	政策	地方分散インフラ投資	20	83	0.65	1.00	地方層	住居安定↑ 希望↑	交通・医療・通信の更新により、地方での生活可能性を底上げする。
40	structure_birth_grant_package	P08	政策	若年メンタルヘルス即時アクセス	9	83	0.72	1.00	高負荷層	メンタル負荷↓ 希望↑	心理支援への待機時間と費用障壁を下げ、長期離脱を防ぐ。
40	structure_birth_grant_package	P09	政策	学校-企業-地域循環プロジェクト	18	83	0.68	1.00	在学層・若年就業	自己効力感↑ 制度信頼↑	学習内容と地域課題・雇用機会を連結し、努力の手応えを可視化する。
40	structure_birth_grant_package	P10	政策	nat通貨の逆進性補正	30	83	0.60	1.00	低所得層中心	格差↓ 制度信頼↑	nat配分の偏りを是正し、参加機会の不公平を抑える再分配ルールを導入する。
40	structure_birth_grant_package	P11	政策	介護ロボット・在宅支援普及	22	83	0.62	1.00	ケア責任層・地方・子育て初期	ケア負担↓ 可処分時間↑ 希望↑	介護ロボット、見守り、移乗支援、在宅医療接続を公共支援として広げ、家族ケアによる時間制約を緩和する。
40	structure_birth_grant_package	BP01	政策	構造持続型出産一時金の上乗せ	15	60	0.82	1.00	子どもを望む家族形成層・将来家族形成層	子ども意向↑ 家計余力↑ 制度信頼↑	出生実績への成果報酬ではなく、望む人が子どもを迎えられる条件を整える目的で、妊娠・出産・初期育児の実費と所得喪失を一時金で緩衝する。
40	structure_birth_grant_package	BP02	政策	産後休息・代替ケア保障	15	83	0.78	1.00	妊娠出産期・子育て初期・ケア責任層	時間余力↑ メンタル負荷↓ 出生圧力リスク↓	産後の休息、夜間支援、代替ケア、家事育児支援を公的に確保し、家族責任の固定化や母親だけへの負担集中を防ぐ。
40	structure_birth_grant_package	BP03	政策	復帰キャリア・企業負担補正	18	83	0.70	1.00	企業・正規雇用・非正規雇用・子育て初期	雇用安定↑ 企業反発↓ 子ども意向↑	育休復帰、短時間勤務、配置転換、代替人員費を企業だけに背負わせず、構造持続会計で補正し、採用抑制や女性不利益を抑える。
40	structure_birth_grant_package	BP04	政策	家族形成住居・教育費緩衝パッケージ	20	83	0.74	1.00	23-40歳・若者・低中所得層	住居安定↑ 教育費不安↓ 希望↑	住居、保育、教育費の長期不安を束ねて緩衝し、子どもを迎える判断が一時金だけで終わらないよう支える。
40	structure_birth_grant_package	BP05	政策	出生非強制・監査ガードレール	15	83	0.68	1.00	全体	制度信頼↑ 反発↓ moral injury↓	非婚・非出産・単身・養育しない選択を不利益にせず、出生数ではなく選択可能条件を評価対象にする。若者の「産ませたいだけでは」という反発を監査する。
40	structure_birth_grant_package	BP06	政策	財政・インフレ持続性監査	24	83	0.64	1.00	国家・金融・納税者・若者	財政不安↓ 制度信頼↑ 長期予見性↑	一時金と支援の財源、物価影響、対象公平性を継続監査し、金融システムを含む系の持続性が崩れた場合は自動補正する。
40	structure_birth_grant_package	BP07	政策	希望経路の可視化と達成共有	30	83	0.76	1.00	若者・家族形成層・次世代コホート	希望↑ 連帯感↑ 自己効力感↑	住居、ケア、教育費、復帰キャリアが実際につながった事例を学校・企業・地域で共有し、少なくとも複数の代表エージェントが「自分たちでも未来を作れる」と感じる経路を観測する。
41	structure_birth_grant_package	E05	ショック	世界景気後退	24	42	0.75	0.60	全体	雇用安定↓ 制度信頼↓	輸出・投資の鈍化で求人が減少し、若年層のキャリア形成が不安定化。
41	structure_birth_grant_package	E07	ショック	介護需要急増	22	60	0.70	0.80	ケア責任層・地方・現役世代	ケア負担↑ 可処分時間↓ 希望↓	高齢化と家族介護の集中により、若者と現役世代の時間・所得・進路選択が圧迫される。
41	structure_birth_grant_package	E08	ショック	医療提供体制ひっ迫	18	44	0.65	0.65	地方層・医療福祉層・高負荷層	制度信頼↓ メンタル負荷↑ 地域安定↓	医療人材不足と地域医療の縮小により、生活安心感と制度信頼が低下する。
41	structure_birth_grant_package	E09	ショック	汎用ロボティクス普及による身体労働再編	12	60	0.62	0.75	製造・物流・小売・介護周辺	雇用安定↓ 生活コスト圧力↑	物流、製造、清掃、飲食、建設、介護補助などの身体労働でロボット導入が進み、地域産業と現場職の再編不安が広がる。
41	structure_birth_grant_package	P01	政策	若者住居安定パッケージ	10	83	0.70	1.00	非正規・無業・若年就業	住居安定↑ 希望↑	家賃補助・保証人代替・転居支援を組み合わせ、居住不安を緩和する。
41	structure_birth_grant_package	P02	政策	奨学金負担軽減・所得連動返済	8	83	0.80	1.00	在学層・負債高層	可処分所得↑ 子ども意向↑	返済負担の平準化と減免を導入し、将来投資の先送りを抑制する。
41	structure_birth_grant_package	P03	政策	社会持続活動nat報酬制度	12	83	0.85	1.00	全体	nat獲得↑ 希望↑	学校・地域・介護・防災・制度更新活動を報酬化し、役割喪失を防ぐ。
41	structure_birth_grant_package	P04	政策	子育て初期一時金1000万円	15	45	0.75	1.00	子育て初期・結婚前後	子ども意向↑ 出生実行↑	出生前後の初期費用を大幅に緩和するが、短期の財政負荷と逆選択リスクがある。
41	structure_birth_grant_package	P05	政策	地域ケア就労の賃金底上げ	14	83	0.70	1.00	ケア責任層・地方	雇用安定↑ 制度信頼↑	ケア活動を社会基盤労働として扱い、賃金と社会的評価を引き上げる。
41	structure_birth_grant_package	P06	政策	学び直し・移行雇用保証	16	83	0.78	1.00	非正規・無業・自動化影響層	雇用安定↑ 自己効力感↑	訓練と実務移行をセットで保証し、自動化ショックからの回復経路を提供する。
41	structure_birth_grant_package	P07	政策	地方分散インフラ投資	20	83	0.65	1.00	地方層	住居安定↑ 希望↑	交通・医療・通信の更新により、地方での生活可能性を底上げする。
41	structure_birth_grant_package	P08	政策	若年メンタルヘルス即時アクセス	9	83	0.72	1.00	高負荷層	メンタル負荷↓ 希望↑	心理支援への待機時間と費用障壁を下げ、長期離脱を防ぐ。
41	structure_birth_grant_package	P09	政策	学校-企業-地域循環プロジェクト	18	83	0.68	1.00	在学層・若年就業	自己効力感↑ 制度信頼↑	学習内容と地域課題・雇用機会を連結し、努力の手応えを可視化する。
41	structure_birth_grant_package	P10	政策	nat通貨の逆進性補正	30	83	0.60	1.00	低所得層中心	格差↓ 制度信頼↑	nat配分の偏りを是正し、参加機会の不公平を抑える再分配ルールを導入する。
41	structure_birth_grant_package	P11	政策	介護ロボット・在宅支援普及	22	83	0.62	1.00	ケア責任層・地方・子育て初期	ケア負担↓ 可処分時間↑ 希望↑	介護ロボット、見守り、移乗支援、在宅医療接続を公共支援として広げ、家族ケアによる時間制約を緩和する。
41	structure_birth_grant_package	BP01	政策	構造持続型出産一時金の上乗せ	15	60	0.82	1.00	子どもを望む家族形成層・将来家族形成層	子ども意向↑ 家計余力↑ 制度信頼↑	出生実績への成果報酬ではなく、望む人が子どもを迎えられる条件を整える目的で、妊娠・出産・初期育児の実費と所得喪失を一時金で緩衝する。
41	structure_birth_grant_package	BP02	政策	産後休息・代替ケア保障	15	83	0.78	1.00	妊娠出産期・子育て初期・ケア責任層	時間余力↑ メンタル負荷↓ 出生圧力リスク↓	産後の休息、夜間支援、代替ケア、家事育児支援を公的に確保し、家族責任の固定化や母親だけへの負担集中を防ぐ。
41	structure_birth_grant_package	BP03	政策	復帰キャリア・企業負担補正	18	83	0.70	1.00	企業・正規雇用・非正規雇用・子育て初期	雇用安定↑ 企業反発↓ 子ども意向↑	育休復帰、短時間勤務、配置転換、代替人員費を企業だけに背負わせず、構造持続会計で補正し、採用抑制や女性不利益を抑える。
41	structure_birth_grant_package	BP04	政策	家族形成住居・教育費緩衝パッケージ	20	83	0.74	1.00	23-40歳・若者・低中所得層	住居安定↑ 教育費不安↓ 希望↑	住居、保育、教育費の長期不安を束ねて緩衝し、子どもを迎える判断が一時金だけで終わらないよう支える。
41	structure_birth_grant_package	BP05	政策	出生非強制・監査ガードレール	15	83	0.68	1.00	全体	制度信頼↑ 反発↓ moral injury↓	非婚・非出産・単身・養育しない選択を不利益にせず、出生数ではなく選択可能条件を評価対象にする。若者の「産ませたいだけでは」という反発を監査する。
41	structure_birth_grant_package	BP06	政策	財政・インフレ持続性監査	24	83	0.64	1.00	国家・金融・納税者・若者	財政不安↓ 制度信頼↑ 長期予見性↑	一時金と支援の財源、物価影響、対象公平性を継続監査し、金融システムを含む系の持続性が崩れた場合は自動補正する。
41	structure_birth_grant_package	BP07	政策	希望経路の可視化と達成共有	30	83	0.76	1.00	若者・家族形成層・次世代コホート	希望↑ 連帯感↑ 自己効力感↑	住居、ケア、教育費、復帰キャリアが実際につながった事例を学校・企業・地域で共有し、少なくとも複数の代表エージェントが「自分たちでも未来を作れる」と感じる経路を観測する。
42	structure_birth_grant_package	E05	ショック	世界景気後退	24	42	0.75	0.60	全体	雇用安定↓ 制度信頼↓	輸出・投資の鈍化で求人が減少し、若年層のキャリア形成が不安定化。
42	structure_birth_grant_package	E07	ショック	介護需要急増	22	60	0.70	0.80	ケア責任層・地方・現役世代	ケア負担↑ 可処分時間↓ 希望↓	高齢化と家族介護の集中により、若者と現役世代の時間・所得・進路選択が圧迫される。
42	structure_birth_grant_package	E08	ショック	医療提供体制ひっ迫	18	44	0.65	0.65	地方層・医療福祉層・高負荷層	制度信頼↓ メンタル負荷↑ 地域安定↓	医療人材不足と地域医療の縮小により、生活安心感と制度信頼が低下する。
42	structure_birth_grant_package	E09	ショック	汎用ロボティクス普及による身体労働再編	12	60	0.62	0.75	製造・物流・小売・介護周辺	雇用安定↓ 生活コスト圧力↑	物流、製造、清掃、飲食、建設、介護補助などの身体労働でロボット導入が進み、地域産業と現場職の再編不安が広がる。
42	structure_birth_grant_package	P01	政策	若者住居安定パッケージ	10	83	0.70	1.00	非正規・無業・若年就業	住居安定↑ 希望↑	家賃補助・保証人代替・転居支援を組み合わせ、居住不安を緩和する。
42	structure_birth_grant_package	P02	政策	奨学金負担軽減・所得連動返済	8	83	0.80	1.00	在学層・負債高層	可処分所得↑ 子ども意向↑	返済負担の平準化と減免を導入し、将来投資の先送りを抑制する。
42	structure_birth_grant_package	P03	政策	社会持続活動nat報酬制度	12	83	0.85	1.00	全体	nat獲得↑ 希望↑	学校・地域・介護・防災・制度更新活動を報酬化し、役割喪失を防ぐ。
42	structure_birth_grant_package	P04	政策	子育て初期一時金1000万円	15	45	0.75	1.00	子育て初期・結婚前後	子ども意向↑ 出生実行↑	出生前後の初期費用を大幅に緩和するが、短期の財政負荷と逆選択リスクがある。
42	structure_birth_grant_package	P05	政策	地域ケア就労の賃金底上げ	14	83	0.70	1.00	ケア責任層・地方	雇用安定↑ 制度信頼↑	ケア活動を社会基盤労働として扱い、賃金と社会的評価を引き上げる。
42	structure_birth_grant_package	P06	政策	学び直し・移行雇用保証	16	83	0.78	1.00	非正規・無業・自動化影響層	雇用安定↑ 自己効力感↑	訓練と実務移行をセットで保証し、自動化ショックからの回復経路を提供する。
42	structure_birth_grant_package	P07	政策	地方分散インフラ投資	20	83	0.65	1.00	地方層	住居安定↑ 希望↑	交通・医療・通信の更新により、地方での生活可能性を底上げする。
42	structure_birth_grant_package	P08	政策	若年メンタルヘルス即時アクセス	9	83	0.72	1.00	高負荷層	メンタル負荷↓ 希望↑	心理支援への待機時間と費用障壁を下げ、長期離脱を防ぐ。
42	structure_birth_grant_package	P09	政策	学校-企業-地域循環プロジェクト	18	83	0.68	1.00	在学層・若年就業	自己効力感↑ 制度信頼↑	学習内容と地域課題・雇用機会を連結し、努力の手応えを可視化する。
42	structure_birth_grant_package	P10	政策	nat通貨の逆進性補正	30	83	0.60	1.00	低所得層中心	格差↓ 制度信頼↑	nat配分の偏りを是正し、参加機会の不公平を抑える再分配ルールを導入する。
42	structure_birth_grant_package	P11	政策	介護ロボット・在宅支援普及	22	83	0.62	1.00	ケア責任層・地方・子育て初期	ケア負担↓ 可処分時間↑ 希望↑	介護ロボット、見守り、移乗支援、在宅医療接続を公共支援として広げ、家族ケアによる時間制約を緩和する。
42	structure_birth_grant_package	BP01	政策	構造持続型出産一時金の上乗せ	15	60	0.82	1.00	子どもを望む家族形成層・将来家族形成層	子ども意向↑ 家計余力↑ 制度信頼↑	出生実績への成果報酬ではなく、望む人が子どもを迎えられる条件を整える目的で、妊娠・出産・初期育児の実費と所得喪失を一時金で緩衝する。
42	structure_birth_grant_package	BP02	政策	産後休息・代替ケア保障	15	83	0.78	1.00	妊娠出産期・子育て初期・ケア責任層	時間余力↑ メンタル負荷↓ 出生圧力リスク↓	産後の休息、夜間支援、代替ケア、家事育児支援を公的に確保し、家族責任の固定化や母親だけへの負担集中を防ぐ。
42	structure_birth_grant_package	BP03	政策	復帰キャリア・企業負担補正	18	83	0.70	1.00	企業・正規雇用・非正規雇用・子育て初期	雇用安定↑ 企業反発↓ 子ども意向↑	育休復帰、短時間勤務、配置転換、代替人員費を企業だけに背負わせず、構造持続会計で補正し、採用抑制や女性不利益を抑える。
42	structure_birth_grant_package	BP04	政策	家族形成住居・教育費緩衝パッケージ	20	83	0.74	1.00	23-40歳・若者・低中所得層	住居安定↑ 教育費不安↓ 希望↑	住居、保育、教育費の長期不安を束ねて緩衝し、子どもを迎える判断が一時金だけで終わらないよう支える。
42	structure_birth_grant_package	BP05	政策	出生非強制・監査ガードレール	15	83	0.68	1.00	全体	制度信頼↑ 反発↓ moral injury↓	非婚・非出産・単身・養育しない選択を不利益にせず、出生数ではなく選択可能条件を評価対象にする。若者の「産ませたいだけでは」という反発を監査する。
42	structure_birth_grant_package	BP06	政策	財政・インフレ持続性監査	24	83	0.64	1.00	国家・金融・納税者・若者	財政不安↓ 制度信頼↑ 長期予見性↑	一時金と支援の財源、物価影響、対象公平性を継続監査し、金融システムを含む系の持続性が崩れた場合は自動補正する。
42	structure_birth_grant_package	BP07	政策	希望経路の可視化と達成共有	30	83	0.76	1.00	若者・家族形成層・次世代コホート	希望↑ 連帯感↑ 自己効力感↑	住居、ケア、教育費、復帰キャリアが実際につながった事例を学校・企業・地域で共有し、少なくとも複数の代表エージェントが「自分たちでも未来を作れる」と感じる経路を観測する。
43	structure_birth_grant_package	E07	ショック	介護需要急増	22	60	0.70	0.80	ケア責任層・地方・現役世代	ケア負担↑ 可処分時間↓ 希望↓	高齢化と家族介護の集中により、若者と現役世代の時間・所得・進路選択が圧迫される。
43	structure_birth_grant_package	E08	ショック	医療提供体制ひっ迫	18	44	0.65	0.65	地方層・医療福祉層・高負荷層	制度信頼↓ メンタル負荷↑ 地域安定↓	医療人材不足と地域医療の縮小により、生活安心感と制度信頼が低下する。
43	structure_birth_grant_package	E09	ショック	汎用ロボティクス普及による身体労働再編	12	60	0.62	0.75	製造・物流・小売・介護周辺	雇用安定↓ 生活コスト圧力↑	物流、製造、清掃、飲食、建設、介護補助などの身体労働でロボット導入が進み、地域産業と現場職の再編不安が広がる。
43	structure_birth_grant_package	P01	政策	若者住居安定パッケージ	10	83	0.70	1.00	非正規・無業・若年就業	住居安定↑ 希望↑	家賃補助・保証人代替・転居支援を組み合わせ、居住不安を緩和する。
43	structure_birth_grant_package	P02	政策	奨学金負担軽減・所得連動返済	8	83	0.80	1.00	在学層・負債高層	可処分所得↑ 子ども意向↑	返済負担の平準化と減免を導入し、将来投資の先送りを抑制する。
43	structure_birth_grant_package	P03	政策	社会持続活動nat報酬制度	12	83	0.85	1.00	全体	nat獲得↑ 希望↑	学校・地域・介護・防災・制度更新活動を報酬化し、役割喪失を防ぐ。
43	structure_birth_grant_package	P04	政策	子育て初期一時金1000万円	15	45	0.75	1.00	子育て初期・結婚前後	子ども意向↑ 出生実行↑	出生前後の初期費用を大幅に緩和するが、短期の財政負荷と逆選択リスクがある。
43	structure_birth_grant_package	P05	政策	地域ケア就労の賃金底上げ	14	83	0.70	1.00	ケア責任層・地方	雇用安定↑ 制度信頼↑	ケア活動を社会基盤労働として扱い、賃金と社会的評価を引き上げる。
43	structure_birth_grant_package	P06	政策	学び直し・移行雇用保証	16	83	0.78	1.00	非正規・無業・自動化影響層	雇用安定↑ 自己効力感↑	訓練と実務移行をセットで保証し、自動化ショックからの回復経路を提供する。
43	structure_birth_grant_package	P07	政策	地方分散インフラ投資	20	83	0.65	1.00	地方層	住居安定↑ 希望↑	交通・医療・通信の更新により、地方での生活可能性を底上げする。
43	structure_birth_grant_package	P08	政策	若年メンタルヘルス即時アクセス	9	83	0.72	1.00	高負荷層	メンタル負荷↓ 希望↑	心理支援への待機時間と費用障壁を下げ、長期離脱を防ぐ。
43	structure_birth_grant_package	P09	政策	学校-企業-地域循環プロジェクト	18	83	0.68	1.00	在学層・若年就業	自己効力感↑ 制度信頼↑	学習内容と地域課題・雇用機会を連結し、努力の手応えを可視化する。
43	structure_birth_grant_package	P10	政策	nat通貨の逆進性補正	30	83	0.60	1.00	低所得層中心	格差↓ 制度信頼↑	nat配分の偏りを是正し、参加機会の不公平を抑える再分配ルールを導入する。
43	structure_birth_grant_package	P11	政策	介護ロボット・在宅支援普及	22	83	0.62	1.00	ケア責任層・地方・子育て初期	ケア負担↓ 可処分時間↑ 希望↑	介護ロボット、見守り、移乗支援、在宅医療接続を公共支援として広げ、家族ケアによる時間制約を緩和する。
43	structure_birth_grant_package	BP01	政策	構造持続型出産一時金の上乗せ	15	60	0.82	1.00	子どもを望む家族形成層・将来家族形成層	子ども意向↑ 家計余力↑ 制度信頼↑	出生実績への成果報酬ではなく、望む人が子どもを迎えられる条件を整える目的で、妊娠・出産・初期育児の実費と所得喪失を一時金で緩衝する。
43	structure_birth_grant_package	BP02	政策	産後休息・代替ケア保障	15	83	0.78	1.00	妊娠出産期・子育て初期・ケア責任層	時間余力↑ メンタル負荷↓ 出生圧力リスク↓	産後の休息、夜間支援、代替ケア、家事育児支援を公的に確保し、家族責任の固定化や母親だけへの負担集中を防ぐ。
43	structure_birth_grant_package	BP03	政策	復帰キャリア・企業負担補正	18	83	0.70	1.00	企業・正規雇用・非正規雇用・子育て初期	雇用安定↑ 企業反発↓ 子ども意向↑	育休復帰、短時間勤務、配置転換、代替人員費を企業だけに背負わせず、構造持続会計で補正し、採用抑制や女性不利益を抑える。
43	structure_birth_grant_package	BP04	政策	家族形成住居・教育費緩衝パッケージ	20	83	0.74	1.00	23-40歳・若者・低中所得層	住居安定↑ 教育費不安↓ 希望↑	住居、保育、教育費の長期不安を束ねて緩衝し、子どもを迎える判断が一時金だけで終わらないよう支える。
43	structure_birth_grant_package	BP05	政策	出生非強制・監査ガードレール	15	83	0.68	1.00	全体	制度信頼↑ 反発↓ moral injury↓	非婚・非出産・単身・養育しない選択を不利益にせず、出生数ではなく選択可能条件を評価対象にする。若者の「産ませたいだけでは」という反発を監査する。
43	structure_birth_grant_package	BP06	政策	財政・インフレ持続性監査	24	83	0.64	1.00	国家・金融・納税者・若者	財政不安↓ 制度信頼↑ 長期予見性↑	一時金と支援の財源、物価影響、対象公平性を継続監査し、金融システムを含む系の持続性が崩れた場合は自動補正する。
43	structure_birth_grant_package	BP07	政策	希望経路の可視化と達成共有	30	83	0.76	1.00	若者・家族形成層・次世代コホート	希望↑ 連帯感↑ 自己効力感↑	住居、ケア、教育費、復帰キャリアが実際につながった事例を学校・企業・地域で共有し、少なくとも複数の代表エージェントが「自分たちでも未来を作れる」と感じる経路を観測する。
44	structure_birth_grant_package	E07	ショック	介護需要急増	22	60	0.70	0.80	ケア責任層・地方・現役世代	ケア負担↑ 可処分時間↓ 希望↓	高齢化と家族介護の集中により、若者と現役世代の時間・所得・進路選択が圧迫される。
44	structure_birth_grant_package	E08	ショック	医療提供体制ひっ迫	18	44	0.65	0.65	地方層・医療福祉層・高負荷層	制度信頼↓ メンタル負荷↑ 地域安定↓	医療人材不足と地域医療の縮小により、生活安心感と制度信頼が低下する。
44	structure_birth_grant_package	E09	ショック	汎用ロボティクス普及による身体労働再編	12	60	0.62	0.75	製造・物流・小売・介護周辺	雇用安定↓ 生活コスト圧力↑	物流、製造、清掃、飲食、建設、介護補助などの身体労働でロボット導入が進み、地域産業と現場職の再編不安が広がる。
44	structure_birth_grant_package	P01	政策	若者住居安定パッケージ	10	83	0.70	1.00	非正規・無業・若年就業	住居安定↑ 希望↑	家賃補助・保証人代替・転居支援を組み合わせ、居住不安を緩和する。
44	structure_birth_grant_package	P02	政策	奨学金負担軽減・所得連動返済	8	83	0.80	1.00	在学層・負債高層	可処分所得↑ 子ども意向↑	返済負担の平準化と減免を導入し、将来投資の先送りを抑制する。
44	structure_birth_grant_package	P03	政策	社会持続活動nat報酬制度	12	83	0.85	1.00	全体	nat獲得↑ 希望↑	学校・地域・介護・防災・制度更新活動を報酬化し、役割喪失を防ぐ。
44	structure_birth_grant_package	P04	政策	子育て初期一時金1000万円	15	45	0.75	1.00	子育て初期・結婚前後	子ども意向↑ 出生実行↑	出生前後の初期費用を大幅に緩和するが、短期の財政負荷と逆選択リスクがある。
44	structure_birth_grant_package	P05	政策	地域ケア就労の賃金底上げ	14	83	0.70	1.00	ケア責任層・地方	雇用安定↑ 制度信頼↑	ケア活動を社会基盤労働として扱い、賃金と社会的評価を引き上げる。
44	structure_birth_grant_package	P06	政策	学び直し・移行雇用保証	16	83	0.78	1.00	非正規・無業・自動化影響層	雇用安定↑ 自己効力感↑	訓練と実務移行をセットで保証し、自動化ショックからの回復経路を提供する。
44	structure_birth_grant_package	P07	政策	地方分散インフラ投資	20	83	0.65	1.00	地方層	住居安定↑ 希望↑	交通・医療・通信の更新により、地方での生活可能性を底上げする。
44	structure_birth_grant_package	P08	政策	若年メンタルヘルス即時アクセス	9	83	0.72	1.00	高負荷層	メンタル負荷↓ 希望↑	心理支援への待機時間と費用障壁を下げ、長期離脱を防ぐ。
44	structure_birth_grant_package	P09	政策	学校-企業-地域循環プロジェクト	18	83	0.68	1.00	在学層・若年就業	自己効力感↑ 制度信頼↑	学習内容と地域課題・雇用機会を連結し、努力の手応えを可視化する。
44	structure_birth_grant_package	P10	政策	nat通貨の逆進性補正	30	83	0.60	1.00	低所得層中心	格差↓ 制度信頼↑	nat配分の偏りを是正し、参加機会の不公平を抑える再分配ルールを導入する。
44	structure_birth_grant_package	P11	政策	介護ロボット・在宅支援普及	22	83	0.62	1.00	ケア責任層・地方・子育て初期	ケア負担↓ 可処分時間↑ 希望↑	介護ロボット、見守り、移乗支援、在宅医療接続を公共支援として広げ、家族ケアによる時間制約を緩和する。
44	structure_birth_grant_package	BP01	政策	構造持続型出産一時金の上乗せ	15	60	0.82	1.00	子どもを望む家族形成層・将来家族形成層	子ども意向↑ 家計余力↑ 制度信頼↑	出生実績への成果報酬ではなく、望む人が子どもを迎えられる条件を整える目的で、妊娠・出産・初期育児の実費と所得喪失を一時金で緩衝する。
44	structure_birth_grant_package	BP02	政策	産後休息・代替ケア保障	15	83	0.78	1.00	妊娠出産期・子育て初期・ケア責任層	時間余力↑ メンタル負荷↓ 出生圧力リスク↓	産後の休息、夜間支援、代替ケア、家事育児支援を公的に確保し、家族責任の固定化や母親だけへの負担集中を防ぐ。
44	structure_birth_grant_package	BP03	政策	復帰キャリア・企業負担補正	18	83	0.70	1.00	企業・正規雇用・非正規雇用・子育て初期	雇用安定↑ 企業反発↓ 子ども意向↑	育休復帰、短時間勤務、配置転換、代替人員費を企業だけに背負わせず、構造持続会計で補正し、採用抑制や女性不利益を抑える。
44	structure_birth_grant_package	BP04	政策	家族形成住居・教育費緩衝パッケージ	20	83	0.74	1.00	23-40歳・若者・低中所得層	住居安定↑ 教育費不安↓ 希望↑	住居、保育、教育費の長期不安を束ねて緩衝し、子どもを迎える判断が一時金だけで終わらないよう支える。
44	structure_birth_grant_package	BP05	政策	出生非強制・監査ガードレール	15	83	0.68	1.00	全体	制度信頼↑ 反発↓ moral injury↓	非婚・非出産・単身・養育しない選択を不利益にせず、出生数ではなく選択可能条件を評価対象にする。若者の「産ませたいだけでは」という反発を監査する。
44	structure_birth_grant_package	BP06	政策	財政・インフレ持続性監査	24	83	0.64	1.00	国家・金融・納税者・若者	財政不安↓ 制度信頼↑ 長期予見性↑	一時金と支援の財源、物価影響、対象公平性を継続監査し、金融システムを含む系の持続性が崩れた場合は自動補正する。
44	structure_birth_grant_package	BP07	政策	希望経路の可視化と達成共有	30	83	0.76	1.00	若者・家族形成層・次世代コホート	希望↑ 連帯感↑ 自己効力感↑	住居、ケア、教育費、復帰キャリアが実際につながった事例を学校・企業・地域で共有し、少なくとも複数の代表エージェントが「自分たちでも未来を作れる」と感じる経路を観測する。
45	structure_birth_grant_package	E07	ショック	介護需要急増	22	60	0.70	0.80	ケア責任層・地方・現役世代	ケア負担↑ 可処分時間↓ 希望↓	高齢化と家族介護の集中により、若者と現役世代の時間・所得・進路選択が圧迫される。
45	structure_birth_grant_package	E09	ショック	汎用ロボティクス普及による身体労働再編	12	60	0.62	0.75	製造・物流・小売・介護周辺	雇用安定↓ 生活コスト圧力↑	物流、製造、清掃、飲食、建設、介護補助などの身体労働でロボット導入が進み、地域産業と現場職の再編不安が広がる。
45	structure_birth_grant_package	P01	政策	若者住居安定パッケージ	10	83	0.70	1.00	非正規・無業・若年就業	住居安定↑ 希望↑	家賃補助・保証人代替・転居支援を組み合わせ、居住不安を緩和する。
45	structure_birth_grant_package	P02	政策	奨学金負担軽減・所得連動返済	8	83	0.80	1.00	在学層・負債高層	可処分所得↑ 子ども意向↑	返済負担の平準化と減免を導入し、将来投資の先送りを抑制する。
45	structure_birth_grant_package	P03	政策	社会持続活動nat報酬制度	12	83	0.85	1.00	全体	nat獲得↑ 希望↑	学校・地域・介護・防災・制度更新活動を報酬化し、役割喪失を防ぐ。
45	structure_birth_grant_package	P04	政策	子育て初期一時金1000万円	15	45	0.75	1.00	子育て初期・結婚前後	子ども意向↑ 出生実行↑	出生前後の初期費用を大幅に緩和するが、短期の財政負荷と逆選択リスクがある。
45	structure_birth_grant_package	P05	政策	地域ケア就労の賃金底上げ	14	83	0.70	1.00	ケア責任層・地方	雇用安定↑ 制度信頼↑	ケア活動を社会基盤労働として扱い、賃金と社会的評価を引き上げる。
45	structure_birth_grant_package	P06	政策	学び直し・移行雇用保証	16	83	0.78	1.00	非正規・無業・自動化影響層	雇用安定↑ 自己効力感↑	訓練と実務移行をセットで保証し、自動化ショックからの回復経路を提供する。
45	structure_birth_grant_package	P07	政策	地方分散インフラ投資	20	83	0.65	1.00	地方層	住居安定↑ 希望↑	交通・医療・通信の更新により、地方での生活可能性を底上げする。
45	structure_birth_grant_package	P08	政策	若年メンタルヘルス即時アクセス	9	83	0.72	1.00	高負荷層	メンタル負荷↓ 希望↑	心理支援への待機時間と費用障壁を下げ、長期離脱を防ぐ。
45	structure_birth_grant_package	P09	政策	学校-企業-地域循環プロジェクト	18	83	0.68	1.00	在学層・若年就業	自己効力感↑ 制度信頼↑	学習内容と地域課題・雇用機会を連結し、努力の手応えを可視化する。
45	structure_birth_grant_package	P10	政策	nat通貨の逆進性補正	30	83	0.60	1.00	低所得層中心	格差↓ 制度信頼↑	nat配分の偏りを是正し、参加機会の不公平を抑える再分配ルールを導入する。
45	structure_birth_grant_package	P11	政策	介護ロボット・在宅支援普及	22	83	0.62	1.00	ケア責任層・地方・子育て初期	ケア負担↓ 可処分時間↑ 希望↑	介護ロボット、見守り、移乗支援、在宅医療接続を公共支援として広げ、家族ケアによる時間制約を緩和する。
45	structure_birth_grant_package	BP01	政策	構造持続型出産一時金の上乗せ	15	60	0.82	1.00	子どもを望む家族形成層・将来家族形成層	子ども意向↑ 家計余力↑ 制度信頼↑	出生実績への成果報酬ではなく、望む人が子どもを迎えられる条件を整える目的で、妊娠・出産・初期育児の実費と所得喪失を一時金で緩衝する。
45	structure_birth_grant_package	BP02	政策	産後休息・代替ケア保障	15	83	0.78	1.00	妊娠出産期・子育て初期・ケア責任層	時間余力↑ メンタル負荷↓ 出生圧力リスク↓	産後の休息、夜間支援、代替ケア、家事育児支援を公的に確保し、家族責任の固定化や母親だけへの負担集中を防ぐ。
45	structure_birth_grant_package	BP03	政策	復帰キャリア・企業負担補正	18	83	0.70	1.00	企業・正規雇用・非正規雇用・子育て初期	雇用安定↑ 企業反発↓ 子ども意向↑	育休復帰、短時間勤務、配置転換、代替人員費を企業だけに背負わせず、構造持続会計で補正し、採用抑制や女性不利益を抑える。
45	structure_birth_grant_package	BP04	政策	家族形成住居・教育費緩衝パッケージ	20	83	0.74	1.00	23-40歳・若者・低中所得層	住居安定↑ 教育費不安↓ 希望↑	住居、保育、教育費の長期不安を束ねて緩衝し、子どもを迎える判断が一時金だけで終わらないよう支える。
45	structure_birth_grant_package	BP05	政策	出生非強制・監査ガードレール	15	83	0.68	1.00	全体	制度信頼↑ 反発↓ moral injury↓	非婚・非出産・単身・養育しない選択を不利益にせず、出生数ではなく選択可能条件を評価対象にする。若者の「産ませたいだけでは」という反発を監査する。
45	structure_birth_grant_package	BP06	政策	財政・インフレ持続性監査	24	83	0.64	1.00	国家・金融・納税者・若者	財政不安↓ 制度信頼↑ 長期予見性↑	一時金と支援の財源、物価影響、対象公平性を継続監査し、金融システムを含む系の持続性が崩れた場合は自動補正する。
45	structure_birth_grant_package	BP07	政策	希望経路の可視化と達成共有	30	83	0.76	1.00	若者・家族形成層・次世代コホート	希望↑ 連帯感↑ 自己効力感↑	住居、ケア、教育費、復帰キャリアが実際につながった事例を学校・企業・地域で共有し、少なくとも複数の代表エージェントが「自分たちでも未来を作れる」と感じる経路を観測する。
46	structure_birth_grant_package	E07	ショック	介護需要急増	22	60	0.70	0.80	ケア責任層・地方・現役世代	ケア負担↑ 可処分時間↓ 希望↓	高齢化と家族介護の集中により、若者と現役世代の時間・所得・進路選択が圧迫される。
46	structure_birth_grant_package	E09	ショック	汎用ロボティクス普及による身体労働再編	12	60	0.62	0.75	製造・物流・小売・介護周辺	雇用安定↓ 生活コスト圧力↑	物流、製造、清掃、飲食、建設、介護補助などの身体労働でロボット導入が進み、地域産業と現場職の再編不安が広がる。
46	structure_birth_grant_package	P01	政策	若者住居安定パッケージ	10	83	0.70	1.00	非正規・無業・若年就業	住居安定↑ 希望↑	家賃補助・保証人代替・転居支援を組み合わせ、居住不安を緩和する。
46	structure_birth_grant_package	P02	政策	奨学金負担軽減・所得連動返済	8	83	0.80	1.00	在学層・負債高層	可処分所得↑ 子ども意向↑	返済負担の平準化と減免を導入し、将来投資の先送りを抑制する。
46	structure_birth_grant_package	P03	政策	社会持続活動nat報酬制度	12	83	0.85	1.00	全体	nat獲得↑ 希望↑	学校・地域・介護・防災・制度更新活動を報酬化し、役割喪失を防ぐ。
46	structure_birth_grant_package	P05	政策	地域ケア就労の賃金底上げ	14	83	0.70	1.00	ケア責任層・地方	雇用安定↑ 制度信頼↑	ケア活動を社会基盤労働として扱い、賃金と社会的評価を引き上げる。
46	structure_birth_grant_package	P06	政策	学び直し・移行雇用保証	16	83	0.78	1.00	非正規・無業・自動化影響層	雇用安定↑ 自己効力感↑	訓練と実務移行をセットで保証し、自動化ショックからの回復経路を提供する。
46	structure_birth_grant_package	P07	政策	地方分散インフラ投資	20	83	0.65	1.00	地方層	住居安定↑ 希望↑	交通・医療・通信の更新により、地方での生活可能性を底上げする。
46	structure_birth_grant_package	P08	政策	若年メンタルヘルス即時アクセス	9	83	0.72	1.00	高負荷層	メンタル負荷↓ 希望↑	心理支援への待機時間と費用障壁を下げ、長期離脱を防ぐ。
46	structure_birth_grant_package	P09	政策	学校-企業-地域循環プロジェクト	18	83	0.68	1.00	在学層・若年就業	自己効力感↑ 制度信頼↑	学習内容と地域課題・雇用機会を連結し、努力の手応えを可視化する。
46	structure_birth_grant_package	P10	政策	nat通貨の逆進性補正	30	83	0.60	1.00	低所得層中心	格差↓ 制度信頼↑	nat配分の偏りを是正し、参加機会の不公平を抑える再分配ルールを導入する。
46	structure_birth_grant_package	P11	政策	介護ロボット・在宅支援普及	22	83	0.62	1.00	ケア責任層・地方・子育て初期	ケア負担↓ 可処分時間↑ 希望↑	介護ロボット、見守り、移乗支援、在宅医療接続を公共支援として広げ、家族ケアによる時間制約を緩和する。
46	structure_birth_grant_package	BP01	政策	構造持続型出産一時金の上乗せ	15	60	0.82	1.00	子どもを望む家族形成層・将来家族形成層	子ども意向↑ 家計余力↑ 制度信頼↑	出生実績への成果報酬ではなく、望む人が子どもを迎えられる条件を整える目的で、妊娠・出産・初期育児の実費と所得喪失を一時金で緩衝する。
46	structure_birth_grant_package	BP02	政策	産後休息・代替ケア保障	15	83	0.78	1.00	妊娠出産期・子育て初期・ケア責任層	時間余力↑ メンタル負荷↓ 出生圧力リスク↓	産後の休息、夜間支援、代替ケア、家事育児支援を公的に確保し、家族責任の固定化や母親だけへの負担集中を防ぐ。
46	structure_birth_grant_package	BP03	政策	復帰キャリア・企業負担補正	18	83	0.70	1.00	企業・正規雇用・非正規雇用・子育て初期	雇用安定↑ 企業反発↓ 子ども意向↑	育休復帰、短時間勤務、配置転換、代替人員費を企業だけに背負わせず、構造持続会計で補正し、採用抑制や女性不利益を抑える。
46	structure_birth_grant_package	BP04	政策	家族形成住居・教育費緩衝パッケージ	20	83	0.74	1.00	23-40歳・若者・低中所得層	住居安定↑ 教育費不安↓ 希望↑	住居、保育、教育費の長期不安を束ねて緩衝し、子どもを迎える判断が一時金だけで終わらないよう支える。
46	structure_birth_grant_package	BP05	政策	出生非強制・監査ガードレール	15	83	0.68	1.00	全体	制度信頼↑ 反発↓ moral injury↓	非婚・非出産・単身・養育しない選択を不利益にせず、出生数ではなく選択可能条件を評価対象にする。若者の「産ませたいだけでは」という反発を監査する。
46	structure_birth_grant_package	BP06	政策	財政・インフレ持続性監査	24	83	0.64	1.00	国家・金融・納税者・若者	財政不安↓ 制度信頼↑ 長期予見性↑	一時金と支援の財源、物価影響、対象公平性を継続監査し、金融システムを含む系の持続性が崩れた場合は自動補正する。
46	structure_birth_grant_package	BP07	政策	希望経路の可視化と達成共有	30	83	0.76	1.00	若者・家族形成層・次世代コホート	希望↑ 連帯感↑ 自己効力感↑	住居、ケア、教育費、復帰キャリアが実際につながった事例を学校・企業・地域で共有し、少なくとも複数の代表エージェントが「自分たちでも未来を作れる」と感じる経路を観測する。
47	structure_birth_grant_package	E07	ショック	介護需要急増	22	60	0.70	0.80	ケア責任層・地方・現役世代	ケア負担↑ 可処分時間↓ 希望↓	高齢化と家族介護の集中により、若者と現役世代の時間・所得・進路選択が圧迫される。
47	structure_birth_grant_package	E09	ショック	汎用ロボティクス普及による身体労働再編	12	60	0.62	0.75	製造・物流・小売・介護周辺	雇用安定↓ 生活コスト圧力↑	物流、製造、清掃、飲食、建設、介護補助などの身体労働でロボット導入が進み、地域産業と現場職の再編不安が広がる。
47	structure_birth_grant_package	P01	政策	若者住居安定パッケージ	10	83	0.70	1.00	非正規・無業・若年就業	住居安定↑ 希望↑	家賃補助・保証人代替・転居支援を組み合わせ、居住不安を緩和する。
47	structure_birth_grant_package	P02	政策	奨学金負担軽減・所得連動返済	8	83	0.80	1.00	在学層・負債高層	可処分所得↑ 子ども意向↑	返済負担の平準化と減免を導入し、将来投資の先送りを抑制する。
47	structure_birth_grant_package	P03	政策	社会持続活動nat報酬制度	12	83	0.85	1.00	全体	nat獲得↑ 希望↑	学校・地域・介護・防災・制度更新活動を報酬化し、役割喪失を防ぐ。
47	structure_birth_grant_package	P05	政策	地域ケア就労の賃金底上げ	14	83	0.70	1.00	ケア責任層・地方	雇用安定↑ 制度信頼↑	ケア活動を社会基盤労働として扱い、賃金と社会的評価を引き上げる。
47	structure_birth_grant_package	P06	政策	学び直し・移行雇用保証	16	83	0.78	1.00	非正規・無業・自動化影響層	雇用安定↑ 自己効力感↑	訓練と実務移行をセットで保証し、自動化ショックからの回復経路を提供する。
47	structure_birth_grant_package	P07	政策	地方分散インフラ投資	20	83	0.65	1.00	地方層	住居安定↑ 希望↑	交通・医療・通信の更新により、地方での生活可能性を底上げする。
47	structure_birth_grant_package	P08	政策	若年メンタルヘルス即時アクセス	9	83	0.72	1.00	高負荷層	メンタル負荷↓ 希望↑	心理支援への待機時間と費用障壁を下げ、長期離脱を防ぐ。
47	structure_birth_grant_package	P09	政策	学校-企業-地域循環プロジェクト	18	83	0.68	1.00	在学層・若年就業	自己効力感↑ 制度信頼↑	学習内容と地域課題・雇用機会を連結し、努力の手応えを可視化する。
47	structure_birth_grant_package	P10	政策	nat通貨の逆進性補正	30	83	0.60	1.00	低所得層中心	格差↓ 制度信頼↑	nat配分の偏りを是正し、参加機会の不公平を抑える再分配ルールを導入する。
47	structure_birth_grant_package	P11	政策	介護ロボット・在宅支援普及	22	83	0.62	1.00	ケア責任層・地方・子育て初期	ケア負担↓ 可処分時間↑ 希望↑	介護ロボット、見守り、移乗支援、在宅医療接続を公共支援として広げ、家族ケアによる時間制約を緩和する。
47	structure_birth_grant_package	BP01	政策	構造持続型出産一時金の上乗せ	15	60	0.82	1.00	子どもを望む家族形成層・将来家族形成層	子ども意向↑ 家計余力↑ 制度信頼↑	出生実績への成果報酬ではなく、望む人が子どもを迎えられる条件を整える目的で、妊娠・出産・初期育児の実費と所得喪失を一時金で緩衝する。
47	structure_birth_grant_package	BP02	政策	産後休息・代替ケア保障	15	83	0.78	1.00	妊娠出産期・子育て初期・ケア責任層	時間余力↑ メンタル負荷↓ 出生圧力リスク↓	産後の休息、夜間支援、代替ケア、家事育児支援を公的に確保し、家族責任の固定化や母親だけへの負担集中を防ぐ。
47	structure_birth_grant_package	BP03	政策	復帰キャリア・企業負担補正	18	83	0.70	1.00	企業・正規雇用・非正規雇用・子育て初期	雇用安定↑ 企業反発↓ 子ども意向↑	育休復帰、短時間勤務、配置転換、代替人員費を企業だけに背負わせず、構造持続会計で補正し、採用抑制や女性不利益を抑える。
47	structure_birth_grant_package	BP04	政策	家族形成住居・教育費緩衝パッケージ	20	83	0.74	1.00	23-40歳・若者・低中所得層	住居安定↑ 教育費不安↓ 希望↑	住居、保育、教育費の長期不安を束ねて緩衝し、子どもを迎える判断が一時金だけで終わらないよう支える。
47	structure_birth_grant_package	BP05	政策	出生非強制・監査ガードレール	15	83	0.68	1.00	全体	制度信頼↑ 反発↓ moral injury↓	非婚・非出産・単身・養育しない選択を不利益にせず、出生数ではなく選択可能条件を評価対象にする。若者の「産ませたいだけでは」という反発を監査する。
47	structure_birth_grant_package	BP06	政策	財政・インフレ持続性監査	24	83	0.64	1.00	国家・金融・納税者・若者	財政不安↓ 制度信頼↑ 長期予見性↑	一時金と支援の財源、物価影響、対象公平性を継続監査し、金融システムを含む系の持続性が崩れた場合は自動補正する。
47	structure_birth_grant_package	BP07	政策	希望経路の可視化と達成共有	30	83	0.76	1.00	若者・家族形成層・次世代コホート	希望↑ 連帯感↑ 自己効力感↑	住居、ケア、教育費、復帰キャリアが実際につながった事例を学校・企業・地域で共有し、少なくとも複数の代表エージェントが「自分たちでも未来を作れる」と感じる経路を観測する。
48	structure_birth_grant_package	E07	ショック	介護需要急増	22	60	0.70	0.80	ケア責任層・地方・現役世代	ケア負担↑ 可処分時間↓ 希望↓	高齢化と家族介護の集中により、若者と現役世代の時間・所得・進路選択が圧迫される。
48	structure_birth_grant_package	E09	ショック	汎用ロボティクス普及による身体労働再編	12	60	0.62	0.75	製造・物流・小売・介護周辺	雇用安定↓ 生活コスト圧力↑	物流、製造、清掃、飲食、建設、介護補助などの身体労働でロボット導入が進み、地域産業と現場職の再編不安が広がる。
48	structure_birth_grant_package	P01	政策	若者住居安定パッケージ	10	83	0.70	1.00	非正規・無業・若年就業	住居安定↑ 希望↑	家賃補助・保証人代替・転居支援を組み合わせ、居住不安を緩和する。
48	structure_birth_grant_package	P02	政策	奨学金負担軽減・所得連動返済	8	83	0.80	1.00	在学層・負債高層	可処分所得↑ 子ども意向↑	返済負担の平準化と減免を導入し、将来投資の先送りを抑制する。
48	structure_birth_grant_package	P03	政策	社会持続活動nat報酬制度	12	83	0.85	1.00	全体	nat獲得↑ 希望↑	学校・地域・介護・防災・制度更新活動を報酬化し、役割喪失を防ぐ。
48	structure_birth_grant_package	P05	政策	地域ケア就労の賃金底上げ	14	83	0.70	1.00	ケア責任層・地方	雇用安定↑ 制度信頼↑	ケア活動を社会基盤労働として扱い、賃金と社会的評価を引き上げる。
48	structure_birth_grant_package	P06	政策	学び直し・移行雇用保証	16	83	0.78	1.00	非正規・無業・自動化影響層	雇用安定↑ 自己効力感↑	訓練と実務移行をセットで保証し、自動化ショックからの回復経路を提供する。
48	structure_birth_grant_package	P07	政策	地方分散インフラ投資	20	83	0.65	1.00	地方層	住居安定↑ 希望↑	交通・医療・通信の更新により、地方での生活可能性を底上げする。
48	structure_birth_grant_package	P08	政策	若年メンタルヘルス即時アクセス	9	83	0.72	1.00	高負荷層	メンタル負荷↓ 希望↑	心理支援への待機時間と費用障壁を下げ、長期離脱を防ぐ。
48	structure_birth_grant_package	P09	政策	学校-企業-地域循環プロジェクト	18	83	0.68	1.00	在学層・若年就業	自己効力感↑ 制度信頼↑	学習内容と地域課題・雇用機会を連結し、努力の手応えを可視化する。
48	structure_birth_grant_package	P10	政策	nat通貨の逆進性補正	30	83	0.60	1.00	低所得層中心	格差↓ 制度信頼↑	nat配分の偏りを是正し、参加機会の不公平を抑える再分配ルールを導入する。
48	structure_birth_grant_package	P11	政策	介護ロボット・在宅支援普及	22	83	0.62	1.00	ケア責任層・地方・子育て初期	ケア負担↓ 可処分時間↑ 希望↑	介護ロボット、見守り、移乗支援、在宅医療接続を公共支援として広げ、家族ケアによる時間制約を緩和する。
48	structure_birth_grant_package	BP01	政策	構造持続型出産一時金の上乗せ	15	60	0.82	1.00	子どもを望む家族形成層・将来家族形成層	子ども意向↑ 家計余力↑ 制度信頼↑	出生実績への成果報酬ではなく、望む人が子どもを迎えられる条件を整える目的で、妊娠・出産・初期育児の実費と所得喪失を一時金で緩衝する。
48	structure_birth_grant_package	BP02	政策	産後休息・代替ケア保障	15	83	0.78	1.00	妊娠出産期・子育て初期・ケア責任層	時間余力↑ メンタル負荷↓ 出生圧力リスク↓	産後の休息、夜間支援、代替ケア、家事育児支援を公的に確保し、家族責任の固定化や母親だけへの負担集中を防ぐ。
48	structure_birth_grant_package	BP03	政策	復帰キャリア・企業負担補正	18	83	0.70	1.00	企業・正規雇用・非正規雇用・子育て初期	雇用安定↑ 企業反発↓ 子ども意向↑	育休復帰、短時間勤務、配置転換、代替人員費を企業だけに背負わせず、構造持続会計で補正し、採用抑制や女性不利益を抑える。
48	structure_birth_grant_package	BP04	政策	家族形成住居・教育費緩衝パッケージ	20	83	0.74	1.00	23-40歳・若者・低中所得層	住居安定↑ 教育費不安↓ 希望↑	住居、保育、教育費の長期不安を束ねて緩衝し、子どもを迎える判断が一時金だけで終わらないよう支える。
48	structure_birth_grant_package	BP05	政策	出生非強制・監査ガードレール	15	83	0.68	1.00	全体	制度信頼↑ 反発↓ moral injury↓	非婚・非出産・単身・養育しない選択を不利益にせず、出生数ではなく選択可能条件を評価対象にする。若者の「産ませたいだけでは」という反発を監査する。
48	structure_birth_grant_package	BP06	政策	財政・インフレ持続性監査	24	83	0.64	1.00	国家・金融・納税者・若者	財政不安↓ 制度信頼↑ 長期予見性↑	一時金と支援の財源、物価影響、対象公平性を継続監査し、金融システムを含む系の持続性が崩れた場合は自動補正する。
48	structure_birth_grant_package	BP07	政策	希望経路の可視化と達成共有	30	83	0.76	1.00	若者・家族形成層・次世代コホート	希望↑ 連帯感↑ 自己効力感↑	住居、ケア、教育費、復帰キャリアが実際につながった事例を学校・企業・地域で共有し、少なくとも複数の代表エージェントが「自分たちでも未来を作れる」と感じる経路を観測する。
49	structure_birth_grant_package	E07	ショック	介護需要急増	22	60	0.70	0.80	ケア責任層・地方・現役世代	ケア負担↑ 可処分時間↓ 希望↓	高齢化と家族介護の集中により、若者と現役世代の時間・所得・進路選択が圧迫される。
49	structure_birth_grant_package	E09	ショック	汎用ロボティクス普及による身体労働再編	12	60	0.62	0.75	製造・物流・小売・介護周辺	雇用安定↓ 生活コスト圧力↑	物流、製造、清掃、飲食、建設、介護補助などの身体労働でロボット導入が進み、地域産業と現場職の再編不安が広がる。
49	structure_birth_grant_package	P01	政策	若者住居安定パッケージ	10	83	0.70	1.00	非正規・無業・若年就業	住居安定↑ 希望↑	家賃補助・保証人代替・転居支援を組み合わせ、居住不安を緩和する。
49	structure_birth_grant_package	P02	政策	奨学金負担軽減・所得連動返済	8	83	0.80	1.00	在学層・負債高層	可処分所得↑ 子ども意向↑	返済負担の平準化と減免を導入し、将来投資の先送りを抑制する。
49	structure_birth_grant_package	P03	政策	社会持続活動nat報酬制度	12	83	0.85	1.00	全体	nat獲得↑ 希望↑	学校・地域・介護・防災・制度更新活動を報酬化し、役割喪失を防ぐ。
49	structure_birth_grant_package	P05	政策	地域ケア就労の賃金底上げ	14	83	0.70	1.00	ケア責任層・地方	雇用安定↑ 制度信頼↑	ケア活動を社会基盤労働として扱い、賃金と社会的評価を引き上げる。
49	structure_birth_grant_package	P06	政策	学び直し・移行雇用保証	16	83	0.78	1.00	非正規・無業・自動化影響層	雇用安定↑ 自己効力感↑	訓練と実務移行をセットで保証し、自動化ショックからの回復経路を提供する。
49	structure_birth_grant_package	P07	政策	地方分散インフラ投資	20	83	0.65	1.00	地方層	住居安定↑ 希望↑	交通・医療・通信の更新により、地方での生活可能性を底上げする。
49	structure_birth_grant_package	P08	政策	若年メンタルヘルス即時アクセス	9	83	0.72	1.00	高負荷層	メンタル負荷↓ 希望↑	心理支援への待機時間と費用障壁を下げ、長期離脱を防ぐ。
49	structure_birth_grant_package	P09	政策	学校-企業-地域循環プロジェクト	18	83	0.68	1.00	在学層・若年就業	自己効力感↑ 制度信頼↑	学習内容と地域課題・雇用機会を連結し、努力の手応えを可視化する。
49	structure_birth_grant_package	P10	政策	nat通貨の逆進性補正	30	83	0.60	1.00	低所得層中心	格差↓ 制度信頼↑	nat配分の偏りを是正し、参加機会の不公平を抑える再分配ルールを導入する。
49	structure_birth_grant_package	P11	政策	介護ロボット・在宅支援普及	22	83	0.62	1.00	ケア責任層・地方・子育て初期	ケア負担↓ 可処分時間↑ 希望↑	介護ロボット、見守り、移乗支援、在宅医療接続を公共支援として広げ、家族ケアによる時間制約を緩和する。
49	structure_birth_grant_package	BP01	政策	構造持続型出産一時金の上乗せ	15	60	0.82	1.00	子どもを望む家族形成層・将来家族形成層	子ども意向↑ 家計余力↑ 制度信頼↑	出生実績への成果報酬ではなく、望む人が子どもを迎えられる条件を整える目的で、妊娠・出産・初期育児の実費と所得喪失を一時金で緩衝する。
49	structure_birth_grant_package	BP02	政策	産後休息・代替ケア保障	15	83	0.78	1.00	妊娠出産期・子育て初期・ケア責任層	時間余力↑ メンタル負荷↓ 出生圧力リスク↓	産後の休息、夜間支援、代替ケア、家事育児支援を公的に確保し、家族責任の固定化や母親だけへの負担集中を防ぐ。
49	structure_birth_grant_package	BP03	政策	復帰キャリア・企業負担補正	18	83	0.70	1.00	企業・正規雇用・非正規雇用・子育て初期	雇用安定↑ 企業反発↓ 子ども意向↑	育休復帰、短時間勤務、配置転換、代替人員費を企業だけに背負わせず、構造持続会計で補正し、採用抑制や女性不利益を抑える。
49	structure_birth_grant_package	BP04	政策	家族形成住居・教育費緩衝パッケージ	20	83	0.74	1.00	23-40歳・若者・低中所得層	住居安定↑ 教育費不安↓ 希望↑	住居、保育、教育費の長期不安を束ねて緩衝し、子どもを迎える判断が一時金だけで終わらないよう支える。
49	structure_birth_grant_package	BP05	政策	出生非強制・監査ガードレール	15	83	0.68	1.00	全体	制度信頼↑ 反発↓ moral injury↓	非婚・非出産・単身・養育しない選択を不利益にせず、出生数ではなく選択可能条件を評価対象にする。若者の「産ませたいだけでは」という反発を監査する。
49	structure_birth_grant_package	BP06	政策	財政・インフレ持続性監査	24	83	0.64	1.00	国家・金融・納税者・若者	財政不安↓ 制度信頼↑ 長期予見性↑	一時金と支援の財源、物価影響、対象公平性を継続監査し、金融システムを含む系の持続性が崩れた場合は自動補正する。
49	structure_birth_grant_package	BP07	政策	希望経路の可視化と達成共有	30	83	0.76	1.00	若者・家族形成層・次世代コホート	希望↑ 連帯感↑ 自己効力感↑	住居、ケア、教育費、復帰キャリアが実際につながった事例を学校・企業・地域で共有し、少なくとも複数の代表エージェントが「自分たちでも未来を作れる」と感じる経路を観測する。
50	structure_birth_grant_package	E07	ショック	介護需要急増	22	60	0.70	0.80	ケア責任層・地方・現役世代	ケア負担↑ 可処分時間↓ 希望↓	高齢化と家族介護の集中により、若者と現役世代の時間・所得・進路選択が圧迫される。
50	structure_birth_grant_package	E09	ショック	汎用ロボティクス普及による身体労働再編	12	60	0.62	0.75	製造・物流・小売・介護周辺	雇用安定↓ 生活コスト圧力↑	物流、製造、清掃、飲食、建設、介護補助などの身体労働でロボット導入が進み、地域産業と現場職の再編不安が広がる。
50	structure_birth_grant_package	P01	政策	若者住居安定パッケージ	10	83	0.70	1.00	非正規・無業・若年就業	住居安定↑ 希望↑	家賃補助・保証人代替・転居支援を組み合わせ、居住不安を緩和する。
50	structure_birth_grant_package	P02	政策	奨学金負担軽減・所得連動返済	8	83	0.80	1.00	在学層・負債高層	可処分所得↑ 子ども意向↑	返済負担の平準化と減免を導入し、将来投資の先送りを抑制する。
50	structure_birth_grant_package	P03	政策	社会持続活動nat報酬制度	12	83	0.85	1.00	全体	nat獲得↑ 希望↑	学校・地域・介護・防災・制度更新活動を報酬化し、役割喪失を防ぐ。
50	structure_birth_grant_package	P05	政策	地域ケア就労の賃金底上げ	14	83	0.70	1.00	ケア責任層・地方	雇用安定↑ 制度信頼↑	ケア活動を社会基盤労働として扱い、賃金と社会的評価を引き上げる。
50	structure_birth_grant_package	P06	政策	学び直し・移行雇用保証	16	83	0.78	1.00	非正規・無業・自動化影響層	雇用安定↑ 自己効力感↑	訓練と実務移行をセットで保証し、自動化ショックからの回復経路を提供する。
50	structure_birth_grant_package	P07	政策	地方分散インフラ投資	20	83	0.65	1.00	地方層	住居安定↑ 希望↑	交通・医療・通信の更新により、地方での生活可能性を底上げする。
50	structure_birth_grant_package	P08	政策	若年メンタルヘルス即時アクセス	9	83	0.72	1.00	高負荷層	メンタル負荷↓ 希望↑	心理支援への待機時間と費用障壁を下げ、長期離脱を防ぐ。
50	structure_birth_grant_package	P09	政策	学校-企業-地域循環プロジェクト	18	83	0.68	1.00	在学層・若年就業	自己効力感↑ 制度信頼↑	学習内容と地域課題・雇用機会を連結し、努力の手応えを可視化する。
50	structure_birth_grant_package	P10	政策	nat通貨の逆進性補正	30	83	0.60	1.00	低所得層中心	格差↓ 制度信頼↑	nat配分の偏りを是正し、参加機会の不公平を抑える再分配ルールを導入する。
50	structure_birth_grant_package	P11	政策	介護ロボット・在宅支援普及	22	83	0.62	1.00	ケア責任層・地方・子育て初期	ケア負担↓ 可処分時間↑ 希望↑	介護ロボット、見守り、移乗支援、在宅医療接続を公共支援として広げ、家族ケアによる時間制約を緩和する。
50	structure_birth_grant_package	BP01	政策	構造持続型出産一時金の上乗せ	15	60	0.82	1.00	子どもを望む家族形成層・将来家族形成層	子ども意向↑ 家計余力↑ 制度信頼↑	出生実績への成果報酬ではなく、望む人が子どもを迎えられる条件を整える目的で、妊娠・出産・初期育児の実費と所得喪失を一時金で緩衝する。
50	structure_birth_grant_package	BP02	政策	産後休息・代替ケア保障	15	83	0.78	1.00	妊娠出産期・子育て初期・ケア責任層	時間余力↑ メンタル負荷↓ 出生圧力リスク↓	産後の休息、夜間支援、代替ケア、家事育児支援を公的に確保し、家族責任の固定化や母親だけへの負担集中を防ぐ。
50	structure_birth_grant_package	BP03	政策	復帰キャリア・企業負担補正	18	83	0.70	1.00	企業・正規雇用・非正規雇用・子育て初期	雇用安定↑ 企業反発↓ 子ども意向↑	育休復帰、短時間勤務、配置転換、代替人員費を企業だけに背負わせず、構造持続会計で補正し、採用抑制や女性不利益を抑える。
50	structure_birth_grant_package	BP04	政策	家族形成住居・教育費緩衝パッケージ	20	83	0.74	1.00	23-40歳・若者・低中所得層	住居安定↑ 教育費不安↓ 希望↑	住居、保育、教育費の長期不安を束ねて緩衝し、子どもを迎える判断が一時金だけで終わらないよう支える。
50	structure_birth_grant_package	BP05	政策	出生非強制・監査ガードレール	15	83	0.68	1.00	全体	制度信頼↑ 反発↓ moral injury↓	非婚・非出産・単身・養育しない選択を不利益にせず、出生数ではなく選択可能条件を評価対象にする。若者の「産ませたいだけでは」という反発を監査する。
50	structure_birth_grant_package	BP06	政策	財政・インフレ持続性監査	24	83	0.64	1.00	国家・金融・納税者・若者	財政不安↓ 制度信頼↑ 長期予見性↑	一時金と支援の財源、物価影響、対象公平性を継続監査し、金融システムを含む系の持続性が崩れた場合は自動補正する。
50	structure_birth_grant_package	BP07	政策	希望経路の可視化と達成共有	30	83	0.76	1.00	若者・家族形成層・次世代コホート	希望↑ 連帯感↑ 自己効力感↑	住居、ケア、教育費、復帰キャリアが実際につながった事例を学校・企業・地域で共有し、少なくとも複数の代表エージェントが「自分たちでも未来を作れる」と感じる経路を観測する。
51	structure_birth_grant_package	E07	ショック	介護需要急増	22	60	0.70	0.80	ケア責任層・地方・現役世代	ケア負担↑ 可処分時間↓ 希望↓	高齢化と家族介護の集中により、若者と現役世代の時間・所得・進路選択が圧迫される。
51	structure_birth_grant_package	E09	ショック	汎用ロボティクス普及による身体労働再編	12	60	0.62	0.75	製造・物流・小売・介護周辺	雇用安定↓ 生活コスト圧力↑	物流、製造、清掃、飲食、建設、介護補助などの身体労働でロボット導入が進み、地域産業と現場職の再編不安が広がる。
51	structure_birth_grant_package	P01	政策	若者住居安定パッケージ	10	83	0.70	1.00	非正規・無業・若年就業	住居安定↑ 希望↑	家賃補助・保証人代替・転居支援を組み合わせ、居住不安を緩和する。
51	structure_birth_grant_package	P02	政策	奨学金負担軽減・所得連動返済	8	83	0.80	1.00	在学層・負債高層	可処分所得↑ 子ども意向↑	返済負担の平準化と減免を導入し、将来投資の先送りを抑制する。
51	structure_birth_grant_package	P03	政策	社会持続活動nat報酬制度	12	83	0.85	1.00	全体	nat獲得↑ 希望↑	学校・地域・介護・防災・制度更新活動を報酬化し、役割喪失を防ぐ。
51	structure_birth_grant_package	P05	政策	地域ケア就労の賃金底上げ	14	83	0.70	1.00	ケア責任層・地方	雇用安定↑ 制度信頼↑	ケア活動を社会基盤労働として扱い、賃金と社会的評価を引き上げる。
51	structure_birth_grant_package	P06	政策	学び直し・移行雇用保証	16	83	0.78	1.00	非正規・無業・自動化影響層	雇用安定↑ 自己効力感↑	訓練と実務移行をセットで保証し、自動化ショックからの回復経路を提供する。
51	structure_birth_grant_package	P07	政策	地方分散インフラ投資	20	83	0.65	1.00	地方層	住居安定↑ 希望↑	交通・医療・通信の更新により、地方での生活可能性を底上げする。
51	structure_birth_grant_package	P08	政策	若年メンタルヘルス即時アクセス	9	83	0.72	1.00	高負荷層	メンタル負荷↓ 希望↑	心理支援への待機時間と費用障壁を下げ、長期離脱を防ぐ。
51	structure_birth_grant_package	P09	政策	学校-企業-地域循環プロジェクト	18	83	0.68	1.00	在学層・若年就業	自己効力感↑ 制度信頼↑	学習内容と地域課題・雇用機会を連結し、努力の手応えを可視化する。
51	structure_birth_grant_package	P10	政策	nat通貨の逆進性補正	30	83	0.60	1.00	低所得層中心	格差↓ 制度信頼↑	nat配分の偏りを是正し、参加機会の不公平を抑える再分配ルールを導入する。
51	structure_birth_grant_package	P11	政策	介護ロボット・在宅支援普及	22	83	0.62	1.00	ケア責任層・地方・子育て初期	ケア負担↓ 可処分時間↑ 希望↑	介護ロボット、見守り、移乗支援、在宅医療接続を公共支援として広げ、家族ケアによる時間制約を緩和する。
51	structure_birth_grant_package	BP01	政策	構造持続型出産一時金の上乗せ	15	60	0.82	1.00	子どもを望む家族形成層・将来家族形成層	子ども意向↑ 家計余力↑ 制度信頼↑	出生実績への成果報酬ではなく、望む人が子どもを迎えられる条件を整える目的で、妊娠・出産・初期育児の実費と所得喪失を一時金で緩衝する。
51	structure_birth_grant_package	BP02	政策	産後休息・代替ケア保障	15	83	0.78	1.00	妊娠出産期・子育て初期・ケア責任層	時間余力↑ メンタル負荷↓ 出生圧力リスク↓	産後の休息、夜間支援、代替ケア、家事育児支援を公的に確保し、家族責任の固定化や母親だけへの負担集中を防ぐ。
51	structure_birth_grant_package	BP03	政策	復帰キャリア・企業負担補正	18	83	0.70	1.00	企業・正規雇用・非正規雇用・子育て初期	雇用安定↑ 企業反発↓ 子ども意向↑	育休復帰、短時間勤務、配置転換、代替人員費を企業だけに背負わせず、構造持続会計で補正し、採用抑制や女性不利益を抑える。
51	structure_birth_grant_package	BP04	政策	家族形成住居・教育費緩衝パッケージ	20	83	0.74	1.00	23-40歳・若者・低中所得層	住居安定↑ 教育費不安↓ 希望↑	住居、保育、教育費の長期不安を束ねて緩衝し、子どもを迎える判断が一時金だけで終わらないよう支える。
51	structure_birth_grant_package	BP05	政策	出生非強制・監査ガードレール	15	83	0.68	1.00	全体	制度信頼↑ 反発↓ moral injury↓	非婚・非出産・単身・養育しない選択を不利益にせず、出生数ではなく選択可能条件を評価対象にする。若者の「産ませたいだけでは」という反発を監査する。
51	structure_birth_grant_package	BP06	政策	財政・インフレ持続性監査	24	83	0.64	1.00	国家・金融・納税者・若者	財政不安↓ 制度信頼↑ 長期予見性↑	一時金と支援の財源、物価影響、対象公平性を継続監査し、金融システムを含む系の持続性が崩れた場合は自動補正する。
51	structure_birth_grant_package	BP07	政策	希望経路の可視化と達成共有	30	83	0.76	1.00	若者・家族形成層・次世代コホート	希望↑ 連帯感↑ 自己効力感↑	住居、ケア、教育費、復帰キャリアが実際につながった事例を学校・企業・地域で共有し、少なくとも複数の代表エージェントが「自分たちでも未来を作れる」と感じる経路を観測する。
52	structure_birth_grant_package	E07	ショック	介護需要急増	22	60	0.70	0.80	ケア責任層・地方・現役世代	ケア負担↑ 可処分時間↓ 希望↓	高齢化と家族介護の集中により、若者と現役世代の時間・所得・進路選択が圧迫される。
52	structure_birth_grant_package	E09	ショック	汎用ロボティクス普及による身体労働再編	12	60	0.62	0.75	製造・物流・小売・介護周辺	雇用安定↓ 生活コスト圧力↑	物流、製造、清掃、飲食、建設、介護補助などの身体労働でロボット導入が進み、地域産業と現場職の再編不安が広がる。
52	structure_birth_grant_package	P01	政策	若者住居安定パッケージ	10	83	0.70	1.00	非正規・無業・若年就業	住居安定↑ 希望↑	家賃補助・保証人代替・転居支援を組み合わせ、居住不安を緩和する。
52	structure_birth_grant_package	P02	政策	奨学金負担軽減・所得連動返済	8	83	0.80	1.00	在学層・負債高層	可処分所得↑ 子ども意向↑	返済負担の平準化と減免を導入し、将来投資の先送りを抑制する。
52	structure_birth_grant_package	P03	政策	社会持続活動nat報酬制度	12	83	0.85	1.00	全体	nat獲得↑ 希望↑	学校・地域・介護・防災・制度更新活動を報酬化し、役割喪失を防ぐ。
52	structure_birth_grant_package	P05	政策	地域ケア就労の賃金底上げ	14	83	0.70	1.00	ケア責任層・地方	雇用安定↑ 制度信頼↑	ケア活動を社会基盤労働として扱い、賃金と社会的評価を引き上げる。
52	structure_birth_grant_package	P06	政策	学び直し・移行雇用保証	16	83	0.78	1.00	非正規・無業・自動化影響層	雇用安定↑ 自己効力感↑	訓練と実務移行をセットで保証し、自動化ショックからの回復経路を提供する。
52	structure_birth_grant_package	P07	政策	地方分散インフラ投資	20	83	0.65	1.00	地方層	住居安定↑ 希望↑	交通・医療・通信の更新により、地方での生活可能性を底上げする。
52	structure_birth_grant_package	P08	政策	若年メンタルヘルス即時アクセス	9	83	0.72	1.00	高負荷層	メンタル負荷↓ 希望↑	心理支援への待機時間と費用障壁を下げ、長期離脱を防ぐ。
52	structure_birth_grant_package	P09	政策	学校-企業-地域循環プロジェクト	18	83	0.68	1.00	在学層・若年就業	自己効力感↑ 制度信頼↑	学習内容と地域課題・雇用機会を連結し、努力の手応えを可視化する。
52	structure_birth_grant_package	P10	政策	nat通貨の逆進性補正	30	83	0.60	1.00	低所得層中心	格差↓ 制度信頼↑	nat配分の偏りを是正し、参加機会の不公平を抑える再分配ルールを導入する。
52	structure_birth_grant_package	P11	政策	介護ロボット・在宅支援普及	22	83	0.62	1.00	ケア責任層・地方・子育て初期	ケア負担↓ 可処分時間↑ 希望↑	介護ロボット、見守り、移乗支援、在宅医療接続を公共支援として広げ、家族ケアによる時間制約を緩和する。
52	structure_birth_grant_package	BP01	政策	構造持続型出産一時金の上乗せ	15	60	0.82	1.00	子どもを望む家族形成層・将来家族形成層	子ども意向↑ 家計余力↑ 制度信頼↑	出生実績への成果報酬ではなく、望む人が子どもを迎えられる条件を整える目的で、妊娠・出産・初期育児の実費と所得喪失を一時金で緩衝する。
52	structure_birth_grant_package	BP02	政策	産後休息・代替ケア保障	15	83	0.78	1.00	妊娠出産期・子育て初期・ケア責任層	時間余力↑ メンタル負荷↓ 出生圧力リスク↓	産後の休息、夜間支援、代替ケア、家事育児支援を公的に確保し、家族責任の固定化や母親だけへの負担集中を防ぐ。
52	structure_birth_grant_package	BP03	政策	復帰キャリア・企業負担補正	18	83	0.70	1.00	企業・正規雇用・非正規雇用・子育て初期	雇用安定↑ 企業反発↓ 子ども意向↑	育休復帰、短時間勤務、配置転換、代替人員費を企業だけに背負わせず、構造持続会計で補正し、採用抑制や女性不利益を抑える。
52	structure_birth_grant_package	BP04	政策	家族形成住居・教育費緩衝パッケージ	20	83	0.74	1.00	23-40歳・若者・低中所得層	住居安定↑ 教育費不安↓ 希望↑	住居、保育、教育費の長期不安を束ねて緩衝し、子どもを迎える判断が一時金だけで終わらないよう支える。
52	structure_birth_grant_package	BP05	政策	出生非強制・監査ガードレール	15	83	0.68	1.00	全体	制度信頼↑ 反発↓ moral injury↓	非婚・非出産・単身・養育しない選択を不利益にせず、出生数ではなく選択可能条件を評価対象にする。若者の「産ませたいだけでは」という反発を監査する。
52	structure_birth_grant_package	BP06	政策	財政・インフレ持続性監査	24	83	0.64	1.00	国家・金融・納税者・若者	財政不安↓ 制度信頼↑ 長期予見性↑	一時金と支援の財源、物価影響、対象公平性を継続監査し、金融システムを含む系の持続性が崩れた場合は自動補正する。
52	structure_birth_grant_package	BP07	政策	希望経路の可視化と達成共有	30	83	0.76	1.00	若者・家族形成層・次世代コホート	希望↑ 連帯感↑ 自己効力感↑	住居、ケア、教育費、復帰キャリアが実際につながった事例を学校・企業・地域で共有し、少なくとも複数の代表エージェントが「自分たちでも未来を作れる」と感じる経路を観測する。
53	structure_birth_grant_package	E07	ショック	介護需要急増	22	60	0.70	0.80	ケア責任層・地方・現役世代	ケア負担↑ 可処分時間↓ 希望↓	高齢化と家族介護の集中により、若者と現役世代の時間・所得・進路選択が圧迫される。
53	structure_birth_grant_package	E09	ショック	汎用ロボティクス普及による身体労働再編	12	60	0.62	0.75	製造・物流・小売・介護周辺	雇用安定↓ 生活コスト圧力↑	物流、製造、清掃、飲食、建設、介護補助などの身体労働でロボット導入が進み、地域産業と現場職の再編不安が広がる。
53	structure_birth_grant_package	P01	政策	若者住居安定パッケージ	10	83	0.70	1.00	非正規・無業・若年就業	住居安定↑ 希望↑	家賃補助・保証人代替・転居支援を組み合わせ、居住不安を緩和する。
53	structure_birth_grant_package	P02	政策	奨学金負担軽減・所得連動返済	8	83	0.80	1.00	在学層・負債高層	可処分所得↑ 子ども意向↑	返済負担の平準化と減免を導入し、将来投資の先送りを抑制する。
53	structure_birth_grant_package	P03	政策	社会持続活動nat報酬制度	12	83	0.85	1.00	全体	nat獲得↑ 希望↑	学校・地域・介護・防災・制度更新活動を報酬化し、役割喪失を防ぐ。
53	structure_birth_grant_package	P05	政策	地域ケア就労の賃金底上げ	14	83	0.70	1.00	ケア責任層・地方	雇用安定↑ 制度信頼↑	ケア活動を社会基盤労働として扱い、賃金と社会的評価を引き上げる。
53	structure_birth_grant_package	P06	政策	学び直し・移行雇用保証	16	83	0.78	1.00	非正規・無業・自動化影響層	雇用安定↑ 自己効力感↑	訓練と実務移行をセットで保証し、自動化ショックからの回復経路を提供する。
53	structure_birth_grant_package	P07	政策	地方分散インフラ投資	20	83	0.65	1.00	地方層	住居安定↑ 希望↑	交通・医療・通信の更新により、地方での生活可能性を底上げする。
53	structure_birth_grant_package	P08	政策	若年メンタルヘルス即時アクセス	9	83	0.72	1.00	高負荷層	メンタル負荷↓ 希望↑	心理支援への待機時間と費用障壁を下げ、長期離脱を防ぐ。
53	structure_birth_grant_package	P09	政策	学校-企業-地域循環プロジェクト	18	83	0.68	1.00	在学層・若年就業	自己効力感↑ 制度信頼↑	学習内容と地域課題・雇用機会を連結し、努力の手応えを可視化する。
53	structure_birth_grant_package	P10	政策	nat通貨の逆進性補正	30	83	0.60	1.00	低所得層中心	格差↓ 制度信頼↑	nat配分の偏りを是正し、参加機会の不公平を抑える再分配ルールを導入する。
53	structure_birth_grant_package	P11	政策	介護ロボット・在宅支援普及	22	83	0.62	1.00	ケア責任層・地方・子育て初期	ケア負担↓ 可処分時間↑ 希望↑	介護ロボット、見守り、移乗支援、在宅医療接続を公共支援として広げ、家族ケアによる時間制約を緩和する。
53	structure_birth_grant_package	BP01	政策	構造持続型出産一時金の上乗せ	15	60	0.82	1.00	子どもを望む家族形成層・将来家族形成層	子ども意向↑ 家計余力↑ 制度信頼↑	出生実績への成果報酬ではなく、望む人が子どもを迎えられる条件を整える目的で、妊娠・出産・初期育児の実費と所得喪失を一時金で緩衝する。
53	structure_birth_grant_package	BP02	政策	産後休息・代替ケア保障	15	83	0.78	1.00	妊娠出産期・子育て初期・ケア責任層	時間余力↑ メンタル負荷↓ 出生圧力リスク↓	産後の休息、夜間支援、代替ケア、家事育児支援を公的に確保し、家族責任の固定化や母親だけへの負担集中を防ぐ。
53	structure_birth_grant_package	BP03	政策	復帰キャリア・企業負担補正	18	83	0.70	1.00	企業・正規雇用・非正規雇用・子育て初期	雇用安定↑ 企業反発↓ 子ども意向↑	育休復帰、短時間勤務、配置転換、代替人員費を企業だけに背負わせず、構造持続会計で補正し、採用抑制や女性不利益を抑える。
53	structure_birth_grant_package	BP04	政策	家族形成住居・教育費緩衝パッケージ	20	83	0.74	1.00	23-40歳・若者・低中所得層	住居安定↑ 教育費不安↓ 希望↑	住居、保育、教育費の長期不安を束ねて緩衝し、子どもを迎える判断が一時金だけで終わらないよう支える。
53	structure_birth_grant_package	BP05	政策	出生非強制・監査ガードレール	15	83	0.68	1.00	全体	制度信頼↑ 反発↓ moral injury↓	非婚・非出産・単身・養育しない選択を不利益にせず、出生数ではなく選択可能条件を評価対象にする。若者の「産ませたいだけでは」という反発を監査する。
53	structure_birth_grant_package	BP06	政策	財政・インフレ持続性監査	24	83	0.64	1.00	国家・金融・納税者・若者	財政不安↓ 制度信頼↑ 長期予見性↑	一時金と支援の財源、物価影響、対象公平性を継続監査し、金融システムを含む系の持続性が崩れた場合は自動補正する。
53	structure_birth_grant_package	BP07	政策	希望経路の可視化と達成共有	30	83	0.76	1.00	若者・家族形成層・次世代コホート	希望↑ 連帯感↑ 自己効力感↑	住居、ケア、教育費、復帰キャリアが実際につながった事例を学校・企業・地域で共有し、少なくとも複数の代表エージェントが「自分たちでも未来を作れる」と感じる経路を観測する。
54	structure_birth_grant_package	E07	ショック	介護需要急増	22	60	0.70	0.80	ケア責任層・地方・現役世代	ケア負担↑ 可処分時間↓ 希望↓	高齢化と家族介護の集中により、若者と現役世代の時間・所得・進路選択が圧迫される。
54	structure_birth_grant_package	E09	ショック	汎用ロボティクス普及による身体労働再編	12	60	0.62	0.75	製造・物流・小売・介護周辺	雇用安定↓ 生活コスト圧力↑	物流、製造、清掃、飲食、建設、介護補助などの身体労働でロボット導入が進み、地域産業と現場職の再編不安が広がる。
54	structure_birth_grant_package	P01	政策	若者住居安定パッケージ	10	83	0.70	1.00	非正規・無業・若年就業	住居安定↑ 希望↑	家賃補助・保証人代替・転居支援を組み合わせ、居住不安を緩和する。
54	structure_birth_grant_package	P02	政策	奨学金負担軽減・所得連動返済	8	83	0.80	1.00	在学層・負債高層	可処分所得↑ 子ども意向↑	返済負担の平準化と減免を導入し、将来投資の先送りを抑制する。
54	structure_birth_grant_package	P03	政策	社会持続活動nat報酬制度	12	83	0.85	1.00	全体	nat獲得↑ 希望↑	学校・地域・介護・防災・制度更新活動を報酬化し、役割喪失を防ぐ。
54	structure_birth_grant_package	P05	政策	地域ケア就労の賃金底上げ	14	83	0.70	1.00	ケア責任層・地方	雇用安定↑ 制度信頼↑	ケア活動を社会基盤労働として扱い、賃金と社会的評価を引き上げる。
54	structure_birth_grant_package	P06	政策	学び直し・移行雇用保証	16	83	0.78	1.00	非正規・無業・自動化影響層	雇用安定↑ 自己効力感↑	訓練と実務移行をセットで保証し、自動化ショックからの回復経路を提供する。
54	structure_birth_grant_package	P07	政策	地方分散インフラ投資	20	83	0.65	1.00	地方層	住居安定↑ 希望↑	交通・医療・通信の更新により、地方での生活可能性を底上げする。
54	structure_birth_grant_package	P08	政策	若年メンタルヘルス即時アクセス	9	83	0.72	1.00	高負荷層	メンタル負荷↓ 希望↑	心理支援への待機時間と費用障壁を下げ、長期離脱を防ぐ。
54	structure_birth_grant_package	P09	政策	学校-企業-地域循環プロジェクト	18	83	0.68	1.00	在学層・若年就業	自己効力感↑ 制度信頼↑	学習内容と地域課題・雇用機会を連結し、努力の手応えを可視化する。
54	structure_birth_grant_package	P10	政策	nat通貨の逆進性補正	30	83	0.60	1.00	低所得層中心	格差↓ 制度信頼↑	nat配分の偏りを是正し、参加機会の不公平を抑える再分配ルールを導入する。
54	structure_birth_grant_package	P11	政策	介護ロボット・在宅支援普及	22	83	0.62	1.00	ケア責任層・地方・子育て初期	ケア負担↓ 可処分時間↑ 希望↑	介護ロボット、見守り、移乗支援、在宅医療接続を公共支援として広げ、家族ケアによる時間制約を緩和する。
54	structure_birth_grant_package	BP01	政策	構造持続型出産一時金の上乗せ	15	60	0.82	1.00	子どもを望む家族形成層・将来家族形成層	子ども意向↑ 家計余力↑ 制度信頼↑	出生実績への成果報酬ではなく、望む人が子どもを迎えられる条件を整える目的で、妊娠・出産・初期育児の実費と所得喪失を一時金で緩衝する。
54	structure_birth_grant_package	BP02	政策	産後休息・代替ケア保障	15	83	0.78	1.00	妊娠出産期・子育て初期・ケア責任層	時間余力↑ メンタル負荷↓ 出生圧力リスク↓	産後の休息、夜間支援、代替ケア、家事育児支援を公的に確保し、家族責任の固定化や母親だけへの負担集中を防ぐ。
54	structure_birth_grant_package	BP03	政策	復帰キャリア・企業負担補正	18	83	0.70	1.00	企業・正規雇用・非正規雇用・子育て初期	雇用安定↑ 企業反発↓ 子ども意向↑	育休復帰、短時間勤務、配置転換、代替人員費を企業だけに背負わせず、構造持続会計で補正し、採用抑制や女性不利益を抑える。
54	structure_birth_grant_package	BP04	政策	家族形成住居・教育費緩衝パッケージ	20	83	0.74	1.00	23-40歳・若者・低中所得層	住居安定↑ 教育費不安↓ 希望↑	住居、保育、教育費の長期不安を束ねて緩衝し、子どもを迎える判断が一時金だけで終わらないよう支える。
54	structure_birth_grant_package	BP05	政策	出生非強制・監査ガードレール	15	83	0.68	1.00	全体	制度信頼↑ 反発↓ moral injury↓	非婚・非出産・単身・養育しない選択を不利益にせず、出生数ではなく選択可能条件を評価対象にする。若者の「産ませたいだけでは」という反発を監査する。
54	structure_birth_grant_package	BP06	政策	財政・インフレ持続性監査	24	83	0.64	1.00	国家・金融・納税者・若者	財政不安↓ 制度信頼↑ 長期予見性↑	一時金と支援の財源、物価影響、対象公平性を継続監査し、金融システムを含む系の持続性が崩れた場合は自動補正する。
54	structure_birth_grant_package	BP07	政策	希望経路の可視化と達成共有	30	83	0.76	1.00	若者・家族形成層・次世代コホート	希望↑ 連帯感↑ 自己効力感↑	住居、ケア、教育費、復帰キャリアが実際につながった事例を学校・企業・地域で共有し、少なくとも複数の代表エージェントが「自分たちでも未来を作れる」と感じる経路を観測する。
55	structure_birth_grant_package	E07	ショック	介護需要急増	22	60	0.70	0.80	ケア責任層・地方・現役世代	ケア負担↑ 可処分時間↓ 希望↓	高齢化と家族介護の集中により、若者と現役世代の時間・所得・進路選択が圧迫される。
55	structure_birth_grant_package	E09	ショック	汎用ロボティクス普及による身体労働再編	12	60	0.62	0.75	製造・物流・小売・介護周辺	雇用安定↓ 生活コスト圧力↑	物流、製造、清掃、飲食、建設、介護補助などの身体労働でロボット導入が進み、地域産業と現場職の再編不安が広がる。
55	structure_birth_grant_package	P01	政策	若者住居安定パッケージ	10	83	0.70	1.00	非正規・無業・若年就業	住居安定↑ 希望↑	家賃補助・保証人代替・転居支援を組み合わせ、居住不安を緩和する。
55	structure_birth_grant_package	P02	政策	奨学金負担軽減・所得連動返済	8	83	0.80	1.00	在学層・負債高層	可処分所得↑ 子ども意向↑	返済負担の平準化と減免を導入し、将来投資の先送りを抑制する。
55	structure_birth_grant_package	P03	政策	社会持続活動nat報酬制度	12	83	0.85	1.00	全体	nat獲得↑ 希望↑	学校・地域・介護・防災・制度更新活動を報酬化し、役割喪失を防ぐ。
55	structure_birth_grant_package	P05	政策	地域ケア就労の賃金底上げ	14	83	0.70	1.00	ケア責任層・地方	雇用安定↑ 制度信頼↑	ケア活動を社会基盤労働として扱い、賃金と社会的評価を引き上げる。
55	structure_birth_grant_package	P06	政策	学び直し・移行雇用保証	16	83	0.78	1.00	非正規・無業・自動化影響層	雇用安定↑ 自己効力感↑	訓練と実務移行をセットで保証し、自動化ショックからの回復経路を提供する。
55	structure_birth_grant_package	P07	政策	地方分散インフラ投資	20	83	0.65	1.00	地方層	住居安定↑ 希望↑	交通・医療・通信の更新により、地方での生活可能性を底上げする。
55	structure_birth_grant_package	P08	政策	若年メンタルヘルス即時アクセス	9	83	0.72	1.00	高負荷層	メンタル負荷↓ 希望↑	心理支援への待機時間と費用障壁を下げ、長期離脱を防ぐ。
55	structure_birth_grant_package	P09	政策	学校-企業-地域循環プロジェクト	18	83	0.68	1.00	在学層・若年就業	自己効力感↑ 制度信頼↑	学習内容と地域課題・雇用機会を連結し、努力の手応えを可視化する。
55	structure_birth_grant_package	P10	政策	nat通貨の逆進性補正	30	83	0.60	1.00	低所得層中心	格差↓ 制度信頼↑	nat配分の偏りを是正し、参加機会の不公平を抑える再分配ルールを導入する。
55	structure_birth_grant_package	P11	政策	介護ロボット・在宅支援普及	22	83	0.62	1.00	ケア責任層・地方・子育て初期	ケア負担↓ 可処分時間↑ 希望↑	介護ロボット、見守り、移乗支援、在宅医療接続を公共支援として広げ、家族ケアによる時間制約を緩和する。
55	structure_birth_grant_package	BP01	政策	構造持続型出産一時金の上乗せ	15	60	0.82	1.00	子どもを望む家族形成層・将来家族形成層	子ども意向↑ 家計余力↑ 制度信頼↑	出生実績への成果報酬ではなく、望む人が子どもを迎えられる条件を整える目的で、妊娠・出産・初期育児の実費と所得喪失を一時金で緩衝する。
55	structure_birth_grant_package	BP02	政策	産後休息・代替ケア保障	15	83	0.78	1.00	妊娠出産期・子育て初期・ケア責任層	時間余力↑ メンタル負荷↓ 出生圧力リスク↓	産後の休息、夜間支援、代替ケア、家事育児支援を公的に確保し、家族責任の固定化や母親だけへの負担集中を防ぐ。
55	structure_birth_grant_package	BP03	政策	復帰キャリア・企業負担補正	18	83	0.70	1.00	企業・正規雇用・非正規雇用・子育て初期	雇用安定↑ 企業反発↓ 子ども意向↑	育休復帰、短時間勤務、配置転換、代替人員費を企業だけに背負わせず、構造持続会計で補正し、採用抑制や女性不利益を抑える。
55	structure_birth_grant_package	BP04	政策	家族形成住居・教育費緩衝パッケージ	20	83	0.74	1.00	23-40歳・若者・低中所得層	住居安定↑ 教育費不安↓ 希望↑	住居、保育、教育費の長期不安を束ねて緩衝し、子どもを迎える判断が一時金だけで終わらないよう支える。
55	structure_birth_grant_package	BP05	政策	出生非強制・監査ガードレール	15	83	0.68	1.00	全体	制度信頼↑ 反発↓ moral injury↓	非婚・非出産・単身・養育しない選択を不利益にせず、出生数ではなく選択可能条件を評価対象にする。若者の「産ませたいだけでは」という反発を監査する。
55	structure_birth_grant_package	BP06	政策	財政・インフレ持続性監査	24	83	0.64	1.00	国家・金融・納税者・若者	財政不安↓ 制度信頼↑ 長期予見性↑	一時金と支援の財源、物価影響、対象公平性を継続監査し、金融システムを含む系の持続性が崩れた場合は自動補正する。
55	structure_birth_grant_package	BP07	政策	希望経路の可視化と達成共有	30	83	0.76	1.00	若者・家族形成層・次世代コホート	希望↑ 連帯感↑ 自己効力感↑	住居、ケア、教育費、復帰キャリアが実際につながった事例を学校・企業・地域で共有し、少なくとも複数の代表エージェントが「自分たちでも未来を作れる」と感じる経路を観測する。
56	structure_birth_grant_package	E07	ショック	介護需要急増	22	60	0.70	0.80	ケア責任層・地方・現役世代	ケア負担↑ 可処分時間↓ 希望↓	高齢化と家族介護の集中により、若者と現役世代の時間・所得・進路選択が圧迫される。
56	structure_birth_grant_package	E09	ショック	汎用ロボティクス普及による身体労働再編	12	60	0.62	0.75	製造・物流・小売・介護周辺	雇用安定↓ 生活コスト圧力↑	物流、製造、清掃、飲食、建設、介護補助などの身体労働でロボット導入が進み、地域産業と現場職の再編不安が広がる。
56	structure_birth_grant_package	P01	政策	若者住居安定パッケージ	10	83	0.70	1.00	非正規・無業・若年就業	住居安定↑ 希望↑	家賃補助・保証人代替・転居支援を組み合わせ、居住不安を緩和する。
56	structure_birth_grant_package	P02	政策	奨学金負担軽減・所得連動返済	8	83	0.80	1.00	在学層・負債高層	可処分所得↑ 子ども意向↑	返済負担の平準化と減免を導入し、将来投資の先送りを抑制する。
56	structure_birth_grant_package	P03	政策	社会持続活動nat報酬制度	12	83	0.85	1.00	全体	nat獲得↑ 希望↑	学校・地域・介護・防災・制度更新活動を報酬化し、役割喪失を防ぐ。
56	structure_birth_grant_package	P05	政策	地域ケア就労の賃金底上げ	14	83	0.70	1.00	ケア責任層・地方	雇用安定↑ 制度信頼↑	ケア活動を社会基盤労働として扱い、賃金と社会的評価を引き上げる。
56	structure_birth_grant_package	P06	政策	学び直し・移行雇用保証	16	83	0.78	1.00	非正規・無業・自動化影響層	雇用安定↑ 自己効力感↑	訓練と実務移行をセットで保証し、自動化ショックからの回復経路を提供する。
56	structure_birth_grant_package	P07	政策	地方分散インフラ投資	20	83	0.65	1.00	地方層	住居安定↑ 希望↑	交通・医療・通信の更新により、地方での生活可能性を底上げする。
56	structure_birth_grant_package	P08	政策	若年メンタルヘルス即時アクセス	9	83	0.72	1.00	高負荷層	メンタル負荷↓ 希望↑	心理支援への待機時間と費用障壁を下げ、長期離脱を防ぐ。
56	structure_birth_grant_package	P09	政策	学校-企業-地域循環プロジェクト	18	83	0.68	1.00	在学層・若年就業	自己効力感↑ 制度信頼↑	学習内容と地域課題・雇用機会を連結し、努力の手応えを可視化する。
56	structure_birth_grant_package	P10	政策	nat通貨の逆進性補正	30	83	0.60	1.00	低所得層中心	格差↓ 制度信頼↑	nat配分の偏りを是正し、参加機会の不公平を抑える再分配ルールを導入する。
56	structure_birth_grant_package	P11	政策	介護ロボット・在宅支援普及	22	83	0.62	1.00	ケア責任層・地方・子育て初期	ケア負担↓ 可処分時間↑ 希望↑	介護ロボット、見守り、移乗支援、在宅医療接続を公共支援として広げ、家族ケアによる時間制約を緩和する。
56	structure_birth_grant_package	BP01	政策	構造持続型出産一時金の上乗せ	15	60	0.82	1.00	子どもを望む家族形成層・将来家族形成層	子ども意向↑ 家計余力↑ 制度信頼↑	出生実績への成果報酬ではなく、望む人が子どもを迎えられる条件を整える目的で、妊娠・出産・初期育児の実費と所得喪失を一時金で緩衝する。
56	structure_birth_grant_package	BP02	政策	産後休息・代替ケア保障	15	83	0.78	1.00	妊娠出産期・子育て初期・ケア責任層	時間余力↑ メンタル負荷↓ 出生圧力リスク↓	産後の休息、夜間支援、代替ケア、家事育児支援を公的に確保し、家族責任の固定化や母親だけへの負担集中を防ぐ。
56	structure_birth_grant_package	BP03	政策	復帰キャリア・企業負担補正	18	83	0.70	1.00	企業・正規雇用・非正規雇用・子育て初期	雇用安定↑ 企業反発↓ 子ども意向↑	育休復帰、短時間勤務、配置転換、代替人員費を企業だけに背負わせず、構造持続会計で補正し、採用抑制や女性不利益を抑える。
56	structure_birth_grant_package	BP04	政策	家族形成住居・教育費緩衝パッケージ	20	83	0.74	1.00	23-40歳・若者・低中所得層	住居安定↑ 教育費不安↓ 希望↑	住居、保育、教育費の長期不安を束ねて緩衝し、子どもを迎える判断が一時金だけで終わらないよう支える。
56	structure_birth_grant_package	BP05	政策	出生非強制・監査ガードレール	15	83	0.68	1.00	全体	制度信頼↑ 反発↓ moral injury↓	非婚・非出産・単身・養育しない選択を不利益にせず、出生数ではなく選択可能条件を評価対象にする。若者の「産ませたいだけでは」という反発を監査する。
56	structure_birth_grant_package	BP06	政策	財政・インフレ持続性監査	24	83	0.64	1.00	国家・金融・納税者・若者	財政不安↓ 制度信頼↑ 長期予見性↑	一時金と支援の財源、物価影響、対象公平性を継続監査し、金融システムを含む系の持続性が崩れた場合は自動補正する。
56	structure_birth_grant_package	BP07	政策	希望経路の可視化と達成共有	30	83	0.76	1.00	若者・家族形成層・次世代コホート	希望↑ 連帯感↑ 自己効力感↑	住居、ケア、教育費、復帰キャリアが実際につながった事例を学校・企業・地域で共有し、少なくとも複数の代表エージェントが「自分たちでも未来を作れる」と感じる経路を観測する。
57	structure_birth_grant_package	E07	ショック	介護需要急増	22	60	0.70	0.80	ケア責任層・地方・現役世代	ケア負担↑ 可処分時間↓ 希望↓	高齢化と家族介護の集中により、若者と現役世代の時間・所得・進路選択が圧迫される。
57	structure_birth_grant_package	E09	ショック	汎用ロボティクス普及による身体労働再編	12	60	0.62	0.75	製造・物流・小売・介護周辺	雇用安定↓ 生活コスト圧力↑	物流、製造、清掃、飲食、建設、介護補助などの身体労働でロボット導入が進み、地域産業と現場職の再編不安が広がる。
57	structure_birth_grant_package	P01	政策	若者住居安定パッケージ	10	83	0.70	1.00	非正規・無業・若年就業	住居安定↑ 希望↑	家賃補助・保証人代替・転居支援を組み合わせ、居住不安を緩和する。
57	structure_birth_grant_package	P02	政策	奨学金負担軽減・所得連動返済	8	83	0.80	1.00	在学層・負債高層	可処分所得↑ 子ども意向↑	返済負担の平準化と減免を導入し、将来投資の先送りを抑制する。
57	structure_birth_grant_package	P03	政策	社会持続活動nat報酬制度	12	83	0.85	1.00	全体	nat獲得↑ 希望↑	学校・地域・介護・防災・制度更新活動を報酬化し、役割喪失を防ぐ。
57	structure_birth_grant_package	P05	政策	地域ケア就労の賃金底上げ	14	83	0.70	1.00	ケア責任層・地方	雇用安定↑ 制度信頼↑	ケア活動を社会基盤労働として扱い、賃金と社会的評価を引き上げる。
57	structure_birth_grant_package	P06	政策	学び直し・移行雇用保証	16	83	0.78	1.00	非正規・無業・自動化影響層	雇用安定↑ 自己効力感↑	訓練と実務移行をセットで保証し、自動化ショックからの回復経路を提供する。
57	structure_birth_grant_package	P07	政策	地方分散インフラ投資	20	83	0.65	1.00	地方層	住居安定↑ 希望↑	交通・医療・通信の更新により、地方での生活可能性を底上げする。
57	structure_birth_grant_package	P08	政策	若年メンタルヘルス即時アクセス	9	83	0.72	1.00	高負荷層	メンタル負荷↓ 希望↑	心理支援への待機時間と費用障壁を下げ、長期離脱を防ぐ。
57	structure_birth_grant_package	P09	政策	学校-企業-地域循環プロジェクト	18	83	0.68	1.00	在学層・若年就業	自己効力感↑ 制度信頼↑	学習内容と地域課題・雇用機会を連結し、努力の手応えを可視化する。
57	structure_birth_grant_package	P10	政策	nat通貨の逆進性補正	30	83	0.60	1.00	低所得層中心	格差↓ 制度信頼↑	nat配分の偏りを是正し、参加機会の不公平を抑える再分配ルールを導入する。
57	structure_birth_grant_package	P11	政策	介護ロボット・在宅支援普及	22	83	0.62	1.00	ケア責任層・地方・子育て初期	ケア負担↓ 可処分時間↑ 希望↑	介護ロボット、見守り、移乗支援、在宅医療接続を公共支援として広げ、家族ケアによる時間制約を緩和する。
57	structure_birth_grant_package	BP01	政策	構造持続型出産一時金の上乗せ	15	60	0.82	1.00	子どもを望む家族形成層・将来家族形成層	子ども意向↑ 家計余力↑ 制度信頼↑	出生実績への成果報酬ではなく、望む人が子どもを迎えられる条件を整える目的で、妊娠・出産・初期育児の実費と所得喪失を一時金で緩衝する。
57	structure_birth_grant_package	BP02	政策	産後休息・代替ケア保障	15	83	0.78	1.00	妊娠出産期・子育て初期・ケア責任層	時間余力↑ メンタル負荷↓ 出生圧力リスク↓	産後の休息、夜間支援、代替ケア、家事育児支援を公的に確保し、家族責任の固定化や母親だけへの負担集中を防ぐ。
57	structure_birth_grant_package	BP03	政策	復帰キャリア・企業負担補正	18	83	0.70	1.00	企業・正規雇用・非正規雇用・子育て初期	雇用安定↑ 企業反発↓ 子ども意向↑	育休復帰、短時間勤務、配置転換、代替人員費を企業だけに背負わせず、構造持続会計で補正し、採用抑制や女性不利益を抑える。
57	structure_birth_grant_package	BP04	政策	家族形成住居・教育費緩衝パッケージ	20	83	0.74	1.00	23-40歳・若者・低中所得層	住居安定↑ 教育費不安↓ 希望↑	住居、保育、教育費の長期不安を束ねて緩衝し、子どもを迎える判断が一時金だけで終わらないよう支える。
57	structure_birth_grant_package	BP05	政策	出生非強制・監査ガードレール	15	83	0.68	1.00	全体	制度信頼↑ 反発↓ moral injury↓	非婚・非出産・単身・養育しない選択を不利益にせず、出生数ではなく選択可能条件を評価対象にする。若者の「産ませたいだけでは」という反発を監査する。
57	structure_birth_grant_package	BP06	政策	財政・インフレ持続性監査	24	83	0.64	1.00	国家・金融・納税者・若者	財政不安↓ 制度信頼↑ 長期予見性↑	一時金と支援の財源、物価影響、対象公平性を継続監査し、金融システムを含む系の持続性が崩れた場合は自動補正する。
57	structure_birth_grant_package	BP07	政策	希望経路の可視化と達成共有	30	83	0.76	1.00	若者・家族形成層・次世代コホート	希望↑ 連帯感↑ 自己効力感↑	住居、ケア、教育費、復帰キャリアが実際につながった事例を学校・企業・地域で共有し、少なくとも複数の代表エージェントが「自分たちでも未来を作れる」と感じる経路を観測する。
58	structure_birth_grant_package	E07	ショック	介護需要急増	22	60	0.70	0.80	ケア責任層・地方・現役世代	ケア負担↑ 可処分時間↓ 希望↓	高齢化と家族介護の集中により、若者と現役世代の時間・所得・進路選択が圧迫される。
58	structure_birth_grant_package	E09	ショック	汎用ロボティクス普及による身体労働再編	12	60	0.62	0.75	製造・物流・小売・介護周辺	雇用安定↓ 生活コスト圧力↑	物流、製造、清掃、飲食、建設、介護補助などの身体労働でロボット導入が進み、地域産業と現場職の再編不安が広がる。
58	structure_birth_grant_package	P01	政策	若者住居安定パッケージ	10	83	0.70	1.00	非正規・無業・若年就業	住居安定↑ 希望↑	家賃補助・保証人代替・転居支援を組み合わせ、居住不安を緩和する。
58	structure_birth_grant_package	P02	政策	奨学金負担軽減・所得連動返済	8	83	0.80	1.00	在学層・負債高層	可処分所得↑ 子ども意向↑	返済負担の平準化と減免を導入し、将来投資の先送りを抑制する。
58	structure_birth_grant_package	P03	政策	社会持続活動nat報酬制度	12	83	0.85	1.00	全体	nat獲得↑ 希望↑	学校・地域・介護・防災・制度更新活動を報酬化し、役割喪失を防ぐ。
58	structure_birth_grant_package	P05	政策	地域ケア就労の賃金底上げ	14	83	0.70	1.00	ケア責任層・地方	雇用安定↑ 制度信頼↑	ケア活動を社会基盤労働として扱い、賃金と社会的評価を引き上げる。
58	structure_birth_grant_package	P06	政策	学び直し・移行雇用保証	16	83	0.78	1.00	非正規・無業・自動化影響層	雇用安定↑ 自己効力感↑	訓練と実務移行をセットで保証し、自動化ショックからの回復経路を提供する。
58	structure_birth_grant_package	P07	政策	地方分散インフラ投資	20	83	0.65	1.00	地方層	住居安定↑ 希望↑	交通・医療・通信の更新により、地方での生活可能性を底上げする。
58	structure_birth_grant_package	P08	政策	若年メンタルヘルス即時アクセス	9	83	0.72	1.00	高負荷層	メンタル負荷↓ 希望↑	心理支援への待機時間と費用障壁を下げ、長期離脱を防ぐ。
58	structure_birth_grant_package	P09	政策	学校-企業-地域循環プロジェクト	18	83	0.68	1.00	在学層・若年就業	自己効力感↑ 制度信頼↑	学習内容と地域課題・雇用機会を連結し、努力の手応えを可視化する。
58	structure_birth_grant_package	P10	政策	nat通貨の逆進性補正	30	83	0.60	1.00	低所得層中心	格差↓ 制度信頼↑	nat配分の偏りを是正し、参加機会の不公平を抑える再分配ルールを導入する。
58	structure_birth_grant_package	P11	政策	介護ロボット・在宅支援普及	22	83	0.62	1.00	ケア責任層・地方・子育て初期	ケア負担↓ 可処分時間↑ 希望↑	介護ロボット、見守り、移乗支援、在宅医療接続を公共支援として広げ、家族ケアによる時間制約を緩和する。
58	structure_birth_grant_package	BP01	政策	構造持続型出産一時金の上乗せ	15	60	0.82	1.00	子どもを望む家族形成層・将来家族形成層	子ども意向↑ 家計余力↑ 制度信頼↑	出生実績への成果報酬ではなく、望む人が子どもを迎えられる条件を整える目的で、妊娠・出産・初期育児の実費と所得喪失を一時金で緩衝する。
58	structure_birth_grant_package	BP02	政策	産後休息・代替ケア保障	15	83	0.78	1.00	妊娠出産期・子育て初期・ケア責任層	時間余力↑ メンタル負荷↓ 出生圧力リスク↓	産後の休息、夜間支援、代替ケア、家事育児支援を公的に確保し、家族責任の固定化や母親だけへの負担集中を防ぐ。
58	structure_birth_grant_package	BP03	政策	復帰キャリア・企業負担補正	18	83	0.70	1.00	企業・正規雇用・非正規雇用・子育て初期	雇用安定↑ 企業反発↓ 子ども意向↑	育休復帰、短時間勤務、配置転換、代替人員費を企業だけに背負わせず、構造持続会計で補正し、採用抑制や女性不利益を抑える。
58	structure_birth_grant_package	BP04	政策	家族形成住居・教育費緩衝パッケージ	20	83	0.74	1.00	23-40歳・若者・低中所得層	住居安定↑ 教育費不安↓ 希望↑	住居、保育、教育費の長期不安を束ねて緩衝し、子どもを迎える判断が一時金だけで終わらないよう支える。
58	structure_birth_grant_package	BP05	政策	出生非強制・監査ガードレール	15	83	0.68	1.00	全体	制度信頼↑ 反発↓ moral injury↓	非婚・非出産・単身・養育しない選択を不利益にせず、出生数ではなく選択可能条件を評価対象にする。若者の「産ませたいだけでは」という反発を監査する。
58	structure_birth_grant_package	BP06	政策	財政・インフレ持続性監査	24	83	0.64	1.00	国家・金融・納税者・若者	財政不安↓ 制度信頼↑ 長期予見性↑	一時金と支援の財源、物価影響、対象公平性を継続監査し、金融システムを含む系の持続性が崩れた場合は自動補正する。
58	structure_birth_grant_package	BP07	政策	希望経路の可視化と達成共有	30	83	0.76	1.00	若者・家族形成層・次世代コホート	希望↑ 連帯感↑ 自己効力感↑	住居、ケア、教育費、復帰キャリアが実際につながった事例を学校・企業・地域で共有し、少なくとも複数の代表エージェントが「自分たちでも未来を作れる」と感じる経路を観測する。
59	structure_birth_grant_package	E07	ショック	介護需要急増	22	60	0.70	0.80	ケア責任層・地方・現役世代	ケア負担↑ 可処分時間↓ 希望↓	高齢化と家族介護の集中により、若者と現役世代の時間・所得・進路選択が圧迫される。
59	structure_birth_grant_package	E09	ショック	汎用ロボティクス普及による身体労働再編	12	60	0.62	0.75	製造・物流・小売・介護周辺	雇用安定↓ 生活コスト圧力↑	物流、製造、清掃、飲食、建設、介護補助などの身体労働でロボット導入が進み、地域産業と現場職の再編不安が広がる。
59	structure_birth_grant_package	P01	政策	若者住居安定パッケージ	10	83	0.70	1.00	非正規・無業・若年就業	住居安定↑ 希望↑	家賃補助・保証人代替・転居支援を組み合わせ、居住不安を緩和する。
59	structure_birth_grant_package	P02	政策	奨学金負担軽減・所得連動返済	8	83	0.80	1.00	在学層・負債高層	可処分所得↑ 子ども意向↑	返済負担の平準化と減免を導入し、将来投資の先送りを抑制する。
59	structure_birth_grant_package	P03	政策	社会持続活動nat報酬制度	12	83	0.85	1.00	全体	nat獲得↑ 希望↑	学校・地域・介護・防災・制度更新活動を報酬化し、役割喪失を防ぐ。
59	structure_birth_grant_package	P05	政策	地域ケア就労の賃金底上げ	14	83	0.70	1.00	ケア責任層・地方	雇用安定↑ 制度信頼↑	ケア活動を社会基盤労働として扱い、賃金と社会的評価を引き上げる。
59	structure_birth_grant_package	P06	政策	学び直し・移行雇用保証	16	83	0.78	1.00	非正規・無業・自動化影響層	雇用安定↑ 自己効力感↑	訓練と実務移行をセットで保証し、自動化ショックからの回復経路を提供する。
59	structure_birth_grant_package	P07	政策	地方分散インフラ投資	20	83	0.65	1.00	地方層	住居安定↑ 希望↑	交通・医療・通信の更新により、地方での生活可能性を底上げする。
59	structure_birth_grant_package	P08	政策	若年メンタルヘルス即時アクセス	9	83	0.72	1.00	高負荷層	メンタル負荷↓ 希望↑	心理支援への待機時間と費用障壁を下げ、長期離脱を防ぐ。
59	structure_birth_grant_package	P09	政策	学校-企業-地域循環プロジェクト	18	83	0.68	1.00	在学層・若年就業	自己効力感↑ 制度信頼↑	学習内容と地域課題・雇用機会を連結し、努力の手応えを可視化する。
59	structure_birth_grant_package	P10	政策	nat通貨の逆進性補正	30	83	0.60	1.00	低所得層中心	格差↓ 制度信頼↑	nat配分の偏りを是正し、参加機会の不公平を抑える再分配ルールを導入する。
59	structure_birth_grant_package	P11	政策	介護ロボット・在宅支援普及	22	83	0.62	1.00	ケア責任層・地方・子育て初期	ケア負担↓ 可処分時間↑ 希望↑	介護ロボット、見守り、移乗支援、在宅医療接続を公共支援として広げ、家族ケアによる時間制約を緩和する。
59	structure_birth_grant_package	BP01	政策	構造持続型出産一時金の上乗せ	15	60	0.82	1.00	子どもを望む家族形成層・将来家族形成層	子ども意向↑ 家計余力↑ 制度信頼↑	出生実績への成果報酬ではなく、望む人が子どもを迎えられる条件を整える目的で、妊娠・出産・初期育児の実費と所得喪失を一時金で緩衝する。
59	structure_birth_grant_package	BP02	政策	産後休息・代替ケア保障	15	83	0.78	1.00	妊娠出産期・子育て初期・ケア責任層	時間余力↑ メンタル負荷↓ 出生圧力リスク↓	産後の休息、夜間支援、代替ケア、家事育児支援を公的に確保し、家族責任の固定化や母親だけへの負担集中を防ぐ。
59	structure_birth_grant_package	BP03	政策	復帰キャリア・企業負担補正	18	83	0.70	1.00	企業・正規雇用・非正規雇用・子育て初期	雇用安定↑ 企業反発↓ 子ども意向↑	育休復帰、短時間勤務、配置転換、代替人員費を企業だけに背負わせず、構造持続会計で補正し、採用抑制や女性不利益を抑える。
59	structure_birth_grant_package	BP04	政策	家族形成住居・教育費緩衝パッケージ	20	83	0.74	1.00	23-40歳・若者・低中所得層	住居安定↑ 教育費不安↓ 希望↑	住居、保育、教育費の長期不安を束ねて緩衝し、子どもを迎える判断が一時金だけで終わらないよう支える。
59	structure_birth_grant_package	BP05	政策	出生非強制・監査ガードレール	15	83	0.68	1.00	全体	制度信頼↑ 反発↓ moral injury↓	非婚・非出産・単身・養育しない選択を不利益にせず、出生数ではなく選択可能条件を評価対象にする。若者の「産ませたいだけでは」という反発を監査する。
59	structure_birth_grant_package	BP06	政策	財政・インフレ持続性監査	24	83	0.64	1.00	国家・金融・納税者・若者	財政不安↓ 制度信頼↑ 長期予見性↑	一時金と支援の財源、物価影響、対象公平性を継続監査し、金融システムを含む系の持続性が崩れた場合は自動補正する。
59	structure_birth_grant_package	BP07	政策	希望経路の可視化と達成共有	30	83	0.76	1.00	若者・家族形成層・次世代コホート	希望↑ 連帯感↑ 自己効力感↑	住居、ケア、教育費、復帰キャリアが実際につながった事例を学校・企業・地域で共有し、少なくとも複数の代表エージェントが「自分たちでも未来を作れる」と感じる経路を観測する。
60	structure_birth_grant_package	E07	ショック	介護需要急増	22	60	0.70	0.80	ケア責任層・地方・現役世代	ケア負担↑ 可処分時間↓ 希望↓	高齢化と家族介護の集中により、若者と現役世代の時間・所得・進路選択が圧迫される。
60	structure_birth_grant_package	E09	ショック	汎用ロボティクス普及による身体労働再編	12	60	0.62	0.75	製造・物流・小売・介護周辺	雇用安定↓ 生活コスト圧力↑	物流、製造、清掃、飲食、建設、介護補助などの身体労働でロボット導入が進み、地域産業と現場職の再編不安が広がる。
60	structure_birth_grant_package	P01	政策	若者住居安定パッケージ	10	83	0.70	1.00	非正規・無業・若年就業	住居安定↑ 希望↑	家賃補助・保証人代替・転居支援を組み合わせ、居住不安を緩和する。
60	structure_birth_grant_package	P02	政策	奨学金負担軽減・所得連動返済	8	83	0.80	1.00	在学層・負債高層	可処分所得↑ 子ども意向↑	返済負担の平準化と減免を導入し、将来投資の先送りを抑制する。
60	structure_birth_grant_package	P03	政策	社会持続活動nat報酬制度	12	83	0.85	1.00	全体	nat獲得↑ 希望↑	学校・地域・介護・防災・制度更新活動を報酬化し、役割喪失を防ぐ。
60	structure_birth_grant_package	P05	政策	地域ケア就労の賃金底上げ	14	83	0.70	1.00	ケア責任層・地方	雇用安定↑ 制度信頼↑	ケア活動を社会基盤労働として扱い、賃金と社会的評価を引き上げる。
60	structure_birth_grant_package	P06	政策	学び直し・移行雇用保証	16	83	0.78	1.00	非正規・無業・自動化影響層	雇用安定↑ 自己効力感↑	訓練と実務移行をセットで保証し、自動化ショックからの回復経路を提供する。
60	structure_birth_grant_package	P07	政策	地方分散インフラ投資	20	83	0.65	1.00	地方層	住居安定↑ 希望↑	交通・医療・通信の更新により、地方での生活可能性を底上げする。
60	structure_birth_grant_package	P08	政策	若年メンタルヘルス即時アクセス	9	83	0.72	1.00	高負荷層	メンタル負荷↓ 希望↑	心理支援への待機時間と費用障壁を下げ、長期離脱を防ぐ。
60	structure_birth_grant_package	P09	政策	学校-企業-地域循環プロジェクト	18	83	0.68	1.00	在学層・若年就業	自己効力感↑ 制度信頼↑	学習内容と地域課題・雇用機会を連結し、努力の手応えを可視化する。
60	structure_birth_grant_package	P10	政策	nat通貨の逆進性補正	30	83	0.60	1.00	低所得層中心	格差↓ 制度信頼↑	nat配分の偏りを是正し、参加機会の不公平を抑える再分配ルールを導入する。
60	structure_birth_grant_package	P11	政策	介護ロボット・在宅支援普及	22	83	0.62	1.00	ケア責任層・地方・子育て初期	ケア負担↓ 可処分時間↑ 希望↑	介護ロボット、見守り、移乗支援、在宅医療接続を公共支援として広げ、家族ケアによる時間制約を緩和する。
60	structure_birth_grant_package	BP01	政策	構造持続型出産一時金の上乗せ	15	60	0.82	1.00	子どもを望む家族形成層・将来家族形成層	子ども意向↑ 家計余力↑ 制度信頼↑	出生実績への成果報酬ではなく、望む人が子どもを迎えられる条件を整える目的で、妊娠・出産・初期育児の実費と所得喪失を一時金で緩衝する。
60	structure_birth_grant_package	BP02	政策	産後休息・代替ケア保障	15	83	0.78	1.00	妊娠出産期・子育て初期・ケア責任層	時間余力↑ メンタル負荷↓ 出生圧力リスク↓	産後の休息、夜間支援、代替ケア、家事育児支援を公的に確保し、家族責任の固定化や母親だけへの負担集中を防ぐ。
60	structure_birth_grant_package	BP03	政策	復帰キャリア・企業負担補正	18	83	0.70	1.00	企業・正規雇用・非正規雇用・子育て初期	雇用安定↑ 企業反発↓ 子ども意向↑	育休復帰、短時間勤務、配置転換、代替人員費を企業だけに背負わせず、構造持続会計で補正し、採用抑制や女性不利益を抑える。
60	structure_birth_grant_package	BP04	政策	家族形成住居・教育費緩衝パッケージ	20	83	0.74	1.00	23-40歳・若者・低中所得層	住居安定↑ 教育費不安↓ 希望↑	住居、保育、教育費の長期不安を束ねて緩衝し、子どもを迎える判断が一時金だけで終わらないよう支える。
60	structure_birth_grant_package	BP05	政策	出生非強制・監査ガードレール	15	83	0.68	1.00	全体	制度信頼↑ 反発↓ moral injury↓	非婚・非出産・単身・養育しない選択を不利益にせず、出生数ではなく選択可能条件を評価対象にする。若者の「産ませたいだけでは」という反発を監査する。
60	structure_birth_grant_package	BP06	政策	財政・インフレ持続性監査	24	83	0.64	1.00	国家・金融・納税者・若者	財政不安↓ 制度信頼↑ 長期予見性↑	一時金と支援の財源、物価影響、対象公平性を継続監査し、金融システムを含む系の持続性が崩れた場合は自動補正する。
60	structure_birth_grant_package	BP07	政策	希望経路の可視化と達成共有	30	83	0.76	1.00	若者・家族形成層・次世代コホート	希望↑ 連帯感↑ 自己効力感↑	住居、ケア、教育費、復帰キャリアが実際につながった事例を学校・企業・地域で共有し、少なくとも複数の代表エージェントが「自分たちでも未来を作れる」と感じる経路を観測する。
61	structure_birth_grant_package	P01	政策	若者住居安定パッケージ	10	83	0.70	1.00	非正規・無業・若年就業	住居安定↑ 希望↑	家賃補助・保証人代替・転居支援を組み合わせ、居住不安を緩和する。
61	structure_birth_grant_package	P02	政策	奨学金負担軽減・所得連動返済	8	83	0.80	1.00	在学層・負債高層	可処分所得↑ 子ども意向↑	返済負担の平準化と減免を導入し、将来投資の先送りを抑制する。
61	structure_birth_grant_package	P03	政策	社会持続活動nat報酬制度	12	83	0.85	1.00	全体	nat獲得↑ 希望↑	学校・地域・介護・防災・制度更新活動を報酬化し、役割喪失を防ぐ。
61	structure_birth_grant_package	P05	政策	地域ケア就労の賃金底上げ	14	83	0.70	1.00	ケア責任層・地方	雇用安定↑ 制度信頼↑	ケア活動を社会基盤労働として扱い、賃金と社会的評価を引き上げる。
61	structure_birth_grant_package	P06	政策	学び直し・移行雇用保証	16	83	0.78	1.00	非正規・無業・自動化影響層	雇用安定↑ 自己効力感↑	訓練と実務移行をセットで保証し、自動化ショックからの回復経路を提供する。
61	structure_birth_grant_package	P07	政策	地方分散インフラ投資	20	83	0.65	1.00	地方層	住居安定↑ 希望↑	交通・医療・通信の更新により、地方での生活可能性を底上げする。
61	structure_birth_grant_package	P08	政策	若年メンタルヘルス即時アクセス	9	83	0.72	1.00	高負荷層	メンタル負荷↓ 希望↑	心理支援への待機時間と費用障壁を下げ、長期離脱を防ぐ。
61	structure_birth_grant_package	P09	政策	学校-企業-地域循環プロジェクト	18	83	0.68	1.00	在学層・若年就業	自己効力感↑ 制度信頼↑	学習内容と地域課題・雇用機会を連結し、努力の手応えを可視化する。
61	structure_birth_grant_package	P10	政策	nat通貨の逆進性補正	30	83	0.60	1.00	低所得層中心	格差↓ 制度信頼↑	nat配分の偏りを是正し、参加機会の不公平を抑える再分配ルールを導入する。
61	structure_birth_grant_package	P11	政策	介護ロボット・在宅支援普及	22	83	0.62	1.00	ケア責任層・地方・子育て初期	ケア負担↓ 可処分時間↑ 希望↑	介護ロボット、見守り、移乗支援、在宅医療接続を公共支援として広げ、家族ケアによる時間制約を緩和する。
61	structure_birth_grant_package	BP02	政策	産後休息・代替ケア保障	15	83	0.78	1.00	妊娠出産期・子育て初期・ケア責任層	時間余力↑ メンタル負荷↓ 出生圧力リスク↓	産後の休息、夜間支援、代替ケア、家事育児支援を公的に確保し、家族責任の固定化や母親だけへの負担集中を防ぐ。
61	structure_birth_grant_package	BP03	政策	復帰キャリア・企業負担補正	18	83	0.70	1.00	企業・正規雇用・非正規雇用・子育て初期	雇用安定↑ 企業反発↓ 子ども意向↑	育休復帰、短時間勤務、配置転換、代替人員費を企業だけに背負わせず、構造持続会計で補正し、採用抑制や女性不利益を抑える。
61	structure_birth_grant_package	BP04	政策	家族形成住居・教育費緩衝パッケージ	20	83	0.74	1.00	23-40歳・若者・低中所得層	住居安定↑ 教育費不安↓ 希望↑	住居、保育、教育費の長期不安を束ねて緩衝し、子どもを迎える判断が一時金だけで終わらないよう支える。
61	structure_birth_grant_package	BP05	政策	出生非強制・監査ガードレール	15	83	0.68	1.00	全体	制度信頼↑ 反発↓ moral injury↓	非婚・非出産・単身・養育しない選択を不利益にせず、出生数ではなく選択可能条件を評価対象にする。若者の「産ませたいだけでは」という反発を監査する。
61	structure_birth_grant_package	BP06	政策	財政・インフレ持続性監査	24	83	0.64	1.00	国家・金融・納税者・若者	財政不安↓ 制度信頼↑ 長期予見性↑	一時金と支援の財源、物価影響、対象公平性を継続監査し、金融システムを含む系の持続性が崩れた場合は自動補正する。
61	structure_birth_grant_package	BP07	政策	希望経路の可視化と達成共有	30	83	0.76	1.00	若者・家族形成層・次世代コホート	希望↑ 連帯感↑ 自己効力感↑	住居、ケア、教育費、復帰キャリアが実際につながった事例を学校・企業・地域で共有し、少なくとも複数の代表エージェントが「自分たちでも未来を作れる」と感じる経路を観測する。
62	structure_birth_grant_package	P01	政策	若者住居安定パッケージ	10	83	0.70	1.00	非正規・無業・若年就業	住居安定↑ 希望↑	家賃補助・保証人代替・転居支援を組み合わせ、居住不安を緩和する。
62	structure_birth_grant_package	P02	政策	奨学金負担軽減・所得連動返済	8	83	0.80	1.00	在学層・負債高層	可処分所得↑ 子ども意向↑	返済負担の平準化と減免を導入し、将来投資の先送りを抑制する。
62	structure_birth_grant_package	P03	政策	社会持続活動nat報酬制度	12	83	0.85	1.00	全体	nat獲得↑ 希望↑	学校・地域・介護・防災・制度更新活動を報酬化し、役割喪失を防ぐ。
62	structure_birth_grant_package	P05	政策	地域ケア就労の賃金底上げ	14	83	0.70	1.00	ケア責任層・地方	雇用安定↑ 制度信頼↑	ケア活動を社会基盤労働として扱い、賃金と社会的評価を引き上げる。
62	structure_birth_grant_package	P06	政策	学び直し・移行雇用保証	16	83	0.78	1.00	非正規・無業・自動化影響層	雇用安定↑ 自己効力感↑	訓練と実務移行をセットで保証し、自動化ショックからの回復経路を提供する。
62	structure_birth_grant_package	P07	政策	地方分散インフラ投資	20	83	0.65	1.00	地方層	住居安定↑ 希望↑	交通・医療・通信の更新により、地方での生活可能性を底上げする。
62	structure_birth_grant_package	P08	政策	若年メンタルヘルス即時アクセス	9	83	0.72	1.00	高負荷層	メンタル負荷↓ 希望↑	心理支援への待機時間と費用障壁を下げ、長期離脱を防ぐ。
62	structure_birth_grant_package	P09	政策	学校-企業-地域循環プロジェクト	18	83	0.68	1.00	在学層・若年就業	自己効力感↑ 制度信頼↑	学習内容と地域課題・雇用機会を連結し、努力の手応えを可視化する。
62	structure_birth_grant_package	P10	政策	nat通貨の逆進性補正	30	83	0.60	1.00	低所得層中心	格差↓ 制度信頼↑	nat配分の偏りを是正し、参加機会の不公平を抑える再分配ルールを導入する。
62	structure_birth_grant_package	P11	政策	介護ロボット・在宅支援普及	22	83	0.62	1.00	ケア責任層・地方・子育て初期	ケア負担↓ 可処分時間↑ 希望↑	介護ロボット、見守り、移乗支援、在宅医療接続を公共支援として広げ、家族ケアによる時間制約を緩和する。
62	structure_birth_grant_package	BP02	政策	産後休息・代替ケア保障	15	83	0.78	1.00	妊娠出産期・子育て初期・ケア責任層	時間余力↑ メンタル負荷↓ 出生圧力リスク↓	産後の休息、夜間支援、代替ケア、家事育児支援を公的に確保し、家族責任の固定化や母親だけへの負担集中を防ぐ。
62	structure_birth_grant_package	BP03	政策	復帰キャリア・企業負担補正	18	83	0.70	1.00	企業・正規雇用・非正規雇用・子育て初期	雇用安定↑ 企業反発↓ 子ども意向↑	育休復帰、短時間勤務、配置転換、代替人員費を企業だけに背負わせず、構造持続会計で補正し、採用抑制や女性不利益を抑える。
62	structure_birth_grant_package	BP04	政策	家族形成住居・教育費緩衝パッケージ	20	83	0.74	1.00	23-40歳・若者・低中所得層	住居安定↑ 教育費不安↓ 希望↑	住居、保育、教育費の長期不安を束ねて緩衝し、子どもを迎える判断が一時金だけで終わらないよう支える。
62	structure_birth_grant_package	BP05	政策	出生非強制・監査ガードレール	15	83	0.68	1.00	全体	制度信頼↑ 反発↓ moral injury↓	非婚・非出産・単身・養育しない選択を不利益にせず、出生数ではなく選択可能条件を評価対象にする。若者の「産ませたいだけでは」という反発を監査する。
62	structure_birth_grant_package	BP06	政策	財政・インフレ持続性監査	24	83	0.64	1.00	国家・金融・納税者・若者	財政不安↓ 制度信頼↑ 長期予見性↑	一時金と支援の財源、物価影響、対象公平性を継続監査し、金融システムを含む系の持続性が崩れた場合は自動補正する。
62	structure_birth_grant_package	BP07	政策	希望経路の可視化と達成共有	30	83	0.76	1.00	若者・家族形成層・次世代コホート	希望↑ 連帯感↑ 自己効力感↑	住居、ケア、教育費、復帰キャリアが実際につながった事例を学校・企業・地域で共有し、少なくとも複数の代表エージェントが「自分たちでも未来を作れる」と感じる経路を観測する。
63	structure_birth_grant_package	P01	政策	若者住居安定パッケージ	10	83	0.70	1.00	非正規・無業・若年就業	住居安定↑ 希望↑	家賃補助・保証人代替・転居支援を組み合わせ、居住不安を緩和する。
63	structure_birth_grant_package	P02	政策	奨学金負担軽減・所得連動返済	8	83	0.80	1.00	在学層・負債高層	可処分所得↑ 子ども意向↑	返済負担の平準化と減免を導入し、将来投資の先送りを抑制する。
63	structure_birth_grant_package	P03	政策	社会持続活動nat報酬制度	12	83	0.85	1.00	全体	nat獲得↑ 希望↑	学校・地域・介護・防災・制度更新活動を報酬化し、役割喪失を防ぐ。
63	structure_birth_grant_package	P05	政策	地域ケア就労の賃金底上げ	14	83	0.70	1.00	ケア責任層・地方	雇用安定↑ 制度信頼↑	ケア活動を社会基盤労働として扱い、賃金と社会的評価を引き上げる。
63	structure_birth_grant_package	P06	政策	学び直し・移行雇用保証	16	83	0.78	1.00	非正規・無業・自動化影響層	雇用安定↑ 自己効力感↑	訓練と実務移行をセットで保証し、自動化ショックからの回復経路を提供する。
63	structure_birth_grant_package	P07	政策	地方分散インフラ投資	20	83	0.65	1.00	地方層	住居安定↑ 希望↑	交通・医療・通信の更新により、地方での生活可能性を底上げする。
63	structure_birth_grant_package	P08	政策	若年メンタルヘルス即時アクセス	9	83	0.72	1.00	高負荷層	メンタル負荷↓ 希望↑	心理支援への待機時間と費用障壁を下げ、長期離脱を防ぐ。
63	structure_birth_grant_package	P09	政策	学校-企業-地域循環プロジェクト	18	83	0.68	1.00	在学層・若年就業	自己効力感↑ 制度信頼↑	学習内容と地域課題・雇用機会を連結し、努力の手応えを可視化する。
63	structure_birth_grant_package	P10	政策	nat通貨の逆進性補正	30	83	0.60	1.00	低所得層中心	格差↓ 制度信頼↑	nat配分の偏りを是正し、参加機会の不公平を抑える再分配ルールを導入する。
63	structure_birth_grant_package	P11	政策	介護ロボット・在宅支援普及	22	83	0.62	1.00	ケア責任層・地方・子育て初期	ケア負担↓ 可処分時間↑ 希望↑	介護ロボット、見守り、移乗支援、在宅医療接続を公共支援として広げ、家族ケアによる時間制約を緩和する。
63	structure_birth_grant_package	BP02	政策	産後休息・代替ケア保障	15	83	0.78	1.00	妊娠出産期・子育て初期・ケア責任層	時間余力↑ メンタル負荷↓ 出生圧力リスク↓	産後の休息、夜間支援、代替ケア、家事育児支援を公的に確保し、家族責任の固定化や母親だけへの負担集中を防ぐ。
63	structure_birth_grant_package	BP03	政策	復帰キャリア・企業負担補正	18	83	0.70	1.00	企業・正規雇用・非正規雇用・子育て初期	雇用安定↑ 企業反発↓ 子ども意向↑	育休復帰、短時間勤務、配置転換、代替人員費を企業だけに背負わせず、構造持続会計で補正し、採用抑制や女性不利益を抑える。
63	structure_birth_grant_package	BP04	政策	家族形成住居・教育費緩衝パッケージ	20	83	0.74	1.00	23-40歳・若者・低中所得層	住居安定↑ 教育費不安↓ 希望↑	住居、保育、教育費の長期不安を束ねて緩衝し、子どもを迎える判断が一時金だけで終わらないよう支える。
63	structure_birth_grant_package	BP05	政策	出生非強制・監査ガードレール	15	83	0.68	1.00	全体	制度信頼↑ 反発↓ moral injury↓	非婚・非出産・単身・養育しない選択を不利益にせず、出生数ではなく選択可能条件を評価対象にする。若者の「産ませたいだけでは」という反発を監査する。
63	structure_birth_grant_package	BP06	政策	財政・インフレ持続性監査	24	83	0.64	1.00	国家・金融・納税者・若者	財政不安↓ 制度信頼↑ 長期予見性↑	一時金と支援の財源、物価影響、対象公平性を継続監査し、金融システムを含む系の持続性が崩れた場合は自動補正する。
63	structure_birth_grant_package	BP07	政策	希望経路の可視化と達成共有	30	83	0.76	1.00	若者・家族形成層・次世代コホート	希望↑ 連帯感↑ 自己効力感↑	住居、ケア、教育費、復帰キャリアが実際につながった事例を学校・企業・地域で共有し、少なくとも複数の代表エージェントが「自分たちでも未来を作れる」と感じる経路を観測する。
64	structure_birth_grant_package	P01	政策	若者住居安定パッケージ	10	83	0.70	1.00	非正規・無業・若年就業	住居安定↑ 希望↑	家賃補助・保証人代替・転居支援を組み合わせ、居住不安を緩和する。
64	structure_birth_grant_package	P02	政策	奨学金負担軽減・所得連動返済	8	83	0.80	1.00	在学層・負債高層	可処分所得↑ 子ども意向↑	返済負担の平準化と減免を導入し、将来投資の先送りを抑制する。
64	structure_birth_grant_package	P03	政策	社会持続活動nat報酬制度	12	83	0.85	1.00	全体	nat獲得↑ 希望↑	学校・地域・介護・防災・制度更新活動を報酬化し、役割喪失を防ぐ。
64	structure_birth_grant_package	P05	政策	地域ケア就労の賃金底上げ	14	83	0.70	1.00	ケア責任層・地方	雇用安定↑ 制度信頼↑	ケア活動を社会基盤労働として扱い、賃金と社会的評価を引き上げる。
64	structure_birth_grant_package	P06	政策	学び直し・移行雇用保証	16	83	0.78	1.00	非正規・無業・自動化影響層	雇用安定↑ 自己効力感↑	訓練と実務移行をセットで保証し、自動化ショックからの回復経路を提供する。
64	structure_birth_grant_package	P07	政策	地方分散インフラ投資	20	83	0.65	1.00	地方層	住居安定↑ 希望↑	交通・医療・通信の更新により、地方での生活可能性を底上げする。
64	structure_birth_grant_package	P08	政策	若年メンタルヘルス即時アクセス	9	83	0.72	1.00	高負荷層	メンタル負荷↓ 希望↑	心理支援への待機時間と費用障壁を下げ、長期離脱を防ぐ。
64	structure_birth_grant_package	P09	政策	学校-企業-地域循環プロジェクト	18	83	0.68	1.00	在学層・若年就業	自己効力感↑ 制度信頼↑	学習内容と地域課題・雇用機会を連結し、努力の手応えを可視化する。
64	structure_birth_grant_package	P10	政策	nat通貨の逆進性補正	30	83	0.60	1.00	低所得層中心	格差↓ 制度信頼↑	nat配分の偏りを是正し、参加機会の不公平を抑える再分配ルールを導入する。
64	structure_birth_grant_package	P11	政策	介護ロボット・在宅支援普及	22	83	0.62	1.00	ケア責任層・地方・子育て初期	ケア負担↓ 可処分時間↑ 希望↑	介護ロボット、見守り、移乗支援、在宅医療接続を公共支援として広げ、家族ケアによる時間制約を緩和する。
64	structure_birth_grant_package	BP02	政策	産後休息・代替ケア保障	15	83	0.78	1.00	妊娠出産期・子育て初期・ケア責任層	時間余力↑ メンタル負荷↓ 出生圧力リスク↓	産後の休息、夜間支援、代替ケア、家事育児支援を公的に確保し、家族責任の固定化や母親だけへの負担集中を防ぐ。
64	structure_birth_grant_package	BP03	政策	復帰キャリア・企業負担補正	18	83	0.70	1.00	企業・正規雇用・非正規雇用・子育て初期	雇用安定↑ 企業反発↓ 子ども意向↑	育休復帰、短時間勤務、配置転換、代替人員費を企業だけに背負わせず、構造持続会計で補正し、採用抑制や女性不利益を抑える。
64	structure_birth_grant_package	BP04	政策	家族形成住居・教育費緩衝パッケージ	20	83	0.74	1.00	23-40歳・若者・低中所得層	住居安定↑ 教育費不安↓ 希望↑	住居、保育、教育費の長期不安を束ねて緩衝し、子どもを迎える判断が一時金だけで終わらないよう支える。
64	structure_birth_grant_package	BP05	政策	出生非強制・監査ガードレール	15	83	0.68	1.00	全体	制度信頼↑ 反発↓ moral injury↓	非婚・非出産・単身・養育しない選択を不利益にせず、出生数ではなく選択可能条件を評価対象にする。若者の「産ませたいだけでは」という反発を監査する。
64	structure_birth_grant_package	BP06	政策	財政・インフレ持続性監査	24	83	0.64	1.00	国家・金融・納税者・若者	財政不安↓ 制度信頼↑ 長期予見性↑	一時金と支援の財源、物価影響、対象公平性を継続監査し、金融システムを含む系の持続性が崩れた場合は自動補正する。
64	structure_birth_grant_package	BP07	政策	希望経路の可視化と達成共有	30	83	0.76	1.00	若者・家族形成層・次世代コホート	希望↑ 連帯感↑ 自己効力感↑	住居、ケア、教育費、復帰キャリアが実際につながった事例を学校・企業・地域で共有し、少なくとも複数の代表エージェントが「自分たちでも未来を作れる」と感じる経路を観測する。
65	structure_birth_grant_package	P01	政策	若者住居安定パッケージ	10	83	0.70	1.00	非正規・無業・若年就業	住居安定↑ 希望↑	家賃補助・保証人代替・転居支援を組み合わせ、居住不安を緩和する。
65	structure_birth_grant_package	P02	政策	奨学金負担軽減・所得連動返済	8	83	0.80	1.00	在学層・負債高層	可処分所得↑ 子ども意向↑	返済負担の平準化と減免を導入し、将来投資の先送りを抑制する。
65	structure_birth_grant_package	P03	政策	社会持続活動nat報酬制度	12	83	0.85	1.00	全体	nat獲得↑ 希望↑	学校・地域・介護・防災・制度更新活動を報酬化し、役割喪失を防ぐ。
65	structure_birth_grant_package	P05	政策	地域ケア就労の賃金底上げ	14	83	0.70	1.00	ケア責任層・地方	雇用安定↑ 制度信頼↑	ケア活動を社会基盤労働として扱い、賃金と社会的評価を引き上げる。
65	structure_birth_grant_package	P06	政策	学び直し・移行雇用保証	16	83	0.78	1.00	非正規・無業・自動化影響層	雇用安定↑ 自己効力感↑	訓練と実務移行をセットで保証し、自動化ショックからの回復経路を提供する。
65	structure_birth_grant_package	P07	政策	地方分散インフラ投資	20	83	0.65	1.00	地方層	住居安定↑ 希望↑	交通・医療・通信の更新により、地方での生活可能性を底上げする。
65	structure_birth_grant_package	P08	政策	若年メンタルヘルス即時アクセス	9	83	0.72	1.00	高負荷層	メンタル負荷↓ 希望↑	心理支援への待機時間と費用障壁を下げ、長期離脱を防ぐ。
65	structure_birth_grant_package	P09	政策	学校-企業-地域循環プロジェクト	18	83	0.68	1.00	在学層・若年就業	自己効力感↑ 制度信頼↑	学習内容と地域課題・雇用機会を連結し、努力の手応えを可視化する。
65	structure_birth_grant_package	P10	政策	nat通貨の逆進性補正	30	83	0.60	1.00	低所得層中心	格差↓ 制度信頼↑	nat配分の偏りを是正し、参加機会の不公平を抑える再分配ルールを導入する。
65	structure_birth_grant_package	P11	政策	介護ロボット・在宅支援普及	22	83	0.62	1.00	ケア責任層・地方・子育て初期	ケア負担↓ 可処分時間↑ 希望↑	介護ロボット、見守り、移乗支援、在宅医療接続を公共支援として広げ、家族ケアによる時間制約を緩和する。
65	structure_birth_grant_package	BP02	政策	産後休息・代替ケア保障	15	83	0.78	1.00	妊娠出産期・子育て初期・ケア責任層	時間余力↑ メンタル負荷↓ 出生圧力リスク↓	産後の休息、夜間支援、代替ケア、家事育児支援を公的に確保し、家族責任の固定化や母親だけへの負担集中を防ぐ。
65	structure_birth_grant_package	BP03	政策	復帰キャリア・企業負担補正	18	83	0.70	1.00	企業・正規雇用・非正規雇用・子育て初期	雇用安定↑ 企業反発↓ 子ども意向↑	育休復帰、短時間勤務、配置転換、代替人員費を企業だけに背負わせず、構造持続会計で補正し、採用抑制や女性不利益を抑える。
65	structure_birth_grant_package	BP04	政策	家族形成住居・教育費緩衝パッケージ	20	83	0.74	1.00	23-40歳・若者・低中所得層	住居安定↑ 教育費不安↓ 希望↑	住居、保育、教育費の長期不安を束ねて緩衝し、子どもを迎える判断が一時金だけで終わらないよう支える。
65	structure_birth_grant_package	BP05	政策	出生非強制・監査ガードレール	15	83	0.68	1.00	全体	制度信頼↑ 反発↓ moral injury↓	非婚・非出産・単身・養育しない選択を不利益にせず、出生数ではなく選択可能条件を評価対象にする。若者の「産ませたいだけでは」という反発を監査する。
65	structure_birth_grant_package	BP06	政策	財政・インフレ持続性監査	24	83	0.64	1.00	国家・金融・納税者・若者	財政不安↓ 制度信頼↑ 長期予見性↑	一時金と支援の財源、物価影響、対象公平性を継続監査し、金融システムを含む系の持続性が崩れた場合は自動補正する。
65	structure_birth_grant_package	BP07	政策	希望経路の可視化と達成共有	30	83	0.76	1.00	若者・家族形成層・次世代コホート	希望↑ 連帯感↑ 自己効力感↑	住居、ケア、教育費、復帰キャリアが実際につながった事例を学校・企業・地域で共有し、少なくとも複数の代表エージェントが「自分たちでも未来を作れる」と感じる経路を観測する。
66	structure_birth_grant_package	P01	政策	若者住居安定パッケージ	10	83	0.70	1.00	非正規・無業・若年就業	住居安定↑ 希望↑	家賃補助・保証人代替・転居支援を組み合わせ、居住不安を緩和する。
66	structure_birth_grant_package	P02	政策	奨学金負担軽減・所得連動返済	8	83	0.80	1.00	在学層・負債高層	可処分所得↑ 子ども意向↑	返済負担の平準化と減免を導入し、将来投資の先送りを抑制する。
66	structure_birth_grant_package	P03	政策	社会持続活動nat報酬制度	12	83	0.85	1.00	全体	nat獲得↑ 希望↑	学校・地域・介護・防災・制度更新活動を報酬化し、役割喪失を防ぐ。
66	structure_birth_grant_package	P05	政策	地域ケア就労の賃金底上げ	14	83	0.70	1.00	ケア責任層・地方	雇用安定↑ 制度信頼↑	ケア活動を社会基盤労働として扱い、賃金と社会的評価を引き上げる。
66	structure_birth_grant_package	P06	政策	学び直し・移行雇用保証	16	83	0.78	1.00	非正規・無業・自動化影響層	雇用安定↑ 自己効力感↑	訓練と実務移行をセットで保証し、自動化ショックからの回復経路を提供する。
66	structure_birth_grant_package	P07	政策	地方分散インフラ投資	20	83	0.65	1.00	地方層	住居安定↑ 希望↑	交通・医療・通信の更新により、地方での生活可能性を底上げする。
66	structure_birth_grant_package	P08	政策	若年メンタルヘルス即時アクセス	9	83	0.72	1.00	高負荷層	メンタル負荷↓ 希望↑	心理支援への待機時間と費用障壁を下げ、長期離脱を防ぐ。
66	structure_birth_grant_package	P09	政策	学校-企業-地域循環プロジェクト	18	83	0.68	1.00	在学層・若年就業	自己効力感↑ 制度信頼↑	学習内容と地域課題・雇用機会を連結し、努力の手応えを可視化する。
66	structure_birth_grant_package	P10	政策	nat通貨の逆進性補正	30	83	0.60	1.00	低所得層中心	格差↓ 制度信頼↑	nat配分の偏りを是正し、参加機会の不公平を抑える再分配ルールを導入する。
66	structure_birth_grant_package	P11	政策	介護ロボット・在宅支援普及	22	83	0.62	1.00	ケア責任層・地方・子育て初期	ケア負担↓ 可処分時間↑ 希望↑	介護ロボット、見守り、移乗支援、在宅医療接続を公共支援として広げ、家族ケアによる時間制約を緩和する。
66	structure_birth_grant_package	BP02	政策	産後休息・代替ケア保障	15	83	0.78	1.00	妊娠出産期・子育て初期・ケア責任層	時間余力↑ メンタル負荷↓ 出生圧力リスク↓	産後の休息、夜間支援、代替ケア、家事育児支援を公的に確保し、家族責任の固定化や母親だけへの負担集中を防ぐ。
66	structure_birth_grant_package	BP03	政策	復帰キャリア・企業負担補正	18	83	0.70	1.00	企業・正規雇用・非正規雇用・子育て初期	雇用安定↑ 企業反発↓ 子ども意向↑	育休復帰、短時間勤務、配置転換、代替人員費を企業だけに背負わせず、構造持続会計で補正し、採用抑制や女性不利益を抑える。
66	structure_birth_grant_package	BP04	政策	家族形成住居・教育費緩衝パッケージ	20	83	0.74	1.00	23-40歳・若者・低中所得層	住居安定↑ 教育費不安↓ 希望↑	住居、保育、教育費の長期不安を束ねて緩衝し、子どもを迎える判断が一時金だけで終わらないよう支える。
66	structure_birth_grant_package	BP05	政策	出生非強制・監査ガードレール	15	83	0.68	1.00	全体	制度信頼↑ 反発↓ moral injury↓	非婚・非出産・単身・養育しない選択を不利益にせず、出生数ではなく選択可能条件を評価対象にする。若者の「産ませたいだけでは」という反発を監査する。
66	structure_birth_grant_package	BP06	政策	財政・インフレ持続性監査	24	83	0.64	1.00	国家・金融・納税者・若者	財政不安↓ 制度信頼↑ 長期予見性↑	一時金と支援の財源、物価影響、対象公平性を継続監査し、金融システムを含む系の持続性が崩れた場合は自動補正する。
66	structure_birth_grant_package	BP07	政策	希望経路の可視化と達成共有	30	83	0.76	1.00	若者・家族形成層・次世代コホート	希望↑ 連帯感↑ 自己効力感↑	住居、ケア、教育費、復帰キャリアが実際につながった事例を学校・企業・地域で共有し、少なくとも複数の代表エージェントが「自分たちでも未来を作れる」と感じる経路を観測する。
67	structure_birth_grant_package	P01	政策	若者住居安定パッケージ	10	83	0.70	1.00	非正規・無業・若年就業	住居安定↑ 希望↑	家賃補助・保証人代替・転居支援を組み合わせ、居住不安を緩和する。
67	structure_birth_grant_package	P02	政策	奨学金負担軽減・所得連動返済	8	83	0.80	1.00	在学層・負債高層	可処分所得↑ 子ども意向↑	返済負担の平準化と減免を導入し、将来投資の先送りを抑制する。
67	structure_birth_grant_package	P03	政策	社会持続活動nat報酬制度	12	83	0.85	1.00	全体	nat獲得↑ 希望↑	学校・地域・介護・防災・制度更新活動を報酬化し、役割喪失を防ぐ。
67	structure_birth_grant_package	P05	政策	地域ケア就労の賃金底上げ	14	83	0.70	1.00	ケア責任層・地方	雇用安定↑ 制度信頼↑	ケア活動を社会基盤労働として扱い、賃金と社会的評価を引き上げる。
67	structure_birth_grant_package	P06	政策	学び直し・移行雇用保証	16	83	0.78	1.00	非正規・無業・自動化影響層	雇用安定↑ 自己効力感↑	訓練と実務移行をセットで保証し、自動化ショックからの回復経路を提供する。
67	structure_birth_grant_package	P07	政策	地方分散インフラ投資	20	83	0.65	1.00	地方層	住居安定↑ 希望↑	交通・医療・通信の更新により、地方での生活可能性を底上げする。
67	structure_birth_grant_package	P08	政策	若年メンタルヘルス即時アクセス	9	83	0.72	1.00	高負荷層	メンタル負荷↓ 希望↑	心理支援への待機時間と費用障壁を下げ、長期離脱を防ぐ。
67	structure_birth_grant_package	P09	政策	学校-企業-地域循環プロジェクト	18	83	0.68	1.00	在学層・若年就業	自己効力感↑ 制度信頼↑	学習内容と地域課題・雇用機会を連結し、努力の手応えを可視化する。
67	structure_birth_grant_package	P10	政策	nat通貨の逆進性補正	30	83	0.60	1.00	低所得層中心	格差↓ 制度信頼↑	nat配分の偏りを是正し、参加機会の不公平を抑える再分配ルールを導入する。
67	structure_birth_grant_package	P11	政策	介護ロボット・在宅支援普及	22	83	0.62	1.00	ケア責任層・地方・子育て初期	ケア負担↓ 可処分時間↑ 希望↑	介護ロボット、見守り、移乗支援、在宅医療接続を公共支援として広げ、家族ケアによる時間制約を緩和する。
67	structure_birth_grant_package	BP02	政策	産後休息・代替ケア保障	15	83	0.78	1.00	妊娠出産期・子育て初期・ケア責任層	時間余力↑ メンタル負荷↓ 出生圧力リスク↓	産後の休息、夜間支援、代替ケア、家事育児支援を公的に確保し、家族責任の固定化や母親だけへの負担集中を防ぐ。
67	structure_birth_grant_package	BP03	政策	復帰キャリア・企業負担補正	18	83	0.70	1.00	企業・正規雇用・非正規雇用・子育て初期	雇用安定↑ 企業反発↓ 子ども意向↑	育休復帰、短時間勤務、配置転換、代替人員費を企業だけに背負わせず、構造持続会計で補正し、採用抑制や女性不利益を抑える。
67	structure_birth_grant_package	BP04	政策	家族形成住居・教育費緩衝パッケージ	20	83	0.74	1.00	23-40歳・若者・低中所得層	住居安定↑ 教育費不安↓ 希望↑	住居、保育、教育費の長期不安を束ねて緩衝し、子どもを迎える判断が一時金だけで終わらないよう支える。
67	structure_birth_grant_package	BP05	政策	出生非強制・監査ガードレール	15	83	0.68	1.00	全体	制度信頼↑ 反発↓ moral injury↓	非婚・非出産・単身・養育しない選択を不利益にせず、出生数ではなく選択可能条件を評価対象にする。若者の「産ませたいだけでは」という反発を監査する。
67	structure_birth_grant_package	BP06	政策	財政・インフレ持続性監査	24	83	0.64	1.00	国家・金融・納税者・若者	財政不安↓ 制度信頼↑ 長期予見性↑	一時金と支援の財源、物価影響、対象公平性を継続監査し、金融システムを含む系の持続性が崩れた場合は自動補正する。
67	structure_birth_grant_package	BP07	政策	希望経路の可視化と達成共有	30	83	0.76	1.00	若者・家族形成層・次世代コホート	希望↑ 連帯感↑ 自己効力感↑	住居、ケア、教育費、復帰キャリアが実際につながった事例を学校・企業・地域で共有し、少なくとも複数の代表エージェントが「自分たちでも未来を作れる」と感じる経路を観測する。
68	structure_birth_grant_package	P01	政策	若者住居安定パッケージ	10	83	0.70	1.00	非正規・無業・若年就業	住居安定↑ 希望↑	家賃補助・保証人代替・転居支援を組み合わせ、居住不安を緩和する。
68	structure_birth_grant_package	P02	政策	奨学金負担軽減・所得連動返済	8	83	0.80	1.00	在学層・負債高層	可処分所得↑ 子ども意向↑	返済負担の平準化と減免を導入し、将来投資の先送りを抑制する。
68	structure_birth_grant_package	P03	政策	社会持続活動nat報酬制度	12	83	0.85	1.00	全体	nat獲得↑ 希望↑	学校・地域・介護・防災・制度更新活動を報酬化し、役割喪失を防ぐ。
68	structure_birth_grant_package	P05	政策	地域ケア就労の賃金底上げ	14	83	0.70	1.00	ケア責任層・地方	雇用安定↑ 制度信頼↑	ケア活動を社会基盤労働として扱い、賃金と社会的評価を引き上げる。
68	structure_birth_grant_package	P06	政策	学び直し・移行雇用保証	16	83	0.78	1.00	非正規・無業・自動化影響層	雇用安定↑ 自己効力感↑	訓練と実務移行をセットで保証し、自動化ショックからの回復経路を提供する。
68	structure_birth_grant_package	P07	政策	地方分散インフラ投資	20	83	0.65	1.00	地方層	住居安定↑ 希望↑	交通・医療・通信の更新により、地方での生活可能性を底上げする。
68	structure_birth_grant_package	P08	政策	若年メンタルヘルス即時アクセス	9	83	0.72	1.00	高負荷層	メンタル負荷↓ 希望↑	心理支援への待機時間と費用障壁を下げ、長期離脱を防ぐ。
68	structure_birth_grant_package	P09	政策	学校-企業-地域循環プロジェクト	18	83	0.68	1.00	在学層・若年就業	自己効力感↑ 制度信頼↑	学習内容と地域課題・雇用機会を連結し、努力の手応えを可視化する。
68	structure_birth_grant_package	P10	政策	nat通貨の逆進性補正	30	83	0.60	1.00	低所得層中心	格差↓ 制度信頼↑	nat配分の偏りを是正し、参加機会の不公平を抑える再分配ルールを導入する。
68	structure_birth_grant_package	P11	政策	介護ロボット・在宅支援普及	22	83	0.62	1.00	ケア責任層・地方・子育て初期	ケア負担↓ 可処分時間↑ 希望↑	介護ロボット、見守り、移乗支援、在宅医療接続を公共支援として広げ、家族ケアによる時間制約を緩和する。
68	structure_birth_grant_package	BP02	政策	産後休息・代替ケア保障	15	83	0.78	1.00	妊娠出産期・子育て初期・ケア責任層	時間余力↑ メンタル負荷↓ 出生圧力リスク↓	産後の休息、夜間支援、代替ケア、家事育児支援を公的に確保し、家族責任の固定化や母親だけへの負担集中を防ぐ。
68	structure_birth_grant_package	BP03	政策	復帰キャリア・企業負担補正	18	83	0.70	1.00	企業・正規雇用・非正規雇用・子育て初期	雇用安定↑ 企業反発↓ 子ども意向↑	育休復帰、短時間勤務、配置転換、代替人員費を企業だけに背負わせず、構造持続会計で補正し、採用抑制や女性不利益を抑える。
68	structure_birth_grant_package	BP04	政策	家族形成住居・教育費緩衝パッケージ	20	83	0.74	1.00	23-40歳・若者・低中所得層	住居安定↑ 教育費不安↓ 希望↑	住居、保育、教育費の長期不安を束ねて緩衝し、子どもを迎える判断が一時金だけで終わらないよう支える。
68	structure_birth_grant_package	BP05	政策	出生非強制・監査ガードレール	15	83	0.68	1.00	全体	制度信頼↑ 反発↓ moral injury↓	非婚・非出産・単身・養育しない選択を不利益にせず、出生数ではなく選択可能条件を評価対象にする。若者の「産ませたいだけでは」という反発を監査する。
68	structure_birth_grant_package	BP06	政策	財政・インフレ持続性監査	24	83	0.64	1.00	国家・金融・納税者・若者	財政不安↓ 制度信頼↑ 長期予見性↑	一時金と支援の財源、物価影響、対象公平性を継続監査し、金融システムを含む系の持続性が崩れた場合は自動補正する。
68	structure_birth_grant_package	BP07	政策	希望経路の可視化と達成共有	30	83	0.76	1.00	若者・家族形成層・次世代コホート	希望↑ 連帯感↑ 自己効力感↑	住居、ケア、教育費、復帰キャリアが実際につながった事例を学校・企業・地域で共有し、少なくとも複数の代表エージェントが「自分たちでも未来を作れる」と感じる経路を観測する。
69	structure_birth_grant_package	P01	政策	若者住居安定パッケージ	10	83	0.70	1.00	非正規・無業・若年就業	住居安定↑ 希望↑	家賃補助・保証人代替・転居支援を組み合わせ、居住不安を緩和する。
69	structure_birth_grant_package	P02	政策	奨学金負担軽減・所得連動返済	8	83	0.80	1.00	在学層・負債高層	可処分所得↑ 子ども意向↑	返済負担の平準化と減免を導入し、将来投資の先送りを抑制する。
69	structure_birth_grant_package	P03	政策	社会持続活動nat報酬制度	12	83	0.85	1.00	全体	nat獲得↑ 希望↑	学校・地域・介護・防災・制度更新活動を報酬化し、役割喪失を防ぐ。
69	structure_birth_grant_package	P05	政策	地域ケア就労の賃金底上げ	14	83	0.70	1.00	ケア責任層・地方	雇用安定↑ 制度信頼↑	ケア活動を社会基盤労働として扱い、賃金と社会的評価を引き上げる。
69	structure_birth_grant_package	P06	政策	学び直し・移行雇用保証	16	83	0.78	1.00	非正規・無業・自動化影響層	雇用安定↑ 自己効力感↑	訓練と実務移行をセットで保証し、自動化ショックからの回復経路を提供する。
69	structure_birth_grant_package	P07	政策	地方分散インフラ投資	20	83	0.65	1.00	地方層	住居安定↑ 希望↑	交通・医療・通信の更新により、地方での生活可能性を底上げする。
69	structure_birth_grant_package	P08	政策	若年メンタルヘルス即時アクセス	9	83	0.72	1.00	高負荷層	メンタル負荷↓ 希望↑	心理支援への待機時間と費用障壁を下げ、長期離脱を防ぐ。
69	structure_birth_grant_package	P09	政策	学校-企業-地域循環プロジェクト	18	83	0.68	1.00	在学層・若年就業	自己効力感↑ 制度信頼↑	学習内容と地域課題・雇用機会を連結し、努力の手応えを可視化する。
69	structure_birth_grant_package	P10	政策	nat通貨の逆進性補正	30	83	0.60	1.00	低所得層中心	格差↓ 制度信頼↑	nat配分の偏りを是正し、参加機会の不公平を抑える再分配ルールを導入する。
69	structure_birth_grant_package	P11	政策	介護ロボット・在宅支援普及	22	83	0.62	1.00	ケア責任層・地方・子育て初期	ケア負担↓ 可処分時間↑ 希望↑	介護ロボット、見守り、移乗支援、在宅医療接続を公共支援として広げ、家族ケアによる時間制約を緩和する。
69	structure_birth_grant_package	BP02	政策	産後休息・代替ケア保障	15	83	0.78	1.00	妊娠出産期・子育て初期・ケア責任層	時間余力↑ メンタル負荷↓ 出生圧力リスク↓	産後の休息、夜間支援、代替ケア、家事育児支援を公的に確保し、家族責任の固定化や母親だけへの負担集中を防ぐ。
69	structure_birth_grant_package	BP03	政策	復帰キャリア・企業負担補正	18	83	0.70	1.00	企業・正規雇用・非正規雇用・子育て初期	雇用安定↑ 企業反発↓ 子ども意向↑	育休復帰、短時間勤務、配置転換、代替人員費を企業だけに背負わせず、構造持続会計で補正し、採用抑制や女性不利益を抑える。
69	structure_birth_grant_package	BP04	政策	家族形成住居・教育費緩衝パッケージ	20	83	0.74	1.00	23-40歳・若者・低中所得層	住居安定↑ 教育費不安↓ 希望↑	住居、保育、教育費の長期不安を束ねて緩衝し、子どもを迎える判断が一時金だけで終わらないよう支える。
69	structure_birth_grant_package	BP05	政策	出生非強制・監査ガードレール	15	83	0.68	1.00	全体	制度信頼↑ 反発↓ moral injury↓	非婚・非出産・単身・養育しない選択を不利益にせず、出生数ではなく選択可能条件を評価対象にする。若者の「産ませたいだけでは」という反発を監査する。
69	structure_birth_grant_package	BP06	政策	財政・インフレ持続性監査	24	83	0.64	1.00	国家・金融・納税者・若者	財政不安↓ 制度信頼↑ 長期予見性↑	一時金と支援の財源、物価影響、対象公平性を継続監査し、金融システムを含む系の持続性が崩れた場合は自動補正する。
69	structure_birth_grant_package	BP07	政策	希望経路の可視化と達成共有	30	83	0.76	1.00	若者・家族形成層・次世代コホート	希望↑ 連帯感↑ 自己効力感↑	住居、ケア、教育費、復帰キャリアが実際につながった事例を学校・企業・地域で共有し、少なくとも複数の代表エージェントが「自分たちでも未来を作れる」と感じる経路を観測する。
70	structure_birth_grant_package	P01	政策	若者住居安定パッケージ	10	83	0.70	1.00	非正規・無業・若年就業	住居安定↑ 希望↑	家賃補助・保証人代替・転居支援を組み合わせ、居住不安を緩和する。
70	structure_birth_grant_package	P02	政策	奨学金負担軽減・所得連動返済	8	83	0.80	1.00	在学層・負債高層	可処分所得↑ 子ども意向↑	返済負担の平準化と減免を導入し、将来投資の先送りを抑制する。
70	structure_birth_grant_package	P03	政策	社会持続活動nat報酬制度	12	83	0.85	1.00	全体	nat獲得↑ 希望↑	学校・地域・介護・防災・制度更新活動を報酬化し、役割喪失を防ぐ。
70	structure_birth_grant_package	P05	政策	地域ケア就労の賃金底上げ	14	83	0.70	1.00	ケア責任層・地方	雇用安定↑ 制度信頼↑	ケア活動を社会基盤労働として扱い、賃金と社会的評価を引き上げる。
70	structure_birth_grant_package	P06	政策	学び直し・移行雇用保証	16	83	0.78	1.00	非正規・無業・自動化影響層	雇用安定↑ 自己効力感↑	訓練と実務移行をセットで保証し、自動化ショックからの回復経路を提供する。
70	structure_birth_grant_package	P07	政策	地方分散インフラ投資	20	83	0.65	1.00	地方層	住居安定↑ 希望↑	交通・医療・通信の更新により、地方での生活可能性を底上げする。
70	structure_birth_grant_package	P08	政策	若年メンタルヘルス即時アクセス	9	83	0.72	1.00	高負荷層	メンタル負荷↓ 希望↑	心理支援への待機時間と費用障壁を下げ、長期離脱を防ぐ。
70	structure_birth_grant_package	P09	政策	学校-企業-地域循環プロジェクト	18	83	0.68	1.00	在学層・若年就業	自己効力感↑ 制度信頼↑	学習内容と地域課題・雇用機会を連結し、努力の手応えを可視化する。
70	structure_birth_grant_package	P10	政策	nat通貨の逆進性補正	30	83	0.60	1.00	低所得層中心	格差↓ 制度信頼↑	nat配分の偏りを是正し、参加機会の不公平を抑える再分配ルールを導入する。
70	structure_birth_grant_package	P11	政策	介護ロボット・在宅支援普及	22	83	0.62	1.00	ケア責任層・地方・子育て初期	ケア負担↓ 可処分時間↑ 希望↑	介護ロボット、見守り、移乗支援、在宅医療接続を公共支援として広げ、家族ケアによる時間制約を緩和する。
70	structure_birth_grant_package	BP02	政策	産後休息・代替ケア保障	15	83	0.78	1.00	妊娠出産期・子育て初期・ケア責任層	時間余力↑ メンタル負荷↓ 出生圧力リスク↓	産後の休息、夜間支援、代替ケア、家事育児支援を公的に確保し、家族責任の固定化や母親だけへの負担集中を防ぐ。
70	structure_birth_grant_package	BP03	政策	復帰キャリア・企業負担補正	18	83	0.70	1.00	企業・正規雇用・非正規雇用・子育て初期	雇用安定↑ 企業反発↓ 子ども意向↑	育休復帰、短時間勤務、配置転換、代替人員費を企業だけに背負わせず、構造持続会計で補正し、採用抑制や女性不利益を抑える。
70	structure_birth_grant_package	BP04	政策	家族形成住居・教育費緩衝パッケージ	20	83	0.74	1.00	23-40歳・若者・低中所得層	住居安定↑ 教育費不安↓ 希望↑	住居、保育、教育費の長期不安を束ねて緩衝し、子どもを迎える判断が一時金だけで終わらないよう支える。
70	structure_birth_grant_package	BP05	政策	出生非強制・監査ガードレール	15	83	0.68	1.00	全体	制度信頼↑ 反発↓ moral injury↓	非婚・非出産・単身・養育しない選択を不利益にせず、出生数ではなく選択可能条件を評価対象にする。若者の「産ませたいだけでは」という反発を監査する。
70	structure_birth_grant_package	BP06	政策	財政・インフレ持続性監査	24	83	0.64	1.00	国家・金融・納税者・若者	財政不安↓ 制度信頼↑ 長期予見性↑	一時金と支援の財源、物価影響、対象公平性を継続監査し、金融システムを含む系の持続性が崩れた場合は自動補正する。
70	structure_birth_grant_package	BP07	政策	希望経路の可視化と達成共有	30	83	0.76	1.00	若者・家族形成層・次世代コホート	希望↑ 連帯感↑ 自己効力感↑	住居、ケア、教育費、復帰キャリアが実際につながった事例を学校・企業・地域で共有し、少なくとも複数の代表エージェントが「自分たちでも未来を作れる」と感じる経路を観測する。
71	structure_birth_grant_package	P01	政策	若者住居安定パッケージ	10	83	0.70	1.00	非正規・無業・若年就業	住居安定↑ 希望↑	家賃補助・保証人代替・転居支援を組み合わせ、居住不安を緩和する。
71	structure_birth_grant_package	P02	政策	奨学金負担軽減・所得連動返済	8	83	0.80	1.00	在学層・負債高層	可処分所得↑ 子ども意向↑	返済負担の平準化と減免を導入し、将来投資の先送りを抑制する。
71	structure_birth_grant_package	P03	政策	社会持続活動nat報酬制度	12	83	0.85	1.00	全体	nat獲得↑ 希望↑	学校・地域・介護・防災・制度更新活動を報酬化し、役割喪失を防ぐ。
71	structure_birth_grant_package	P05	政策	地域ケア就労の賃金底上げ	14	83	0.70	1.00	ケア責任層・地方	雇用安定↑ 制度信頼↑	ケア活動を社会基盤労働として扱い、賃金と社会的評価を引き上げる。
71	structure_birth_grant_package	P06	政策	学び直し・移行雇用保証	16	83	0.78	1.00	非正規・無業・自動化影響層	雇用安定↑ 自己効力感↑	訓練と実務移行をセットで保証し、自動化ショックからの回復経路を提供する。
71	structure_birth_grant_package	P07	政策	地方分散インフラ投資	20	83	0.65	1.00	地方層	住居安定↑ 希望↑	交通・医療・通信の更新により、地方での生活可能性を底上げする。
71	structure_birth_grant_package	P08	政策	若年メンタルヘルス即時アクセス	9	83	0.72	1.00	高負荷層	メンタル負荷↓ 希望↑	心理支援への待機時間と費用障壁を下げ、長期離脱を防ぐ。
71	structure_birth_grant_package	P09	政策	学校-企業-地域循環プロジェクト	18	83	0.68	1.00	在学層・若年就業	自己効力感↑ 制度信頼↑	学習内容と地域課題・雇用機会を連結し、努力の手応えを可視化する。
71	structure_birth_grant_package	P10	政策	nat通貨の逆進性補正	30	83	0.60	1.00	低所得層中心	格差↓ 制度信頼↑	nat配分の偏りを是正し、参加機会の不公平を抑える再分配ルールを導入する。
71	structure_birth_grant_package	P11	政策	介護ロボット・在宅支援普及	22	83	0.62	1.00	ケア責任層・地方・子育て初期	ケア負担↓ 可処分時間↑ 希望↑	介護ロボット、見守り、移乗支援、在宅医療接続を公共支援として広げ、家族ケアによる時間制約を緩和する。
71	structure_birth_grant_package	BP02	政策	産後休息・代替ケア保障	15	83	0.78	1.00	妊娠出産期・子育て初期・ケア責任層	時間余力↑ メンタル負荷↓ 出生圧力リスク↓	産後の休息、夜間支援、代替ケア、家事育児支援を公的に確保し、家族責任の固定化や母親だけへの負担集中を防ぐ。
71	structure_birth_grant_package	BP03	政策	復帰キャリア・企業負担補正	18	83	0.70	1.00	企業・正規雇用・非正規雇用・子育て初期	雇用安定↑ 企業反発↓ 子ども意向↑	育休復帰、短時間勤務、配置転換、代替人員費を企業だけに背負わせず、構造持続会計で補正し、採用抑制や女性不利益を抑える。
71	structure_birth_grant_package	BP04	政策	家族形成住居・教育費緩衝パッケージ	20	83	0.74	1.00	23-40歳・若者・低中所得層	住居安定↑ 教育費不安↓ 希望↑	住居、保育、教育費の長期不安を束ねて緩衝し、子どもを迎える判断が一時金だけで終わらないよう支える。
71	structure_birth_grant_package	BP05	政策	出生非強制・監査ガードレール	15	83	0.68	1.00	全体	制度信頼↑ 反発↓ moral injury↓	非婚・非出産・単身・養育しない選択を不利益にせず、出生数ではなく選択可能条件を評価対象にする。若者の「産ませたいだけでは」という反発を監査する。
71	structure_birth_grant_package	BP06	政策	財政・インフレ持続性監査	24	83	0.64	1.00	国家・金融・納税者・若者	財政不安↓ 制度信頼↑ 長期予見性↑	一時金と支援の財源、物価影響、対象公平性を継続監査し、金融システムを含む系の持続性が崩れた場合は自動補正する。
71	structure_birth_grant_package	BP07	政策	希望経路の可視化と達成共有	30	83	0.76	1.00	若者・家族形成層・次世代コホート	希望↑ 連帯感↑ 自己効力感↑	住居、ケア、教育費、復帰キャリアが実際につながった事例を学校・企業・地域で共有し、少なくとも複数の代表エージェントが「自分たちでも未来を作れる」と感じる経路を観測する。
72	structure_birth_grant_package	P01	政策	若者住居安定パッケージ	10	83	0.70	1.00	非正規・無業・若年就業	住居安定↑ 希望↑	家賃補助・保証人代替・転居支援を組み合わせ、居住不安を緩和する。
72	structure_birth_grant_package	P02	政策	奨学金負担軽減・所得連動返済	8	83	0.80	1.00	在学層・負債高層	可処分所得↑ 子ども意向↑	返済負担の平準化と減免を導入し、将来投資の先送りを抑制する。
72	structure_birth_grant_package	P03	政策	社会持続活動nat報酬制度	12	83	0.85	1.00	全体	nat獲得↑ 希望↑	学校・地域・介護・防災・制度更新活動を報酬化し、役割喪失を防ぐ。
72	structure_birth_grant_package	P05	政策	地域ケア就労の賃金底上げ	14	83	0.70	1.00	ケア責任層・地方	雇用安定↑ 制度信頼↑	ケア活動を社会基盤労働として扱い、賃金と社会的評価を引き上げる。
72	structure_birth_grant_package	P06	政策	学び直し・移行雇用保証	16	83	0.78	1.00	非正規・無業・自動化影響層	雇用安定↑ 自己効力感↑	訓練と実務移行をセットで保証し、自動化ショックからの回復経路を提供する。
72	structure_birth_grant_package	P07	政策	地方分散インフラ投資	20	83	0.65	1.00	地方層	住居安定↑ 希望↑	交通・医療・通信の更新により、地方での生活可能性を底上げする。
72	structure_birth_grant_package	P08	政策	若年メンタルヘルス即時アクセス	9	83	0.72	1.00	高負荷層	メンタル負荷↓ 希望↑	心理支援への待機時間と費用障壁を下げ、長期離脱を防ぐ。
72	structure_birth_grant_package	P09	政策	学校-企業-地域循環プロジェクト	18	83	0.68	1.00	在学層・若年就業	自己効力感↑ 制度信頼↑	学習内容と地域課題・雇用機会を連結し、努力の手応えを可視化する。
72	structure_birth_grant_package	P10	政策	nat通貨の逆進性補正	30	83	0.60	1.00	低所得層中心	格差↓ 制度信頼↑	nat配分の偏りを是正し、参加機会の不公平を抑える再分配ルールを導入する。
72	structure_birth_grant_package	P11	政策	介護ロボット・在宅支援普及	22	83	0.62	1.00	ケア責任層・地方・子育て初期	ケア負担↓ 可処分時間↑ 希望↑	介護ロボット、見守り、移乗支援、在宅医療接続を公共支援として広げ、家族ケアによる時間制約を緩和する。
72	structure_birth_grant_package	BP02	政策	産後休息・代替ケア保障	15	83	0.78	1.00	妊娠出産期・子育て初期・ケア責任層	時間余力↑ メンタル負荷↓ 出生圧力リスク↓	産後の休息、夜間支援、代替ケア、家事育児支援を公的に確保し、家族責任の固定化や母親だけへの負担集中を防ぐ。
72	structure_birth_grant_package	BP03	政策	復帰キャリア・企業負担補正	18	83	0.70	1.00	企業・正規雇用・非正規雇用・子育て初期	雇用安定↑ 企業反発↓ 子ども意向↑	育休復帰、短時間勤務、配置転換、代替人員費を企業だけに背負わせず、構造持続会計で補正し、採用抑制や女性不利益を抑える。
72	structure_birth_grant_package	BP04	政策	家族形成住居・教育費緩衝パッケージ	20	83	0.74	1.00	23-40歳・若者・低中所得層	住居安定↑ 教育費不安↓ 希望↑	住居、保育、教育費の長期不安を束ねて緩衝し、子どもを迎える判断が一時金だけで終わらないよう支える。
72	structure_birth_grant_package	BP05	政策	出生非強制・監査ガードレール	15	83	0.68	1.00	全体	制度信頼↑ 反発↓ moral injury↓	非婚・非出産・単身・養育しない選択を不利益にせず、出生数ではなく選択可能条件を評価対象にする。若者の「産ませたいだけでは」という反発を監査する。
72	structure_birth_grant_package	BP06	政策	財政・インフレ持続性監査	24	83	0.64	1.00	国家・金融・納税者・若者	財政不安↓ 制度信頼↑ 長期予見性↑	一時金と支援の財源、物価影響、対象公平性を継続監査し、金融システムを含む系の持続性が崩れた場合は自動補正する。
72	structure_birth_grant_package	BP07	政策	希望経路の可視化と達成共有	30	83	0.76	1.00	若者・家族形成層・次世代コホート	希望↑ 連帯感↑ 自己効力感↑	住居、ケア、教育費、復帰キャリアが実際につながった事例を学校・企業・地域で共有し、少なくとも複数の代表エージェントが「自分たちでも未来を作れる」と感じる経路を観測する。
73	structure_birth_grant_package	P01	政策	若者住居安定パッケージ	10	83	0.70	1.00	非正規・無業・若年就業	住居安定↑ 希望↑	家賃補助・保証人代替・転居支援を組み合わせ、居住不安を緩和する。
73	structure_birth_grant_package	P02	政策	奨学金負担軽減・所得連動返済	8	83	0.80	1.00	在学層・負債高層	可処分所得↑ 子ども意向↑	返済負担の平準化と減免を導入し、将来投資の先送りを抑制する。
73	structure_birth_grant_package	P03	政策	社会持続活動nat報酬制度	12	83	0.85	1.00	全体	nat獲得↑ 希望↑	学校・地域・介護・防災・制度更新活動を報酬化し、役割喪失を防ぐ。
73	structure_birth_grant_package	P05	政策	地域ケア就労の賃金底上げ	14	83	0.70	1.00	ケア責任層・地方	雇用安定↑ 制度信頼↑	ケア活動を社会基盤労働として扱い、賃金と社会的評価を引き上げる。
73	structure_birth_grant_package	P06	政策	学び直し・移行雇用保証	16	83	0.78	1.00	非正規・無業・自動化影響層	雇用安定↑ 自己効力感↑	訓練と実務移行をセットで保証し、自動化ショックからの回復経路を提供する。
73	structure_birth_grant_package	P07	政策	地方分散インフラ投資	20	83	0.65	1.00	地方層	住居安定↑ 希望↑	交通・医療・通信の更新により、地方での生活可能性を底上げする。
73	structure_birth_grant_package	P08	政策	若年メンタルヘルス即時アクセス	9	83	0.72	1.00	高負荷層	メンタル負荷↓ 希望↑	心理支援への待機時間と費用障壁を下げ、長期離脱を防ぐ。
73	structure_birth_grant_package	P09	政策	学校-企業-地域循環プロジェクト	18	83	0.68	1.00	在学層・若年就業	自己効力感↑ 制度信頼↑	学習内容と地域課題・雇用機会を連結し、努力の手応えを可視化する。
73	structure_birth_grant_package	P10	政策	nat通貨の逆進性補正	30	83	0.60	1.00	低所得層中心	格差↓ 制度信頼↑	nat配分の偏りを是正し、参加機会の不公平を抑える再分配ルールを導入する。
73	structure_birth_grant_package	P11	政策	介護ロボット・在宅支援普及	22	83	0.62	1.00	ケア責任層・地方・子育て初期	ケア負担↓ 可処分時間↑ 希望↑	介護ロボット、見守り、移乗支援、在宅医療接続を公共支援として広げ、家族ケアによる時間制約を緩和する。
73	structure_birth_grant_package	BP02	政策	産後休息・代替ケア保障	15	83	0.78	1.00	妊娠出産期・子育て初期・ケア責任層	時間余力↑ メンタル負荷↓ 出生圧力リスク↓	産後の休息、夜間支援、代替ケア、家事育児支援を公的に確保し、家族責任の固定化や母親だけへの負担集中を防ぐ。
73	structure_birth_grant_package	BP03	政策	復帰キャリア・企業負担補正	18	83	0.70	1.00	企業・正規雇用・非正規雇用・子育て初期	雇用安定↑ 企業反発↓ 子ども意向↑	育休復帰、短時間勤務、配置転換、代替人員費を企業だけに背負わせず、構造持続会計で補正し、採用抑制や女性不利益を抑える。
73	structure_birth_grant_package	BP04	政策	家族形成住居・教育費緩衝パッケージ	20	83	0.74	1.00	23-40歳・若者・低中所得層	住居安定↑ 教育費不安↓ 希望↑	住居、保育、教育費の長期不安を束ねて緩衝し、子どもを迎える判断が一時金だけで終わらないよう支える。
73	structure_birth_grant_package	BP05	政策	出生非強制・監査ガードレール	15	83	0.68	1.00	全体	制度信頼↑ 反発↓ moral injury↓	非婚・非出産・単身・養育しない選択を不利益にせず、出生数ではなく選択可能条件を評価対象にする。若者の「産ませたいだけでは」という反発を監査する。
73	structure_birth_grant_package	BP06	政策	財政・インフレ持続性監査	24	83	0.64	1.00	国家・金融・納税者・若者	財政不安↓ 制度信頼↑ 長期予見性↑	一時金と支援の財源、物価影響、対象公平性を継続監査し、金融システムを含む系の持続性が崩れた場合は自動補正する。
73	structure_birth_grant_package	BP07	政策	希望経路の可視化と達成共有	30	83	0.76	1.00	若者・家族形成層・次世代コホート	希望↑ 連帯感↑ 自己効力感↑	住居、ケア、教育費、復帰キャリアが実際につながった事例を学校・企業・地域で共有し、少なくとも複数の代表エージェントが「自分たちでも未来を作れる」と感じる経路を観測する。
74	structure_birth_grant_package	P01	政策	若者住居安定パッケージ	10	83	0.70	1.00	非正規・無業・若年就業	住居安定↑ 希望↑	家賃補助・保証人代替・転居支援を組み合わせ、居住不安を緩和する。
74	structure_birth_grant_package	P02	政策	奨学金負担軽減・所得連動返済	8	83	0.80	1.00	在学層・負債高層	可処分所得↑ 子ども意向↑	返済負担の平準化と減免を導入し、将来投資の先送りを抑制する。
74	structure_birth_grant_package	P03	政策	社会持続活動nat報酬制度	12	83	0.85	1.00	全体	nat獲得↑ 希望↑	学校・地域・介護・防災・制度更新活動を報酬化し、役割喪失を防ぐ。
74	structure_birth_grant_package	P05	政策	地域ケア就労の賃金底上げ	14	83	0.70	1.00	ケア責任層・地方	雇用安定↑ 制度信頼↑	ケア活動を社会基盤労働として扱い、賃金と社会的評価を引き上げる。
74	structure_birth_grant_package	P06	政策	学び直し・移行雇用保証	16	83	0.78	1.00	非正規・無業・自動化影響層	雇用安定↑ 自己効力感↑	訓練と実務移行をセットで保証し、自動化ショックからの回復経路を提供する。
74	structure_birth_grant_package	P07	政策	地方分散インフラ投資	20	83	0.65	1.00	地方層	住居安定↑ 希望↑	交通・医療・通信の更新により、地方での生活可能性を底上げする。
74	structure_birth_grant_package	P08	政策	若年メンタルヘルス即時アクセス	9	83	0.72	1.00	高負荷層	メンタル負荷↓ 希望↑	心理支援への待機時間と費用障壁を下げ、長期離脱を防ぐ。
74	structure_birth_grant_package	P09	政策	学校-企業-地域循環プロジェクト	18	83	0.68	1.00	在学層・若年就業	自己効力感↑ 制度信頼↑	学習内容と地域課題・雇用機会を連結し、努力の手応えを可視化する。
74	structure_birth_grant_package	P10	政策	nat通貨の逆進性補正	30	83	0.60	1.00	低所得層中心	格差↓ 制度信頼↑	nat配分の偏りを是正し、参加機会の不公平を抑える再分配ルールを導入する。
74	structure_birth_grant_package	P11	政策	介護ロボット・在宅支援普及	22	83	0.62	1.00	ケア責任層・地方・子育て初期	ケア負担↓ 可処分時間↑ 希望↑	介護ロボット、見守り、移乗支援、在宅医療接続を公共支援として広げ、家族ケアによる時間制約を緩和する。
74	structure_birth_grant_package	BP02	政策	産後休息・代替ケア保障	15	83	0.78	1.00	妊娠出産期・子育て初期・ケア責任層	時間余力↑ メンタル負荷↓ 出生圧力リスク↓	産後の休息、夜間支援、代替ケア、家事育児支援を公的に確保し、家族責任の固定化や母親だけへの負担集中を防ぐ。
74	structure_birth_grant_package	BP03	政策	復帰キャリア・企業負担補正	18	83	0.70	1.00	企業・正規雇用・非正規雇用・子育て初期	雇用安定↑ 企業反発↓ 子ども意向↑	育休復帰、短時間勤務、配置転換、代替人員費を企業だけに背負わせず、構造持続会計で補正し、採用抑制や女性不利益を抑える。
74	structure_birth_grant_package	BP04	政策	家族形成住居・教育費緩衝パッケージ	20	83	0.74	1.00	23-40歳・若者・低中所得層	住居安定↑ 教育費不安↓ 希望↑	住居、保育、教育費の長期不安を束ねて緩衝し、子どもを迎える判断が一時金だけで終わらないよう支える。
74	structure_birth_grant_package	BP05	政策	出生非強制・監査ガードレール	15	83	0.68	1.00	全体	制度信頼↑ 反発↓ moral injury↓	非婚・非出産・単身・養育しない選択を不利益にせず、出生数ではなく選択可能条件を評価対象にする。若者の「産ませたいだけでは」という反発を監査する。
74	structure_birth_grant_package	BP06	政策	財政・インフレ持続性監査	24	83	0.64	1.00	国家・金融・納税者・若者	財政不安↓ 制度信頼↑ 長期予見性↑	一時金と支援の財源、物価影響、対象公平性を継続監査し、金融システムを含む系の持続性が崩れた場合は自動補正する。
74	structure_birth_grant_package	BP07	政策	希望経路の可視化と達成共有	30	83	0.76	1.00	若者・家族形成層・次世代コホート	希望↑ 連帯感↑ 自己効力感↑	住居、ケア、教育費、復帰キャリアが実際につながった事例を学校・企業・地域で共有し、少なくとも複数の代表エージェントが「自分たちでも未来を作れる」と感じる経路を観測する。
75	structure_birth_grant_package	P01	政策	若者住居安定パッケージ	10	83	0.70	1.00	非正規・無業・若年就業	住居安定↑ 希望↑	家賃補助・保証人代替・転居支援を組み合わせ、居住不安を緩和する。
75	structure_birth_grant_package	P02	政策	奨学金負担軽減・所得連動返済	8	83	0.80	1.00	在学層・負債高層	可処分所得↑ 子ども意向↑	返済負担の平準化と減免を導入し、将来投資の先送りを抑制する。
75	structure_birth_grant_package	P03	政策	社会持続活動nat報酬制度	12	83	0.85	1.00	全体	nat獲得↑ 希望↑	学校・地域・介護・防災・制度更新活動を報酬化し、役割喪失を防ぐ。
75	structure_birth_grant_package	P05	政策	地域ケア就労の賃金底上げ	14	83	0.70	1.00	ケア責任層・地方	雇用安定↑ 制度信頼↑	ケア活動を社会基盤労働として扱い、賃金と社会的評価を引き上げる。
75	structure_birth_grant_package	P06	政策	学び直し・移行雇用保証	16	83	0.78	1.00	非正規・無業・自動化影響層	雇用安定↑ 自己効力感↑	訓練と実務移行をセットで保証し、自動化ショックからの回復経路を提供する。
75	structure_birth_grant_package	P07	政策	地方分散インフラ投資	20	83	0.65	1.00	地方層	住居安定↑ 希望↑	交通・医療・通信の更新により、地方での生活可能性を底上げする。
75	structure_birth_grant_package	P08	政策	若年メンタルヘルス即時アクセス	9	83	0.72	1.00	高負荷層	メンタル負荷↓ 希望↑	心理支援への待機時間と費用障壁を下げ、長期離脱を防ぐ。
75	structure_birth_grant_package	P09	政策	学校-企業-地域循環プロジェクト	18	83	0.68	1.00	在学層・若年就業	自己効力感↑ 制度信頼↑	学習内容と地域課題・雇用機会を連結し、努力の手応えを可視化する。
75	structure_birth_grant_package	P10	政策	nat通貨の逆進性補正	30	83	0.60	1.00	低所得層中心	格差↓ 制度信頼↑	nat配分の偏りを是正し、参加機会の不公平を抑える再分配ルールを導入する。
75	structure_birth_grant_package	P11	政策	介護ロボット・在宅支援普及	22	83	0.62	1.00	ケア責任層・地方・子育て初期	ケア負担↓ 可処分時間↑ 希望↑	介護ロボット、見守り、移乗支援、在宅医療接続を公共支援として広げ、家族ケアによる時間制約を緩和する。
75	structure_birth_grant_package	BP02	政策	産後休息・代替ケア保障	15	83	0.78	1.00	妊娠出産期・子育て初期・ケア責任層	時間余力↑ メンタル負荷↓ 出生圧力リスク↓	産後の休息、夜間支援、代替ケア、家事育児支援を公的に確保し、家族責任の固定化や母親だけへの負担集中を防ぐ。
75	structure_birth_grant_package	BP03	政策	復帰キャリア・企業負担補正	18	83	0.70	1.00	企業・正規雇用・非正規雇用・子育て初期	雇用安定↑ 企業反発↓ 子ども意向↑	育休復帰、短時間勤務、配置転換、代替人員費を企業だけに背負わせず、構造持続会計で補正し、採用抑制や女性不利益を抑える。
75	structure_birth_grant_package	BP04	政策	家族形成住居・教育費緩衝パッケージ	20	83	0.74	1.00	23-40歳・若者・低中所得層	住居安定↑ 教育費不安↓ 希望↑	住居、保育、教育費の長期不安を束ねて緩衝し、子どもを迎える判断が一時金だけで終わらないよう支える。
75	structure_birth_grant_package	BP05	政策	出生非強制・監査ガードレール	15	83	0.68	1.00	全体	制度信頼↑ 反発↓ moral injury↓	非婚・非出産・単身・養育しない選択を不利益にせず、出生数ではなく選択可能条件を評価対象にする。若者の「産ませたいだけでは」という反発を監査する。
75	structure_birth_grant_package	BP06	政策	財政・インフレ持続性監査	24	83	0.64	1.00	国家・金融・納税者・若者	財政不安↓ 制度信頼↑ 長期予見性↑	一時金と支援の財源、物価影響、対象公平性を継続監査し、金融システムを含む系の持続性が崩れた場合は自動補正する。
75	structure_birth_grant_package	BP07	政策	希望経路の可視化と達成共有	30	83	0.76	1.00	若者・家族形成層・次世代コホート	希望↑ 連帯感↑ 自己効力感↑	住居、ケア、教育費、復帰キャリアが実際につながった事例を学校・企業・地域で共有し、少なくとも複数の代表エージェントが「自分たちでも未来を作れる」と感じる経路を観測する。
76	structure_birth_grant_package	P01	政策	若者住居安定パッケージ	10	83	0.70	1.00	非正規・無業・若年就業	住居安定↑ 希望↑	家賃補助・保証人代替・転居支援を組み合わせ、居住不安を緩和する。
76	structure_birth_grant_package	P02	政策	奨学金負担軽減・所得連動返済	8	83	0.80	1.00	在学層・負債高層	可処分所得↑ 子ども意向↑	返済負担の平準化と減免を導入し、将来投資の先送りを抑制する。
76	structure_birth_grant_package	P03	政策	社会持続活動nat報酬制度	12	83	0.85	1.00	全体	nat獲得↑ 希望↑	学校・地域・介護・防災・制度更新活動を報酬化し、役割喪失を防ぐ。
76	structure_birth_grant_package	P05	政策	地域ケア就労の賃金底上げ	14	83	0.70	1.00	ケア責任層・地方	雇用安定↑ 制度信頼↑	ケア活動を社会基盤労働として扱い、賃金と社会的評価を引き上げる。
76	structure_birth_grant_package	P06	政策	学び直し・移行雇用保証	16	83	0.78	1.00	非正規・無業・自動化影響層	雇用安定↑ 自己効力感↑	訓練と実務移行をセットで保証し、自動化ショックからの回復経路を提供する。
76	structure_birth_grant_package	P07	政策	地方分散インフラ投資	20	83	0.65	1.00	地方層	住居安定↑ 希望↑	交通・医療・通信の更新により、地方での生活可能性を底上げする。
76	structure_birth_grant_package	P08	政策	若年メンタルヘルス即時アクセス	9	83	0.72	1.00	高負荷層	メンタル負荷↓ 希望↑	心理支援への待機時間と費用障壁を下げ、長期離脱を防ぐ。
76	structure_birth_grant_package	P09	政策	学校-企業-地域循環プロジェクト	18	83	0.68	1.00	在学層・若年就業	自己効力感↑ 制度信頼↑	学習内容と地域課題・雇用機会を連結し、努力の手応えを可視化する。
76	structure_birth_grant_package	P10	政策	nat通貨の逆進性補正	30	83	0.60	1.00	低所得層中心	格差↓ 制度信頼↑	nat配分の偏りを是正し、参加機会の不公平を抑える再分配ルールを導入する。
76	structure_birth_grant_package	P11	政策	介護ロボット・在宅支援普及	22	83	0.62	1.00	ケア責任層・地方・子育て初期	ケア負担↓ 可処分時間↑ 希望↑	介護ロボット、見守り、移乗支援、在宅医療接続を公共支援として広げ、家族ケアによる時間制約を緩和する。
76	structure_birth_grant_package	BP02	政策	産後休息・代替ケア保障	15	83	0.78	1.00	妊娠出産期・子育て初期・ケア責任層	時間余力↑ メンタル負荷↓ 出生圧力リスク↓	産後の休息、夜間支援、代替ケア、家事育児支援を公的に確保し、家族責任の固定化や母親だけへの負担集中を防ぐ。
76	structure_birth_grant_package	BP03	政策	復帰キャリア・企業負担補正	18	83	0.70	1.00	企業・正規雇用・非正規雇用・子育て初期	雇用安定↑ 企業反発↓ 子ども意向↑	育休復帰、短時間勤務、配置転換、代替人員費を企業だけに背負わせず、構造持続会計で補正し、採用抑制や女性不利益を抑える。
76	structure_birth_grant_package	BP04	政策	家族形成住居・教育費緩衝パッケージ	20	83	0.74	1.00	23-40歳・若者・低中所得層	住居安定↑ 教育費不安↓ 希望↑	住居、保育、教育費の長期不安を束ねて緩衝し、子どもを迎える判断が一時金だけで終わらないよう支える。
76	structure_birth_grant_package	BP05	政策	出生非強制・監査ガードレール	15	83	0.68	1.00	全体	制度信頼↑ 反発↓ moral injury↓	非婚・非出産・単身・養育しない選択を不利益にせず、出生数ではなく選択可能条件を評価対象にする。若者の「産ませたいだけでは」という反発を監査する。
76	structure_birth_grant_package	BP06	政策	財政・インフレ持続性監査	24	83	0.64	1.00	国家・金融・納税者・若者	財政不安↓ 制度信頼↑ 長期予見性↑	一時金と支援の財源、物価影響、対象公平性を継続監査し、金融システムを含む系の持続性が崩れた場合は自動補正する。
76	structure_birth_grant_package	BP07	政策	希望経路の可視化と達成共有	30	83	0.76	1.00	若者・家族形成層・次世代コホート	希望↑ 連帯感↑ 自己効力感↑	住居、ケア、教育費、復帰キャリアが実際につながった事例を学校・企業・地域で共有し、少なくとも複数の代表エージェントが「自分たちでも未来を作れる」と感じる経路を観測する。
77	structure_birth_grant_package	P01	政策	若者住居安定パッケージ	10	83	0.70	1.00	非正規・無業・若年就業	住居安定↑ 希望↑	家賃補助・保証人代替・転居支援を組み合わせ、居住不安を緩和する。
77	structure_birth_grant_package	P02	政策	奨学金負担軽減・所得連動返済	8	83	0.80	1.00	在学層・負債高層	可処分所得↑ 子ども意向↑	返済負担の平準化と減免を導入し、将来投資の先送りを抑制する。
77	structure_birth_grant_package	P03	政策	社会持続活動nat報酬制度	12	83	0.85	1.00	全体	nat獲得↑ 希望↑	学校・地域・介護・防災・制度更新活動を報酬化し、役割喪失を防ぐ。
77	structure_birth_grant_package	P05	政策	地域ケア就労の賃金底上げ	14	83	0.70	1.00	ケア責任層・地方	雇用安定↑ 制度信頼↑	ケア活動を社会基盤労働として扱い、賃金と社会的評価を引き上げる。
77	structure_birth_grant_package	P06	政策	学び直し・移行雇用保証	16	83	0.78	1.00	非正規・無業・自動化影響層	雇用安定↑ 自己効力感↑	訓練と実務移行をセットで保証し、自動化ショックからの回復経路を提供する。
77	structure_birth_grant_package	P07	政策	地方分散インフラ投資	20	83	0.65	1.00	地方層	住居安定↑ 希望↑	交通・医療・通信の更新により、地方での生活可能性を底上げする。
77	structure_birth_grant_package	P08	政策	若年メンタルヘルス即時アクセス	9	83	0.72	1.00	高負荷層	メンタル負荷↓ 希望↑	心理支援への待機時間と費用障壁を下げ、長期離脱を防ぐ。
77	structure_birth_grant_package	P09	政策	学校-企業-地域循環プロジェクト	18	83	0.68	1.00	在学層・若年就業	自己効力感↑ 制度信頼↑	学習内容と地域課題・雇用機会を連結し、努力の手応えを可視化する。
77	structure_birth_grant_package	P10	政策	nat通貨の逆進性補正	30	83	0.60	1.00	低所得層中心	格差↓ 制度信頼↑	nat配分の偏りを是正し、参加機会の不公平を抑える再分配ルールを導入する。
77	structure_birth_grant_package	P11	政策	介護ロボット・在宅支援普及	22	83	0.62	1.00	ケア責任層・地方・子育て初期	ケア負担↓ 可処分時間↑ 希望↑	介護ロボット、見守り、移乗支援、在宅医療接続を公共支援として広げ、家族ケアによる時間制約を緩和する。
77	structure_birth_grant_package	BP02	政策	産後休息・代替ケア保障	15	83	0.78	1.00	妊娠出産期・子育て初期・ケア責任層	時間余力↑ メンタル負荷↓ 出生圧力リスク↓	産後の休息、夜間支援、代替ケア、家事育児支援を公的に確保し、家族責任の固定化や母親だけへの負担集中を防ぐ。
77	structure_birth_grant_package	BP03	政策	復帰キャリア・企業負担補正	18	83	0.70	1.00	企業・正規雇用・非正規雇用・子育て初期	雇用安定↑ 企業反発↓ 子ども意向↑	育休復帰、短時間勤務、配置転換、代替人員費を企業だけに背負わせず、構造持続会計で補正し、採用抑制や女性不利益を抑える。
77	structure_birth_grant_package	BP04	政策	家族形成住居・教育費緩衝パッケージ	20	83	0.74	1.00	23-40歳・若者・低中所得層	住居安定↑ 教育費不安↓ 希望↑	住居、保育、教育費の長期不安を束ねて緩衝し、子どもを迎える判断が一時金だけで終わらないよう支える。
77	structure_birth_grant_package	BP05	政策	出生非強制・監査ガードレール	15	83	0.68	1.00	全体	制度信頼↑ 反発↓ moral injury↓	非婚・非出産・単身・養育しない選択を不利益にせず、出生数ではなく選択可能条件を評価対象にする。若者の「産ませたいだけでは」という反発を監査する。
77	structure_birth_grant_package	BP06	政策	財政・インフレ持続性監査	24	83	0.64	1.00	国家・金融・納税者・若者	財政不安↓ 制度信頼↑ 長期予見性↑	一時金と支援の財源、物価影響、対象公平性を継続監査し、金融システムを含む系の持続性が崩れた場合は自動補正する。
77	structure_birth_grant_package	BP07	政策	希望経路の可視化と達成共有	30	83	0.76	1.00	若者・家族形成層・次世代コホート	希望↑ 連帯感↑ 自己効力感↑	住居、ケア、教育費、復帰キャリアが実際につながった事例を学校・企業・地域で共有し、少なくとも複数の代表エージェントが「自分たちでも未来を作れる」と感じる経路を観測する。
78	structure_birth_grant_package	P01	政策	若者住居安定パッケージ	10	83	0.70	1.00	非正規・無業・若年就業	住居安定↑ 希望↑	家賃補助・保証人代替・転居支援を組み合わせ、居住不安を緩和する。
78	structure_birth_grant_package	P02	政策	奨学金負担軽減・所得連動返済	8	83	0.80	1.00	在学層・負債高層	可処分所得↑ 子ども意向↑	返済負担の平準化と減免を導入し、将来投資の先送りを抑制する。
78	structure_birth_grant_package	P03	政策	社会持続活動nat報酬制度	12	83	0.85	1.00	全体	nat獲得↑ 希望↑	学校・地域・介護・防災・制度更新活動を報酬化し、役割喪失を防ぐ。
78	structure_birth_grant_package	P05	政策	地域ケア就労の賃金底上げ	14	83	0.70	1.00	ケア責任層・地方	雇用安定↑ 制度信頼↑	ケア活動を社会基盤労働として扱い、賃金と社会的評価を引き上げる。
78	structure_birth_grant_package	P06	政策	学び直し・移行雇用保証	16	83	0.78	1.00	非正規・無業・自動化影響層	雇用安定↑ 自己効力感↑	訓練と実務移行をセットで保証し、自動化ショックからの回復経路を提供する。
78	structure_birth_grant_package	P07	政策	地方分散インフラ投資	20	83	0.65	1.00	地方層	住居安定↑ 希望↑	交通・医療・通信の更新により、地方での生活可能性を底上げする。
78	structure_birth_grant_package	P08	政策	若年メンタルヘルス即時アクセス	9	83	0.72	1.00	高負荷層	メンタル負荷↓ 希望↑	心理支援への待機時間と費用障壁を下げ、長期離脱を防ぐ。
78	structure_birth_grant_package	P09	政策	学校-企業-地域循環プロジェクト	18	83	0.68	1.00	在学層・若年就業	自己効力感↑ 制度信頼↑	学習内容と地域課題・雇用機会を連結し、努力の手応えを可視化する。
78	structure_birth_grant_package	P10	政策	nat通貨の逆進性補正	30	83	0.60	1.00	低所得層中心	格差↓ 制度信頼↑	nat配分の偏りを是正し、参加機会の不公平を抑える再分配ルールを導入する。
78	structure_birth_grant_package	P11	政策	介護ロボット・在宅支援普及	22	83	0.62	1.00	ケア責任層・地方・子育て初期	ケア負担↓ 可処分時間↑ 希望↑	介護ロボット、見守り、移乗支援、在宅医療接続を公共支援として広げ、家族ケアによる時間制約を緩和する。
78	structure_birth_grant_package	BP02	政策	産後休息・代替ケア保障	15	83	0.78	1.00	妊娠出産期・子育て初期・ケア責任層	時間余力↑ メンタル負荷↓ 出生圧力リスク↓	産後の休息、夜間支援、代替ケア、家事育児支援を公的に確保し、家族責任の固定化や母親だけへの負担集中を防ぐ。
78	structure_birth_grant_package	BP03	政策	復帰キャリア・企業負担補正	18	83	0.70	1.00	企業・正規雇用・非正規雇用・子育て初期	雇用安定↑ 企業反発↓ 子ども意向↑	育休復帰、短時間勤務、配置転換、代替人員費を企業だけに背負わせず、構造持続会計で補正し、採用抑制や女性不利益を抑える。
78	structure_birth_grant_package	BP04	政策	家族形成住居・教育費緩衝パッケージ	20	83	0.74	1.00	23-40歳・若者・低中所得層	住居安定↑ 教育費不安↓ 希望↑	住居、保育、教育費の長期不安を束ねて緩衝し、子どもを迎える判断が一時金だけで終わらないよう支える。
78	structure_birth_grant_package	BP05	政策	出生非強制・監査ガードレール	15	83	0.68	1.00	全体	制度信頼↑ 反発↓ moral injury↓	非婚・非出産・単身・養育しない選択を不利益にせず、出生数ではなく選択可能条件を評価対象にする。若者の「産ませたいだけでは」という反発を監査する。
78	structure_birth_grant_package	BP06	政策	財政・インフレ持続性監査	24	83	0.64	1.00	国家・金融・納税者・若者	財政不安↓ 制度信頼↑ 長期予見性↑	一時金と支援の財源、物価影響、対象公平性を継続監査し、金融システムを含む系の持続性が崩れた場合は自動補正する。
78	structure_birth_grant_package	BP07	政策	希望経路の可視化と達成共有	30	83	0.76	1.00	若者・家族形成層・次世代コホート	希望↑ 連帯感↑ 自己効力感↑	住居、ケア、教育費、復帰キャリアが実際につながった事例を学校・企業・地域で共有し、少なくとも複数の代表エージェントが「自分たちでも未来を作れる」と感じる経路を観測する。
79	structure_birth_grant_package	P01	政策	若者住居安定パッケージ	10	83	0.70	1.00	非正規・無業・若年就業	住居安定↑ 希望↑	家賃補助・保証人代替・転居支援を組み合わせ、居住不安を緩和する。
79	structure_birth_grant_package	P02	政策	奨学金負担軽減・所得連動返済	8	83	0.80	1.00	在学層・負債高層	可処分所得↑ 子ども意向↑	返済負担の平準化と減免を導入し、将来投資の先送りを抑制する。
79	structure_birth_grant_package	P03	政策	社会持続活動nat報酬制度	12	83	0.85	1.00	全体	nat獲得↑ 希望↑	学校・地域・介護・防災・制度更新活動を報酬化し、役割喪失を防ぐ。
79	structure_birth_grant_package	P05	政策	地域ケア就労の賃金底上げ	14	83	0.70	1.00	ケア責任層・地方	雇用安定↑ 制度信頼↑	ケア活動を社会基盤労働として扱い、賃金と社会的評価を引き上げる。
79	structure_birth_grant_package	P06	政策	学び直し・移行雇用保証	16	83	0.78	1.00	非正規・無業・自動化影響層	雇用安定↑ 自己効力感↑	訓練と実務移行をセットで保証し、自動化ショックからの回復経路を提供する。
79	structure_birth_grant_package	P07	政策	地方分散インフラ投資	20	83	0.65	1.00	地方層	住居安定↑ 希望↑	交通・医療・通信の更新により、地方での生活可能性を底上げする。
79	structure_birth_grant_package	P08	政策	若年メンタルヘルス即時アクセス	9	83	0.72	1.00	高負荷層	メンタル負荷↓ 希望↑	心理支援への待機時間と費用障壁を下げ、長期離脱を防ぐ。
79	structure_birth_grant_package	P09	政策	学校-企業-地域循環プロジェクト	18	83	0.68	1.00	在学層・若年就業	自己効力感↑ 制度信頼↑	学習内容と地域課題・雇用機会を連結し、努力の手応えを可視化する。
79	structure_birth_grant_package	P10	政策	nat通貨の逆進性補正	30	83	0.60	1.00	低所得層中心	格差↓ 制度信頼↑	nat配分の偏りを是正し、参加機会の不公平を抑える再分配ルールを導入する。
79	structure_birth_grant_package	P11	政策	介護ロボット・在宅支援普及	22	83	0.62	1.00	ケア責任層・地方・子育て初期	ケア負担↓ 可処分時間↑ 希望↑	介護ロボット、見守り、移乗支援、在宅医療接続を公共支援として広げ、家族ケアによる時間制約を緩和する。
79	structure_birth_grant_package	BP02	政策	産後休息・代替ケア保障	15	83	0.78	1.00	妊娠出産期・子育て初期・ケア責任層	時間余力↑ メンタル負荷↓ 出生圧力リスク↓	産後の休息、夜間支援、代替ケア、家事育児支援を公的に確保し、家族責任の固定化や母親だけへの負担集中を防ぐ。
79	structure_birth_grant_package	BP03	政策	復帰キャリア・企業負担補正	18	83	0.70	1.00	企業・正規雇用・非正規雇用・子育て初期	雇用安定↑ 企業反発↓ 子ども意向↑	育休復帰、短時間勤務、配置転換、代替人員費を企業だけに背負わせず、構造持続会計で補正し、採用抑制や女性不利益を抑える。
79	structure_birth_grant_package	BP04	政策	家族形成住居・教育費緩衝パッケージ	20	83	0.74	1.00	23-40歳・若者・低中所得層	住居安定↑ 教育費不安↓ 希望↑	住居、保育、教育費の長期不安を束ねて緩衝し、子どもを迎える判断が一時金だけで終わらないよう支える。
79	structure_birth_grant_package	BP05	政策	出生非強制・監査ガードレール	15	83	0.68	1.00	全体	制度信頼↑ 反発↓ moral injury↓	非婚・非出産・単身・養育しない選択を不利益にせず、出生数ではなく選択可能条件を評価対象にする。若者の「産ませたいだけでは」という反発を監査する。
79	structure_birth_grant_package	BP06	政策	財政・インフレ持続性監査	24	83	0.64	1.00	国家・金融・納税者・若者	財政不安↓ 制度信頼↑ 長期予見性↑	一時金と支援の財源、物価影響、対象公平性を継続監査し、金融システムを含む系の持続性が崩れた場合は自動補正する。
79	structure_birth_grant_package	BP07	政策	希望経路の可視化と達成共有	30	83	0.76	1.00	若者・家族形成層・次世代コホート	希望↑ 連帯感↑ 自己効力感↑	住居、ケア、教育費、復帰キャリアが実際につながった事例を学校・企業・地域で共有し、少なくとも複数の代表エージェントが「自分たちでも未来を作れる」と感じる経路を観測する。
80	structure_birth_grant_package	P01	政策	若者住居安定パッケージ	10	83	0.70	1.00	非正規・無業・若年就業	住居安定↑ 希望↑	家賃補助・保証人代替・転居支援を組み合わせ、居住不安を緩和する。
80	structure_birth_grant_package	P02	政策	奨学金負担軽減・所得連動返済	8	83	0.80	1.00	在学層・負債高層	可処分所得↑ 子ども意向↑	返済負担の平準化と減免を導入し、将来投資の先送りを抑制する。
80	structure_birth_grant_package	P03	政策	社会持続活動nat報酬制度	12	83	0.85	1.00	全体	nat獲得↑ 希望↑	学校・地域・介護・防災・制度更新活動を報酬化し、役割喪失を防ぐ。
80	structure_birth_grant_package	P05	政策	地域ケア就労の賃金底上げ	14	83	0.70	1.00	ケア責任層・地方	雇用安定↑ 制度信頼↑	ケア活動を社会基盤労働として扱い、賃金と社会的評価を引き上げる。
80	structure_birth_grant_package	P06	政策	学び直し・移行雇用保証	16	83	0.78	1.00	非正規・無業・自動化影響層	雇用安定↑ 自己効力感↑	訓練と実務移行をセットで保証し、自動化ショックからの回復経路を提供する。
80	structure_birth_grant_package	P07	政策	地方分散インフラ投資	20	83	0.65	1.00	地方層	住居安定↑ 希望↑	交通・医療・通信の更新により、地方での生活可能性を底上げする。
80	structure_birth_grant_package	P08	政策	若年メンタルヘルス即時アクセス	9	83	0.72	1.00	高負荷層	メンタル負荷↓ 希望↑	心理支援への待機時間と費用障壁を下げ、長期離脱を防ぐ。
80	structure_birth_grant_package	P09	政策	学校-企業-地域循環プロジェクト	18	83	0.68	1.00	在学層・若年就業	自己効力感↑ 制度信頼↑	学習内容と地域課題・雇用機会を連結し、努力の手応えを可視化する。
80	structure_birth_grant_package	P10	政策	nat通貨の逆進性補正	30	83	0.60	1.00	低所得層中心	格差↓ 制度信頼↑	nat配分の偏りを是正し、参加機会の不公平を抑える再分配ルールを導入する。
80	structure_birth_grant_package	P11	政策	介護ロボット・在宅支援普及	22	83	0.62	1.00	ケア責任層・地方・子育て初期	ケア負担↓ 可処分時間↑ 希望↑	介護ロボット、見守り、移乗支援、在宅医療接続を公共支援として広げ、家族ケアによる時間制約を緩和する。
80	structure_birth_grant_package	BP02	政策	産後休息・代替ケア保障	15	83	0.78	1.00	妊娠出産期・子育て初期・ケア責任層	時間余力↑ メンタル負荷↓ 出生圧力リスク↓	産後の休息、夜間支援、代替ケア、家事育児支援を公的に確保し、家族責任の固定化や母親だけへの負担集中を防ぐ。
80	structure_birth_grant_package	BP03	政策	復帰キャリア・企業負担補正	18	83	0.70	1.00	企業・正規雇用・非正規雇用・子育て初期	雇用安定↑ 企業反発↓ 子ども意向↑	育休復帰、短時間勤務、配置転換、代替人員費を企業だけに背負わせず、構造持続会計で補正し、採用抑制や女性不利益を抑える。
80	structure_birth_grant_package	BP04	政策	家族形成住居・教育費緩衝パッケージ	20	83	0.74	1.00	23-40歳・若者・低中所得層	住居安定↑ 教育費不安↓ 希望↑	住居、保育、教育費の長期不安を束ねて緩衝し、子どもを迎える判断が一時金だけで終わらないよう支える。
80	structure_birth_grant_package	BP05	政策	出生非強制・監査ガードレール	15	83	0.68	1.00	全体	制度信頼↑ 反発↓ moral injury↓	非婚・非出産・単身・養育しない選択を不利益にせず、出生数ではなく選択可能条件を評価対象にする。若者の「産ませたいだけでは」という反発を監査する。
80	structure_birth_grant_package	BP06	政策	財政・インフレ持続性監査	24	83	0.64	1.00	国家・金融・納税者・若者	財政不安↓ 制度信頼↑ 長期予見性↑	一時金と支援の財源、物価影響、対象公平性を継続監査し、金融システムを含む系の持続性が崩れた場合は自動補正する。
80	structure_birth_grant_package	BP07	政策	希望経路の可視化と達成共有	30	83	0.76	1.00	若者・家族形成層・次世代コホート	希望↑ 連帯感↑ 自己効力感↑	住居、ケア、教育費、復帰キャリアが実際につながった事例を学校・企業・地域で共有し、少なくとも複数の代表エージェントが「自分たちでも未来を作れる」と感じる経路を観測する。
81	structure_birth_grant_package	P01	政策	若者住居安定パッケージ	10	83	0.70	1.00	非正規・無業・若年就業	住居安定↑ 希望↑	家賃補助・保証人代替・転居支援を組み合わせ、居住不安を緩和する。
81	structure_birth_grant_package	P02	政策	奨学金負担軽減・所得連動返済	8	83	0.80	1.00	在学層・負債高層	可処分所得↑ 子ども意向↑	返済負担の平準化と減免を導入し、将来投資の先送りを抑制する。
81	structure_birth_grant_package	P03	政策	社会持続活動nat報酬制度	12	83	0.85	1.00	全体	nat獲得↑ 希望↑	学校・地域・介護・防災・制度更新活動を報酬化し、役割喪失を防ぐ。
81	structure_birth_grant_package	P05	政策	地域ケア就労の賃金底上げ	14	83	0.70	1.00	ケア責任層・地方	雇用安定↑ 制度信頼↑	ケア活動を社会基盤労働として扱い、賃金と社会的評価を引き上げる。
81	structure_birth_grant_package	P06	政策	学び直し・移行雇用保証	16	83	0.78	1.00	非正規・無業・自動化影響層	雇用安定↑ 自己効力感↑	訓練と実務移行をセットで保証し、自動化ショックからの回復経路を提供する。
81	structure_birth_grant_package	P07	政策	地方分散インフラ投資	20	83	0.65	1.00	地方層	住居安定↑ 希望↑	交通・医療・通信の更新により、地方での生活可能性を底上げする。
81	structure_birth_grant_package	P08	政策	若年メンタルヘルス即時アクセス	9	83	0.72	1.00	高負荷層	メンタル負荷↓ 希望↑	心理支援への待機時間と費用障壁を下げ、長期離脱を防ぐ。
81	structure_birth_grant_package	P09	政策	学校-企業-地域循環プロジェクト	18	83	0.68	1.00	在学層・若年就業	自己効力感↑ 制度信頼↑	学習内容と地域課題・雇用機会を連結し、努力の手応えを可視化する。
81	structure_birth_grant_package	P10	政策	nat通貨の逆進性補正	30	83	0.60	1.00	低所得層中心	格差↓ 制度信頼↑	nat配分の偏りを是正し、参加機会の不公平を抑える再分配ルールを導入する。
81	structure_birth_grant_package	P11	政策	介護ロボット・在宅支援普及	22	83	0.62	1.00	ケア責任層・地方・子育て初期	ケア負担↓ 可処分時間↑ 希望↑	介護ロボット、見守り、移乗支援、在宅医療接続を公共支援として広げ、家族ケアによる時間制約を緩和する。
81	structure_birth_grant_package	BP02	政策	産後休息・代替ケア保障	15	83	0.78	1.00	妊娠出産期・子育て初期・ケア責任層	時間余力↑ メンタル負荷↓ 出生圧力リスク↓	産後の休息、夜間支援、代替ケア、家事育児支援を公的に確保し、家族責任の固定化や母親だけへの負担集中を防ぐ。
81	structure_birth_grant_package	BP03	政策	復帰キャリア・企業負担補正	18	83	0.70	1.00	企業・正規雇用・非正規雇用・子育て初期	雇用安定↑ 企業反発↓ 子ども意向↑	育休復帰、短時間勤務、配置転換、代替人員費を企業だけに背負わせず、構造持続会計で補正し、採用抑制や女性不利益を抑える。
81	structure_birth_grant_package	BP04	政策	家族形成住居・教育費緩衝パッケージ	20	83	0.74	1.00	23-40歳・若者・低中所得層	住居安定↑ 教育費不安↓ 希望↑	住居、保育、教育費の長期不安を束ねて緩衝し、子どもを迎える判断が一時金だけで終わらないよう支える。
81	structure_birth_grant_package	BP05	政策	出生非強制・監査ガードレール	15	83	0.68	1.00	全体	制度信頼↑ 反発↓ moral injury↓	非婚・非出産・単身・養育しない選択を不利益にせず、出生数ではなく選択可能条件を評価対象にする。若者の「産ませたいだけでは」という反発を監査する。
81	structure_birth_grant_package	BP06	政策	財政・インフレ持続性監査	24	83	0.64	1.00	国家・金融・納税者・若者	財政不安↓ 制度信頼↑ 長期予見性↑	一時金と支援の財源、物価影響、対象公平性を継続監査し、金融システムを含む系の持続性が崩れた場合は自動補正する。
81	structure_birth_grant_package	BP07	政策	希望経路の可視化と達成共有	30	83	0.76	1.00	若者・家族形成層・次世代コホート	希望↑ 連帯感↑ 自己効力感↑	住居、ケア、教育費、復帰キャリアが実際につながった事例を学校・企業・地域で共有し、少なくとも複数の代表エージェントが「自分たちでも未来を作れる」と感じる経路を観測する。
82	structure_birth_grant_package	P01	政策	若者住居安定パッケージ	10	83	0.70	1.00	非正規・無業・若年就業	住居安定↑ 希望↑	家賃補助・保証人代替・転居支援を組み合わせ、居住不安を緩和する。
82	structure_birth_grant_package	P02	政策	奨学金負担軽減・所得連動返済	8	83	0.80	1.00	在学層・負債高層	可処分所得↑ 子ども意向↑	返済負担の平準化と減免を導入し、将来投資の先送りを抑制する。
82	structure_birth_grant_package	P03	政策	社会持続活動nat報酬制度	12	83	0.85	1.00	全体	nat獲得↑ 希望↑	学校・地域・介護・防災・制度更新活動を報酬化し、役割喪失を防ぐ。
82	structure_birth_grant_package	P05	政策	地域ケア就労の賃金底上げ	14	83	0.70	1.00	ケア責任層・地方	雇用安定↑ 制度信頼↑	ケア活動を社会基盤労働として扱い、賃金と社会的評価を引き上げる。
82	structure_birth_grant_package	P06	政策	学び直し・移行雇用保証	16	83	0.78	1.00	非正規・無業・自動化影響層	雇用安定↑ 自己効力感↑	訓練と実務移行をセットで保証し、自動化ショックからの回復経路を提供する。
82	structure_birth_grant_package	P07	政策	地方分散インフラ投資	20	83	0.65	1.00	地方層	住居安定↑ 希望↑	交通・医療・通信の更新により、地方での生活可能性を底上げする。
82	structure_birth_grant_package	P08	政策	若年メンタルヘルス即時アクセス	9	83	0.72	1.00	高負荷層	メンタル負荷↓ 希望↑	心理支援への待機時間と費用障壁を下げ、長期離脱を防ぐ。
82	structure_birth_grant_package	P09	政策	学校-企業-地域循環プロジェクト	18	83	0.68	1.00	在学層・若年就業	自己効力感↑ 制度信頼↑	学習内容と地域課題・雇用機会を連結し、努力の手応えを可視化する。
82	structure_birth_grant_package	P10	政策	nat通貨の逆進性補正	30	83	0.60	1.00	低所得層中心	格差↓ 制度信頼↑	nat配分の偏りを是正し、参加機会の不公平を抑える再分配ルールを導入する。
82	structure_birth_grant_package	P11	政策	介護ロボット・在宅支援普及	22	83	0.62	1.00	ケア責任層・地方・子育て初期	ケア負担↓ 可処分時間↑ 希望↑	介護ロボット、見守り、移乗支援、在宅医療接続を公共支援として広げ、家族ケアによる時間制約を緩和する。
82	structure_birth_grant_package	BP02	政策	産後休息・代替ケア保障	15	83	0.78	1.00	妊娠出産期・子育て初期・ケア責任層	時間余力↑ メンタル負荷↓ 出生圧力リスク↓	産後の休息、夜間支援、代替ケア、家事育児支援を公的に確保し、家族責任の固定化や母親だけへの負担集中を防ぐ。
82	structure_birth_grant_package	BP03	政策	復帰キャリア・企業負担補正	18	83	0.70	1.00	企業・正規雇用・非正規雇用・子育て初期	雇用安定↑ 企業反発↓ 子ども意向↑	育休復帰、短時間勤務、配置転換、代替人員費を企業だけに背負わせず、構造持続会計で補正し、採用抑制や女性不利益を抑える。
82	structure_birth_grant_package	BP04	政策	家族形成住居・教育費緩衝パッケージ	20	83	0.74	1.00	23-40歳・若者・低中所得層	住居安定↑ 教育費不安↓ 希望↑	住居、保育、教育費の長期不安を束ねて緩衝し、子どもを迎える判断が一時金だけで終わらないよう支える。
82	structure_birth_grant_package	BP05	政策	出生非強制・監査ガードレール	15	83	0.68	1.00	全体	制度信頼↑ 反発↓ moral injury↓	非婚・非出産・単身・養育しない選択を不利益にせず、出生数ではなく選択可能条件を評価対象にする。若者の「産ませたいだけでは」という反発を監査する。
82	structure_birth_grant_package	BP06	政策	財政・インフレ持続性監査	24	83	0.64	1.00	国家・金融・納税者・若者	財政不安↓ 制度信頼↑ 長期予見性↑	一時金と支援の財源、物価影響、対象公平性を継続監査し、金融システムを含む系の持続性が崩れた場合は自動補正する。
82	structure_birth_grant_package	BP07	政策	希望経路の可視化と達成共有	30	83	0.76	1.00	若者・家族形成層・次世代コホート	希望↑ 連帯感↑ 自己効力感↑	住居、ケア、教育費、復帰キャリアが実際につながった事例を学校・企業・地域で共有し、少なくとも複数の代表エージェントが「自分たちでも未来を作れる」と感じる経路を観測する。
83	structure_birth_grant_package	P01	政策	若者住居安定パッケージ	10	83	0.70	1.00	非正規・無業・若年就業	住居安定↑ 希望↑	家賃補助・保証人代替・転居支援を組み合わせ、居住不安を緩和する。
83	structure_birth_grant_package	P02	政策	奨学金負担軽減・所得連動返済	8	83	0.80	1.00	在学層・負債高層	可処分所得↑ 子ども意向↑	返済負担の平準化と減免を導入し、将来投資の先送りを抑制する。
83	structure_birth_grant_package	P03	政策	社会持続活動nat報酬制度	12	83	0.85	1.00	全体	nat獲得↑ 希望↑	学校・地域・介護・防災・制度更新活動を報酬化し、役割喪失を防ぐ。
83	structure_birth_grant_package	P05	政策	地域ケア就労の賃金底上げ	14	83	0.70	1.00	ケア責任層・地方	雇用安定↑ 制度信頼↑	ケア活動を社会基盤労働として扱い、賃金と社会的評価を引き上げる。
83	structure_birth_grant_package	P06	政策	学び直し・移行雇用保証	16	83	0.78	1.00	非正規・無業・自動化影響層	雇用安定↑ 自己効力感↑	訓練と実務移行をセットで保証し、自動化ショックからの回復経路を提供する。
83	structure_birth_grant_package	P07	政策	地方分散インフラ投資	20	83	0.65	1.00	地方層	住居安定↑ 希望↑	交通・医療・通信の更新により、地方での生活可能性を底上げする。
83	structure_birth_grant_package	P08	政策	若年メンタルヘルス即時アクセス	9	83	0.72	1.00	高負荷層	メンタル負荷↓ 希望↑	心理支援への待機時間と費用障壁を下げ、長期離脱を防ぐ。
83	structure_birth_grant_package	P09	政策	学校-企業-地域循環プロジェクト	18	83	0.68	1.00	在学層・若年就業	自己効力感↑ 制度信頼↑	学習内容と地域課題・雇用機会を連結し、努力の手応えを可視化する。
83	structure_birth_grant_package	P10	政策	nat通貨の逆進性補正	30	83	0.60	1.00	低所得層中心	格差↓ 制度信頼↑	nat配分の偏りを是正し、参加機会の不公平を抑える再分配ルールを導入する。
83	structure_birth_grant_package	P11	政策	介護ロボット・在宅支援普及	22	83	0.62	1.00	ケア責任層・地方・子育て初期	ケア負担↓ 可処分時間↑ 希望↑	介護ロボット、見守り、移乗支援、在宅医療接続を公共支援として広げ、家族ケアによる時間制約を緩和する。
83	structure_birth_grant_package	BP02	政策	産後休息・代替ケア保障	15	83	0.78	1.00	妊娠出産期・子育て初期・ケア責任層	時間余力↑ メンタル負荷↓ 出生圧力リスク↓	産後の休息、夜間支援、代替ケア、家事育児支援を公的に確保し、家族責任の固定化や母親だけへの負担集中を防ぐ。
83	structure_birth_grant_package	BP03	政策	復帰キャリア・企業負担補正	18	83	0.70	1.00	企業・正規雇用・非正規雇用・子育て初期	雇用安定↑ 企業反発↓ 子ども意向↑	育休復帰、短時間勤務、配置転換、代替人員費を企業だけに背負わせず、構造持続会計で補正し、採用抑制や女性不利益を抑える。
83	structure_birth_grant_package	BP04	政策	家族形成住居・教育費緩衝パッケージ	20	83	0.74	1.00	23-40歳・若者・低中所得層	住居安定↑ 教育費不安↓ 希望↑	住居、保育、教育費の長期不安を束ねて緩衝し、子どもを迎える判断が一時金だけで終わらないよう支える。
83	structure_birth_grant_package	BP05	政策	出生非強制・監査ガードレール	15	83	0.68	1.00	全体	制度信頼↑ 反発↓ moral injury↓	非婚・非出産・単身・養育しない選択を不利益にせず、出生数ではなく選択可能条件を評価対象にする。若者の「産ませたいだけでは」という反発を監査する。
83	structure_birth_grant_package	BP06	政策	財政・インフレ持続性監査	24	83	0.64	1.00	国家・金融・納税者・若者	財政不安↓ 制度信頼↑ 長期予見性↑	一時金と支援の財源、物価影響、対象公平性を継続監査し、金融システムを含む系の持続性が崩れた場合は自動補正する。
83	structure_birth_grant_package	BP07	政策	希望経路の可視化と達成共有	30	83	0.76	1.00	若者・家族形成層・次世代コホート	希望↑ 連帯感↑ 自己効力感↑	住居、ケア、教育費、復帰キャリアが実際につながった事例を学校・企業・地域で共有し、少なくとも複数の代表エージェントが「自分たちでも未来を作れる」と感じる経路を観測する。
