step	country_code	country_name	country_name_en	region	risk_stage	stance	foreign_action	domestic_message	private_constraint	geopolitical_risk	energy_price_pressure	labor_market_uncertainty	compute_supply_constraint	fiscal_pressure	supply_chain_fragility	sns_anxiety_amplification	japan_policy_buffer	japan_impact_summary
1	USA	アメリカ	United States	北米	圧力上昇	同盟負担増とAI統制	同盟に防衛・制裁協力を要請、対中半導体規制を強化	生活費対策を続けつつ国益と抑止を守る	分断と選挙で長期負担が続けにくい	66.0	58.0	53.0	72.0	44.0	61.0	57.0	49.0	防衛負担と技術制約で将来設計が揺れ、慎重志向が増える
1	CHN	中国	China	東アジア	境界的圧力	台湾抑止と雇用安定を優先	対台軍事示威と輸出管理迂回の拡大	外圧に対抗し景気と雇用を守る	成長鈍化で強硬姿勢が正統性の支え	78.0	46.0	62.0	58.0	40.0	74.0	66.0	44.0	安全保障と雇用の不確実性が重なり将来像が曇る
1	JPN	日本	Japan	東アジア	圧力上昇	生活防衛と抑止の同時運用	米国等と協議し原油調達を分散	停戦でも不安定、物価対策を継続	財政制約で防衛・生活・若者策が競合	58.0	61.0	46.0	34.0	63.0	52.0	57.0	44.0	生活費不安が将来観を曇らせるが支援が見えれば緩和
1	TWN	台湾	Taiwan	東アジア	境界的圧力	抑止強化と供給継続	米日と抑止協調、半導体供給の冗長化	危機管理を強化し、生活と雇用を守る	エネルギー脆弱で物価が政権負担	74.0	58.0	52.0	36.0	49.0	67.0	63.0	55.0	海峡不安と物価観測で将来不安が増幅、進路選好が保守化
1	KOR	韓国	South Korea	東アジア	圧力上昇	半導体守り同盟協調	対米協議で抑止強化と輸出管理を調整	雇用と安保を同時に守る現実路線	対中依存と対米協調の板挟みが続く	60.0	52.0	56.0	45.0	54.0	58.0	53.0	50.0	半導体・雇用の不確実性が増し将来感が揺れやすい
1	PRK	北朝鮮	North Korea	東アジア	間接衝突	挑発管理で体制威信維持	短距離発射と核言及で交渉圧力を演出	外圧に屈せず自衛力で体制を守る	制裁・食糧難で挑発が統治装置化	78.0	44.0	57.0	49.0	52.0	61.0	73.0	46.0	安全不安が増幅し将来設計が萎縮、挑戦回避へ
1	RUS	ロシア	Russia	ユーラシア	間接衝突	制裁耐久と資源収入維持	資源輸出を迂回し価格影響を交渉	対外圧力下でも雇用と物価を守る	戦費と制裁で投資停滞、体制求心力不安	72.0	64.0	52.0	58.0	46.0	57.0	49.0	44.0	資源高と安全保障不安で将来像が曇り、挑戦回避が増える
1	UKR	ウクライナ	Ukraine	欧州	限定戦争	継戦と復興資金の確保	欧米支援の維持と停戦監視強化を要請	停戦は不安定、国を守り生活も支える	人的損耗と財政枯渇で交渉余地が狭い	66.0	41.0	52.0	36.0	62.0	47.0	54.0	49.0	戦争長期化観測が広がり将来不安が増える
1	IRN	イラン	Iran	中東	境界的圧力	停戦維持と抑止を両立	航路攪乱は抑え制裁緩和の交渉を継続	停戦下でも警戒を維持し生活を守る	体制正統性と経済難で強硬圧力が残る	61.0	67.0	46.0	39.0	52.0	58.0	63.0	49.0	原油不安と再燃報道で将来像が揺れ、挑戦が慎重化
1	ISR	イスラエル	Israel	中東	境界的圧力	抑止維持と技術確保	対イラン再燃に備え同盟協調と対空強化	停戦下でも脅威は継続、警戒と経済維持	長期動員と分断で財政・世論が摩耗	66.0	60.0	52.0	46.0	62.0	54.0	58.0	49.0	中東再燃不安で将来設計が揺れ、コスト高が焦燥を増す
1	SAU	サウジアラビア	Saudi Arabia	中東	圧力上昇	増産余地を残し市場安定	OPEC+で供給枠調整、対米関係維持	国家収入と物価安定を両立させる	治安・改革費用で減産も増産も痛い	46.0	67.0	41.0	18.0	44.0	38.0	52.0	56.0	燃料高が生活不安を増幅。賃上げ停滞で将来像が曇る
1	EU	欧州連合	European Union	欧州	圧力上昇	規制と景気維持の両立	対露制裁維持と対日技術協力を調整	安全と物価の両立へ規制は現実路線	加盟国分裂と物価反発で合意が脆い	46.0	52.0	44.0	33.0	49.0	41.0	38.0	57.0	物価と雇用の先行き不安が残り進路選択が慎重化
2	USA	アメリカ	United States	北米	圧力上昇	同盟結束とAI覇権維持	対中先端半導体規制強化、同盟に投資協調要求	雇用移行支援と競争力強化で国益を守る	分断と選挙で負担増に耐性が低い	68.0	60.0	58.0	78.0	47.0	66.0	61.0	45.0	計算資源不足と雇用不安が重なり、将来設計が保守化
2	CHN	中国	China	東アジア	境界的圧力	AI主権と雇用安定を優先	対日・対米で技術交渉圧力と迂回調達拡大	外部封じ込めに耐え成長と雇用を守る	投資競争で財政はあるが失速が怖い	80.0	48.0	66.0	64.0	43.0	78.0	69.0	41.0	半導体・雇用不安が重なり、挑戦より慎重が増える
2	JPN	日本	Japan	東アジア	圧力上昇	供給網と雇用不安の抑制	米欧と連携し計算資源確保と調達分散	AI競争下でも生活と雇用を守る	財政制約で若者策と産業支援が競合	60.0	59.0	57.0	49.0	66.0	55.0	63.0	41.0	仕事の先行き不安が増幅し、将来像が短期化する
2	TWN	台湾	Taiwan	東アジア	境界的圧力	抑止維持と産業防衛	米日欧と供給協議、輸出管理に適応	危機に備え雇用と物価を守る	電力・燃料脆弱で投資余力が限定	77.0	61.0	58.0	44.0	54.0	72.0	68.0	53.0	AI競争と海峡不安が重なり、進路不安が強まり安全志向が増す
2	KOR	韓国	South Korea	東アジア	境界的圧力	技術主権を優先し防衛線	対米で輸出管理強化と共同R&D枠拡大	雇用転換と安保を同時に守る現実策	対中市場損失と若者不満の火種が残る	63.0	54.0	61.0	58.0	57.0	62.0	59.0	47.0	半導体・職の先行き不透明が増し焦燥と分断が強まる
2	PRK	北朝鮮	North Korea	東アジア	間接衝突	挑発を調整し交渉圧を維持	発射示威とサイバーで存在感と資金確保	強硬抑止で尊厳と生活を守ると強調	制裁と物資不足で外圧演出が統治の柱	82.0	46.0	61.0	56.0	54.0	63.0	77.0	44.0	安保不安とAI競争不透明感が重なり将来像が縮む
2	RUS	ロシア	Russia	ユーラシア	間接衝突	資源収入維持とAI制裁迂回	資源輸出の迂回強化と取引条件の硬化	制裁下でも賃金と物価を下支えする	半導体・投資不足で成長の糊代が薄い	74.0	66.0	56.0	62.0	50.0	60.0	52.0	42.0	資源高と技術閉塞で将来不安が増し挑戦が鈍る
2	UKR	ウクライナ	Ukraine	欧州	限定戦争	継戦維持とAI産業協力確保	欧米に軍事・復興支援継続とAI/計算資源協力要請	支援確保で防衛と生活基盤を同時に守る	戦費と人員損耗で交渉力が細り余力がない	68.0	44.0	56.0	48.0	66.0	49.0	58.0	47.0	AI競争と戦争観測が重なり就職と将来像が揺れ不安が増す
2	IRN	イラン	Iran	中東	境界的圧力	停戦管理と対内統制優先	対米再燃回避し制裁緩和を探る	強硬姿勢を保ち生活防衛を進める	経済難と強硬派圧力で譲歩困難	64.0	70.0	49.0	45.0	55.0	60.0	66.0	47.0	AI競争報道と原油不安が重なり、将来設計が保守化しやすい
2	ISR	イスラエル	Israel	中東	間接衝突	抑止維持とAI優位確保	米欧とAI協力、輸出管理を強化	停戦下でも備え継続、成長投資も守る	動員長期化で財政と世論が消耗	67.0	62.0	56.0	50.0	64.0	57.0	61.0	47.0	AI競争と中東再燃不安が重なり、将来像が霧化し焦りが増す
2	SAU	サウジアラビア	Saudi Arabia	中東	圧力上昇	原油安定とAI投資を両立	OPEC+調整継続、米中とAI投資交渉	収入確保で改革と雇用を守る	価格下落は財政直撃、技術移転は条件戦	44.0	63.0	45.0	23.0	46.0	39.0	54.0	55.0	燃料高が可処分所得を圧迫。AI不安で将来像が揺れる
2	EU	欧州連合	European Union	欧州	圧力上昇	規制主導で産業防衛	AI規制整合と対外投資審査を強化	雇用保護と安全のため規制を前倒し	加盟国温度差と景気悪化で妥協が必要	48.0	54.0	56.0	41.0	52.0	46.0	44.0	55.0	AI職の揺れが不安を増やすが規制協調で将来像は保てる
3	USA	アメリカ	United States	北米	境界的圧力	対中抑止と同盟負担要求	対中抑止を強化し日台周辺の連携を要請	供給網と雇用を守るため強硬に対応	選挙・分断で長期負担の継続が難しい	74.0	63.0	61.0	86.0	52.0	78.0	69.0	41.0	半導体不安で就職・学習投資が萎縮、将来観が短期化
3	CHN	中国	China	東アジア	境界的圧力	台湾優先で技術交渉強化	対日輸出入を梃子に技術・物流圧力	挑発に備え産業と雇用を守る	失速回避へ外圧演出と迂回が要る	86.0	52.0	72.0	71.0	46.0	84.0	76.0	38.0	進路選択が保守化し、海外・理系志向も様子見が増える
3	JPN	日本	Japan	東アジア	境界的圧力	供給網と抑止の同時強化	米台欧と連携し半導体調達分散と備蓄	供給不安に備え物価と雇用を下支え	財政と産業支援が先細り、調整コスト大	71.0	60.0	62.0	56.0	69.0	74.0	72.0	38.0	先行き不安が強まり挑戦回避が増えるが支援次第で緩和
3	TWN	台湾	Taiwan	東アジア	境界的圧力	抑止強化と産業継続	米日欧と供給網協議、分散生産を促進	緊張は続くが雇用と物価を守る	電力・燃料脆弱、若者支援と防衛費が競合	80.0	63.0	61.0	52.0	57.0	78.0	72.0	50.0	海峡不安と供給懸念で進路が慎重化、心理疲労が増える
3	KOR	韓国	South Korea	東アジア	境界的圧力	半導体防衛と同盟調整	対米で輸出管理・在庫連携、対日で代替調達協議	供給不安に備え雇用と安保を守る	対中依存と若者雇用悪化が政権リスク	68.0	56.0	64.0	66.0	60.0	71.0	62.0	44.0	半導体不安が就職・賃金見通しを曇らせ、将来像が短期化する
3	PRK	北朝鮮	North Korea	東アジア	間接衝突	示威を強めつつ偶発回避	発射準備示威とサイバーで攪乱継続	外敵脅威を強調し結束と耐乏を訴える	制裁下で資金難、緊張演出が統治資源	86.0	48.0	63.0	62.0	56.0	71.0	82.0	41.0	安保と半導体不安が連鎖し、将来設計が先送りになる
3	RUS	ロシア	Russia	ユーラシア	間接衝突	資源で交渉力を維持	資源輸出条件を硬化し対日迂回も探る	外圧下でも雇用と物価を守る	戦費・制裁で技術更新が詰まりやすい	78.0	70.0	58.0	65.0	52.0	66.0	56.0	40.0	半導体不安と資源高が重なり、将来設計が保守化する
3	UKR	ウクライナ	Ukraine	欧州	限定戦争	支援継続確保と防衛優先	欧州・日本に復興資金と装備・部品支援要請	同盟支援を維持し戦線と生活を守る	人員損耗と財政逼迫で妥協余地が狭い	70.0	46.0	58.0	56.0	68.0	54.0	61.0	44.0	半導体不安が就職観を冷やし、戦争長期化で将来不安が増幅
3	IRN	イラン	Iran	中東	境界的圧力	停戦維持と対内統制を優先	停戦枠内で示威、制裁緩和の余地探る	外圧に屈せず生活防衛を進める	経済難と強硬派で譲歩しにくい	66.0	74.0	52.0	49.0	57.0	63.0	69.0	45.0	半導体不安と原油懸念が同時化し、将来選好が短期・安全寄りへ
3	ISR	イスラエル	Israel	中東	間接衝突	抑止継続と供給網の確保	米欧と輸出管理連携、代替調達と共同開発	停戦下でも備え維持、技術産業は守る	動員・財政消耗で投資と治安が綱引き	69.0	64.0	58.0	62.0	66.0	68.0	63.0	44.0	半導体不安が進路と将来設計を揺らし、焦燥が増える
3	SAU	サウジアラビア	Saudi Arabia	中東	境界的圧力	原油安定と対外均衡を優先	OPEC+微調整、対アジア長期契約を強化	収入を守り改革投資と治安を維持	米中板挟みで投資条件が硬化	49.0	68.0	47.0	27.0	48.0	56.0	58.0	52.0	燃料高と半導体不安が重なり、将来設計が慎重化する
3	EU	欧州連合	European Union	欧州	境界的圧力	半導体安保で対中依存を抑制	対台関与は抑えつつ輸出管理と代替調達を加速	産業と雇用を守るため供給網の強靭化を急ぐ	加盟国温度差と企業負担で一枚岩になりにくい	56.0	53.0	58.0	55.0	57.0	62.0	52.0	49.0	半導体不安で将来設計が揺れ、転職・学習圧が強まる
4	USA	アメリカ	United States	北米	境界的圧力	同盟負担増とエネ安保優先	ホルムズ警戒で海上警備支援と対日負担要請	エネルギーと物価を守るため抑止を強化	選挙と分断で長期関与の継続が不安定	72.0	78.0	64.0	84.0	56.0	75.0	71.0	38.0	電気代・物価不安が学習投資と就職観を短期化させる
4	CHN	中国	China	東アジア	境界的圧力	台湾抑止と輸出統制で牽制	対日素材・部材の審査強化と迂回輸出	外圧に備え産業と雇用を守り抜く	景気鈍化で強硬一辺倒は取れない	88.0	64.0	74.0	73.0	49.0	85.0	78.0	36.0	電気代不安で将来設計が縮み、挑戦より安定志向が強まる
4	JPN	日本	Japan	東アジア	境界的圧力	物価対策と抑止の同時運用	産油国・米と協議し調達分散と備蓄拡大	電気代・燃料高に備え家計と産業を下支え	財政配分が硬直、支援は時限で限界	73.0	74.0	66.0	58.0	77.0	79.0	78.0	33.0	生活コスト不安で将来展望が縮み、挑戦回避が増えやすい
4	TWN	台湾	Taiwan	東アジア	境界的圧力	抑止維持と生活コスト対処	米日欧と危機連絡強化、燃料調達を多元化	物価不安に対処しつつ抑止と産業を守る	燃料・電力脆弱でコスト上昇、財政が逼迫	82.0	72.0	63.0	55.0	61.0	80.0	76.0	46.0	電気代・物流不安が上乗せされ、進路の慎重化と疲労感が強まる
4	KOR	韓国	South Korea	東アジア	境界的圧力	供給と物価を同時防衛	原油LNGの長期契約増、対米で在庫連携	物価対策と安保を両立し雇用を守る	対中取引と同盟順守の板挟み、財政も硬い	70.0	67.0	62.0	64.0	63.0	74.0	66.0	41.0	電気代と就職不安が重なり、将来設計が短期化する
4	PRK	北朝鮮	North Korea	東アジア	間接衝突	示威で譲歩を引き出す	短距離発射示威とサイバー攪乱を強化	包囲に対抗し自力更生と結束を強調	資金・燃料難、緊張演出が統治の燃料	88.0	54.0	64.0	63.0	57.0	72.0	83.0	39.0	安保不安と物価不安が重なり、挑戦より回避が増える
4	RUS	ロシア	Russia	ユーラシア	間接衝突	資源優位で対外圧力に対抗	輸出条件を硬化し代替物流も確保	資源収入で戦費と生活を下支え	技術制裁で装備・産業更新が鈍い	80.0	78.0	60.0	68.0	54.0	70.0	59.0	36.0	電気代と就活不安が増し、挑戦より堅実志向が強まる
4	UKR	ウクライナ	Ukraine	欧州	限定戦争	支援確保と戦線維持を最優先	欧州・日本に復興資金と弾薬・部品支援を再要請	戦況は厳しいが同盟支援で国を守り抜く	兵員・財政の消耗で交渉余地が狭い	72.0	58.0	60.0	57.0	70.0	56.0	63.0	42.0	電気代不安が生活防衛志向を強め、挑戦意欲が揺らぐ
4	IRN	イラン	Iran	中東	境界的圧力	停戦維持で対外圧力を調整	航路近傍で示威と仲介国経由で交渉	停戦は維持、生活防衛と安全確保を優先	強硬派と経済難で譲歩余地が狭い	68.0	81.0	56.0	52.0	60.0	69.0	74.0	41.0	燃料高と物流不安が将来像を縮め、安定志向が強まる
4	ISR	イスラエル	Israel	中東	間接衝突	抑止維持と経済耐久を優先	米欧と対イラン抑止連携、海上警戒強化	停戦下でも備え継続、物価対策も並行	動員負担と政治分断で追加決断が難しい	72.0	78.0	61.0	64.0	70.0	74.0	69.0	41.0	燃料高と物流不安で生活設計が縮み、焦りが増す
4	SAU	サウジアラビア	Saudi Arabia	中東	境界的圧力	価格安定を最優先	OPEC+で供給余力を誇示し護送調整	市場安定で歳入を守り改革を継続	海上不安で保険料上昇、板挟み継続	56.0	78.0	50.0	28.0	52.0	62.0	61.0	49.0	光熱・燃料高が先行き不安を増幅し進路が保守化
4	EU	欧州連合	European Union	欧州	境界的圧力	エネルギー確保と景気防衛	中東リスクを警戒しLNG・原油調達を分散	物価と雇用を守りつつ支援と抑止を継続	加盟国温度差と物価不満で統一対応が遅い	58.0	67.0	55.0	52.0	63.0	60.0	57.0	46.0	電気代・物流高で将来不安が増し、節約と学び直し圧が強まる
5	USA	アメリカ	United States	北米	境界的圧力	技術封鎖で同盟結束強化	対中技術規制強化と同盟国に遵守要請	雇用と安全保障を守るため技術防衛	産業界反発と選挙で継続性が揺れる	78.0	71.0	66.0	90.0	60.0	82.0	74.0	34.0	計算資源不足と物価不安が将来設計を縮め、挑戦より安定志向が強まる
5	CHN	中国	China	東アジア	境界的圧力	輸出統制に対抗し圧力維持	対日重要部材の許認可を絞り代替供給を推進	外部封鎖に備え産業と雇用を守る	景気減速で長期強硬は負担、失業が怖い	90.0	66.0	77.0	76.0	52.0	88.0	80.0	34.0	分断感で将来が読めず、挑戦より安定志向が強まる
5	JPN	日本	Japan	東アジア	境界的圧力	供給網と財政の同時防衛	同盟と技術枠組み参加、調達二重化	物価と雇用を守りつつ技術基盤を確保	財政硬直で配分が痛む、合意形成も重い	76.0	72.0	70.0	66.0	82.0	86.0	81.0	29.0	将来の選択肢が狭まる感覚が強まり、挑戦回避と焦燥が増える
5	TWN	台湾	Taiwan	東アジア	境界的圧力	供給網防衛と抑止堅持	米日欧と輸出管理協調、代替物流確保	外圧下でも雇用と産業基盤を守る	電力・燃料が弱点、投資と防衛が競合	85.0	74.0	66.0	61.0	64.0	86.0	79.0	44.0	半導体不安が再燃し、就職・進学で慎重化と疲労感が増す
5	KOR	韓国	South Korea	東アジア	境界的圧力	技術同盟を優先し需給を締める	対米で半導体枠組み強化、対中は選別	技術主権と雇用防衛のため再配置する	輸出依存と同盟順守が衝突、物価も怖い	72.0	64.0	66.0	71.0	67.0	79.0	71.0	38.0	半導体の先細り感が就活不安を増幅し挑戦が萎む
5	PRK	北朝鮮	North Korea	東アジア	境界的圧力	示威で交渉余地を作る	発射訓練示威と暗黙の制裁回避取引	対外包囲に屈せず国防と結束を強調	外貨・燃料不足、緊張維持が統治手段	92.0	56.0	66.0	68.0	59.0	75.0	86.0	36.0	安保不安と分断感で将来像が狭まり、挑戦より保守化が進む
5	RUS	ロシア	Russia	ユーラシア	間接衝突	資源と制裁耐性で主導権確保	資源輸出条件を選別し友好国へ傾斜	包囲下でも国家運営と戦費を維持	技術・部材制約で長期消耗が痛い	82.0	81.0	63.0	73.0	56.0	76.0	62.0	33.0	物価・就職不安が増幅し、挑戦より安定志向が強まる
5	UKR	ウクライナ	Ukraine	欧州	限定戦争	支援維持と防衛継続を優先	欧州・日米に弾薬・防空と復興資金を再要請	長期戦でも国家存続のため動員と支援を続ける	兵員・財政が限界で交渉主導権が弱い	74.0	61.0	63.0	66.0	76.0	62.0	67.0	38.0	半導体不安と物価観測で将来設計が保守化しやすい
5	IRN	イラン	Iran	中東	境界的圧力	停戦維持し圧力は段階化	航路警戒を強化、制裁緩和交渉を模索	外圧下でも治安と生活を守ると強調	強硬派圧力と資金難で選択肢が狭い	70.0	84.0	58.0	60.0	63.0	72.0	76.0	39.0	燃料高と分断感で先行き不透明感が強まり、慎重・安定志向が増す
5	ISR	イスラエル	Israel	中東	境界的圧力	技術優位と抑止を優先	米欧と輸出管理強化、対イラン警戒継続	ブロック化でも雇用と安全を守る	分断政治と動員負担で長期化に弱い	76.0	81.0	66.0	71.0	74.0	79.0	72.0	38.0	半導体・物価不安が進路選択を硬直化し焦燥が増す
5	SAU	サウジアラビア	Saudi Arabia	中東	境界的圧力	価格安定と体制収益を両立	OPEC+で小幅調整、米中と二重交渉	市場安定で歳入を確保し改革を継続	海上不安と制裁地雷で自由度が狭い	58.0	76.0	52.0	31.0	54.0	66.0	63.0	47.0	燃料高と分断感で将来設計が慎重化、挑戦が鈍る
5	EU	欧州連合	European Union	欧州	境界的圧力	規制軸で技術主権を確保	対中リスク抑制へ輸出管理と同盟調整	雇用と安全を守るため産業転換を加速	加盟国利害差で決定が遅れ景気不安	64.0	61.0	58.0	66.0	66.0	69.0	60.0	44.0	半導体・職の先細り感が増え、進路不安と海外志向が強まる
6	USA	アメリカ	United States	北米	境界的圧力	同盟負担増で技術優位維持	対中輸出管理維持、同盟へ投資と規制順守要求	雇用と安全保障のため供給網を守る	選挙・物価で対外強硬の継続が不安定	76.0	66.0	69.0	92.0	64.0	80.0	73.0	32.0	財政議論で支援が見えにくく、将来は守り優先に傾く
6	CHN	中国	China	東アジア	境界的圧力	選別圧力で統制維持	対日重要素材は許認可を選別、代替も拡大	外部封鎖に備え産業と雇用を守る	景気鈍化で強硬一辺倒は不利、失業が怖い	88.0	64.0	79.0	78.0	56.0	87.0	82.0	31.0	生活費と将来不安が重なり、挑戦より節約・安定志向が強まる
6	JPN	日本	Japan	東アジア	境界的圧力	財政制約下で同時防衛	同盟協議で負担平準化、調達分散を加速	物価・雇用優先、必要分野に集中投資	配分争いで遅れる、増税回避も限界	74.0	69.0	73.0	62.0	88.0	82.0	84.0	24.0	支援の選別感が強まり、将来設計が不透明で萎縮が増える
6	TWN	台湾	Taiwan	東アジア	境界的圧力	抑止維持と産業連続性	米日欧と供給継続協議、重要品優先配分	安全と雇用を守り投資継続を図る	電力燃料と保険コストが重い	83.0	71.0	64.0	63.0	67.0	84.0	78.0	41.0	財政議論の迷走と供給不安が重なり、将来設計が保守化し疲労感が増す
6	KOR	韓国	South Korea	東アジア	境界的圧力	技術同盟維持し供給管理	対米で半導体枠組み維持、対中は制限強化	安保と雇用を守るため供給を最適化	輸出と同盟順守が緊張、家計負担も重い	74.0	66.0	69.0	73.0	61.0	81.0	73.0	34.0	日本の財政議論が支援の見通しを曇らせ、就活と生活不安が増幅
6	PRK	北朝鮮	North Korea	東アジア	境界的圧力	示威を維持し譲歩を引く	短距離発射示威と対話窓口の誇示	包囲下でも国防で生活を守ると宣伝	外貨不足で長期緊張は高コスト	90.0	58.0	68.0	70.0	63.0	76.0	88.0	32.0	財政論争と安保不安が重なり、挑戦より防衛的進路が増える
6	RUS	ロシア	Russia	ユーラシア	間接衝突	資源収入と戦争継続を優先	供給条件を硬化し制裁回避網を拡大	外圧下でも戦費と生活を守る	部材・技術不足で消耗が進む	84.0	78.0	66.0	74.0	60.0	77.0	64.0	30.0	物価と将来不安が続き、挑戦より防衛的選択が増える
6	UKR	ウクライナ	Ukraine	欧州	限定戦争	支援固定化へ追加支援要請	欧州・日米へ防空と復興資金の上積み要請	支援確保と動員維持で国家存続を優先	兵員・財政が逼迫し交渉余地が小さい	76.0	63.0	66.0	67.0	80.0	64.0	69.0	33.0	財政余地論争と外部不確実性で将来設計が萎縮しやすい
6	IRN	イラン	Iran	中東	境界的圧力	停戦は維持、交渉で時間稼ぎ	航路周辺の示威と裏交渉を併用	外圧に屈せず生活防衛を継続	強硬派・資金難で譲歩が難しい	72.0	86.0	60.0	62.0	66.0	74.0	79.0	35.0	物価と将来不安が残り、挑戦より安定志向が強まる
6	ISR	イスラエル	Israel	中東	境界的圧力	抑止維持と技術確保を優先	米欧と輸出管理・対サイバー協力を継続	安全確保と経済維持を同時に進める	動員負担と政治分断で長期戦に弱い	78.0	83.0	68.0	73.0	77.0	81.0	74.0	34.0	財政議論で支援見通しが揺れ、将来不安と焦燥が強まる
6	SAU	サウジアラビア	Saudi Arabia	中東	境界的圧力	価格維持と安定供給を優先	OPEC+で減産維持、紅海警戒を強化	歳入を守り改革と雇用を維持する	海上不安と米圧力で調整幅が小さい	61.0	79.0	54.0	32.0	60.0	67.0	65.0	44.0	生活費高止まりで将来不安が増幅、挑戦は慎重化
6	EU	欧州連合	European Union	欧州	境界的圧力	規制と産業防衛を優先	対中依存低減と輸出管理を継続	雇用と安全のため産業転換を守る	加盟国分断と景気減速で実行が鈍い	66.0	58.0	60.0	70.0	68.0	71.0	63.0	41.0	財政不安下で進路選択が硬直し、海外志向と焦燥が増える
7	USA	アメリカ	United States	北米	境界的圧力	同盟分担と電力確保を優先	同盟へAI電力・投資負担分担を要求	電力網と雇用を守り競争力を維持	送電遅延と住民反発、選挙で揺れる	78.0	70.0	73.0	94.0	67.0	82.0	76.0	30.0	計算資源と電力コスト不安が強まり、将来像が縮む
7	CHN	中国	China	東アジア	境界的圧力	統制維持で対外圧力を選別	対日素材・部材の許認可を絞りつつ取引余地も残す	電力制約下でも産業と雇用を優先し安定を守る	電力網負担と雇用不安で強硬一本は続けにくい	86.0	66.0	81.0	79.0	58.0	88.0	84.0	29.0	電力・AI格差の話題が不安を増幅し、将来設計が保守化する
7	JPN	日本	Japan	東アジア	境界的圧力	電力制約下でAI配分最適化	電力・燃料の調達多角化とDC立地協議	AI投資は進めつつ地域負担と料金上昇を抑制	送電・立地合意が遅れ格差批判が増える	72.0	74.0	76.0	68.0	90.0	83.0	88.0	21.0	AI利用格差と料金不安が増え、挑戦より防衛に傾く
7	TWN	台湾	Taiwan	東アジア	境界的圧力	電力確保と抑止維持	米日欧と電力・燃料確保協議、供給優先枠	電力負担を抑え投資と雇用を守る	電力網制約でDC増設が鈍りコスト上昇	84.0	76.0	66.0	69.0	70.0	86.0	80.0	38.0	電力制約でAI格差不安が増え、就活と将来設計が慎重化
7	KOR	韓国	South Korea	東アジア	境界的圧力	電力制約下で技術同盟を堅持	対米で計算資源枠と電力投資協調、対中は輸出管理維持	電力網整備と雇用対策でAI格差を抑える	電力網投資が遅れれば供給管理も雇用も崩れる	72.0	69.0	73.0	79.0	66.0	78.0	77.0	30.0	電力・計算資源の逼迫が就活不安を増幅し将来像が曇る
7	PRK	北朝鮮	North Korea	東アジア	境界的圧力	示威で譲歩を誘う	発射示威とサイバー資金獲得を継続	電力難でも軍需優先で体制防衛	外貨不足と電力難で長期挑発は負担	92.0	61.0	70.0	74.0	66.0	79.0	90.0	30.0	安保不安とAI格差不安が同時進行し、将来設計が萎む
7	RUS	ロシア	Russia	ユーラシア	間接衝突	資源を梃子に制裁耐性	エネルギー供給を選別し価格交渉を強化	外圧下でも雇用と戦費を維持	電力・部材不足で産業転換が遅い	86.0	82.0	68.0	76.0	62.0	79.0	66.0	28.0	電力制約でAI格差不安が増え、将来像が縮む
7	UKR	ウクライナ	Ukraine	欧州	限定戦争	支援の質を指定し追加要請	防空・発電/送電・AI支援を日欧米へ要請	前線維持と復興準備を同時に進める	電力と財政が限界、支援条件が厳化	78.0	66.0	68.0	72.0	82.0	66.0	71.0	31.0	AI格差と電力不安が重なり、将来像が描きにくい
7	IRN	イラン	Iran	中東	境界的圧力	停戦維持し資源レバー維持	航路周辺で示威しつつ制裁緩和交渉	外圧に備え生活防衛と電力確保を強化	財政難と強硬派で譲歩が狭い	74.0	88.0	62.0	64.0	68.0	76.0	82.0	32.0	電力・物価不安が長期化し、挑戦回避と閉塞感が強まる
7	ISR	イスラエル	Israel	中東	境界的圧力	抑止維持と計算資源確保	米欧と輸出管理・電力/DC協力を強化	安全保障優先で生活影響は最小化する	動員と電力制約で成長投資が詰まる	80.0	86.0	70.0	79.0	79.0	83.0	76.0	33.0	AI利用格差と電力不安が重なり、進路の焦りが増す
7	SAU	サウジアラビア	Saudi Arabia	中東	境界的圧力	価格と供給の微調整	OPEC+で増産余地示し、紅海護衛協調	安定歳入で改革投資と雇用を守る	米圧力と海上不安で最適化が難しい	63.0	82.0	55.0	33.0	61.0	68.0	66.0	43.0	電力制約でAI格差不安が上乗せ、生活費高止まりで挑戦が鈍る
7	EU	欧州連合	European Union	欧州	境界的圧力	電力制約下で産業防衛	電力優先配分とAI拠点誘導、輸出管理継続	電力と雇用を守りつつAI格差を抑える	加盟国利害と環境規制で増設が遅い	64.0	62.0	58.0	76.0	66.0	69.0	65.0	39.0	計算資源の逼迫観が進路不安を増やし、焦燥が強まる
8	USA	アメリカ	United States	北米	境界的圧力	同盟負担とAI覇権を優先	対日で計算資源・防衛分担の上積み要求	雇用再配置に備え産業と訓練を守る	送電制約と選挙、物価不満で譲れない	80.0	68.0	78.0	95.0	70.0	83.0	82.0	28.0	初職不安と計算資源不足が重なり、将来設計が縮む
8	CHN	中国	China	東アジア	境界的圧力	雇用安定優先で圧力を可変化	対日部材許認可を選別し技術協力を取引化	雇用と秩序を守り外圧に譲らない	若年不安と成長鈍化で強硬固定は難しい	87.0	64.0	85.0	82.0	60.0	90.0	88.0	26.0	初職不安とAI格差が拡大し、挑戦より安定志向が強まる
8	JPN	日本	Japan	東アジア	境界的圧力	雇用再配置に全力緩衝	燃料調達分散と計算資源枠の確保交渉	料金と雇用不安を抑え訓練・移行支援を拡充	財政逼迫と立地合意遅れで不満が増幅	70.0	73.0	82.0	66.0	92.0	80.0	89.0	19.0	初職不安が強まり挑戦より安定志向、移行支援の見え方が鍵
8	TWN	台湾	Taiwan	東アジア	境界的圧力	抑止維持と産業稼働優先	米日欧と供給保証枠・輸送保険を強化	雇用移行を支えつつ国防と投資を守る	電力・人材・コストでDCと製造が競合	83.0	75.0	72.0	71.0	72.0	85.0	84.0	36.0	AIで初職不安が増幅、半導体供給懸念が将来像を曇らせる
8	KOR	韓国	South Korea	東アジア	境界的圧力	雇用不安を抑え同盟維持	対米で人材訓練と計算資源枠を協調、対中は管理維持	若者雇用の緩衝と産業転換を同時に進める	電力・財政・雇用の三重制約で痛みが出る	74.0	67.0	79.0	81.0	69.0	77.0	82.0	28.0	就活・初職の見通しが揺れ、比較不安がSNSで増幅する
8	PRK	北朝鮮	North Korea	東アジア	境界的圧力	示威と取引で体制維持	短距離発射示威とサイバー資金獲得を継続	困難期こそ軍需優先で体制と抑止を守る	外貨・電力不足で長期緊張は消耗が増す	90.0	58.0	74.0	76.0	68.0	78.0	92.0	28.0	安保不安に加えAI再配置不安が重なり将来像が縮む
8	RUS	ロシア	Russia	ユーラシア	間接衝突	資源収入で体制を維持	供給先再編と価格条件で交渉	制裁下でも雇用と戦費を守る	戦費と制裁で技術更新が詰まる	84.0	80.0	73.0	78.0	64.0	77.0	72.0	26.0	AI雇用摩擦に物価・電力不安が重なり、将来像が曇る
8	UKR	ウクライナ	Ukraine	欧州	限定戦争	支援条件を絞り迅速化	防空・電力復旧とAI運用支援を優先要請	前線維持と産業回復を同時に進める	人員不足と財政硬直、支援疲れが怖い	79.0	64.0	73.0	70.0	83.0	65.0	74.0	29.0	戦争長期化×AI再配置で初職不安が増幅しやすい
8	IRN	イラン	Iran	中東	境界的圧力	停戦維持で対外レバー確保	航路周辺の警戒強化と制裁緩和を取引	外圧下でも治安と生活物資の確保を優先	財政難と強硬派で譲歩余地が小さい	76.0	90.0	66.0	66.0	70.0	78.0	84.0	30.0	物価と雇用不安が重なり、挑戦回避と将来不信が強まる
8	ISR	イスラエル	Israel	中東	境界的圧力	抑止優先で技術供給を確保	米欧と輸出管理調整、DC/半導体確保	安全保障優先、雇用は訓練で下支え	動員・電力・世論で政策の幅が狭い	78.0	82.0	74.0	81.0	80.0	84.0	77.0	31.0	初職不安と計算資源制約が重なり将来像が曇る
8	SAU	サウジアラビア	Saudi Arabia	中東	境界的圧力	価格安定で体制防衛	OPEC+で供給微調整、紅海警戒を継続	歳入を守り改革雇用を下支えする	治安費と歳出維持で柔軟性が削れる	64.0	79.0	60.0	34.0	62.0	69.0	68.0	41.0	生活費高止まりに雇用再配置不安が重なり、挑戦回避が増える
8	EU	欧州連合	European Union	欧州	境界的圧力	規制維持で雇用緩衝	AI規制運用を厳格化し、再訓練基金拡充	雇用を守りつつAI移行を秩序立てる	加盟国分断と電力・財政で実行が遅い	63.0	60.0	66.0	74.0	70.0	67.0	68.0	37.0	欧州の再訓練競争が波及し、就活の焦燥と比較不安が増える
9	USA	アメリカ	United States	北米	境界的圧力	同盟負担とAI優位を維持	対日で防衛分担と計算資源の優先配分を要求	ロボ導入で雇用再訓練と競争力を急ぐ	送電・人材・選挙で譲歩余地が小さい	82.0	66.0	84.0	96.0	72.0	85.0	86.0	24.0	ロボ普及で職の見通しが揺れ、初職不安と焦燥が増す
9	CHN	中国	China	東アジア	境界的圧力	雇用安定優先で対日取引化	対日部材・電池素材を許認可で選別運用	雇用と秩序を守り外圧に主導権を持つ	ロボ導入で雇用不安増、強硬固定は逆風	88.0	62.0	86.0	84.0	61.0	91.0	89.0	24.0	ロボ導入格差が雇用不安を増幅し、挑戦回避が強まる
9	JPN	日本	Japan	東アジア	境界的圧力	雇用移行と財政の同時防衛	同盟協議で供給網と計算資源枠を確保	雇用の再訓練と物価対策を優先し段階導入	財政余力が薄く導入格差が不満を増幅	68.0	70.0	88.0	64.0	94.0	78.0	91.0	16.0	ロボ導入で初職と技能格差不安が増大、支援の実感が鍵
9	TWN	台湾	Taiwan	東アジア	境界的圧力	抑止維持と産業稼働確保	米日欧と供給保証・保険、危機輸送を拡張	ロボ導入で雇用転換を支えつつ防衛と投資継続	電力・人材がDC/製造/国防で奪い合い	86.0	74.0	78.0	73.0	75.0	87.0	88.0	34.0	半導体不安にロボ雇用再編が重なり初職と将来像が曇る
9	KOR	韓国	South Korea	東アジア	境界的圧力	半導体主導で雇用緩衝	対米で計算資源枠と装置連携を確保、対中は輸出管理を維持	ロボ導入は成長投資、移行期の雇用は国が支える	電力・人材・対中依存が足枷、財政も無限ではない	72.0	69.0	84.0	78.0	73.0	76.0	86.0	26.0	ロボ化で初職不安が増え、日韓比較がSNSで刺さりやすい
9	PRK	北朝鮮	North Korea	東アジア	境界的圧力	示威継続で交渉余地確保	発射示威を抑制的に継続し対外取引を探る	外圧下でも抑止を固め生活は耐える	外貨不足で緊張維持は消耗が大きい	88.0	60.0	77.0	78.0	70.0	79.0	93.0	26.0	安保不安とロボ導入格差不安が重なり将来像が縮む
9	RUS	ロシア	Russia	ユーラシア	間接衝突	資源収入で戦時経済を維持	供給先の選別と価格条件で取引圧力	制裁下でも雇用と物価を守り抜く	戦費優先で技術更新と民生投資が不足	86.0	83.0	78.0	80.0	66.0	79.0	75.0	24.0	ロボ導入で職の再編不安が増幅し、物価・電力不安と重なる
9	UKR	ウクライナ	Ukraine	欧州	限定戦争	支援の確度を上げ継戦	防空・電力復旧と訓練支援を集中要請	前線維持と復興準備を同時に進める	兵員・財政が限界、支援疲れが怖い	81.0	61.0	76.0	71.0	84.0	66.0	75.0	28.0	戦争長期化とロボ導入格差が重なり初職の不安が増える
9	IRN	イラン	Iran	中東	境界的圧力	停戦維持で制裁緩和狙い	航路抑止を誇示し交渉で譲歩獲得	外圧下でも雇用と物価を守る	強硬派と財政難で柔軟策が限定	74.0	88.0	70.0	68.0	72.0	79.0	86.0	28.0	物価高と自動化不安が重なり、進路選択が保守化する
9	ISR	イスラエル	Israel	中東	間接衝突	抑止維持と技術確保	米欧と輸出管理調整、サイバー抑止を強化	安全保障優先、雇用は技能転換で守る	動員と世論で財政・電力の余裕が薄い	80.0	78.0	77.0	83.0	82.0	85.0	79.0	29.0	ロボ導入格差と半導体制約が重なり初職不安が増す
9	SAU	サウジアラビア	Saudi Arabia	中東	境界的圧力	価格安定と改革資金確保	OPEC+で増産余地を示し、紅海航路の警戒継続	価格の急変を避け、雇用と改革投資を守る	治安・歳出と改革投資の両立が難しい	63.0	74.0	63.0	35.0	61.0	67.0	70.0	40.0	生活費高止まりにロボ導入格差不安が重なり、将来設計が慎重化
9	EU	欧州連合	European Union	欧州	境界的圧力	ロボ導入を規制下で加速	安全基準と補助でロボ導入を主導	格差を抑え雇用移行を支える	加盟国差と電力コストで遅れ	61.0	58.0	69.0	72.0	71.0	66.0	73.0	36.0	欧州の導入競争が比較不安を増幅、焦燥が強まる
10	USA	アメリカ	United States	北米	境界的圧力	同盟負担とAI覇権を優先	対日で防衛分担増と半導体優先枠を要請	生活費対策と対外抑止を同時に進める	選挙・物価・送電制約で譲歩が難しい	80.0	68.0	86.0	95.0	74.0	83.0	87.0	22.0	物価高と将来賃金不安が重なり、挑戦より防衛的選択が増える
10	CHN	中国	China	東アジア	境界的圧力	対日依存を交渉レバー化	対日重要部材を許認可で配分、迂回輸出も監視	生活費圧力下でも雇用と安定を最優先する	物価不満と雇用不安で強硬長期化は逆風	90.0	66.0	88.0	85.0	64.0	92.0	91.0	22.0	物価不安と部材不確実が重なり将来設計が縮む
10	JPN	日本	Japan	東アジア	圧力上昇	生活費対策と雇用移行の併走	同盟協議でLNG枠と部材優先度を確保	物価と雇用を同時に守る支援へ重点化	財政制約で薄く広くは不可、分断が怖い	64.0	72.0	86.0	62.0	96.0	77.0	92.0	14.0	生活費不安が将来像を曇らせる。支援の納得感が希望を左右
10	TWN	台湾	Taiwan	東アジア	境界的圧力	抑止維持とコスト耐性	米日欧と供給優先枠・危機時代替生産を協議	生活費対策を拡充しつつ防衛と産業を守る	電力・人材・財政が生活支援と国防で競合	87.0	77.0	80.0	75.0	78.0	88.0	86.0	33.0	物価不安が半導体不安と結合し、進路の現実感が冷える
10	KOR	韓国	South Korea	東アジア	境界的圧力	物価鎮静と同盟堅持	対米でエネ調達・防衛協力を強化、対中は管理貿易維持	生活費対策を優先しつつ安全保障は譲らない	物価と雇用が政権の急所、対中依存も残る	74.0	72.0	86.0	80.0	78.0	79.0	88.0	24.0	生活費と初職不安が増幅、比較SNSで将来悲観が刺さる
10	PRK	北朝鮮	North Korea	東アジア	境界的圧力	示威抑制で取引余地維持	短距離発射準備を誇示し対話窓口も残す	外圧下でも抑止を保ち生活を守る	外貨不足と統制コストで長期は難しい	90.0	61.0	78.0	80.0	72.0	80.0	94.0	24.0	物価疲れに安保不安が重なり、挑戦意欲が萎む
10	RUS	ロシア	Russia	ユーラシア	間接衝突	資源と情報で外圧を相殺	エネルギー供給条件を硬化し迂回輸出を拡大	制裁下でも生活費を抑え国家を守る	戦費優先で民生・技術投資が細る	87.0	85.0	79.0	82.0	68.0	80.0	77.0	23.0	物価不安が長期化し将来設計が縮み、転職・学習も迷いが増える
10	UKR	ウクライナ	Ukraine	欧州	限定戦争	支援の確度を上げ継戦	防空・電力復旧支援の前倒しを要請	前線維持と生活負担の緩和を優先	兵員不足と財政枯渇、支援疲れが怖い	82.0	63.0	78.0	72.0	86.0	67.0	77.0	26.0	物価不安と戦争継続観測で将来設計が曇り、挑戦が慎重化
10	IRN	イラン	Iran	中東	境界的圧力	停戦維持で交渉優位確保	航路脅威を示し制裁緩和の取引	外圧下でも物価と雇用を守る	強硬派と財政難で譲歩が限定	76.0	90.0	72.0	70.0	74.0	81.0	88.0	26.0	生活費高止まりで将来不安が増幅し、挑戦より安定志向が強まる
10	ISR	イスラエル	Israel	中東	間接衝突	抑止維持と生活圧力対応	米欧と停戦枠組み維持、輸出管理強化	生活費対策を継続し安全も確保	動員・治安費で補助余力が細る	78.0	74.0	75.0	84.0	84.0	83.0	80.0	27.0	物価不安が就活不安と直結、将来像が曇る
10	SAU	サウジアラビア	Saudi Arabia	中東	境界的圧力	高値維持と急騰回避	OPEC+で増産含み、紅海警戒継続	歳入を守りつつ物価の波を抑える	治安費と改革投資の同時維持が重い	66.0	78.0	64.0	36.0	63.0	69.0	73.0	38.0	生活費高止まりが続き、進路選択が保守化し希望が細る
10	EU	欧州連合	European Union	欧州	境界的圧力	生活費対策を優先し規制も堅持	補助と関税調整、標準で市場主導	生活防衛と公正競争を同時に守る	加盟国温度差と電力高で実装が遅い	58.0	62.0	66.0	74.0	76.0	64.0	71.0	34.0	物価と規制競争が焦りを増幅、将来像が曇る
11	USA	アメリカ	United States	北米	圧力上昇	同盟負担と供給網を再調整	対日で防衛分担維持と半導体枠を再要請	物価対策と抑止維持で雇用を守る	選挙・物価・送電で譲歩余地が小さい	72.0	62.0	78.0	93.0	70.0	76.0	82.0	28.0	衝突不安は少し和らぐが、計算資源と将来賃金不安が残る
11	CHN	中国	China	東アジア	圧力上昇	演習沈静化で管理圧力	対日部材は許認可で調整、半導体は制限維持	周辺は落ち着くが安全と雇用を守る	景気・雇用不安で対外強硬の長期化は負担	78.0	60.0	82.0	83.0	62.0	88.0	86.0	28.0	軍事不安は少し薄れるが部材不確実が残り将来設計が固まらない
11	JPN	日本	Japan	東アジア	圧力上昇	生活費と移行雇用を優先	同盟と連携し部材・燃料の確保を継続	衝突は沈静化も物価と雇用に先手で対応	財政の限界で給付拡大は続かない	56.0	66.0	80.0	58.0	93.0	74.0	88.0	16.0	緊張は少し和らぐが、物価と将来不安が続き希望は戻りにくい
11	TWN	台湾	Taiwan	東アジア	圧力上昇	沈静化を活かし抑止と供給維持	演習沈静化を受け危機連絡と輸出枠を再調整	緊張は残るが産業と生活を同時に守る	電力・人材不足で増産と防衛が競合	78.0	71.0	73.0	68.0	74.0	82.0	79.0	36.0	衝突不安はやや減るが、供給不安が進路の慎重化を促す
11	KOR	韓国	South Korea	東アジア	圧力上昇	同盟堅持と物価抑制	対米で防衛協力維持、供給網の共同点検	緊張は緩むが備え継続、生活費も守る	若者雇用と防衛費が競合、対中依存も残る	66.0	64.0	80.0	76.0	74.0	73.0	83.0	28.0	地政学不安は少し緩むが、初職不安と生活費で将来観が揺れる
11	PRK	北朝鮮	North Korea	東アジア	境界的圧力	示威と対話窓口の併用	発射準備を誇示しつつ裏で制裁緩和探る	抑止を強め外圧に屈しないと強調	外貨難と統制負担で長期挑発は困難	84.0	60.0	76.0	79.0	70.0	78.0	92.0	26.0	直接危機は少し緩むが不安が残り挑戦が慎重化
11	RUS	ロシア	Russia	ユーラシア	間接衝突	資源収入を確保し対外圧力を耐える	迂回輸出を継続し供給条件を小刻みに硬化	長期戦でも雇用と物価を守り切る	戦費が優先で民生投資と技術更新が遅れる	84.0	82.0	76.0	80.0	70.0	78.0	74.0	24.0	物価と雇用の揺れが続き、将来設計は短期志向へ寄る
11	UKR	ウクライナ	Ukraine	欧州	限定戦争	支援維持を前提に継戦	欧米へ弾薬・防空・復興資金の確約要請	前線維持と電力・雇用支援を同時に進める	兵員・財政不足、支援疲れが最大の弱点	78.0	60.0	75.0	68.0	84.0	64.0	74.0	28.0	戦争長期化観測で物価と将来不安が残り、挑戦は慎重化
11	IRN	イラン	Iran	中東	境界的圧力	停戦維持で制裁緩和を探る	航路リスクを示しつつ交渉窓口を維持	外圧下でも治安と生活を守る	強硬派・財政難で妥協幅が小さい	73.0	86.0	70.0	69.0	75.0	79.0	86.0	28.0	燃料・物価高の長期化観測が不安を増幅し、将来設計が保守化
11	ISR	イスラエル	Israel	中東	境界的圧力	抑止維持と対外技術統制	米欧と停戦枠組み維持、輸出管理を調整	安全最優先で物価対策も継続	動員・治安費で若年層支援が薄い	75.0	70.0	72.0	79.0	83.0	78.0	78.0	30.0	半導体不安は残り就活が硬直、将来像が縮む
11	SAU	サウジアラビア	Saudi Arabia	中東	圧力上昇	高値維持と急騰回避	OPEC+で小幅増産余地、紅海警戒継続	歳入確保と物価安定を同時に守る	改革投資と治安費の同時維持が重い	60.0	74.0	61.0	38.0	61.0	66.0	70.0	41.0	物価高止まりで将来設計が硬直、挑戦より安定志向へ
11	EU	欧州連合	European Union	欧州	圧力上昇	規制堅持と景気下支え	半導体リスク監視継続、対日標準協調	生活費対策を続けつつ競争力も守る	加盟国温度差で実装が遅れがち	52.0	58.0	62.0	72.0	74.0	60.0	68.0	38.0	衝突不安はやや緩むが供給不安が残り将来観が揺れる
12	USA	アメリカ	United States	北米	圧力上昇	同盟負担と人材競争を加速	対日で防衛分担とAI訓練連携を要求	雇用転換を急ぎ同盟で安全を確保	選挙・物価・教育格差で妥協困難	70.0	60.0	82.0	92.0	72.0	74.0	85.0	26.0	学び直し圧で焦り増。適応層は前向き、未適応は将来不安
12	CHN	中国	China	東アジア	境界的圧力	輸出管理で圧力を可制御化	対日重要部材は許認可で揺さぶり継続	雇用安定と安全を同時に守る	景気減速で強硬策の長期化は重荷	76.0	58.0	86.0	84.0	63.0	90.0	88.0	26.0	AI職業教育の競争が強まり、先行き格差不安と将来計画の迷いが増える
12	JPN	日本	Japan	東アジア	圧力上昇	学び直しと物価を同時支援	同盟と連携しAI教材・人材交流を拡大	職業教育を更新し雇用移行を支える	財政逼迫で給付と教育投資が食い合う	57.0	64.0	83.0	60.0	95.0	72.0	90.0	14.0	適応できる層は前向きも、取り残され不安と分断が強まる
12	TWN	台湾	Taiwan	東アジア	圧力上昇	教育転換で人材維持と抑止	米日と供給優先枠・危機連絡を再確認	AI移行期の不安を抑え雇用訓練を拡充	電力・教員・予算が不足し格差不満が怖い	76.0	69.0	74.0	66.0	73.0	80.0	78.0	37.0	訓練格差と供給不安が進路を慎重化、焦り増す
12	KOR	韓国	South Korea	東アジア	圧力上昇	技能転換を急ぎ同盟堅持	対米で人材・半導体協力を拡張し対中リスク分散	AI時代に備え職業教育を更新、雇用を守る	再訓練の財源と成果が不確実、分断が怖い	64.0	62.0	82.0	77.0	76.0	74.0	84.0	27.0	再教育競争が可視化し焦燥が強まるが、連携枠があれば希望は残る
12	PRK	北朝鮮	North Korea	東アジア	境界的圧力	示威継続で譲歩誘導	短距離発射示威と対話窓口維持で制裁緩和探る	外圧に屈せず抑止と自力更生を強調	外貨難と統制疲弊で長期挑発は持たない	86.0	58.0	78.0	82.0	72.0	79.0	93.0	24.0	進路選択が安全保障不安で萎縮し学び直しも慎重化
12	RUS	ロシア	Russia	ユーラシア	間接衝突	戦時優先で外圧に耐える	資源輸出を締め緩めし制裁迂回を拡大	国家防衛と雇用維持を最優先する	戦費と統制で教育投資が後回し	85.0	83.0	77.0	82.0	72.0	79.0	75.0	23.0	AI学び直し格差が不安を増幅、挑戦より防衛的に傾く
12	UKR	ウクライナ	Ukraine	欧州	限定戦争	継戦と復興資金確保	欧米へ防空・弾薬と復興枠の前倒し要請	長期戦でも電力・雇用を守り抜く	兵員・財政・支援疲れで余力が薄い	80.0	61.0	78.0	69.0	86.0	65.0	75.0	27.0	戦争長期化＋AI適応競争で将来不安が増え、進路選択が保守化
12	IRN	イラン	Iran	中東	境界的圧力	停戦維持で体制安定を優先	航路リスクを示しつつ停戦枠組み維持	外圧下でも物価と治安を守る	強硬派と制裁で妥協余地が狭い	74.0	88.0	71.0	70.0	77.0	80.0	87.0	27.0	燃料高と不安定報道が将来設計を萎縮。AI教育格差観測で焦り増
12	ISR	イスラエル	Israel	中東	境界的圧力	抑止維持とAI人材優先	米欧と輸出管理連携、AI訓練を拡充	安全と成長の両立へ技能転換を急ぐ	動員負担で教育投資が偏り不満が残る	78.0	66.0	70.0	82.0	80.0	76.0	79.0	32.0	技能格差不安が増え、理系偏重と将来設計の硬直が進む
12	SAU	サウジアラビア	Saudi Arabia	中東	圧力上昇	高値維持と急騰抑制	OPEC+で供給調整、紅海警戒と停戦維持へ働く	歳入を守りつつ物価と雇用を安定させる	改革投資と治安費、若年雇用が同時に重い	61.0	72.0	63.0	39.0	62.0	65.0	71.0	40.0	物価高とAI技能格差の不安が重なり、挑戦より安定志向が強まる
12	EU	欧州連合	European Union	欧州	圧力上昇	規制と職業訓練を加速	対日で教育・技能標準と認証を協調	移行期の雇用不安を訓練と支援で抑える	加盟国差で実装が遅れ、財政も局所逼迫	50.0	56.0	66.0	70.0	76.0	61.0	71.0	36.0	技能格差と将来不安が増幅、学び直し機会が鍵
13	USA	アメリカ	United States	北米	圧力上昇	同盟負担とAI覇権を優先	対日で防衛分担と先端計算枠の連携を加圧	同盟強化で抑止し雇用転換を急ぐ	選挙・物価・格差で譲歩余地が小さい	72.0	58.0	84.0	93.0	74.0	76.0	87.0	24.0	介護負担と学び直し圧が重なり、将来設計の不安が増幅
13	CHN	中国	China	東アジア	境界的圧力	許認可運用で対日圧力を調整	対日重要素材・部材の許認可を選別運用	安全と雇用を守るため精密に対応する	景気鈍化で強硬一辺倒は内需に傷	78.0	57.0	88.0	85.0	66.0	91.0	90.0	24.0	介護負担増と景気不確実性が重なり、若者の将来設計が萎縮しやすい
13	JPN	日本	Japan	東アジア	圧力上昇	介護逼迫で社会安定を優先	介護支援技術の共同調達と人材協定	現場支援と賃上げでケア崩壊を防ぐ	財政と人手が足りず持続策が限定	56.0	62.0	86.0	58.0	97.0	69.0	92.0	12.0	家族ケア負担で将来像が縮み、就職・結婚の先送りが増える
13	TWN	台湾	Taiwan	東アジア	境界的圧力	供給継続と抑止の可視化	米日と優先供給枠と危機連絡を再固定	生活不安に配慮しつつ抑止と産業を守る	電力・人材・予算が逼迫し不満が溜まる	78.0	71.0	77.0	69.0	75.0	82.0	80.0	35.0	介護不安と供給不安が重なり、進路は堅実化し焦燥が増す
13	KOR	韓国	South Korea	東アジア	圧力上昇	介護逼迫で統合優先	同盟調整し労働・人材協力を拡大	医療介護を守り雇用転換も支える	介護財源と防衛が競合、分断が怖い	63.0	60.0	78.0	75.0	79.0	72.0	86.0	25.0	介護負担が身近化し将来不安が増すが、連携策で希望も残る
13	PRK	北朝鮮	North Korea	東アジア	境界的圧力	示威で譲歩を探る	短距離発射を抑制的に示威し制裁緩和を探る	外圧下でも抑止と体制防衛を優先	外貨難と統制疲弊で長期挑発は困難	84.0	57.0	79.0	83.0	73.0	78.0	92.0	23.0	安全保障不安が介護負担の将来不安と重なり挑戦意欲が鈍る
13	RUS	ロシア	Russia	ユーラシア	間接衝突	戦時継続で資源を交渉材料化	資源輸出調整と制裁迂回網を強化	制裁下でも雇用と治安を守る	戦費優先で社会投資が削られる	86.0	84.0	78.0	83.0	74.0	80.0	77.0	21.0	介護負担増の不安に外部ショックが上乗せ、将来像が縮む
13	UKR	ウクライナ	Ukraine	欧州	限定戦争	継戦維持と支援疲れ対策	欧米・日本へ防空・弾薬と復興資金を再要請	前線維持と生活基盤の死守を最優先	兵員不足と財政逼迫、支援国の内政負担	82.0	60.0	80.0	70.0	88.0	66.0	76.0	24.0	外需不安と財政圧力が強まり、介護負担も重なり将来観が縮む
13	IRN	イラン	Iran	中東	境界的圧力	停戦枠維持で対外圧力調整	航路の示威を抑えつつ制裁回避の交渉	外圧下でも物価と治安を優先する	強硬派・制裁・財政で譲歩が限定	72.0	86.0	74.0	72.0	79.0	81.0	88.0	26.0	燃料高と不安報道が家計と介護負担を直撃、将来像が描けず不安定
13	ISR	イスラエル	Israel	中東	境界的圧力	抑止優先、内政負担は限定緩和	米欧と抑止連携、輸出管理と調達網を調整	治安維持を最優先、生活負担は対象支援で抑える	動員と治安費で福祉・若者投資が後回し	80.0	68.0	72.0	84.0	82.0	77.0	81.0	30.0	介護負担不安と賃金停滞感が強まり、将来設計が縮む
13	SAU	サウジアラビア	Saudi Arabia	中東	圧力上昇	高値維持と急騰抑制	OPEC+で供給微調整、紅海航路の警戒強化	歳入を確保しつつ市場の過度な混乱は抑える	改革投資と治安費、若年雇用が同時に重い	63.0	69.0	66.0	40.0	64.0	66.0	74.0	38.0	介護負担と物価不安が重なり将来設計が萎縮する
13	EU	欧州連合	European Union	欧州	圧力上昇	介護・医療人材確保を優先	対日で介護DX・医療AIの認証と人材循環を協議	ケア崩壊を防ぎつつAI導入で負担を減らす	移民・賃上げで分断、加盟国差で実装が遅い	52.0	54.0	69.0	68.0	79.0	60.0	74.0	34.0	家族ケア不安が直撃し将来設計が縮む。学び直しと支援が鍵
14	USA	アメリカ	United States	北米	圧力上昇	同盟負担とAI覇権を維持	対日で防衛分担と対中規制順守を要求	同盟で抑止し先端産業の雇用を守る	選挙・物価で強硬寄り、譲歩が難しい	70.0	56.0	80.0	88.0	72.0	64.0	84.0	26.0	計算資源は少し緩むが負担増要求で将来不安が残る
14	CHN	中国	China	東アジア	圧力上昇	選別圧力を維持し緩急調整	重要素材の許認可を絞りつつ一部緩和	安全と雇用を守るため精密に運用する	景気と失業不安で全面強硬は打てない	76.0	56.0	84.0	78.0	64.0	79.0	86.0	28.0	供給不安はやや緩むが先端制約が残り将来設計が慎重化
14	JPN	日本	Japan	東アジア	圧力上昇	配分調整で社会安定維持	半導体代替調達と同盟枠で供給確保	供給改善を賃上げ・物価対策に回す	財政制約で若者支援の厚みが出ない	54.0	58.0	80.0	44.0	95.0	56.0	88.0	14.0	供給改善で閉塞感は少し緩むが、家計不安と雇用不透明で将来設計は硬い
14	TWN	台湾	Taiwan	東アジア	圧力上昇	供給回復を梃子に抑止維持	米日と供給優先枠を更新し危機連絡を強化	供給改善を生活安定へ回しつつ抑止も保つ	電力・人材不足が残り政争化しやすい	72.0	64.0	70.0	56.0	72.0	73.0	74.0	39.0	供給回復で焦燥はやや減るが、海峡不安で慎重志向が続く
14	KOR	韓国	South Korea	東アジア	圧力上昇	供給回復を梃子に防衛維持	先端半導体の囲い込み協議と輸出審査強化	景気下支えと安保投資を同時に進める	若者雇用と対北抑止で予算が逼迫	61.0	57.0	72.0	62.0	74.0	58.0	82.0	28.0	供給不安はやや緩むが、雇用と先端囲い込みで将来観は重い
14	PRK	北朝鮮	North Korea	東アジア	境界的圧力	限定示威で主導権維持	発射準備誇示と交渉窓口維持で圧力	抑止力強化で体制と生活を守る	外貨不足と統制疲れで長期挑発は難	86.0	56.0	78.0	79.0	74.0	70.0	90.0	24.0	安全不安が進路選択を保守化し挑戦への期待が縮む
14	RUS	ロシア	Russia	ユーラシア	間接衝突	戦争継続で資源を硬く運用	資源輸出を調整し制裁迂回を維持	圧力下でも雇用と治安を優先	戦費優先で投資不足が続く	84.0	82.0	76.0	74.0	72.0	72.0	74.0	28.0	供給網の一部回復で息継ぎも、外圧は残り将来設計は慎重化
14	UKR	ウクライナ	Ukraine	欧州	限定戦争	継戦維持と復興資金確保	欧米・日本へ防空強化と復興基金の前倒し要請	前線防衛と生活基盤の維持を同時に進める	兵員・弾薬不足、財政と支援疲れが重い	81.0	58.0	78.0	62.0	86.0	60.0	75.0	28.0	半導体不安はやや緩むが、戦争長期化で物価と雇用不安が続き将来観を圧迫
14	IRN	イラン	Iran	中東	境界的圧力	停戦維持と制裁回避を優先	航路示威を抑制し仲介国経由で交渉	対外圧力下でも物価と治安を守る	強硬派・財政難で譲歩幅が狭い	70.0	82.0	72.0	66.0	78.0	76.0	86.0	30.0	燃料高と緊張報道が続き、進路と生活設計の確信が揺らぐ
14	ISR	イスラエル	Israel	中東	境界的圧力	抑止継続、調達は柔軟化	米欧と抑止連携、調達先分散と輸出管理調整	安全保障を守りつつ物価と雇用に手当てする	治安・動員費が重く若者投資は後回し	78.0	64.0	69.0	72.0	80.0	68.0	79.0	33.0	先端供給は少し改善も不安継続、将来設計が保守化
14	SAU	サウジアラビア	Saudi Arabia	中東	圧力上昇	価格安定と歳入確保	OPEC+で小幅増産、航路警戒は維持	市場安定を優先し改革投資の原資を守る	治安費と雇用創出で歳出が硬直的	60.0	63.0	61.0	34.0	62.0	58.0	70.0	41.0	物価不安は続くが、半導体改善で閉塞感はわずかに緩む
14	EU	欧州連合	European Union	欧州	圧力上昇	規制と供給安定を優先	対日で半導体・医療AIの相互認証を加速	成長と公平を両立し雇用不安を抑える	加盟国差と政治日程で意思決定が遅い	50.0	52.0	64.0	56.0	77.0	52.0	70.0	36.0	計算資源不安が少し緩むが、雇用と介護の不安は残る
15	USA	アメリカ	United States	北米	圧力上昇	同盟負担増で規律要求	対日で防衛分担・対中規制順守を再要請	同盟強化で抑止と産業競争力を守る	選挙・物価・分断で妥協が難しい	72.0	58.0	78.0	86.0	74.0	66.0	76.0	24.0	不安情報は回避されがちでも、負担増観測が諦念を強める
15	CHN	中国	China	東アジア	圧力上昇	選別圧力を維持し外需確保	重要素材は許認可で調整し民需取引は継続	安全と雇用を守るため精密運用を続ける	景気減速と失業不安で全面強硬は困難	78.0	58.0	82.0	79.0	66.0	80.0	74.0	26.0	不安は慢性化し情報回避も増えるが先端制約で将来設計は硬化
15	JPN	日本	Japan	東アジア	圧力上昇	沈静化と配分最適化	供給網分散と同盟枠で需給安定化	生活防衛を継続し不安連鎖を抑える	財政硬直で若者支援が薄まりやすい	56.0	57.0	78.0	45.0	96.0	54.0	83.0	12.0	情報回避で不安は麻痺するが、将来像は描けず諦念が増す
15	TWN	台湾	Taiwan	東アジア	圧力上昇	供給と抑止を同時に固める	米日と危機連絡を常設化し供給枠を再確認	不安は続くが供給と備えで生活を守る	電力・人材・政争で集中投資が難しい	74.0	66.0	71.0	58.0	73.0	74.0	78.0	38.0	情報回避が増え、将来設計が保守化し挑戦意欲が鈍る
15	KOR	韓国	South Korea	東アジア	圧力上昇	同盟維持と産業防衛を優先	半導体協調枠組み維持と対北抑止を強化	雇用と安保を守るため痛みを分かち合う	若者不満と防衛負担で政権が不安定化	64.0	56.0	75.0	64.0	77.0	60.0	72.0	26.0	情報回避で不安が鈍麻しつつ、将来展望は曇りやすい
15	PRK	北朝鮮	North Korea	東アジア	境界的圧力	短期示威で交渉余地確保	発射実験を小規模化し声明で圧力	外圧に屈せず抑止力を強化する	外貨不足で長期挑発は損得が悪い	84.0	57.0	79.0	80.0	75.0	71.0	88.0	23.0	危機情報疲れで回避が進み、将来設計が縮む
15	RUS	ロシア	Russia	ユーラシア	間接衝突	資源収入と体制維持を優先	輸出先多角化と制裁迂回を強化	外圧下でも雇用と安定を守る	戦費優先で民生投資が細る	83.0	80.0	74.0	76.0	73.0	71.0	66.0	27.0	危機情報の長期化で情報回避が進み、将来設計は萎縮しやすい
15	UKR	ウクライナ	Ukraine	欧州	限定戦争	継戦継続と支援再固定化	欧米・日本に防空弾薬と復興資金の長期枠要請	長期戦を前提に生活維持と動員を両立	支援疲れと人員不足、財政の穴が拡大	83.0	57.0	79.0	63.0	87.0	61.0	78.0	27.0	危機情報の長期化で回避と諦念が増え、将来像が縮む
15	IRN	イラン	Iran	中東	境界的圧力	停戦維持で制裁回避を優先	航路示威は抑えつつ代理勢力を調整	抑止を保ち物価と治安を守る	強硬派と財政難で譲歩が難しい	68.0	81.0	70.0	65.0	77.0	74.0	78.0	32.0	不安情報の回避が増え、将来像の言語化が鈍る
15	ISR	イスラエル	Israel	中東	境界的圧力	抑止維持と技術囲い込み	停戦維持を探りつつ対イラン抑止強化、輸出管理を厳格化	脅威は継続、生活は守りつつ安全保障を優先する	動員と治安費が重く、若年層投資は後回し	80.0	62.0	67.0	76.0	82.0	70.0	63.0	31.0	危機情報は見疲れで回避も増え、挑戦より安定志向が強まる
15	SAU	サウジアラビア	Saudi Arabia	中東	圧力上昇	価格安定と体制投資維持	OPEC+で供給調整、紅海航路の警戒強化	市場安定で歳入を確保し改革投資を継続	歳出硬直と雇用創出圧力で増産余地は限定	62.0	66.0	60.0	35.0	63.0	59.0	74.0	40.0	物価不安が続き情報回避が増えるが急激な悪化は回避
15	EU	欧州連合	European Union	欧州	圧力上昇	規制現実化と供給確保	対日でAI/半導体の相互認証を継続	安全と雇用を守る現実的規制へ	情報疲れで合意形成が鈍りがち	49.0	50.0	62.0	54.0	78.0	51.0	66.0	35.0	情報回避が増え将来像が霞むが、供給安定で悲観は一部緩む
16	USA	アメリカ	United States	北米	圧力上昇	同盟強化と技術囲い込み	対日で防衛投資・対中規制順守を再要請	同盟で抑止と雇用を守り競争に勝つ	財政と選挙で追加負担は外に求める	74.0	60.0	81.0	88.0	79.0	67.0	78.0	22.0	負担増と将来税の観測が焦燥を増やし挑戦意欲が揺らぐ
16	CHN	中国	China	東アジア	境界的圧力	選別圧力で主導権確保	重要素材の許認可を絞りつつ民需は継続	雇用と安全を守るため精密に管理する	景気減速で全面対立は負担が大きい	80.0	57.0	83.0	81.0	74.0	82.0	76.0	22.0	将来設計が守りに寄り、資格・公務志向が強まる
16	JPN	日本	Japan	東アジア	圧力上昇	財政制約下で生活と防衛を調停	同盟枠で調達安定化、投資協力を要請	更新投資は先送りせず優先度で組み替え	増税回避と歳出圧力で余力が乏しい	58.0	54.0	72.0	46.0	94.0	56.0	78.0	11.0	更新不安と負担感が将来像を曇らせ、挑戦回避が増える
16	TWN	台湾	Taiwan	東アジア	境界的圧力	供給継続と抑止の再確認	米日と海峡監視・供給枠を再調整し危機連絡を強化	緊張は続くが供給と備えで雇用と生活を守る	電力・人材・政争で増産と防衛の同時強化が難しい	76.0	68.0	74.0	61.0	77.0	78.0	81.0	34.0	財政不安と供給不安が重なり、将来設計が防衛的になり挑戦が鈍る
16	KOR	韓国	South Korea	東アジア	圧力上昇	産業防衛と対北抑止を維持	半導体・電池で対日取引条件を厳格化	雇用と安保を守るため競争力を強化	若者不満と防衛費で政権が揺れる	63.0	57.0	77.0	66.0	81.0	62.0	74.0	24.0	物価と将来不安が増し、挑戦より回避に傾く
16	PRK	北朝鮮	North Korea	東アジア	境界的圧力	周期挑発で譲歩誘導	短距離発射示威と対話条件提示	敵視に対抗し抑止力を強化する	外貨難で長期緊張は負担増	86.0	60.0	82.0	81.0	83.0	74.0	90.0	18.0	不安と物価観測で挑戦回避が増え、将来設計が縮む
16	RUS	ロシア	Russia	ユーラシア	間接衝突	戦費優先で制裁耐久	資源輸出の値引きと迂回取引を継続	長期戦でも雇用と物価を管理する	戦費と制裁で民生更新が後回し	84.0	82.0	76.0	77.0	78.0	73.0	68.0	24.0	財政不安と物価観測が重なり、若者は計画を先送りしやすい
16	UKR	ウクライナ	Ukraine	欧州	限定戦争	継戦と支援枠の再固定	G7・日本に復興債務保証と防空継続要請	支援継続で前線維持と生活防衛を両立	支援疲れと動員限界、財政穴が拡大	84.0	58.0	80.0	64.0	90.0	62.0	79.0	24.0	支援と国内更新費の競合が強調され、将来設計が萎む
16	IRN	イラン	Iran	中東	境界的圧力	停戦維持で収入確保を優先	航路示威を抑えつつ制裁回避を探る	抑止と生活防衛を同時に進める	強硬派・制裁・財政難で柔軟化しにくい	66.0	79.0	69.0	66.0	81.0	73.0	77.0	29.0	増税・老朽化不安が将来設計を縮め、挑戦意欲が萎む
16	ISR	イスラエル	Israel	中東	境界的圧力	抑止優先、技術確保を継続	停戦枠は維持しつつ対イラン抑止と輸出管理強化	不確実性は続く。防衛と経済を同時に守る	動員・治安・研究費が競合、財政の限界	78.0	60.0	66.0	79.0	86.0	71.0	64.0	28.0	財政不安と危機報道が重なり、若者は挑戦より安定志向に傾く
16	SAU	サウジアラビア	Saudi Arabia	中東	圧力上昇	価格安定優先で慎重運用	OPEC+で供給微調整、紅海警戒と海上保険連携	価格安定で歳入を確保し雇用・改革投資を守る	財政支出硬直と雇用圧力で増産の自由度は小さい	63.0	68.0	61.0	34.0	66.0	60.0	75.0	38.0	インフラ更新負担で将来不安が強まり、節約と挑戦回避が増える
16	EU	欧州連合	European Union	欧州	圧力上昇	規制運用と供給安定を優先	対日でAI/半導体の認証枠と調達協力を拡張	成長と安全を両立する実装型ルールへ	加盟国分断で合意が遅く景気下押しも	52.0	49.0	63.0	56.0	81.0	53.0	69.0	32.0	財政不安で将来設計が縮むが、供給協力が悲観を一部抑える
17	USA	アメリカ	United States	北米	圧力上昇	分配是正と同盟負担要請	対日で防衛・対中規制とAI統治整合を要求	独占是正と雇用再訓練で不満を抑える	国内反発で同盟負担と輸出拡大を優先	76.0	61.0	84.0	90.0	82.0	69.0	80.0	20.0	負担増と雇用不安が連動し、将来像が曇り挑戦が鈍る
17	CHN	中国	China	東アジア	境界的圧力	統制強化で主導権維持	輸出管理を厳格化し対日許認可を選別	格差と雇用不安に国家が介入し守る	景気鈍化で全面断交は自傷になり得る	83.0	58.0	86.0	84.0	76.0	85.0	82.0	18.0	雇用と将来像が揺れ、挑戦より安定志向が強まる
17	JPN	日本	Japan	東アジア	圧力上昇	分配不満を抑え制度信頼を維持	同盟国と投資・調達枠を固め供給安定化	利益偏在是正と再訓練を急ぎ生活不安を抑える	財政硬直と既得層調整で即効策が限られる	60.0	56.0	78.0	48.0	96.0	58.0	84.0	10.0	努力が報われない感覚が強まり、挑戦より安定志向が増える
17	TWN	台湾	Taiwan	東アジア	境界的圧力	分配不満を抑え供給を守る	米日と供給枠を維持し、対中抑止連携を誇示	利益偏在に是正策、雇用と安全を同時に守る	分配改革は政争化、電力と人材が逼迫	78.0	70.0	79.0	66.0	80.0	82.0	86.0	32.0	『努力しても報われない』感が増え、進路選択が保守化
17	KOR	韓国	South Korea	東アジア	境界的圧力	産業防衛と分配不満の封じ込め	米国と半導体枠組み協議、対日供給は選別	雇用と公正を守り、安保も同時に強化	利益集中批判で正統性が摩耗、若者不満が火種	66.0	58.0	81.0	69.0	84.0	65.0	79.0	22.0	雇用不安とAI格差観が増幅し、将来期待が萎む
17	PRK	北朝鮮	North Korea	東アジア	境界的圧力	挑発と情報戦で揺さぶり	発射準備示威と対日世論攪乱を強化	外圧に屈せず抑止力で体制を守る	外貨難で長期緊張は統治コスト増	88.0	63.0	84.0	82.0	84.0	76.0	92.0	16.0	安全不安とAI格差不信が連動し、挑戦回避と将来設計の萎縮が進む
17	RUS	ロシア	Russia	ユーラシア	間接衝突	統制強化で戦時継続	資源を外交カード化し迂回取引拡大	格差と不安は外圧起因、国家が守る	戦費で民生投資不足、体制不満を警戒	86.0	84.0	78.0	79.0	80.0	75.0	72.0	22.0	物価・雇用・AI格差不安が連鎖し将来設計が萎む
17	UKR	ウクライナ	Ukraine	欧州	限定戦争	支援枠固定と動員最適化	G7・日本へ防空/弾薬と復興金融の延長要請	戦線維持と生活を同時に守る現実路線	支援疲れと財政穴、動員限界が重い	85.0	60.0	82.0	67.0	91.0	63.0	83.0	22.0	AI利益集中論と支援負担が結びつき、若者の不信と将来不安が増幅
17	IRN	イラン	Iran	中東	境界的圧力	停戦維持で体制安定を優先	航路示威は抑え、密輸・第三国仲介で収入確保	外圧下でも生活を守り抑止を維持する	制裁・強硬派・財政逼迫で妥協が難しい	68.0	82.0	71.0	67.0	83.0	74.0	80.0	27.0	物価と雇用不安が長期化し、挑戦より守りが強まる
17	ISR	イスラエル	Israel	中東	境界的圧力	治安優先、技術統制を強める	米国と協調し輸出管理・監視を強化	格差不満に対応しつつ抑止を維持	動員と財政で若者支援は限定的	76.0	63.0	70.0	82.0	88.0	74.0	72.0	26.0	利益集中報道で将来不信が増幅、若者は安定志向が強まる
17	SAU	サウジアラビア	Saudi Arabia	中東	圧力上昇	価格主導権を慎重維持	OPEC+で供給据置寄り、紅海輸送の護衛調整	市場安定で歳入を守り雇用と改革投資を維持	財政支出硬直と若年雇用で急増産は難しい	64.0	70.0	65.0	35.0	68.0	61.0	79.0	36.0	物価と雇用不安がSNSで増幅し、将来設計が保守化する
17	EU	欧州連合	European Union	欧州	圧力上昇	公正配分と規制強化	AI競争政策と課税協調を対日共有	利益集中を是正し雇用移行を支える	加盟国温度差で制度決定が遅れがち	51.0	50.0	66.0	57.0	84.0	54.0	74.0	31.0	公正論が国内不安を増幅、将来期待は冷えるが協調枠は下支え
18	USA	アメリカ	United States	北米	圧力上昇	同盟負担維持と国内宥和	対日で防衛増とAI供給網整合を要求	生活費対策と覇権維持を同時に進める	住宅不安で政権基盤が揺れ外圧が必要	78.0	63.0	86.0	92.0	85.0	71.0	83.0	18.0	負担増と住宅不安が重なり、将来設計を先延ばししやすい
18	CHN	中国	China	東アジア	境界的圧力	選別圧力で対日交渉優位	半導体・素材の許認可を選別し揺さぶり	外部圧力に備え雇用と産業を守る	景気鈍化で過度な制裁は自傷リスク	86.0	61.0	84.0	83.0	78.0	87.0	85.0	16.0	住居不安が将来設計を直撃し、安定志向と諦めが増える
18	JPN	日本	Japan	東アジア	圧力上昇	住居不安を抑え制度信頼維持	資源・計算資源の調達枠を同盟と固定	住居支援を優先し雇用移行も支える	財政硬直で住宅と防衛が競合	61.0	57.0	79.0	49.0	97.0	59.0	87.0	9.0	住居の足場不安で将来像が縮み、挑戦より防衛的選択が増える
18	TWN	台湾	Taiwan	東アジア	境界的圧力	半導体継続と生活防衛	米日と供給枠を固め、民生物資を優先確保	住居負担を下げつつ、抑止は緩めない	電力・人材不足で増産余地が小さい	80.0	72.0	77.0	68.0	82.0	83.0	88.0	30.0	住居不安と連動し、将来設計が縮み挑戦回避が増える
18	KOR	韓国	South Korea	東アジア	圧力上昇	住宅不安封じと産業防衛	対米で半導体枠組み深耕、対日は供給選別	住居負担を下げ、雇用と安保を同時に守る	若者住宅・雇用不満が正統性を削る	64.0	57.0	83.0	71.0	86.0	66.0	82.0	21.0	住居不安が未来像を曇らせ、雇用競争感が強まる
18	PRK	北朝鮮	North Korea	東アジア	間接衝突	示威で交渉余地を確保	短距離発射示威とサイバー攪乱を継続	外圧に対し抑止力で体制を守る	외貨難で長期緊張は統治コスト増	90.0	64.0	86.0	83.0	85.0	77.0	93.0	15.0	住居不安に安全不安が上乗せし、将来設計が縮む
18	RUS	ロシア	Russia	ユーラシア	間接衝突	戦時継続と資源圧力維持	資源割引と迂回輸出で外貨確保	外圧下でも雇用と物価を守る	戦費優先で民生停滞、離反を警戒	88.0	86.0	80.0	81.0	82.0	77.0	76.0	20.0	物価高が家賃不安を増幅し、将来設計が縮む
18	UKR	ウクライナ	Ukraine	欧州	限定戦争	支援維持の外交と戦線防衛	日本含む支援国に防空・弾薬と復興資金延長を要請	国際支援を確保しつつ防衛と生活を維持	支援疲れと動員限界、財政赤字が拡大	86.0	58.0	80.0	68.0	92.0	64.0	84.0	20.0	支援負担と物価が住宅不安と連動し、将来観が冷える
18	IRN	イラン	Iran	中東	境界的圧力	停戦管理で体制防衛	航路示威は抑制し代理勢力を調整	外圧下でも抑止と生活維持を両立	制裁と強硬派で譲歩余地が狭い	66.0	79.0	73.0	69.0	84.0	75.0	83.0	26.0	物価高が住居不安と結び、将来設計が縮む
18	ISR	イスラエル	Israel	中東	境界的圧力	治安優先、技術統制継続	米国と輸出管理・対サイバー協力を拡大	安全保障優先でも生活不安へ限定支援	動員・治安費で住宅支援余地が小さい	78.0	61.0	72.0	84.0	87.0	76.0	74.0	25.0	住居不安が政治化する中、統制強化報道が将来不安を増幅
18	SAU	サウジアラビア	Saudi Arabia	中東	圧力上昇	供給安定で体制維持	OPEC+で微調整、紅海輸送の護衛協調	価格安定で歳入を守り改革投資と雇用を継続	治安費と若年雇用が重く急増産は限定的	60.0	66.0	62.0	34.0	66.0	58.0	77.0	38.0	燃料高が住居不安を押し上げ、将来設計が縮こまりやすい
18	EU	欧州連合	European Union	欧州	圧力上昇	生活防衛と規制順守	住宅・雇用移行基金を拡充し対日協調	住居負担を抑え移行支援で分断を防ぐ	加盟国差と財政規律で速度が出ない	50.0	46.0	62.0	58.0	82.0	53.0	72.0	33.0	住居不安が日本の将来観を曇らせるが協調枠は下支え
19	USA	アメリカ	United States	北米	圧力上昇	対話活用し負担を再配分	対日で防衛分担とAI輸出管理を調整	対話で緊張を抑えつつ競争優位を守る	国内不満と同盟維持の両立が限界	66.0	58.0	81.0	88.0	82.0	67.0	78.0	22.0	緊張は少し緩むが負担増で将来設計に慎重
19	CHN	中国	China	東アジア	圧力上昇	対話継続し圧力は選別	対日許認可は選別維持、対話窓口は開く	対話で安定確保、産業と雇用を守る	景気鈍化で強硬一辺倒は自傷	78.0	58.0	80.0	79.0	74.0	83.0	80.0	20.0	緊張は少し緩むが先行き不透明が残り、慎重志向が強まる
19	JPN	日本	Japan	東アジア	圧力上昇	緊張緩和を梃子に内政優先	対話再開を受け同盟調整と危機回避を強化	対話の芽を活かし生活防衛と雇用移行を進める	財政硬直で若者支援と防衛の両立が苦しい	56.0	54.0	74.0	48.0	94.0	57.0	82.0	12.0	軍事不安は少し下がるが、物価と将来不安で挑戦が鈍る
19	TWN	台湾	Taiwan	東アジア	圧力上昇	対話活用し供給防衛	対話枠で偶発回避、日米と供給協定継続	緊張は緩むが備えは継続、生活も守る	電力・人材と海上リスクで増産が限定的	72.0	66.0	70.0	62.0	78.0	76.0	80.0	34.0	緊張は少し緩むが供給不安が残り挑戦に慎重化
19	KOR	韓国	South Korea	東アジア	圧力上昇	対話活用で緊張管理	対話再開を梃子に安保協議、半導体は選別供給	対話で危機を抑えつつ産業と雇用を守る	若者雇用不安と対米枠組みが自由度を縛る	58.0	54.0	79.0	68.0	82.0	62.0	77.0	26.0	軍事不安は少し緩むが、雇用競争と将来像の霧は残る
19	PRK	北朝鮮	North Korea	東アジア	境界的圧力	対話を使い示威は抑制	対話参加を演出し発射は凍結、サイバーは温存	対話でも抑止は維持し体制を守る	外貨難で長期緊張は統治コスト増	78.0	58.0	72.0	79.0	74.0	68.0	85.0	22.0	安全不安は弱まるが、再燃前提で将来設計が慎重化
19	RUS	ロシア	Russia	ユーラシア	境界的圧力	対話下でも資源と制裁対抗	資源輸出の迂回拡大と価格調整で外貨確保	対話は前進だが国益と安全を最優先する	戦費と制裁で投資停滞、動員疲れが重い	82.0	78.0	74.0	79.0	77.0	72.0	70.0	24.0	緊張は少し緩むが物価・就職不安が残り挑戦意欲が縮む
19	UKR	ウクライナ	Ukraine	欧州	限定戦争	支援維持を確保しつつ戦線防衛	日本含む支援国へ防空・弾薬と復興資金の継続要請	支援確保と防衛を両立し生活基盤を守る	支援疲れと動員限界、財政赤字が重い	84.0	54.0	78.0	67.0	91.0	63.0	82.0	22.0	遠方戦争の長期化が物価と不安を残し、将来像が描きにくい
19	IRN	イラン	Iran	中東	境界的圧力	停戦維持で体制防衛	航路示威を抑え停戦枠組みを管理	外圧下でも抑止と生活を同時に守る	制裁と強硬派で譲歩余地が狭い	64.0	76.0	70.0	68.0	82.0	72.0	80.0	28.0	物価と将来不安が連動し、挑戦より防衛志向が強まる
19	ISR	イスラエル	Israel	中東	圧力上昇	対話容認、技術統制は堅持	停戦維持を優先しつつ輸出管理を厳格化	緊張は緩むが油断せず治安と経済を守る	動員・治安費が重く民生の伸びは限定	70.0	58.0	68.0	82.0	85.0	72.0	71.0	29.0	緊張緩和でも分断は残り、就職・将来像の不確実さが続く
19	SAU	サウジアラビア	Saudi Arabia	中東	圧力上昇	価格安定で体制防衛	OPEC+で小幅調整、紅海航路の護衛協調	歳入を守り改革投資と雇用を優先	治安費と若年雇用で増産余地は小さい	56.0	61.0	58.0	36.0	63.0	55.0	72.0	41.0	燃料高の見通し不透明が生活設計を縮め、挑戦意欲が鈍る
19	EU	欧州連合	European Union	欧州	圧力上昇	規制順守と協調の継続	対日でAI・半導体規格協調と供給網対話	安全保障対話の追い風を景気安定に使う	加盟国差と財政規律で一体運用が遅い	44.0	42.0	60.0	52.0	80.0	49.0	66.0	36.0	緊張緩和で不安は少し低下、ただ雇用移行の不透明さは残る
20	USA	アメリカ	United States	北米	圧力上昇	同盟維持とAI優位を優先	対日で防衛協力とAI管理の条件を強化	同盟を固め雇用と競争力を守る	輸出管理と教育格差で反発が増える	64.0	57.0	83.0	90.0	84.0	68.0	80.0	20.0	学校AI格差が将来不安を増幅、機会の偏りに焦り
20	CHN	中国	China	東アジア	境界的圧力	対話窓口維持し実利で圧迫	対日許認可は選別、留学・人材誘致強化	安定を保ち産業と雇用を守る	景気下押しで強硬は自傷、外資も要る	77.0	57.0	82.0	80.0	75.0	84.0	83.0	18.0	AI格差不安に外部圧力が重なり、将来設計が保守化しやすい
20	JPN	日本	Japan	東アジア	圧力上昇	教育AI格差の火消し優先	同盟調整を維持しつつ教育・雇用基金拡充	学びの機会を守り移行期の不安を抑える	財政硬直で防衛・物価・教育が競合	55.0	53.0	77.0	50.0	95.0	58.0	86.0	10.0	進路不安と自己効力感低下が拡大、格差が焦燥を増幅
20	TWN	台湾	Taiwan	東アジア	境界的圧力	供給信頼を守り緊張回避	日米と供給枠維持、海空の偶発回避線強化	緊張は続くが産業と暮らしを守る	電力・人材制約で増産余地が小さい	74.0	68.0	73.0	66.0	79.0	78.0	84.0	32.0	進路不安とAI格差が連動し挑戦より安定志向が強まる
20	KOR	韓国	South Korea	東アジア	圧力上昇	半導体主導で内政安定優先	対米枠組み維持、先端半導体は優先供給管理	雇用と教育格差に対処し競争力を守る	若者不満と格差、対米調整が政策余地を削る	56.0	52.0	82.0	66.0	79.0	61.0	83.0	25.0	教育AI格差が将来不安を増幅、隣国比較で焦燥が強まる
20	PRK	北朝鮮	North Korea	東アジア	境界的圧力	凍結演出で制裁緩和を探る	対話継続を示しつつ短距離訓練を誇示	対話でも抑止は緩めず体制を守る	外貨難で長期緊張は統治コスト増	74.0	56.0	70.0	78.0	73.0	66.0	87.0	23.0	進路不安のAI格差に安全不安が重なり将来設計が縮む
20	RUS	ロシア	Russia	ユーラシア	境界的圧力	制裁耐久と資源収入確保	資源輸出の迂回強化と価格調整を継続	外圧下でも雇用と社会支出を守る	戦費と制裁で投資停滞、疲弊が蓄積	83.0	80.0	76.0	81.0	78.0	74.0	73.0	23.0	物価と将来不安が残り、AI格差の焦りが増幅し希望が細る
20	UKR	ウクライナ	Ukraine	欧州	限定戦争	支援維持と戦線防衛を優先	日本含む支援国へ防空・弾薬と資金要請	厳しい戦況でも国家機能と生活を維持	支援疲れと動員限界、財政が逼迫	86.0	56.0	80.0	68.0	92.0	64.0	86.0	20.0	遠方戦争の長期化が物価と不安を残し、AI格差で進路不安が増幅
20	IRN	イラン	Iran	中東	境界的圧力	停戦管理で対外圧力を抑制	航路周辺の示威を調整し交渉窓口維持	強硬と抑制を併用し生活を守る	制裁下で財政逼迫、強硬派の牽制	63.0	74.0	71.0	69.0	83.0	73.0	82.0	27.0	教育AI格差の不安に資源高が重なり、将来像が縮む
20	ISR	イスラエル	Israel	中東	間接衝突	停戦維持、輸出統制を強化	同盟協議でサイバー抑止とAI部材の輸出管理を拡大	脅威は継続、治安と技術優位を守る	動員費と統制負担で成長投資が細る	68.0	57.0	72.0	84.0	83.0	74.0	77.0	28.0	教育AI格差が進路不安を増幅、海外緊張で将来像が曇る
20	SAU	サウジアラビア	Saudi Arabia	中東	圧力上昇	価格管理で体制優先	OPEC+で供給維持寄り、航路警備を協調	歳入確保で改革投資と雇用を守る	治安費と若年雇用で増産は限定的	58.0	64.0	60.0	37.0	66.0	56.0	76.0	39.0	燃料高と教育AI格差が重なり、将来設計の不安が増幅する
20	EU	欧州連合	European Union	欧州	圧力上昇	規制整合と人材競争強化	対日で教育AI・資格互換と研究連携を提案	AI格差是正と競争力強化を同時に進める	加盟国差で教育投資と規制運用が鈍い	46.0	41.0	66.0	56.0	79.0	50.0	72.0	34.0	学校AI格差の連想で進路不安増。移行支援が見えぬと焦燥
21	USA	アメリカ	United States	北米	圧力上昇	同盟維持とAI規制主導	対日で防衛費増とAI管理枠の遵守要求	同盟強化で雇用と安全を守る	国内分断と輸出管理反発で調整難	63.0	46.0	78.0	91.0	82.0	66.0	79.0	22.0	生活費不安は一息だが、AI格差と就職不安が残る
21	CHN	中国	China	東アジア	境界的圧力	実利交渉を残し圧力調整	対日重要部材は選別、交流枠は維持拡大	外部圧力に備え雇用と成長を守る	景気と失業が重荷、過剰対立は避けたい	75.0	45.0	80.0	78.0	74.0	82.0	80.0	22.0	燃料不安は和らぐが、規制連鎖で就職と技術将来が不透明
21	JPN	日本	Japan	東アジア	圧力上昇	物価不安を抑えつつ移行管理	燃料調達分散と電力投資で同盟連携	当面の生活費は支えるが構造対策も進める	財政硬直で防衛・賃上げ・若者策が競合	56.0	44.0	74.0	52.0	92.0	56.0	82.0	12.0	生活不安は一息だが将来像は曇り、学び直し焦りが残る
21	TWN	台湾	Taiwan	東アジア	圧力上昇	供給信頼維持と抑止強化	日米と供給枠維持、偶発回避線を再確認	燃料は落ち着くが備えを緩めない	電力投資負担と人材不足で増産が難しい	70.0	56.0	68.0	62.0	77.0	73.0	80.0	35.0	生活不安は少し緩むが進路・技術格差不安は残り安定志向が続く
21	KOR	韓国	South Korea	東アジア	圧力上昇	半導体優先と内政安定維持	対米枠組み堅持、先端供給は選別管理	物価は落ち着くが雇用不安へ支援を強化	対北抑止と若者対策が財政を圧迫	58.0	44.0	80.0	64.0	77.0	60.0	82.0	27.0	生活費不安は一息も、雇用競争の連想で焦燥が残る
21	PRK	北朝鮮	North Korea	東アジア	境界的圧力	凍結演出で譲歩を引き出す	対話継続を装い訓練・発射準備を誇示	対話は活用するが抑止は弱めない	外貨難で長期緊張は統治コスト増	76.0	44.0	69.0	79.0	72.0	64.0	88.0	22.0	物価不安は和らぐが安全不安が残り将来設計が縮む
21	RUS	ロシア	Russia	ユーラシア	境界的圧力	制裁耐久と戦費確保を優先	資源輸出の迂回と値引きで市場維持	長期戦でも雇用と物価を守ると強調	戦費と制裁で投資停滞、疲弊が蓄積	82.0	64.0	72.0	80.0	76.0	71.0	70.0	28.0	燃料不安は一息も、戦争長期化で将来像が曇る
21	UKR	ウクライナ	Ukraine	欧州	限定戦争	支援確保と戦線維持	欧米と弾薬・防空支援の継続調整	消耗戦でも国家機能と生活を守る	動員疲弊と財政逼迫、支援疲れが怖い	85.0	49.0	78.0	67.0	91.0	62.0	84.0	23.0	物価不安は一息も、長期戦が進路と将来不安を残す
21	IRN	イラン	Iran	中東	圧力上昇	停戦維持で圧力調整	航路緊張を抑えつつ交渉窓口を維持	抑止は崩さず生活負担を軽減する	制裁と強硬派圧力で妥協幅が狭い	58.0	60.0	68.0	70.0	82.0	70.0	78.0	32.0	燃料高不安は一息も、雇用とAI格差不安が残る
21	ISR	イスラエル	Israel	中東	間接衝突	停戦下で技術優位を維持	対同盟で輸出統制とサイバー抑止を更新	脅威は継続、経済と治安を同時に守る	動員費と統制で成長投資が細り不満増	66.0	46.0	70.0	82.0	82.0	72.0	75.0	30.0	燃料不安は一息も進路は不透明、AI格差で焦りが残る
21	SAU	サウジアラビア	Saudi Arabia	中東	圧力上昇	価格安定と体制安定を両立	OPEC+で小幅調整、航路警備も継続	歳入確保で雇用と改革投資を守る	治安費と若年雇用で急増産は避けたい	56.0	50.0	56.0	36.0	61.0	52.0	68.0	44.0	燃料不安は一息だが、賃金停滞と将来像の霧は残る
21	EU	欧州連合	European Union	欧州	圧力上昇	規制整合と景気下支え優先	対日でAI規制対話と研究連携を継続	物価は一息、成長と公正な移行を守る	加盟国差で合意が遅れ財政も窮屈	44.0	32.0	62.0	55.0	76.0	48.0	70.0	36.0	生活不安は少し緩むが、雇用再編の連想で進路不安は残る
22	USA	アメリカ	United States	北米	圧力上昇	同盟束ねつつAI覇権堅持	対日で防衛負担とケアAI基準同調を要請	AIで介護を支え雇用も守る	分断とコスト高で対外要求が必要	64.0	49.0	81.0	92.0	84.0	67.0	80.0	21.0	介護×AIに期待も、計算資源と負担増で将来不安が強まる
22	CHN	中国	China	東アジア	境界的圧力	介護AI輸出で主導権確保	介護ロボ規格・データ枠組みを提案し対日取引は選別	高齢化対策と雇用安定を同時に進める	景気鈍化で失業懸念、対立激化は避けたい	76.0	44.0	82.0	79.0	75.0	83.0	81.0	21.0	介護AI期待は高まるが、規格・供給選別で将来設計が揺れ不安増
22	JPN	日本	Japan	東アジア	圧力上昇	ケア争点で分配調整	介護ロボ調達・標準化で同盟と協調	介護の質と賃金を両立し移行を支える	財源硬直で賃上げ・防衛・若者策が競合	58.0	46.0	69.0	54.0	90.0	57.0	84.0	10.0	ケア職の価値議論は希望も生むが、負担増懸念で将来不安が揺れる
22	TWN	台湾	Taiwan	東アジア	境界的圧力	供給信頼と抑止を両立	日米と海峡危機管理線、供給枠を堅持	生活支援は続けつつ備えを強化	電力・人材制約で増産と賃上げが両立困難	72.0	58.0	66.0	63.0	79.0	74.0	82.0	34.0	介護自動化議論に『仕事の価値』不安が重なり、安定志向が強まる
22	KOR	韓国	South Korea	東アジア	圧力上昇	ケア投資で雇用安定を狙う	同盟連携を維持し供給網の選別管理	ケア改革と雇用対策を同時に進める	財政と世代対立で政策が鈍る	60.0	47.0	74.0	66.0	79.0	62.0	84.0	24.0	ケア職の再評価は希望材料だが、雇用競争の不安が拡散する
22	PRK	北朝鮮	North Korea	東アジア	間接衝突	緊張管理で譲歩を狙う	短距離発射示威と交渉窓口維持	対外圧力に屈せず生活を守る	外貨難で長期緊張は統治負担増	81.0	46.0	72.0	80.0	74.0	66.0	90.0	20.0	安全不安が介護争点と重なり将来設計が萎む
22	RUS	ロシア	Russia	ユーラシア	間接衝突	戦費確保と国内不満抑制	資源輸出を条件付け、制裁緩和の楔を探る	自立と生活防衛を優先、介護も技術で補う	労働不足と疲弊、技術・部品調達が詰まる	84.0	66.0	74.0	82.0	78.0	73.0	72.0	26.0	介護ロボ議論が『将来の負担増』不安を増幅、先行きが重く見える
22	UKR	ウクライナ	Ukraine	欧州	限定戦争	支援確保と動員持久	欧米に追加防空・財政支援を要求	戦線維持と生活機能を同時に守る	支援疲れと動員疲弊、財政限界	84.0	47.0	76.0	66.0	90.0	61.0	83.0	24.0	介護ロボ議論が雇用観を揺らし、長期戦が将来不安を増幅
22	IRN	イラン	Iran	中東	圧力上昇	停戦維持で対外圧力を調整	交渉窓口維持、航路は示威で牽制	生活防衛と抑止を両立する	制裁継続と強硬派で譲歩困難	60.0	66.0	70.0	72.0	83.0	71.0	79.0	30.0	燃料高と物価で将来不安増、ケア職評価論争も荒れやすい
22	ISR	イスラエル	Israel	中東	間接衝突	治安優先で技術統制強化	同盟と輸出管理連携、サイバー抑止強化	安全最優先、生活支援は効率化で守る	動員費で福祉拡充は難、分断が残る	64.0	48.0	68.0	84.0	83.0	70.0	76.0	29.0	介護×AI論争が増幅、将来像は見えにくいまま
22	SAU	サウジアラビア	Saudi Arabia	中東	圧力上昇	価格安定と投資継続	OPEC+で微調整、紅海航路の警戒維持	歳入を守り改革投資と雇用を維持	治安費と若年雇用で急増産は難しい	57.0	53.0	55.0	35.0	62.0	52.0	66.0	43.0	介護の賃金評価議論が強まる中、燃料高止まり懸念で将来像が曇りやすい
22	EU	欧州連合	European Union	欧州	圧力上昇	ケアDXと公正移行を主導	ケアAI認証案と補助制度を域内で加速	介護負担を減らし賃金と質を守る	加盟国差と財源で制度実装が遅い	41.0	30.0	67.0	56.0	74.0	49.0	72.0	35.0	ケア職の将来像が揺れ、進路不安がSNSで増幅
23	USA	アメリカ	United States	北米	境界的圧力	安全規制で覇権維持	対日でAI規制同調と供給網再編を要求	事故再発防止と競争力を両立する	規制反発と選挙圧力で対外成果が要る	66.0	52.0	85.0	94.0	86.0	71.0	84.0	19.0	AI事故報道と規制で期待が揺れ、雇用と負担増不安が強まる
23	CHN	中国	China	東アジア	境界的圧力	安全規制で主導権確保	安全認証・監査枠組み提示、対日供給は条件付	事故再発防止と産業競争力を両立する	失業懸念で統制強化、対立激化は避けたい	78.0	46.0	86.0	83.0	74.0	85.0	84.0	19.0	安全規制で導入は遅れ、供給条件で進路設計が不透明化
23	JPN	日本	Japan	東アジア	圧力上昇	安全規制と成長の折衷	同盟と規制整合、重要AIを届け出制	事故再発防止と雇用移行支援を同時に進める	規制遅れは国際不信、強すぎると投資減	60.0	47.0	74.0	61.0	92.0	59.0	88.0	9.0	AI不信と就職不安が増幅。透明な補償と移行支援で緩和
23	TWN	台湾	Taiwan	東アジア	境界的圧力	規制順守で供給信頼を守る	日米欧とAI規制整合、出荷監査を強化	事故再発防止と産業競争力を両立	規制対応で開発遅延、電力と人材が逼迫	74.0	60.0	68.0	70.0	80.0	78.0	85.0	32.0	AI事故報道で将来不安が増幅。半導体不安が重なり挑戦回避が進む
23	KOR	韓国	South Korea	東アジア	境界的圧力	規制主導で技術競争を守る	同盟と協調しAI安全規格と輸出管理を調整	安全確保と雇用維持のため規制と支援を両立	成長鈍化と世代不満で政権の裁量が狭い	63.0	49.0	78.0	72.0	81.0	64.0	87.0	20.0	規制と事故報道で将来不安が増幅、進路選択が慎重化
23	PRK	北朝鮮	North Korea	東アジア	間接衝突	挑発と対話窓口の併用	発射準備示威とサイバー外貨獲得を強化	敵対勢力の圧力に備え結束を守る	外貨難と統治疲労で長期緊張は重荷	84.0	48.0	74.0	83.0	76.0	68.0	92.0	18.0	AI規制混乱に安全不安が上乗せされ、将来像がさらに描きにくい
23	RUS	ロシア	Russia	ユーラシア	間接衝突	戦費確保と規制隙間探し	資源輸出を政治条件化、制裁楔を狙う	事故報道で規制は必然、秩序と自立を守る	部品と計算資源が不足、動員疲れも重い	86.0	69.0	76.0	88.0	80.0	75.0	74.0	24.0	規制強化と資源不安が重なり、将来設計が萎む
23	UKR	ウクライナ	Ukraine	欧州	限定戦争	支援維持と後方の統治確保	欧米へ防空・弾薬・財政の同時増額要請	安全と生活を守り復興準備を止めない	支援疲れと動員限界、統治コスト増	86.0	51.0	78.0	70.0	92.0	63.0	85.0	22.0	戦争長期化にAI規制不確実性が重なり、将来設計の悲観が強まる
23	IRN	イラン	Iran	中東	境界的圧力	停戦枠内で示威を強める	航路周辺で示威、仲介窓口は維持し譲歩は限定	抑止と生活防衛を同時に進める	強硬派と制裁で妥協余地が小さい	64.0	69.0	72.0	76.0	85.0	73.0	81.0	29.0	燃料高とAI規制不安が重なり、将来設計の自信が削られやすい
23	ISR	イスラエル	Israel	中東	間接衝突	安全優先でAI統制と同盟維持	同盟とAI規制連携、輸出管理とサイバー抑止	事故対応で規制強化、治安と産業を同時に守る	戦時コストで財政硬直、規制は産業反発も招く	66.0	50.0	70.0	88.0	85.0	74.0	80.0	27.0	規制と供給不安で将来像が霞み、進路不安が増幅
23	SAU	サウジアラビア	Saudi Arabia	中東	圧力上昇	価格安定と対外信頼維持	OPEC+微調整、AI規制協調で投資誘致	歳入安定で雇用と改革投資を守る	治安費と若年雇用で増産余地が小さい	58.0	56.0	57.0	38.0	63.0	54.0	68.0	41.0	燃料高止まりと規制強化報道で将来の仕事像が揺れやすい
23	EU	欧州連合	European Union	欧州	圧力上昇	安全規制と競争力の両立	AI事故受け認証強化と域外標準交渉	安全優先で信頼回復し産業も守る	加盟国温度差と企業反発で遅れやすい	43.0	32.0	70.0	59.0	76.0	52.0	78.0	33.0	安全論争でAI職不安が増え、挑戦意欲が揺れる
24	USA	アメリカ	United States	北米	境界的圧力	同盟負担とAI統制を強化	対日で防衛負担増とAI規制同調を要求	雇用と安全を守るため同盟を引き締める	選挙と分断で成果が要り、対外要求が増す	70.0	57.0	88.0	95.0	89.0	74.0	86.0	17.0	規制と負担増が将来像を曇らせ、職と学び直し不安が増える
24	CHN	中国	China	東アジア	境界的圧力	雇用安定優先で外圧調整	対日重要材は許認可制、台湾周辺は示威継続	雇用と安全を守るため管理を強める	景気鈍化で強硬一辺倒は危険	80.0	48.0	88.0	85.0	72.0	87.0	86.0	17.0	将来設計が揺れ、学び直しと移動に不安が乗る
24	JPN	日本	Japan	東アジア	圧力上昇	配分争いを抑え社会安定優先	同盟調整と調達分散、重要計算資源確保	雇用移行と生活防衛を最優先で実施	財政余力が細り世代対立が怖い	64.0	58.0	76.0	63.0	94.0	61.0	90.0	8.0	将来像が割れ、学業・就職の焦りが増す。支援の見える化が鍵
24	TWN	台湾	Taiwan	東アジア	境界的圧力	供給信頼と抑止の強化	日米と海峡監視協力、重要品は優先配分	雇用不安に備え再訓練と生活支援を拡充	電力・人材不足で増産と社会対策が両立困難	77.0	63.0	72.0	74.0	82.0	80.0	86.0	30.0	雇用と生活の不安が重なり、将来設計が短期化しやすい
24	KOR	韓国	South Korea	東アジア	境界的圧力	規制と雇用対策で摩擦抑制	対日含む供給網協議と輸出管理を調整	雇用と安全を守るため支援と規律を強化	景気鈍化で若者不満、対外強硬も必要	66.0	52.0	82.0	74.0	84.0	67.0	88.0	18.0	雇用不安と規制報道で将来像が縮み、挑戦より安全志向
24	PRK	北朝鮮	North Korea	東アジア	間接衝突	示威で譲歩を引き出す	短距離発射示威とサイバー外貨獲得	敵対圧力に備え団結と統制を強める	外貨難と統治疲労で長期緊張は限界	86.0	50.0	76.0	84.0	78.0	70.0	93.0	16.0	雇用・住居不安に安全不安が重なり、将来設計が縮む
24	RUS	ロシア	Russia	ユーラシア	間接衝突	戦費優先で外圧分断狙い	資源輸出を条件化、制裁回避網を拡張	長期戦に備え結束と統制を強化する	部品・計算資源不足と動員疲れが重い	84.0	66.0	73.0	86.0	78.0	72.0	76.0	26.0	雇用・住居不安に外部ショックが上乗せされ、将来像が曇る
24	UKR	ウクライナ	Ukraine	欧州	限定戦争	支援確保と動員負担の抑制	欧州・米へ防空/弾薬と復興資金の同時確保	生活と前線を両立し疲弊を抑える	支援疲れと財政難、統治コスト増	84.0	52.0	77.0	69.0	91.0	62.0	86.0	21.0	戦争長期化が不安の底を作り、将来設計の保守化が進む
24	IRN	イラン	Iran	中東	境界的圧力	停戦維持し示威で抑止	航路周辺で限定示威、仲介窓口は温存	抑止を保ち生活防衛も崩さない	制裁と強硬派で妥協幅が狭い	66.0	72.0	74.0	78.0	86.0	75.0	83.0	27.0	燃料高と雇用不安が連動し、将来像が描きにくくなる
24	ISR	イスラエル	Israel	中東	間接衝突	安保最優先で技術統制	米国・欧州とAI輸出管理強化、サイバー抑止	雇用不安は支援しつつ、治安と優位を守る	戦時コストと分断で、改革余地が狭い	68.0	54.0	73.0	90.0	86.0	76.0	82.0	25.0	規制と供給不安が進路選択を硬直化し、焦燥が増える
24	SAU	サウジアラビア	Saudi Arabia	中東	圧力上昇	価格安定と改革資金確保	OPEC+維持、供給微調整と対話継続	歳入を守り雇用と改革投資を継続	若年雇用と治安費で増産に限界	60.0	58.0	59.0	40.0	64.0	55.0	70.0	40.0	燃料高と雇用不安の連鎖で将来像が曇りやすい
24	EU	欧州連合	European Union	欧州	圧力上昇	規制を保ち雇用不安を抑制	域内AI監督を統一し域外に適合要求	安全と雇用移行を同時に守る	加盟国差と産業反発で実装が鈍い	46.0	34.0	72.0	61.0	78.0	54.0	80.0	32.0	規制論争が日本の職不安を増幅、挑戦は慎重化
25	USA	アメリカ	United States	北米	境界的圧力	透明性基準を同盟に拡張	対日へ監査基準同調とデータ共有要求	雇用の公平と安全のため基準を統一する	選挙圧力で成果が要り規制が硬直化	72.0	56.0	84.0	93.0	90.0	76.0	88.0	16.0	基準は見えるが同調負担で学び直し焦りが増す
25	CHN	中国	China	東アジア	境界的圧力	雇用不安抑えつつ対外圧力	対日重要材の許認可を維持し揺さぶり	雇用と安全のため管理を最適化	景気鈍化で強硬の長期化は困難	82.0	50.0	90.0	86.0	70.0	88.0	87.0	16.0	採用基準の不透明感が増し、進路選択が萎縮する
25	JPN	日本	Japan	東アジア	圧力上昇	透明性要求に制度で応答	AI雇用指針を同盟国と整合、投資誘致	学ぶ指針と再訓練を提示し移行を支える	財政制約で即効策が薄く不満が拡散	63.0	56.0	79.0	61.0	95.0	62.0	92.0	7.0	何を学ぶべきか不透明で焦燥増。指針と支援の可視化が希望を左右
25	TWN	台湾	Taiwan	東アジア	境界的圧力	供給信頼と人材不安の抑制	日米と供給優先枠調整、採用基準の透明化促進	安全と雇用を守るため訓練と基準公開を進める	電力・人材不足で増産と若者対策が競合	79.0	61.0	76.0	75.0	83.0	81.0	88.0	28.0	学ぶ指針が見えず不安が増幅、将来設計が短期化しやすい
25	KOR	韓国	South Korea	東アジア	境界的圧力	透明基準で競争力を確保	採用AI透明基準を同盟圏で整合、半導体管理も維持	公正採用と成長産業の雇用を同時に守る	若年不満と輸出依存で強硬と緩和が揺れる	64.0	53.0	86.0	77.0	83.0	69.0	91.0	16.0	採用基準競争が加速し、若者は学習負担と将来不安が増幅
25	PRK	北朝鮮	North Korea	東アジア	間接衝突	示威と外貨確保を優先	短距離発射示威とサイバー窃取を継続	外圧に備え統制強化と忠誠を求める	外貨難と民生疲弊で長期緊張は限界	88.0	52.0	78.0	86.0	80.0	72.0	94.0	15.0	学ぶ指針不安に安全不安が上乗せされ将来像が霞む
25	RUS	ロシア	Russia	ユーラシア	間接衝突	制裁回避と資源収入維持	資源値引きを条件化し制裁回避網を強化	外圧に対抗し産業と雇用を守る	部品不足と動員疲れで長期戦が重い	86.0	69.0	77.0	87.0	80.0	74.0	79.0	24.0	採用透明性要求と外部ショックが重なり将来設計が縮む
25	UKR	ウクライナ	Ukraine	欧州	限定戦争	支援維持と動員負担の平準化	欧州・米へ防空/弾薬継続と復興資金前倒し要求	前線維持と生活防衛を同時に進める	支援疲れと歳入不足で制度維持が逼迫	86.0	54.0	79.0	70.0	92.0	63.0	87.0	20.0	戦争不確実性に加えAI採用基準不透明が学習不安を増幅
25	IRN	イラン	Iran	中東	境界的圧力	停戦維持し圧力カード温存	航路示威を抑え、原油供給調整を示唆	安全と生活を守るため抑止は緩めない	制裁と強硬派で譲歩余地が小さい	64.0	76.0	73.0	79.0	87.0	74.0	84.0	26.0	燃料高と物価で不安が増幅。学びの指針要求が強まる
25	ISR	イスラエル	Israel	中東	間接衝突	安保優先で人材・規制調整	同盟とAI基準連携、輸出管理と供給確保	戦時でも雇用転換を支え、透明性を主導	戦費・分断で再訓練と民生投資が不足	70.0	57.0	76.0	92.0	88.0	79.0	84.0	23.0	採用基準の不透明さが連鎖し、進路不安と焦燥が強まる
25	SAU	サウジアラビア	Saudi Arabia	中東	圧力上昇	価格安定と改革継続	OPEC+枠内で供給調整、対日安定供給を強調	歳入を守り雇用と改革投資を継続	若年雇用と治安費で増産余地が小さい	61.0	60.0	62.0	41.0	65.0	56.0	73.0	38.0	燃料高が家計と企業負担を押し上げ、学ぶ指針不在の不安が増幅
25	EU	欧州連合	European Union	欧州	圧力上昇	採用AI透明化を制度化	AI採用基準の開示指針を域外にも要求	若者の公正な機会と信頼を守る	加盟国差と企業負担反発で足並み不安	44.0	33.0	70.0	60.0	77.0	52.0	79.0	34.0	採用基準の可視化圧が波及、学び直し焦りが拡大
26	USA	アメリカ	United States	北米	境界的圧力	同盟標準の即時実装を要求	対日へ監査同調を期限化し供給網再編	安全と雇用を守るため同盟で統制する	選挙と産業保護で譲歩が難しい	74.0	58.0	86.0	94.0	91.0	78.0	90.0	14.0	地方の出口不安に同調負担が重なり、移動と学び直しの焦りが増える
26	CHN	中国	China	東アジア	境界的圧力	景気配慮で揺さぶり継続	対日重要材の許認可を選別し圧力	安定と雇用を守る管理強化	内需鈍化で強硬の長期化は負担	84.0	52.0	92.0	87.0	72.0	89.0	88.0	15.0	地方の進路不安が強まり、都市流入か離脱で迷いが増す
26	JPN	日本	Japan	東アジア	圧力上昇	地方流出に即応し需給調整	同盟と人材・投資連携、供給網を補強	地方の雇用と住まいを支え選択肢を増やす	財政余力が乏しく即効策が薄い	64.0	58.0	83.0	62.0	96.0	63.0	93.0	6.0	地元で将来像が描けず焦燥。住まいと仕事の見通しが鍵
26	TWN	台湾	Taiwan	東アジア	境界的圧力	人材流出抑制と供給信頼	日米と供給枠協議、就労・住宅支援連携	雇用と住居を支え産業基盤を守る	電力・住居不足で賃上げ余地が限定	82.0	63.0	79.0	77.0	85.0	83.0	90.0	26.0	半導体不安に加え若者移動の連鎖が映り、進路が短期化
26	KOR	韓国	South Korea	東アジア	境界的圧力	半導体確保と世論沈静を優先	同盟枠で半導体規律維持、対北抑止も強化	雇用と安全を同時に守る移行期の措置	若年不満と輸出依存で強硬が長続きしない	66.0	56.0	88.0	79.0	84.0	71.0	92.0	14.0	都市集中と技能競争が波及し、地方の将来像が薄れ不安が増す
26	PRK	北朝鮮	North Korea	東アジア	間接衝突	示威で譲歩を引き出す	発射示威とサイバー外貨獲得を継続	外圧対抗を掲げ統制と忠誠を強化	外貨難と民生疲弊で長期緊張は負担	90.0	54.0	82.0	88.0	82.0	74.0	95.0	14.0	地方流出不安に安全不安が上乗せされ将来設計が縮む
26	RUS	ロシア	Russia	ユーラシア	間接衝突	制裁回避と資源収入を優先	資源輸出の条件厳格化と制裁回避網を拡張	外圧下でも雇用と物価を守り勝ち切る	動員疲れと部品不足で長期戦が重い	88.0	72.0	79.0	86.0	82.0	76.0	81.0	22.0	地方雇用の弱さに外部ショックが重なり、移動か断念かの不安が増す
26	UKR	ウクライナ	Ukraine	欧州	限定戦争	支援固定化へ制度戦へ移行	欧米へ弾薬/防空の長期契約と資金前倒し要請	前線維持と生活基盤を同時に守る	動員疲れと財政難で地方空洞化が加速	85.0	56.0	81.0	72.0	91.0	64.0	88.0	19.0	国際不確実性が就職観を硬化、地方脱出不安が増幅
26	IRN	イラン	Iran	中東	境界的圧力	停戦維持、圧力手段は温存	海上示威は抑制しつつ供給調整を示唆	生活を守るため抑止と統制を維持する	制裁と強硬派で妥協幅が狭い	63.0	74.0	76.0	80.0	88.0	75.0	85.0	25.0	燃料高と雇用不安で地方離脱が加速、将来像が曇る
26	ISR	イスラエル	Israel	中東	間接衝突	安保優先で技術供給を確保	停戦維持を探りつつサイバー抑止を強化	安全保障と経済を同時に守る局面だ	戦費と分断で民生・人材投資が細る	72.0	58.0	79.0	93.0	90.0	81.0	86.0	22.0	都市集中と職の偏りが強調され、進路不安が増幅
26	SAU	サウジアラビア	Saudi Arabia	中東	圧力上昇	歳入確保と価格抑制	OPEC+で微調整、対日長期契約を強調	歳入を守り雇用と改革投資を継続	治安費と若年雇用が増産余地を縛る	63.0	66.0	68.0	43.0	67.0	58.0	77.0	36.0	燃料高と都市集中で将来像が曇り、地方若者の焦燥が増す
26	EU	欧州連合	European Union	欧州	圧力上昇	域外も含む雇用AI規律強化	取引先に採用AI監査・開示を要請	若者の公正と競争力を同時に守る	景気減速で規制コストへの反発が強い	46.0	36.0	74.0	58.0	78.0	54.0	82.0	33.0	採用の説明責任圧が波及。都市集中と学び直し不安が増える
27	USA	アメリカ	United States	北米	境界的圧力	同盟統制と産業保護を優先	対日へ計算資源監査を厳格化し共同調達を誘導	同盟で技術覇権と雇用を守る必要がある	選挙・物価・企業ロビーで緩和しにくい	76.0	60.0	88.0	95.0	92.0	80.0	93.0	12.0	再教育の地域差が可視化され、焦りと分断感が増える
27	CHN	中国	China	東アジア	境界的圧力	選別圧力で主導権確保	重要材の許認可を波状運用し牽制	雇用と安全を守る管理を強化	景気弱く長期強硬は内外に負担	86.0	54.0	93.0	88.0	74.0	90.0	89.0	14.0	再教育の地域差が不安を増幅し、将来像が揺れる
27	JPN	日本	Japan	東アジア	圧力上昇	地域格差を抑え再教育を統制	人材・研究連携を維持し資源確保	地域差を是正し学び直しを広げる	財政逼迫で横並び支援が難しい	63.0	57.0	86.0	64.0	97.0	65.0	95.0	5.0	住む場所で将来が変わる感覚が増幅。焦燥と諦めが拡大
27	TWN	台湾	Taiwan	東アジア	境界的圧力	供給信頼と人材定着を優先	日米へ供給計画共有、共同訓練枠を拡大	産業と生活を守り、動揺を抑える	電力・住宅・賃金制約で流出圧が残る	84.0	66.0	81.0	79.0	86.0	85.0	91.0	24.0	再教育競争の地域差が可視化し、進路不安が増幅
27	KOR	韓国	South Korea	東アジア	圧力上昇	半導体優先で社会不満を抑制	同盟と供給網で先端品確保、対北抑止維持	成長と雇用の移行を支え安全も守る	若年雇用と輸出依存で強硬策が続かない	64.0	57.0	90.0	82.0	80.0	73.0	93.0	13.0	再教育の地域格差が可視化し、若者の居場所不安が増幅
27	PRK	北朝鮮	North Korea	東アジア	間接衝突	示威と取引で体制維持	短距離発射示威とサイバー外貨獲得を強化	外圧に屈せず自力更生で結束を訴える	外貨難と統制疲れで緊張維持が重荷	92.0	56.0	83.0	90.0	84.0	75.0	96.0	16.0	地域の再教育格差が見える中、安全不安が上乗せされ将来像が縮む
27	RUS	ロシア	Russia	ユーラシア	間接衝突	制裁回避と戦時収入を維持	資源輸出条件を硬化、制裁回避網を拡張	長期戦でも雇用と物価を守り抜く	動員疲れと部品不足で消耗が進む	90.0	74.0	81.0	87.0	83.0	77.0	82.0	21.0	再教育予算競争の地域差に外圧が重なり、進路の分断感と焦りが強まる
27	UKR	ウクライナ	Ukraine	欧州	限定戦争	支援の多年度化を固める	欧州・米へ復興基金と防空弾薬の長期枠要請	持久戦と復興準備を同時に進める	動員疲労と財政逼迫で統治の摩耗が進む	84.0	58.0	79.0	73.0	90.0	66.0	86.0	21.0	再教育の地域差が可視化され、若者は移動圧と将来不安が増える
27	IRN	イラン	Iran	中東	境界的圧力	停戦維持、交渉で圧力確保	供給調整を示唆し制裁緩和を探る	抑止と統制で生活を守ると強調	制裁と強硬派で妥協が難しい	61.0	72.0	74.0	79.0	86.0	74.0	84.0	28.0	燃料高と地域差の可視化で不安増、将来像が分断される
27	ISR	イスラエル	Israel	中東	間接衝突	安保と技術優位を固守	停戦線は維持、対イラン抑止と輸出管理強化	安全保障を最優先しつつ経済の耐久力も守る	戦費と分断で若者投資が後回しになりやすい	70.0	60.0	76.0	92.0	88.0	79.0	84.0	24.0	再教育予算の地域差が可視化し、進路格差不安が増す
27	SAU	サウジアラビア	Saudi Arabia	中東	圧力上昇	価格安定優先で歳入確保	OPEC+調整継続、対日供給安定を示す	市場安定で改革投資と雇用を守る	治安費と若年雇用で増産余地が小さい	62.0	64.0	69.0	44.0	68.0	59.0	78.0	34.0	燃料高が自治体再教育格差を強調し、地方若者の将来不安が増幅
27	EU	欧州連合	European Union	欧州	圧力上昇	説明責任と競争力を両立	域外取引へ採用AI監査と開示を拡大	公正な雇用と成長を同時に守る	景気鈍化で規制負担への反発が強い	44.0	34.0	77.0	60.0	76.0	53.0	83.0	31.0	再教育の地域差が可視化し、選別不安と焦りが増える
28	USA	アメリカ	United States	北米	境界的圧力	同盟負担増と技術統制	対日へAI/半導体調達の遵守監査を強化	同盟で供給網と雇用を守る	物価と選挙で譲歩しにくい	74.0	58.0	86.0	94.0	90.0	78.0	92.0	14.0	介護離職不安に加え進路の先細り感が拡散しやすい
28	CHN	中国	China	東アジア	境界的圧力	選別圧力で譲歩を誘う	重要原料・部材の許認可を機動運用	安全と雇用を守る管理を強化	景気弱く長期強硬は逆風になり得る	88.0	55.0	95.0	90.0	78.0	92.0	90.0	12.0	介護離職不安と景気不透明が重なり、将来像が縮む
28	JPN	日本	Japan	東アジア	圧力上昇	介護離職を抑え負担分散	同盟協議を維持しつつ人材・薬品供給を確保	介護医療の崩れを防ぎ家計と雇用を守る	財政余力が乏しく広域支援が薄まる	61.0	56.0	90.0	66.0	99.0	67.0	96.0	4.0	家族ケアで進学就職が揺れ、将来が縮む感覚が強まる
28	TWN	台湾	Taiwan	東アジア	境界的圧力	供給信頼と動員準備を維持	日米と供給優先枠を調整、訓練継続	安全と雇用を守り動揺を抑える	電力・住宅費が重く人材流出が止まりにくい	86.0	67.0	83.0	81.0	88.0	87.0	92.0	22.0	供給不安が介護離職不安と重なり将来像が曇る
28	KOR	韓国	South Korea	東アジア	圧力上昇	半導体競争と抑止を優先	対北抑止と先端投資を継続、対日協調は選別	安全と成長を同時に守り雇用転換を急ぐ	若年不満と輸出依存で強硬路線は長続きしない	66.0	56.0	92.0	83.0	82.0	74.0	95.0	12.0	介護離職不安が雇用観を冷やし、将来の設計意欲が萎む
28	PRK	北朝鮮	North Korea	東アジア	境界的圧力	示威と外貨獲得を継続	短距離発射示威と対日サイバー圧力強化	敵対勢力に備え団結と軍備を強調	外貨難と統制疲れで偶発拡大は避けたい	94.0	58.0	86.0	91.0	85.0	76.0	97.0	14.0	介護離職不安に安保不安が重なり、将来設計が縮む
28	RUS	ロシア	Russia	ユーラシア	間接衝突	資源と情報で圧力維持	資源輸出を選別、制裁回避と影響工作継続	包囲下でも物価と雇用を守り抜く	動員疲れと部品不足で長期維持が重い	92.0	76.0	84.0	88.0	86.0	79.0	86.0	19.0	介護離職不安に外圧が重なり、将来像が縮み焦燥が増す
28	UKR	ウクライナ	Ukraine	欧州	限定戦争	支援の減速を警戒し固定化	欧州・米に弾薬/防空と財政支援の継続枠要請	前線維持と生活を両立し耐え抜く	支援国の内政負担増で優先度が下がり得る	86.0	60.0	81.0	74.0	92.0	68.0	88.0	19.0	医療介護離職波で国内不安が強まり、対外危機が増幅して将来像が曇る
28	IRN	イラン	Iran	中東	境界的圧力	停戦維持で影響力を確保	供給と航路リスクで交渉圧力を調整	強硬姿勢で安全と生活を守ると訴求	制裁下で財政薄く強硬派も抑え難い	63.0	75.0	77.0	79.0	87.0	75.0	85.0	27.0	燃料高と介護離職不安が重なり、将来設計が萎む
28	ISR	イスラエル	Israel	中東	間接衝突	抑止維持と技術統制	停戦線を維持し対イラン抑止と輸出管理強化	安全優先、同盟と技術優位で被害を抑える	戦費と分断で社会投資が圧迫される	72.0	64.0	78.0	93.0	90.0	81.0	86.0	22.0	介護離職不安に加え先端投資制約で将来観が曇る
28	SAU	サウジアラビア	Saudi Arabia	中東	圧力上昇	価格安定で歳入と秩序維持	OPEC+調整継続、対日供給の確実性を強調	価格の急変を避け改革投資と雇用を守る	治安・雇用対策で増産余力は限定的	63.0	60.0	72.0	44.0	71.0	60.0	82.0	31.0	燃料高と介護離職不安が重なり、将来設計の萎縮が進む
28	EU	欧州連合	European Union	欧州	圧力上昇	社会ケアを軸に競争力維持	対日も含む医療AI基準整合と技能連携を要請	介護・医療の負担を下げつつ雇用を守る	財政はあるが加盟国間で実装速度が割れる	46.0	38.0	71.0	58.0	69.0	54.0	78.0	34.0	介護離職不安と再教育圧が重なり将来像が揺れる
29	USA	アメリカ	United States	北米	境界的圧力	同盟要求と国内反発の調停	対日へ計算資源の用途監査と同盟投資を要求	雇用と安全保障の両立へAI基盤を守る	立地反発と電力制約で拡張が遅れる	76.0	61.0	88.0	95.0	91.0	79.0	93.0	12.0	進路の選択肢が狭まる感覚が強まり、焦燥と諦めが拡散
29	CHN	中国	China	東アジア	境界的圧力	選別緩和で依存を固定	重要部材・レア材の許認可を緩急運用	供給安定と雇用確保へ管理を最適化	景気下押しで過度な締付けは難しい	90.0	58.0	92.0	88.0	80.0	90.0	91.0	14.0	DC立地摩擦で電力負担と雇用不安が拡散し、将来設計が短期化
29	JPN	日本	Japan	東アジア	圧力上昇	立地摩擦を抑え投資継続	同盟と連携し電力燃料・半導体調達を多角化	地域負担を減らし雇用と成長を両立する	電力水と財政が限界、合意形成が遅い	60.0	58.0	82.0	55.0	97.0	66.0	92.0	6.0	地元対立と雇用不安が重なり、挑戦より保守が増える
29	TWN	台湾	Taiwan	東アジア	境界的圧力	電力確保と供給信頼を優先	日米と電力・水制約を共有し供給枠維持	AI投資は進めつつ生活負担を抑える	電力・水と地元反発で投資速度が鈍る	84.0	70.0	78.0	83.0	86.0	85.0	91.0	23.0	半導体不安に電力摩擦が重なり将来設計が縮む
29	KOR	韓国	South Korea	東アジア	圧力上昇	半導体と電力制約を優先	対米協調で先端投資、電力規制も強化	成長と安保のため立地調整を進める	電力・水反発と若者雇用不安が痛い	64.0	58.0	90.0	85.0	78.0	72.0	93.0	14.0	計算資源不安が進路観を冷やし挑戦回避が増える
29	PRK	北朝鮮	North Korea	東アジア	境界的圧力	示威とサイバーで譲歩探る	短距離発射準備誇示と対日侵入増	外圧に屈せず軍備で生活守る	外貨難で長期対立は維持困難	95.0	59.0	87.0	92.0	86.0	77.0	98.0	13.0	AI投資摩擦と安保不安が重なり、挑戦意欲が萎む
29	RUS	ロシア	Russia	ユーラシア	間接衝突	資源と情報で圧力継続	輸出先選別と制裁回避網を強化	対外圧力下でも雇用と歳入を守る	動員疲れと設備・部品不足が重い	90.0	79.0	83.0	89.0	85.0	81.0	87.0	18.0	電力・雇用の見通しが揺れ、進路選択が萎縮し不安が増幅
29	UKR	ウクライナ	Ukraine	欧州	限定戦争	支援固定化へ圧力を強める	欧米に防空・弾薬と復興資金の枠固定要請	消耗戦でも前線と生活を守る	支援国のAI投資優先で関心低下	88.0	63.0	79.0	77.0	93.0	70.0	86.0	18.0	AI電力摩擦で投資停滞感が増し、危機連想で将来不安が濃くなる
29	IRN	イラン	Iran	中東	境界的圧力	停戦維持で資源交渉を優先	海上輸送リスクを梃子に制裁緩和を探る	外圧下でも治安と生活を守ると強調	財政薄く強硬派と生活不満が両圧力	66.0	78.0	73.0	77.0	86.0	72.0	84.0	26.0	燃料高と物価で将来設計が縮み、AI投資摩擦が不安を増幅
29	ISR	イスラエル	Israel	中東	間接衝突	技術優先で治安維持	対外輸出管理を強め計算資源を確保	危機下でもAI基盤を守り雇用も死守	戦費と分断で社会投資が細る	70.0	66.0	80.0	94.0	91.0	83.0	87.0	21.0	計算資源逼迫と電力不安で学業就職の先行きが暗くなる
29	SAU	サウジアラビア	Saudi Arabia	中東	圧力上昇	価格安定と投資誘致を両立	OPEC+微調整、対日LNG原油の長期枠提示	価格の急変を避け雇用と改革投資を守る	治安・若年雇用で余力薄、増産は慎重	62.0	64.0	74.0	46.0	72.0	62.0	84.0	30.0	電力コスト不安がDC摩擦と連動し、就職・将来設計が慎重化
29	EU	欧州連合	European Union	欧州	圧力上昇	規制整合でAI投資を守る	対日含むDC環境基準と電力融通協議を提案	地域負担を抑え雇用と競争力を両立	加盟国で反対運動と許認可が遅れる	44.0	46.0	66.0	62.0	61.0	55.0	81.0	33.0	計算資源不安と再教育圧で将来像が揺れやすい
30	USA	アメリカ	United States	北米	境界的圧力	同盟負担増とAI統制を優先	対日へ防衛負担増と計算資源監査強化	同盟で抑止を固め雇用も守る	電力・用地反発で増産が鈍い	78.0	63.0	90.0	96.0	94.0	80.0	95.0	10.0	住居不安に進路不安が重なり、努力が報われない感覚が増幅
30	CHN	中国	China	東アジア	境界的圧力	選別圧力で譲歩を誘う	レア材・部材許認可を絞り対日交渉を加速	外圧に対抗し産業と雇用を守る	景気優先で全面強硬は採りにくい	92.0	60.0	94.0	90.0	84.0	92.0	93.0	12.0	住居支援停滞に供給不安が上乗せされ、将来像が縮む
30	JPN	日本	Japan	東アジア	圧力上昇	住宅停滞を先送り最小対応	同盟と燃料調達を維持し供給網監視	財源制約下で優先度順に支援を実施	防衛・物価対策で財源枯渇、調整遅い	61.0	57.0	84.0	56.0	98.0	67.0	94.0	5.0	住居不安が固定化し将来設計を諦め、挑戦回避が増える
30	TWN	台湾	Taiwan	東アジア	境界的圧力	抑止と供給信頼を死守	日米欧と供給継続枠と危機物流を調整	危機は備えるが生活負担は抑える	電力・水・世論で増産と防衛が綱引き	86.0	73.0	80.0	85.0	88.0	87.0	93.0	20.0	住居停滞で将来不安が増幅し、供給懸念が追い打ち
30	KOR	韓国	South Korea	東アジア	圧力上昇	雇用不安を抑えつつ技術防衛	対米協調で先端規制順守、供給網協定	住宅停滞の不満に雇用対策で応える	住宅・電力・財政で対策が割れる	63.0	57.0	82.0	83.0	76.0	70.0	88.0	18.0	住宅停滞の連想で将来不安が増え、挑戦が慎重化
30	PRK	北朝鮮	North Korea	東アジア	間接衝突	挑発を調整し譲歩を探る	発射示威とサイバーで対日圧力継続	敵対勢力に屈せず体制を守る	外貨難で長期緊張は負担増	94.0	61.0	88.0	93.0	88.0	79.0	99.0	11.0	住居不安に安保騒音が重なり、将来像が描けず萎縮
30	RUS	ロシア	Russia	ユーラシア	間接衝突	資源・情報で揺さぶり継続	輸出先選別と迂回取引、海空で示威	長期戦でも歳入と雇用を守る	動員疲れと部品不足、制裁逃れも限界	88.0	82.0	79.0	87.0	86.0	78.0	90.0	15.0	住居停滞が直撃し、不安が増幅。学業・就職・結婚の先送りが進む
30	UKR	ウクライナ	Ukraine	欧州	限定戦争	支援継続の枠固定を要請	対日含む支援国へ弾薬・防空と復興枠の固定化要請	長期戦でも前線と生活基盤を守る	支援疲れとAI投資優先で関心低下	87.0	66.0	80.0	78.0	94.0	72.0	88.0	16.0	住宅停滞と財政圧力が重なり、若者の将来設計が萎む
30	IRN	イラン	Iran	中東	境界的圧力	停戦維持し制裁緩和を狙う	航路リスクを示し産油・仲介国へ取引拡大	外圧下でも生活と体制防衛を優先	財政逼迫と強硬派圧力で妥協が難しい	68.0	82.0	76.0	79.0	88.0	74.0	87.0	22.0	燃料高と住宅停滞が将来設計を圧縮し不安が増幅
30	ISR	イスラエル	Israel	中東	間接衝突	安保優先で技術囲い込み	輸出管理と対サイバー連携を強化	戦時経済でも基盤産業と治安を守る	戦費・分断で社会投資が後回し	72.0	68.0	82.0	95.0	92.0	84.0	89.0	18.0	住宅政策停滞の不満に外部ショックが重なり、将来像が描けず不安が増す
30	SAU	サウジアラビア	Saudi Arabia	中東	圧力上昇	価格安定と歳入確保を優先	OPEC+調整、対日長期供給枠を交渉	改革投資と雇用維持へ価格を守る	治安と若年雇用が不安、増産余地は限定	63.0	61.0	77.0	46.0	76.0	63.0	87.0	26.0	家賃不安と光熱費が重なり将来設計が縮み、挑戦より節約志向が強まる
30	EU	欧州連合	European Union	欧州	圧力上昇	規制整合で成長と正統性維持	対日へAI安全・電力規格協力と輸出管理調整	競争力と市民保護を両立し対外依存を減らす	加盟国利害と許認可遅延で投資が鈍る	46.0	49.0	68.0	64.0	63.0	56.0	84.0	30.0	住居不安に加え雇用再編と計算資源不安が重なり将来像が霞む
31	USA	アメリカ	United States	北米	境界的圧力	同盟負担増とAI人材囲い込み	対日へ防衛費増とAI人材・計算資源連携要求	競争と抑止を両立し中間層を守る	賃金二極化で正統性が揺れ妥協余地小	81.0	60.0	92.0	95.0	95.0	83.0	96.0	12.0	勝ち組/負け組感が固定化し将来像が描けず不安増
31	CHN	中国	China	東アジア	境界的圧力	経済優先で選別圧力を継続	重要鉱物・部材の許認可を絞り対日交渉	外圧に備え産業と雇用を守る	景気減速で全面対立は避けたい	90.0	58.0	95.0	91.0	85.0	93.0	94.0	11.0	初任給二極化が選別感を増幅し、供給不安も重なり将来像が狭まる
31	JPN	日本	Japan	東アジア	圧力上昇	若者雇用の二極化を緩和	半導体・電力の調達枠を確保し同盟調整	賃金格差と採用絞りに再訓練で対応	財政逼迫で給付より成長投資に寄せたい	62.0	56.0	88.0	58.0	99.0	68.0	95.0	4.0	選別感が強まり焦燥が増えるが、学び直しが見えれば踏み留まる
31	TWN	台湾	Taiwan	東アジア	境界的圧力	供給信頼と抑止を同時維持	日米欧へ供給継続と危機物流の再確認	平時の生活を守りつつ備えを強化	電力水制約と世論で増産・防衛が競合	88.0	72.0	83.0	86.0	87.0	88.0	94.0	19.0	初任給二極化の不安に供給懸念が重なり、将来像が細る
31	KOR	韓国	South Korea	東アジア	圧力上昇	技術防衛と雇用対策を併走	対米協調で先端規制順守、投資誘致	賃金格差に再訓練と採用支援で対応	若者雇用と輸出規制の板挟み	64.0	56.0	86.0	84.0	77.0	72.0	90.0	17.0	初任給格差が刺さり、努力不信と挑戦回避が強まる
31	PRK	北朝鮮	North Korea	東アジア	間接衝突	挑発を抑えつつ譲歩を取る	短距離発射示威と対外取引を模索	制裁下でも自力で体制と安全を守る	外貨・食料難で長期緊張は痛い	92.0	63.0	90.0	94.0	89.0	80.0	99.0	10.0	初任給格差の不安に安保騒音が重なり萎縮が進む
31	RUS	ロシア	Russia	ユーラシア	間接衝突	資源と情報で圧力を維持	輸出先選別・迂回取引、周辺で示威	制裁下でも歳入と雇用を守り抜く	動員疲れと部品不足、制裁逃れ限界	86.0	79.0	83.0	88.0	84.0	77.0	91.0	16.0	初任給二極化と物価不安が重なり、将来設計の先送りが増える
31	UKR	ウクライナ	Ukraine	欧州	限定戦争	支援の固定化を再要請	対日含む支援国へ防空・弾薬と復興枠継続を要請	長期化でも前線と生活基盤を守る	支援疲れとAI優先で国際関心が細る	86.0	68.0	82.0	79.0	93.0	73.0	89.0	15.0	戦争不確実性と初任給二極化が重なり将来不安が増幅
31	IRN	イラン	Iran	中東	境界的圧力	停戦維持で制裁緩和探る	仲介国経由で輸出維持、航路不安を示唆	生活防衛を掲げ外圧に屈しない	財政難と強硬派で譲歩余地が狭い	66.0	78.0	80.0	78.0	86.0	72.0	88.0	24.0	燃料高と初任給二極化が重なり将来像が曇る
31	ISR	イスラエル	Israel	中東	間接衝突	安保最優先で技術統制	輸出管理・対サイバー連携を継続強化	安全保障を守りつつ経済を回す	戦費と分断で成長投資が薄い	74.0	66.0	84.0	93.0	90.0	82.0	88.0	20.0	初任給二極化と外部ショックが重なり、若者は選別感と将来不安が増幅
31	SAU	サウジアラビア	Saudi Arabia	中東	圧力上昇	原油収益と価格安定を両立	OPEC+で増産は小幅、対日長期契約を優先	歳入を確保し改革投資と雇用を守る	治安・若年雇用が脆く価格下落は避けたい	62.0	64.0	81.0	47.0	78.0	64.0	90.0	24.0	初任給格差と光熱費不安が重なり、挑戦より安全志向が強まる
31	EU	欧州連合	European Union	欧州	圧力上昇	規制整合で雇用二極化抑制	対日へAI人材移動・技能認証の枠組み提案	公正な移行で若者の機会と競争力を守る	加盟国の労組圧力で改革速度が出ない	47.0	50.0	74.0	65.0	64.0	57.0	86.0	29.0	初任給格差のニュースが増幅し、努力の報酬像が割れる
32	USA	アメリカ	United States	北米	境界的圧力	同盟負担とAI主導を優先	対日に防衛・AI投資増と人材流動枠を要求	雇用転換を急ぎ競争力と安全を守る	分断と賃金不満で譲歩が困難	80.0	59.0	90.0	96.0	93.0	82.0	95.0	11.0	ロボ導入で「席が減る」感が強まり、努力の報酬像が曇る
32	CHN	中国	China	東アジア	境界的圧力	選別圧力で対日譲歩を誘導	鉱物・部材許認可を運用で変動、対日交渉	外圧下でも雇用と産業を守り安定優先	景気鈍化で全面対立はコスト高、管理重視	88.0	56.0	92.0	90.0	82.0	91.0	93.0	12.0	現場ロボ拡大で低賃金職の不安が増幅し、供給網不安と重なり将来像が狭まる
32	JPN	日本	Japan	東アジア	圧力上昇	雇用不安に再訓練で防波堤	同盟と半導体・電力の調達枠を固める	省人化は不可避、学び直しで移行を支援	財政余力がなく給付拡大は難しい	61.0	57.0	90.0	60.0	99.0	67.0	96.0	3.0	現場職の将来像が曇り焦りが増すが、移行支援が見えれば離脱は抑制
32	TWN	台湾	Taiwan	東アジア	境界的圧力	供給信頼を軸に抑止維持	日米欧と供給計画・危機物流を再同期	雇用不安に備えつつ防衛と産業を守る	電力水・人材が逼迫し増産余地が限定	86.0	70.0	85.0	87.0	86.0	87.0	95.0	18.0	ロボ実証で職の将来像が揺れ、半導体不安が重なり悲観が増幅
32	KOR	韓国	South Korea	東アジア	圧力上昇	半導体主導で雇用軟着陸	対米協調で先端供給網確保、対中摩擦管理	ロボット普及で生産性向上、再訓練で雇用守る	若者不安と輸出規制、北朝鮮対応が同時進行	63.0	57.0	88.0	85.0	78.0	73.0	92.0	16.0	自動化連想で職の未来が細り、挑戦より安定志向が強まる
32	PRK	北朝鮮	North Korea	東アジア	境界的圧力	限定示威で譲歩を引く	発射準備示威と水面下取引探る	抑止力維持で体制と生活を守る	外貨・食料難で長期緊張は不利	90.0	61.0	92.0	95.0	88.0	81.0	98.0	12.0	ロボ実証で雇用不安が強まる中、安保騒音が重なり将来感が縮む
32	RUS	ロシア	Russia	ユーラシア	間接衝突	資源収入と対外圧力維持	輸出先選別・迂回取引、周辺で示威継続	制裁下でも歳入と雇用を確保すると強調	動員疲れと部品不足、制裁逃れが目詰まり	86.0	81.0	86.0	89.0	85.0	78.0	93.0	15.0	ロボ実証拡大で低賃金職の不安が増幅し、将来設計の先送りが広がる
32	UKR	ウクライナ	Ukraine	欧州	限定戦争	支援維持へ要請強化	対日含む支援国へ防空・弾薬と復興枠継続要請	長期戦でも統治と生活基盤を守る	支援疲れとAI投資優先で関心が細る	84.0	66.0	80.0	77.0	91.0	71.0	87.0	17.0	戦争不確実性に加え自動化不安で将来像が曇る
32	IRN	イラン	Iran	中東	境界的圧力	停戦維持し制裁緩和を狙う	仲介国経由で輸出継続、航路警戒示唆	外圧に屈せず生活を守ると強調	財政難と強硬派で譲歩が難しい	67.0	79.0	83.0	78.0	87.0	73.0	90.0	22.0	燃料高に加えロボ実証で低賃金職不安が増幅
32	ISR	イスラエル	Israel	中東	間接衝突	安保優先で技術囲い込み	サイバー共同訓練と輸出管理を継続	脅威下でも雇用と物価を守る	戦費と分断で投資と人材が細る	76.0	68.0	86.0	92.0	91.0	84.0	90.0	18.0	現場ロボ実証が低賃金職不安を増幅し、若者は将来の席減を実感
32	SAU	サウジアラビア	Saudi Arabia	中東	圧力上昇	価格維持と対日安定供給	OPEC+で増産抑制、対日契約と航路警戒	歳入確保で改革投資と雇用を守る	体制安定優先で値崩れは避けたい	64.0	67.0	84.0	48.0	79.0	66.0	92.0	23.0	光熱費不安に加え省人化が刺さり、将来像が縮む
32	EU	欧州連合	European Union	欧州	圧力上昇	雇用移行を制度で管理	対日へ技能移行・安全基準の協調を要請	自動化は成長源、移行支援で不安抑制	加盟国間で補償水準が割れ合意が遅い	45.0	49.0	77.0	66.0	67.0	55.0	88.0	27.0	現場職の将来不安が拡散、努力の方向が見えにくい
33	USA	アメリカ	United States	北米	境界的圧力	AI標準と同盟負担を要求	対日で教育AI標準・データ連携と防衛増要請	競争力と安全を守るため同盟を強化	格差不満と対中強硬で妥協しにくい	82.0	60.0	88.0	95.0	90.0	84.0	94.0	12.0	教育AIが前提化し環境差が刺さる。不公平感と将来不安が増幅
33	CHN	中国	China	東アジア	境界的圧力	教育AI標準で主導権確保	教育AI規格・教材で周辺国に浸透	人材競争に勝ち雇用と安定を守る	景気鈍化で外圧拡大は抑制したい	86.0	54.0	94.0	88.0	83.0	90.0	95.0	10.0	教育AI格差が進路不安を増幅し、技能競争が息苦しさを強める
33	JPN	日本	Japan	東アジア	圧力上昇	教育格差の火消し優先	同盟と連携し学習AI・端末調達を拡充	環境差を埋め、学び直しと就職を支える	財政硬直で恒久支援が組みにくい	60.0	56.0	88.0	58.0	97.0	66.0	95.0	4.0	学習環境差が進路不安を増幅。支援が遅いと諦めが拡大
33	TWN	台湾	Taiwan	東アジア	境界的圧力	供給信頼と社会耐性を優先	日米欧と教育AI・人材交流枠と供給計画を更新	教育格差の火種を抑え産業と抑止を守る	電力水・人材制約で増産と福祉が綱引き	84.0	68.0	83.0	86.0	84.0	85.0	94.0	19.0	教育AI標準化で格差不安が増幅。供給不安と重なり将来像が曇る
33	KOR	韓国	South Korea	東アジア	圧力上昇	技能格差を抑え競争力維持	米国と教育AI・半導体標準を揃え供給網を固定	AI前提教育を拡充し、公教育で格差を抑える	私教育格差と雇用不安で政権支持が揺れやすい	64.0	56.0	91.0	86.0	80.0	74.0	93.0	14.0	教育AI標準化が格差不安を増幅し、将来像が『勝ち組/負け組』化する
33	PRK	北朝鮮	North Korea	東アジア	間接衝突	示威で譲歩と注目を獲得	短距離発射で警戒強め対話窓口残す	外圧に屈せず抑止で体制守る	外貨・食料難で長期挑発は損	92.0	63.0	78.0	88.0	84.0	80.0	96.0	11.0	進路がAI環境差で揺れる中、安保不安が重なり将来像が縮む
33	RUS	ロシア	Russia	ユーラシア	間接衝突	制裁下で戦争継続と歳入確保	資源輸出を選別・迂回取引、周辺で示威	長期戦でも生活と雇用は守ると強調	動員疲れと部品不足、制裁逃れが細る	84.0	77.0	82.0	87.0	83.0	76.0	92.0	18.0	AI授業の格差不安に地政学ノイズが重なり、進路の先送りが増える
33	UKR	ウクライナ	Ukraine	欧州	限定戦争	支援確保と統治維持	対日含む支援国へ防空・弾薬と復興枠要請	教育・生活を守りつつ防衛を継続する	支援疲れとAI投資競争で優先度が下がる	86.0	67.0	82.0	79.0	92.0	72.0	88.0	16.0	戦争不確実性に教育AI格差不安が重なり将来像が曇る
33	IRN	イラン	Iran	中東	境界的圧力	停戦維持で対外圧を分散	仲介国で交渉継続、航路圧力は示唆	外圧に屈せず生活防衛を優先	強硬派と財政難で譲歩幅が狭い	69.0	81.0	84.0	79.0	88.0	74.0	92.0	21.0	燃料高とAI教育格差の不安が重なり、将来像が曇る
33	ISR	イスラエル	Israel	中東	間接衝突	安保と技術優位を死守	共同開発深化と輸出管理を強化	脅威下でも教育と成長投資は守る	戦費と分断で人材確保が難航	78.0	64.0	88.0	93.0	92.0	86.0	91.0	17.0	AI授業の標準化が格差不安を直撃し、努力の報酬感が薄れる
33	SAU	サウジアラビア	Saudi Arabia	中東	圧力上昇	価格安定と対日供給維持	OPEC+で急増産抑え、対日長期契約優先	歳入確保で雇用と改革投資を守る	値崩れ回避と治安費が最優先	63.0	70.0	86.0	49.0	80.0	67.0	93.0	22.0	物価高と格差不安が増幅。学習環境差が将来不安を押す
33	EU	欧州連合	European Union	欧州	圧力上昇	規制で教育格差と雇用不安抑制	対日へ学習AI基準と技能認証の整合要請	公平な教育機会を守り競争力も維持	加盟国で教育投資差、統一が遅れる	44.0	47.0	81.0	64.0	69.0	56.0	90.0	25.0	学習環境差が進路不安を増幅、正解探しが強まる
34	USA	アメリカ	United States	北米	圧力上昇	同盟統合とAI管理を優先	対日でAI規格・輸出管理同調と負担増要求	雇用と安全を守るため同盟を締める	分断と物価で外へ成果を求めがち	78.0	58.0	86.0	94.0	88.0	80.0	92.0	14.0	規格同調と負担増で格差不安が増幅。将来設計が短期化
34	CHN	中国	China	東アジア	境界的圧力	技術主権と周辺抑止を優先	輸出管理回避を探りつつ台湾周辺で示威	外圧下でも雇用と安定を守り競争に勝つ	景気鈍化で強硬一辺倒は内政コスト高	84.0	60.0	92.0	86.0	80.0	88.0	93.0	12.0	地政学と技術制約が進路不安を増幅、挑戦より回避が強まる
34	JPN	日本	Japan	東アジア	圧力上昇	生活費と抑止の同時維持	同盟調整しLNG・石油を分散確保	物価対策と防衛を両立し雇用を守る	恒久財源が弱く支援は時限化しがち	61.0	63.0	82.0	57.0	96.0	68.0	92.0	6.0	物価と就職不安が継続。支援が短期だと将来像が描けず萎縮
34	TWN	台湾	Taiwan	東アジア	境界的圧力	抑止と供給連続性を死守	日米欧と半導体供給枠・在庫連携を前倒し	外圧下でも雇用と生活を守り投資継続	電力・水・人材がボトルネック、財政も硬直	82.0	61.0	79.0	84.0	81.0	83.0	92.0	21.0	供給不安は続き将来設計が萎むが、分散策で恐怖はやや減速
34	KOR	韓国	South Korea	東アジア	圧力上昇	資源不安に備え同盟維持	米国と海上警戒協調、LNG調達分散	燃料高に備え支援と安保を両立	物価と雇用不安で対外強硬は取りにくい	63.0	66.0	78.0	82.0	83.0	71.0	88.0	16.0	燃料高と雇用不安が重なり、将来設計が短期化する
34	PRK	北朝鮮	North Korea	東アジア	間接衝突	挑発を抑えつつ示威継続	短距離発射で警戒線上げ対話口は残す	外圧に屈せず抑止で体制を守る	外貨・食料難で長期挑発は高コスト	90.0	68.0	74.0	87.0	82.0	78.0	95.0	14.0	安保不安が就職・移動の決断を縮め、将来像が硬直
34	RUS	ロシア	Russia	ユーラシア	間接衝突	制裁下で戦争継続と示威	資源迂回輸出を維持、近隣で圧力誇示	包囲に耐え産業と雇用を守ると強調	動員疲れと精密部品不足、歳入鈍化	82.0	74.0	80.0	86.0	81.0	74.0	90.0	20.0	物価と地政学ノイズで将来像が霞み、挑戦より様子見が増える
34	UKR	ウクライナ	Ukraine	欧州	限定戦争	支援維持と防空優先	対日含む支援国へ防空・砲弾と復興枠要請	長期戦に備え生活基盤を守り抜く	支援疲れと財政逼迫で統治が脆い	84.0	62.0	80.0	77.0	90.0	70.0	86.0	18.0	遠方戦争は続き、物価と雇用不安が未来感を冷やす
34	IRN	イラン	Iran	中東	境界的圧力	停戦維持で航路影響を調整	仲介交渉を継続しつつ航路リスクを示唆	外圧に備え生活防衛と自立を強調	強硬派・制裁・財政で譲歩が限定	63.0	76.0	80.0	77.0	86.0	70.0	88.0	23.0	燃料高は鈍化も不確実性が残り将来設計が揺れる
34	ISR	イスラエル	Israel	中東	境界的圧力	抑止維持と局地封じ込め	海上護衛協力とサイバー防衛連携を強化	大規模戦争は回避、警戒は継続する	戦費と分断で技術人材が枯渇気味	70.0	58.0	82.0	90.0	88.0	78.0	86.0	22.0	資源高と計算資源逼迫で進路不安が再燃、将来像が縮む
34	SAU	サウジアラビア	Saudi Arabia	中東	圧力上昇	価格安定と航路リスク抑制	OPEC+で増産小幅、紅海警戒協調	歳入確保と治安維持で改革継続	輸送不安と域内牽制で余裕薄い	60.0	62.0	78.0	47.0	77.0	63.0	88.0	26.0	物価高の長期化観測で将来設計が鈍り、挑戦回避が増える
34	EU	欧州連合	European Union	欧州	圧力上昇	規制と景気下支えを優先	対日へAI規制整合と物流リスク共有要請	安全と雇用を守り景気失速を抑える	加盟国間の合意遅れと財政制約が重い	46.0	58.0	78.0	63.0	70.0	60.0	88.0	28.0	エネ高と規制不確実で将来設計が揺れ、慎重化が進む
35	USA	アメリカ	United States	北米	圧力上昇	同盟結束とAI統制を強化	対日で輸出管理同調と防衛負担増を要請	雇用と安全確保へ同盟とAI管理を進める	分断と物価で対外成果を急ぎがち	80.0	60.0	88.0	95.0	90.0	82.0	94.0	12.0	規格同調と負担増が将来不安を刺激し不信調査が拡散
35	CHN	中国	China	東アジア	境界的圧力	周辺抑止と対日切り分け	台湾周辺で示威、対日経済は選別圧力	外圧に屈せず安定と発展を守る	景気鈍化で強硬継続は失業火種	83.0	61.0	90.0	87.0	78.0	86.0	94.0	13.0	不信調査が話題化し、対外不安が就職・進路の悲観を増幅
35	JPN	日本	Japan	東アジア	圧力上昇	若者不信の火消し優先	同盟調整し資源調達と対中摩擦を管理	不安調査を受け家計・雇用と改革を提示	恒久財源が乏しく分配は薄く見えがち	63.0	61.0	84.0	58.0	97.0	70.0	94.0	5.0	制度不信が拡散し将来設計が萎縮。短期支援だと冷笑が強まる
35	TWN	台湾	Taiwan	東アジア	境界的圧力	抑止強化と供給継続を優先	日米欧と供給枠・非常時物流を再調整	外圧下でも雇用と生活を守り投資継続	電力水人材が逼迫、政治不信も増幅	84.0	62.0	81.0	86.0	83.0	85.0	94.0	20.0	半導体不安が進路と家計観を直撃、SNS不信が拡散
35	KOR	韓国	South Korea	東アジア	圧力上昇	同盟維持と産業防衛を優先	対米協調で半導体枠組み強化、北警戒	雇用と安保を同時に守ると説明	若者不信と物価で強硬策が続かない	64.0	62.0	81.0	84.0	86.0	73.0	92.0	15.0	雇用不安と制度不信が共鳴し、挑戦より回避へ傾く
35	PRK	北朝鮮	North Korea	東アジア	境界的圧力	示威と対話口の併用	短距離発射と情報戦で世論揺さぶり	外圧下でも抑止で体制を守る	外貨・食料難で長期緊張は負担	92.0	70.0	78.0	88.0	84.0	80.0	97.0	13.0	制度不信報道と連動し不安が増幅、挑戦回避が強まる
35	RUS	ロシア	Russia	ユーラシア	間接衝突	長期戦前提で圧力維持	資源輸出を武器化、周辺で示威継続	包囲下でも国家を守り抜くと強調	動員疲れと部品不足、歳入の鈍化	84.0	76.0	81.0	87.0	82.0	75.0	93.0	18.0	制度不信の話題に外圧ノイズが重なり、将来設計が萎縮しやすい
35	UKR	ウクライナ	Ukraine	欧州	限定戦争	支援維持へ訴求強化	対欧米日へ防空・資金・復興投資を要請	消耗戦でも統治と生活線を守る	支援疲れと動員負担で正統性が摩耗	86.0	63.0	82.0	78.0	92.0	71.0	88.0	16.0	制度不信の話題と戦争長期化が重なり不安が増幅
35	IRN	イラン	Iran	中東	境界的圧力	停戦維持と対外圧力誇示	停戦枠組み維持を主張しつつ航路警戒を示唆	外圧下でも生活防衛と抵抗経済を訴える	強硬派・制裁・財政逼迫で譲歩困難	66.0	79.0	82.0	78.0	87.0	72.0	90.0	22.0	制度不信報道と外部緊張が重なり、将来設計の悲観が増す
35	ISR	イスラエル	Israel	中東	間接衝突	抑止強化と技術確保	海上リスク対応とサイバー連携を拡大	安全確保と経済維持を同時に進める	戦費と分断で人材・財政が圧迫	72.0	61.0	83.0	92.0	90.0	80.0	90.0	20.0	不信調査が燃料化し、資源高と計算制約が将来像を細らせる
35	SAU	サウジアラビア	Saudi Arabia	中東	圧力上昇	価格安定を優先し不確実性抑制	OPEC+で供給維持、紅海航路の警戒協調	歳入を守りつつ改革と雇用を継続	治安・域内牽制で増産余地は限定的	64.0	60.0	80.0	48.0	78.0	65.0	90.0	25.0	物価と不信調査が重なり、将来設計が萎縮し挑戦回避が増える
35	EU	欧州連合	European Union	欧州	圧力上昇	規制の明確化と景気下支え	対日へAI規制整合と共同監査枠組み提案	若者不安に対応し雇用と安全基準を守る	加盟国合意が遅く支援財源の調整が難しい	44.0	56.0	74.0	61.0	72.0	58.0	84.0	30.0	規制と景気の見通しが揺れ、就職と進路で慎重化が進む
36	USA	アメリカ	United States	北米	圧力上昇	同盟負担増とAI統制継続	対日で輸出管理・防衛協力・標準同調を再要請	制度疲労下でも安全と競争力を守る措置	分断と生活費で外成果を急ぎやすい	78.0	58.0	86.0	94.0	88.0	80.0	92.0	14.0	負担増と統制で進路不安が長期化、焦燥が拡散
36	CHN	中国	China	東アジア	境界的圧力	抑止維持、対日は選別圧力	台湾周辺で演習示威、重要品目は許可制	安定と発展を守り外圧に備える	失業不安で強硬一辺倒は制度疲労	84.0	60.0	88.0	89.0	79.0	87.0	92.0	14.0	対立長期化感で進路が萎縮、挑戦回避が増える
36	JPN	日本	Japan	東アジア	圧力上昇	恒久策へ配分を組替え	資源・半導体調達を多角化し同盟調整	短期から移行し住居・雇用・ケアを再設計	恒久財源と既得権調整が最大の壁	61.0	58.0	82.0	56.0	95.0	68.0	91.0	9.0	制度疲労で冷笑が強まるが、恒久策の道筋が見えれば将来不安は鈍る
36	TWN	台湾	Taiwan	東アジア	境界的圧力	抑止維持と制度疲労の補修	日米欧と供給枠維持、代替拠点も協議	危機管理と生活安定を同時に回す	電力水人材が限界、分断で正統性が揺れる	82.0	60.0	78.0	84.0	80.0	83.0	90.0	22.0	先端供給不安が進路観を冷やし、SNSで焦燥が増幅
36	KOR	韓国	South Korea	東アジア	圧力上昇	同盟維持で産業守勢	対米枠組みで半導体優先配分要求、北警戒継続	雇用防衛と安保強化を同時に進めると説明	若者不満と物価で追加負担に限界	63.0	58.0	78.0	82.0	84.0	70.0	88.0	18.0	半導体競争と安保緊張が重なり、将来像が曇る
36	PRK	北朝鮮	North Korea	東アジア	境界的圧力	示威継続、対話窓は保持	短距離発射示威とサイバー挑発を反復	抑止を誇示し体制と生活を守る	外貨・食料逼迫で緊張維持は重荷	90.0	62.0	76.0	86.0	81.0	78.0	95.0	15.0	安全不安が就活・進学の先送りを誘発、挑戦回避が強まる
36	RUS	ロシア	Russia	ユーラシア	間接衝突	戦争継続で圧力維持	資源輸出の条件操作と周辺で示威	制裁下でも持久戦で国家防衛と強調	動員疲れと部品不足、歳入鈍化が痛い	86.0	74.0	79.0	88.0	83.0	77.0	92.0	17.0	長期不安が定着し、進路・結婚・起業の決断が先送りに
36	UKR	ウクライナ	Ukraine	欧州	限定戦争	支援疲れに備え要請を再設計	復興案件を分割し欧米日へ継続支援を要請	統治と生活線を守り復興準備を進める	動員疲弊と財政難で統治正統性が揺れる	84.0	61.0	79.0	76.0	90.0	69.0	87.0	18.0	戦争長期化と制度疲労が重なり将来像が描きにくい
36	IRN	イラン	Iran	中東	境界的圧力	停戦維持と対外抑止誇示	停戦枠組み支持を表明し航路警戒を示す	外圧下でも生活防衛と抵抗経済を強調	強硬派・制裁・財政難で譲歩が狭い	68.0	81.0	80.0	79.0	88.0	74.0	89.0	21.0	エネ高と緊張報道で将来計画が縮み、悲観が強まる
36	ISR	イスラエル	Israel	中東	間接衝突	抑止維持と内政修復	対イラン停戦監視とサイバー抑止を強化	安全優先だが生活と雇用の基盤も守る	戦費と分断で制度疲労、財政調整が難しい	70.0	58.0	78.0	88.0	86.0	76.0	84.0	24.0	供給制約と将来不安が重なり、挑戦より回避が増える
36	SAU	サウジアラビア	Saudi Arabia	中東	圧力上昇	価格下支えと航路安定を優先	OPEC+で供給を慎重調整、紅海警戒を協調	歳入を確保し改革投資と雇用を守る	域内再燃リスクで増産余地は限定	66.0	63.0	82.0	49.0	80.0	67.0	88.0	23.0	物価高の長期化感が将来設計を縮め、挑戦より安全志向が強まる
36	EU	欧州連合	European Union	欧州	圧力上昇	規制調整と景気防衛	対日へAI監査互換と供給網協議を要請	雇用保護と安全基準で制度信頼を守る	加盟国合意遅れと支援財源が逼迫	46.0	59.0	72.0	63.0	74.0	57.0	82.0	29.0	規制と景気の不透明感で進路が慎重化、安定志向が強まる
37	USA	アメリカ	United States	北米	圧力上昇	還元主導で同盟束ね	AI還元枠を提案し同盟へ制度同調を要求	超過利益を国民に戻し競争力も守る	反発回避で規制は緩めつつ主導権死守	76.0	56.0	84.0	93.0	87.0	79.0	90.0	16.0	還元論は希望材料だが、同調要求で進路と賃金不安が残る
37	CHN	中国	China	東アジア	境界的圧力	秩序維持優先、対日は選別圧力	台湾周辺の示威を継続、重要素材は許可制維持	外圧下でも成長と雇用を守り再分配を検討	再分配は期待上げ過ぎが怖い。失速回避	86.0	62.0	84.0	90.0	76.0	88.0	90.0	15.0	半導体・雇用不安が続き、将来像が縮む一方、再分配議論で一部は救済期待
37	JPN	日本	Japan	東アジア	圧力上昇	還元議論を梃に再配分	国際還元枠に参加し教育・ケア財源協調	AI利益を生活基盤と若者投資へ回す	財源恒久化と既得権調整が難航	60.0	57.0	78.0	54.0	94.0	66.0	88.0	11.0	再配分の筋が見えれば希望は下げ止まるが実行遅れで冷笑が残る
37	TWN	台湾	Taiwan	東アジア	境界的圧力	抑止維持と社会安定の確保	日米欧と供給枠維持、利益還元議論へ参加	安全確保と生活支援を同時に強化する	電力水人材が制約、分断で正統性が揺れる	84.0	61.0	77.0	83.0	81.0	82.0	88.0	23.0	先端供給不安は続き進路観が冷えるが、還元議論で焦燥が僅かに緩む
37	KOR	韓国	South Korea	東アジア	圧力上昇	利益再配分で雇用不安抑制	AI利益還元枠組み提案、対米技術協調維持	再訓練と分配で若者の機会を守る	財政制約と産業ロビーで分配は限定的	61.0	56.0	72.0	80.0	83.0	68.0	85.0	20.0	分配議論が希望材料だが競争激化で不安優勢
37	PRK	北朝鮮	North Korea	東アジア	境界的圧力	示威と取引材料を確保	発射示威を抑制しつつサイバー窃取強化	外圧下でも体制と生活を守る	外貨・食料難で挑発の費用対効果重視	88.0	60.0	74.0	85.0	80.0	77.0	93.0	14.0	安全不安がSNSで増幅し、挑戦より安定志向が強まる
37	RUS	ロシア	Russia	ユーラシア	間接衝突	還元議論を政治利用	資源供給を条件化し分断宣伝を強化	西側は収奪、国家は国民へ還元と強調	戦費と制裁で成長鈍化、技術不足が続く	84.0	72.0	78.0	87.0	82.0	76.0	93.0	18.0	AI格差論と戦争長期化が重なり、将来像が曇り挑戦が鈍る
37	UKR	ウクライナ	Ukraine	欧州	限定戦争	支援設計を利益還元と接続	AI利益還元枠に復興・地雷除去を組み込む要請	復興資金の道筋を増やし生活線を守る	戦時財政と動員疲れで長期統治が脆い	83.0	60.0	80.0	75.0	91.0	70.0	86.0	17.0	支援の継続性議論が増え、将来不安が長引きやすい
37	IRN	イラン	Iran	中東	境界的圧力	停戦維持しつつ譲歩最小	停戦枠組み維持を表明し航路警戒を継続	外圧下でも分配と生活防衛を強調	制裁・強硬派・財政難で交渉余地が狭い	66.0	79.0	78.0	77.0	86.0	72.0	87.0	22.0	分配議論は希望材料だが、緊張報道で将来設計は縮む
37	ISR	イスラエル	Israel	中東	間接衝突	抑止維持と分断抑制	停戦監視と対サイバー連携を継続強化	安全最優先、生活コストも下支えする	戦費と分断で財政・統治の余力が細い	69.0	60.0	77.0	87.0	85.0	75.0	83.0	25.0	還元議論は希望材料だが、供給不安が勝ち慎重化
37	SAU	サウジアラビア	Saudi Arabia	中東	圧力上昇	歳入確保と改革財源死守	OPEC+は慎重調整、対外投資でAI還元案に関与	国際変化に備え雇用と改革投資を守る	還元議論が投資収益圧迫、財源の先細り懸念	64.0	61.0	79.0	50.0	78.0	66.0	86.0	24.0	物価高と将来負担感が続き、挑戦より安定志向が強まる
37	EU	欧州連合	European Union	欧州	圧力上昇	利益還元で制度防衛	対日へAI利益還元枠と監査互換を提案	AI利益を教育・ケアに回し分断を抑える	加盟国合意が遅く財源線引きも難しい	44.0	57.0	69.0	61.0	76.0	55.0	79.0	27.0	還元論で期待も出るが規制不透明で挑戦が鈍る
38	USA	アメリカ	United States	北米	圧力上昇	財政圧力下で同盟要求強化	同盟に防衛分担とAI規格同調を要求	安全と雇用を守るため負担共有	生活費不満で増税困難、外圧で穴埋め	78.0	59.0	86.0	94.0	89.0	80.0	91.0	15.0	負担要求で支援財源が細り、進路と賃金の不安が強まる
38	CHN	中国	China	東アジア	境界的圧力	対日圧力は選別、動揺抑制	台湾周辺の示威継続、重要素材の許可制を厳格化	外圧下でも雇用と供給網を守り安定を優先	失速と不満が怖い。譲歩も強硬も難しい	88.0	64.0	86.0	92.0	79.0	90.0	92.0	12.0	安全保障費と生活支援の綱引きが可視化し、若者は将来設計を先送りしやすい
38	JPN	日本	Japan	東アジア	圧力上昇	安保と生活防衛を同時優先	同盟調整し負担平準化、資源調達分散	防衛も生活も落とさず配分を見直す	恒久財源不足で再配分が政治化	63.0	58.0	80.0	55.0	96.0	68.0	90.0	9.0	支援が見えれば下げ止まるが遅れれば冷笑と不安が増幅
38	TWN	台湾	Taiwan	東アジア	境界的圧力	抑止維持と生活支援調整	日米欧と供給枠固定、支援原資を協議	防衛と生活の両立、若者負担を抑える	電力水人材が逼迫、財源配分が難しい	86.0	63.0	79.0	84.0	83.0	83.0	90.0	21.0	防衛と生活の競合が将来不信を刺激、進路の萎縮が増える
38	KOR	韓国	South Korea	東アジア	圧力上昇	防衛優先でも生活不満を抑制	対米協調で対北抑止強化、半導体同盟を深化	安全保障は最優先、物価と雇用も同時に守る	財源が薄く給付と防衛で削り合いが発生	64.0	57.0	73.0	82.0	85.0	69.0	86.0	18.0	生活支援と安保の綱引きが可視化し、将来像が揺れて不安が増える
38	PRK	北朝鮮	North Korea	東アジア	境界的圧力	緊張管理しつつ取引材料確保	短距離示威とサイバー窃取を段階強化	外圧に屈せず体制と生活を守る	外貨・食料逼迫で挑発は費用対効果重視	86.0	58.0	73.0	84.0	82.0	76.0	92.0	13.0	安全保障費と生活支援の綱引きが可視化し、若者は将来不安と分断感が強まる
38	RUS	ロシア	Russia	ユーラシア	間接衝突	分断を促し譲歩を誘う	資源供給と宣伝で日欧の予算対立を煽る	長期戦に耐える体制を維持すると強調	戦費負担と技術不足で選択肢が狭い	86.0	75.0	79.0	88.0	84.0	77.0	94.0	16.0	防衛か生活かの対立感が増し、将来の見通しが曇る
38	UKR	ウクライナ	Ukraine	欧州	限定戦争	支援疲れを抑えつつ戦線維持	同盟に復興前倒しと弾薬・防空支援を要請	生活線を守りつつ国家存続を優先する	動員疲れと財政難で統治正統性が揺れる	84.0	63.0	79.0	74.0	92.0	69.0	87.0	16.0	安保費と生活支援の対立が可視化し、将来設計が萎む
38	IRN	イラン	Iran	中東	境界的圧力	停戦維持で圧力レバー保持	停戦枠組みを維持しつつ航路で示威	外圧下でも抵抗と生活防衛を強調	制裁・強硬派・財政難で譲歩が難しい	68.0	82.0	79.0	78.0	88.0	74.0	89.0	20.0	防衛と支援の財源競合が可視化し将来観が冷える
38	ISR	イスラエル	Israel	中東	間接衝突	抑止優先で財政調整	停戦監視継続、対サイバー連携拡大	安全最優先、生活支援は重点化で維持	戦費と分断で給付拡大は困難	71.0	62.0	79.0	88.0	88.0	77.0	86.0	23.0	防衛費と支援の綱引きが可視化し、将来の手取り不安が増幅
38	SAU	サウジアラビア	Saudi Arabia	中東	圧力上昇	原油収益で体制と改革を守る	OPEC+小幅調整、対日供給は安定優先	安定収入で雇用と改革投資を継続	価格下げ過ぎは歳入減、上げ過ぎは反発	61.0	57.0	77.0	49.0	80.0	65.0	84.0	23.0	物価と防衛負担の綱引きが可視化し、若者は将来像を描きにくい
38	EU	欧州連合	European Union	欧州	圧力上昇	防衛増と生活支援の綱渡り	対日へ監査互換を維持しつつ防衛協力要請	安全保障と生活支援を両立し分断を抑える	財源配分で加盟国対立、決定が遅い	49.0	60.0	66.0	59.0	78.0	57.0	81.0	25.0	支援と防衛の競合が対岸の火事でなく見え、将来設計が揺れる
39	USA	アメリカ	United States	北米	圧力上昇	同盟負担とAI覇権を優先	対日へ防衛分担・規格同調と投資要請	競争と抑止のため同盟と産業を守る	物価不満と分断で内政資源が不足	80.0	61.0	88.0	95.0	90.0	82.0	92.0	16.0	中小企業淘汰が進む不安に外圧が重なり、将来設計が短期化
39	CHN	中国	China	東アジア	境界的圧力	対日圧力は選別し景気優先	素材許可制を運用、標準規格で囲い込み	外圧下でも雇用と成長を守る	失業不安が最優先。過剰挑発は避けたい	86.0	62.0	90.0	93.0	82.0	91.0	93.0	10.0	AI淘汰の恐怖が増幅し、進路と起業の決断が鈍る
39	JPN	日本	Japan	東アジア	圧力上昇	雇用不安の火消しを優先	対米協議で対中摩擦を抑え投資継続	中小のAI移行を支え雇用を守る	恒久財源なく補助が薄くなりがち	61.0	56.0	88.0	57.0	95.0	70.0	92.0	10.0	仕事の将来像が霞み不安が増幅、支援が見えぬと冷笑が強まる
39	TWN	台湾	Taiwan	東アジア	境界的圧力	抑止維持と産業安定優先	日米欧と半導体供給枠と保険契約を更新	警戒は継続、雇用と物価の下支えも行う	電力水人材の逼迫で増産余力が限界	87.0	64.0	82.0	86.0	84.0	84.0	91.0	20.0	雇用不安と供給不安が連鎖し将来像が縮む
39	KOR	韓国	South Korea	東アジア	圧力上昇	雇用不安を抑え対北抑止維持	対米協調で対北監視強化、半導体・AI標準連携を深める	安保を固めつつ中小のAI移行支援で雇用を守る	補助金と防衛費で財源が競合、格差不満が増幅	66.0	59.0	79.0	84.0	88.0	72.0	90.0	16.0	雇用の先細り感が拡散し、挑戦より安定志向が強まる
39	PRK	北朝鮮	North Korea	東アジア	間接衝突	挑発を制御し対価を狙う	短距離発射示威と暗号窃取を継続	敵対勢力に屈せず抑止を強化	外貨と食料不足で大規模挑発は回避	88.0	60.0	78.0	85.0	84.0	77.0	93.0	12.0	雇用不安に安全保障不安が上乗せされ、将来像が短期化しやすい
39	RUS	ロシア	Russia	ユーラシア	間接衝突	資源と情報で対日圧力	資源調整と宣伝で日欧の分断を狙う	長期戦対応と生活維持を強調	戦費と技術不足で外貨確保が最優先	84.0	78.0	82.0	90.0	86.0	79.0	93.0	15.0	中小企業淘汰不安に物価・防衛負担が重なり、将来像が縮む
39	UKR	ウクライナ	Ukraine	欧州	限定戦争	支援維持を梃子に戦線を守る	欧米へ防空・弾薬と復興投資の前倒し要請	戦時経済を維持し生活線を守り抜く	動員疲れと財政難で統治の求心力が落ちる	86.0	66.0	82.0	76.0	93.0	72.0	88.0	14.0	AI淘汰と戦費の連想で不安が増幅し、進路選択が短期化する
39	IRN	イラン	Iran	中東	境界的圧力	停戦維持で影響力確保	停戦枠組み維持、航路で示威と取引	外圧下でも抵抗と生活防衛を強調	制裁と強硬派で譲歩困難、財政も硬直	70.0	84.0	81.0	79.0	89.0	75.0	90.0	19.0	原油高と不安拡散が重なり、AI淘汰期の将来像が暗くなる
39	ISR	イスラエル	Israel	中東	間接衝突	抑止維持と技術連携優先	停戦枠は維持しつつ対サイバー協力を拡大	安全最優先、経済は重要産業に集中投資	戦費と分断で社会支出の拡大が難しい	69.0	60.0	82.0	86.0	87.0	76.0	84.0	22.0	AI淘汰の不安に地政学・物価高が重なり、将来設計が萎む
39	SAU	サウジアラビア	Saudi Arabia	中東	圧力上昇	価格安定で対日信頼維持	OPEC+で急変回避、対日供給枠を維持	価格安定で歳入と改革投資を守る	歳入確保と対外批判の板挟み	60.0	54.0	82.0	50.0	81.0	64.0	86.0	22.0	物価は小康でも雇用不安が増幅し、将来像が曇る
39	EU	欧州連合	European Union	欧州	圧力上昇	雇用不安に備え産業転換	対日へ人材・監査互換と中小DX協力を提案	中小の雇用を守り技能移行を急ぐ	加盟国で財源配分が割れ実行が遅れる	52.0	58.0	74.0	61.0	82.0	56.0	84.0	22.0	中小淘汰の連想が強まり、安定就職観が薄れて焦燥が増す
40	USA	アメリカ	United States	北米	圧力上昇	同盟負担とAI供給網を優先	対日へ防衛増・規格同調、介護ロボ/AI調達も促進	競争と抑止へ同盟と先端産業を守る	物価・分断で内政余力が乏しい	82.0	60.0	86.0	94.0	88.0	80.0	91.0	18.0	地方の人手不足と導入格差に外圧が重なり、将来像が描きにくい
40	CHN	中国	China	東アジア	境界的圧力	対日選別圧力と内需安定	部材許可制を微調整、介護ロボ規格で主導	雇用安定と高齢化対応を同時に進める	失業不安が重い。強硬化は景気を傷つける	84.0	60.0	92.0	94.0	83.0	90.0	94.0	12.0	介護ロボ格差が将来不安を増幅。地方ほど停滞感が強まる
40	JPN	日本	Japan	東アジア	圧力上昇	介護格差の補正を急ぐ	同盟調整で対外摩擦を抑え投資維持	地方・小規模の導入支援で人手不足を補う	恒久財源が弱く配分で摩擦が増える	62.0	56.0	84.0	58.0	96.0	71.0	93.0	9.0	都市と地方の機会差が可視化し、将来不安と冷笑が強まる
40	TWN	台湾	Taiwan	東アジア	境界的圧力	抑止維持と供給安定	日米欧と供給枠を再確認し危機時優先条項	警戒継続、雇用と物価の下支えも守る	電力水人材が詰まり増産と防衛が競合	88.0	63.0	84.0	87.0	85.0	86.0	92.0	18.0	介護自動化格差が不安を増幅し、将来設計が細る
40	KOR	韓国	South Korea	東アジア	圧力上昇	格差抑制と対北抑止維持	対米で対北監視継続、半導体供給囲い込み	介護現場を支えつつ成長投資で雇用を作る	地方の介護難と若者不満、財源は逼迫気味	64.0	57.0	83.0	86.0	90.0	74.0	92.0	14.0	『自動化は都会だけ』感が波及し、将来不安と慎重志向が強まる
40	PRK	北朝鮮	North Korea	東アジア	間接衝突	挑発を調整し譲歩を引く	短距離発射示威とサイバー外貨獲得	抑止を強め生活防衛も進める	外貨・食料難で大規模挑発は抑制	86.0	58.0	82.0	84.0	83.0	76.0	92.0	13.0	介護格差の不安に安全保障不安が重なり、将来設計が短期化
40	RUS	ロシア	Russia	ユーラシア	間接衝突	資源調整で対日圧力	資源供給を揺らし制裁疲れを誘発	動員と生活を両立、耐える局面	戦費と技術不足で外貨が要る	83.0	81.0	84.0	91.0	87.0	80.0	92.0	14.0	介護ロボ格差で地方の不安増、物価と負担感で未来が狭まる
40	UKR	ウクライナ	Ukraine	欧州	限定戦争	支援継続を確保し戦線維持	欧米に防空・弾薬と復興資金の追加要請	長期戦でも生活線を守り国家機能を維持	動員疲れと財政難で統治の余力が細る	85.0	63.0	80.0	75.0	92.0	70.0	87.0	15.0	戦争長期化の連想に介護自動化格差が重なり将来不安が増幅
40	IRN	イラン	Iran	中東	境界的圧力	停戦維持で交渉力を確保	停戦枠組み維持、航路で示威し取引拡大	外圧下でも抵抗と生活防衛を優先する	制裁と強硬派で譲歩困難、歳入も不安定	72.0	86.0	80.0	77.0	88.0	74.0	89.0	20.0	原油高と不安拡散が続き、介護現場の格差も重なって将来像が曇る
40	ISR	イスラエル	Israel	中東	間接衝突	抑止継続と技術確保	停戦枠維持、対サイバー連携と輸出管理強化	脅威は継続、重要技術と生活防衛を両立	戦費・分断で社会投資が伸びず若者不満が残る	70.0	62.0	83.0	87.0	86.0	77.0	85.0	21.0	介護ロボ格差の将来不安に、物価・雇用不確実性が上乗せ
40	SAU	サウジアラビア	Saudi Arabia	中東	圧力上昇	価格安定優先で対日継続	OPEC+で増産余地を示し急騰抑制、対日契約維持	価格の急変を避け、歳入と改革投資を守る	歳入確保と米国要請、地域緊張の板挟み	61.0	52.0	84.0	50.0	82.0	63.0	88.0	20.0	介護格差が『地方ほど不利』感を強め、将来設計が縮む
40	EU	欧州連合	European Union	欧州	圧力上昇	介護自動化の標準化主導	対日へ介護ロボ規格・認証互換を要求	介護負担を下げ地域格差を縮める	加盟国差で補助設計が遅れ摩擦が残る	50.0	57.0	72.0	58.0	80.0	55.0	82.0	24.0	介護職の将来不安と地域格差観が強まり焦燥が増す
41	USA	アメリカ	United States	北米	圧力上昇	同盟負担と技術囲い込み	対日へ防衛負担増とAI規格同調を要求	同盟で抑止し雇用と先端産業を守る	内政分断と物価で対外強硬が必要	80.0	58.0	83.0	93.0	86.0	78.0	86.0	24.0	外圧は強いが共同PJ増で小さな達成感が残り、悲観の固定化はやや緩む
41	CHN	中国	China	東アジア	境界的圧力	対日選別圧力を維持	部材許可制を運用で締緩、規格主導継続	雇用と安定を守り対外圧に備える	失業不安が重く強硬化は景気悪化	83.0	59.0	90.0	93.0	81.0	89.0	90.0	16.0	共同PJ増で局所的に希望が戻るが、半導体不安が進路観を曇らせる
41	JPN	日本	Japan	東アジア	圧力上昇	分断緩和と財政再設計	同盟調整と資源分散で外圧を緩和	共同PJを支えつつ負担増は抑える	恒久財源が弱く配分対立が残る	60.0	54.0	78.0	56.0	94.0	69.0	86.0	14.0	身近な共同PJが希望を下支えするが、物価と将来設計不安は残る
41	TWN	台湾	Taiwan	東アジア	境界的圧力	抑止維持と供給安定	日米欧と供給・危機物流の運用を更新	警戒継続、産業と生活の両輪を守る	電力水人材が逼迫し防衛と増産が競合	85.0	60.0	78.0	84.0	82.0	82.0	86.0	24.0	不安は残るが横断PJが見えると将来像が少し戻る
41	KOR	韓国	South Korea	東アジア	圧力上昇	半導体優位と対北抑止維持	対米連携で対北監視強化、半導体輸出管理を調整	安全保障と雇用を同時に守るため産業再編を急ぐ	若者雇用不安と地域格差、財源・世論が割れる	63.0	56.0	77.0	82.0	88.0	72.0	86.0	18.0	共同PJ増でも競争圧が強く、将来は『適応必須』感が増す
41	PRK	北朝鮮	North Korea	東アジア	間接衝突	示威を制御し譲歩を狙う	発射準備誇示とサイバー資金獲得を継続	外圧に屈せず抑止と生活維持を両立	外貨・食料難で大規模挑発は抑えたい	84.0	57.0	78.0	83.0	81.0	74.0	88.0	18.0	共同PJの芽はあるが安全保障不安が上書きし、将来像が短期化
41	RUS	ロシア	Russia	ユーラシア	間接衝突	資源と情報で対日揺さぶり	資源輸出条件を調整し制裁緩和を探る	長期戦に備え産業と生活を動員維持	戦費と技術不足で外貨と迂回調達が要る	80.0	78.0	76.0	88.0	82.0	74.0	86.0	22.0	共同PJが拠り所になる一方、物価と将来不安は残る
41	UKR	ウクライナ	Ukraine	欧州	限定戦争	支援確保で戦線と統治維持	欧米へ防空・弾薬と復興枠の前倒し要請	長期戦でも生活線と国家機能を守る	動員疲れと財政難で統治余力が逼迫	84.0	60.0	76.0	72.0	90.0	68.0	82.0	20.0	不確実性は続くが共同PJの可視化で無力感がやや緩む
41	IRN	イラン	Iran	中東	境界的圧力	停戦維持で制裁緩和を探る	停戦枠組み維持、航路は限定示威で交渉	抵抗を維持しつつ物価抑制を最優先	歳入不安と強硬派で譲歩幅が小さい	70.0	82.0	78.0	76.0	86.0	72.0	83.0	24.0	原油高は続くが、共同PJの広がりで不安拡散は一部緩む
41	ISR	イスラエル	Israel	中東	間接衝突	抑止維持と技術供給網の防衛	停戦枠は維持しつつ対サイバー協力を拡大	脅威は継続、経済と治安の両立を優先	戦費と分断で社会投資が細り若者不満	68.0	58.0	78.0	85.0	84.0	74.0	79.0	26.0	不安材料は残るが、共同PJの増加で孤立感が少し薄れる
41	SAU	サウジアラビア	Saudi Arabia	中東	圧力上昇	対日安定供給で収益確保	OPEC+調整と対日長期契約を再確認	価格の急変を抑え改革投資を守る	歳入確保と地域緊張、米要請の両立	60.0	50.0	80.0	49.0	80.0	61.0	82.0	24.0	協働PJが支え合い感を作るが、生活費不安は残る
41	EU	欧州連合	European Union	欧州	圧力上昇	規制互換で協調を迫る	対日へAI安全・認証の相互承認を提案	安全と競争力を両立し雇用を守る	加盟国差と景気で合意が遅い	52.0	54.0	70.0	56.0	78.0	53.0	76.0	27.0	共同PJは追い風だが規制対応負担で将来不安も増減する
42	USA	アメリカ	United States	北米	圧力上昇	同盟負担と技術統制を強化	対日へ防衛増・輸出管理順守と投資求める	景気後退に備え雇用と先端優位を守る	景気不安で強硬姿勢が政権維持に必要	82.0	60.0	88.0	94.0	88.0	81.0	89.0	22.0	就活停滞と外圧で閉塞感増。共同枠は救いだが競争は強まる
42	CHN	中国	China	東アジア	境界的圧力	対日圧力を景気対応で微調整	許可制の運用を締緩しつつ対日牽制継続	景気減速下でも雇用安定と安全を守る	雇用不安と輸出鈍化で強硬化は逆風	84.0	60.0	93.0	94.0	82.0	90.0	91.0	15.0	初職不安が増幅し進路が慎重化、先端分野は制約で閉塞感
42	JPN	日本	Japan	東アジア	圧力上昇	景気後退に備え雇用防衛	同盟とG7で景気下支え協調を要請	雇用と物価の悪化を先回りで抑える	恒久財源が弱く配分対立が再燃	61.0	56.0	84.0	58.0	95.0	71.0	88.0	12.0	初職・転職の先細り感が強まり挑戦より防衛に傾く
42	TWN	台湾	Taiwan	東アジア	圧力上昇	抑止維持と雇用防衛	日米欧と供給優先枠・代替物流を協議	景気逆風でも雇用と安全を同時に守る	電力水人材と予算が防衛・増産・支援で競合	82.0	58.0	80.0	86.0	84.0	78.0	88.0	22.0	初職不安が増幅。半導体不確実性が将来像を曇らせる
42	KOR	韓国	South Korea	東アジア	圧力上昇	景気減速下で雇用防衛優先	対米連携を維持しつつ半導体投資を選別、対北監視は強化	雇用と物価を守りつつ安保態勢も崩さない	若者雇用と家計支援が優先、輸出減で財源が細る	64.0	58.0	83.0	84.0	90.0	74.0	88.0	16.0	不況連想で初職不安が増幅。半導体は協業期待と競争圧が同時に効く
42	PRK	北朝鮮	North Korea	東アジア	間接衝突	示威を調整し対価を狙う	短距離訓練誇示とサイバー外貨獲得強化	制裁下でも抑止と生活を守ると強調	外貨・食料不足で全面挑発は避けたい	86.0	60.0	82.0	84.0	83.0	76.0	90.0	17.0	景気後退の不安に安全保障が上乗せされ、進路が短期志向化
42	RUS	ロシア	Russia	ユーラシア	間接衝突	資源と情報で対日圧力維持	資源条件と海空示威で制裁緩和を探る	景気逆風でも戦時経済で雇用と秩序維持	景気後退で財源悪化、技術迂回調達が必須	82.0	70.0	84.0	90.0	86.0	78.0	88.0	18.0	初職不安と物価不安が重なり、将来展望が縮む
42	UKR	ウクライナ	Ukraine	欧州	限定戦争	支援縮小を警戒し戦力維持	欧米に弾薬・防空の継続供与を要請	景気逆風でも防衛と生活線を守る	支援疲れと財政逼迫で統治が薄氷	85.0	63.0	80.0	74.0	92.0	70.0	84.0	18.0	景気後退と戦争長期化が重なり将来像が曇る
42	IRN	イラン	Iran	中東	境界的圧力	停戦維持で歳入確保を優先	航路緊張を抑えつつ制裁緩和を探る	物価と雇用を守り抵抗も維持する	歳入不安と強硬派で妥協が難しい	68.0	74.0	81.0	77.0	88.0	73.0	84.0	22.0	景気後退で就職不安増。原油高も残り将来像が曇る
42	ISR	イスラエル	Israel	中東	間接衝突	抑止維持と内政耐久の確保	停戦枠維持、対サイバー連携と輸出管理強化	安全保障優先は不変、景気悪化へ雇用支援も実施	戦費と高金利で財政が硬直、分断も残る	70.0	60.0	82.0	86.0	87.0	76.0	81.0	24.0	不況観測で初職不安が増幅、将来感が冷えやすい
42	SAU	サウジアラビア	Saudi Arabia	中東	圧力上昇	減産抑制で歳入と安定両立	OPEC+で減産を微調整し対日供給を維持	価格の急変を避け改革投資と雇用を守る	景気後退で需要減、財政と体制安定を優先	58.0	46.0	83.0	49.0	82.0	60.0	84.0	23.0	燃料は急騰しにくいが、景気不安で初職の将来観が冷える
42	EU	欧州連合	European Union	欧州	圧力上昇	景気下支え優先で協調要請	対日へ規制互換維持と共同投資を打診	雇用と競争力を守るため産業支援を強化	加盟国差と選挙で迅速な合意が難しい	50.0	53.0	76.0	55.0	81.0	56.0	79.0	25.0	求人冷えで将来不安が増すが共同投資の材料で持ち直しも
43	USA	アメリカ	United States	北米	境界的圧力	同盟優先で技術統制を深化	対日へ輸出管理整合と防衛負担増を要求	安全と雇用を守るため同盟の結束を強化	分断と物価で強硬が政治的に得	84.0	58.0	86.0	96.0	90.0	83.0	90.0	20.0	規制分断で進路不安が増幅。海外選択肢が狭まり閉塞感が強まる
43	CHN	中国	China	東アジア	境界的圧力	規制分断で対日選別圧力	規制陣営を分け許認可・検査を選別強化	安全と雇用を守るため管理を高度化	輸出鈍化で過度な締付けは自傷	86.0	61.0	95.0	96.0	83.0	92.0	93.0	14.0	進路は安全志向に傾き、先端就職は不透明で閉塞感が増す
43	JPN	日本	Japan	東アジア	圧力上昇	規制分断に適応し成長守る	G7で相互承認模索、供給網を二重化	安全と成長を両立し賃上げを支える	財源と人材が不足、規制調整が遅い	63.0	57.0	78.0	66.0	94.0	74.0	86.0	14.0	進路の見通しが揺れ、学び直しと安定志向が強まる
43	TWN	台湾	Taiwan	東アジア	境界的圧力	輸出管理に備え抑止維持	日米欧と輸出管理対応・供給優先枠を再調整	規制分断でも雇用と安全を同時に守る	電力水人材と予算が防衛・増産で競合	84.0	60.0	82.0	90.0	86.0	84.0	90.0	18.0	先端職の入口が狭い不安が増幅。将来設計が短期化する
43	KOR	韓国	South Korea	東アジア	境界的圧力	規制分断で同盟内優先枠確保	対米・対EUでAI規制の例外枠交渉、対中は技術防諜強化	規制適合と雇用維持を両立し輸出競争力を守る	輸出管理で投資が鈍る。若者対策と安保費が食い合う	66.0	56.0	85.0	88.0	92.0	78.0	90.0	14.0	規制分断で就職・起業の見通しが曇り、半導体は協業期待と競争不安が同時に増える
43	PRK	北朝鮮	North Korea	東アジア	間接衝突	示威とサイバーで取引圧	訓練誇示を継続し暗号窃取と迂回調達を拡大	外圧下でも抑止と経済戦に勝つと強調	規制分断は好機だが外貨不足で暴発は避ける	88.0	61.0	83.0	86.0	84.0	78.0	92.0	16.0	規制分断でAI進路が不透明化し、安全保障不安が将来像を縮める
43	RUS	ロシア	Russia	ユーラシア	間接衝突	規制分断を利用し対日圧力継続	資源条件と制裁緩和の取引を提示	外圧下でも雇用と物価を守る	技術不足と財源で長期戦が重荷	84.0	73.0	86.0	92.0	88.0	81.0	90.0	16.0	AI規制分断で進路と賃金見通しが曇り、不安が加速
43	UKR	ウクライナ	Ukraine	欧州	限定戦争	支援維持へ規制分断に適応	欧米に軍事・復興支援継続と規制調整要請	規制混乱でも支援確保し防衛を継続	支援疲れと規制分断で資金・装備が不安定	86.0	65.0	82.0	79.0	93.0	73.0	86.0	16.0	規制分断で就職と技術投資が読めず不安が増す
43	IRN	イラン	Iran	中東	境界的圧力	規制分断を利用し交渉継続	非西側とAI/監視技術協力を拡大	国際分断でも統制と生活を守る	制裁・強硬派・歳入不安で柔軟性低	71.0	77.0	83.0	81.0	90.0	76.0	86.0	20.0	原油高と分断で物価・就職不安増、将来像が曇る
43	ISR	イスラエル	Israel	中東	境界的圧力	技術主権確保と抑止維持	AI輸出管理強化、同盟と規制互換を交渉	規制分断でも安全と雇用を守る	戦費と分断で妥協幅が狭い	74.0	63.0	86.0	90.0	89.0	79.0	84.0	22.0	半導体不安で将来設計が難化、挑戦意欲が揺れる
43	SAU	サウジアラビア	Saudi Arabia	中東	圧力上昇	原油安定と規制分断適応	OPEC+で供給を微調整し対日を優先	歳入を守り改革投資と雇用を継続する	AI規制分断で投資判断が鈍り財政を優先	60.0	48.0	81.0	56.0	83.0	66.0	86.0	21.0	燃料は急騰しにくいがAI分断で就活不安が増幅
43	EU	欧州連合	European Union	欧州	圧力上昇	規制主導で相互承認を迫る	対日へAI規制互換と監査枠組みを要請	安全と雇用を守るため統一ルールを推進	加盟国差と企業反発で運用が重い	52.0	49.0	71.0	61.0	77.0	59.0	74.0	28.0	規制不確実で採用が慎重化、将来設計が揺れるが協調投資で緩和余地
44	USA	アメリカ	United States	北米	境界的圧力	同盟堅持で技術統制を継続	対日へ輸出管理整合と防衛分担・教育協力を要求	安全と雇用、学費負担を守るため同盟を強化	学費・分断で強硬が得、緩和は政治的に難しい	83.0	60.0	84.0	95.0	91.0	82.0	92.0	18.0	学び直し不安と将来負担感が増し、海外選択肢の狭まりが閉塞感を強める
44	CHN	中国	China	東アジア	境界的圧力	対日選別を維持し圧力調整	通関・検査と輸出許認可を選別運用	雇用と安全を守るため管理を精密化	景気鈍化で強硬一辺倒は自傷	84.0	60.0	92.0	95.0	81.0	90.0	91.0	16.0	教育費不安と就職不透明が重なり将来像が縮む
44	JPN	日本	Japan	東アジア	圧力上昇	教育負担と財政の火消し	供給網と計算資源の確保枠を拡大	学びの機会を守り家計負担を抑える	財源不足で分配が対立、制度改正遅い	61.0	56.0	74.0	64.0	96.0	73.0	89.0	12.0	進学と学び直しが家計次第となり将来像が縮む
44	TWN	台湾	Taiwan	東アジア	境界的圧力	教育不安を抑え抑止維持	日米欧と供給枠維持・人材交流を強化	学費と雇用を守り安全も崩さない	学費支援と防衛・電力投資が競合	86.0	62.0	80.0	89.0	84.0	85.0	91.0	17.0	学費政治化と供給不安で、進路が保守化し将来像が縮む
44	KOR	韓国	South Korea	東アジア	境界的圧力	同盟優先と内政鎮静を両立	対米で半導体・計算資源の優先枠交渉	教育費と雇用対策を守り競争力を維持	若者支援と安保費が財政を圧迫	64.0	58.0	82.0	86.0	90.0	76.0	88.0	16.0	教育費不安が増幅し、就職と起業の将来像が曇る
44	PRK	北朝鮮	North Korea	東アジア	間接衝突	示威と窃取で外貨確保	短距離発射示威とサイバー窃取を継続	外圧でも軍事と民生を守ると強調	食料外貨不足で偶発戦は避けたい	90.0	60.0	82.0	87.0	83.0	79.0	94.0	15.0	安全保障不安が学費政治化と重なり将来像が縮む
44	RUS	ロシア	Russia	ユーラシア	間接衝突	資源と情報で対日圧力維持	資源条件提示と分断情報で交渉圧力	制裁下でも生活と雇用を守る	長期戦の財政と技術不足が重い	85.0	78.0	88.0	93.0	90.0	83.0	92.0	14.0	教育費が政治化し将来像が割れ、進路不安が増幅
44	UKR	ウクライナ	Ukraine	欧州	限定戦争	支援確保と戦時統治の継続	欧米へ支援枠の固定化と復興基金前倒し要請	支援を確保し防衛と復興の両輪を回す	支援国で教育費争点化し予算が競合	84.0	62.0	80.0	77.0	90.0	71.0	83.0	18.0	教育費不安と国際危機が重なり、進路決定が保守化する
44	IRN	イラン	Iran	中東	境界的圧力	停戦下でも圧力で主導権確保	海上抑止と交渉を併用、制裁回避取引	外圧に屈せず生活防衛を優先する	歳入不安と強硬派で譲歩幅が狭い	74.0	81.0	79.0	82.0	88.0	75.0	84.0	22.0	原油高と物価で学費負担の不安が増幅、将来設計が縮む
44	ISR	イスラエル	Israel	中東	境界的圧力	治安優先で財政配分再調整	対空・サイバー協力拡大、輸出管理を厳格化	安全確保と家計負担の緩和を同時に進める	戦費と生活支援の綱引きで余力が乏しい	72.0	60.0	82.0	88.0	86.0	77.0	83.0	24.0	学費不安が将来設計を直撃、挑戦より安定志向が強まる
44	SAU	サウジアラビア	Saudi Arabia	中東	圧力上昇	原油安定と改革資金確保	OPEC+で供給微調整、対日向け安定を示す	歳入を守り教育・雇用投資を継続する	原油依存で財政優先、対外調停余力に限界	61.0	52.0	78.0	57.0	84.0	65.0	88.0	20.0	燃料は急騰しにくいが学費不安と就活不安が重なる
44	EU	欧州連合	European Union	欧州	圧力上昇	教育費を技能投資へ再設計	対日へ学費・技能政策の比較枠組み提案	若者の負担軽減で競争力を維持する	加盟国差で統一が遅れ財源も薄い	50.0	47.0	69.0	60.0	78.0	57.0	73.0	26.0	学び直し需要が増え焦りは強まるが、制度連携が見えれば緩和
45	USA	アメリカ	United States	北米	境界的圧力	同盟結束とAI統制を維持	対日へ輸出管理整合・防衛負担増を要請	雇用と安全を守るため同盟を引き締める	若者不満で譲歩弱く、強硬が得点化	84.0	61.0	86.0	96.0	92.0	83.0	94.0	16.0	抗議連鎖で将来不安が可視化し、締付けと負担感が閉塞感を増やす
45	CHN	中国	China	東アジア	境界的圧力	対日選別圧力を微増	重要部材の審査強化と通関遅延を拡大	雇用と安全を守るため管理を強化	景気配慮で全面対立は避けたい	86.0	61.0	94.0	96.0	82.0	92.0	93.0	14.0	供給不安が就活と生活不安に直結し将来像が曇る
45	JPN	日本	Japan	東アジア	圧力上昇	若者不満の鎮静と再配分	資源調達分散と半導体枠の同盟協議	暮らしと学びを守り分断を抑える	財源硬直で改革遅く、防衛も削れない	63.0	57.0	78.0	66.0	97.0	74.0	93.0	11.0	抗議が可視化し不安増、支援の持続性が見えず未来感が揺らぐ
45	TWN	台湾	Taiwan	東アジア	境界的圧力	社会不満を抑え抑止維持	日米欧と半導体枠維持、海峡抑止を強化	雇用・住宅支援を拡充し不安連鎖を止める	若者支援と防衛・電力投資が同時に要る	88.0	64.0	83.0	90.0	86.0	87.0	94.0	15.0	SNS連鎖で不安が増幅。供給懸念も重なり挑戦回避が強まる
45	KOR	韓国	South Korea	東アジア	境界的圧力	半導体防衛と内政鎮静	対米で先端半導体枠確保、対日協調は選別	雇用と住居支援を厚くし競争力を守る	抗議拡大で正統性が揺れ財政も逼迫	66.0	57.0	85.0	88.0	92.0	78.0	90.0	14.0	就職・家計不安が増幅し、挑戦より安定志向が強まる
45	PRK	北朝鮮	North Korea	東アジア	間接衝突	示威で交渉余地を作る	短距離示威とサイバー外貨獲得を強化	外圧下でも体制と生活を守ると宣伝	食料外貨難で偶発戦と過剰挑発は回避	92.0	58.0	83.0	88.0	84.0	80.0	95.0	14.0	安保不安が抗議連鎖を刺激し、将来設計が縮む
45	RUS	ロシア	Russia	ユーラシア	間接衝突	資源と情報で揺さぶり継続	資源取引条件を硬化し対日世論戦を強化	外圧下でも国家と生活を守り抜く	戦費と技術制約で長期余力が細る	86.0	81.0	89.0	94.0	91.0	84.0	95.0	12.0	抗議波と情報戦が重なり、将来設計が短期化し不信が増す
45	UKR	ウクライナ	Ukraine	欧州	限定戦争	支援固定と動員の持久	欧米へ支援枠の複数年化と弾薬供給増要請	長期戦でも国家機能と生活を守り抜く	支援疲れと世論分断で資金が不安定	86.0	64.0	82.0	78.0	92.0	73.0	87.0	16.0	国際危機とSNS抗議が重なり、将来展望が縮み挑戦回避が増える
45	IRN	イラン	Iran	中東	境界的圧力	停戦維持で体制防衛	海上抑止を誇示し、制裁回避取引拡大	外圧下でも安定と生活を守る	歳入不安と強硬派で譲歩が限定	76.0	84.0	81.0	83.0	87.0	77.0	90.0	20.0	原油高と物価不安がSNS抗議と共鳴し、将来像が縮む
45	ISR	イスラエル	Israel	中東	境界的圧力	治安と物価の同時抑え	同盟と情報共有強化、輸出管理を継続	治安維持と生活費対策を優先する	戦費と家計支援で財政余力が細る	74.0	63.0	84.0	90.0	88.0	79.0	87.0	22.0	抗議連鎖が不安を増幅し、就職難観測で将来が縮む
45	SAU	サウジアラビア	Saudi Arabia	中東	圧力上昇	原油安定と体制防衛	OPEC+で供給微調整、対日契約を強調	歳入確保で改革と雇用策を守る	若年不満と治安費が増え外政は慎重	63.0	56.0	79.0	58.0	83.0	66.0	90.0	19.0	物価懸念は続くが急騰は抑制。SNS不安で将来像が曇る
45	EU	欧州連合	European Union	欧州	圧力上昇	社会不満の火消しと規制強化	対日へAI規制整合と雇用移行支援協議	AI利益偏在を是正し生活の安心を守る	加盟国世論差で合意遅れ、財源も限定	48.0	44.0	66.0	58.0	74.0	55.0	71.0	30.0	欧州の抗議連鎖が不安を増幅。だが制度協調が見えれば焦りは一部緩む
46	USA	アメリカ	United States	北米	境界的圧力	同盟結束と技術統制を強化	対日へ共同抑止・輸出管理整合を要求	台湾・雇用を守るため同盟と供給網を固める	選挙と物価で譲歩困難、強硬が得点化	88.0	64.0	89.0	97.0	90.0	87.0	95.0	14.0	半導体不安と有事報道で閉塞感増、進路の確信が揺れる
46	CHN	中国	China	東アジア	境界的圧力	対日選別圧力を強化	重要部材の審査強化と遅延を拡大	安全と雇用のため管理を厳格化	景気悪化で全面対立は避けたい	90.0	64.0	95.0	97.0	84.0	94.0	94.0	12.0	供給遅延が就活と生活不安を増幅し将来像が曇る
46	JPN	日本	Japan	東アジア	境界的圧力	抑止強化と家計防衛	同盟調整と輸入分散、備蓄放出準備	緊張に備えつつ物価高対策を優先	財源硬直で若者支援が薄まりやすい	71.0	63.0	81.0	74.0	98.0	82.0	94.0	9.0	不安と閉塞感が増幅、挑戦より安定志向が強まる
46	TWN	台湾	Taiwan	東アジア	境界的圧力	抑止強化と産業継続を優先	日米欧と防衛連携、半導体供給計画を堅持	危機管理を徹底し雇用と生活を守る	電力・防衛・若者支援の同時負担が重い	92.0	66.0	86.0	93.0	88.0	90.0	95.0	14.0	有事不安と供給懸念が重なり、挑戦回避と海外志向が強まる
46	KOR	韓国	South Korea	東アジア	境界的圧力	半導体防衛と抑止強化	対米で先端供給枠固定、対日協力は選別	安保対応と物価対策を同時に進める	若者不満と財政制約で強硬策は限定	72.0	61.0	81.0	86.0	89.0	82.0	92.0	16.0	就職・物価・安保不安が重なり、長期計画が立てにくい
46	PRK	北朝鮮	North Korea	東アジア	境界的圧力	示威強化で主導権確保	短距離発射準備誇示と海上攪乱を示唆	敵対勢力の包囲に屈せず防衛を強化	外貨・燃料不足で長期化は不利、偶発は避けたい	94.0	62.0	86.0	91.0	86.0	83.0	96.0	12.0	安保不安が進路選択を萎縮させ、先行き悲観が増える
46	RUS	ロシア	Russia	ユーラシア	間接衝突	資源・情報で対日圧力維持	資源条件を硬化し世論戦を拡張	外圧と戦時を耐え抜き国家を守る	戦費と制裁で技術・資金が詰まる	88.0	85.0	90.0	96.0	92.0	86.0	96.0	10.0	半導体不安と物価高が重なり、将来像が縮み挑戦回避が増える
46	UKR	ウクライナ	Ukraine	欧州	限定戦争	支援の複数年化を死守	欧米へ弾薬・防空・財政支援の複数年化要請	長期戦でも行政と生活基盤を維持する	支援疲れと動員負担で統治余力が細る	84.0	68.0	83.0	82.0	90.0	79.0	88.0	14.0	半導体不安が重なり就職・挑戦が保守化しやすい
46	IRN	イラン	Iran	中東	境界的圧力	停戦維持で取引拡大	海上抑止を示し制裁回避取引を増やす	外圧下でも治安と生活を守る	歳入不安と強硬派で譲歩が難しい	78.0	86.0	83.0	88.0	89.0	80.0	92.0	18.0	半導体不安と原油高が重なり、将来設計が短期化する
46	ISR	イスラエル	Israel	中東	間接衝突	技術優位と同盟抑止を優先	同盟と連携し輸出管理・情報戦を強化	安全と経済を守るため統制を維持する	戦費と社会分断で政権運営が硬直化	78.0	66.0	86.0	93.0	90.0	82.0	89.0	20.0	半導体不安が就活と将来像を圧迫し、安心感が細る
46	SAU	サウジアラビア	Saudi Arabia	中東	圧力上昇	原油安定で不安を抑える	OPEC+供給は慎重、対日長期契約を優先	歳入安定で改革と治安を同時に支える	地域再燃リスクと若年不満で冒険できない	66.0	60.0	82.0	61.0	85.0	72.0	92.0	18.0	物価と半導体不安が重なり、進路選択が守りに寄る
46	EU	欧州連合	European Union	欧州	境界的圧力	供給網防衛と規制協調	対中依存低減・対日半導体協力を加速	雇用と物価を守りつつ対外リスクに備える	加盟国利害差で迅速決定が難しい	58.0	47.0	63.0	66.0	69.0	72.0	66.0	32.0	半導体不安が就職観を冷やす。協力枠が見えれば悲観は一部緩む
47	USA	アメリカ	United States	北米	境界的圧力	同盟負担と技術統制を継続	対日へ防衛負担・輸出管理整合を要求	雇用と安全を守るため同盟を強化する	人材不足と物価で内政優先、譲歩困難	84.0	61.0	86.0	95.0	88.0	82.0	93.0	16.0	公共サービス不安と有事観測が重なり将来像が曇る
47	CHN	中国	China	東アジア	境界的圧力	対日圧力を維持し選別緩和	重要部材の審査は維持、遅延は局所是正	雇用確保と安全のため管理は必要	景気と失業圧力で摩擦拡大は避けたい	88.0	60.0	92.0	95.0	82.0	90.0	93.0	14.0	公共サービス不安に供給遅延が重なり将来像がより曇る
47	JPN	日本	Japan	東アジア	境界的圧力	治安と暮らしの同時防衛	同盟調整と資源確保、技能人材の受入拡大	医療教育等の維持へ賃上げ・省人化を急ぐ	財源硬直で現場負担と不満が増えやすい	69.0	61.0	84.0	72.0	99.0	80.0	96.0	7.0	生活の不便が可視化し将来不安が増幅、安定志向が強まる
47	TWN	台湾	Taiwan	東アジア	境界的圧力	抑止維持と社会基盤の穴埋め	日米欧に供給継続を説明し危機計画を共有	安全と生活を同時に守る体制を強化する	公共人材不足で動員・復旧能力が細る	90.0	63.0	84.0	92.0	86.0	88.0	93.0	16.0	有事と供給不安が重なり、将来設計を先送りしやすい
47	KOR	韓国	South Korea	東アジア	境界的圧力	先端産業防衛と内政沈静	対米で先端枠確保、対日で供給協議を条件化	生活基盤の崩れを止めつつ安保を維持する	公共人材不足と若者不満で強硬策は続かない	74.0	63.0	84.0	88.0	90.0	84.0	94.0	14.0	就職不安と社会機能低下が重なり将来像が曇る
47	PRK	北朝鮮	North Korea	東アジア	境界的圧力	示威継続で譲歩誘発	短距離発射示唆と暗黙の挑発行動	敵対包囲に対抗し抑止力を誇示	燃料・外貨逼迫で長期緊張は不利	93.0	64.0	88.0	92.0	87.0	84.0	97.0	11.0	生活基盤不安に安保不安が重なり将来像が曇る
47	RUS	ロシア	Russia	ユーラシア	間接衝突	資源と情報で圧力継続	資源取引を選別し制裁回避網を強化	外圧下でも国家機能を守り抜く	戦費と制裁で技術更新と資金調達が難	86.0	83.0	84.0	94.0	88.0	82.0	93.0	14.0	公共人材不足の不満に不安が乗り、挑戦より安定志向が強まる
47	UKR	ウクライナ	Ukraine	欧州	限定戦争	支援疲れを抑え継戦確保	欧州・日へ復興資金と弾薬の継続要請	公共サービスを守りつつ防衛継続	人材不足と動員で行政機能が痩せる	83.0	70.0	84.0	81.0	91.0	80.0	89.0	13.0	公共人材不足が将来像を曇らせ、安定志向が強まる
47	IRN	イラン	Iran	中東	境界的圧力	停戦維持で制裁回避を拡大	海上圧力を示しつつ非公式輸出を増やす	外圧下でも生活と治安を守る	歳入不安と強硬派で妥協が難しい	76.0	84.0	81.0	86.0	88.0	79.0	90.0	19.0	原油高と不安定情報で将来像が縮み、進路が保守化
47	ISR	イスラエル	Israel	中東	間接衝突	抑止維持と技術統制を継続	同盟と情報共有拡大、輸出管理を強化	安全保障と生活の両立へ統制を続ける	戦費と分断で予算配分が硬直	80.0	68.0	88.0	94.0	91.0	83.0	90.0	18.0	供給不安と公共人材不足が重なり、就職と将来像が曇る
47	SAU	サウジアラビア	Saudi Arabia	中東	圧力上昇	価格安定と対外均衡を優先	OPEC+は維持、対日供給は安定枠確保	歳入安定で改革と治安維持を両立	再燃リスクと若年不満で値下げ余地小	64.0	58.0	80.0	60.0	84.0	70.0	90.0	20.0	生活実感の悪化で将来像が曇り、安定志向が強まる
47	EU	欧州連合	European Union	欧州	境界的圧力	制度維持へ人材・財政を再配分	対日協力は継続しつつ域内優先を強める	公共サービス防衛が社会安定の前提だ	人材不足で行政執行が鈍り合意も遅い	60.0	49.0	66.0	68.0	74.0	70.0	69.0	30.0	供給網不安と財政圧力が就職観を冷やす。協力継続は小さな安心材料
48	USA	アメリカ	United States	北米	境界的圧力	同盟負担と技術統制を強化	対日へ防衛費増と輸出管理順守を迫る	競争と安全保障へ投資し雇用を守る	内政分断と財政で長期負担は限界	83.0	62.0	85.0	95.0	87.0	81.0	92.0	17.0	負担増と将来不透明が重なり、挑戦より様子見が増える
48	CHN	中国	China	東アジア	境界的圧力	対日圧力を維持し景気配慮	部材審査は維持、遅延は選別是正	安全と雇用のため管理は必要	失業不安で摩擦拡大は避けたい	90.0	62.0	93.0	96.0	84.0	91.0	94.0	13.0	供給遅延と緊張報道で将来像が曇り、挑戦回避が増える
48	JPN	日本	Japan	東アジア	境界的圧力	分断抑制と統治維持	資源・計算資源の確保を同盟内で再交渉	移行支援を厚くし治安と物価を同時に守る	財源硬直で配分対立が可視化しやすい	67.0	59.0	82.0	70.0	97.0	78.0	95.0	8.0	参加層と離脱層の差が拡大し、若者の未来感が二極化する
48	TWN	台湾	Taiwan	東アジア	境界的圧力	抑止強化と供給継続確保	日米欧と危機時供給枠・代替線を協定化	備えを平時化し生活と産業を守る	人的制約と分断で動員・復旧が鈍る	88.0	66.0	86.0	93.0	87.0	90.0	95.0	15.0	供給不安が常態化し、参加層と諦念層の差が拡大
48	KOR	韓国	South Korea	東アジア	境界的圧力	半導体防衛と内政鎮静	対米で先端枠確保、対日協議は条件付き	雇用と物価を守り安保協力も維持する	若者不満と技能不足で強硬策は長続きしない	70.0	58.0	78.0	82.0	86.0	76.0	90.0	18.0	隣国の雇用不安と情報過熱が波及し、将来の見通しが揺れる
48	PRK	北朝鮮	North Korea	東アジア	境界的圧力	示威と取引で譲歩狙い	発射訓練示唆と制裁緩和を要求	包囲に対抗し抑止力を強化する	外貨・燃料不足で長期緊張は負担	94.0	63.0	86.0	92.0	85.0	83.0	96.0	12.0	安保不安がSNSで増幅し、将来設計の諦念が若年層に広がる
48	RUS	ロシア	Russia	ユーラシア	間接衝突	資源と情報で対外圧力維持	制裁回避取引を拡張し資源供給を選別	長期戦でも生活と国家機能を守る	戦費と制裁で技術・資金が細る	87.0	81.0	83.0	93.0	89.0	84.0	92.0	13.0	不安定な物価と将来不透明感が続き、若者は挑戦より撤退・安定へ傾く
48	UKR	ウクライナ	Ukraine	欧州	限定戦争	支援疲れ回避と継戦維持	欧州・日へ復興資金と弾薬の長期枠組み要請	制度更新で生活維持しつつ防衛継続	動員と流出で行政・産業の人材が枯渇	82.0	69.0	83.0	80.0	90.0	79.0	90.0	12.0	分岐の物語が強まり、参加層と諦念層の差が拡大して将来感が揺れる
48	IRN	イラン	Iran	中東	境界的圧力	停戦維持で制裁圧をかわす	海上で示威しつつ非公式輸出を維持	外圧下でも治安と生活を守る	歳入不安と強硬派で譲歩困難	74.0	82.0	78.0	85.0	87.0	77.0	88.0	21.0	原油高と緊張報道で将来不安が増え、挑戦が慎重化
48	ISR	イスラエル	Israel	中東	間接衝突	抑止優先、統制を微調整	同盟調整とサイバー即応、輸出管理継続	安全確保を最優先、負担は分かち合う	戦費と分断で景気・若者投資が後回し	78.0	66.0	82.0	92.0	88.0	79.0	87.0	20.0	高コストと供給不安が続き、進路選択が保守化しやすい
48	SAU	サウジアラビア	Saudi Arabia	中東	圧力上昇	価格安定で対外均衡維持	OPEC+枠維持、対日供給は優先枠確保	歳入安定で改革投資と治安を継続	停戦再燃と若年不満で増産余地小	66.0	61.0	82.0	60.0	85.0	71.0	91.0	19.0	生活コスト感が未来像を曇らせ、安定志向と諦念が分岐する
48	EU	欧州連合	European Union	欧州	圧力上昇	規制と景気を両立し域内優先	対日協力は維持しつつ重要物資は域内確保	制度更新で分断を抑え雇用と物価を守る	合意形成が遅く規制も支援も後追い	57.0	46.0	63.0	64.0	71.0	66.0	67.0	32.0	協力継続は安心だが供給網と雇用不安で将来観は冷えやすい
49	USA	アメリカ	United States	北米	境界的圧力	同盟負担とAI規律を同時要求	対日へ防衛協力とAI/半導体規則順守	雇用と安全を守るため同盟を強化	分断と物価で長期負担は増やせない	82.0	58.0	78.0	93.0	84.0	77.0	88.0	20.0	負担増と統制で選択肢が狭まり、慎重化と不安が続くが制度化議論は一部の希望に。
49	CHN	中国	China	東アジア	境界的圧力	選別圧力と摩擦管理	部材審査を維持し遅延を限定緩和	安全と雇用を守る管理を継続	景気減速で対外強硬は打てない	88.0	58.0	86.0	93.0	79.0	88.0	89.0	19.0	制度化議論が安心材料でも、供給制約と緊張で慎重化が残る
49	JPN	日本	Japan	東アジア	圧力上昇	制度改修で不安の連鎖を止める	同盟内で供給網・計算資源の優先枠を調整	地域維持・ケア等を報酬化し移行不安を減らす	財源硬直で配分対立が燃えやすい	64.0	57.0	79.0	66.0	93.0	74.0	88.0	18.0	将来が語れる枠は増えるが、負担感で二極化は残る
49	TWN	台湾	Taiwan	東アジア	境界的圧力	制度化で持久力と抑止を補強	日米欧と復旧・人材・供給継続の枠を更新	地域維持と人材育成を報酬化し不安を下げる	分断と人手不足で制度運用が遅れがち	84.0	63.0	82.0	92.0	85.0	88.0	92.0	18.0	供給不安は続くが、制度化の見通しで諦念がやや減る
49	KOR	韓国	South Korea	東アジア	圧力上昇	雇用不安を制度で吸収	対米で先端枠維持、対日協議は供給安定優先	制度化で雇用と生活を下支えする	財政と技能転換が追いつかない	64.0	57.0	66.0	74.0	82.0	71.0	84.0	22.0	制度化の報道は希望材料だが、競争煽りで不安も残る
49	PRK	北朝鮮	North Korea	東アジア	境界的圧力	示威で主導権を確保	短距離発射示唆と対話窓口を併設	敵対包囲に備え国防と生活を守る	外貨・燃料難で緊張長期化は痛い	92.0	61.0	84.0	90.0	82.0	79.0	95.0	14.0	安保不安が就職・進学判断を萎縮させ、焦燥が増える
49	RUS	ロシア	Russia	ユーラシア	間接衝突	資源カードと戦時統制継続	制裁回避貿易を強化し供給先を選別	国家機能維持を最優先し耐久戦に備える	戦費と制裁で資金・技術が慢性不足	86.0	78.0	80.0	90.0	86.0	82.0	88.0	18.0	物価・雇用不安は残るが、制度化議論が希望の底割れを抑える
49	UKR	ウクライナ	Ukraine	欧州	限定戦争	継戦と復興制度の同時推進	復興基金を人材・ケア領域へ紐付け要請	生活維持の制度化で前線と社会を支える	動員・流出で制度運用の担い手が不足	84.0	66.0	81.0	78.0	88.0	77.0	89.0	14.0	「社会を支える仕事の報酬化」が可視化し、若者の意味不安は少し緩むが、戦争長期化の重さで将来像は割れる
49	IRN	イラン	Iran	中東	境界的圧力	停戦維持で圧力分散	航路で示威抑制し裏輸出と停戦交渉継続	外圧下でも雇用と生活を守る改革を進める	制裁歳入不足と強硬派で妥協が細い	72.0	79.0	75.0	84.0	86.0	76.0	87.0	23.0	原油高観測と再燃報道で不安が増え、進路選択が保守化
49	ISR	イスラエル	Israel	中東	境界的圧力	抑止維持、内政で負担調整	停戦枠組み維持とサイバー即応、輸出管理	安全優先だが雇用と教育接続を守る	戦費と分断で制度更新の財源が細い	74.0	61.0	78.0	90.0	86.0	76.0	84.0	24.0	先端供給制約と不安は残り、挑戦より安定志向が強まる
49	SAU	サウジアラビア	Saudi Arabia	中東	圧力上昇	価格管理で体制安定優先	OPEC+減産維持、対日長期契約を再確認	歳入確保で改革と雇用を守る	停戦再燃リスクと若年期待で譲歩困難	64.0	58.0	79.0	60.0	83.0	70.0	88.0	21.0	生活費の重さが続き、将来設計は堅実化・先送りが増える
49	EU	欧州連合	European Union	欧州	圧力上昇	制度改修で安定と競争力	対日で人材・ケア/教育連携と標準協調	地域維持と雇用を報酬化し分断を抑える	合意形成が遅く財源と防衛が競合	56.0	44.0	58.0	60.0	74.0	63.0	62.0	35.0	制度の見取り図は安心材料だが、財政負担が不安を残す
50	USA	アメリカ	United States	北米	境界的圧力	同盟負担増とAI覇権維持	対日へ防衛費・基地運用強化とAI規制整合	雇用防衛と安全保障の同時対応が必要	物価不満と分断で長期負担は限界	84.0	61.0	86.0	95.0	87.0	79.0	91.0	18.0	雇用置換不安と統制強化で閉塞感。適応投資の可視化が鍵
50	CHN	中国	China	東アジア	境界的圧力	輸出管理に備え選別圧力	重要部材の審査を維持し代替供給網を強化	雇用と安定のため産業転換を加速	自動化失業懸念で強硬一辺倒は困難	90.0	60.0	88.0	94.0	82.0	90.0	91.0	18.0	仕事観が揺れ不安増。対中リスク議論で慎重化が強まる
50	JPN	日本	Japan	東アジア	境界的圧力	移行期の雇用と財政を守る	同盟で計算資源・半導体の優先枠確保	移行支援と成長投資で生活不安を抑える	財源硬直で分配対立が再燃しやすい	66.0	59.0	86.0	70.0	95.0	76.0	91.0	14.0	置換不安が強まり将来像が霧化、学び直しの焦りが増す
50	TWN	台湾	Taiwan	東アジア	境界的圧力	雇用転換と抑止を同時に	日米欧とAI標準・人材・供給協定を加速	雇用移行支援と防衛継続で不安を抑える	人材流出と社会分断で実装が遅れやすい	86.0	64.0	86.0	93.0	88.0	90.0	94.0	16.0	雇用代替の恐れと供給不安が重なり将来像が曇る
50	KOR	韓国	South Korea	東アジア	圧力上昇	雇用吸収と技術主権を優先	対米で先端枠維持、対日で部材融通協議	自動化の痛みを訓練と保護で吸収する	再訓練の実効性と世論分断が重い	66.0	58.0	73.0	77.0	85.0	74.0	86.0	20.0	雇用不安が連鎖し、若者は将来像が曇りやすい
50	PRK	北朝鮮	North Korea	東アジア	境界的圧力	示威で交渉余地を確保	発射準備を誇示し対話窓口も残す	敵対環境下でも体制と生活を守る	外貨・燃料難で長期緊張は重荷	90.0	63.0	86.0	91.0	83.0	80.0	96.0	13.0	安保不安と自動化不安が重なり将来像が曇る
50	RUS	ロシア	Russia	ユーラシア	間接衝突	戦時継続と制裁回避優先	資源輸出を振り分け制裁回避網を拡張	包囲に耐え国家機能と雇用を守る	戦費と技術不足で成長の手が細い	88.0	81.0	86.0	92.0	84.0	83.0	90.0	16.0	自動化で就職観が揺れ、物価・安保不安が将来感を曇らせる
50	UKR	ウクライナ	Ukraine	欧州	限定戦争	継戦と復興統治の維持	支援国へ弾薬・防空と復興資金の前倒し要請	前線と生活を両立し制度崩壊を防ぐ	人材流出と財政逼迫で運用が限界	86.0	63.0	84.0	79.0	90.0	78.0	90.0	13.0	戦争長期化と自動化で将来像が分断し不安増
50	IRN	イラン	Iran	中東	境界的圧力	停戦維持で体制安定優先	示威は限定、停戦枠組みと裏輸出確保	外圧下でも生活防衛と雇用を守る	歳入不足と強硬派で譲歩余地が狭い	70.0	77.0	82.0	85.0	84.0	74.0	88.0	28.0	AI代替拡大と原油不安で将来像が曇り、挑戦より安定志向へ
50	ISR	イスラエル	Israel	中東	境界的圧力	抑止維持と技術防護	停戦枠組み維持、サイバー即応と輸出管理強化	安全と雇用を守るため技術と防衛を優先	戦費と分断で社会投資が薄く不満が残る	76.0	63.0	74.0	92.0	84.0	79.0	83.0	22.0	自動化不安と先端制約が重なり、挑戦より安定志向が強まる
50	SAU	サウジアラビア	Saudi Arabia	中東	圧力上昇	収益確保と対外均衡	OPEC+調整で価格下支え、対日供給は安定	歳入で改革と治安を維持、雇用も守る	停戦再燃と若年雇用で増産は限定的	66.0	61.0	83.0	59.0	84.0	72.0	90.0	20.0	物価圧とAI代替不安が重なり、挑戦より安全志向が強まる
50	EU	欧州連合	European Union	欧州	圧力上昇	規制で雇用移行を管理	対日でAI標準・監査枠組み協調	雇用移行支援と競争力を同時に守る	合意遅延で再訓練と防衛が競合	54.0	43.0	62.0	58.0	76.0	61.0	66.0	34.0	ホワイトカラー不安が増幅。再訓練像が見えれば冷えは緩む
51	USA	アメリカ	United States	北米	境界的圧力	同盟負担とAI主導を要求	対日へ防衛・基地負担増とAI連携条件	雇用と覇権、防衛を同時に守る	分断と物価で長期支出に上限	86.0	63.0	88.0	96.0	89.0	81.0	92.0	16.0	将来負担感が増幅し、結婚・出産の先送りが強まる
51	CHN	中国	China	東アジア	境界的圧力	対外強硬と景気下支え両立	重要部材の対日審査を継続し通商圧力を示す	外圧に備え雇用と供給網の安定を優先	失業不安と世論で過度な衝突は回避	92.0	63.0	90.0	95.0	84.0	91.0	93.0	16.0	将来不安が強まり、結婚・出産は先送り。学費と仕事観が冷え込む
51	JPN	日本	Japan	東アジア	境界的圧力	出生不安の火消し優先	同盟協調でエネ・計算資源の確保枠維持	住居・雇用・教育費の負担を下げ将来不安を抑える	財政硬直で配分対立、成果も短期に出にくい	64.0	57.0	88.0	69.0	96.0	75.0	93.0	12.0	出生報道が将来閉塞を増幅、学び直し焦りと回避志向が強まる
51	TWN	台湾	Taiwan	東アジア	境界的圧力	供給維持と抑止の優先	日米欧へ供給保証枠と分散投資を提案	雇用と家計を守りつつ供給を継続する	人材流出と停滞で合意実装が遅い	84.0	63.0	82.0	91.0	86.0	87.0	92.0	18.0	雇用不安と生活コスト観測が出生意向の萎縮を強める
51	KOR	韓国	South Korea	東アジア	圧力上昇	半導体主導で雇用防衛	対米で先端枠維持、対日で部材融通圧強め	雇用と生活を守り競争力を確保する	若者不安と世論分断、訓練効果が追いつかぬ	68.0	60.0	78.0	74.0	82.0	76.0	88.0	18.0	雇用と住居不安が出生意向低下報道と共鳴し、将来観が暗くなる
51	PRK	北朝鮮	North Korea	東アジア	境界的圧力	示威で制裁緩和を誘う	短距離発射で警戒を上げ対話枠も残す	外圧に屈せず抑止力で生活を守る	外貨・燃料難で長期緊張は損	92.0	61.0	84.0	90.0	82.0	79.0	95.0	14.0	安保不安が将来設計を圧迫し出生意向低下報道と共鳴
51	RUS	ロシア	Russia	ユーラシア	間接衝突	制裁回避と戦費確保	資源取引を迂回し価格交渉を強硬化	制裁下でも雇用と安定を守る	戦費と技術制約で長期消耗が重い	87.0	83.0	82.0	91.0	85.0	82.0	88.0	18.0	物価と雇用不安が住居・育児計画を萎縮させ将来感を冷やす
51	UKR	ウクライナ	Ukraine	欧州	限定戦争	継戦と復興統治を優先	支援国へ防空・弾薬と復興資金を再要請	前線維持と生活防衛で国家機能を守る	人的損耗と財政難で社会支援が薄い	84.0	61.0	83.0	77.0	88.0	76.0	89.0	14.0	長期戦が重なり将来不信が強まり出生意向が冷える
51	IRN	イラン	Iran	中東	境界的圧力	停戦維持で対内安定優先	停戦枠組み維持と裏輸出の確保	外圧下でも生活防衛と雇用を守る	歳入不足と強硬派で譲歩余地が狭い	72.0	80.0	84.0	86.0	86.0	76.0	90.0	26.0	原油不安と将来不信が重なり、若者は出産や挑戦を先送りしやすい
51	ISR	イスラエル	Israel	中東	間接衝突	抑止優先、技術と治安を締める	停戦枠を維持しつつサイバー即応・輸出管理を強化	不確実な環境下、治安と雇用を守る措置だ	戦費と分断で若者支援が後回しになりやすい	78.0	66.0	76.0	93.0	86.0	81.0	85.0	21.0	生活不安報道と先端制約が重なり、将来設計が萎縮し出生意欲も冷える
51	SAU	サウジアラビア	Saudi Arabia	中東	圧力上昇	価格安定と対外均衡維持	OPEC+で価格急騰回避、対日供給枠を確認	歳入を守り改革投資と雇用安定を進める	停戦再燃リスクと国内雇用で増産は慎重	64.0	58.0	81.0	60.0	82.0	70.0	92.0	21.0	生活コスト高と将来不安が重なり、出生意向の冷えが強まる
51	EU	欧州連合	European Union	欧州	圧力上昇	規制と社会支援で軟着陸	対日でAI監査・人材移行協力を提案	雇用と家計を守り競争力も維持する	合意形成遅延で支援と防衛が綱引き	56.0	46.0	64.0	57.0	78.0	62.0	68.0	33.0	出生意向報道で将来不安が増幅。再訓練と住居支援の見える化が鍵
52	USA	アメリカ	United States	北米	境界的圧力	同盟負担を増やしAI優位維持	対日へ防衛分担・AI供給条件を上積み	雇用転換期でも覇権と抑止を守る	物価と分断で対外負担に上限がある	84.0	61.0	90.0	94.0	87.0	79.0	91.0	18.0	採用絞りと負担増観測で将来設計が硬直、希望が薄れる
52	CHN	中国	China	東アジア	境界的圧力	対外強硬と雇用安定を優先	対日重要部材の審査厳格化を継続	外圧下でも雇用と成長を守る	失業不安で長期対立は避けたい	90.0	61.0	92.0	95.0	82.0	90.0	94.0	15.0	少数精鋭採用の波で将来像が縮み、挑戦回避が増える
52	JPN	日本	Japan	東アジア	境界的圧力	雇用不安の緩和を最優先	同盟協調で資源枠維持、対外投資呼込	採用変化に備え学び直しと移行支援を厚く	財政硬直で恒久支援が難しく不満が残る	63.0	56.0	92.0	70.0	97.0	76.0	94.0	10.0	新卒路線の揺らぎで焦燥と回避が増え、将来像が縮む
52	TWN	台湾	Taiwan	東アジア	境界的圧力	供給維持と抑止の強化	日米欧へ供給優先枠と技術連携を再要請	安全確保と産業維持で雇用を守る	人材確保と防衛対応で政策が逼迫	86.0	61.0	85.0	92.0	84.0	88.0	90.0	17.0	採用転換と供給不安が将来像を曇らせ挑戦回避が増える
52	KOR	韓国	South Korea	東アジア	圧力上昇	雇用転換に備え競争防衛	対米で先端枠確保、対日で人材・部材連携を選別	採用転換期は再訓練と安全網で雇用を守る	若者不安と産業再編が同時進行、財政も硬直	69.0	61.0	82.0	76.0	84.0	77.0	90.0	17.0	新卒縮小報道が波及し、努力の報われなさが将来不安を増幅
52	PRK	北朝鮮	North Korea	東アジア	境界的圧力	示威と取引余地を維持	発射準備を誇示し対話窓口も残す	外圧下でも抑止力で体制と生活を守る	外貨・燃料難で緊張長期化は負担	90.0	63.0	86.0	91.0	83.0	80.0	96.0	13.0	採用転換の不安に安保緊張が重なり将来像が曇る
52	RUS	ロシア	Russia	ユーラシア	間接衝突	制裁耐久と資源交渉強化	資源輸出を選別し迂回取引を拡大	長期戦でも賃金と治安を守る	戦費・技術不足で消耗が加速	86.0	81.0	84.0	92.0	86.0	83.0	90.0	17.0	採用絞りと物価高が重なり将来設計が短期化する
52	UKR	ウクライナ	Ukraine	欧州	限定戦争	継戦と統治維持を優先	防空・弾薬と復興資金を支援国に追加要請	前線維持と生活防衛で国家機能を保つ	人的損耗と財政難で内政が逼迫	86.0	63.0	86.0	78.0	90.0	77.0	91.0	12.0	長期戦×採用絞りで将来像が霞み、挑戦意欲が萎む
52	IRN	イラン	Iran	中東	境界的圧力	停戦維持で強硬派抑え	停戦枠組み維持と原油輸出の確保	外圧下でも生活と治安を守る	制裁・歳入難で譲歩余地が狭い	74.0	83.0	88.0	86.0	87.0	78.0	92.0	24.0	採用転換の不安に原油高が重なり、将来設計を先送りしやすい
52	ISR	イスラエル	Israel	中東	間接衝突	抑止維持、技術流通を絞る	停戦枠を保ちつつ対サイバー即応と輸出管理を強化	治安と経済の両面で国家を守る現実的措置だ	戦費と分断で若者投資は優先度が落ちる	79.0	68.0	81.0	95.0	87.0	83.0	86.0	20.0	採用の絞り込み局面で先端制約が重なり、将来像が描けず不安が増幅
52	SAU	サウジアラビア	Saudi Arabia	中東	圧力上昇	価格維持と対外均衡	OPEC+で段階調整、対日供給枠を再確認	歳入安定で改革投資と雇用を守る	停戦再燃と国内世論で増産は限定的	66.0	61.0	84.0	60.0	83.0	71.0	90.0	20.0	採用絞りと生活費高が重なり、将来像が霧化する
52	EU	欧州連合	European Union	欧州	圧力上昇	雇用移行を管理し景気防衛	対日で職能訓練・資格相互承認を拡大	移行期の雇用と競争力を同時に守る	加盟国間で移行支援の負担配分が難しい	58.0	49.0	71.0	55.0	76.0	61.0	72.0	31.0	新卒枠縮小の連想で不安増。技能可視化が希望を左右
53	USA	アメリカ	United States	北米	境界的圧力	同盟負担と供給条件を強化	対日へ防衛分担増とAI連携条件を要求	雇用転換期でも覇権と抑止を守る	物価と分断で対外負担に上限がある	86.0	63.0	92.0	95.0	89.0	81.0	93.0	16.0	介護負担増の中で雇用と負担増が重なり、将来像が縮む
53	CHN	中国	China	東アジア	境界的圧力	輸出管理に備え審査運用を硬化	対日重要部材の許認可を選別・遅延	外部封じ込めに対抗し雇用を守る	失業不安で長期対立は避けたい	88.0	58.0	94.0	96.0	84.0	92.0	96.0	14.0	介護疲労に供給不安が重なり、将来設計の縮小と離職不安が増す
53	JPN	日本	Japan	東アジア	境界的圧力	介護育児危機の沈静化優先	同盟枠で医療・介護DX投資と人材連携	両立支援と賃上げで生活不安を抑える	財政硬直と人手不足で即効性が薄い	64.0	57.0	93.0	72.0	98.0	78.0	95.0	8.0	介護と仕事の両立像が崩れ、将来設計が縮み挑戦回避が増える
53	TWN	台湾	Taiwan	東アジア	境界的圧力	供給維持と社会負荷対策	日米欧へ供給枠維持と防衛連携を再調整	安全確保と生活負担の緩和を同時に進める	人材流出と家計負担で動員が難しい	88.0	63.0	87.0	93.0	86.0	90.0	92.0	16.0	介護不安に供給不安が重なり、将来設計が短期化する
53	KOR	韓国	South Korea	東アジア	圧力上昇	雇用不安と安保を同時管理	対米で先端枠と抑止確認、対日で部材・人材連携を選別	介護育児と雇用転換に支援を厚くし生活を守る	財政の硬直で福祉と防衛が競合、若者不満が燃えやすい	67.0	58.0	85.0	74.0	88.0	76.0	92.0	16.0	介護負担と採用不安の連想が拡散し、将来設計への諦めが強まる
53	PRK	北朝鮮	North Korea	東アジア	境界的圧力	示威で抑止し取引余地確保	短距離発射演習を誇示し制裁緩和探る	外圧下でも抑止で体制と生活を守る	外貨・燃料不足で長期緊張は重荷	92.0	66.0	84.0	93.0	82.0	79.0	95.0	14.0	介護不安の上に安保緊張が乗り将来設計が萎む
53	RUS	ロシア	Russia	ユーラシア	間接衝突	資源レバーと制裁回避継続	資源輸出条件を揺らし迂回決済を拡大	対外圧力下でも雇用と物価を守る	戦費と技術欠乏で交渉余地が狭い	84.0	79.0	82.0	90.0	88.0	80.0	92.0	14.0	介護育児疲労に物価・採用不安が上乗せされ将来像が縮む
53	UKR	ウクライナ	Ukraine	欧州	限定戦争	継戦と支援確保を最優先	弾薬・防空と復興資金を追加要請	前線維持と生活支援を同時に守る	人的損耗と財政難で統治が脆い	87.0	66.0	88.0	80.0	91.0	79.0	92.0	11.0	介護と仕事不安に、長期戦ニュースが重なり未来感が細る
53	IRN	イラン	Iran	中東	境界的圧力	停戦維持で対外圧力継続	代理勢力を抑制しつつ制裁回避輸出を拡大	停戦は維持、生活防衛と威信を守る	歳入不安と強硬派で譲歩が難しい	76.0	86.0	90.0	87.0	88.0	79.0	94.0	23.0	原油高懸念が家計と介護不安に重なり、進路選択が萎縮
53	ISR	イスラエル	Israel	中東	間接衝突	抑止優先、技術流通は慎重	停戦枠維持しつつ輸出管理とサイバー即応を強化	安全確保が最優先、生活負担は補助で緩和する	戦費と分断で福祉拡大は限定、外資も揺れる	78.0	66.0	83.0	94.0	88.0	82.0	89.0	18.0	介護・育児不安に先端制約が重なり、将来像が霞み焦燥が増幅
53	SAU	サウジアラビア	Saudi Arabia	中東	圧力上昇	価格安定と体制安定優先	OPEC+で維持基調、対日供給は堅持	歳入を守り改革投資と雇用を継続	停戦再燃リスクで増産余地は小さい	64.0	59.0	82.0	58.0	84.0	70.0	92.0	19.0	介護・育児負担と物価高が重なり将来像が曇る
53	EU	欧州連合	European Union	欧州	圧力上昇	生活負担緩和と移行管理	対日で介護Tech標準と人材協力を推進	家計防衛と競争力維持を両立する	加盟国財政と世論が割れ合意が遅い	56.0	52.0	77.0	57.0	79.0	63.0	76.0	29.0	介護負担の連想で将来不安増。技能証明とケア支援が希望を左右
54	USA	アメリカ	United States	北米	境界的圧力	同盟負担と計算資源を囲い込む	対日へ防衛分担増と電力・AI投資協調を要求	生活費を抑えつつ抑止とAI優位を守る	送電網・DC費用で国民負担が限界	84.0	71.0	89.0	94.0	86.0	79.0	91.0	18.0	電気代と雇用不安が重なり、努力が報われる感覚が薄れる
54	CHN	中国	China	東アジア	境界的圧力	規制運用で対日圧力を調整	重要部材許認可を選別し交渉余地を保持	外部圧力下でも成長と雇用を守る	景気減速で長期対立は負担が大きい	87.0	64.0	90.0	94.0	82.0	91.0	95.0	16.0	電力・物価と供給不安が重なり、挑戦回避と将来不信が強まる
54	JPN	日本	Japan	東アジア	境界的圧力	物価・財政の火消し優先	燃料LNG確保と電網投資で同盟協調	電力コスト増を抑えつつ成長投資は継続	電網・DC費用が家計と財政を圧迫	63.0	71.0	79.0	70.0	96.0	74.0	92.0	7.0	生活防衛が先行し、挑戦より安定志向が強まる
54	TWN	台湾	Taiwan	東アジア	境界的圧力	供給死守と負担分散	日米欧へ電力・DC投資の共同枠と保険化	投資負担は出るが供給と生活を守る	電力料金上昇と人材流出で正統性が揺れる	86.0	71.0	82.0	90.0	84.0	88.0	89.0	18.0	電気代と半導体不安で将来像が縮み、移動と学習が慎重化
54	KOR	韓国	South Korea	東アジア	圧力上昇	半導体優先で負担を分散	対米で先端枠維持、LNG・原料を分散調達	電力・物価負担を抑え雇用転換を支える	電力網投資で財政が逼迫し若者不満が増幅	66.0	63.0	82.0	76.0	91.0	78.0	94.0	14.0	電力料金と採用不安が連動し、将来設計の先送りが増える
54	PRK	北朝鮮	North Korea	東アジア	境界的圧力	示威で抑止し取引枠を作る	発射準備誇示と対話示唆で制裁緩和狙い	外圧に屈せず抑止で体制と生活を守る	燃料・外貨難で緊張長期化は損	94.0	71.0	86.0	92.0	85.0	80.0	96.0	12.0	安保不安に電力・DC負担が重なり将来計画が縮む
54	RUS	ロシア	Russia	ユーラシア	間接衝突	資源収入確保と圧力分散	石油ガス割引で買い手囲い、制裁迂回強化	エネルギー収入で財政と雇用を守る	戦費と部材不足で投資余力が細い	86.0	83.0	78.0	92.0	90.0	82.0	91.0	13.0	電力・物価高が続き、進路選択が保守化し不信が増幅
54	UKR	ウクライナ	Ukraine	欧州	限定戦争	継戦と支援維持を最優先	防空・弾薬と復興電力網支援を要請	前線維持と電力・雇用を同時に守る	人的損耗と財政難で統治が薄氷	88.0	71.0	86.0	79.0	92.0	81.0	91.0	12.0	物価と将来不安が重なり、挑戦より守りに傾く
54	IRN	イラン	Iran	中東	境界的圧力	停戦維持で強硬姿勢維持	制裁回避輸出を拡大し航路圧力を示唆	停戦は維持、国益と生活防衛を優先	歳入不安と強硬派で譲歩余地が狭い	78.0	91.0	84.0	86.0	92.0	76.0	93.0	20.0	電力・物価不安が将来像を曇らせ、挑戦より節約へ傾く
54	ISR	イスラエル	Israel	中東	間接衝突	抑止維持、重要供給は囲い込み	停戦枠を維持しつつ輸出管理と防空を強化	安全最優先、電力・生活費は時限補助で対応	戦費と分断で財政が硬直、外資と人材流出懸念	76.0	71.0	78.0	92.0	90.0	80.0	86.0	17.0	電力・物価と計算資源逼迫が重なり、進路不安と焦燥が増幅
54	SAU	サウジアラビア	Saudi Arabia	中東	圧力上昇	価格レンジ管理と体制投資	OPEC+で減産維持、対日長期契約を優先	歳入確保で改革投資と雇用を守る	停戦再燃と投資負担で増産は慎重	66.0	67.0	78.0	58.0	88.0	72.0	90.0	16.0	電気・燃料高止まりで生活防衛志向が強まり、若者の将来像が縮む
54	EU	欧州連合	European Union	欧州	圧力上昇	家計負担抑制と投資加速	対日で電力網・DC省エネ標準を連携	投資は不可避、負担は支援で平準化	加盟国間の負担配分で合意が遅い	58.0	60.0	73.0	62.0	82.0	65.0	78.0	27.0	電気代と雇用再編の連想が不安増。省エネ投資が見えれば希望は維持
55	USA	アメリカ	United States	北米	境界的圧力	同盟負担増と計算資源囲い込み	対日へ防衛負担増・DC電力協力を要求	抑止とAI優位を守り生活費も抑える	送電網投資と物価で国内余力が細い	82.0	68.0	84.0	93.0	83.0	75.0	88.0	22.0	学職接続の試行は救いだが、計算資源難で将来像が曇る
55	CHN	中国	China	東アジア	境界的圧力	許認可で対日圧力を微調整	重要部材の許認可を絞り交渉余地を確保	外圧下でも雇用と成長を守ると強調	景気鈍化で長期硬直対立は重荷	86.0	62.0	88.0	93.0	80.0	90.0	94.0	18.0	就職接続の再設計中に不確実性が増え、挑戦回避と将来不信が残る
55	JPN	日本	Japan	東アジア	境界的圧力	物価と人材接続を同時処理	LNG長期契約と同盟協調、半導体調達を確保	学びから仕事への接続を再設計し家計も守る	財政余力が乏しく、給付と投資が相殺	64.0	68.0	76.0	72.0	97.0	73.0	90.0	6.0	移行不安が強いが、接続支援が見えれば焦燥は緩和
55	TWN	台湾	Taiwan	東アジア	境界的圧力	供給維持と人材定着を優先	日米欧へ供給保証枠と人材循環枠を提案	供給と雇用を守り、負担は段階的に抑える	電力費と人材流出が続くと正統性が削れる	84.0	69.0	76.0	89.0	82.0	86.0	85.0	20.0	半導体不安は残るが、職業接続改革が見えると将来像が少し戻る
55	KOR	韓国	South Korea	東アジア	圧力上昇	雇用接続を急ぎ同盟も維持	対米枠を守りつつ半導体供給協定を調整	教育-雇用接続を再設計し不安を抑える	若者対策と防衛・電力投資が予算競合	64.0	60.0	74.0	70.0	86.0	72.0	88.0	18.0	採用不安は続くが接続改革が見えれば焦燥は弱まる
55	PRK	北朝鮮	North Korea	東アジア	境界的圧力	示威で譲歩を引き出す	短距離発射示唆と対話窓口を併置	外圧に屈せず抑止で体制を守る	燃料・外貨難で長期緊張は不利	90.0	68.0	82.0	90.0	83.0	78.0	93.0	14.0	安保不安が強まり、進路接続の挑戦が萎縮しやすい
55	RUS	ロシア	Russia	ユーラシア	間接衝突	制裁下で資源収入を死守	割引販売と迂回物流で輸出維持	長期戦でも生活と雇用を守る	戦費・部材不足で成長投資が弱い	84.0	79.0	74.0	90.0	88.0	80.0	86.0	18.0	物価・不安が残る一方、接続再設計が見えれば将来悲観は一部緩む
55	UKR	ウクライナ	Ukraine	欧州	限定戦争	継戦維持と復興資金確保	防空・弾薬継続支援と長期復興基金を要請	前線維持と電力・雇用再建を同時に進める	動員疲弊と財政難で統治正統性が脆い	86.0	66.0	78.0	73.0	88.0	76.0	84.0	18.0	物価と不確実性が続き、進路選択が防衛的になりやすい
55	IRN	イラン	Iran	中東	境界的圧力	停戦維持で交渉余地探る	制裁回避輸出と航路示威を継続	国益防衛と生活維持を両立する	歳入不安と強硬派で譲歩が難しい	76.0	88.0	81.0	83.0	90.0	74.0	91.0	22.0	物価不安が強い中、接続再設計も安定志向が先行
55	ISR	イスラエル	Israel	中東	境界的圧力	停戦維持で技術優位確保	停戦枠を維持し輸出管理と防空を強化	安全優先、物価は補助で下支えする	戦費と分断で財政硬直、人材流出が痛い	72.0	66.0	76.0	90.0	88.0	77.0	84.0	21.0	進路接続の再設計は救いだが、計算資源と物価不安が焦燥を残す
55	SAU	サウジアラビア	Saudi Arabia	中東	圧力上昇	価格安定を優先し協調維持	OPEC+で供給調整、対日契約を堅持	歳入を守り改革投資と雇用を継続	停戦再燃と治安・投資負担で増産難	64.0	63.0	74.0	57.0	86.0	70.0	87.0	18.0	燃料高止まりが家計と就職観を圧迫し、若者の期待が縮みやすい
55	EU	欧州連合	European Union	欧州	圧力上昇	規制整備と人材再訓練を優先	対日で技能認証・職業移行の枠組み連携	雇用移行を支え競争力と公正を守る	加盟国で教育財源と規制速度が割れる	56.0	58.0	71.0	60.0	83.0	64.0	76.0	29.0	『学び直し必須』が圧に。道筋提示なら将来像は保てる
56	USA	アメリカ	United States	北米	境界的圧力	同盟負担増とAI優位維持	対日へ防衛費・拠点強化と算資源枠を提示	同盟で抑止しAI競争で雇用を守る	AI税制停滞で財源薄く物価不満が怖い	84.0	62.0	86.0	94.0	85.0	76.0	89.0	20.0	算資源不足と負担増で進路像が揺れ、不安が増幅
56	CHN	中国	China	東アジア	境界的圧力	対日圧力を許認可で調整	重要部材・データ規制を運用強化	外圧下でも雇用と秩序を守る	税収不安で景気下支えが必要	87.0	63.0	90.0	94.0	82.0	91.0	95.0	16.0	就活と生活コスト不安が重なり、挑戦より安定志向が強まる
56	JPN	日本	Japan	東アジア	境界的圧力	若者接続と物価を優先	同盟と連携しLNG・半導体調達を確保	物価対策と学び直しで将来不安を抑える	国際AI課税停滞で財源が細り優先順位が逼迫	66.0	70.0	78.0	74.0	98.0	75.0	92.0	5.0	財源不透明で支援が細る恐れ、移行不安と諦めが増幅
56	TWN	台湾	Taiwan	東アジア	境界的圧力	供給継続と抑止を優先	日米欧へ供給優先枠と危機時代替計画を提示	外圧は続くが雇用と物価対策を並行する	AI税停滞で財源薄く防衛と支援が競合	86.0	70.0	78.0	91.0	85.0	88.0	86.0	18.0	半導体・安保不安が強まり、将来設計が硬直しやすい
56	KOR	韓国	South Korea	東アジア	圧力上昇	半導体確保と雇用不安抑制	対米連携で半導体枠確保、対日取引は硬化	技術主権を守りつつ雇用・物価対策を急ぐ	AI税協調が止まり財源不足、対外譲歩が難しい	66.0	62.0	77.0	74.0	90.0	75.0	89.0	16.0	採用停滞と計算資源不安が増幅、将来設計が縮む
56	PRK	北朝鮮	North Korea	東アジア	境界的圧力	示威と取引で体制維持	短距離発射を誇示し制裁緩和探る	抑止強化で外圧を退ける	外貨難で長期緊張は損、露中依存	92.0	66.0	81.0	91.0	84.0	79.0	94.0	13.0	安保不安が就活・挑戦を冷やし、将来像が縮む
56	RUS	ロシア	Russia	ユーラシア	間接衝突	制裁回避で戦費と体制維持	資源輸出を迂回強化し制裁割れを探索	外圧下でも雇用と生活を守る	戦費優先で民生投資と技術更新が鈍い	86.0	82.0	77.0	92.0	90.0	83.0	87.0	16.0	物価と先行き不安が粘り、努力が報われる感覚が細る
56	UKR	ウクライナ	Ukraine	欧州	限定戦争	継戦と復興財源の確保	支援国へ追加弾薬と復興債保証を要請	前線維持と生活基盤再建を同時に進める	AI税協調停滞で歳入不足、疲弊も深い	87.0	64.0	79.0	72.0	90.0	77.0	83.0	17.0	長期不確実性が固定化し、若者の挑戦が萎縮しやすい
56	IRN	イラン	Iran	中東	境界的圧力	制裁下で歳入確保を優先	迂回輸出と航路示威、停戦枠は維持	外圧下でも生活と治安を守る	財源枯渇と強硬派で譲歩困難	78.0	90.0	83.0	86.0	92.0	76.0	93.0	20.0	原油高と物価不安が続き、将来設計が縮む
56	ISR	イスラエル	Israel	中東	境界的圧力	停戦維持と技術優位優先	停戦枠維持、輸出管理と防空・サイバー強化	安全最優先、負担は補助と規制で抑える	戦費と分断で財政硬直、AI税協調不在	74.0	68.0	78.0	92.0	91.0	79.0	86.0	19.0	物価と計算資源不安が長期化し、将来像が曇る
56	SAU	サウジアラビア	Saudi Arabia	中東	圧力上昇	価格と体制安定を優先	OPEC+で小幅調整、対日長期契約を重視	歳入を確保し改革投資と治安を両立	停戦再燃懸念と投資負担で増産余地が狭い	66.0	67.0	78.0	58.0	89.0	72.0	90.0	16.0	燃料高と財源不安が重なり、将来設計を先延ばししやすい
56	EU	欧州連合	European Union	欧州	圧力上昇	域内課税と規制で財源確保	対日へAI報告・課税協調と認証連携要求	協調停滞でも公正負担で雇用移行を支える	加盟国対立で制度速度と景気配慮が限界	57.0	59.0	73.0	62.0	86.0	66.0	78.0	27.0	負担増と学び直し圧が強まり将来像が曇る。移行策が見えれば下振れは抑制
57	USA	アメリカ	United States	北米	境界的圧力	同盟負担増とAI規律強化	対日へ拠点運用強化と算資源管理を要求	同盟強化で抑止しAI投資で雇用を守る	物価と分断で長期負担に耐えにくい	82.0	60.0	84.0	93.0	83.0	74.0	86.0	24.0	負担増と算資源不安で将来像が揺れるが、地域移住実験が逃げ道の感覚を少し作る
57	CHN	中国	China	東アジア	境界的圧力	対日圧力を選別し抑制	重要鉱物と部材の許認可を微調整	外圧下でも雇用と産業を守る	景気減速で強硬一辺倒は取れない	86.0	60.0	88.0	93.0	80.0	90.0	94.0	18.0	移住実験は逃げ道に見えるが、対中不確実性で将来像が曇る
57	JPN	日本	Japan	東アジア	境界的圧力	移住実験で不安を局所緩和	資源・半導体調達を同盟内で再調整	地域移住実験で仕事と生活を束ね将来不安を抑制	財源逼迫で全国展開は難しく分断が残る	63.0	68.0	74.0	70.0	96.0	73.0	88.0	7.0	移住先では希望が戻るが、外れる層は諦めと焦りが増える
57	TWN	台湾	Taiwan	東アジア	境界的圧力	供給継続と抑止を強化	日米欧と供給優先枠・避難分散を再確認	緊張は続くが雇用・物価支援を維持	財源薄く防衛と若者支援が競合	85.0	69.0	76.0	90.0	84.0	87.0	85.0	20.0	半導体不安は残るが、地域移住実験が希望の受け皿に
57	KOR	韓国	South Korea	東アジア	圧力上昇	雇用安定を優先し対外は管理	対米で半導体枠維持、対日供給は条件化	若者雇用と物価を守り安全保障も担保	財源不足で支援拡大は限定、譲歩困難	64.0	60.0	74.0	76.0	88.0	73.0	87.0	18.0	移住実験は希望材料だが外圧で雇用不安が勝つ
57	PRK	北朝鮮	North Korea	東アジア	境界的圧力	示威継続で譲歩を迫る	発射準備誇示と暗黙交渉で制裁緩和探る	外圧に屈せず抑止を強化する	外貨難で長期緊張は損、露中依存	88.0	61.0	76.0	90.0	82.0	74.0	91.0	18.0	安保不安は続くが、移住実験が選択肢となり悲観の固定を一部緩める
57	RUS	ロシア	Russia	ユーラシア	間接衝突	戦費優先で制裁割れ探索	資源輸出迂回と価格カードで揺さぶる	外圧に屈せず生活と雇用を守る	戦費が民生と技術更新を圧迫	84.0	78.0	73.0	90.0	88.0	80.0	85.0	20.0	物価不安は粘るが、地域移住実験が一部の展望を支える
57	UKR	ウクライナ	Ukraine	欧州	限定戦争	継戦維持と復興資金確保	欧米へ弾薬・防空と復興債保証を要請	前線維持と基盤再建を同時に進める	歳入不足と疲弊で動員・福祉が限界	86.0	62.0	78.0	70.0	88.0	76.0	82.0	19.0	長期不確実性が続き将来設計が硬直。地域移住実験が緩衝に
57	IRN	イラン	Iran	中東	境界的圧力	停戦枠維持で歳入確保	迂回輸出を継続、海上示威は抑制的に運用	外圧に屈せず生活と治安を守る	財源不足と強硬派で譲歩が難しい	74.0	86.0	78.0	84.0	89.0	72.0	90.0	24.0	原油高・物価不安が残り、移住実験の期待も将来不安で揺れる
57	ISR	イスラエル	Israel	中東	境界的圧力	停戦枠維持、抑止と技術確保	停戦調整と防空・サイバー強化、輸出管理	治安優先、生活負担は補助で緩和	戦費と分断で財政硬直、供給網が脆い	72.0	64.0	76.0	90.0	88.0	78.0	84.0	24.0	物価・計算資源不安は続くが、移住実験が将来不安を一部緩和
57	SAU	サウジアラビア	Saudi Arabia	中東	圧力上昇	価格安定と体制維持を優先	OPEC+で据え置き寄り、小幅調整を主導	歳入を守り改革投資と治安を維持	停戦再燃と設備制約で増産余地が小さい	64.0	63.0	74.0	58.0	86.0	70.0	88.0	18.0	燃料高が続き移住実験の期待は出るが将来不安は残る
57	EU	欧州連合	European Union	欧州	圧力上昇	規制で移行秩序を維持	対日へAI監査・炭素/サプライ開示を要請	公正な移行と防衛を両立し雇用を守る	加盟国分裂で景気悪化と規制強化が綱引き	58.0	57.0	71.0	60.0	84.0	64.0	76.0	29.0	規制適合と再教育の圧で不安増。地域移住実験は希望材料にもなる
58	USA	アメリカ	United States	北米	境界的圧力	同盟負担と規律を再要請	対日へ拠点即応性と共同計画を要求	長期警戒でも同盟で抑止し雇用守る	分断と物価で追加負担に限界	84.0	62.0	86.0	94.0	84.0	76.0	88.0	22.0	常時警戒が将来像を摩耗。負担増と算資源不安で進路が保守化
58	CHN	中国	China	東アジア	境界的圧力	選別圧力で持久戦	鉱物・部材許認可を局所厳格化し対話継続	長期警戒でも雇用と供給網を守る	景気鈍化で全面強硬は逆効果	84.0	58.0	86.0	92.0	78.0	89.0	93.0	19.0	警戒常態化で将来像が曇り、挑戦より安全志向が強まる
58	JPN	日本	Japan	東アジア	境界的圧力	限定支援で分断を抑える	同盟内で資源・半導体調達を前倒し再配置	警戒常態化でも生活と雇用の底割れを防ぐ	財政余力が極小で広域支援が続かない	66.0	70.0	76.0	72.0	97.0	75.0	90.0	6.0	緊張が日常化し将来像が霞む。対象外層は諦めと焦りが増す
58	TWN	台湾	Taiwan	東アジア	境界的圧力	抑止維持と供給継続	日米欧と供給優先枠を固定し分散を加速	警戒は常態化、物価・雇用の下支え継続	長期警戒で疲弊、財源は防衛と生活で奪い合い	86.0	70.0	78.0	92.0	85.0	88.0	86.0	19.0	半導体・安保不安が常態化し将来設計が保守化、挑戦意欲が鈍る
58	KOR	韓国	South Korea	東アジア	圧力上昇	同盟維持と産業防衛を優先	対米で半導体枠維持、対日供給は条件付き	常時警戒でも雇用と物価の下支えを継続	財源と世論が硬直、譲歩は最小限に限定	66.0	58.0	72.0	74.0	86.0	75.0	84.0	20.0	緊張の常態化で将来像が曇り、就職と移動に慎重化
58	PRK	北朝鮮	North Korea	東アジア	間接衝突	示威で交渉余地を確保	ミサイル関連示威と瀬取りで外貨確保	警戒継続で体制と抑止を守る	外貨難と統制疲れ、露中依存深化	90.0	64.0	78.0	92.0	84.0	76.0	93.0	16.0	常時警戒が進路不安を固定化、学習投資も萎縮しやすい
58	RUS	ロシア	Russia	ユーラシア	間接衝突	戦時経済維持と制裁迂回	資源輸出の迂回強化と情報戦で分断を狙う	長期戦でも生活防衛と勝利を両立する	動員疲れと技術不足で統治コスト上昇	86.0	81.0	74.0	91.0	87.0	82.0	86.0	19.0	先行き不透明が常態化し、挑戦より安定志向が強まる
58	UKR	ウクライナ	Ukraine	欧州	限定戦争	継戦と復興資金の両立	欧米へ防空・弾薬と長期融資枠を要請	長期戦でも生活線と復興を守る	動員疲れと歳入不足で支出調整が限界	87.0	60.0	79.0	71.0	89.0	77.0	84.0	18.0	常時警戒の長期化で将来設計が萎縮、挑戦回避が増える
58	IRN	イラン	Iran	中東	境界的圧力	停戦維持で体制安定優先	迂回輸出継続、航路示威は限定運用	外圧下でも治安と生活を守る	財源不足と強硬派で譲歩困難	73.0	84.0	76.0	83.0	87.0	70.0	88.0	25.0	原油高と常時警戒が続き、将来設計が萎み不安が常態化
58	ISR	イスラエル	Israel	中東	境界的圧力	停戦枠維持、抑止と技術確保	停戦調整を継続し防空・サイバー優先、輸出管理	全面化は避けるが警戒継続、負担は段階補助で吸収	長期戦費と分断で財政硬直、部材・弾薬の補給に制約	74.0	66.0	78.0	92.0	90.0	80.0	87.0	22.0	警戒常態化で将来像が霞み不安が粘着、進路選択が保守化
58	SAU	サウジアラビア	Saudi Arabia	中東	圧力上昇	価格安定と体制投資を両立	OPEC+で小幅調整、航路警備協力を継続	安定が最優先、改革と雇用を守る	停戦再燃と設備制約で増産が難しい	66.0	61.0	76.0	58.0	87.0	72.0	89.0	17.0	燃料高と警戒常態化で将来像が曇り、挑戦意欲が揺れる
58	EU	欧州連合	European Union	欧州	圧力上昇	規制と防衛で秩序維持	対日へAI監査・供給網/炭素開示を強化	常時警戒でも雇用と公正な移行を守る	加盟国分裂と景気不安で妥協が必要	61.0	59.0	73.0	62.0	86.0	66.0	78.0	27.0	適合負担と雇用不安が続き、将来像が曇るが技能移行が光
59	USA	アメリカ	United States	北米	境界的圧力	同盟即応とAI規律を要求	対日へ拠点即応・共同計画・輸出規律を要請	同盟で抑止しつつ生活防衛と雇用を守る	分断と物価で追加負担は限界、算資源も逼迫	82.0	60.0	83.0	92.0	86.0	74.0	85.0	24.0	常時警戒と規律要請で進路が保守化。試行制度は希望の下支えは小
59	CHN	中国	China	東アジア	境界的圧力	選別圧力で交渉主導	台湾周辺で示威強化、資源許認可は選別運用	外圧に耐えつつ雇用と成長を守る	景気減速で全面強硬は不満を招く	86.0	60.0	88.0	93.0	79.0	90.0	92.0	21.0	緊張の常態化で将来不安が続くが、維持活動の報酬化が下支え感を生む
59	JPN	日本	Japan	東アジア	境界的圧力	小規模試行で不安を抑える	同盟と調達枠を維持し資源確保を前倒し	維持活動の評価試行で生活不安を和らげる	試行は小さく財政負担と格差懸念が残る	64.0	68.0	74.0	70.0	94.0	73.0	88.0	8.0	制度試行は希望の芽だが、恩恵の偏りで焦りも増える
59	TWN	台湾	Taiwan	東アジア	境界的圧力	抑止堅持と供給安定	日米欧と供給枠維持、重要部材を分散調達	警戒は継続、生活支援と雇用維持を優先	疲労と財源制約、若者支援と防衛が競合	84.0	66.0	74.0	90.0	82.0	85.0	81.0	23.0	半導体・安保不安は続くが、社会維持報酬化の兆しで絶望感は小幅に緩む
59	KOR	韓国	South Korea	東アジア	圧力上昇	産業防衛と同盟調整	対米で半導体枠死守、対日供給は選別	雇用と安全保障を同時に守る方針を強調	若者支援と防衛負担が競合、妥協余地小	64.0	56.0	66.0	72.0	84.0	73.0	80.0	24.0	制度試行は希望材料だが、供給不安で進路選択が慎重化
59	PRK	北朝鮮	North Korea	東アジア	間接衝突	示威で主導権を維持	短距離発射準備を誇示し制裁回避の取引探る	外敵脅威に備え結束と動員を強化する	外貨逼迫と統制疲れ、露中依存が固定化	88.0	60.0	76.0	92.0	82.0	74.0	92.0	19.0	制度試行で緩衝は微増も、警戒常態が将来像を曇らせる
59	RUS	ロシア	Russia	ユーラシア	間接衝突	戦時経済維持と制裁迂回継続	資源輸出の条件操作と迂回網を拡張	制裁下でも雇用と物価を守り戦う	動員疲れと部材不足で統治費が重い	85.0	79.0	71.0	90.0	84.0	80.0	82.0	23.0	不透明感は続くが、社会維持の報酬化が将来不安を少し和らげる
59	UKR	ウクライナ	Ukraine	欧州	限定戦争	継戦優先で支援固定化	欧州・米へ防空弾薬と復興枠の前倒し要請	持久戦でも生活基盤と復興を守る	動員疲れと財政難で統治負荷が増大	88.0	61.0	80.0	72.0	90.0	78.0	83.0	19.0	長期不確実性が固定化し、若者の将来設計が保守化する
59	IRN	イラン	Iran	中東	境界的圧力	停戦維持で対外圧力管理	迂回輸出維持、航路示威は抑制	生活防衛と治安維持を優先	制裁と強硬派で柔軟性が低い	72.0	82.0	74.0	82.0	85.0	69.0	86.0	28.0	原油・警戒は高止まり。だが報酬化試行が不安を少し受け止める
59	ISR	イスラエル	Israel	中東	境界的圧力	停戦枠維持、抑止と技術確保	停戦調整を継続し防空・サイバー優先、輸出管理	全面化は避けるが警戒継続、負担は段階補助	長期戦費と分断で財政硬直、補給が細る	72.0	64.0	76.0	90.0	88.0	78.0	84.0	24.0	安全保障不安と技術制約が重なり、将来像が縮み進路が保守化
59	SAU	サウジアラビア	Saudi Arabia	中東	圧力上昇	価格安定と体制投資を優先	OPEC+で小幅維持、航路警備を調整	歳入を守り改革雇用を継続する	停戦再燃と設備制約で増産余地が小	64.0	58.0	72.0	56.0	84.0	69.0	86.0	19.0	燃料高が続き不安は残るが、社会維持報酬化の兆しが希望の参照点になる
59	EU	欧州連合	European Union	欧州	圧力上昇	規制適合と支援で安定	対日へAI監査/炭素開示と技能移行連携	公正な移行と防衛を両立し格差を抑える	加盟国合意が遅く景気下振れが怖い	60.0	54.0	70.0	60.0	82.0	64.0	75.0	30.0	適合負担は続くが、報酬化の試行が未来像の一筋になる
60	USA	アメリカ	United States	北米	境界的圧力	同盟即応と算資源規律を優先	対日へ拠点運用即応・共同計画更新・先端輸出規律を再要請	同盟で抑止しつつ物価と雇用を守る現実路線	分断と生活費で追加負担は難、算資源も軍民で競合	80.0	58.0	84.0	93.0	85.0	72.0	83.0	25.0	規律と即応要請で挑戦が萎む一方、協業枠は安心材料にもなる
60	CHN	中国	China	東アジア	境界的圧力	選別圧力で常態化管理	台湾周辺の活動継続、対日許認可を選別	安定と雇用を守り外圧に屈しない	景気と失業不安で全面強硬は難しい	84.0	61.0	86.0	92.0	77.0	88.0	91.0	22.0	緊張の固定化で将来不安が残り、挑戦回避が増える
60	JPN	日本	Japan	東アジア	境界的圧力	小規模試行を拡張し不安抑制	同盟調達を維持し燃料・半導体を前倒し確保	支援の効果検証を進め、生活不安を抑える	財政が詰み、配分次第で不満が噴く	66.0	70.0	77.0	72.0	96.0	75.0	90.0	7.0	試行の可視化は希望を残すが、選別感で焦りも増す
60	TWN	台湾	Taiwan	東アジア	境界的圧力	抑止堅持と社会維持	日米欧と供給枠維持、海峡危機管理を強化	警戒は継続、生活支援と雇用下支えを続行	疲労と人材流出、財源配分が限界	83.0	64.0	72.0	89.0	84.0	84.0	82.0	22.0	半導体・安保不安が長期化感を増幅、進路選択が慎重化
60	KOR	韓国	South Korea	東アジア	圧力上昇	産業防衛と同盟整合を優先	対米で半導体枠確保、対日供給は重点配分	雇用と安保を両立、産業支援を継続	若者対策と防衛負担が競合、余力限定	66.0	58.0	69.0	74.0	83.0	76.0	82.0	22.0	供給不安と雇用警戒で挑戦が慎重化、希望は分岐
60	PRK	北朝鮮	North Korea	東アジア	間接衝突	示威と取引で体制維持	発射実験を示唆し対話窓口は残す	包囲に対抗し動員と規律を徹底	外貨難と統制疲れ、露中依存が重い	90.0	62.0	78.0	93.0	84.0	76.0	93.0	18.0	警戒常態が進路選択を萎縮させ、希望の分布が細る
60	RUS	ロシア	Russia	ユーラシア	間接衝突	戦時経済維持と圧力継続	資源条件を揺さぶり制裁迂回網を拡大	長期戦でも雇用と物価を守り抜く	動員疲れと部材不足で統治費が重い	86.0	81.0	72.0	91.0	83.0	81.0	84.0	22.0	不透明が常態化し挑戦回避が増えるが、危機慣れで一部は現実志向へ
60	UKR	ウクライナ	Ukraine	欧州	限定戦争	継戦と復興枠の前倒し確保	欧米へ防空・弾薬と予算長期枠を要求	支援を確実化し生活基盤を守る	動員疲れと財政難で統治が擦れる	84.0	58.0	74.0	69.0	86.0	73.0	79.0	23.0	長期不確実性が続き、若者は挑戦より安定志向へ傾く
60	IRN	イラン	Iran	中東	境界的圧力	停戦維持し制裁下で主導権確保	迂回輸出継続、航路示威は限定し抑止	外圧下でも生活と治安を守る	制裁・強硬派・不満で柔軟策が狭い	70.0	80.0	73.0	83.0	86.0	70.0	85.0	27.0	燃料高と不確実性が常態化し、将来設計が先送りになりやすい
60	ISR	イスラエル	Israel	中東	境界的圧力	停戦維持と抑止強化	停戦枠を維持しつつ防空・サイバー強化、輸出管理	再燃に備え警戒継続、経済負担は限定補助で吸収	戦費と分断で財政硬直、補給と人材流出が痛い	74.0	62.0	75.0	92.0	86.0	77.0	83.0	23.0	停戦でも再燃不安と計算資源制約が残り、挑戦より安定志向が強まる
60	SAU	サウジアラビア	Saudi Arabia	中東	圧力上昇	価格安定と体制投資を継続	OPEC+は小幅調整、航路警備に資金配分	歳入確保で改革と雇用の継続を示す	停戦再燃リスクと設備制約で増産は限定	63.0	56.0	70.0	55.0	82.0	67.0	85.0	21.0	燃料高が生活不安を残すが、価格の急変が抑えられ希望低下は鈍る
60	EU	欧州連合	European Union	欧州	圧力上昇	規制と景気下支え優先	対日へAI監査・炭素開示を厳格運用	公正競争と雇用転換で生活を守る	合意形成が遅く追加支出に限界	63.0	56.0	72.0	61.0	83.0	65.0	74.0	29.0	適合負担で不安は増すが、技能移行の見通しが希望を支える
61	USA	アメリカ	United States	北米	境界的圧力	同盟負担とAI規律を要求	対日へ拠点即応・共同計画更新・算資源/輸出規律を再要請	雇用再設計と抑止を同時に進める現実路線	分断と生活費で追加負担困難、軍民で算資源が競合	82.0	60.0	86.0	94.0	88.0	74.0	84.0	22.0	即応と規律の圧で挑戦回避が増えるが、協業枠は安心にもなる
61	CHN	中国	China	東アジア	境界的圧力	雇用安定優先で対外圧力を選別	台湾周辺の示威継続、対日許認可を波状運用	雇用と秩序を守り外圧に備える	成長鈍化で強硬一本化は制度コスト高	86.0	60.0	88.0	93.0	75.0	90.0	92.0	20.0	緊張の常態化で将来像が曇り、就職防衛と挑戦回避が増える
61	JPN	日本	Japan	東アジア	境界的圧力	配分再設計で不満抑止	同盟連携維持し燃料・計算資源を確保	雇用再設計と支援を一体で進める	財政逼迫で負担増なら反発が拡大	64.0	68.0	79.0	74.0	97.0	73.0	91.0	6.0	制度再編で将来像が揺れ、選別感が不安を増幅
61	TWN	台湾	Taiwan	東アジア	境界的圧力	抑止強化と産業継続	日米欧と供給枠を再確認、危機連絡を常態化	不安定化に備えつつ雇用再設計と支援を進める	人材流出と動員疲労、予算配分が逼迫	85.0	63.0	74.0	90.0	86.0	83.0	84.0	21.0	不安の常態化で挑戦回避が増え、進路は安全志向に寄る
61	KOR	韓国	South Korea	東アジア	圧力上昇	半導体防衛と雇用再設計	対米で半導体枠確保、対日供給は選別	雇用転換支援と抑止力を同時に強化	若者対策と防衛費が競合、余力限定	64.0	57.0	73.0	78.0	80.0	74.0	81.0	24.0	供給不安と雇用揺れで将来像が曇り、挑戦が慎重化
61	PRK	北朝鮮	North Korea	東アジア	間接衝突	示威で抑止と譲歩誘導	短距離発射を誇示し対話枠も維持	包囲に屈せず国防と規律を強化	外貨難と統制疲れ、露中依存が重い	92.0	63.0	80.0	94.0	86.0	78.0	94.0	17.0	警戒常態が続き、学び直し期の将来像が曇る
61	RUS	ロシア	Russia	ユーラシア	間接衝突	戦時継続と資源圧力を維持	資源供給と価格条件を調整し制裁迂回を拡大	長期戦でも賃金・雇用・物価を守る	動員疲れと部材不足で統治コスト増	88.0	79.0	70.0	90.0	84.0	80.0	82.0	23.0	不透明感が常態化し将来設計が短期化。適応層と諦め層が分岐
61	UKR	ウクライナ	Ukraine	欧州	限定戦争	継戦維持と復興資金の囲い込み	欧米へ弾薬・防空と複数年財政枠を要請	生活維持と動員負担の公平化を進める	動員疲れと歳入不足で統治が脆い	83.0	60.0	76.0	70.0	87.0	74.0	78.0	22.0	長期不確実性が続き、若者は安定志向と将来不安が強まる
61	IRN	イラン	Iran	中東	境界的圧力	停戦維持で体制安定を優先	迂回輸出継続、航路は限定示威で抑止	外圧下でも治安と生活を守る	制裁と強硬派、歳入不足で譲歩困難	72.0	84.0	70.0	82.0	85.0	73.0	86.0	26.0	燃料高と不安定報道で将来設計が先送り、挑戦意欲が鈍る
61	ISR	イスラエル	Israel	中東	境界的圧力	停戦維持と技術防衛	停戦枠維持、サイバー即応と輸出管理強化	雇用再設計期、治安と生活を同時に守る	戦費と分断で余力薄、計算資源が逼迫	76.0	64.0	78.0	93.0	87.0	79.0	84.0	22.0	雇用再設計期に外部不安が上乗せされ、慎重化と将来不信が増える
61	SAU	サウジアラビア	Saudi Arabia	中東	圧力上昇	価格安定を軸に段階調整	OPEC+微調整と航路警備支援を継続	歳入確保で改革雇用と治安を守る	停戦再燃と設備制約で急増産できない	64.0	58.0	72.0	56.0	83.0	68.0	86.0	20.0	燃料高と雇用再設計の不安が増幅、将来像が描きにくい
61	EU	欧州連合	European Union	欧州	圧力上昇	規制適合と雇用再設計	対日へAI監査基準と開示要件を更新適用	雇用移行を守りつつ技術の安全を確保	加盟国調整が遅く財政追加に限界	61.0	54.0	70.0	60.0	82.0	64.0	73.0	30.0	適合負担と職の揺れで不安増、移行設計が見えれば希望は残る
62	USA	アメリカ	United States	北米	境界的圧力	同盟即応と算資源規律を強化	対日へ即応計画更新・輸出規律・負担増を再要求	競争と抑止で雇用と安全を守る	国内分断と物価で追加負担は限界	84.0	58.0	88.0	95.0	86.0	76.0	85.0	20.0	地域差の固定化不安が強まり、挑戦より安定志向へ寄る
62	CHN	中国	China	東アジア	境界的圧力	雇用優先で圧力を調整	台湾周辺の示威継続、対日規制を選別運用	雇用と秩序を守り外圧に備える	成長鈍化で強硬一本化は制度コスト増	84.0	62.0	86.0	92.0	74.0	88.0	90.0	22.0	地域格差の固定化不安に外圧が重なり、若者は挑戦より安定志向へ傾く
62	JPN	日本	Japan	東アジア	境界的圧力	地域格差対策を急ぎ沈静化	同盟連携を維持し燃料・計算資源を確保	地域の雇用と教育投資で格差固定化を防ぐ	財政制約で全国一律支援は難しい	63.0	66.0	82.0	72.0	98.0	74.0	93.0	5.0	地域で機会差が見え将来不安が増幅、離郷志向と諦めが強まる
62	TWN	台湾	Taiwan	東アジア	境界的圧力	抑止維持と格差是正	日米欧と供給継続枠を更新、危機連絡強化	安全保障を維持しつつ若者定着と再訓練に投資	防衛・産業・生活支援が競合し財政が硬直	84.0	61.0	72.0	88.0	83.0	81.0	82.0	22.0	供給不安が続き進路は安定志向、挑戦は地域差で二極化
62	KOR	韓国	South Korea	東アジア	圧力上昇	半導体防衛と地域格差対策	対米で半導体枠を維持、対日供給は安定優先で選別	地域雇用と安保を同時に守り、移行支援を強化	若者支援と防衛費が競合、物価と世論が制約	63.0	56.0	71.0	76.0	78.0	72.0	79.0	26.0	供給不安と雇用変動が続き、地方ほど将来像が縮み慎重化
62	PRK	北朝鮮	North Korea	東アジア	境界的圧力	示威で統制維持と取引狙い	発射準備を誇示し対話窓口は残す	包囲下で国防優先、秩序と動員を強化	外貨難と統制疲れ、露中支援も条件付き	93.0	62.0	79.0	95.0	87.0	77.0	95.0	16.0	地方格差不安に安全保障不安が重なり将来像が霞む
62	RUS	ロシア	Russia	ユーラシア	間接衝突	戦時継続と資源収入を優先	資源供給条件を調整し制裁迂回を維持	長期戦でも雇用と物価安定を守る	動員疲れと部材不足で統治コスト増	86.0	77.0	68.0	89.0	83.0	79.0	80.0	24.0	物価・雇用不安が地域差を固定化し、若者の定着と将来設計が短期化
62	UKR	ウクライナ	Ukraine	欧州	限定戦争	継戦と統治維持を最優先	欧州へ防空・弾薬と復興枠を再要請	格差対策で兵站と生活を支える	動員疲れと財源難で分断が進む	84.0	62.0	78.0	71.0	88.0	75.0	79.0	21.0	長期不確実性が固定化し、若者の安定志向と将来不安が強まる
62	IRN	イラン	Iran	中東	境界的圧力	停戦維持と対外圧力管理	航路は抑制示威、迂回輸出を継続	強圧に屈せず秩序と生活を守る	制裁・強硬派・歳入難で譲歩余地小	70.0	82.0	68.0	80.0	83.0	72.0	84.0	27.0	燃料高と不安報道で格差感が固定化、地方の若者ほど将来設計が萎む
62	ISR	イスラエル	Israel	中東	境界的圧力	停戦枠維持と技術防衛	停戦監視を継続し、サイバー抑止と輸出管理を強化	治安と経済の両立を優先し、重要技術を守る	戦費と分断で余力薄、計算資源確保が最優先	74.0	61.0	79.0	92.0	86.0	78.0	85.0	24.0	地域格差の固定化不安に外部緊張が重なり、若者の将来設計が保守化
62	SAU	サウジアラビア	Saudi Arabia	中東	圧力上昇	価格安定と対外抑止を優先	OPEC+調整と紅海航路の協力を継続	歳入と治安を守り改革投資を維持する	停戦再燃と設備で増産余地が小さい	63.0	56.0	74.0	55.0	82.0	66.0	84.0	22.0	燃料高が地方格差不安を強め、将来設計が揺れる
62	EU	欧州連合	European Union	欧州	圧力上昇	規制適合と格差是正を優先	対日へAI監査・雇用移行の共同枠組み要求	格差と雇用を守るため安全な導入を徹底	加盟国足並みと財政で実装が遅れる	60.0	57.0	74.0	62.0	83.0	63.0	76.0	28.0	適合負担と地方格差で将来不安増、移行投資が鍵
63	USA	アメリカ	United States	北米	境界的圧力	同盟即応と算資源統制を維持	対日へ防衛即応更新と先端輸出規律の遵守要請	AI競争と抑止で雇用と安全を守る	国内分断と物価で追加負担は限界	82.0	61.0	86.0	94.0	84.0	79.0	83.0	22.0	挑戦より安定志向が強まり、将来の選択肢が狭い感覚が増す
63	CHN	中国	China	東アジア	境界的圧力	輸出と雇用の防衛優先	台湾周辺の示威を維持、対日規制は選別強化	外圧下でも雇用と秩序を守る	成長減速で強硬化は投資と失業を悪化	86.0	64.0	88.0	93.0	72.0	90.0	91.0	21.0	対立長期化観測で先行き不透明感が増し、若者は挑戦回避と安定志向が強まる
63	JPN	日本	Japan	東アジア	境界的圧力	財政制約下で治安と雇用維持	同盟連携で燃料調達と半導体枠を確保	物価と雇用を守り移行期の不安を抑える	国債依存が限界で大胆策が打てない	66.0	69.0	79.0	74.0	99.0	76.0	92.0	4.0	負担増と将来不透明で諦めが広がるが、学び直し枠が希望の残り火に
63	TWN	台湾	Taiwan	東アジア	境界的圧力	供給継続と抑止を最優先	日米欧と供給優先枠更新、海空警戒増強	秩序再調整に備え、産業と防衛を同時に守る	輸出管理と防衛費で若者施策が削られやすい	86.0	63.0	74.0	90.0	85.0	83.0	84.0	20.0	半導体不安が常態化し就職は安定志向、挑戦は慎重化
63	KOR	韓国	South Korea	東アジア	境界的圧力	半導体主権と同盟維持	対米で輸出管理の例外枠確保、対日は供給条件を厳格化	安保と産業競争力を守り、雇用移行支援を拡充	若者雇用対策と防衛負担が競合、物価が政権を縛る	66.0	58.0	74.0	80.0	79.0	76.0	82.0	24.0	先端分野の競争と制約が就職観を硬化、挑戦より安定志向が強まる
63	PRK	北朝鮮	North Korea	東アジア	間接衝突	示威で対外取引を狙う	短距離発射で示威、対話窓口は維持	包囲下の生存戦、統制と動員を強化	外貨難と食料不安、支援は条件付き	95.0	63.0	81.0	96.0	88.0	78.0	96.0	15.0	安全保障不安が再燃し、進路選択が短期志向化
63	RUS	ロシア	Russia	ユーラシア	間接衝突	資源収入と対外圧力の相殺	エネルギー供給条件を硬化し制裁迂回継続	包囲下でも雇用と物価を守ると強調	動員疲れと部材不足で長期維持が重荷	88.0	79.0	70.0	90.0	84.0	80.0	81.0	23.0	物価高と就職不安が常態化し、若者の将来設計が短期化・海外志向も揺れる
63	UKR	ウクライナ	Ukraine	欧州	限定戦争	継戦と支援枠確保を優先	欧米へ弾薬・防空と復興資金を再要請	国家存続へ動員と生活支援を両立	動員疲れと財源不足で統治が脆い	86.0	64.0	80.0	73.0	90.0	77.0	81.0	19.0	長期化の固定観測で安定志向が強まり挑戦意欲が鈍る
63	IRN	イラン	Iran	中東	境界的圧力	停戦維持で制裁緩和を狙う	航路は示威を抑え、迂回輸出と仲介交渉	抵抗を維持し生活を守る、交渉も進める	歳入難と強硬派で譲歩幅が狭い	72.0	84.0	69.0	83.0	85.0	74.0	86.0	26.0	燃料高とブロック化で将来費用が見えず、挑戦より節約に傾く
63	ISR	イスラエル	Israel	中東	間接衝突	停戦枠維持と技術囲い込み	停戦監視を継続、サイバー抑止と輸出管理を強化	抑止を維持しつつ生活と成長も守る	戦費と分断で余力乏しく計算資源が急所	78.0	64.0	82.0	94.0	88.0	81.0	86.0	22.0	外部緊張と規制強化で不確実性が増し、若者は挑戦回避・保守化が進む
63	SAU	サウジアラビア	Saudi Arabia	中東	境界的圧力	価格安定と航路防衛を優先	OPEC+微調整と紅海警戒、対米対中均衡	歳入確保と治安維持で改革投資を守る	停戦再燃と増産制約、同盟調整が重い	68.0	61.0	76.0	56.0	84.0	69.0	86.0	20.0	燃料高と物価の粘着で将来設計が縮み、挑戦回避が増える
63	EU	欧州連合	European Union	欧州	圧力上昇	規制同盟で自律性確保	対日へAI監査互認と供給網協定を提案	競争と安全を両立し雇用移行を守る	加盟国分断と産業保護で合意が遅い	63.0	58.0	72.0	64.0	81.0	66.0	74.0	30.0	適合負担と仕事観の揺れが不安増、共同移行策が希望の鍵
64	USA	アメリカ	United States	北米	境界的圧力	同盟即応と算資源規律を強化	対日へ防衛負担増と先端輸出規律の厳守要請	抑止とAI競争で雇用と安全を守る	分断と物価で追加負担は限界、対外で補う	84.0	63.0	87.0	95.0	86.0	81.0	84.0	20.0	負担増と将来不透明で、安定志向が強まり挑戦が萎む
64	CHN	中国	China	東アジア	境界的圧力	対日圧力を選別強化	輸出管理の穴埋め要求、通関遅延を示唆	外圧に屈せず雇用と産業を守る	景気と失業が弱く過剰強硬は逆効果	84.0	61.0	86.0	92.0	76.0	88.0	90.0	19.0	負担見直しと外圧が重なり、将来像が霞み挑戦回避が増える
64	JPN	日本	Japan	東アジア	境界的圧力	負担再設計で安定優先	同盟調整で燃料・計算資源枠を確保	世代間負担を見直し生活と成長を両立	既得権と財政で改革幅が狭い	64.0	67.0	82.0	73.0	98.0	74.0	91.0	5.0	将来の取り分不安が増幅し萎縮、学び直しが見えれば持ち直す
64	TWN	台湾	Taiwan	東アジア	境界的圧力	供給信頼と抑止を維持	日米欧へ供給優先枠を再確認し警戒継続	安全と雇用を守り、負担調整も進める	防衛・産業優先で若者福祉は後回し	88.0	64.0	76.0	92.0	87.0	84.0	85.0	18.0	半導体と安全保障不安で将来設計は保守化、海外志向も増える
64	KOR	韓国	South Korea	東アジア	境界的圧力	半導体主権と国内安定を優先	対米で輸出管理例外を継続交渉、対日は供給を選別	世代間負担を見直しつつ雇用移行を守る	若者支援と防衛・物価対策が財政を圧迫	68.0	61.0	77.0	83.0	82.0	78.0	84.0	22.0	負担増の連想が広がり、挑戦より安定就職へ傾く
64	PRK	北朝鮮	North Korea	東アジア	間接衝突	示威を抑制し交渉余地確保	限定的な訓練・発射準備を誇示しつつ対話窓口維持	包囲下でも主権堅持、統制と配給を強化	外貨・食料難で長期挑発は負担、支援は条件次第	92.0	60.0	78.0	96.0	86.0	76.0	94.0	16.0	安全保障不安が年金等の将来不安と重なり、挑戦回避で短期志向が強まる
64	RUS	ロシア	Russia	ユーラシア	境界的圧力	資源で譲歩を引き出す	資源取引を選別し制裁迂回を拡大	包囲下でも国家と生活を守り抜く	動員疲れと部材不足で継戦が重い	90.0	83.0	74.0	92.0	87.0	82.0	84.0	20.0	物価と負担論が重なり、将来像が縮みやすい
64	UKR	ウクライナ	Ukraine	欧州	限定戦争	継戦維持と支援継続要請	欧州・日へ防空/復興枠と財政支援を要請	動員と生活維持を両立し国家存続を守る	動員疲れと財源不足で統治が不安定	84.0	63.0	79.0	72.0	89.0	76.0	80.0	20.0	長期戦の常態化で将来不安が増え、堅実志向が強まる
64	IRN	イラン	Iran	中東	境界的圧力	停戦維持し交渉余地確保	航路は圧迫示唆、制裁緩和へ仲介交渉	抵抗と生活防衛を両立、国家は屈しない	歳入難と強硬派で譲歩幅が極小	74.0	86.0	71.0	84.0	87.0	76.0	88.0	24.0	負担再設計期に燃料高が直撃し、将来設計が萎む
64	ISR	イスラエル	Israel	中東	間接衝突	停戦枠維持と技術防衛	停戦監視継続、サイバー報復能力を誇示	抑止を維持し、生活防衛も切らない	戦費と分断で余力薄、輸出管理が手段	76.0	61.0	79.0	92.0	86.0	78.0	84.0	24.0	規制と緊張で将来像が曇り、若者は安定志向が強まる
64	SAU	サウジアラビア	Saudi Arabia	中東	境界的圧力	原油収益確保と安定重視	OPEC+調整継続、紅海警戒と対話維持	歳入確保で改革投資と治安を守る	停戦再燃懸念と増産余力不足が制約	70.0	64.0	78.0	57.0	87.0	71.0	88.0	18.0	燃料高が家計を圧迫し、負担再設計と重なって将来不安が増幅
64	EU	欧州連合	European Union	欧州	圧力上昇	規制調和で移行コスト抑制	対日へAI監査互認を条件付きで前進	社会契約を守りつつ競争力も確保する	世代負担と財政で加盟国合意が難航	60.0	54.0	70.0	63.0	79.0	65.0	73.0	32.0	適合負担と雇用移行の不安が増えるが、共同支援が見えれば希望は残る
65	USA	アメリカ	United States	北米	境界的圧力	同盟負担と対中技術線を固定	対日へ防衛増・対中規制順守と算力連携要求	抑止と雇用防衛のため同盟で負担を分担	分断と物価で追加財政は難、同盟へ外部化	86.0	61.0	83.0	93.0	84.0	79.0	82.0	22.0	負担増と進路不透明が続き、安定志向と諦めが増える
65	CHN	中国	China	東アジア	境界的圧力	対日圧力を選別し持続	通関・標準で揺さぶり、対話枠は維持	外圧に対抗し雇用と産業を守る	景気減速で過度な挑発は禁物	83.0	59.0	84.0	93.0	74.0	86.0	88.0	22.0	将来の見通しが立ちにくく、挑戦より安定志向が強まる
65	JPN	日本	Japan	東アジア	境界的圧力	負担配分の修正で安定確保	同盟と協調し燃料・食料・計算資源枠を確保	将来不安を減らし生活と成長を両立する	財政と既得権で若者投資が薄まりやすい	61.0	63.0	79.0	70.0	96.0	72.0	89.0	7.0	希望は制度の見える化次第。停滞なら諦念が定着する
65	TWN	台湾	Taiwan	東アジア	境界的圧力	抑止と供給の信頼確保	日米欧へ供給継続を再保証し警戒強化	安全と雇用を守り負担は段階調整する	防衛と半導体優先で若者支援は限定	90.0	66.0	74.0	91.0	85.0	82.0	83.0	20.0	供給と有事不安が続き、将来設計は保守化し挑戦回避が増える
65	KOR	韓国	South Korea	東アジア	圧力上昇	同盟維持と半導体優先	対米で輸出管理例外を延長要請、供給は選別	安保と雇用転換を同時に守る	若者雇用・物価・防衛の三重負担	66.0	58.0	74.0	81.0	79.0	73.0	82.0	24.0	就職競争と供給不安が重なり、将来像が縮む
65	PRK	北朝鮮	North Korea	東アジア	間接衝突	示威継続で譲歩を引き出す	短距離発射示威と対話窓口の同時維持	包囲下でも強硬抑止で生活を守る	外貨・食料難で長期挑発は限界	93.0	61.0	79.0	96.0	87.0	77.0	94.0	15.0	安保不安が将来設計を曇らせ、慎重化と諦めが増える
65	RUS	ロシア	Russia	ユーラシア	間接衝突	資源と威圧で譲歩狙う	資源供給を揺らし制裁迂回網を拡張	長期戦でも国家と雇用を守る	動員疲れと部材不足で消耗が限界	92.0	86.0	76.0	93.0	88.0	84.0	86.0	18.0	物価高と将来不透明が固定化し、挑戦より防衛的選択が増える
65	UKR	ウクライナ	Ukraine	欧州	限定戦争	継戦と復興の同時進行	欧州・日本へ防空/復興/弾薬枠の長期化要請	国家存続のため耐久戦と生活維持を継続	動員疲れと財源不足で統治が揺れる	82.0	60.0	77.0	70.0	86.0	74.0	78.0	24.0	長期不確実性が常態化し、挑戦より安定志向が強まる
65	IRN	イラン	Iran	中東	境界的圧力	停戦維持で制裁緩和探る	航路威嚇は抑えつつ仲介交渉を継続	生活防衛と抵抗を両立、秩序を守る	歳入難と強硬派で譲歩余地が狭い	72.0	83.0	70.0	82.0	85.0	75.0	86.0	26.0	燃料高と不安情報で将来設計が縮み、連帯より諦念が増えやすい
65	ISR	イスラエル	Israel	中東	間接衝突	停戦枠維持と抑止優先	停戦監視継続、輸出管理とサイバー抑止強化	安全保障を最優先しつつ生活支援は維持	戦費と分断で余力薄、規制が安価な手段	72.0	59.0	74.0	90.0	83.0	76.0	82.0	26.0	半導体・規制不安が長期化し、若者は挑戦より安定志向へ寄る
65	SAU	サウジアラビア	Saudi Arabia	中東	圧力上昇	価格安定と体制維持優先	OPEC+微調整、紅海警戒と停戦仲介	歳入安定で改革投資と治安を守る	増産余力限定、停戦再燃と世論が制約	66.0	60.0	74.0	56.0	84.0	69.0	85.0	20.0	燃料高と先行き不透明が続き、進路選択の慎重化と諦念が増えやすい
65	EU	欧州連合	European Union	欧州	圧力上昇	規制適合を梃子に協調維持	対日へAI監査互認を段階化し交渉継続	安全と雇用を守る規制で競争力も確保	加盟国合意と財政で支援拡大が鈍い	58.0	52.0	68.0	60.0	77.0	62.0	70.0	34.0	適合負担と移行不安が続くが、互認進展は進路の見通しを少し戻す
66	USA	アメリカ	United States	北米	境界的圧力	同盟負担と算力規律を強化	対日へ防衛増・輸出規制順守と算力枠組み要求	雇用と安全を守るため同盟で負担を分担	物価・分断で追加支出困難、要求を外部化	88.0	59.0	86.0	94.0	86.0	81.0	84.0	20.0	負担増と役割不安が重なり、将来像が縮む
66	CHN	中国	China	東アジア	境界的圧力	対日圧力を選別し継続	通関・標準で圧力、対話枠は維持	外圧に対抗し雇用と産業を守る	景気と雇用不安で挑発は抑制	84.0	61.0	80.0	92.0	70.0	85.0	86.0	24.0	進路と役割の見通しが揺れ、安定志向と諦めが増えやすい
66	JPN	日本	Japan	東アジア	境界的圧力	若者投資を絞り込む	同盟と協調し燃料・計算資源枠を再交渉	役割形成を支える再配分で持続性を守る	財政硬直と既得権で実装が遅れる	64.0	61.0	82.0	72.0	97.0	74.0	90.0	6.0	支援が狭く遅いと将来像が描けず諦念が強まる
66	TWN	台湾	Taiwan	東アジア	境界的圧力	抑止と供給安定を最優先	日米欧へ供給計画提示し防衛即応強化	雇用と安全を守り負担は段階的に調整	防衛・半導体優先で若者支援は薄い	92.0	64.0	76.0	93.0	86.0	84.0	85.0	18.0	有事と供給不安が続き、将来設計は慎重化し挑戦回避が増える
66	KOR	韓国	South Korea	東アジア	圧力上昇	技術主権と雇用安定を優先	対米協議で輸出管理例外を維持、対中は慎重	安保と産業競争力を守り、雇用転換を支える	物価と若者不満、北朝鮮対応で余力が削れる	64.0	57.0	72.0	78.0	76.0	70.0	80.0	26.0	半導体・雇用不安が就活と将来設計を圧迫、焦りが増える
66	PRK	北朝鮮	North Korea	東アジア	間接衝突	示威と交渉窓口を併用	発射示威を抑えつつ制裁緩和を打診	抑止力で安全と配給を守る	外貨・食料不足で長期緊張は損	90.0	58.0	77.0	95.0	84.0	74.0	92.0	17.0	安全保障不安が進路選択を保守化し、希望が細る
66	RUS	ロシア	Russia	ユーラシア	間接衝突	戦時経済で消耗を管理	資源輸出を調整し制裁迂回網を深化	国家存続のため負担は不可避と説明	動員疲れと部材不足で長期継続が重い	90.0	84.0	74.0	92.0	86.0	83.0	85.0	20.0	物価と雇用の不安が固定化し、将来設計と家族形成の踏切が遅れる
66	UKR	ウクライナ	Ukraine	欧州	限定戦争	継戦優先、復興枠の死守	EU/日本へ防空・弾薬・復興の複年枠要請	国家存続のため動員と生活維持を続行	動員疲れと財源逼迫で統治が細る	84.0	62.0	78.0	72.0	88.0	75.0	79.0	22.0	危機の常態化で将来設計が縮み、安定志向と離脱感が増す
66	IRN	イラン	Iran	中東	境界的圧力	停戦維持で体制防衛	航路周辺は示威、仲介と資金流入を探る	屈せず生活防衛、秩序と治安を優先	制裁と強硬派で譲歩困難、歳入も脆い	74.0	86.0	72.0	84.0	87.0	77.0	88.0	24.0	燃料高と不確実性が続き、将来設計が短期化しやすい
66	ISR	イスラエル	Israel	中東	間接衝突	停戦維持と技術優位確保	停戦監視継続、輸出管理強化と共同開発選別	安全保障最優先、生活と雇用の下支えも継続	戦費と分断で余力乏しく規制が安価な手段	74.0	63.0	76.0	88.0	84.0	78.0	83.0	25.0	役割不安が強まり、若者は家庭・仕事の将来像が描きにくい
66	SAU	サウジアラビア	Saudi Arabia	中東	圧力上昇	価格安定で体制維持	OPEC+慎重運用、紅海航路の警戒強化	歳入を守り改革投資と治安を維持	増産は国内需要と設備制約で限定的	64.0	58.0	70.0	54.0	80.0	66.0	82.0	24.0	生活費不安が将来設計を圧迫し、役割形成への焦りが増える
66	EU	欧州連合	European Union	欧州	圧力上昇	規制互認で協調を維持	対日へAI監査互認と人材循環を条件化	安全と雇用の両立へ規制と再訓練を拡充	加盟国合意と成長鈍化で支援拡大が難航	60.0	54.0	66.0	58.0	76.0	63.0	72.0	33.0	適合負担で不安は続くが、互認と人材枠が進路像を補強
67	USA	アメリカ	United States	北米	境界的圧力	同盟負担とAI規律を継続	対日へ防衛・算力枠組み遵守と供給網再編要求	雇用と安全を守るため同盟で負担共有を徹底	物価と分断で内政余力薄く要求を外部化	86.0	61.0	83.0	93.0	88.0	79.0	82.0	18.0	将来負担の実感が強まり、地方・出産の希望が揺らぐ
67	CHN	中国	China	東アジア	境界的圧力	対日圧力を選別し継続	通関・標準・投資審査で圧力、対話枠は維持	外圧に対抗し雇用と産業、地域安定を守る	景気と雇用不安で挑発は抑制、外貨も気にする	86.0	63.0	83.0	93.0	72.0	87.0	88.0	22.0	進路が“安定優先”へ傾きやすく、挑戦は慎重化しやすい
67	JPN	日本	Japan	東アジア	境界的圧力	若者・地域を守る再配分	燃料と計算資源の確保を同盟で前倒し	人口と地域維持へ重点支援を組み替える	負担増回避で増税議論が封じられる	63.0	58.0	78.0	69.0	95.0	72.0	88.0	8.0	地域差と将来不安が可視化され、焦りと諦めが交錯する
67	TWN	台湾	Taiwan	東アジア	境界的圧力	抑止維持と供給信用の死守	日米欧へ供給優先枠を再提示し防衛連携を深化	若年層の生活と雇用を守り危機に備える	防衛即応と人材流出抑止で財政が逼迫	90.0	60.0	72.0	92.0	84.0	82.0	83.0	20.0	有事連想と供給制約が続き、安定志向で挑戦が減る
67	KOR	韓国	South Korea	東アジア	圧力上昇	雇用不安の沈静化を優先	対米協調で輸出管理の例外維持、対中は低摩擦	雇用転換と物価対策で生活と競争力を守る	財政と世論、北朝鮮対応で余力が細る	63.0	58.0	76.0	79.0	78.0	72.0	82.0	24.0	就活・転職の不確実性が増幅し、家庭形成や地方定着の展望が曇る
67	PRK	北朝鮮	North Korea	東アジア	間接衝突	示威で主導権を確保	短距離示威と対話窓口を同時運用	敵対環境下でも体制と生活を守る	外貨・食料不足で長期緊張は不利	92.0	60.0	79.0	96.0	86.0	76.0	93.0	15.0	安全不安が将来設計を縮め、地域定着と出生期待を冷やす
67	RUS	ロシア	Russia	ユーラシア	間接衝突	戦時継続で資源影響力維持	資源輸出を選別し制裁迂回を拡大	体制維持へ結束と耐久を強調	動員疲れ・部材不足で余力が削れる	88.0	82.0	71.0	90.0	84.0	80.0	83.0	22.0	物価高と将来不安が続き、進学・就職・結婚の決断が遅れる
67	UKR	ウクライナ	Ukraine	欧州	限定戦争	継戦と支援枠の固定化	EU/日本へ防空・弾薬と復興財源の確約要請	長期戦でも統治と生活を守り抜く	動員疲れと財源枯渇で正統性が摩耗	86.0	60.0	79.0	70.0	90.0	74.0	80.0	20.0	危機の常態化が将来像を狭め、安定志向と諦めが増える
67	IRN	イラン	Iran	中東	境界的圧力	体制安定を優先し停戦堅持	航路示威は抑え、停戦枠の延命と制裁緩和探る	生活防衛を最優先、外圧には屈しない	歳入不安と強硬派で譲歩幅が狭い	72.0	84.0	70.0	86.0	88.0	78.0	89.0	22.0	燃料高と先行き不透明で、若者の将来設計が短期化しやすい
67	ISR	イスラエル	Israel	中東	間接衝突	停戦維持と技術囲い込み	停戦監視継続、輸出管理厳格化と協力選別	抑止と生活の両立、技術で国力を守る	戦費・分断で余力薄、規制が最安の手段	76.0	66.0	78.0	90.0	86.0	80.0	84.0	23.0	先端分野の閉塞感が増し、若者は将来設計を縮めがち
67	SAU	サウジアラビア	Saudi Arabia	中東	圧力上昇	価格安定で体制維持	OPEC+を慎重運用し航路警戒も継続	歳入を守り雇用と治安を優先する	増産余地と治安費が改革投資を圧迫	63.0	56.0	72.0	55.0	81.0	67.0	83.0	23.0	生活費不安が将来設計を細らせ、地域・出生の見通しを悲観しやすい
67	EU	欧州連合	European Union	欧州	圧力上昇	規制互認と景気下支え	対日へAI監査互認と供給網基準を強化	雇用と安全の両立へ規制と再訓練を拡充	加盟国合意と支援疲れで追加財源が硬直	61.0	56.0	68.0	60.0	78.0	65.0	74.0	32.0	適合負担が進路不安を押すが、人材枠が希望を補う
68	USA	アメリカ	United States	北米	境界的圧力	同盟負担と算力統制を強化	対日へ防衛増・輸出管理・供給網再編を要求	雇用と安全のため同盟の負担共有を徹底	分断と物価で余力乏しく圧力を外部化	88.0	63.0	80.0	95.0	90.0	81.0	84.0	16.0	負担増と進路制約が可視化し、将来像が細る
68	CHN	中国	China	東アジア	境界的圧力	対日圧力を限定し継続	通関・標準・反ダンピングで圧力、対話窓口は維持	外圧に備え雇用と産業安全、秩序を守る	景気・雇用不安で暴発回避、資本流出も警戒	84.0	66.0	81.0	92.0	74.0	85.0	86.0	24.0	進路は安定志向が強まり、挑戦は萎縮しやすいが致命傷ではない
68	JPN	日本	Japan	東アジア	境界的圧力	信頼回復を軸に負担調整	燃料・食料・計算資源を同盟で先確保	将来の見通しを示し世代間公平を守る	増税回避で恒久財源が組めない	66.0	61.0	76.0	71.0	93.0	73.0	87.0	9.0	制度が信頼に足るかが焦点化し、不安と離脱志向が二極化
68	TWN	台湾	Taiwan	東アジア	境界的圧力	抑止と供給信用を優先	日米欧へ供給継続枠を再確認し演習連携	危機管理を強化し生活不安を抑える	人材流出と財政負担で余力が減る	92.0	63.0	74.0	93.0	86.0	84.0	85.0	18.0	世代継承で危機記憶が固定化し挑戦より安定へ傾く
68	KOR	韓国	South Korea	東アジア	圧力上昇	半導体優先で社会不安抑制	対米で輸出管理例外確保、対中は選別協力	雇用転換と安保強化で生活と競争力を守る	北朝鮮対応と財政制約で若者支援が薄い	64.0	60.0	78.0	82.0	80.0	73.0	84.0	22.0	半導体と雇用不安が連鎖し、将来像が短期化して挑戦が萎む
68	PRK	北朝鮮	North Korea	東アジア	間接衝突	示威と取引余地の確保	ミサイル示威と対話窓口を併走、制裁迂回模索	外圧下でも体制と生活は守れる	外貨・食料不足で長期緊張は維持困難	90.0	58.0	77.0	95.0	84.0	74.0	92.0	16.0	安全不安が常態化し、進学・就職・家庭像が短期化する
68	RUS	ロシア	Russia	ユーラシア	間接衝突	長期戦前提で圧力維持	資源価格操作と制裁迂回網を強化	耐久と主権を掲げ結束を促す	動員疲れと部材不足で選択肢が狭い	86.0	79.0	70.0	88.0	82.0	78.0	84.0	23.0	物価と先行き不安が長期化し挑戦回避が強まる
68	UKR	ウクライナ	Ukraine	欧州	限定戦争	支援の長期確保を最優先	EU/日本へ弾薬・防空と復興資金の枠確定要請	支援を固定し統治と生活を維持する	動員疲れと財政難で統治の持久力が限界	84.0	58.0	77.0	69.0	88.0	72.0	78.0	22.0	危機が常態化し、若者は安定志向と将来不信が増える
68	IRN	イラン	Iran	中東	境界的圧力	停戦維持し強硬派を抑制	航路リスクを示唆し制裁緩和を探る	生活防衛を優先、外圧に屈しない	歳入不安と国内不満で譲歩余地が薄い	74.0	86.0	72.0	87.0	89.0	80.0	90.0	21.0	燃料高と不確実性が続き、将来像が描きにくく不安が増幅
68	ISR	イスラエル	Israel	中東	間接衝突	停戦監視と技術囲い込み継続	停戦監視継続、輸出管理強化と協力選別	抑止を維持し生活と技術基盤を守る	戦費と分断で余力薄、規制が安上がり	78.0	67.0	80.0	92.0	87.0	82.0	86.0	22.0	出口の見えにくさが増し、若者は挑戦より防衛的選択へ
68	SAU	サウジアラビア	Saudi Arabia	中東	圧力上昇	価格管理で体制と改革維持	OPEC+調整と航路警戒、対米対話継続	歳入確保で雇用・治安と改革を守る	治安費と改革投資が競合、増産余地も限定	64.0	58.0	70.0	56.0	79.0	66.0	82.0	24.0	光熱費と物価の不安が強まり、進学・就職・家庭形成の見通しを縮める
68	EU	欧州連合	European Union	欧州	圧力上昇	規制互認と景気防衛	対日へAI監査互認+供給網基準を更新	雇用保護と安全確保の規制を維持	加盟国合意と財源硬直で機動性が低い	63.0	57.0	70.0	62.0	79.0	66.0	75.0	31.0	適合負担が進路不安を押すが、人材枠が希望を部分補強
69	USA	アメリカ	United States	北米	境界的圧力	同盟負担とAI覇権を優先	対日へ防衛増・対中規制順守・算力枠を要求	雇用と安全を守るため同盟の負担共有を徹底	物価不満と分断で内政余力が細り外圧化	90.0	66.0	82.0	94.0	89.0	83.0	86.0	15.0	負担増で家族形成の現実味が下がり、将来設計が縮む
69	CHN	中国	China	東アジア	境界的圧力	対日圧力を調整し継続	通関・標準・素材で圧力、対話は残す	雇用と秩序を守り外圧に備える	景気鈍化で強硬一辺倒は困難	86.0	64.0	83.0	93.0	76.0	87.0	88.0	22.0	家族形成の現実感が重くなり、安定志向と諦めが同時に強まる
69	JPN	日本	Japan	東アジア	境界的圧力	家計不安の火消し優先	燃料長期契約と食料調達枠を増やす	子育て負担を下げ将来不安を抑える	恒久財源不足で分配の持続性が弱い	64.0	59.0	72.0	67.0	95.0	70.0	86.0	11.0	家族形成の現実性が揺らぎ、将来は不安優勢で保留が増える
69	TWN	台湾	Taiwan	東アジア	境界的圧力	抑止と供給信用を固守	日米欧と供給枠を固定し危機連携	安全優先で雇用と物価を下支え	防衛費と若者支援が財政で競合	90.0	66.0	76.0	94.0	88.0	86.0	84.0	17.0	家族形成期の不安が増幅し安定志向が強まる
69	KOR	韓国	South Korea	東アジア	圧力上昇	雇用安定と技術主権優先	対米で輸出管理例外維持、対中は限定取引	雇用と安全を守り出生支援を拡充する	防衛費と少子化対策が予算争奪になる	66.0	58.0	74.0	80.0	76.0	71.0	82.0	24.0	雇用と物価不安が家族形成観を冷やし、将来設計が縮む
69	PRK	北朝鮮	North Korea	東アジア	間接衝突	示威で譲歩を引き出す	短距離発射示威と対話窓口維持	外圧に屈せず抑止を強化する	外貨と食料不足で長期は消耗する	92.0	57.0	79.0	63.0	85.0	76.0	93.0	15.0	安全不安が家族計画の現実感を削り、将来像が短期化
69	RUS	ロシア	Russia	ユーラシア	間接衝突	長期戦継続で資源圧力	資源輸出を調整し制裁迂回を拡大	対外包囲に耐え国家防衛を優先	動員疲れと機材不足で柔軟性が低い	88.0	82.0	72.0	90.0	84.0	80.0	86.0	21.0	物価高と先行き不安で家族形成の現実感が痩せる
69	UKR	ウクライナ	Ukraine	欧州	限定戦争	支援固定と動員持久を優先	EU/日本へ復興枠と防空支援の前倒し要請	長期戦でも生活基盤と統治を守り抜く	動員疲れと財政逼迫で継戦余力が減る	86.0	60.0	79.0	70.0	90.0	74.0	80.0	20.0	危機の常態化で将来設計が硬直し、若者の家族形成不安が強まる
69	IRN	イラン	Iran	中東	境界的圧力	停戦維持と示威を併用	海上リスクをちらつかせ制裁緩和を取引	生活防衛優先、外圧に屈しない	歳入不安と強硬派で譲歩が難しい	76.0	88.0	74.0	85.0	86.0	78.0	91.0	22.0	燃料高と不確実性で家計設計が揺れ、家族形成の将来像が曇る
69	ISR	イスラエル	Israel	中東	間接衝突	停戦下で抑止と技術確保	停戦監視継続、輸出管理と協力先選別	脅威は継続、生活維持と防衛を両立	分断と戦費で余力薄、規制が低コスト	76.0	63.0	78.0	90.0	85.0	80.0	83.0	24.0	先行き不安が家族形成の現実感を圧迫し、若者は将来設計を保守化
69	SAU	サウジアラビア	Saudi Arabia	中東	圧力上昇	価格安定で体制と改革防衛	OPEC+協調で供給微調整、航路警戒強化	歳入を確保し雇用と治安、改革を維持	増産余地は限定、治安費と投資が競合	63.0	57.0	68.0	55.0	77.0	64.0	80.0	26.0	物価高不安が家計設計を圧迫し、結婚・出産の現実味が遠のく
69	EU	欧州連合	European Union	欧州	圧力上昇	規制互認と家計防衛	対日へAI監査互認更新と人材枠提示	安全と雇用を守り生活費高を抑える	加盟国合意遅れと支援財源の摩耗	61.0	56.0	68.0	63.0	78.0	65.0	74.0	32.0	適合負担と物価観測が家族形成不安を増幅、渡欧人材枠は希望を小幅補強
70	USA	アメリカ	United States	北米	境界的圧力	同盟負担と技術囲い込みを継続	対日へ防衛費・対中規制・算力枠順守を要求	雇用と安全を守るため同盟の負担共有を徹底	物価不満と分断で内政余力が細り外圧化	88.0	64.0	79.0	93.0	87.0	81.0	84.0	17.0	負担増と雇用不安で子育ての採算感が悪化し将来設計が縮む
70	CHN	中国	China	東アジア	境界的圧力	対日圧力を選別し持続	通関・素材・標準で圧力、対話窓口は維持	雇用と安定を守り外圧に備える	景気鈍化で強硬一辺倒は続かない	84.0	63.0	82.0	92.0	75.0	86.0	87.0	23.0	将来設計が不確実化し、子育て現実感が重くなる
70	JPN	日本	Japan	東アジア	境界的圧力	家計不安の再燃を抑制	資源国と長期契約更新、供給網の冗長化	支援は絞らず、負担増は段階化する	恒久財源が弱く配分争いが激しい	66.0	61.0	75.0	69.0	97.0	73.0	88.0	9.0	子育ての採算感が下がり、結婚・出産・進路が先送りになる
70	TWN	台湾	Taiwan	東アジア	境界的圧力	抑止維持と供給継続を優先	日米欧と供給確約、危機輸送と保険枠拡大	安全最優先、産業と家計支援は選択集中	防衛と出生支援が同じ財源を奪い合う	88.0	64.0	71.0	92.0	86.0	84.0	82.0	18.0	子育て費用と雇用の先細り感が増し将来設計が保守化
70	KOR	韓国	South Korea	東アジア	圧力上昇	子育て負担の可視化を優先	対米は輸出管理協調、対中は取引を絞る	住宅・雇用・保育の負担を下げ将来不安を抑える	防衛費と少子化対策が予算配分で衝突する	64.0	57.0	70.0	78.0	73.0	69.0	80.0	26.0	雇用と育児コスト不安がSNSで増幅し、将来設計が慎重化する
70	PRK	北朝鮮	North Korea	東アジア	間接衝突	示威継続で主導権確保	発射示威を散発、対話窓口は維持	外圧下でも抑止と体制を守る	외貨・食料難で長期緊張は負担	90.0	56.0	78.0	64.0	84.0	75.0	92.0	16.0	安全不安が家族形成の見通しを曇らせ、将来像が短期化
70	RUS	ロシア	Russia	ユーラシア	間接衝突	資源と戦時体制を優先	資源輸出を絞り制裁迂回と威圧を継続	対外圧力に耐え防衛と生活を守る	動員疲れと部品不足で出口が狭い	86.0	80.0	70.0	88.0	82.0	78.0	84.0	22.0	生活コストと将来不安が強まり、子育て可否の判断が先送りされる
70	UKR	ウクライナ	Ukraine	欧州	限定戦争	支援維持と復興資金を確保	EU・日本へ復興長期枠と防空支援を再要請	復興と動員を両立し統治を維持する	人的損耗と財政難で交渉余地が狭い	84.0	58.0	77.0	68.0	88.0	72.0	78.0	22.0	戦時の常態化が将来計画を硬直化し、子育て可否の不安が増す
70	IRN	イラン	Iran	中東	境界的圧力	停戦維持で実利確保	海上リスク抑制と制裁緩和交渉を併走	外圧に屈せず生活を守ると強調	歳入難と強硬派で譲歩幅が狭い	74.0	86.0	76.0	84.0	87.0	80.0	89.0	21.0	燃料高が家計を直撃し、住宅・育児費の見通しが悪化して将来像が曇る
70	ISR	イスラエル	Israel	中東	間接衝突	停戦維持し抑止と統制強化	停戦監視継続、輸出管理強化と同盟調整	停戦でも脅威は継続、生活と防衛を両立	戦費と分断で余力薄、規制が最安の手段	78.0	66.0	72.0	88.0	82.0	76.0	80.0	26.0	物価と雇用不安が家族形成の見通しを曇らせ、若者は将来設計を縮める
70	SAU	サウジアラビア	Saudi Arabia	中東	圧力上昇	価格安定で改革と体制維持	OPEC+で供給を小幅調整、航路警戒継続	歳入を守り雇用・治安と改革投資を両立	増産余力は薄く、治安費と投資が競合	62.0	58.0	66.0	54.0	76.0	63.0	78.0	27.0	生活コスト見通しが揺れ、子育て実行感が下がり将来設計が先送り
70	EU	欧州連合	European Union	欧州	圧力上昇	規制互認と成長防衛	対日へAI監査互認と人材循環枠を更新	規制で安全と雇用を守り物価高を抑える	加盟国合意遅れと支援財源の摩耗が続く	63.0	57.0	70.0	64.0	79.0	66.0	76.0	30.0	適合コストと物価観測が子育て採算不安を増幅、留学就労枠は希望を小幅補強
71	USA	アメリカ	United States	北米	境界的圧力	同盟負担と技術優位を優先	対日へ防衛費増・対中管理・算力枠順守を再要請	雇用と安全保障を守るため同盟の負担共有を徹底	分断と選挙周期で内政が脆く外圧で成果を作る	86.0	61.0	76.0	92.0	85.0	79.0	82.0	19.0	負担増と将来不確実で、安定した仕事・家庭形成の見通しが細る
71	CHN	中国	China	東アジア	境界的圧力	対日圧力を選別し継続	通関・素材・標準で圧力、対話維持	雇用と安定を守り外圧に備える	景気鈍化で強硬長期化は困難	83.0	60.0	84.0	93.0	77.0	88.0	86.0	21.0	職・学びの見通しが曇り、家族形成の躊躇が増える
71	JPN	日本	Japan	東アジア	境界的圧力	配分争いの沈静化優先	資源国と再交渉、供給網補助を拡充	生活防衛を優先し負担増は段階化	恒久財源不足で若者策が削られやすい	64.0	59.0	72.0	66.0	95.0	71.0	86.0	11.0	将来設計が見えず、結婚・出産・挑戦が先送りになりやすい
71	TWN	台湾	Taiwan	東アジア	境界的圧力	抑止と供給信用を死守	日米欧と供給優先枠、危機物流を常設化	安全最優先、雇用と家計は重点支援	防衛増と若者支援が財源で競合	90.0	66.0	74.0	94.0	88.0	86.0	84.0	16.0	半導体不安で進路が保守化、将来設計の萎縮が続く
71	KOR	韓国	South Korea	東アジア	圧力上昇	半導体主権と対北抑止を優先	対米輸出管理協調、対中依存を縮小	雇用と安全保障を同時に守る	若者雇用策と防衛費が財政を圧迫	66.0	58.0	74.0	81.0	76.0	71.0	82.0	24.0	雇用と計算資源不安が強まり、将来設計が保守化する
71	PRK	北朝鮮	North Korea	東アジア	間接衝突	示威で交渉余地を確保	短距離発射を誇示、対話窓口は残す	敵対下でも抑止で体制を守る	食料・外貨不足で長期緊張は重荷	88.0	54.0	76.0	63.0	82.0	74.0	91.0	17.0	安全不安が長期計画を縮め、役割や家庭像が描きにくい
71	RUS	ロシア	Russia	ユーラシア	間接衝突	戦時体制と資源収入維持	資源輸出を揺らし制裁迂回を拡大	長期戦に備え国家を守り抜く	動員疲れと部品不足で持久に限界	84.0	78.0	68.0	86.0	81.0	76.0	83.0	23.0	物価高と不安が常態化し、将来設計と家族形成が先送りされる
71	UKR	ウクライナ	Ukraine	欧州	限定戦争	支援の長期化を制度化	EU・日本へ復興枠の前倒しと防空継続要請	長期戦でも統治と生活を守ると強調	人的損耗と財政で妥協余地が小さい	86.0	61.0	79.0	70.0	90.0	74.0	80.0	20.0	長期不確実性が常態化し、進路・家族形成の決断が先送りになる
71	IRN	イラン	Iran	中東	境界的圧力	停戦管理で体制維持	海上の緊張を調整し制裁緩和を探る	外圧下でも生活防衛と主権堅持を強調	歳入難と強硬派で譲歩が限定的	72.0	84.0	74.0	82.0	86.0	78.0	88.0	22.0	燃料高と不確実性が固定化し、結婚・子育て・進路の期待値が下がる
71	ISR	イスラエル	Israel	中東	間接衝突	停戦下で抑止と技術統制	同盟調整を継続し輸出管理とサイバー攻勢を強化	停戦は一時的、抑止維持と生活防衛を両立	戦費と分断で余力薄、規制強化が最安手段	76.0	63.0	70.0	86.0	80.0	74.0	79.0	28.0	先端供給制約と物価不安が重なり、若者は将来設計を短期化しがち
71	SAU	サウジアラビア	Saudi Arabia	中東	圧力上昇	価格安定で体制と改革維持	OPEC+で供給微調整、航路警戒と対話	歳入確保で雇用・治安と投資を両立	増産余力薄く、治安費と改革投資が競合	64.0	60.0	63.0	55.0	78.0	66.0	80.0	26.0	物価と不確実性が将来設計を遅らせ、希望が細る
71	EU	欧州連合	European Union	欧州	圧力上昇	規制互認と供給網防衛	対日へAI監査互認を維持し調達多角化圧力	安全と雇用を守りつつ成長の底割れを防ぐ	加盟国合意遅れと対ウ支援負担で余力が摩耗	61.0	54.0	66.0	60.0	78.0	64.0	72.0	32.0	適合コストと雇用不安が将来像を曇らせるが、人材循環は希望を小幅に残す
