イベントID	step	区分	イベント名	強度_0to1	対象	主な影響方向	発生源	関連国	日本社会状態	若者への入力文
OE001	1	組織判断	企業・組織の採用育成判断	0.40	若者・現役世代	育成経路↑ 地域接続↑	組織運営LLM	日本	未来通信システム株式会社: 新卒は絞り込み、中途で即戦力を増やす / 首都圏業務支援株式会社: 新卒は絞り、AI運用・品質管理の中途を優先 / 東京湾岸工科専門学校: 教員は維持し、企業出向経験者を中途で補う	未来通信システム株式会社: 採用枠縮小で不安増、AI適応者は機会拡大 / 首都圏業務支援株式会社: 新卒枠縮小で不安増、AI運用職は機会増 / 東京湾岸工科専門学校: 不安下でも就職見通しが増え、学習動機が安定 現役側には 未来通信システム株式会社: 業務再設計と再学習負荷増、異動の摩擦も増える / 首都圏業務支援株式会社: 自動化で単純業務減、監督・営業へ再配置圧 / 東京湾岸工科専門学校: 企業側の再教育需要が増え、学び直し受入が拡大
PL001_02	1	政策探索	副作用監査+異議申立+非強制説明(政策AI同梱)	0.50	全住民（特に未婚/非出産選択者、制度不信層、現役納税層）	強制感↓ 対象外反発↓ 制度信頼↑ 政策疲労↓ 補正速度↑	LLM政策探索/構造持続あり+伴走支援	日本	地政学・物価・雇用不安が先行し、家族形成は費用/手続き/ケア負担で詰まりやすい。	支援はありがたいが、押しつけや監視っぽさがあると一気に距離を置きたくなる。
WE001	1	戦争	世界限定戦争発生	0.95	全体	将来予見性↓ 生活防衛↑ 制度信頼↓	国家LLMリスク段階	ウクライナ	ステップ1: 地政学リスクが64.2。高リスク国: ウクライナ(限定戦争)、北朝鮮(間接衝突)、ロシア(間接衝突)。日本の緩衝政策余力は49.3。	ウクライナが限定戦争段階に入り、長期計画と生活安心感が揺らぐ。
WE002	1	世界イベント	間接衝突拡大	0.72	全体	地政学リスク↑ SNS不安↑	国家LLMリスク段階	北朝鮮、ロシア	ステップ1: 地政学リスクが64.2。高リスク国: ウクライナ(限定戦争)、北朝鮮(間接衝突)、ロシア(間接衝突)。日本の緩衝政策余力は49.3。	北朝鮮、ロシアの間接衝突化により、SNS上の不安と将来予見性の低下が強まる。
WE003	1	世界イベント	供給網不安拡大	0.20	全体	物価不安↑ 雇用安定↓	供給網不安	ウクライナ(限定戦争)、北朝鮮(間接衝突)、ロシア(間接衝突)	ステップ1: 地政学リスクが64.2。高リスク国: ウクライナ(限定戦争)、北朝鮮(間接衝突)、ロシア(間接衝突)。日本の緩衝政策余力は49.3。	供給網の不安定化により、物価と企業採用への不安が残る。
FB001	2	社会反応	生活防衛シフト	0.25	全体	生活コスト不安↑ 子ども意向↓	若者・現役行動フィードバック	日本国内	公平感欠損52.5、政策疲労48.1、情報過敏24.6	家計防衛が優先され、将来投資や子どもを迎える判断が後回しになる。
FB001	2	社会反応	生活防衛シフト	0.25	全体	生活コスト不安↑ 子ども意向↓	若者・現役行動フィードバック	日本国内	公平感欠損52.5、政策疲労48.1、情報過敏24.6	家計防衛が優先され、将来投資や子どもを迎える判断が後回しになる。
OE002	2	組織判断	企業・組織の採用育成判断	0.48	若者・現役世代	育成経路↑ 地域接続↑	組織運営LLM	日本	未来通信システム株式会社: 新卒は厳選維持、中途はクラウド/セキュリティ優先 / さくら在宅ケア株式会社: 新卒は抑制、資格者・復職者・紹介を厚く / 桐野市産業雇用課: 採用維持補助は継続しつつ、供給網不安業種へ重点配分	未来通信システム株式会社: 採用厳選で不安増、研修明確化は安心材料 / さくら在宅ケア株式会社: 安心志向が強まり、資格取得と職場安定を重視 / 桐野市産業雇用課: 不安増で進路迷いが増えるが、実習で自己効力感を下支え 現役側には 未来通信システム株式会社: セキュリティ/BCP対応で負荷増、再配置機会は増える / さくら在宅ケア株式会社: 現場負荷は軽減するが不安増、配置転換が進む / 桐野市産業雇用課: 再配置・再訓練が増え負担も増すが、地域雇用の急落は抑制
PL001_01	2	政策探索	初期費用緩衝ワンストップ	0.65	妊娠前後〜0歳の世帯/単身で家族形成検討中	費用不安↓ 手続き摩擦↓ 子ども希望↑ 制度信頼↑	LLM政策探索/構造持続あり+伴走支援	日本	地政学・物価・雇用不安が先行し、家族形成は費用/手続き/ケア負担で詰まりやすい。	物価も仕事も先が読めず、子ども以前に出費と手続きの想像で止まる。
WE004	2	世界イベント	間接衝突拡大	0.72	全体	地政学リスク↑ SNS不安↑	国家LLMリスク段階	イスラエル	ステップ2: 地政学リスクが66.2。高リスク国: ウクライナ(限定戦争)、北朝鮮(間接衝突)、ロシア(間接衝突)、イスラエル(間接衝突)。日本の緩衝政策余力は46.9。	イスラエルの間接衝突化により、SNS上の不安と将来予見性の低下が強まる。
WE005	2	世界イベント	AI雇用不安増幅	0.20	全体	希望経路↓ 自己効力感↓	雇用不確実性	ウクライナ(限定戦争)、北朝鮮(間接衝突)、ロシア(間接衝突)、イスラエル(間接衝突)	ステップ2: 地政学リスクが66.2。高リスク国: ウクライナ(限定戦争)、北朝鮮(間接衝突)、ロシア(間接衝突)、イスラエル(間接衝突)。日本の緩衝政策余力は46.9。	AIと景気の不確実性により、努力が報われる経路が見えにくくなる。
WE006	2	世界イベント	地政学SNS不安拡散	0.20	全体	不安↑ 怒り↑ 逃避行動↑	SNS不安増幅	ウクライナ(限定戦争)、北朝鮮(間接衝突)、ロシア(間接衝突)、イスラエル(間接衝突)	ステップ2: 地政学リスクが66.2。高リスク国: ウクライナ(限定戦争)、北朝鮮(間接衝突)、ロシア(間接衝突)、イスラエル(間接衝突)。日本の緩衝政策余力は46.9。	危機情報がSNSで増幅し、不安と怒りが日常会話に入り込む。
FB002	3	社会反応	生活防衛シフト	0.28	全体	生活コスト不安↑ 子ども意向↓	若者・現役行動フィードバック	日本国内	政策疲労53.8、公平感欠損53.4、情報過敏27.5	家計防衛が優先され、将来投資や子どもを迎える判断が後回しになる。
FB002	3	社会反応	生活防衛シフト	0.28	全体	生活コスト不安↑ 子ども意向↓	若者・現役行動フィードバック	日本国内	政策疲労53.8、公平感欠損53.4、情報過敏27.5	家計防衛が優先され、将来投資や子どもを迎える判断が後回しになる。
FB003	3	社会反応	情報過敏の拡大	0.30	全体	SNS不安↑ 地政学体感リスク↑	若者・現役行動フィードバック	日本国内	政策疲労53.8、公平感欠損53.4、情報過敏27.5	ニュースやSNSの確認が増え、外圧が日常の不安として体感されやすくなる。
FB003	3	社会反応	情報過敏の拡大	0.30	全体	SNS不安↑ 地政学体感リスク↑	若者・現役行動フィードバック	日本国内	政策疲労53.8、公平感欠損53.4、情報過敏27.5	ニュースやSNSの確認が増え、外圧が日常の不安として体感されやすくなる。
OE003	3	組織判断	企業・組織の採用育成判断	0.46	若者・現役世代	育成経路↑ 地域接続↑	組織運営LLM	日本	未来通信システム株式会社: 新卒は厳選維持、中途はBCP/省電力運用を増枠 / 首都圏業務支援株式会社: 新卒は最小枠維持、BCP/AI監督の中途を増やす / さくら在宅ケア株式会社: 新卒少数継続、資格者・復職者・紹介を優先	未来通信システム株式会社: 厳選採用で不安増、研修拡充で定着は改善 / 首都圏業務支援株式会社: 安心対応・監督スキルの入口増、汎用事務は縮小不安 / さくら在宅ケア株式会社: 待遇不安は残るが資格支援で参入障壁が下がる 現役側には 未来通信システム株式会社: 省電力運用と危機対応の再学習負荷が上昇 / 首都圏業務支援株式会社: 配置転換と監督責任増、再学習負荷と評価不安が上がる / さくら在宅ケア株式会社: 省力化で負担減、再配置と賃金停滞不満が増える
PL002_01	3	政策探索	ワンストップ即時予約+待ち時間平準化	0.60	妊娠前後〜0歳の世帯/家族形成検討中（特に手続き離脱・待ち時間で諦める層）	手続き摩擦↓ 受給体験↑ 制度信頼↑ 政策疲労↓	LLM政策探索/構造持続あり+伴走支援	日本	副作用圧70.6と公平感欠損52.5が高く、対象外反発と手続き疲れが注意層を固定化。	制度はあるのに予約や手続きで詰まり、結局自己責任に戻される感じがする。
PL002_02	3	政策探索	社会維持活動nat報酬（対象外反発緩衝）	0.50	未婚/非出産選択者、介護・地域活動・防災・学習支援など社会維持を担う層、現役納税層	公平感↑ 対象外反発↓ 制度信頼↑ 二極化↓	LLM政策探索/構造持続あり+伴走支援	日本	副作用圧70.6と公平感欠損52.5が高く、対象外反発と手続き疲れが注意層を固定化。	子どもを持つ/持たないに関係なく、社会に必要な役割が正当に扱われている実感がほしい。
PL003_02	3	政策探索	補償→支援の順に並べ替え（対象外反発緩衝を先行）	0.55	対象外感が強い層（未婚・非出産選択者、参加困難層、現役納税層）と支援利用検討層	公平感↑ 対象外反発↓ 二極化↓ 制度信頼↑	LLM政策探索/構造持続あり+伴走支援	日本	副作用圧が突出し、公平感欠損と政策疲労で離脱・反発が起点になっている	自分が当事者じゃない制度に見えると、協力する気持ちが先に折れる
WE007	3	世界イベント	エネルギー価格ショック	0.20	全体	生活コスト↑ 子ども意向↓	エネルギー価格圧力	ウクライナ(限定戦争)、北朝鮮(間接衝突)、ロシア(間接衝突)、イスラエル(間接衝突)	ステップ3: 地政学リスクが71.5。高リスク国: ウクライナ(限定戦争)、北朝鮮(間接衝突)、ロシア(間接衝突)、イスラエル(間接衝突)。日本の緩衝政策余力は43.7。	エネルギー圧力が高く、家計と移動・電気代への不安が増える。
WE008	3	世界イベント	半導体・計算資源制約	0.20	全体	学習機会格差↑ 雇用不安↑	計算資源制約	ウクライナ(限定戦争)、北朝鮮(間接衝突)、ロシア(間接衝突)、イスラエル(間接衝突)	ステップ3: 地政学リスクが71.5。高リスク国: ウクライナ(限定戦争)、北朝鮮(間接衝突)、ロシア(間接衝突)、イスラエル(間接衝突)。日本の緩衝政策余力は43.7。	計算資源と半導体制約により、AI利用格差と進路不安が広がる。
WE009	3	世界イベント	供給網不安拡大の悪化	0.41	全体	物価不安↑ 雇用安定↓	供給網不安	ウクライナ(限定戦争)、北朝鮮(間接衝突)、ロシア(間接衝突)、イスラエル(間接衝突)	ステップ3: 地政学リスクが71.5。高リスク国: ウクライナ(限定戦争)、北朝鮮(間接衝突)、ロシア(間接衝突)、イスラエル(間接衝突)。日本の緩衝政策余力は43.7。	供給網の不安定化により、物価と企業採用への不安が残る。 直近で悪化しており、前よりも日常の判断に入り込みやすい。
WE010	3	世界イベント	地政学SNS不安拡散の悪化	0.25	全体	不安↑ 怒り↑ 逃避行動↑	SNS不安増幅	ウクライナ(限定戦争)、北朝鮮(間接衝突)、ロシア(間接衝突)、イスラエル(間接衝突)	ステップ3: 地政学リスクが71.5。高リスク国: ウクライナ(限定戦争)、北朝鮮(間接衝突)、ロシア(間接衝突)、イスラエル(間接衝突)。日本の緩衝政策余力は43.7。	危機情報がSNSで増幅し、不安と怒りが日常会話に入り込む。 直近で悪化しており、前よりも日常の判断に入り込みやすい。
WE011	3	制度制約	財政制約による支援遅れ	0.22	全体	制度信頼↓ 裏切られ感↑	日本社会状態	日本	ステップ3: 地政学リスクが71.5。高リスク国: ウクライナ(限定戦争)、北朝鮮(間接衝突)、ロシア(間接衝突)、イスラエル(間接衝突)。日本の緩衝政策余力は43.7。	財政圧力により若者支援や生活支援が遅れ、制度への失望が出やすい。
FB004	4	社会反応	生活防衛シフト	0.43	全体	生活コスト不安↑ 子ども意向↓	若者・現役行動フィードバック	日本国内	政策疲労54.3、公平感欠損52.0、生活防衛27.7	家計防衛が優先され、将来投資や子どもを迎える判断が後回しになる。
FB004	4	社会反応	生活防衛シフト	0.43	全体	生活コスト不安↑ 子ども意向↓	若者・現役行動フィードバック	日本国内	政策疲労54.3、公平感欠損52.0、生活防衛27.7	家計防衛が優先され、将来投資や子どもを迎える判断が後回しになる。
OE004	4	組織判断	企業・組織の採用育成判断	0.44	若者・現役世代	育成経路↑ 地域接続↑	組織運営LLM	日本	首都圏業務支援株式会社: 新卒は最小維持、BCP運用・顧客折衝の中途増 / さくら在宅ケア株式会社: 新卒は少数維持、資格者・復職者・紹介を優先採用 / 未来通信システム株式会社: 新卒は厳選維持、中途は省電力運用/危機対応を増枠	首都圏業務支援株式会社: 新卒枠細り不安増、AI監督スキルで差がつく / さくら在宅ケア株式会社: 資格取得志向↑、ただし生活コスト不安で応募迷いが増える / 未来通信システム株式会社: 生活費不安下で安定志向↑、AI運用職は機会増も競争強化 現役側には 首都圏業務支援株式会社: 運用標準化で負荷は減るが再訓練と役割転換が増 / さくら在宅ケア株式会社: 賃上げ難で疲弊↑、省力化で負担は一部軽減する / 未来通信システム株式会社: 電力/供給不安対応で負荷↑、再訓練で転機は増える
PL003_01	4	政策探索	申請・監査の二重化解消ミニマム運用	0.60	注意層（制度不信/手続き離脱/現役納税層、未婚・非出産選択者含む）	政策疲労↓ 手続き摩擦↓ 反発連鎖↓ 制度信頼↑	LLM政策探索/構造持続あり+伴走支援	日本	副作用圧が突出し、公平感欠損と政策疲労で離脱・反発が起点になっている	支援は増えたのに手続きと説明が重くて、結局損しそうに感じる
WE012	4	世界イベント	エネルギー価格ショックの悪化	0.32	全体	生活コスト↑ 子ども意向↓	エネルギー価格圧力	ウクライナ(限定戦争)、北朝鮮(間接衝突)、ロシア(間接衝突)、イスラエル(間接衝突)	ステップ4: 地政学リスクが73.6。高リスク国: ウクライナ(限定戦争)、北朝鮮(間接衝突)、ロシア(間接衝突)、イスラエル(間接衝突)。日本の緩衝政策余力は40.4。	エネルギー圧力が高く、家計と移動・電気代への不安が増える。 直近で悪化しており、前よりも日常の判断に入り込みやすい。
WE013	4	制度制約	財政制約による支援遅れの悪化	0.39	全体	制度信頼↓ 裏切られ感↑	日本社会状態	日本	ステップ4: 地政学リスクが73.6。高リスク国: ウクライナ(限定戦争)、北朝鮮(間接衝突)、ロシア(間接衝突)、イスラエル(間接衝突)。日本の緩衝政策余力は40.4。	財政圧力により若者支援や生活支援が遅れ、制度への失望が出やすい。 直近で悪化しており、前よりも日常の判断に入り込みやすい。
FB005	5	社会反応	生活防衛シフト	0.26	全体	生活コスト不安↑ 子ども意向↓	若者・現役行動フィードバック	日本国内	政策疲労57.0、公平感欠損54.2、情報過敏27.0	家計防衛が優先され、将来投資や子どもを迎える判断が後回しになる。
FB005	5	社会反応	生活防衛シフト	0.26	全体	生活コスト不安↑ 子ども意向↓	若者・現役行動フィードバック	日本国内	政策疲労57.0、公平感欠損54.2、情報過敏27.0	家計防衛が優先され、将来投資や子どもを迎える判断が後回しになる。
FB006	5	社会反応	情報過敏の拡大	0.29	全体	SNS不安↑ 地政学体感リスク↑	若者・現役行動フィードバック	日本国内	政策疲労57.0、公平感欠損54.2、情報過敏27.0	ニュースやSNSの確認が増え、外圧が日常の不安として体感されやすくなる。
FB006	5	社会反応	情報過敏の拡大	0.29	全体	SNS不安↑ 地政学体感リスク↑	若者・現役行動フィードバック	日本国内	政策疲労57.0、公平感欠損54.2、情報過敏27.0	ニュースやSNSの確認が増え、外圧が日常の不安として体感されやすくなる。
OE005	5	組織判断	企業・組織の採用育成判断	0.45	若者・現役世代	育成経路↑ 地域接続↑	組織運営LLM	日本	未来通信システム株式会社: 新卒厳選維持、中途は調達/BCP/省エネ運用を増枠 / 首都圏業務支援株式会社: 新卒は最小維持、供給網対応の中途を増やす / さくら在宅ケア株式会社: 新卒は少数、資格者・復職者・紹介を厚く採用	未来通信システム株式会社: AI運用/危機対応スキル重視で選別圧と格差が拡大 / 首都圏業務支援株式会社: 即戦力偏重で入口が狭まり、不安と格差が増える / さくら在宅ケア株式会社: 資格取得の支援が増える一方、配属不安は残る 現役側には 未来通信システム株式会社: 省エネ運用・調達リスク対応へ再学習と職務転換が増加 / 首都圏業務支援株式会社: 省人化で単純業務縮小、監督・折衝へ再配置圧力 / さくら在宅ケア株式会社: 省力化で負担は軽減、機器対応の学習負担が増える
PL004_01	5	政策探索	副作用監査・異議申立の高速化SLA+要点説明	0.62	全住民（特に制度不信・現役納税層、未婚/非出産選択者、注意層）	制度信頼↑ 政策疲労↓ 対象外反発↓ 二極化↓	LLM政策探索/構造持続あり+伴走支援	日本	副作用圧が極端に高く、公平感欠損と政策疲労が注意層を固定化している	制度は増えるのに不都合が起きたときに誰も早く助けてくれない気がする
PL004_02	5	政策探索	産後休息・代替ケア48時間パッケージ（予約連動）	0.58	妊娠後期〜産後6か月の世帯（単親・低支援・復職予定を優先）	ケア負担↓ 生活防衛↑ 制度信頼↑ 家族形成の継続意欲↑	LLM政策探索/構造持続あり+伴走支援	日本	副作用圧が極端に高く、公平感欠損と政策疲労が注意層を固定化している	子どもは欲しいけど、産後に倒れたら詰むという不安が一番大きい
PL005_02	5	政策探索	三層メッセージ+非強制ワンタップ要約	0.58	全住民（特に情報過敏は低いが疲労が高い注意層）	政策疲労↓ 誤解↓ 監視懸念↓ 異議申立の利用容易性↑ 制度信頼↑	LLM政策探索/構造持続あり+伴走支援	日本	副作用圧が最大で、説明過多と処理滞留が政策疲労・公平感欠損を増幅し注意層が固定化。	結局どこが自分に関係あるのかを短く知りたいのに、長い説明ばかりで追えない。
WE014	5	世界イベント	半導体・計算資源制約の悪化	0.34	全体	学習機会格差↑ 雇用不安↑	計算資源制約	ウクライナ(限定戦争)、ロシア(間接衝突)	ステップ5: 供給網不安が78.2。高リスク国: ウクライナ(限定戦争)、ロシア(間接衝突)。日本の緩衝政策余力は37.6。	計算資源と半導体制約により、AI利用格差と進路不安が広がる。 直近で悪化しており、前よりも日常の判断に入り込みやすい。
WE015	5	世界イベント	供給網不安拡大の悪化	0.63	全体	物価不安↑ 雇用安定↓	供給網不安	ウクライナ(限定戦争)、ロシア(間接衝突)	ステップ5: 供給網不安が78.2。高リスク国: ウクライナ(限定戦争)、ロシア(間接衝突)。日本の緩衝政策余力は37.6。	供給網の不安定化により、物価と企業採用への不安が残る。 直近で悪化しており、前よりも日常の判断に入り込みやすい。
FB007	6	社会反応	情報過敏の拡大	0.44	全体	SNS不安↑ 地政学体感リスク↑	若者・現役行動フィードバック	日本国内	政策疲労58.7、公平感欠損55.5、情報過敏35.2	ニュースやSNSの確認が増え、外圧が日常の不安として体感されやすくなる。
FB007	6	社会反応	情報過敏の拡大	0.44	全体	SNS不安↑ 地政学体感リスク↑	若者・現役行動フィードバック	日本国内	政策疲労58.7、公平感欠損55.5、情報過敏35.2	ニュースやSNSの確認が増え、外圧が日常の不安として体感されやすくなる。
OE006	6	組織判断	企業・組織の採用育成判断	0.42	若者・現役世代	育成経路↑ 地域接続↑	組織運営LLM	日本	未来通信システム株式会社: 新卒は厳選維持、中途は省エネ運用/調達/BCPを増枠 / さくら在宅ケア株式会社: 新卒は最小限、資格者・復職者・紹介を厚めに確保 / 首都圏業務支援株式会社: 新卒は最小維持、危機対応の中途を増やす	未来通信システム株式会社: 採用は狭いが省エネ運用/危機対応スキルの学習動機が増す / さくら在宅ケア株式会社: 早期戦力期待は上がるが、支援が見えると定着が改善 / 首都圏業務支援株式会社: 新卒枠が絞られ、即戦力化圧力が強まる 現役側には 未来通信システム株式会社: 再訓練圧力は強いが配置転換で失職リスクは抑えられる / さくら在宅ケア株式会社: 負担分散で疲弊は緩和、AI/ロボ運用の兼務が増える / 首都圏業務支援株式会社: 現場は省人化と品質責任の板挟みで負荷増
PL005_01	6	政策探索	補償・監査先行の一本化導線	0.62	注意層（制度不信/現役納税/未婚・非出産選択者/参加困難層）＋支援検討層	公平感↑ 対象外反発↓ 二極化↓ 制度信頼↑ 政策疲労↓	LLM政策探索/構造持続あり+伴走支援	日本	副作用圧が最大で、説明過多と処理滞留が政策疲労・公平感欠損を増幅し注意層が固定化。	物価と将来不安が強いのに、制度は複雑で自分は対象外にされる気がして距離を置きたくなる。
WE016	6	世界イベント	供給網不安拡大の高止まり	0.63	全体	物価不安↑ 雇用安定↓ 慢性負荷↑	供給網不安	ウクライナ(限定戦争)、ロシア(間接衝突)	ステップ6: 供給網不安が78.1。高リスク国: ウクライナ(限定戦争)、ロシア(間接衝突)。日本の緩衝政策余力は34.1。	供給網の不安定化により、物価と企業採用への不安が残る。 新しい事件というより、高い不安が続いて疲労感を生む。
WE017	6	制度制約	財政制約による支援遅れの高止まり	0.67	全体	制度信頼↓ 裏切られ感↑ 慢性負荷↑	日本社会状態	日本	ステップ6: 供給網不安が78.1。高リスク国: ウクライナ(限定戦争)、ロシア(間接衝突)。日本の緩衝政策余力は34.1。	財政圧力により若者支援や生活支援が遅れ、制度への失望が出やすい。 新しい事件というより、高い不安が続いて疲労感を生む。
FB008	7	社会反応	生活防衛シフト	0.35	全体	生活コスト不安↑ 子ども意向↓	若者・現役行動フィードバック	日本国内	政策疲労63.3、公平感欠損56.8、情報過敏31.7	家計防衛が優先され、将来投資や子どもを迎える判断が後回しになる。
FB008	7	社会反応	生活防衛シフト	0.35	全体	生活コスト不安↑ 子ども意向↓	若者・現役行動フィードバック	日本国内	政策疲労63.3、公平感欠損56.8、情報過敏31.7	家計防衛が優先され、将来投資や子どもを迎える判断が後回しになる。
FB009	7	社会反応	情報過敏の拡大	0.37	全体	SNS不安↑ 地政学体感リスク↑	若者・現役行動フィードバック	日本国内	政策疲労63.3、公平感欠損56.8、情報過敏31.7	ニュースやSNSの確認が増え、外圧が日常の不安として体感されやすくなる。
FB009	7	社会反応	情報過敏の拡大	0.37	全体	SNS不安↑ 地政学体感リスク↑	若者・現役行動フィードバック	日本国内	政策疲労63.3、公平感欠損56.8、情報過敏31.7	ニュースやSNSの確認が増え、外圧が日常の不安として体感されやすくなる。
OE007	7	組織判断	企業・組織の採用育成判断	0.45	若者・現役世代	育成経路↑ 地域接続↑	組織運営LLM	日本	さくら在宅ケア株式会社: 新卒は抑制、資格者・復職者・紹介を厚めに確保 / 未来通信システム株式会社: 新卒は厳選維持、中途は調達/BCP/省エネ運用を増枠 / 首都圏業務支援株式会社: 新卒は最小維持、供給網対応の中途を増やす	さくら在宅ケア株式会社: 教育は手厚いが現場負荷が残り、離職不安が続く / 未来通信システム株式会社: 省エネ運用・危機対応系の配属増、汎用開発志向は競争激化 / 首都圏業務支援株式会社: 即戦力化圧が増え、育成の標準化で伸びは二極化 現役側には さくら在宅ケア株式会社: 省力化で負担は下がるが機器・AI運用負荷が増える / 未来通信システム株式会社: 運用/調達/BCPへ再配置が進み、賃上げは役割転換と連動 / 首都圏業務支援株式会社: 配置転換とAI監督への移行が進み負荷が上がる
PL006_01	7	政策探索	監査・異議・要点説明の単一窓口+通知上限	0.62	注意層（制度不信/現役納税/未婚・非出産選択者/手続き離脱）	政策疲労↓ 誤解↓ 対象外反発↓ 制度信頼↑ 異議申立の到達性↑	LLM政策探索/構造持続あり+伴走支援	日本	副作用圧が最大で、政策疲労と公平感欠損が固定化。供給制約下で待ち・格差が反発を増幅。	物価と雇用の不安が強いのに、制度は複雑で監視されそうで関わるほど疲れる。
PL006_02	7	政策探索	産後48時間パッケージの需給調整（優先枠+代替メニュー）	0.58	妊娠後期〜産後6か月（単親・低支援・復職予定を優先）と利用困難層	待ち時間↓ ケア負担↓ 生活防衛↑ 制度信頼↑ 二極化↓	LLM政策探索/構造持続あり+伴走支援	日本	副作用圧が最大で、政策疲労と公平感欠損が固定化。供給制約下で待ち・格差が反発を増幅。	子どもは欲しい気持ちはあっても、産後の支援が待ちだらけなら現実的に踏み出せない。
FB010	8	社会反応	生活防衛シフト	0.69	全体	生活コスト不安↑ 子ども意向↓	若者・現役行動フィードバック	日本国内	政策疲労67.2、公平感欠損59.0、生活防衛42.3	家計防衛が優先され、将来投資や子どもを迎える判断が後回しになる。
FB010	8	社会反応	生活防衛シフト	0.69	全体	生活コスト不安↑ 子ども意向↓	若者・現役行動フィードバック	日本国内	政策疲労67.2、公平感欠損59.0、生活防衛42.3	家計防衛が優先され、将来投資や子どもを迎える判断が後回しになる。
OE008	8	組織判断	企業・組織の採用育成判断	0.53	若者・現役世代	採用不安↑ 若手育成経路↓	組織運営LLM	日本	未来通信システム株式会社: 新卒は厳選維持、中途は運用・調達・危機対応を増枠 / 首都圏業務支援株式会社: 新卒は小枠維持、危機対応とAI運用の中途を増やす / さくら在宅ケア株式会社: 新卒は少数継続、資格者・復職者を紹介網で確保	未来通信システム株式会社: 選別不安が増す一方、基礎運用技能の見通しは上がる / 首都圏業務支援株式会社: 安定志向が強まり応募は増えるが、選考厳格化で不安も拡大 / さくら在宅ケア株式会社: 雇用不安が強まり定着揺れ、資格取得支援が安心材料に 現役側には 未来通信システム株式会社: 再学習圧と配置転換が増加、雇用は維持寄りで安心感も / 首都圏業務支援株式会社: AI監督/対顧説明の負担増、雇用は維持寄りだが再配置が進む / さくら在宅ケア株式会社: 現場はAI/ロボ不信が出やすく、負担減の実感が鍵になる
PL007_01	8	政策探索	通知上限+選択式ダッシュボード（異議・監査一本化）	0.65	注意層（制度不信/現役納税/未婚・非出産選択者/手続き離脱）	政策疲労↓ 誤解↓ 対象外反発↓ 制度信頼↑ 異議申立到達性↑	LLM政策探索/構造持続あり+伴走支援	日本	副作用圧100と政策疲労63が支配的。支援の中身より「窓口/通知/異議処理」の摩擦が不信と対象外反発を増幅。	支援が増えても何が自分に関係あるか分からず、通知と手続きで疲れて距離を置きたくなる。
PL007_02	8	政策探索	参加困難者向け社会維持natの「代替ルート」	0.50	社会維持に関与したいが参加が難しい層（介護・疾病・多忙・地方移動困難）＋対象外感が強い層	公平感↑ 対象外反発↓ 二極化↓ 制度信頼↑	LLM政策探索/構造持続あり+伴走支援	日本	副作用圧100と政策疲労63が支配的。支援の中身より「窓口/通知/異議処理」の摩擦が不信と対象外反発を増幅。	子育て支援は理解するけど、自分の生活が苦しい時に『自分は対象外』と感じると政策全体に反発したくなる。
WE018	8	世界イベント	AI雇用不安増幅の悪化	0.55	全体	希望経路↓ 自己効力感↓	雇用不確実性	ウクライナ(限定戦争)、ロシア(間接衝突)	ステップ8: SNS不安増幅が80.9。高リスク国: ウクライナ(限定戦争)、ロシア(間接衝突)。日本の緩衝政策余力は29.6。	AIと景気の不確実性により、努力が報われる経路が見えにくくなる。 直近で悪化しており、前よりも日常の判断に入り込みやすい。
FB011	9	社会反応	情報過敏の拡大	0.36	全体	SNS不安↑ 地政学体感リスク↑	若者・現役行動フィードバック	日本国内	政策疲労64.2、公平感欠損56.4、情報過敏30.8	ニュースやSNSの確認が増え、外圧が日常の不安として体感されやすくなる。
FB011	9	社会反応	情報過敏の拡大	0.36	全体	SNS不安↑ 地政学体感リスク↑	若者・現役行動フィードバック	日本国内	政策疲労64.2、公平感欠損56.4、情報過敏30.8	ニュースやSNSの確認が増え、外圧が日常の不安として体感されやすくなる。
OE009	9	組織判断	企業・組織の採用育成判断	0.52	若者・現役世代	採用不安↑ 若手育成経路↓	組織運営LLM	日本	首都圏業務支援株式会社: 新卒小枠維持、中途は危機対応・AI運用中心に厳選増 / さくら在宅ケア株式会社: 新卒は少数維持、資格者・復職者を紹介網で確保強化 / 桐野市産業雇用課: 採用補助は維持。SNS誤情報対策と説明会を条件化	首都圏業務支援株式会社: 職の先行き不安は残るが、説明・監督スキルの入口は増える / さくら在宅ケア株式会社: 将来不安は残るが、説明強化で安心感と定着がやや改善 / 桐野市産業雇用課: 不安は高止まり。相談導線が効けば離職・回避は減る 現役側には 首都圏業務支援株式会社: 不安対応と運用責任が増し、負荷と再学習圧力が上がる / さくら在宅ケア株式会社: 現場の負荷は軽減するが、物価高で賃金不満が残りやすい / 桐野市産業雇用課: 再配置と学び直し圧力増。手続透明化で反発は抑制
PL008_01	9	政策探索	通知上限の強制デフォルト+重要情報の二段階提示	0.60	注意層（制度不信/現役納税/未婚・非出産選択者/手続き離脱）	政策疲労↓ 誤解↓ 監視懸念↓ 制度信頼↑ 異議申立到達性↑	LLM政策探索/構造持続あり+伴走支援	日本	副作用圧100で監視懸念と通知過多が臨界、政策疲労と公平感欠損が反発を増幅。	不安情報が多すぎて、制度の通知も『監視と負担』に感じてしまう。
PL008_02	9	政策探索	補償・監査先行の導線を固定（支援は後追いで選択式）	0.55	対象外感が強い層（未婚・非出産選択者、参加困難層、現役納税層）＋支援検討層	公平感↑ 対象外反発↓ 二極化↓ 制度信頼↑ 政策疲労↓	LLM政策探索/構造持続あり+伴走支援	日本	副作用圧100で監視懸念と通知過多が臨界、政策疲労と公平感欠損が反発を増幅。	支援より先に『自分は置いていかれない』と確かめられないと、制度全体を信用できない。
WE019	9	世界イベント	間接衝突拡大	0.72	全体	地政学リスク↑ SNS不安↑	国家LLMリスク段階	イスラエル	ステップ9: SNS不安増幅が83.6。高リスク国: ウクライナ(限定戦争)、ロシア(間接衝突)、イスラエル(間接衝突)。日本の緩衝政策余力は27.5。	イスラエルの間接衝突化により、SNS上の不安と将来予見性の低下が強まる。
WE020	9	世界イベント	AI雇用不安増幅の悪化	0.67	全体	希望経路↓ 自己効力感↓	雇用不確実性	ウクライナ(限定戦争)、ロシア(間接衝突)、イスラエル(間接衝突)	ステップ9: SNS不安増幅が83.6。高リスク国: ウクライナ(限定戦争)、ロシア(間接衝突)、イスラエル(間接衝突)。日本の緩衝政策余力は27.5。	AIと景気の不確実性により、努力が報われる経路が見えにくくなる。 直近で悪化しており、前よりも日常の判断に入り込みやすい。
FB012	10	社会反応	生活防衛シフト	0.37	全体	生活コスト不安↑ 子ども意向↓	若者・現役行動フィードバック	日本国内	政策疲労66.4、公平感欠損55.8、情報過敏25.2	家計防衛が優先され、将来投資や子どもを迎える判断が後回しになる。
FB012	10	社会反応	生活防衛シフト	0.37	全体	生活コスト不安↑ 子ども意向↓	若者・現役行動フィードバック	日本国内	政策疲労66.4、公平感欠損55.8、情報過敏25.2	家計防衛が優先され、将来投資や子どもを迎える判断が後回しになる。
FB013	10	社会反応	情報過敏の拡大	0.25	全体	SNS不安↑ 地政学体感リスク↑	若者・現役行動フィードバック	日本国内	政策疲労66.4、公平感欠損55.8、情報過敏25.2	ニュースやSNSの確認が増え、外圧が日常の不安として体感されやすくなる。
FB013	10	社会反応	情報過敏の拡大	0.25	全体	SNS不安↑ 地政学体感リスク↑	若者・現役行動フィードバック	日本国内	政策疲労66.4、公平感欠損55.8、情報過敏25.2	ニュースやSNSの確認が増え、外圧が日常の不安として体感されやすくなる。
OE010	10	組織判断	企業・組織の採用育成判断	0.51	若者・現役世代	採用不安↑ 若手育成経路↓	組織運営LLM	日本	首都圏業務支援株式会社: 新卒は超小枠で継続、中途はAI運用・危機広報を優先採用 / 未来通信システム株式会社: 新卒は厳選継続、中途は省エネ運用・BCPを増枠 / さくら在宅ケア株式会社: 新卒少数維持、資格者・復職者を紹介網で優先確保	首都圏業務支援株式会社: 採用枠縮小で不安増、説明・監督スキルが武器になる / 未来通信システム株式会社: 採用厳選で不安増、安心可視化の研修で定着は上向き / さくら在宅ケア株式会社: 不安が強い層の離職懸念、説明強化で定着を底上げ 現役側には 首都圏業務支援株式会社: 炎上回避・監査対応の負荷増、再配置と役割転換が進む / 未来通信システム株式会社: 再配置・再訓練圧は増すが雇用不安は抑制される / さくら在宅ケア株式会社: 現場負担は減るが運用変更抵抗、合意形成に時間
PL009_01	10	政策探索	副作用監査の公開ダイジェスト+第三者レビュー枠	0.55	注意層（制度不信/監視懸念/現役納税/未婚・非出産選択者含む）と支援利用検討層	制度信頼↑ 副作用圧↓ 誤解↓ 二極化↓	LLM政策探索/構造持続あり+伴走支援	日本	SNS不安下で副作用圧が突出し、説明負荷と対象外感が政策疲労を増幅している。	不安が増えるほど、制度は自分を監視してるだけに見えて距離を置きたくなる。
PL009_02	10	政策探索	通知・申請の週次まとめ配信+重要事項のみ即時（デフォルト）	0.50	政策疲労が高い注意層（手続き離脱/情報過敏は中〜低）	政策疲労↓ 情報過負荷↓ 誤解↓ 制度信頼↑	LLM政策探索/構造持続あり+伴走支援	日本	SNS不安下で副作用圧が突出し、説明負荷と対象外感が政策疲労を増幅している。	情報が多すぎて、結局どれも信用できず何もしないのが安全に感じる。
FB014	11	社会反応	生活防衛シフト	0.43	全体	生活コスト不安↑ 子ども意向↓	若者・現役行動フィードバック	日本国内	政策疲労66.1、公平感欠損55.0、生活防衛27.8	家計防衛が優先され、将来投資や子どもを迎える判断が後回しになる。
FB014	11	社会反応	生活防衛シフト	0.43	全体	生活コスト不安↑ 子ども意向↓	若者・現役行動フィードバック	日本国内	政策疲労66.1、公平感欠損55.0、生活防衛27.8	家計防衛が優先され、将来投資や子どもを迎える判断が後回しになる。
OE011	11	組織判断	企業・組織の採用育成判断	0.49	若者・現役世代	採用不安↑ 若手育成経路↓	組織運営LLM	日本	未来通信システム株式会社: 新卒は厳選継続、中途は省エネ運用・BCPを増枠 / 首都圏業務支援株式会社: 新卒は極小枠維持、中途はAI運用と危機対応を優先 / さくら在宅ケア株式会社: 新卒少数継続、資格者・復職者優先。紹介網を拡張	未来通信システム株式会社: 厳選採用で不安増、実務AI運用スキルが武器に / 首都圏業務支援株式会社: 新卒口は狭いが、台本運用・監査で初期成長は速い / さくら在宅ケア株式会社: 入職前不安は増すが、説明強化で定着見込みが上がる 現役側には 未来通信システム株式会社: 再訓練と配置転換が常態化、SNS不安ケア負荷増 / 首都圏業務支援株式会社: 現場は監査・切替対応で負荷増、再教育の圧が上がる / さくら在宅ケア株式会社: 業務負荷は軽減も、AI/ロボ手順遵守と監査対応が増える
PL010_01	11	政策探索	異議申立・監査の滞留解消SLA強化+自治体格差補正	0.62	注意層（制度不信/現役納税/未婚・非出産選択者/手続き離脱）＋支援利用検討層	制度信頼↑ 副作用圧↓ 公平感↑ 政策疲労↓ 二極化↓	LLM政策探索/構造持続あり+伴走支援	日本	副作用圧が極端に高く、説明・通知の改善だけでは不信と公平感欠損が再燃。滞留と格差が二極化を増幅。	不安が拡散する中で、制度は結局うやむやにされて自分だけ損しそうに感じる。
PL010_02	11	政策探索	対象外感の自動救済ルート（非強制・選択式）	0.50	対象外感が強い層（未婚・非出産選択者、参加困難層、現役納税層）	公平感↑ 対象外反発↓ 制度信頼↑ 政策疲労↓ 二極化↓	LLM政策探索/構造持続あり+伴走支援	日本	副作用圧が極端に高く、説明・通知の改善だけでは不信と公平感欠損が再燃。滞留と格差が二極化を増幅。	子どもを持つか以前に、対象外扱いで置き去りにされる怖さが強い。
FB015	12	社会反応	生活防衛シフト	0.31	全体	生活コスト不安↑ 子ども意向↓	若者・現役行動フィードバック	日本国内	政策疲労67.2、公平感欠損53.0、情報過敏25.5	家計防衛が優先され、将来投資や子どもを迎える判断が後回しになる。
FB015	12	社会反応	生活防衛シフト	0.31	全体	生活コスト不安↑ 子ども意向↓	若者・現役行動フィードバック	日本国内	政策疲労67.2、公平感欠損53.0、情報過敏25.5	家計防衛が優先され、将来投資や子どもを迎える判断が後回しになる。
FB016	12	社会反応	情報過敏の拡大	0.26	全体	SNS不安↑ 地政学体感リスク↑	若者・現役行動フィードバック	日本国内	政策疲労67.2、公平感欠損53.0、情報過敏25.5	ニュースやSNSの確認が増え、外圧が日常の不安として体感されやすくなる。
FB016	12	社会反応	情報過敏の拡大	0.26	全体	SNS不安↑ 地政学体感リスク↑	若者・現役行動フィードバック	日本国内	政策疲労67.2、公平感欠損53.0、情報過敏25.5	ニュースやSNSの確認が増え、外圧が日常の不安として体感されやすくなる。
OE012	12	組織判断	企業・組織の採用育成判断	0.47	若者・現役世代	育成経路↑ 地域接続↑	組織運営LLM	日本	首都圏業務支援株式会社: 新卒は最小枠維持、中途はAI運用・危機対応を厚め / さくら在宅ケア株式会社: 新卒は少数継続。資格者・復職者優先、紹介と地域連携を拡張 / 北関東精密加工株式会社: 新卒枠は最小維持、保全・品質の中途を継続確保	首都圏業務支援株式会社: 採用絞りで不安増、ただしAI監督スキル枠は増える / さくら在宅ケア株式会社: 不安が強い時期でも相談線で定着が上がるが、負荷は残る / 北関東精密加工株式会社: 将来不安は増すが、技能の見える化で定着が一部改善 現役側には 首都圏業務支援株式会社: AI監督・監査へ再配置圧、炎上対応の心理負荷が増す / さくら在宅ケア株式会社: 業務軽減で燃え尽き減。AI不安は説明不足だと反発が出る / 北関東精密加工株式会社: 現場は不安疲労、兼務増で負荷上昇も再配置で失職抑制
PL011_01	12	政策探索	異議・監査SLA即応+自治体格差補正（負荷制御付き）	0.62	注意層（制度不信/現役納税/未婚・非出産選択者/手続き離脱）＋支援検討層	制度信頼↑ 副作用圧↓ 公平感↑ 政策疲労↓ 二極化↓	LLM政策探索/構造持続あり+伴走支援	日本	SNS不安増幅下で副作用圧が最大化。滞留と対象外感が公平感欠損を増やし政策疲労を固定化。	不安情報ばかり流れてきて、制度も遅くて結局自分だけ損しそうに感じる。
PL011_02	12	政策探索	対象外感の自動救済ルート（オプトイン最小負担）	0.58	対象外感が強い層（未婚・非出産選択者、参加困難層、現役納税層）	公平感↑ 対象外反発↓ 制度信頼↑ 政策疲労↓ 二極化↓	LLM政策探索/構造持続あり+伴走支援	日本	SNS不安増幅下で副作用圧が最大化。滞留と対象外感が公平感欠損を増やし政策疲労を固定化。	子ども関連の話になると自分は対象外にされてる気がして、制度の話を聞くほど冷める。
WE021	12	世界イベント	AI雇用不安増幅の高止まり	0.61	全体	希望経路↓ 自己効力感↓ 慢性負荷↑	雇用不確実性	ウクライナ(限定戦争)、ロシア(間接衝突)	ステップ12: SNS不安増幅が82.0。高リスク国: ウクライナ(限定戦争)、ロシア(間接衝突)。日本の緩衝政策余力は28.0。	AIと景気の不確実性により、努力が報われる経路が見えにくくなる。 新しい事件というより、高い不安が続いて疲労感を生む。
WE022	12	世界イベント	地政学SNS不安拡散の高止まり	0.69	全体	不安↑ 怒り↑ 逃避行動↑ 慢性負荷↑	SNS不安増幅	ウクライナ(限定戦争)、ロシア(間接衝突)	ステップ12: SNS不安増幅が82.0。高リスク国: ウクライナ(限定戦争)、ロシア(間接衝突)。日本の緩衝政策余力は28.0。	危機情報がSNSで増幅し、不安と怒りが日常会話に入り込む。 新しい事件というより、高い不安が続いて疲労感を生む。
WE023	12	制度制約	財政制約による支援遅れの高止まり	0.98	全体	制度信頼↓ 裏切られ感↑ 慢性負荷↑	日本社会状態	日本	ステップ12: SNS不安増幅が82.0。高リスク国: ウクライナ(限定戦争)、ロシア(間接衝突)。日本の緩衝政策余力は28.0。	財政圧力により若者支援や生活支援が遅れ、制度への失望が出やすい。 新しい事件というより、高い不安が続いて疲労感を生む。
FB017	13	社会反応	情報過敏の拡大	0.43	全体	SNS不安↑ 地政学体感リスク↑	若者・現役行動フィードバック	日本国内	政策疲労70.4、公平感欠損52.9、情報過敏34.9	ニュースやSNSの確認が増え、外圧が日常の不安として体感されやすくなる。
FB017	13	社会反応	情報過敏の拡大	0.43	全体	SNS不安↑ 地政学体感リスク↑	若者・現役行動フィードバック	日本国内	政策疲労70.4、公平感欠損52.9、情報過敏34.9	ニュースやSNSの確認が増え、外圧が日常の不安として体感されやすくなる。
OE013	13	組織判断	企業・組織の採用育成判断	0.49	若者・現役世代	採用不安↑ 若手育成経路↓	組織運営LLM	日本	さくら在宅ケア株式会社: 新卒は少数維持。資格者・復職者・地域紹介を優先し採用不安に配慮 / 首都圏業務支援株式会社: 新卒は最小継続、炎上対応とAI監督の中途を増やす / 東北ライフライン保守株式会社: 新卒枠維持、応募減は地元奨学金＋中途即戦力で補完	さくら在宅ケア株式会社: 不安が増えやすいが、伴走と見える化で定着率が上がりやすい / 首都圏業務支援株式会社: 新卒枠は狭いが、運用監督・危機対応の成長機会は増 / 東北ライフライン保守株式会社: 不安は残るが、資格可視化で定着と成長見通しが増える 現役側には さくら在宅ケア株式会社: 事務負荷減で現場集中。ただし機器運用と説明責任の負担が増える / 首都圏業務支援株式会社: 炎上対応と監査業務が増え、心理負荷と再訓練需要が上昇 / 東北ライフライン保守株式会社: 現場に再学習負荷、説明責任業務が増え疲弊リスクも
PL012_01	13	政策探索	副作用監査の要点3分版+非強制・異議導線の明確化	0.50	注意層（制度不信/監視懸念/現役納税/未婚・非出産選択者/手続き離脱）	制度信頼↑ 誤解↓ 政策疲労↓ 対象外反発↓	LLM政策探索/構造持続あり+伴走支援	日本	副作用圧が最大で制度不信が再燃。公平感欠損と政策疲労が拡大し注意層が固定化。	制度は増えるのに自分に関係あるのか分からず、監視される感じだけが強い。
PL012_02	13	政策探索	異議・救済の負荷制御（優先度別SLA+不正抑止の最小確認）	0.60	注意層（異議申立/救済利用見込み）＋自治体窓口逼迫地域	制度信頼↑ 副作用圧↓ 公平感↑ 二極化↓ 政策疲労↓	LLM政策探索/構造持続あり+伴走支援	日本	副作用圧が最大で制度不信が再燃。公平感欠損と政策疲労が拡大し注意層が固定化。	困った時に申請しても遅くて通らない気がして、最初から諦めてしまう。
FB018	14	社会反応	生活防衛シフト	0.40	全体	生活コスト不安↑ 子ども意向↓	若者・現役行動フィードバック	日本国内	政策疲労72.3、公平感欠損52.0、生活防衛26.1	家計防衛が優先され、将来投資や子どもを迎える判断が後回しになる。
FB018	14	社会反応	生活防衛シフト	0.40	全体	生活コスト不安↑ 子ども意向↓	若者・現役行動フィードバック	日本国内	政策疲労72.3、公平感欠損52.0、生活防衛26.1	家計防衛が優先され、将来投資や子どもを迎える判断が後回しになる。
OE014	14	組織判断	企業・組織の採用育成判断	0.45	若者・現役世代	育成経路↑ 地域接続↑	組織運営LLM	日本	首都圏業務支援株式会社: 新卒は最小維持、AI監督・炎上鎮火の中途を優先 / さくら在宅ケア株式会社: 新卒は少数継続。資格者・復職者優先、地域紹介を強化 / 桐野市産業雇用課: 採用補助は維持。SNS不安対策の実施を要件化し相談窓口を増設	首都圏業務支援株式会社: 新卒枠が細り不安増、AI運用志向へ早期分化 / さくら在宅ケア株式会社: 不安ケア付き育成で定着は改善。ただし採用枠は狭い / 桐野市産業雇用課: SNS不安で応募躊躇が増えるが、伴走と安全設計で参加を下支え 現役側には 首都圏業務支援株式会社: 監督・説明責任負荷増、再配置と技能更新圧力 / さくら在宅ケア株式会社: 負担軽減で離職抑制。賃上げは弱く不満は残る / 桐野市産業雇用課: 審査AI拡大で説明責任負荷が増えるが、再配置支援で離職を抑制
PL013_01	14	政策探索	不安増幅時の通知縮退＋重要二段階（可逆デフォルト）	0.62	注意層（手続き離脱/制度不信/情報過敏）＋現役納税層	政策疲労↓ 情報過負荷↓ 誤解↓ 制度信頼↑ 手続き到達↑	LLM政策探索/構造持続あり+伴走支援	日本	副作用圧が最大化し、SNS不安で誤解拡散・政策疲労と公平感欠損が固定化。	情報が多すぎて何が必須か分からず、結局何もしないのが安全に見える。
PL013_02	14	政策探索	誤解訂正カード＋異議/救済の最短導線（非強制）	0.58	注意層（監視懸念/対象外感/誤情報影響）＋未婚・非出産選択者を含む全体	制度信頼↑ 誤解↓ 対象外反発↓ 二極化↓ 副作用圧↓	LLM政策探索/構造持続あり+伴走支援	日本	副作用圧が最大化し、SNS不安で誤解拡散・政策疲労と公平感欠損が固定化。	結局こっちが損しない仕組みかどうか、短く確かめられないと信用できない。
FB019	15	社会反応	情報過敏の拡大	0.41	全体	SNS不安↑ 地政学体感リスク↑	若者・現役行動フィードバック	日本国内	政策疲労73.0、公平感欠損52.3、情報過敏33.7	ニュースやSNSの確認が増え、外圧が日常の不安として体感されやすくなる。
FB019	15	社会反応	情報過敏の拡大	0.41	全体	SNS不安↑ 地政学体感リスク↑	若者・現役行動フィードバック	日本国内	政策疲労73.0、公平感欠損52.3、情報過敏33.7	ニュースやSNSの確認が増え、外圧が日常の不安として体感されやすくなる。
OE015	15	組織判断	企業・組織の採用育成判断	0.49	若者・現役世代	採用不安↑ 若手育成経路↓	組織運営LLM	日本	東北ライフライン保守株式会社: 新卒枠は維持しつつ縮小容認。中途・協力会社で補完 / 未来通信システム株式会社: 新卒は厳選維持、中途は財務・調達・省エネDCを増枠 / さくら在宅ケア株式会社: 新卒は少数継続。資格者・復職者優先、紹介と兼業連携を強化	東北ライフライン保守株式会社: 応募不安は残るが、見学増と安全重視で定着改善 / 未来通信システム株式会社: 採用厳選で不安は増すが、育成明確化で定着は改善 / さくら在宅ケア株式会社: 育成は続くが負荷が高い。ロボ補助で定着期待、選別不安は残る 現役側には 東北ライフライン保守株式会社: 再配置とAI手順化で負荷減も、習熟負担が増える / 未来通信システム株式会社: コスト・省エネ責任が増え、再学習と職務再編が加速 / さくら在宅ケア株式会社: 賃上げ余地小で不満増。AI省力化と配置転換で負担軽減を図る
PL014_01	15	政策探索	不安期の通知・説明ワンパッケージ（週次+重要二段階）	0.60	注意層（手続き離脱/制度不信/情報過敏）＋現役納税層＋対象外感が強い層	政策疲労↓ 情報過負荷↓ 誤解↓ 制度信頼↑ 手続き到達↑ 二極化↓	LLM政策探索/構造持続あり+伴走支援	日本	SNS不安で誤解と申立が増えやすく、政策疲労と公平感欠損が固定化しつつある	不安情報が多すぎて、何が本当で何をすればいいか分からない
PL014_02	15	政策探索	異議/救済の渋滞防止（優先SLA+線引き透明化の最小提示）	0.55	注意層（異議申立/救済利用見込み）＋自治体窓口逼迫地域＋対象外感が強い層	制度信頼↑ 副作用圧↓ 公平感↑ 政策疲労↓ 二極化↓	LLM政策探索/構造持続あり+伴走支援	日本	SNS不安で誤解と申立が増えやすく、政策疲労と公平感欠損が固定化しつつある	申請しても返事が遅いと、制度は結局あてにならないと感じる
FB020	16	社会反応	生活防衛シフト	0.41	全体	生活コスト不安↑ 子ども意向↓	若者・現役行動フィードバック	日本国内	政策疲労73.1、公平感欠損52.2、生活防衛26.7	家計防衛が優先され、将来投資や子どもを迎える判断が後回しになる。
FB020	16	社会反応	生活防衛シフト	0.41	全体	生活コスト不安↑ 子ども意向↓	若者・現役行動フィードバック	日本国内	政策疲労73.1、公平感欠損52.2、生活防衛26.7	家計防衛が優先され、将来投資や子どもを迎える判断が後回しになる。
OE016	16	組織判断	企業・組織の採用育成判断	0.48	若者・現役世代	育成経路↑ 地域接続↑	組織運営LLM	日本	関東広域ロジスティクス株式会社: 新卒は運行・設備保全を最小維持、中途と外注比率を増す / 東北ライフライン保守株式会社: 新卒は維持寄りだが縮小継続。中途比率を上げ補完 / 桐野市産業雇用課: 採用補助は維持。原資圧縮し定着・SNS不安対応を条件化	関東広域ロジスティクス株式会社: 新卒枠が細り不安増、現場AI運用スキルの価値は上がる / 東北ライフライン保守株式会社: 採用枠縮小で競争不安。技能継承と安全教育で定着は改善 / 桐野市産業雇用課: 支援は残るが選別感増。定着重視で安心は一部回復 現役側には 関東広域ロジスティクス株式会社: 配置転換と再訓練が増え、説明不足だと不信が拡大しやすい / 東北ライフライン保守株式会社: 配置転換とAI補助で負担は軽減も、変化疲れと再学習圧が増す / 桐野市産業雇用課: 再配置とAI活用が前提化。負担増も救済線で離職抑制
PL015_01	16	政策探索	新規施策の一時凍結+既存2本の統合運用	0.60	注意層（手続き離脱/制度不信/現役納税/未婚・非出産選択者含む）と自治体窓口	政策疲労↓ 副作用圧↓ 制度信頼↑ 二極化↓	LLM政策探索/構造持続あり+伴走支援	日本	注意層85.6%で副作用圧100・政策疲労73。新規追加より運用負荷と対象外反発の沈静化が先。	制度が増えすぎて追えず、どれが自分に関係あるのか分からない。
PL015_02	16	政策探索	重要情報見落とし防止の可逆設定（強制感ゼロ）	0.55	注意層（情報過敏/監視懸念/手続き離脱）＋支援利用検討層	政策疲労↓ 誤解↓ 手続き到達↑ 制度信頼↑ 公平感↑	LLM政策探索/構造持続あり+伴走支援	日本	注意層85.6%で副作用圧100・政策疲労73。新規追加より運用負荷と対象外反発の沈静化が先。	通知を減らしたいけど、減らすと損しそうで怖い。
FB021	17	社会反応	情報過敏の拡大	0.39	全体	SNS不安↑ 地政学体感リスク↑	若者・現役行動フィードバック	日本国内	政策疲労66.1、公平感欠損51.0、情報過敏32.5	ニュースやSNSの確認が増え、外圧が日常の不安として体感されやすくなる。
FB021	17	社会反応	情報過敏の拡大	0.39	全体	SNS不安↑ 地政学体感リスク↑	若者・現役行動フィードバック	日本国内	政策疲労66.1、公平感欠損51.0、情報過敏32.5	ニュースやSNSの確認が増え、外圧が日常の不安として体感されやすくなる。
OE017	17	組織判断	企業・組織の採用育成判断	0.49	若者・現役世代	採用不安↑ 若手育成経路↓	組織運営LLM	日本	未来通信システム株式会社: 新卒は厳選維持、中途は公共・省エネDC・法務を増枠 / 首都圏業務支援株式会社: 新卒は最小維持、顧客折衝できる中途を厳選 / 桐野市産業雇用課: 採用補助は絞り維持。定着・不安ケア・技能更新を条件化	未来通信システム株式会社: 採用厳選で不安増、対話・法務系の学習価値が上昇 / 首都圏業務支援株式会社: 新卒枠が細り不安増、AI運用寄りの育成が主流 / 桐野市産業雇用課: 採用枠縮小で不安増。実習導線で地元定着は底支え 現役側には 未来通信システム株式会社: 監査対応と再訓練負荷増、雇用維持で転職圧は緩む / 首都圏業務支援株式会社: 再学習と顧客対応負荷が増え、離職圧力も上がる / 桐野市産業雇用課: 配置転換と再学習が増える。相談窓口で離職連鎖を抑制
PL016_01	17	政策探索	統合ワンストップ+即時予約（オプトイン）	0.62	注意層（手続き離脱/情報過敏/制度不信）＋支援検討層	手続き到達↑ 政策疲労↓ 制度信頼↑ 副作用圧↓	LLM政策探索/構造持続あり+伴走支援	日本	副作用圧100と政策疲労73が臨界。公平感欠損も残り、制度不信が固定化しかけている。	制度が多すぎてどこから手を付ければいいか分からず、結局先延ばしになる。
PL017_02	17	政策探索	非強制・異議/救済の1枚設計図＋停止条件の明記	0.42	注意層（制度不信/監視懸念/現役納税/未婚・非出産選択者含む）＋支援検討層	制度信頼↑ 誤解↓ 政策疲労↓ 対象外反発↓ 副作用圧↓	LLM政策探索/構造持続あり+伴走支援	日本	副作用圧100と政策疲労66が高止まり。統合導入で窓口逼迫・取り残しが再燃しやすい。	やらされる感じや監視っぽさが怖いので、選べて止められて異議できるのか知りたい。
WE024	17	世界イベント	地政学SNS不安拡散の悪化	0.65	全体	不安↑ 怒り↑ 逃避行動↑	SNS不安増幅	ウクライナ(限定戦争)、ロシア(間接衝突)	ステップ17: 財政圧力が82.8。高リスク国: ウクライナ(限定戦争)、ロシア(間接衝突)。日本の緩衝政策余力は23.1。	危機情報がSNSで増幅し、不安と怒りが日常会話に入り込む。 直近で悪化しており、前よりも日常の判断に入り込みやすい。
FB022	18	社会反応	生活防衛シフト	0.52	全体	生活コスト不安↑ 子ども意向↓	若者・現役行動フィードバック	日本国内	政策疲労65.6、公平感欠損50.9、生活防衛32.7	家計防衛が優先され、将来投資や子どもを迎える判断が後回しになる。
FB022	18	社会反応	生活防衛シフト	0.52	全体	生活コスト不安↑ 子ども意向↓	若者・現役行動フィードバック	日本国内	政策疲労65.6、公平感欠損50.9、生活防衛32.7	家計防衛が優先され、将来投資や子どもを迎える判断が後回しになる。
OE018	18	組織判断	企業・組織の採用育成判断	0.51	若者・現役世代	採用不安↑ 若手育成経路↓	組織運営LLM	日本	未来通信システム株式会社: 新卒は厳選維持、中途は公共・監査・省エネDC増枠 / 首都圏業務支援株式会社: 新卒は最小枠維持、中途は監査・顧客折衝を優先 / 関東広域ロジスティクス株式会社: 新卒は運行・保全の最小維持、中途・外注は需給見て増減	未来通信システム株式会社: 採用厳選で不安増、対話訓練が心理負荷を緩和 / 首都圏業務支援株式会社: 新卒枠縮小で不安増、監査運用スキルが評価軸に / 関東広域ロジスティクス株式会社: 採用枠狭さと不安増、短期資格で入口は残る 現役側には 未来通信システム株式会社: 監査・コスト設計へ再学習圧、転換機会は増える / 首都圏業務支援株式会社: 不安対応と再配置が常態化、品質責任の負荷が増す / 関東広域ロジスティクス株式会社: 現場は省力化と再訓練負荷、転属不安が続く
PL016_02	18	政策探索	対象外感ミニ救済（社会維持活動nat報酬の小規模枠）	0.50	対象外感が強い層（未婚・非出産選択者/現役納税層/参加困難層）	公平感↑ 対象外反発↓ 制度信頼↑ 二極化↓	LLM政策探索/構造持続あり+伴走支援	日本	副作用圧100と政策疲労73が臨界。公平感欠損も残り、制度不信が固定化しかけている。	子ども施策だけだと自分は関係ない気がして、税や制度への納得が落ちる。
PL017_01	18	政策探索	ワンストップの負荷分散＋代理・同伴予約（非強制）	0.58	注意層（手続き離脱/情報過敏/デジタル弱者）＋自治体窓口逼迫地域	手続き到達↑ 政策疲労↓ 不公平感↓ 制度信頼↑	LLM政策探索/構造持続あり+伴走支援	日本	副作用圧100と政策疲労66が高止まり。統合導入で窓口逼迫・取り残しが再燃しやすい。	支援はあるらしいが、手続きが難しくて自分は取り残されそうだと感じる。
WE025	18	世界イベント	間接衝突拡大	0.72	全体	地政学リスク↑ SNS不安↑	国家LLMリスク段階	北朝鮮	ステップ18: 財政圧力が83.7。高リスク国: ウクライナ(限定戦争)、北朝鮮(間接衝突)、ロシア(間接衝突)。日本の緩衝政策余力は22.2。	北朝鮮の間接衝突化により、SNS上の不安と将来予見性の低下が強まる。
WE026	18	世界イベント	地政学SNS不安拡散の高止まり	0.70	全体	不安↑ 怒り↑ 逃避行動↑ 慢性負荷↑	SNS不安増幅	ウクライナ(限定戦争)、北朝鮮(間接衝突)、ロシア(間接衝突)	ステップ18: 財政圧力が83.7。高リスク国: ウクライナ(限定戦争)、北朝鮮(間接衝突)、ロシア(間接衝突)。日本の緩衝政策余力は22.2。	危機情報がSNSで増幅し、不安と怒りが日常会話に入り込む。 新しい事件というより、高い不安が続いて疲労感を生む。
WE027	18	制度制約	財政制約による支援遅れの高止まり	1.00	全体	制度信頼↓ 裏切られ感↑ 慢性負荷↑	日本社会状態	日本	ステップ18: 財政圧力が83.7。高リスク国: ウクライナ(限定戦争)、北朝鮮(間接衝突)、ロシア(間接衝突)。日本の緩衝政策余力は22.2。	財政圧力により若者支援や生活支援が遅れ、制度への失望が出やすい。 新しい事件というより、高い不安が続いて疲労感を生む。
FB023	19	社会反応	生活防衛シフト	0.59	全体	生活コスト不安↑ 子ども意向↓	若者・現役行動フィードバック	日本国内	政策疲労67.1、公平感欠損50.5、生活防衛36.5	家計防衛が優先され、将来投資や子どもを迎える判断が後回しになる。
FB023	19	社会反応	生活防衛シフト	0.59	全体	生活コスト不安↑ 子ども意向↓	若者・現役行動フィードバック	日本国内	政策疲労67.1、公平感欠損50.5、生活防衛36.5	家計防衛が優先され、将来投資や子どもを迎える判断が後回しになる。
OE019	19	組織判断	企業・組織の採用育成判断	0.49	若者・現役世代	採用不安↑ 若手育成経路↓	組織運営LLM	日本	首都圏業務支援株式会社: 新卒は最小枠維持、中途は監査・顧客折衝とAI運用 / 桐野市産業雇用課: 採用補助は更に絞る。定着・相談同意・技能更新を必須 / 未来通信システム株式会社: 新卒は厳選維持、中途は公共・監査・省エネDCを増枠	首都圏業務支援株式会社: 新卒枠が細り選別不安増、監督/対人役の伸びしろ拡大 / 桐野市産業雇用課: 補助縮小で不安増。実習と相談導線が定着を下支え / 未来通信システム株式会社: 厳選採用で不安増、透明な育成で納得感を補強 現役側には 首都圏業務支援株式会社: 再配置と再学習負荷増、外注/非正規に不安と調整集中 / 桐野市産業雇用課: 再配置・技能更新の負担増。救済窓口が心理的安全を補完 / 未来通信システム株式会社: 再訓練負荷増も、配置転換で雇用不安を抑える
PL018_01	19	政策探索	非強制・停止条件つき1枚設計図を最上流に固定	0.62	注意層（制度不信/監視懸念/対象外感/手続き離脱/現役納税/未婚・非出産選択者含む）	制度信頼↑ 誤解↓ 副作用圧↓ 政策疲労↓ 対象外反発↓	LLM政策探索/構造持続あり+伴走支援	日本	注意層95.7%で副作用圧100・政策疲労高止まり。拡大より“非強制の見える化+手続き負荷の分散”が先。	制度が増えるほど監視や強制に見えて不安で、結局どこまで任意なのか分からない。
PL018_02	19	政策探索	ワンストップ負荷分散+代理・同伴予約を前倒し（非強制）	0.58	注意層（デジタル弱者/情報過敏/手続き離脱）＋自治体窓口逼迫地域＋支援検討層	手続き到達↑ 政策疲労↓ 不公平感↓ 制度信頼↑ 二極化↓	LLM政策探索/構造持続あり+伴走支援	日本	注意層95.7%で副作用圧100・政策疲労高止まり。拡大より“非強制の見える化+手続き負荷の分散”が先。	結局手続きが難しくて辿り着けない人が損していて、得する人だけが得してる感じがする。
FB024	20	社会反応	生活防衛シフト	0.44	全体	生活コスト不安↑ 子ども意向↓	若者・現役行動フィードバック	日本国内	政策疲労67.0、公平感欠損49.3、生活防衛28.3	家計防衛が優先され、将来投資や子どもを迎える判断が後回しになる。
FB024	20	社会反応	生活防衛シフト	0.44	全体	生活コスト不安↑ 子ども意向↓	若者・現役行動フィードバック	日本国内	政策疲労67.0、公平感欠損49.3、生活防衛28.3	家計防衛が優先され、将来投資や子どもを迎える判断が後回しになる。
OE020	20	組織判断	企業・組織の採用育成判断	0.47	若者・現役世代	育成経路↑ 地域接続↑	組織運営LLM	日本	未来通信システム株式会社: 新卒は厳選維持、中途は信頼・監査人材を厚め / 首都圏業務支援株式会社: 新卒は最小枠維持、中途は監査・顧客折衝とAI運用を優先 / 関東広域ロジスティクス株式会社: 新卒は現場監督候補を絞り維持、中途・外注で繁忙を吸収	未来通信システム株式会社: 採用の厳選で不安増、研修の安心支援が重要化 / 首都圏業務支援株式会社: 採用枠は細り不安増、監査・対人対応型の育成が増える / 関東広域ロジスティクス株式会社: 現場起点の成長機会は残るが、選別感と将来不安が増える 現役側には 未来通信システム株式会社: 説明責任業務が増え、再訓練と負荷が上がる / 首都圏業務支援株式会社: 配置転換と再学習圧力が上がり、外注側へ不安が波及 / 関東広域ロジスティクス株式会社: 配置転換と技能更新が常態化し、心理負荷と離職懸念が増す
PL019_01	20	政策探索	新規増設の一時停止＋手続き最短2導線化	0.52	注意層（手続き離脱/情報過敏/制度不信）＋現役納税層＋対象外感が強い層	政策疲労↓ 情報過負荷↓ 手続き到達↑ 制度信頼↑ 二極化↓	LLM政策探索/構造持続あり+伴走支援	日本	副作用圧が最大で政策疲労も高止まり。公平感欠損と財政不安が手続き到達と信頼を阻害。	制度が増えすぎて追えず、何が自分に関係するのか分からないまま不安だけが残る。
PL019_02	20	政策探索	副作用監査KPI＋異議申立の即時救済レーン（非強制）	0.58	注意層（監視懸念/誤解影響/対象外感）＋自治体窓口逼迫地域＋支援検討層	副作用圧↓ 公平感↑ 制度信頼↑ 政策疲労↓ 二極化↓	LLM政策探索/構造持続あり+伴走支援	日本	副作用圧が最大で政策疲労も高止まり。公平感欠損と財政不安が手続き到達と信頼を阻害。	間違いや不利益が起きたときに、ちゃんと止めて直せる仕組みが見えないと怖い。
PL020_02	20	政策探索	新規停止の継続+2導線の固定（誤認防止説明つき）	0.58	注意層（手続き離脱/情報過敏/制度不信）＋現役納税層＋対象外感が強い層	政策疲労↓ 情報過負荷↓ 手続き到達↑ 制度信頼↑ 対象外反発↓	LLM政策探索/構造持続あり+伴走支援	日本	副作用圧が極大で疲労と公平感欠損が固定化、手続き前に不信と対象外感が詰まる	制度が増え続けて追えず、何が自分に関係あるのか分からないまま不安だけ増える
WE028	20	世界イベント	間接衝突拡大	0.72	全体	地政学リスク↑ SNS不安↑	国家LLMリスク段階	イスラエル	ステップ20: SNS不安増幅が81.0。高リスク国: ウクライナ(限定戦争)、イスラエル(間接衝突)。日本の緩衝政策余力は24.5。	イスラエルの間接衝突化により、SNS上の不安と将来予見性の低下が強まる。
FB025	21	社会反応	生活防衛シフト	0.54	全体	生活コスト不安↑ 子ども意向↓	若者・現役行動フィードバック	日本国内	政策疲労64.8、公平感欠損47.7、生活防衛34.0	家計防衛が優先され、将来投資や子どもを迎える判断が後回しになる。
FB025	21	社会反応	生活防衛シフト	0.54	全体	生活コスト不安↑ 子ども意向↓	若者・現役行動フィードバック	日本国内	政策疲労64.8、公平感欠損47.7、生活防衛34.0	家計防衛が優先され、将来投資や子どもを迎える判断が後回しになる。
OE021	21	組織判断	企業・組織の採用育成判断	0.46	若者・現役世代	育成経路↑ 地域接続↑	組織運営LLM	日本	桐野市産業雇用課: 採用補助は重点業種へ絞る。定着・再訓練を必須化 / 未来通信システム株式会社: 新卒は厳選継続、中途は監査・省エネDC運用を増員 / 首都圏業務支援株式会社: 新卒は最小枠維持、中途は監査・顧客折衝とAI運用を優先	桐野市産業雇用課: 採用枠は絞るが研修厚化で定着は改善。選別不安は残る / 未来通信システム株式会社: 採用は狭まり不安増、監査・運用系の学習需要は増える / 首都圏業務支援株式会社: 新卒枠は残るが即戦力圧が増し、育成負荷は軽減 現役側には 桐野市産業雇用課: 再配置と再学習負担増。失職回避は進むが疲弊リスク / 未来通信システム株式会社: 再配置と再学習が常態化、証跡業務の負荷と安心が同時に増す / 首都圏業務支援株式会社: 監査・顧客折衝へ再配置、説明責任と再学習負担が上昇
PL020_01	21	政策探索	異議即時レーンの流量制御+線引き可視化	0.62	注意層（制度不信/監視懸念/対象外感）＋自治体窓口逼迫地域＋支援検討層	副作用圧↓ 制度信頼↑ 公平感↑ 政策疲労↓ 二極化↓	LLM政策探索/構造持続あり+伴走支援	日本	副作用圧が極大で疲労と公平感欠損が固定化、手続き前に不信と対象外感が詰まる	困った時に助けを求めても揉めて止まりそうで、最初から関わりたくないと感じる
FB026	22	社会反応	制度要求の可視化	0.36	全体	制度応答↑ SNS不安↑	若者・現役行動フィードバック	日本国内	政策疲労66.2、公平感欠損46.3、生活防衛42.4	怒りや制度要求が可視化され、政策対応への期待と失望が同時に高まる。
FB026	22	社会反応	制度要求の可視化	0.36	全体	制度応答↑ SNS不安↑	若者・現役行動フィードバック	日本国内	政策疲労66.2、公平感欠損46.3、生活防衛42.4	怒りや制度要求が可視化され、政策対応への期待と失望が同時に高まる。
FB027	22	社会反応	生活防衛シフト	0.69	全体	生活コスト不安↑ 子ども意向↓	若者・現役行動フィードバック	日本国内	政策疲労66.2、公平感欠損46.3、生活防衛42.4	家計防衛が優先され、将来投資や子どもを迎える判断が後回しになる。
FB027	22	社会反応	生活防衛シフト	0.69	全体	生活コスト不安↑ 子ども意向↓	若者・現役行動フィードバック	日本国内	政策疲労66.2、公平感欠損46.3、生活防衛42.4	家計防衛が優先され、将来投資や子どもを迎える判断が後回しになる。
OE022	22	組織判断	企業・組織の採用育成判断	0.49	若者・現役世代	採用不安↑ 若手育成経路↓	組織運営LLM	日本	未来通信システム株式会社: 新卒は厳選継続、中途は危機広報・セキュリティ増員 / 首都圏業務支援株式会社: 新卒は最小枠維持、中途は顧客折衝・監査・AI運用を優先 / 関東広域ロジスティクス株式会社: 新卒は現場監督候補に限定継続。中途・外注増	未来通信システム株式会社: 不安増で安定志向が強まり、配属の透明性要求が高まる / 首都圏業務支援株式会社: 採用枠の狭さと即戦力要求で不安増、対人対応スキルの価値上昇 / 関東広域ロジスティクス株式会社: 監督候補は機会維持、一般職は不安増と選別感 現役側には 未来通信システム株式会社: 危機対応と説明責任が増え、再学習と心理負荷が上がる / 首都圏業務支援株式会社: 説明責任と再教育負荷が増、外注調整で雇用不安も波及 / 関東広域ロジスティクス株式会社: 現場は省人化で再配置圧、運用・保守スキル需要増
PL021_01	22	政策探索	線引き・停止条件の1画面固定（短文化版）	0.60	注意層（制度不信/監視懸念/対象外感/手続き離脱）＋現役納税層	制度信頼↑ 誤解↓ 政策疲労↓ 対象外反発↓ 副作用圧↓	LLM政策探索/構造持続あり+伴走支援	日本	副作用圧が最大化し政策疲労も高止まり。線引き不信と対象外反発が再燃しやすい。	制度の線引きが見えず、いつ何が変わるか不安で離れたくなる。
PL021_02	22	政策探索	異議即時レーンの流量制御を最優先（窓口負荷優先配賦）	0.55	注意層（対象外感/誤解影響）＋自治体窓口逼迫地域＋支援検討層	副作用圧↓ 公平感↑ 制度信頼↑ 政策疲労↓ 二極化↓	LLM政策探索/構造持続あり+伴走支援	日本	副作用圧が最大化し政策疲労も高止まり。線引き不信と対象外反発が再燃しやすい。	不公平だと思っても声が通らない感じが強いと、制度全体を信用できない。
WE029	22	世界イベント	間接衝突拡大	0.72	全体	地政学リスク↑ SNS不安↑	国家LLMリスク段階	北朝鮮、ロシア	ステップ22: SNS不安増幅が79.3。高リスク国: ウクライナ(限定戦争)、ロシア(間接衝突)、北朝鮮(間接衝突)、イスラエル(間接衝突)。日本の緩衝政策余力は25.9。	北朝鮮、ロシアの間接衝突化により、SNS上の不安と将来予見性の低下が強まる。
FB028	23	社会反応	生活防衛シフト	0.73	全体	生活コスト不安↑ 子ども意向↓	若者・現役行動フィードバック	日本国内	政策疲労68.4、公平感欠損47.0、生活防衛44.5	家計防衛が優先され、将来投資や子どもを迎える判断が後回しになる。
FB028	23	社会反応	生活防衛シフト	0.73	全体	生活コスト不安↑ 子ども意向↓	若者・現役行動フィードバック	日本国内	政策疲労68.4、公平感欠損47.0、生活防衛44.5	家計防衛が優先され、将来投資や子どもを迎える判断が後回しになる。
OE023	23	組織判断	企業・組織の採用育成判断	0.52	若者・現役世代	採用不安↑ 若手育成経路↓	組織運営LLM	日本	未来通信システム株式会社: 新卒は厳選継続、中途は調達・審査・セキュリティ増員 / さくら在宅ケア株式会社: 新卒は少数継続。資格者・復職者・経験中途を優先、紹介強化 / 首都圏業務支援株式会社: 新卒は最小枠維持、中途は低計算運用と説明対応を優先	未来通信システム株式会社: 学習機会格差が拡大し、採用選別不安が強まる / さくら在宅ケア株式会社: 現場負担は軽減も、SNS不安で離職・転職迷いが増えやすい / 首都圏業務支援株式会社: 新卒枠は細り、AI運用・説明力の早期獲得が重要化 現役側には 未来通信システム株式会社: 審査・運用職へ再学習圧力、配置転換の摩擦が増える / さくら在宅ケア株式会社: 業務標準化で負担減。ただしAI運用習得と感情労働が増える / 首都圏業務支援株式会社: 説明責任と監査業務が増え、再学習と負荷が上昇
PL022_01	23	政策探索	異議即時レーン最優先・窓口負荷連動配賦	0.62	注意層（制度不信/対象外感/誤解影響）＋窓口逼迫地域＋支援検討層	副作用圧↓ 制度信頼↑ 公平感↑ 政策疲労↓ 二極化↓	LLM政策探索/構造持続あり+伴走支援	日本	副作用圧が最大で制度不信が再燃。SNS不安下で異議処理滞留と説明過多が政策疲労を増幅。	炎上と不安が続き、困っても結局たらい回しになる気がして動けない。
PL022_02	23	政策探索	2導線＋短文化1画面をデフォルト化（詳細は任意）	0.55	注意層（情報過敏/手続き離脱/制度不信）＋現役納税層＋対象外感が強い層	政策疲労↓ 情報過負荷↓ 手続き到達↑ 制度信頼↑ 対象外反発↓	LLM政策探索/構造持続あり+伴走支援	日本	副作用圧が最大で制度不信が再燃。SNS不安下で異議処理滞留と説明過多が政策疲労を増幅。	情報が多すぎて比較も判断もできず、結局何も選べないまま疲れてしまう。
WE030	23	世界イベント	半導体・計算資源制約の悪化	0.51	全体	学習機会格差↑ 雇用不安↑	計算資源制約	ウクライナ(限定戦争)、ロシア(間接衝突)、北朝鮮(間接衝突)、イスラエル(間接衝突)	ステップ23: SNS不安増幅が82.4。高リスク国: ウクライナ(限定戦争)、ロシア(間接衝突)、北朝鮮(間接衝突)、イスラエル(間接衝突)。日本の緩衝政策余力は23.9。	計算資源と半導体制約により、AI利用格差と進路不安が広がる。 直近で悪化しており、前よりも日常の判断に入り込みやすい。
FB029	24	社会反応	制度要求の可視化	0.46	全体	制度応答↑ SNS不安↑	若者・現役行動フィードバック	日本国内	政策疲労69.8、生活防衛47.6、公平感欠損46.7	怒りや制度要求が可視化され、政策対応への期待と失望が同時に高まる。
FB029	24	社会反応	制度要求の可視化	0.46	全体	制度応答↑ SNS不安↑	若者・現役行動フィードバック	日本国内	政策疲労69.8、生活防衛47.6、公平感欠損46.7	怒りや制度要求が可視化され、政策対応への期待と失望が同時に高まる。
FB030	24	社会反応	生活防衛シフト	0.79	全体	生活コスト不安↑ 子ども意向↓	若者・現役行動フィードバック	日本国内	政策疲労69.8、生活防衛47.6、公平感欠損46.7	家計防衛が優先され、将来投資や子どもを迎える判断が後回しになる。
FB030	24	社会反応	生活防衛シフト	0.79	全体	生活コスト不安↑ 子ども意向↓	若者・現役行動フィードバック	日本国内	政策疲労69.8、生活防衛47.6、公平感欠損46.7	家計防衛が優先され、将来投資や子どもを迎える判断が後回しになる。
OE024	24	組織判断	企業・組織の採用育成判断	0.51	若者・現役世代	採用不安↑ 若手育成経路↓	組織運営LLM	日本	未来通信システム株式会社: 新卒は厳選継続、中途はセキュリティ・供給網を増員 / 首都圏業務支援株式会社: 新卒は最小枠維持。中途は説明・監査・運用を優先採用 / さくら在宅ケア株式会社: 新卒少数継続。資格者・復職者・経験中途を優先し紹介強化	未来通信システム株式会社: 選別不安が増す一方、運用設計型の成長機会が増える / 首都圏業務支援株式会社: 安心設計の業務で入口は残るが、即戦力圧力は強い / さくら在宅ケア株式会社: 不安増で離職リスク。支援厚めの職場は定着、採用競争は厳化 現役側には 未来通信システム株式会社: 不安増幅で疲労が蓄積、監査・運用負荷と再学習圧力が上昇 / 首都圏業務支援株式会社: 説明責任と監査負荷が増え、再学習と精神負荷が上昇 / さくら在宅ケア株式会社: 慢性負荷で疲弊。省力化が進む一方、ケア品質責任の重さが増す
PL023_01	24	政策探索	異議即時レーンの待ち時間可視化＋不正抑止ミニ審査	0.62	注意層（制度不信/対象外感/誤解影響）＋窓口逼迫地域＋支援検討層	副作用圧↓ 公平感↑ 制度信頼↑ 政策疲労↓	LLM政策探索/構造持続あり+伴走支援	日本	副作用圧が最大で政策疲労も高止まり。対象外感と手続き不信が二極化を押し広げる局面。	制度はあるのに結局たらい回しで、誰が得してるのか分からない不安が増えている。
WE031	24	世界イベント	地政学SNS不安拡散の高止まり	0.75	全体	不安↑ 怒り↑ 逃避行動↑ 慢性負荷↑	SNS不安増幅	ウクライナ(限定戦争)、北朝鮮(間接衝突)、ロシア(間接衝突)、イスラエル(間接衝突)	ステップ24: SNS不安増幅が84.1。高リスク国: ウクライナ(限定戦争)、北朝鮮(間接衝突)、ロシア(間接衝突)、イスラエル(間接衝突)。日本の緩衝政策余力は22.5。	危機情報がSNSで増幅し、不安と怒りが日常会話に入り込む。 新しい事件というより、高い不安が続いて疲労感を生む。
WE032	24	制度制約	財政制約による支援遅れの高止まり	1.00	全体	制度信頼↓ 裏切られ感↑ 慢性負荷↑	日本社会状態	日本	ステップ24: SNS不安増幅が84.1。高リスク国: ウクライナ(限定戦争)、北朝鮮(間接衝突)、ロシア(間接衝突)、イスラエル(間接衝突)。日本の緩衝政策余力は22.5。	財政圧力により若者支援や生活支援が遅れ、制度への失望が出やすい。 新しい事件というより、高い不安が続いて疲労感を生む。
FB031	25	社会反応	制度要求の可視化	0.38	全体	制度応答↑ SNS不安↑	若者・現役行動フィードバック	日本国内	政策疲労72.6、公平感欠損48.2、生活防衛42.2	怒りや制度要求が可視化され、政策対応への期待と失望が同時に高まる。
FB031	25	社会反応	制度要求の可視化	0.38	全体	制度応答↑ SNS不安↑	若者・現役行動フィードバック	日本国内	政策疲労72.6、公平感欠損48.2、生活防衛42.2	怒りや制度要求が可視化され、政策対応への期待と失望が同時に高まる。
FB032	25	社会反応	生活防衛シフト	0.69	全体	生活コスト不安↑ 子ども意向↓	若者・現役行動フィードバック	日本国内	政策疲労72.6、公平感欠損48.2、生活防衛42.2	家計防衛が優先され、将来投資や子どもを迎える判断が後回しになる。
FB032	25	社会反応	生活防衛シフト	0.69	全体	生活コスト不安↑ 子ども意向↓	若者・現役行動フィードバック	日本国内	政策疲労72.6、公平感欠損48.2、生活防衛42.2	家計防衛が優先され、将来投資や子どもを迎える判断が後回しになる。
OE025	25	組織判断	企業・組織の採用育成判断	0.50	若者・現役世代	採用不安↑ 若手育成経路↓	組織運営LLM	日本	首都圏業務支援株式会社: 新卒は最小維持。中途は監査・説明・運用を厚め / 関東広域ロジスティクス株式会社: 新卒は監督候補を最小維持。中途・外注で穴埋め継続 / 未来通信システム株式会社: 新卒は少数精鋭継続、中途は信頼・運用を厚め	首都圏業務支援株式会社: 説明・監査型の入口は増えるが採用枠は狭い / 関東広域ロジスティクス株式会社: 採用絞りで不安増。標準化・運用技能で早期戦力化は進む / 未来通信システム株式会社: 選別不安が増幅、安心できる育成枠が価値化 現役側には 首都圏業務支援株式会社: 監査責任と再配置が増え、離職不安も上がる / 関東広域ロジスティクス株式会社: 現場に不安波及。運用改善と配置転換で負荷増も雇用は維持寄り / 未来通信システム株式会社: 説明責任・監査対応の負荷増、再学習圧が上昇
PL023_02	25	政策探索	対象外感を減らす社会維持活動ポイント（非出産選択も対象）	0.50	現役納税層＋非婚・非出産選択者＋家族介護/地域維持の担い手＋注意層（対象外感）	公平感↑ 対象外反発↓ 制度信頼↑ 二極化↓ 生活防衛↑	LLM政策探索/構造持続あり+伴走支援	日本	副作用圧が最大で政策疲労も高止まり。対象外感と手続き不信が二極化を押し広げる局面。	子ども以前に生活と将来が不安で、支援が自分には関係ない気がして距離ができている。
PL024_01	25	政策探索	通知頻度制御＋要点ダイジェスト（停止条件/線引き固定）	0.62	注意層（情報過敏/制度不信/対象外感）＋現役納税層	政策疲労↓ 誤解↓ 制度信頼↑ 対象外反発↓ 手続き到達↑	LLM政策探索/構造持続あり+伴走支援	日本	副作用圧100と政策疲労が高止まり。SNS不安下で監視誤認と対象外反発が増幅しやすい。	情報が多すぎて不安だけ増え、結局どれが自分に関係あるのか分からない。
PL025_02	25	政策探索	通知は週1上限＋重要のみ即時（詳細は任意・不利益なし）	0.52	注意層（情報過敏/制度不信/対象外感）＋現役納税層	政策疲労↓ 誤解↓ 制度信頼↑ 手続き到達↑ 対象外反発↓	LLM政策探索/構造持続あり+伴走支援	日本	副作用圧が最大化し、政策疲労と対象外感が残存。増設より簡素化と補償の筋の統一が急務。	通知が多いほど不安が増えるので、必要なときだけ確実に届いてほしい。
FB033	26	社会反応	生活防衛シフト	0.66	全体	生活コスト不安↑ 子ども意向↓	若者・現役行動フィードバック	日本国内	政策疲労72.4、公平感欠損47.6、生活防衛40.7	家計防衛が優先され、将来投資や子どもを迎える判断が後回しになる。
FB033	26	社会反応	生活防衛シフト	0.66	全体	生活コスト不安↑ 子ども意向↓	若者・現役行動フィードバック	日本国内	政策疲労72.4、公平感欠損47.6、生活防衛40.7	家計防衛が優先され、将来投資や子どもを迎える判断が後回しになる。
OE026	26	組織判断	企業・組織の採用育成判断	0.45	若者・現役世代	育成経路↑ 地域接続↑	組織運営LLM	日本	未来通信システム株式会社: 新卒は絞りAI運用・監査寄りで採用、中途は危機対応を増枠 / 首都圏業務支援株式会社: 新卒は最小枠維持。中途は運用監査・説明人材を厚く / 関東広域ロジスティクス株式会社: 新卒は監督候補を最小維持。中途・外注比率を微増	未来通信システム株式会社: 採用絞りで不安増、安心枠は運用・監査系で拡大 / 首都圏業務支援株式会社: 新卒枠は細り不安増。炎上対応スキルの需要は増える / 関東広域ロジスティクス株式会社: 採用枠が絞られ不安増。運用系スキル提示で安心も生む 現役側には 未来通信システム株式会社: 説明責任と危機対応の負荷増、再学習と職務再編が進む / 首都圏業務支援株式会社: 監査・説明業務が増え負荷上昇。配置転換の圧力が強い / 関東広域ロジスティクス株式会社: 現場は標準化負担増。再訓練で雇用維持の安心は残る
PL024_02	26	政策探索	社会維持活動の報酬化（非子育てケア/地域維持も対象）ミニ枠	0.52	対象外感が強い層（非婚・非出産選択者含む）＋ケア負担層＋地域維持担い手	公平感↑ 対象外反発↓ 制度信頼↑ 二極化↓ 生活防衛↑	LLM政策探索/構造持続あり+伴走支援	日本	副作用圧100と政策疲労が高止まり。SNS不安下で監視誤認と対象外反発が増幅しやすい。	子ども施策だけが前に出ると、自分の生活や地域の支えは評価されていない気がする。
PL025_01	26	政策探索	社会維持ポイントの上限・自動付与・二重取り明確化	0.58	現役納税層＋非婚/非出産選択者＋介護/地域維持担い手＋注意層（対象外感）	公平感↑ 対象外反発↓ 制度信頼↑ 二極化↓ 政策疲労↓	LLM政策探索/構造持続あり+伴走支援	日本	副作用圧が最大化し、政策疲労と対象外感が残存。増設より簡素化と補償の筋の統一が急務。	制度が増えすぎて追えないし、自分が対象かどうか毎回不安になる。
FB034	27	社会反応	制度要求の可視化	0.26	全体	制度応答↑ SNS不安↑	若者・現役行動フィードバック	日本国内	政策疲労73.7、公平感欠損46.2、生活防衛37.4	怒りや制度要求が可視化され、政策対応への期待と失望が同時に高まる。
FB034	27	社会反応	制度要求の可視化	0.26	全体	制度応答↑ SNS不安↑	若者・現役行動フィードバック	日本国内	政策疲労73.7、公平感欠損46.2、生活防衛37.4	怒りや制度要求が可視化され、政策対応への期待と失望が同時に高まる。
FB035	27	社会反応	生活防衛シフト	0.60	全体	生活コスト不安↑ 子ども意向↓	若者・現役行動フィードバック	日本国内	政策疲労73.7、公平感欠損46.2、生活防衛37.4	家計防衛が優先され、将来投資や子どもを迎える判断が後回しになる。
FB035	27	社会反応	生活防衛シフト	0.60	全体	生活コスト不安↑ 子ども意向↓	若者・現役行動フィードバック	日本国内	政策疲労73.7、公平感欠損46.2、生活防衛37.4	家計防衛が優先され、将来投資や子どもを迎える判断が後回しになる。
OE027	27	組織判断	企業・組織の採用育成判断	0.47	若者・現役世代	育成経路↑ 地域接続↑	組織運営LLM	日本	未来通信システム株式会社: 新卒は信頼・運用職を厳選、中途は危機対応を厚く / 関東広域ロジスティクス株式会社: 新卒は監督候補を最小維持。中途は維持、外注で変動吸収 / 桐野市産業雇用課: 重点業種の採用補助は維持。SNS不安ケアと定着要件を強化	未来通信システム株式会社: 採用絞りと炎上不安で志望が二極化、適応力格差が拡大 / 関東広域ロジスティクス株式会社: 採用枠は狭いが技能が明確化。不安は説明と訓練で低減 / 桐野市産業雇用課: 不安増幅で応募回避が出るが、相談常設で離脱を抑える 現役側には 未来通信システム株式会社: 監査・安全・対話スキル需要増、再学習負担と評価不安が上昇 / 関東広域ロジスティクス株式会社: 現場は標準化で負荷減。保守・運用への再配置圧力が増す / 桐野市産業雇用課: 再配置と再訓練需要が増す。生活不安支援で摩擦を緩和
PL026_01	27	政策探索	社会維持報酬ミニ枠の自動付与化＋申請抑制	0.62	注意層（制度不信/対象外感）＋現役納税層＋ケア/地域維持担い手	政策疲労↓ 公平感↑ 制度信頼↑ 二極化↓ 副作用圧↓	LLM政策探索/構造持続あり+伴走支援	日本	副作用圧が極大で、制度拡張が疲労と線引き反発を増幅。まず簡素化と監査で信頼回復が要る。	制度が増えるほど自分の生活が監視と手続きで削られる気がして不安だ。
FB036	28	社会反応	生活防衛シフト	0.70	全体	生活コスト不安↑ 子ども意向↓	若者・現役行動フィードバック	日本国内	政策疲労75.6、公平感欠損46.7、生活防衛42.7	家計防衛が優先され、将来投資や子どもを迎える判断が後回しになる。
FB036	28	社会反応	生活防衛シフト	0.70	全体	生活コスト不安↑ 子ども意向↓	若者・現役行動フィードバック	日本国内	政策疲労75.6、公平感欠損46.7、生活防衛42.7	家計防衛が優先され、将来投資や子どもを迎える判断が後回しになる。
OE028	28	組織判断	企業・組織の採用育成判断	0.48	若者・現役世代	育成経路↑ 地域接続↑	組織運営LLM	日本	未来通信システム株式会社: 新卒は信頼/運用を厳選、中途は対外対応と基盤を強化 / 首都圏業務支援株式会社: 新卒は最小維持。中途は危機広報・監査運用を優先 / 関東広域ロジスティクス株式会社: 新卒は監督候補を最小維持。中途・派遣で波動吸収	未来通信システム株式会社: 選別厳格化で不安増、対話/運用系の入口は残る / 首都圏業務支援株式会社: 若手は対外説明スキルが伸びる一方、創造業務機会は減る / 関東広域ロジスティクス株式会社: 採用絞りで不安増。運用技能の短期習得機会は増える 現役側には 未来通信システム株式会社: 炎上対応と監査負荷増、再学習と役割転換が加速 / 首都圏業務支援株式会社: 現役は監査・顧客折衝へ寄せられ負荷増、雇用は維持寄り / 関東広域ロジスティクス株式会社: 現場は安定優先で負荷増。配置転換で学び直し圧が上がる
PL026_02	28	政策探索	家族形成伴走ライト（匿名可・即時予約・非強制）	0.52	中立層＋注意層（情報過敏/制度不信/手続き離脱）＋支援検討層	手続き到達↑ 制度信頼↑ ケア圧の早期緩和↑ 子ども希望の条件整理↑	LLM政策探索/構造持続あり+伴走支援	日本	副作用圧が極大で、制度拡張が疲労と線引き反発を増幅。まず簡素化と監査で信頼回復が要る。	将来の選択肢を整理したいのに、どこに何を聞けばいいか分からず怖い。
PL027_01	28	政策探索	副作用監査＋異議申立の非強制説明セット	0.62	注意層（制度不信/監視懸念/対象外感）＋現役納税層＋自治体窓口逼迫地域	副作用圧↓ 制度信頼↑ 公平感↑ 政策疲労↓ 二極化↓	LLM政策探索/構造持続あり+伴走支援	日本	注意層が7割超で副作用圧100・政策疲労高止まり。追加より監査/説明/ケア緩衝で信頼回復が先。	制度が変わり続けて把握できず、知らないうちに不利益や監視が増える不安が強い。
PL027_02	28	政策探索	産後休息・代替ケア即時予約ミニ枠	0.58	妊娠中〜産後1年の当事者＋パートナー＋ケア負担層（祖父母同居/ワンオペ含む）	ケア負担↓ 離脱↓ 生活防衛↑ 制度信頼↑ 家族形成の詰まり解消↑	LLM政策探索/構造持続あり+伴走支援	日本	注意層が7割超で副作用圧100・政策疲労高止まり。追加より監査/説明/ケア緩衝で信頼回復が先。	出産後に休めない・頼れない想像が先に立ち、選択肢として家族形成が遠のいている。
PL028_02	28	政策探索	非強制・財源枠・対象外配慮の1枚説明（不利益なし）	0.48	注意層（監視懸念/対象外感/制度不信）＋現役納税層＋非婚/非出産選択者	制度信頼↑ 公平感↑ 対象外反発↓ 財政不安↓ 副作用圧↓ 政策疲労↓	LLM政策探索/構造持続あり+伴走支援	日本	副作用圧が最大で政策疲労も高止まり。施策追加より導線統合と非強制説明で反発と離脱を抑える局面。	やらない選択が不利にならないか、あとから条件が変わらないかが一番不安。
FB037	29	社会反応	生活防衛シフト	0.67	全体	生活コスト不安↑ 子ども意向↓	若者・現役行動フィードバック	日本国内	政策疲労77.9、公平感欠損47.9、生活防衛41.0	家計防衛が優先され、将来投資や子どもを迎える判断が後回しになる。
FB037	29	社会反応	生活防衛シフト	0.67	全体	生活コスト不安↑ 子ども意向↓	若者・現役行動フィードバック	日本国内	政策疲労77.9、公平感欠損47.9、生活防衛41.0	家計防衛が優先され、将来投資や子どもを迎える判断が後回しになる。
OE029	29	組織判断	企業・組織の採用育成判断	0.44	若者・現役世代	育成経路↑ 地域接続↑	組織運営LLM	日本	未来通信システム株式会社: 新卒は信頼・省電力運用を厳選、中途で補強 / 首都圏業務支援株式会社: 新卒は最小維持。中途は危機広報・監査運用を増やす / さくら在宅ケア株式会社: 新卒少数維持。資格者・復職者優先、地域紹介を厚く	未来通信システム株式会社: 信頼・説明職の需要増、選別不安と炎上恐れが拡大 / 首都圏業務支援株式会社: 新卒枠が細り不安増。運用・説明型スキルに需要集中 / さくら在宅ケア株式会社: 不安対応が増える一方、標準手順で早期戦力化しやすい 現役側には 未来通信システム株式会社: 再学習と対外対応負荷が増え、省エネ運用へ移行圧 / 首都圏業務支援株式会社: 監査・説明責任の負荷増。現場はAI監督役へ再配置圧 / さくら在宅ケア株式会社: 物価高で離職圧力。負担軽減策が定着と稼働を左右
PL028_01	29	政策探索	3導線統合ワンストップ（支援/異議/予約）	0.62	注意層（情報過敏/制度不信/手続き離脱）＋中立層＋現役納税層	政策疲労↓ 情報過負荷↓ 手続き到達↑ 制度信頼↑ 対象外反発↓ 副作用圧↓	LLM政策探索/構造持続あり+伴走支援	日本	副作用圧が最大で政策疲労も高止まり。施策追加より導線統合と非強制説明で反発と離脱を抑える局面。	情報が多すぎて、結局どれが自分に関係あるのか分からず怖い。
WE033	29	世界イベント	エネルギー価格ショック	0.20	全体	生活コスト↑ 子ども意向↓	エネルギー価格圧力	ウクライナ(限定戦争)、ロシア(間接衝突)、イスラエル(間接衝突)	ステップ29: SNS不安増幅が89.3。高リスク国: ウクライナ(限定戦争)、ロシア(間接衝突)、イスラエル(間接衝突)。日本の緩衝政策余力は18.4。	エネルギー圧力が高く、家計と移動・電気代への不安が増える。
FB038	30	社会反応	制度要求の可視化	0.48	全体	制度応答↑ SNS不安↑	若者・現役行動フィードバック	日本国内	政策疲労76.3、公平感欠損47.3、生活防衛43.5	怒りや制度要求が可視化され、政策対応への期待と失望が同時に高まる。
FB038	30	社会反応	制度要求の可視化	0.48	全体	制度応答↑ SNS不安↑	若者・現役行動フィードバック	日本国内	政策疲労76.3、公平感欠損47.3、生活防衛43.5	怒りや制度要求が可視化され、政策対応への期待と失望が同時に高まる。
FB039	30	社会反応	生活防衛シフト	0.71	全体	生活コスト不安↑ 子ども意向↓	若者・現役行動フィードバック	日本国内	政策疲労76.3、公平感欠損47.3、生活防衛43.5	家計防衛が優先され、将来投資や子どもを迎える判断が後回しになる。
FB039	30	社会反応	生活防衛シフト	0.71	全体	生活コスト不安↑ 子ども意向↓	若者・現役行動フィードバック	日本国内	政策疲労76.3、公平感欠損47.3、生活防衛43.5	家計防衛が優先され、将来投資や子どもを迎える判断が後回しになる。
OE030	30	組織判断	企業・組織の採用育成判断	0.45	若者・現役世代	育成経路↑ 地域接続↑	組織運営LLM	日本	未来通信システム株式会社: 新卒は信頼運用・危機広報適性を厳選、中途即戦力を増 / 首都圏業務支援株式会社: 新卒は最小維持。中途は危機対応・監査運用・PM寄せ / 北関東精密加工株式会社: 新卒小枠維持。保全/品質中途優先、派遣で調整	未来通信システム株式会社: 採用選別不安が増す一方、説明力/信頼運用が強みになる / 首都圏業務支援株式会社: 新卒枠が細り不安。だが危機対応スキルは獲得しやすい / 北関東精密加工株式会社: 将来不安が増すが、保守/改善職の見通しで定着支援 現役側には 未来通信システム株式会社: 炎上対応と監査負荷が増え、再訓練と心理負担が上がる / 首都圏業務支援株式会社: 監査・説明・PM需要増。定型はAI化で配置転換圧力 / 北関東精密加工株式会社: 不安増幅で離職懸念。配置転換と多能工で負荷平準化
PL029_01	30	政策探索	統合導線の段階展開＋待ち行列優先制御	0.60	注意層（制度不信/手続き離脱/情報過敏）＋窓口逼迫地域＋予約需要層	政策疲労↓ 手続き到達↑ 制度信頼↑ 副作用圧↓ 不公平感の体感↓	LLM政策探索/構造持続あり+伴走支援	日本	注意層80.8%で副作用圧100・政策疲労77.9。統合で導線は整うが待ち行列と誤認が再燃しやすい。	制度は増えたのに手続きは詰まり、結局自分だけ置いていかれる気がする。
PL029_02	30	政策探索	異議申立・予約の負担軽減（短文理由＋即時見通し表示）	0.50	注意層（監視懸念/対象外感/誤解影響）＋現役納税層＋支援検討層	副作用圧↓ 政策疲労↓ 公平感↑ 制度信頼↑ 手続き離脱↓	LLM政策探索/構造持続あり+伴走支援	日本	注意層80.8%で副作用圧100・政策疲労77.9。統合で導線は整うが待ち行列と誤認が再燃しやすい。	反論しても無駄そうだし、時間も取れないから最初から諦めてしまう。
PL030_02	30	政策探索	追加施策の一時凍結＋週1要点通知の再徹底（不利益なし）	0.58	注意層（情報過敏/制度不信）＋対象外感が強い層＋現役納税層	政策疲労↓ 誤解↓ 対象外反発↓ 制度信頼↑ 手続き到達↑	LLM政策探索/構造持続あり+伴走支援	日本	副作用圧が最大化し政策疲労も高止まり。追加よりも手続き摩擦・誤認・対象外反発の沈静化が先。	次々変わる制度より、最低限の要点だけ確実に分かって損を避けたい。
WE034	30	世界イベント	間接衝突拡大	0.72	全体	地政学リスク↑ SNS不安↑	国家LLMリスク段階	北朝鮮	ステップ30: SNS不安増幅が91.0。高リスク国: ウクライナ(限定戦争)、北朝鮮(間接衝突)、ロシア(間接衝突)、イスラエル(間接衝突)。日本の緩衝政策余力は16.4。	北朝鮮の間接衝突化により、SNS上の不安と将来予見性の低下が強まる。
WE035	30	世界イベント	地政学SNS不安拡散の高止まり	0.94	全体	不安↑ 怒り↑ 逃避行動↑ 慢性負荷↑	SNS不安増幅	ウクライナ(限定戦争)、北朝鮮(間接衝突)、ロシア(間接衝突)、イスラエル(間接衝突)	ステップ30: SNS不安増幅が91.0。高リスク国: ウクライナ(限定戦争)、北朝鮮(間接衝突)、ロシア(間接衝突)、イスラエル(間接衝突)。日本の緩衝政策余力は16.4。	危機情報がSNSで増幅し、不安と怒りが日常会話に入り込む。 新しい事件というより、高い不安が続いて疲労感を生む。
WE036	30	制度制約	財政制約による支援遅れの高止まり	1.00	全体	制度信頼↓ 裏切られ感↑ 慢性負荷↑	日本社会状態	日本	ステップ30: SNS不安増幅が91.0。高リスク国: ウクライナ(限定戦争)、北朝鮮(間接衝突)、ロシア(間接衝突)、イスラエル(間接衝突)。日本の緩衝政策余力は16.4。	財政圧力により若者支援や生活支援が遅れ、制度への失望が出やすい。 新しい事件というより、高い不安が続いて疲労感を生む。
FB040	31	社会反応	生活防衛シフト	0.54	全体	生活コスト不安↑ 子ども意向↓	若者・現役行動フィードバック	日本国内	政策疲労76.5、公平感欠損48.1、生活防衛34.0	家計防衛が優先され、将来投資や子どもを迎える判断が後回しになる。
FB040	31	社会反応	生活防衛シフト	0.54	全体	生活コスト不安↑ 子ども意向↓	若者・現役行動フィードバック	日本国内	政策疲労76.5、公平感欠損48.1、生活防衛34.0	家計防衛が優先され、将来投資や子どもを迎える判断が後回しになる。
OE031	31	組織判断	企業・組織の採用育成判断	0.43	若者・現役世代	育成経路↑ 地域接続↑	組織運営LLM	日本	首都圏業務支援株式会社: 新卒は最小維持。中途は監査運用・危機広報を厚め / 桐野市産業雇用課: 重点業種の採用補助は維持。SNS不安ケアと説明会を必須化 / 未来通信システム株式会社: 新卒はレピュ危機・統制運用適性を厳選、中途即戦力を増	首都圏業務支援株式会社: 新卒枠縮小で不安。AI運用・説明スキルに機会が寄る / 桐野市産業雇用課: 不安ケアで応募継続が増える一方、選別感の緊張は残る / 未来通信システム株式会社: 採用は狭まり不安増、統制・説明スキル型の育成機会は増 現役側には 首都圏業務支援株式会社: 監査・顧客説明へ再配置。稟議と責任負荷が増える / 桐野市産業雇用課: 再配置と学び直し支援が増え、転職不安の緩和を狙う / 未来通信システム株式会社: 炎上/障害対応と監査負荷が増え、再学習と職務転換が常態化
PL030_01	31	政策探索	異議・予約の軽量化＋監査のサンプリング運用	0.62	注意層（制度不信/監視懸念/対象外感）＋現役納税層＋窓口逼迫地域	副作用圧↓ 政策疲労↓ 公平感↑ 制度信頼↑ 手続き離脱↓	LLM政策探索/構造持続あり+伴走支援	日本	副作用圧が最大化し政策疲労も高止まり。追加よりも手続き摩擦・誤認・対象外反発の沈静化が先。	不安が増幅して制度が複雑に見え、手続きで消耗して損をしそうに感じる。
PL031_01	31	政策探索	追加施策8ステップ凍結＋要点1枚/週1運用の再統一	0.62	注意層（情報過敏/制度不信）＋現役納税層＋対象外感が強い層	政策疲労↓ 情報過負荷↓ 誤解↓ 制度信頼↑ 手続き到達↑	LLM政策探索/構造持続あり+伴走支援	日本	副作用圧が最大で政策疲労も高止まり、SNS不安下で手続き負担と対象外感が信頼を削っている	不安ニュースと通知が多すぎて、制度はあるのに使う気力が削られていく
FB041	32	社会反応	制度要求の可視化	0.31	全体	制度応答↑ SNS不安↑	若者・現役行動フィードバック	日本国内	政策疲労71.1、公平感欠損45.5、生活防衛39.3	怒りや制度要求が可視化され、政策対応への期待と失望が同時に高まる。
FB041	32	社会反応	制度要求の可視化	0.31	全体	制度応答↑ SNS不安↑	若者・現役行動フィードバック	日本国内	政策疲労71.1、公平感欠損45.5、生活防衛39.3	怒りや制度要求が可視化され、政策対応への期待と失望が同時に高まる。
FB042	32	社会反応	生活防衛シフト	0.64	全体	生活コスト不安↑ 子ども意向↓	若者・現役行動フィードバック	日本国内	政策疲労71.1、公平感欠損45.5、生活防衛39.3	家計防衛が優先され、将来投資や子どもを迎える判断が後回しになる。
FB042	32	社会反応	生活防衛シフト	0.64	全体	生活コスト不安↑ 子ども意向↓	若者・現役行動フィードバック	日本国内	政策疲労71.1、公平感欠損45.5、生活防衛39.3	家計防衛が優先され、将来投資や子どもを迎える判断が後回しになる。
OE032	32	組織判断	企業・組織の採用育成判断	0.43	若者・現役世代	育成経路↑ 地域接続↑	組織運営LLM	日本	首都圏業務支援株式会社: 新卒は最小維持。中途は危機広報・監査運用を優先 / 未来通信システム株式会社: 新卒は統制運用・説明力重視で厳選、中途即戦力を増 / 東北ライフライン保守株式会社: 新卒枠維持。地域共同採用+中途/副業で欠員補完	首都圏業務支援株式会社: 即戦力化圧で不安。安全運用スキル獲得が評価軸に / 未来通信システム株式会社: 説明責任型スキル需要増、選考の不透明感が不安化 / 東北ライフライン保守株式会社: 不安は増えるが、ケア+標準化で定着しやすくなる 現役側には 首都圏業務支援株式会社: 炎上・誤情報対応の負荷増。承認遅延で現場摩擦も増える / 未来通信システム株式会社: 統制運用への再訓練圧、現場負荷と評価基準が厳格化 / 東北ライフライン保守株式会社: 説明・監査負担は増えるが、転換で雇用不安は緩和
PL031_02	32	政策探索	社会維持natミニ配当（自動・選択制・非利用でも不利益なし）	0.58	現役納税層＋非婚/非出産選択者＋介護/地域維持担い手＋注意層（対象外感）	公平感↑ 対象外反発↓ 制度信頼↑ 二極化↓ 生活防衛↑	LLM政策探索/構造持続あり+伴走支援	日本	副作用圧が最大で政策疲労も高止まり、SNS不安下で手続き負担と対象外感が信頼を削っている	子育て支援だけが目立つと自分は置いていかれる感じがして、制度全体が信じにくい
FB043	33	社会反応	制度要求の可視化	0.30	全体	制度応答↑ SNS不安↑	若者・現役行動フィードバック	日本国内	政策疲労72.4、公平感欠損44.0、生活防衛42.1	怒りや制度要求が可視化され、政策対応への期待と失望が同時に高まる。
FB043	33	社会反応	制度要求の可視化	0.30	全体	制度応答↑ SNS不安↑	若者・現役行動フィードバック	日本国内	政策疲労72.4、公平感欠損44.0、生活防衛42.1	怒りや制度要求が可視化され、政策対応への期待と失望が同時に高まる。
FB044	33	社会反応	生活防衛シフト	0.69	全体	生活コスト不安↑ 子ども意向↓	若者・現役行動フィードバック	日本国内	政策疲労72.4、公平感欠損44.0、生活防衛42.1	家計防衛が優先され、将来投資や子どもを迎える判断が後回しになる。
FB044	33	社会反応	生活防衛シフト	0.69	全体	生活コスト不安↑ 子ども意向↓	若者・現役行動フィードバック	日本国内	政策疲労72.4、公平感欠損44.0、生活防衛42.1	家計防衛が優先され、将来投資や子どもを迎える判断が後回しになる。
OE033	33	組織判断	企業・組織の採用育成判断	0.43	若者・現役世代	育成経路↑ 地域接続↑	組織運営LLM	日本	首都圏業務支援株式会社: 新卒は最小維持。中途は危機対応・監査運用を厚め / 北関東精密加工株式会社: 新卒小枠維持。中途は保全/品質/調達優先、派遣は需給で短期調整 / 東京湾岸工科専門学校: 常勤は抑制維持、相談/広報は外部枠で増強	首都圏業務支援株式会社: 新卒枠は狭いが、AI監査・対応スキル獲得機会は残る / 北関東精密加工株式会社: 採用は細く不安増。面談増で定着は改善、技能選抜で格差感も出る / 東京湾岸工科専門学校: SNS不安下で進路迷い増、面談厚化で離脱を抑える 現役側には 首都圏業務支援株式会社: 現場は監査・承認負荷増。再配置で不安対応能力が求められる / 北関東精密加工株式会社: 再配置と保全/ロボ化で負担増。残業減は歓迎も賃金伸び悩み不満 / 東京湾岸工科専門学校: 教職員のケア負荷増、配置転換で燃え尽き抑制
PL032_01	33	政策探索	非強制・対象外配慮の要点1枚を個別最適配信	0.60	注意層（情報過敏/制度不信/対象外感）＋現役納税層＋非婚/非出産選択者	政策疲労↓ 誤解↓ 公平感↑ 制度信頼↑ 対象外反発↓	LLM政策探索/構造持続あり+伴走支援	日本	SNS不安増幅下で副作用圧100・政策疲労71が先行し、利用到達より不信/誤解が再燃	不安が拡散していて、制度は結局誰かだけ得するものに見える
PL032_02	33	政策探索	予約・相談の待ち行列見通し表示＋自治体間の即時融通枠	0.55	妊娠中〜産後1年の当事者＋パートナー＋注意層（手続き離脱/不公平感）＋窓口逼迫地域	ケア負担↓ 生活防衛↑ 手続き到達↑ 不公平感の体感↓ 制度信頼↑ 副作用圧↓	LLM政策探索/構造持続あり+伴走支援	日本	SNS不安増幅下で副作用圧100・政策疲労71が先行し、利用到達より不信/誤解が再燃	必要な時に繋がれないのが一番こわく、結局自己責任に戻る気がする
PL033_02	33	政策探索	週1要点通知の『一本化』とオプトイン強化（不利益なし）	0.50	注意層（情報過敏/制度不信）＋現役納税層＋対象外感が強い層	政策疲労↓ 誤解↓ 対象外反発↓ 制度信頼↑ 手続き到達↑	LLM政策探索/構造持続あり+伴走支援	日本	SNS不安増幅下で副作用圧が最大、政策疲労も高止まり。追加より『負担の見通し化＋手続き摩擦の除去』が先。	通知が多いほど不安が増えて、結局何をすればいいか分からなくなる。
WE037	33	世界イベント	間接衝突拡大	0.72	全体	地政学リスク↑ SNS不安↑	国家LLMリスク段階	北朝鮮	ステップ33: SNS不安増幅が93.1。高リスク国: ウクライナ(限定戦争)、北朝鮮(間接衝突)、ロシア(間接衝突)、イスラエル(間接衝突)。日本の緩衝政策余力は15.1。	北朝鮮の間接衝突化により、SNS上の不安と将来予見性の低下が強まる。
FB045	34	社会反応	生活防衛シフト	0.48	全体	生活コスト不安↑ 子ども意向↓	若者・現役行動フィードバック	日本国内	政策疲労69.6、公平感欠損43.3、生活防衛30.9	家計防衛が優先され、将来投資や子どもを迎える判断が後回しになる。
FB045	34	社会反応	生活防衛シフト	0.48	全体	生活コスト不安↑ 子ども意向↓	若者・現役行動フィードバック	日本国内	政策疲労69.6、公平感欠損43.3、生活防衛30.9	家計防衛が優先され、将来投資や子どもを迎える判断が後回しになる。
OE034	34	組織判断	企業・組織の採用育成判断	0.43	若者・現役世代	育成経路↑ 地域接続↑	組織運営LLM	日本	首都圏業務支援株式会社: 新卒は抑制し最小維持。中途は監査運用・危機対応を厚め / さくら在宅ケア株式会社: 新卒少数維持。復職・紹介・短時間枠を優先拡大 / 桐野市産業雇用課: 重点業種の採用補助は維持。偽情報相談を強化	首都圏業務支援株式会社: 若手は感情労働が増え疲弊リスク。AI監査技能で一部は成長 / さくら在宅ケア株式会社: ケア志望は安心増、SNS不安で応募は揺れやすい / 桐野市産業雇用課: 就職不安が増え、相談需要と地元志向が強まる 現役側には 首都圏業務支援株式会社: 現役は承認責任と監査負荷が増。配置転換で職務不安が拡大 / さくら在宅ケア株式会社: 現役は負担軽減期待と監視不安が同居、離職分岐 / 桐野市産業雇用課: 再配置と再学習の圧が増え、心理負担が上がる
PL033_01	34	政策探索	異議・予約の処理滞留ゼロ化（共同バックオフィス＋可視化）	0.62	注意層（制度不信/監視懸念/手続き離脱）＋妊娠中〜産後1年の当事者＋窓口逼迫地域	副作用圧↓ 政策疲労↓ 手続き到達↑ 不公平感体感↓ 制度信頼↑	LLM政策探索/構造持続あり+伴走支援	日本	SNS不安増幅下で副作用圧が最大、政策疲労も高止まり。追加より『負担の見通し化＋手続き摩擦の除去』が先。	申請しても待ちと不透明さで消耗し、制度が自分を助ける実感が湧かない。
PL034_01	34	政策探索	通知一本化のオプトイン再強化＋追加施策の短期凍結延長	0.60	注意層（情報過敏/制度不信）＋現役納税層＋対象外感が強い層	政策疲労↓ 誤解↓ 対象外反発↓ 制度信頼↑ 手続き到達↑	LLM政策探索/構造持続あり+伴走支援	日本	副作用圧100と政策疲労69.6が支配。SNS不安増幅下で手続き不信と対象外感が残り、注意層60.8が固定化。	情報が多すぎて何が大事か分からず、制度は結局ややこしくて自分は対象外だと感じる。
FB046	35	社会反応	生活防衛シフト	0.66	全体	生活コスト不安↑ 子ども意向↓	若者・現役行動フィードバック	日本国内	政策疲労68.6、公平感欠損43.3、生活防衛40.8	家計防衛が優先され、将来投資や子どもを迎える判断が後回しになる。
FB046	35	社会反応	生活防衛シフト	0.66	全体	生活コスト不安↑ 子ども意向↓	若者・現役行動フィードバック	日本国内	政策疲労68.6、公平感欠損43.3、生活防衛40.8	家計防衛が優先され、将来投資や子どもを迎える判断が後回しになる。
OE035	35	組織判断	企業・組織の採用育成判断	0.43	若者・現役世代	育成経路↑ 地域接続↑	組織運営LLM	日本	首都圏業務支援株式会社: 新卒は最小維持。中途は監査・危機対応・顧客折衝を優先 / 未来通信システム株式会社: 新卒は信頼・監査・対外説明寄りに絞り、中途は運用即戦力優先 / 東北ライフライン保守株式会社: 新卒枠は維持。共同採用+中途即戦力で補完	首都圏業務支援株式会社: 新卒枠が細り不安。危機対応スキル獲得の機会は増加 / 未来通信システム株式会社: 信頼系職能が入口に増え、技術志向は選別感と不安が強まる / 東北ライフライン保守株式会社: 不安局面で安心感は増すが負荷も高く離脱リスク残る 現役側には 首都圏業務支援株式会社: 監査・承認・顧客対応へ再配置圧力。評価は安定運用品質寄り / 未来通信システム株式会社: 説明責任と監査対応が増え、運用/企画の再学習負荷が上がる / 東北ライフライン保守株式会社: 説明対応が増え負荷上昇。技能移管と役割再設計が進む
PL034_02	35	政策探索	共同バックオフィスの可視化＋異議/予約の非強制説明と監査サンプリング告知	0.55	注意層（監視懸念/制度不信/手続き離脱）＋妊娠中〜産後1年の当事者＋対象外感が強い層	副作用圧↓ 公平感↑ 制度信頼↑ 手続き到達↑ 不公平感体感↓	LLM政策探索/構造持続あり+伴走支援	日本	副作用圧100と政策疲労69.6が支配。SNS不安増幅下で手続き不信と対象外感が残り、注意層60.8が固定化。	支援はありがたいけど、どこまで見られて何が基準なのか不透明で申し込むのが怖い。
PL035_02	35	政策探索	監査サンプリングと非強制の要点1枚（財源上限・停止条件付き）	0.50	注意層（監視懸念/対象外感）＋現役納税層＋非婚/非出産選択者	誤解↓ 公平感↑ 制度信頼↑ 対象外反発↓ 財政不安の増幅↓	LLM政策探索/構造持続あり+伴走支援	日本	副作用圧が上限、SNS不安で誤認増。政策疲労と公平感欠損が離脱を固定化。	何が任意で、どこまでが上限で、誰が監査するのかが分からず不信が先に立つ。
WE038	35	世界イベント	間接衝突拡大	0.72	全体	地政学リスク↑ SNS不安↑	国家LLMリスク段階	イスラエル	ステップ35: SNS不安増幅が92.0。高リスク国: ウクライナ(限定戦争)、ロシア(間接衝突)、イスラエル(間接衝突)。日本の緩衝政策余力は16.8。	イスラエルの間接衝突化により、SNS上の不安と将来予見性の低下が強まる。
FB047	36	社会反応	制度要求の可視化	0.27	全体	制度応答↑ SNS不安↑	若者・現役行動フィードバック	日本国内	政策疲労70.4、公平感欠損42.8、生活防衛40.6	怒りや制度要求が可視化され、政策対応への期待と失望が同時に高まる。
FB047	36	社会反応	制度要求の可視化	0.27	全体	制度応答↑ SNS不安↑	若者・現役行動フィードバック	日本国内	政策疲労70.4、公平感欠損42.8、生活防衛40.6	怒りや制度要求が可視化され、政策対応への期待と失望が同時に高まる。
FB048	36	社会反応	生活防衛シフト	0.66	全体	生活コスト不安↑ 子ども意向↓	若者・現役行動フィードバック	日本国内	政策疲労70.4、公平感欠損42.8、生活防衛40.6	家計防衛が優先され、将来投資や子どもを迎える判断が後回しになる。
FB048	36	社会反応	生活防衛シフト	0.66	全体	生活コスト不安↑ 子ども意向↓	若者・現役行動フィードバック	日本国内	政策疲労70.4、公平感欠損42.8、生活防衛40.6	家計防衛が優先され、将来投資や子どもを迎える判断が後回しになる。
OE036	36	組織判断	企業・組織の採用育成判断	0.49	若者・現役世代	採用不安↑ 若手育成経路↓	組織運営LLM	日本	首都圏業務支援株式会社: 新卒は最小維持。中途は危機広報・監査・顧客折衝を増 / 未来通信システム株式会社: 新卒は監査・説明・BCP寄りに厳選、中途は運用即戦力 / さくら在宅ケア株式会社: 新卒少数継続。復職・紹介・短時間を優先し欠員補充	首都圏業務支援株式会社: 若手は対人負荷増。AI監督技能で昇給余地も選別不安が残る / 未来通信システム株式会社: 安心を担う職種に需要、選別とメンタル負荷が増す / さくら在宅ケア株式会社: 早期に説明・対人対応を担い精神負荷↑も技能定着は早まる 現役側には 首都圏業務支援株式会社: 中堅は責任集中と疲弊増。監査・説明業務へ再配置が進む / 未来通信システム株式会社: 運用・説明責任が増え、再学習と当直負荷が強まる / さくら在宅ケア株式会社: SNS不安の受け皿化で疲弊↑。AI/ロボで身体負荷は緩和方向
PL035_01	36	政策探索	異議・予約の最小入力化＋進捗自動通知	0.60	注意層（制度不信/監視懸念/手続き離脱）＋妊娠中〜産後1年当事者＋現役納税層	副作用圧↓ 政策疲労↓ 手続き到達↑ 制度信頼↑ 不公平感体感↓	LLM政策探索/構造持続あり+伴走支援	日本	副作用圧が上限、SNS不安で誤認増。政策疲労と公平感欠損が離脱を固定化。	不安情報だけ増えるのに、手続きは複雑で待ちが見えず、制度が遠いと感じる。
WE039	36	世界イベント	地政学SNS不安拡散の高止まり	0.90	全体	不安↑ 怒り↑ 逃避行動↑ 慢性負荷↑	SNS不安増幅	ウクライナ(限定戦争)、ロシア(間接衝突)、イスラエル(間接衝突)	ステップ36: SNS不安増幅が89.5。高リスク国: ウクライナ(限定戦争)、ロシア(間接衝突)、イスラエル(間接衝突)。日本の緩衝政策余力は18.2。	危機情報がSNSで増幅し、不安と怒りが日常会話に入り込む。 新しい事件というより、高い不安が続いて疲労感を生む。
WE040	36	制度制約	財政制約による支援遅れの高止まり	1.00	全体	制度信頼↓ 裏切られ感↑ 慢性負荷↑	日本社会状態	日本	ステップ36: SNS不安増幅が89.5。高リスク国: ウクライナ(限定戦争)、ロシア(間接衝突)、イスラエル(間接衝突)。日本の緩衝政策余力は18.2。	財政圧力により若者支援や生活支援が遅れ、制度への失望が出やすい。 新しい事件というより、高い不安が続いて疲労感を生む。
FB049	37	社会反応	制度要求の可視化	0.41	全体	制度応答↑ SNS不安↑	若者・現役行動フィードバック	日本国内	政策疲労70.4、公平感欠損42.9、生活防衛40.4	怒りや制度要求が可視化され、政策対応への期待と失望が同時に高まる。
FB049	37	社会反応	制度要求の可視化	0.41	全体	制度応答↑ SNS不安↑	若者・現役行動フィードバック	日本国内	政策疲労70.4、公平感欠損42.9、生活防衛40.4	怒りや制度要求が可視化され、政策対応への期待と失望が同時に高まる。
FB050	37	社会反応	生活防衛シフト	0.66	全体	生活コスト不安↑ 子ども意向↓	若者・現役行動フィードバック	日本国内	政策疲労70.4、公平感欠損42.9、生活防衛40.4	家計防衛が優先され、将来投資や子どもを迎える判断が後回しになる。
FB050	37	社会反応	生活防衛シフト	0.66	全体	生活コスト不安↑ 子ども意向↓	若者・現役行動フィードバック	日本国内	政策疲労70.4、公平感欠損42.9、生活防衛40.4	家計防衛が優先され、将来投資や子どもを迎える判断が後回しになる。
OE037	37	組織判断	企業・組織の採用育成判断	0.44	若者・現役世代	育成経路↑ 地域接続↑	組織運営LLM	日本	首都圏業務支援株式会社: 新卒は最小維持。中途は危機対応・監査・折衝を増 / 未来通信システム株式会社: 新卒は説明・監査素養で厳選、中途は運用即戦力中心 / さくら在宅ケア株式会社: 新卒は最小。復職・紹介・短時間を厚くし欠員補充	首都圏業務支援株式会社: 新卒枠が細り不安増。危機対応スキルの学習機会は増 / 未来通信システム株式会社: 採用は狭まり不安増、説明・監査型スキル需要が上がる / さくら在宅ケア株式会社: 業務負荷は下がるが、説明責任と対人ストレスは増える 現役側には 首都圏業務支援株式会社: 現場は監査・説明負荷増。配置転換と再訓練で摩耗 / 未来通信システム株式会社: 運用職は自動化で再配置、説明責任と再学習負荷が増す / さくら在宅ケア株式会社: 賃金伸び悩みでも省力化で継続可。監督負担は増加
PL036_01	37	政策探索	最小入力の安全弁（重要情報二段階＋代理/代替導線）	0.60	注意層（制度不信/監視懸念/手続き離脱）＋妊娠中〜産後1年当事者＋窓口逼迫地域	副作用圧↓ 政策疲労↓ 手続き到達↑ 制度信頼↑ 不公平感体感↓	LLM政策探索/構造持続あり+伴走支援	日本	副作用圧が最大化。SNS不安で切り取り拡散→政策疲労と監視誤認が再燃。	SNSで不安だけ増え、制度は怖いし面倒で関わりたくない。
PL036_02	37	政策探索	監査・財源の上限/停止条件の要点1枚（切り取り耐性版）	0.50	注意層（監視懸念/対象外感）＋現役納税層＋非婚/非出産選択者	誤解↓ 財政不安の増幅↓ 公平感↑ 制度信頼↑ 対象外反発↓ 政策疲労↓	LLM政策探索/構造持続あり+伴走支援	日本	副作用圧が最大化。SNS不安で切り取り拡散→政策疲労と監視誤認が再燃。	何がどこまでやるのか分からず、監視と増税だけが進む気がする。
FB051	38	社会反応	制度要求の可視化	0.28	全体	制度応答↑ SNS不安↑	若者・現役行動フィードバック	日本国内	政策疲労72.3、公平感欠損42.9、生活防衛39.3	怒りや制度要求が可視化され、政策対応への期待と失望が同時に高まる。
FB051	38	社会反応	制度要求の可視化	0.28	全体	制度応答↑ SNS不安↑	若者・現役行動フィードバック	日本国内	政策疲労72.3、公平感欠損42.9、生活防衛39.3	怒りや制度要求が可視化され、政策対応への期待と失望が同時に高まる。
FB052	38	社会反応	生活防衛シフト	0.64	全体	生活コスト不安↑ 子ども意向↓	若者・現役行動フィードバック	日本国内	政策疲労72.3、公平感欠損42.9、生活防衛39.3	家計防衛が優先され、将来投資や子どもを迎える判断が後回しになる。
FB052	38	社会反応	生活防衛シフト	0.64	全体	生活コスト不安↑ 子ども意向↓	若者・現役行動フィードバック	日本国内	政策疲労72.3、公平感欠損42.9、生活防衛39.3	家計防衛が優先され、将来投資や子どもを迎える判断が後回しになる。
OE038	38	組織判断	企業・組織の採用育成判断	0.47	若者・現役世代	育成経路↑ 地域接続↑	組織運営LLM	日本	首都圏業務支援株式会社: 新卒は最小維持。中途はAI運用・顧客折衝を厚く / 未来通信システム株式会社: 新卒は説明・監査素養を厳選、中途は対外運用を厚く / さくら在宅ケア株式会社: 新卒は少数継続。復職・紹介・短時間を増やし欠員補充	首都圏業務支援株式会社: 新卒枠が細り不安対応スキルが評価軸に寄る / 未来通信システム株式会社: 選別不安が強まり、説明力・監査志向の志望が増える / さくら在宅ケア株式会社: 教育は手厚いが緊張増。説明力評価が上がり定着に差 現役側には 首都圏業務支援株式会社: 現場は監督・説明負荷増。再配置で摩擦も増える / 未来通信システム株式会社: 対外説明とガバナンス負荷が増え、再学習が常態化 / さくら在宅ケア株式会社: 説明・記録負担が減る一方、監修責任と緊急対応が増える
PL037_01	38	政策探索	施策棚卸し8週＋通知を緊急/定期の二系統に固定	0.52	注意層（情報過敏/制度不信）＋現役納税層＋対象外感が強い層	政策疲労↓ 情報過負荷↓ 誤解↓ 制度信頼↑ 手続き到達↑	LLM政策探索/構造持続あり+伴走支援	日本	副作用圧が天井で、SNS不安×政策疲労が手続き不信と対象外反発を再燃させている	制度は次々変わり、結局どれが自分に関係あるのか追えない不安が強い
PL037_02	38	政策探索	副作用・異議申立の週次公開ダッシュボード（停止条件連動）	0.58	注意層（監視懸念/制度不信）＋現役納税層＋非婚/非出産選択者＋妊娠中〜産後1年当事者	副作用圧↓ 公平感↑ 制度信頼↑ 財政不安の増幅↓ 二極化↓	LLM政策探索/構造持続あり+伴走支援	日本	副作用圧が天井で、SNS不安×政策疲労が手続き不信と対象外反発を再燃させている	うまくいかなかった時に止まる仕組みが見えないと、全部が不信に見えてしまう
FB053	39	社会反応	制度要求の可視化	0.42	全体	制度応答↑ SNS不安↑	若者・現役行動フィードバック	日本国内	政策疲労70.7、生活防衛43.9、公平感欠損42.1	怒りや制度要求が可視化され、政策対応への期待と失望が同時に高まる。
FB053	39	社会反応	制度要求の可視化	0.42	全体	制度応答↑ SNS不安↑	若者・現役行動フィードバック	日本国内	政策疲労70.7、生活防衛43.9、公平感欠損42.1	怒りや制度要求が可視化され、政策対応への期待と失望が同時に高まる。
FB054	39	社会反応	生活防衛シフト	0.72	全体	生活コスト不安↑ 子ども意向↓	若者・現役行動フィードバック	日本国内	政策疲労70.7、生活防衛43.9、公平感欠損42.1	家計防衛が優先され、将来投資や子どもを迎える判断が後回しになる。
FB054	39	社会反応	生活防衛シフト	0.72	全体	生活コスト不安↑ 子ども意向↓	若者・現役行動フィードバック	日本国内	政策疲労70.7、生活防衛43.9、公平感欠損42.1	家計防衛が優先され、将来投資や子どもを迎える判断が後回しになる。
OE039	39	組織判断	企業・組織の採用育成判断	0.49	若者・現役世代	採用不安↑ 若手育成経路↓	組織運営LLM	日本	首都圏業務支援株式会社: 新卒は最小維持。中途は不安対応・監督を重点 / 未来通信システム株式会社: 新卒は説明・監査素養重視で厳選、中途は運用信頼系を厚く / 北関東精密加工株式会社: 新卒小枠維持。中途は保全/品質軸で厳選、派遣で吸収	首都圏業務支援株式会社: 安心志向が強まり、厳選採用と監督業務の比重が増す / 未来通信システム株式会社: AI適性選別不安が増す一方、説明・監査系の新しい入口が開く / 北関東精密加工株式会社: 将来不安が増すが、現場での見える技能経路は強まる 現役側には 首都圏業務支援株式会社: 説明責任・承認負荷が増え、精神的摩耗と再配置が進む / 未来通信システム株式会社: 誤情報対応・監査負荷が増え、運用職の再学習と心理負担が上がる / 北関東精密加工株式会社: 再配置と兼務で負荷増。安定志向は強まるが離職抑制
PL038_01	39	政策探索	週次ダッシュボードの切り取り耐性・非監視明確化	0.62	注意層（監視懸念/制度不信/情報過敏）＋現役納税層＋非婚/非出産選択者＋当事者	制度信頼↑ 公平感↑ 二極化↓ 財政不安の増幅↓ 副作用圧↓	LLM政策探索/構造持続あり+伴走支援	日本	注意層48%で政策疲労72.3と副作用圧100が限界。SNS不安で切り取り拡散→不信と対象外反発が再燃しやすい。	数字が出ても、また叩き合いと監視に使われる気がして信じきれない。
PL038_02	39	政策探索	通知の緊急/定期二系統の“定期枠”を隔週へ簡素化	0.52	注意層（情報過敏/制度不信）＋対象外感が強い層＋現役納税層	政策疲労↓ 情報過負荷↓ 誤解↓ 制度信頼↑ 手続き到達↑	LLM政策探索/構造持続あり+伴走支援	日本	注意層48%で政策疲労72.3と副作用圧100が限界。SNS不安で切り取り拡散→不信と対象外反発が再燃しやすい。	必要なのは分かるけど通知が多いほど全部怖くなって見なくなる。
WE041	39	世界イベント	間接衝突拡大	0.72	全体	地政学リスク↑ SNS不安↑	国家LLMリスク段階	北朝鮮	ステップ39: SNS不安増幅が90.0。高リスク国: ウクライナ(限定戦争)、北朝鮮(間接衝突)、ロシア(間接衝突)、イスラエル(間接衝突)。日本の緩衝政策余力は16.2。	北朝鮮の間接衝突化により、SNS上の不安と将来予見性の低下が強まる。
WE042	39	世界イベント	AI雇用不安増幅の悪化	0.80	全体	希望経路↓ 自己効力感↓	雇用不確実性	ウクライナ(限定戦争)、北朝鮮(間接衝突)、ロシア(間接衝突)、イスラエル(間接衝突)	ステップ39: SNS不安増幅が90.0。高リスク国: ウクライナ(限定戦争)、北朝鮮(間接衝突)、ロシア(間接衝突)、イスラエル(間接衝突)。日本の緩衝政策余力は16.2。	AIと景気の不確実性により、努力が報われる経路が見えにくくなる。 直近で悪化しており、前よりも日常の判断に入り込みやすい。
FB055	40	社会反応	制度要求の可視化	0.31	全体	制度応答↑ SNS不安↑	若者・現役行動フィードバック	日本国内	政策疲労70.9、公平感欠損42.4、生活防衛40.2	怒りや制度要求が可視化され、政策対応への期待と失望が同時に高まる。
FB055	40	社会反応	制度要求の可視化	0.31	全体	制度応答↑ SNS不安↑	若者・現役行動フィードバック	日本国内	政策疲労70.9、公平感欠損42.4、生活防衛40.2	怒りや制度要求が可視化され、政策対応への期待と失望が同時に高まる。
FB056	40	社会反応	生活防衛シフト	0.65	全体	生活コスト不安↑ 子ども意向↓	若者・現役行動フィードバック	日本国内	政策疲労70.9、公平感欠損42.4、生活防衛40.2	家計防衛が優先され、将来投資や子どもを迎える判断が後回しになる。
FB056	40	社会反応	生活防衛シフト	0.65	全体	生活コスト不安↑ 子ども意向↓	若者・現役行動フィードバック	日本国内	政策疲労70.9、公平感欠損42.4、生活防衛40.2	家計防衛が優先され、将来投資や子どもを迎える判断が後回しになる。
OE040	40	組織判断	企業・組織の採用育成判断	0.45	若者・現役世代	育成経路↑ 地域接続↑	組織運営LLM	日本	首都圏業務支援株式会社: 新卒は最小維持。中途は不安対応SOP運用を優先 / 未来通信システム株式会社: 新卒は説明・監査素養で厳選、中途は運用信頼系を増強 / 桐野市産業雇用課: 重点業種の採用補助は維持。風評被害の火消し伴走を追加	首都圏業務支援株式会社: 採用枠は狭いが、AI運用スキルの可視化機会は増える / 未来通信システム株式会社: 採用選別が強まり不安増、説明・監査型の入口が増える / 桐野市産業雇用課: 就活のSNS不安が増えるが、伴走で離脱を抑える 現役側には 首都圏業務支援株式会社: 監督・承認業務が増え負荷上昇、再教育圧力も強まる / 未来通信システム株式会社: 説明責任と再学習負荷が増す一方、配置転換で雇用は守られる / 桐野市産業雇用課: 配置転換不安が高まるが、相談導線で再学習を促進
PL039_01	40	政策探索	ダッシュボードの地域比較抑制＋誤解即時訂正枠	0.62	注意層（監視懸念/制度不信/情報過敏）＋現役納税層＋非婚/非出産選択者	制度信頼↑ 二極化↓ 政策疲労↓ 副作用圧↓ 公平感↑	LLM政策探索/構造持続あり+伴走支援	日本	副作用圧が極大で疲労も高止まり。SNS不安下で切り取りが二極化と不信を増幅。	数字が拡散されるほど監視や分断が進む気がして、制度に近づくほど消耗する。
FB057	41	社会反応	制度要求の可視化	0.36	全体	制度応答↑ SNS不安↑	若者・現役行動フィードバック	日本国内	政策疲労72.9、公平感欠損42.4、生活防衛40.5	怒りや制度要求が可視化され、政策対応への期待と失望が同時に高まる。
FB057	41	社会反応	制度要求の可視化	0.36	全体	制度応答↑ SNS不安↑	若者・現役行動フィードバック	日本国内	政策疲労72.9、公平感欠損42.4、生活防衛40.5	怒りや制度要求が可視化され、政策対応への期待と失望が同時に高まる。
FB058	41	社会反応	生活防衛シフト	0.66	全体	生活コスト不安↑ 子ども意向↓	若者・現役行動フィードバック	日本国内	政策疲労72.9、公平感欠損42.4、生活防衛40.5	家計防衛が優先され、将来投資や子どもを迎える判断が後回しになる。
FB058	41	社会反応	生活防衛シフト	0.66	全体	生活コスト不安↑ 子ども意向↓	若者・現役行動フィードバック	日本国内	政策疲労72.9、公平感欠損42.4、生活防衛40.5	家計防衛が優先され、将来投資や子どもを迎える判断が後回しになる。
OE041	41	組織判断	企業・組織の採用育成判断	0.42	若者・現役世代	育成経路↑ 地域接続↑	組織運営LLM	日本	未来通信システム株式会社: 新卒は説明・監査素養で厳選、中途は危機対応運用を増強 / 首都圏業務支援株式会社: 新卒は最小維持。中途は監査・運用設計を厚く / 桐野市産業雇用課: 重点業種の採用補助は維持。SNS不安の説明会を常設	未来通信システム株式会社: 説明・監査型の適性評価が強まり、選別不安が増える / 首都圏業務支援株式会社: 即戦力偏重で入口が狭まり、実務型育成に偏る / 桐野市産業雇用課: 就活不安が増すが、説明会と相談で安心が戻りやすい 現役側には 未来通信システム株式会社: 炎上対応と根拠提示が常務化し、再学習負荷が増す / 首都圏業務支援株式会社: 監査・説明責任が増え、運用負荷と再学習が上がる / 桐野市産業雇用課: 再配置と学び直し需要が増加。生活不安の早期支援が鍵
PL039_02	41	政策探索	社会維持活動のnat報酬（子育て以外も含む上限付き）	0.58	対象外感が強い層＋現役納税層＋若年単身/非婚層＋ケア提供者	公平感↑ 対象外反発↓ 制度信頼↑ 生活防衛↑ 中立→良好移行↑	LLM政策探索/構造持続あり+伴走支援	日本	副作用圧が極大で疲労も高止まり。SNS不安下で切り取りが二極化と不信を増幅。	子育て支援だけが正義みたいに見えると、自分の生活の貢献が無視されている感じがして遠ざかる。
PL040_01	41	政策探索	生活防衛連動の妊娠〜産後緩衝ワンストップ（上限・停止条件付き）	0.62	注意層（手続き離脱/不安増幅）＋妊娠中〜産後1年当事者＋雇用不安の若年層	生活防衛圧↓ 手続き到達↑ ケア負担↓ 制度信頼↑ 二極化↓	LLM政策探索/構造持続あり+伴走支援	日本	副作用圧が最大で政策疲労も高止まり。対象外感と不安増幅で信頼が伸びにくい。	物価と雇用が不安で、子ども以前に『急変時の穴埋め』が見えない社会に感じる。
PL040_02	41	政策探索	社会維持活動のnatミニ報酬（全員参加・選択制）	0.50	対象外感が強い層＋現役納税層＋非婚/非出産選択者＋若年層	公平感↑ 対象外反発↓ 制度信頼↑ 生活防衛圧↓ 政策疲労↓	LLM政策探索/構造持続あり+伴走支援	日本	副作用圧が最大で政策疲労も高止まり。対象外感と不安増幅で信頼が伸びにくい。	『子どもを持たない側は置いていかれる』という空気が強いほど、制度全体を信用しにくい。
FB059	42	社会反応	制度要求の可視化	0.27	全体	制度応答↑ SNS不安↑	若者・現役行動フィードバック	日本国内	政策疲労73.6、公平感欠損41.3、生活防衛37.8	怒りや制度要求が可視化され、政策対応への期待と失望が同時に高まる。
FB059	42	社会反応	制度要求の可視化	0.27	全体	制度応答↑ SNS不安↑	若者・現役行動フィードバック	日本国内	政策疲労73.6、公平感欠損41.3、生活防衛37.8	怒りや制度要求が可視化され、政策対応への期待と失望が同時に高まる。
FB060	42	社会反応	生活防衛シフト	0.61	全体	生活コスト不安↑ 子ども意向↓	若者・現役行動フィードバック	日本国内	政策疲労73.6、公平感欠損41.3、生活防衛37.8	家計防衛が優先され、将来投資や子どもを迎える判断が後回しになる。
FB060	42	社会反応	生活防衛シフト	0.61	全体	生活コスト不安↑ 子ども意向↓	若者・現役行動フィードバック	日本国内	政策疲労73.6、公平感欠損41.3、生活防衛37.8	家計防衛が優先され、将来投資や子どもを迎える判断が後回しになる。
OE042	42	組織判断	企業・組織の採用育成判断	0.45	若者・現役世代	育成経路↑ 地域接続↑	組織運営LLM	日本	首都圏業務支援株式会社: 新卒は最小維持。中途は不安対応設計と監査を厚く / 未来通信システム株式会社: 新卒は説明・監査素養で厳選、危機対応の中途を増やす / 関東広域ロジスティクス株式会社: 新卒は監督・保全候補を維持。中途は運行・保守・DX即戦力を厚く	首都圏業務支援株式会社: 将来不安が強まり志望が二極化。説明力スキルは伸びる / 未来通信システム株式会社: 採用厳選で不安増、説明・監査型スキル学習が進む / 関東広域ロジスティクス株式会社: 採用枠は狭いが技能の見通しが明確化。不安局面は説明不足で離職誘発 現役側には 首都圏業務支援株式会社: 監査・説明負荷が増え疲弊。配置転換で学び直し圧力 / 未来通信システム株式会社: 再配置と役割再定義が進み、運用・説明負荷が増える / 関東広域ロジスティクス株式会社: 配置転換と再学習負荷が増える一方、雇用維持で急な失職不安は抑制
PL041_01	42	政策探索	nat報酬の不正抑止＋申請負荷1枚化	0.62	対象外感が強い層＋現役納税層＋若年単身/非婚層＋ケア提供者	公平感↑ 対象外反発↓ 制度信頼↑ 副作用圧↓ 政策疲労↓	LLM政策探索/構造持続あり+伴走支援	日本	副作用圧が極大でSNS不安×政策疲労が増幅。公平感は未回復で対象外反発が残る。	不安が強いのに制度は複雑で、どれも自分に関係あるのか分からない。
PL041_02	42	政策探索	妊娠〜産後緩衝の段階導入（通知・窓口を一本化）	0.52	妊娠中〜産後1年当事者＋注意層（手続き離脱/不安増幅）＋雇用不安の若年層	生活防衛圧↓ 手続き到達↑ ケア負担↓ 二極化↓ 制度信頼↑	LLM政策探索/構造持続あり+伴走支援	日本	副作用圧が極大でSNS不安×政策疲労が増幅。公平感は未回復で対象外反発が残る。	仕事も先が読めず、妊娠や手続きのリスクだけが目立って踏み出せない。
WE043	42	世界イベント	AI雇用不安増幅の悪化	0.81	全体	希望経路↓ 自己効力感↓	雇用不確実性	ウクライナ(限定戦争)、北朝鮮(間接衝突)、ロシア(間接衝突)、イスラエル(間接衝突)	ステップ42: SNS不安増幅が86.6。高リスク国: ウクライナ(限定戦争)、北朝鮮(間接衝突)、ロシア(間接衝突)、イスラエル(間接衝突)。日本の緩衝政策余力は19.2。	AIと景気の不確実性により、努力が報われる経路が見えにくくなる。 直近で悪化しており、前よりも日常の判断に入り込みやすい。
WE044	42	世界イベント	地政学SNS不安拡散の高止まり	0.82	全体	不安↑ 怒り↑ 逃避行動↑ 慢性負荷↑	SNS不安増幅	ウクライナ(限定戦争)、北朝鮮(間接衝突)、ロシア(間接衝突)、イスラエル(間接衝突)	ステップ42: SNS不安増幅が86.6。高リスク国: ウクライナ(限定戦争)、北朝鮮(間接衝突)、ロシア(間接衝突)、イスラエル(間接衝突)。日本の緩衝政策余力は19.2。	危機情報がSNSで増幅し、不安と怒りが日常会話に入り込む。 新しい事件というより、高い不安が続いて疲労感を生む。
WE045	42	制度制約	財政制約による支援遅れの高止まり	1.00	全体	制度信頼↓ 裏切られ感↑ 慢性負荷↑	日本社会状態	日本	ステップ42: SNS不安増幅が86.6。高リスク国: ウクライナ(限定戦争)、北朝鮮(間接衝突)、ロシア(間接衝突)、イスラエル(間接衝突)。日本の緩衝政策余力は19.2。	財政圧力により若者支援や生活支援が遅れ、制度への失望が出やすい。 新しい事件というより、高い不安が続いて疲労感を生む。
FB061	43	社会反応	制度要求の可視化	0.34	全体	制度応答↑ SNS不安↑	若者・現役行動フィードバック	日本国内	政策疲労74.6、公平感欠損41.6、生活防衛38.4	怒りや制度要求が可視化され、政策対応への期待と失望が同時に高まる。
FB061	43	社会反応	制度要求の可視化	0.34	全体	制度応答↑ SNS不安↑	若者・現役行動フィードバック	日本国内	政策疲労74.6、公平感欠損41.6、生活防衛38.4	怒りや制度要求が可視化され、政策対応への期待と失望が同時に高まる。
FB062	43	社会反応	生活防衛シフト	0.62	全体	生活コスト不安↑ 子ども意向↓	若者・現役行動フィードバック	日本国内	政策疲労74.6、公平感欠損41.6、生活防衛38.4	家計防衛が優先され、将来投資や子どもを迎える判断が後回しになる。
FB062	43	社会反応	生活防衛シフト	0.62	全体	生活コスト不安↑ 子ども意向↓	若者・現役行動フィードバック	日本国内	政策疲労74.6、公平感欠損41.6、生活防衛38.4	家計防衛が優先され、将来投資や子どもを迎える判断が後回しになる。
OE043	43	組織判断	企業・組織の採用育成判断	0.49	若者・現役世代	採用不安↑ 若手育成経路↓	組織運営LLM	日本	首都圏業務支援株式会社: 新卒枠は維持し厳選。中途は監査設計・危機対応を優先 / 関東広域ロジスティクス株式会社: 新卒は監督・保全・配車補佐を維持。中途は保守・運行・DXを優先 / 未来通信システム株式会社: 新卒は説明・監査素養で厳選、運用中途を増やす	首都圏業務支援株式会社: 厳選採用で不安増。だが危機対応スキル獲得の機会は増える / 関東広域ロジスティクス株式会社: 保全・運行・DX補佐の入口は残るが、配属先選別と不安が増える / 未来通信システム株式会社: 不安下で選別感が増すが、説明・監査職の入口が増える 現役側には 首都圏業務支援株式会社: 監査・説明責任が増え負荷上昇。再配置で職務転換が進む / 関東広域ロジスティクス株式会社: 現場に再学習と多能工化が波及。情報不安で離職リスクが上がる / 未来通信システム株式会社: 運用・顧客説明の負荷増、再学習と職務転換が常態化
PL042_01	43	政策探索	申請・通知の月1まとめ標準（緊急のみ別）＋共通ワンストップUI	0.60	注意層（情報過敏/制度不信/手続き離脱）＋妊娠中〜産後1年当事者＋若年単身/非婚層	政策疲労↓ 手続き到達↑ 制度信頼↑ 対象外反発↓ 副作用圧↓	LLM政策探索/構造持続あり+伴走支援	日本	副作用圧が天井、政策疲労も高止まり。増設より統合・簡素化と異議処理が先。	情報が多すぎて何をすれば得か分からず、結局何もしないのが安全に感じる。
PL042_02	43	政策探索	異議申立の即日仮決定（停止条件連動）＋非強制説明の定型化	0.55	注意層（監視懸念/不公平感）＋現役納税層＋非婚/非出産選択者＋当事者	副作用圧↓ 公平感↑ 制度信頼↑ 二極化↓ 政策疲労↓	LLM政策探索/構造持続あり+伴走支援	日本	副作用圧が天井、政策疲労も高止まり。増設より統合・簡素化と異議処理が先。	制度が間違っても訂正に時間がかかると思うと、最初から関わりたくなくなる。
WE046	43	世界イベント	半導体・計算資源制約の悪化	0.76	全体	学習機会格差↑ 雇用不安↑	計算資源制約	ウクライナ(限定戦争)、北朝鮮(間接衝突)、ロシア(間接衝突)	ステップ43: SNS不安増幅が87.5。高リスク国: ウクライナ(限定戦争)、北朝鮮(間接衝突)、ロシア(間接衝突)。日本の緩衝政策余力は18.1。	計算資源と半導体制約により、AI利用格差と進路不安が広がる。 直近で悪化しており、前よりも日常の判断に入り込みやすい。
FB063	44	社会反応	制度要求の可視化	0.27	全体	制度応答↑ SNS不安↑	若者・現役行動フィードバック	日本国内	政策疲労72.4、公平感欠損40.1、生活防衛36.7	怒りや制度要求が可視化され、政策対応への期待と失望が同時に高まる。
FB063	44	社会反応	制度要求の可視化	0.27	全体	制度応答↑ SNS不安↑	若者・現役行動フィードバック	日本国内	政策疲労72.4、公平感欠損40.1、生活防衛36.7	怒りや制度要求が可視化され、政策対応への期待と失望が同時に高まる。
FB064	44	社会反応	生活防衛シフト	0.59	全体	生活コスト不安↑ 子ども意向↓	若者・現役行動フィードバック	日本国内	政策疲労72.4、公平感欠損40.1、生活防衛36.7	家計防衛が優先され、将来投資や子どもを迎える判断が後回しになる。
FB064	44	社会反応	生活防衛シフト	0.59	全体	生活コスト不安↑ 子ども意向↓	若者・現役行動フィードバック	日本国内	政策疲労72.4、公平感欠損40.1、生活防衛36.7	家計防衛が優先され、将来投資や子どもを迎える判断が後回しになる。
OE044	44	組織判断	企業・組織の採用育成判断	0.44	若者・現役世代	育成経路↑ 地域接続↑	組織運営LLM	日本	首都圏業務支援株式会社: 新卒は少数維持。中途は監査設計・運用統制を増やす / 桐野市産業雇用課: 重点業種の採用補助は維持。SNS不安対策の説明会を増便 / 北関東精密加工株式会社: 新卒は小枠維持。中途は保全/電力管理/ロボ保守。派遣で調整	首都圏業務支援株式会社: 選別は強まるが、監査運用系の入口は残る / 桐野市産業雇用課: 不安情報に揺れやすくなるが、基礎教育で就業選択が安定 / 北関東精密加工株式会社: 生活コスト不安で辞退増。技能見える化は定着を後押し 現役側には 首都圏業務支援株式会社: 運用統制・危機対応へ再配置と再学習負荷が増す / 桐野市産業雇用課: 生活費圧で転職志向↑。再配置支援で離職は一部抑制 / 北関東精密加工株式会社: 電力費圧力で残業減。保全・省エネ・ロボ運用の役割が増える
PL043_01	44	政策探索	月1まとめの『緊急』定義固定＋見落とし防止テンプレ	0.52	注意層（情報過敏/制度不信）＋現役納税層＋対象外感が強い層	政策疲労↓ 情報過負荷↓ 誤解↓ 制度信頼↑ 手続き到達↑	LLM政策探索/構造持続あり+伴走支援	日本	副作用圧が最大でSNS不安と政策疲労が高止まり。新規追加より誤解・対象外感・手続き不安の再燃を先に潰す局面。	不安な情報だけが流れてきて、どれが本当に重要か分からず手続きが怖い。
PL043_02	44	政策探索	社会維持natの『参加不能』自動免除＋代替貢献メニュー	0.48	対象外感が強い層＋非婚/非出産選択者＋病気/介護/多忙で参加困難な層	公平感↑ 対象外反発↓ 二極化↓ 制度信頼↑ 政策疲労↓	LLM政策探索/構造持続あり+伴走支援	日本	副作用圧が最大でSNS不安と政策疲労が高止まり。新規追加より誤解・対象外感・手続き不安の再燃を先に潰す局面。	参加したいけど時間も体力もなく、制度が自分を責めてくる感じがして距離を置きたくなる。
WE047	44	世界イベント	エネルギー価格ショック	0.20	全体	生活コスト↑ 子ども意向↓	エネルギー価格圧力	ウクライナ(限定戦争)、北朝鮮(間接衝突)、ロシア(間接衝突)	ステップ44: SNS不安増幅が87.8。高リスク国: ウクライナ(限定戦争)、北朝鮮(間接衝突)、ロシア(間接衝突)。日本の緩衝政策余力は17.8。	エネルギー圧力が高く、家計と移動・電気代への不安が増える。
FB065	45	社会反応	制度要求の可視化	0.57	全体	制度応答↑ SNS不安↑	若者・現役行動フィードバック	日本国内	政策疲労70.7、生活防衛44.6、制度要求41.4	怒りや制度要求が可視化され、政策対応への期待と失望が同時に高まる。
FB065	45	社会反応	制度要求の可視化	0.57	全体	制度応答↑ SNS不安↑	若者・現役行動フィードバック	日本国内	政策疲労70.7、生活防衛44.6、制度要求41.4	怒りや制度要求が可視化され、政策対応への期待と失望が同時に高まる。
FB066	45	社会反応	生活防衛シフト	0.73	全体	生活コスト不安↑ 子ども意向↓	若者・現役行動フィードバック	日本国内	政策疲労70.7、生活防衛44.6、制度要求41.4	家計防衛が優先され、将来投資や子どもを迎える判断が後回しになる。
FB066	45	社会反応	生活防衛シフト	0.73	全体	生活コスト不安↑ 子ども意向↓	若者・現役行動フィードバック	日本国内	政策疲労70.7、生活防衛44.6、制度要求41.4	家計防衛が優先され、将来投資や子どもを迎える判断が後回しになる。
OE045	45	組織判断	企業・組織の採用育成判断	0.40	若者・現役世代	育成経路↑ 地域接続↑	組織運営LLM	日本	首都圏業務支援株式会社: 新卒は最小枠維持。中途でAI監査・危機広報対応を補強 / 関東広域ロジスティクス株式会社: 新卒は現場監督・保全を維持。中途は運行・保全・対外説明を増強 / 東北ライフライン保守株式会社: 新卒枠維持。地元推薦強化+中途即戦力拡大	首都圏業務支援株式会社: 新卒枠は細るが、危機対応スキルの早期獲得機会は増える / 関東広域ロジスティクス株式会社: 採用枠は絞り不安増。保全・運行の技能が強みとして可視化される / 東北ライフライン保守株式会社: 安心材料があると応募回復。AI前提で不安も残る 現役側には 首都圏業務支援株式会社: 監査・説明責任業務が増え、現場負荷と再学習圧が上がる / 関東広域ロジスティクス株式会社: 説明責任と多能工化の負荷増。再訓練で配置転換の機会は維持 / 東北ライフライン保守株式会社: 監査・安全対応の負荷増。再配置で技能移転が進む
PL044_01	45	政策探索	異議申立の滞留ゼロ運用（AI優先度付け＋根拠テンプレ）	0.62	注意層（不公平感/監視懸念/制度不信）＋現役納税層＋当事者	副作用圧↓ 制度信頼↑ 公平感↑ 二極化↓ 政策疲労↓	LLM政策探索/構造持続あり+伴走支援	日本	副作用圧94.5と政策疲労72.4がSNS不安で増幅し、注意層が制度から離脱しかけている。	SNSで『結局もめて時間を取られる制度』に見えて、関わらない方が得だと感じる。
PL044_02	45	政策探索	通知・申請の月1まとめの固定（例外は緊急のみ）＋オフ時の不利益ゼロ宣言	0.50	注意層（情報過敏/手続き離脱）＋対象外感が強い層＋若年単身/非婚層	政策疲労↓ 情報過負荷↓ 手続き到達↑ 制度信頼↑ 対象外反発↓	LLM政策探索/構造持続あり+伴走支援	日本	副作用圧94.5と政策疲労72.4がSNS不安で増幅し、注意層が制度から離脱しかけている。	生活も雇用も不安なのに通知が多すぎて、読むほど不安が増えると感じる。
FB067	46	社会反応	制度要求の可視化	0.46	全体	制度応答↑ SNS不安↑	若者・現役行動フィードバック	日本国内	政策疲労68.9、生活防衛41.7、公平感欠損36.8	怒りや制度要求が可視化され、政策対応への期待と失望が同時に高まる。
FB067	46	社会反応	制度要求の可視化	0.46	全体	制度応答↑ SNS不安↑	若者・現役行動フィードバック	日本国内	政策疲労68.9、生活防衛41.7、公平感欠損36.8	怒りや制度要求が可視化され、政策対応への期待と失望が同時に高まる。
FB068	46	社会反応	生活防衛シフト	0.68	全体	生活コスト不安↑ 子ども意向↓	若者・現役行動フィードバック	日本国内	政策疲労68.9、生活防衛41.7、公平感欠損36.8	家計防衛が優先され、将来投資や子どもを迎える判断が後回しになる。
FB068	46	社会反応	生活防衛シフト	0.68	全体	生活コスト不安↑ 子ども意向↓	若者・現役行動フィードバック	日本国内	政策疲労68.9、生活防衛41.7、公平感欠損36.8	家計防衛が優先され、将来投資や子どもを迎える判断が後回しになる。
OE046	46	組織判断	企業・組織の採用育成判断	0.44	若者・現役世代	育成経路↑ 地域接続↑	組織運営LLM	日本	首都圏業務支援株式会社: 新卒は最小枠維持。中途で危機対応・監査運用を補強 / 北関東精密加工株式会社: 新卒は小枠維持。中途は保全/電力/ロボ保守優先、派遣で調整 / 桐野市産業雇用課: 重点業種の採用補助は維持。SNS不安払拭の地域説明会を拡充	首都圏業務支援株式会社: 即戦力化圧力が強まり、若手は監査・危機対応スキル偏重へ / 北関東精密加工株式会社: 不安増で辞退・早期離職リスク↑。技能見える化は安心材料に / 桐野市産業雇用課: 不安情報に振られやすい層を支え、地元就業の納得感を回復 現役側には 首都圏業務支援株式会社: 現場は炎上対応負荷増。監査運用職は需要増も賃上げ余地は薄い / 北関東精密加工株式会社: 変動対応で配置転換が増える。省エネ/保全人材の負荷は上がる / 桐野市産業雇用課: 物価不安下で再配置圧力が増すが、支援窓口で離職を抑制
PL045_01	46	政策探索	副作用監査の月次公開＋異議申立の根拠返信標準	0.58	注意層（不公平感/監視懸念/制度不信）＋現役納税層＋対象外感が強い層	副作用圧↓ 制度信頼↑ 公平感↑ 二極化↓ 政策疲労↓	LLM政策探索/構造持続あり+伴走支援	日本	副作用圧が限界で不信が増幅。追加より簡素化と監査・説明で疲労を下げる局面。	SNSで不安が増え、制度は結局だれ得なのか分からず疲れている。
PL045_02	46	政策探索	申請・通知の『一括1画面』統合（参加不能免除も同画面）	0.52	注意層（情報過敏/手続き離脱）＋若年単身/非婚層＋参加困難な層	政策疲労↓ 情報過負荷↓ 手続き到達↑ 対象外反発↓ 制度信頼↑	LLM政策探索/構造持続あり+伴走支援	日本	副作用圧が限界で不信が増幅。追加より簡素化と監査・説明で疲労を下げる局面。	手続きが多すぎて追えず、必要な支援に辿り着ける気がしない。
WE048	46	世界イベント	間接衝突拡大	0.72	全体	地政学リスク↑ SNS不安↑	国家LLMリスク段階	イスラエル	ステップ46: SNS不安増幅が91.2。高リスク国: ウクライナ(限定戦争)、ロシア(間接衝突)、イスラエル(間接衝突)。日本の緩衝政策余力は15.4。	イスラエルの間接衝突化により、SNS上の不安と将来予見性の低下が強まる。
WE049	46	世界イベント	供給網不安拡大の悪化	0.77	全体	物価不安↑ 雇用安定↓	供給網不安	ウクライナ(限定戦争)、ロシア(間接衝突)、イスラエル(間接衝突)	ステップ46: SNS不安増幅が91.2。高リスク国: ウクライナ(限定戦争)、ロシア(間接衝突)、イスラエル(間接衝突)。日本の緩衝政策余力は15.4。	供給網の不安定化により、物価と企業採用への不安が残る。 直近で悪化しており、前よりも日常の判断に入り込みやすい。
FB069	47	社会反応	制度要求の可視化	0.47	全体	制度応答↑ SNS不安↑	若者・現役行動フィードバック	日本国内	政策疲労68.4、生活防衛40.4、公平感欠損36.8	怒りや制度要求が可視化され、政策対応への期待と失望が同時に高まる。
FB069	47	社会反応	制度要求の可視化	0.47	全体	制度応答↑ SNS不安↑	若者・現役行動フィードバック	日本国内	政策疲労68.4、生活防衛40.4、公平感欠損36.8	怒りや制度要求が可視化され、政策対応への期待と失望が同時に高まる。
FB070	47	社会反応	生活防衛シフト	0.66	全体	生活コスト不安↑ 子ども意向↓	若者・現役行動フィードバック	日本国内	政策疲労68.4、生活防衛40.4、公平感欠損36.8	家計防衛が優先され、将来投資や子どもを迎える判断が後回しになる。
FB070	47	社会反応	生活防衛シフト	0.66	全体	生活コスト不安↑ 子ども意向↓	若者・現役行動フィードバック	日本国内	政策疲労68.4、生活防衛40.4、公平感欠損36.8	家計防衛が優先され、将来投資や子どもを迎える判断が後回しになる。
OE047	47	組織判断	企業・組織の採用育成判断	0.47	若者・現役世代	育成経路↑ 地域接続↑	組織運営LLM	日本	首都圏業務支援株式会社: 新卒は最小枠維持。中途で監査・危機広報運用を増強 / 未来通信システム株式会社: 新卒は信頼運用・説明力で厳選、中途は危機対応を増員 / 北関東精密加工株式会社: 新卒は小枠維持。中途は保全/省エネ/自動化人材優先、派遣で波動調整	首都圏業務支援株式会社: 配属が監査・危機対応寄り。汎用事務職志望は機会減 / 未来通信システム株式会社: 選抜厳格化で不安増、運用・説明型スキルが評価される / 北関東精密加工株式会社: SNS不安で辞退増。安心設計がないと入社後の離職も増えやすい 現役側には 首都圏業務支援株式会社: 現場は承認・証跡負荷増。再学習でAI監督/監査役割へ圧力 / 未来通信システム株式会社: 再配置と再学習が常態化、対外説明と危機対応の負荷増 / 北関東精密加工株式会社: 省エネ/自動化運用へ役割転換圧力。現場は負荷増で反発も
PL046_01	47	政策探索	副作用監査の1枚要約＋切り取り対策標準	0.60	注意層（不公平感/監視懸念/制度不信）＋現役納税層＋対象外感が強い層	制度信頼↑ 公平感↑ 政策疲労↓ 二極化↓	LLM政策探索/構造持続あり+伴走支援	日本	副作用圧100と政策疲労68.9が臨界。SNS不安増幅で誤認拡散、対象外反発が再燃しやすい。	また新しい制度が増えて、結局だれ得で監視だけ強まる気がする。
PL047_01	47	政策探索	新規追加8step凍結＋停止条件の明文化	0.50	注意層（制度不信/情報過敏）＋現役納税層＋対象外感が強い層	政策疲労↓ 切り取り誤解↓ 制度信頼↑ 副作用圧↓	LLM政策探索/構造持続あり+伴走支援	日本	SNS不安が切り取りを増幅し、副作用圧100・政策疲労高止まりで信頼が伸びにくい。	制度が次々変わって追いつけず、SNSで怖い話だけ拡散して信用できない。
FB071	48	社会反応	制度要求の可視化	0.52	全体	制度応答↑ SNS不安↑	若者・現役行動フィードバック	日本国内	政策疲労66.8、生活防衛44.1、制度要求38.6	怒りや制度要求が可視化され、政策対応への期待と失望が同時に高まる。
FB071	48	社会反応	制度要求の可視化	0.52	全体	制度応答↑ SNS不安↑	若者・現役行動フィードバック	日本国内	政策疲労66.8、生活防衛44.1、制度要求38.6	怒りや制度要求が可視化され、政策対応への期待と失望が同時に高まる。
FB072	48	社会反応	生活防衛シフト	0.72	全体	生活コスト不安↑ 子ども意向↓	若者・現役行動フィードバック	日本国内	政策疲労66.8、生活防衛44.1、制度要求38.6	家計防衛が優先され、将来投資や子どもを迎える判断が後回しになる。
FB072	48	社会反応	生活防衛シフト	0.72	全体	生活コスト不安↑ 子ども意向↓	若者・現役行動フィードバック	日本国内	政策疲労66.8、生活防衛44.1、制度要求38.6	家計防衛が優先され、将来投資や子どもを迎える判断が後回しになる。
OE048	48	組織判断	企業・組織の採用育成判断	0.47	若者・現役世代	育成経路↑ 地域接続↑	組織運営LLM	日本	首都圏業務支援株式会社: 新卒は最小枠維持。中途で危機広報・監査運用を増員 / 関東広域ロジスティクス株式会社: 新卒は現場監督・保全維持。中途は運行・保全・渉外増 / 未来通信システム株式会社: 新卒は運用信頼・説明力重視で厳選、中途は危機広報と運用強化	首都圏業務支援株式会社: 感情労働と監査実務の負荷増。即戦力期待で不安も増える / 関東広域ロジスティクス株式会社: 不安期の顧客対応力が評価軸化。現場敬遠の二極化が進む / 未来通信システム株式会社: 安定志向が強まり、説明力・対話力が評価軸として明確化 現役側には 首都圏業務支援株式会社: 承認・監査負担が常態化。離職回避へ役割再設計が進む / 関東広域ロジスティクス株式会社: 炎上・不安対応が常務化し疲弊。標準化で裁量は一部縮小 / 未来通信システム株式会社: 問い合わせ増で負荷上昇、監査・対外説明スキル需要が拡大
PL046_02	48	政策探索	希望者の家族形成/産後伴走の即時予約（無罰キャンセル）	0.55	若年層（雇用不安/手続き離脱）＋妊娠中〜産後1年当事者＋中立層（迷い・情報過敏）	手続き到達↑ ケア負担↓ 生活防衛圧↓ 制度信頼↑ 中立→希望側移行↑	LLM政策探索/構造持続あり+伴走支援	日本	副作用圧100と政策疲労68.9が臨界。SNS不安増幅で誤認拡散、対象外反発が再燃しやすい。	相談したいけど仕事も不安で、予約や手続きで失敗したら終わりだと思って動けない。
PL047_02	48	政策探索	任意オプトイン伴走（個別資格通知→即時予約→家族形成面談）	0.60	妊娠中〜産後1年当事者＋若年層（雇用不安/手続き離脱）	手続き到達↑ ケア負担↓ 生活防衛圧↓ 未来経路↑ 二極化↓	LLM政策探索/構造持続あり+伴走支援	日本	SNS不安が切り取りを増幅し、副作用圧100・政策疲労高止まりで信頼が伸びにくい。	子ども以前に仕事と手続きと体調が不安で、相談したくても予約や窓口が読めない。
WE050	48	世界イベント	地政学SNS不安拡散の高止まり	0.92	全体	不安↑ 怒り↑ 逃避行動↑ 慢性負荷↑	SNS不安増幅	ウクライナ(限定戦争)、ロシア(間接衝突)、イスラエル(間接衝突)	ステップ48: SNS不安増幅が90.2。高リスク国: ウクライナ(限定戦争)、ロシア(間接衝突)、イスラエル(間接衝突)。日本の緩衝政策余力は16.4。	危機情報がSNSで増幅し、不安と怒りが日常会話に入り込む。 新しい事件というより、高い不安が続いて疲労感を生む。
WE051	48	制度制約	財政制約による支援遅れの高止まり	1.00	全体	制度信頼↓ 裏切られ感↑ 慢性負荷↑	日本社会状態	日本	ステップ48: SNS不安増幅が90.2。高リスク国: ウクライナ(限定戦争)、ロシア(間接衝突)、イスラエル(間接衝突)。日本の緩衝政策余力は16.4。	財政圧力により若者支援や生活支援が遅れ、制度への失望が出やすい。 新しい事件というより、高い不安が続いて疲労感を生む。
FB073	49	社会反応	制度要求の可視化	0.40	全体	制度応答↑ SNS不安↑	若者・現役行動フィードバック	日本国内	政策疲労68.2、生活防衛37.7、公平感欠損36.4	怒りや制度要求が可視化され、政策対応への期待と失望が同時に高まる。
FB073	49	社会反応	制度要求の可視化	0.40	全体	制度応答↑ SNS不安↑	若者・現役行動フィードバック	日本国内	政策疲労68.2、生活防衛37.7、公平感欠損36.4	怒りや制度要求が可視化され、政策対応への期待と失望が同時に高まる。
FB074	49	社会反応	生活防衛シフト	0.61	全体	生活コスト不安↑ 子ども意向↓	若者・現役行動フィードバック	日本国内	政策疲労68.2、生活防衛37.7、公平感欠損36.4	家計防衛が優先され、将来投資や子どもを迎える判断が後回しになる。
FB074	49	社会反応	生活防衛シフト	0.61	全体	生活コスト不安↑ 子ども意向↓	若者・現役行動フィードバック	日本国内	政策疲労68.2、生活防衛37.7、公平感欠損36.4	家計防衛が優先され、将来投資や子どもを迎える判断が後回しになる。
OE049	49	組織判断	企業・組織の採用育成判断	0.44	若者・現役世代	育成経路↑ 地域接続↑	組織運営LLM	日本	首都圏業務支援株式会社: 新卒は最小維持。中途で危機対応・監査運用を優先 / 関東広域ロジスティクス株式会社: 新卒は監督・保全に限定。中途は運行・DX運用を増やす / 桐野市産業雇用課: 重点業種の採用補助を維持。誤情報対策の説明会を増枠	首都圏業務支援株式会社: 即戦力志向で学習圧力増。安定志向層の不安が強まる / 関東広域ロジスティクス株式会社: 配属先が絞られ不安増。運用スキル獲得で早期戦力化も進む / 桐野市産業雇用課: 誤情報不安は残るが、説明会と訓練で就業安心が改善 現役側には 首都圏業務支援株式会社: 監査・説明責任負荷が増。現場はAI誤検知対応で疲弊 / 関東広域ロジスティクス株式会社: 対人負荷増と再学習圧力。働き方再設計で離職抑制を狙う / 桐野市産業雇用課: 再配置と学び直し需要増。相談窓口強化で離職不安を緩和
PL048_01	49	政策探索	即時予約の待ち行列公平ルール（公開＋自動補正）	0.62	若年層・妊娠中〜産後1年当事者・注意層（不公平感/制度不信）	制度信頼↑ 公平感↑ 二極化↓ 政策疲労↓ 手続き到達↑	LLM政策探索/構造持続あり+伴走支援	日本	副作用圧100と政策疲労が高止まり。即時予約は待ち行列不公平と特別扱い反発が火種。	情報が荒れて将来が読めず、制度も結局は不公平に見える。
PL048_02	49	政策探索	伴走のオプトイン導線を1本化（いつでも停止・不利益ゼロ）	0.58	中立層（迷い・情報過敏）＋若年単身/非婚層＋注意層（手続き離脱）	政策疲労↓ 強制感誤認↓ 手続き到達↑ 生活防衛圧↓ 中立→希望側移行↑	LLM政策探索/構造持続あり+伴走支援	日本	副作用圧100と政策疲労が高止まり。即時予約は待ち行列不公平と特別扱い反発が火種。	制度は多すぎて追えないから、必要な時だけ最短で使えていつでもやめたい。
FB075	50	社会反応	制度要求の可視化	0.43	全体	制度応答↑ SNS不安↑	若者・現役行動フィードバック	日本国内	政策疲労68.3、生活防衛41.9、公平感欠損34.7	怒りや制度要求が可視化され、政策対応への期待と失望が同時に高まる。
FB075	50	社会反応	制度要求の可視化	0.43	全体	制度応答↑ SNS不安↑	若者・現役行動フィードバック	日本国内	政策疲労68.3、生活防衛41.9、公平感欠損34.7	怒りや制度要求が可視化され、政策対応への期待と失望が同時に高まる。
FB076	50	社会反応	生活防衛シフト	0.68	全体	生活コスト不安↑ 子ども意向↓	若者・現役行動フィードバック	日本国内	政策疲労68.3、生活防衛41.9、公平感欠損34.7	家計防衛が優先され、将来投資や子どもを迎える判断が後回しになる。
FB076	50	社会反応	生活防衛シフト	0.68	全体	生活コスト不安↑ 子ども意向↓	若者・現役行動フィードバック	日本国内	政策疲労68.3、生活防衛41.9、公平感欠損34.7	家計防衛が優先され、将来投資や子どもを迎える判断が後回しになる。
OE050	50	組織判断	企業・組織の採用育成判断	0.49	若者・現役世代	採用不安↑ 若手育成経路↓	組織運営LLM	日本	首都圏業務支援株式会社: 新卒は少数継続。中途で危機対応・監査運用を厚めに採用 / 未来通信システム株式会社: 新卒は信頼運用・対話力重視で絞り、中途は運用・広報増 / 関東広域ロジスティクス株式会社: 新卒は監督・保全に限定。中途は運行・保守DXを優先	首都圏業務支援株式会社: 即戦力志向が強まり、若手は不安対応スキルで差が付く / 未来通信システム株式会社: 選別不安が増える一方、説明・運用系の入口が見える / 関東広域ロジスティクス株式会社: 採用枠の狭さで不安増。説明と育成の見える化で安心が戻る 現役側には 首都圏業務支援株式会社: 現役は説明責任・監査対応の負荷増。再配置で不満も増える / 未来通信システム株式会社: 炎上対応・説明責任が増し、再学習と負荷の二重圧力 / 関東広域ロジスティクス株式会社: 配置転換とAI運用負荷が増。勤務設計改善で離職圧を抑える
PL049_01	50	政策探索	即時予約の地域差ゼロ化（運用監査＋是正支援）	0.62	若年層・妊娠中〜産後1年当事者・注意層（不公平感/制度不信）	制度信頼↑ 公平感↑ 二極化↓ 政策疲労↓ 手続き到達↑	LLM政策探索/構造持続あり+伴走支援	日本	副作用圧が最大で、SNS不安と政策疲労が手続き到達と信頼を削っている。	どこに住むかで支援の速さが違うなら、結局自分は運が悪い側だと思ってしまう。
PL049_02	50	政策探索	社会維持natの生活防衛スワップ（上限付き・参加不能も同条件）	0.55	現役納税層＋対象外感が強い層＋非婚/非出産選択者＋参加困難な層	生活防衛圧↓ 公平感↑ 対象外反発↓ 制度信頼↑ 政策疲労↓	LLM政策探索/構造持続あり+伴走支援	日本	副作用圧が最大で、SNS不安と政策疲労が手続き到達と信頼を削っている。	将来の話より今月の不安が大きいので、まず生活が守られる実感がほしい。
WE052	50	世界イベント	AI雇用不安増幅の悪化	0.77	全体	希望経路↓ 自己効力感↓	雇用不確実性	ウクライナ(限定戦争)、ロシア(間接衝突)	ステップ50: SNS不安増幅が88.3。高リスク国: ウクライナ(限定戦争)、ロシア(間接衝突)。日本の緩衝政策余力は19.2。	AIと景気の不確実性により、努力が報われる経路が見えにくくなる。 直近で悪化しており、前よりも日常の判断に入り込みやすい。
FB077	51	社会反応	制度要求の可視化	0.35	全体	制度応答↑ SNS不安↑	若者・現役行動フィードバック	日本国内	政策疲労68.5、生活防衛35.8、公平感欠損33.2	怒りや制度要求が可視化され、政策対応への期待と失望が同時に高まる。
FB077	51	社会反応	制度要求の可視化	0.35	全体	制度応答↑ SNS不安↑	若者・現役行動フィードバック	日本国内	政策疲労68.5、生活防衛35.8、公平感欠損33.2	怒りや制度要求が可視化され、政策対応への期待と失望が同時に高まる。
FB078	51	社会反応	生活防衛シフト	0.57	全体	生活コスト不安↑ 子ども意向↓	若者・現役行動フィードバック	日本国内	政策疲労68.5、生活防衛35.8、公平感欠損33.2	家計防衛が優先され、将来投資や子どもを迎える判断が後回しになる。
FB078	51	社会反応	生活防衛シフト	0.57	全体	生活コスト不安↑ 子ども意向↓	若者・現役行動フィードバック	日本国内	政策疲労68.5、生活防衛35.8、公平感欠損33.2	家計防衛が優先され、将来投資や子どもを迎える判断が後回しになる。
OE051	51	組織判断	企業・組織の採用育成判断	0.51	若者・現役世代	採用不安↑ 若手育成経路↓	組織運営LLM	日本	首都圏業務支援株式会社: 新卒は最小維持。中途で危機対応・監査運用を補強 / 関東広域ロジスティクス株式会社: 新卒は監督・保全に絞り維持。中途は運行・保守DX優先 / 東北ライフライン保守株式会社: 新卒維持+地元枠継続。中途は重要拠点の即戦力優先	首都圏業務支援株式会社: 新卒枠縮小で不安増。AI運用補助の入口は残る / 関東広域ロジスティクス株式会社: 配属不安が増えるが、説明強化で納得感と定着が上がる / 東北ライフライン保守株式会社: 不安期でも離職が減りやすいが負荷増で疲弊リスク 現役側には 首都圏業務支援株式会社: 不安対応と監査負荷増。再配置・多能工化が進む / 関東広域ロジスティクス株式会社: 運行・倉庫で手順変更疲れ増。透明な根拠提示で抵抗を抑制 / 東北ライフライン保守株式会社: 安心説明と運用標準化で現場摩擦は減るが兼務負担が増える
PL050_01	51	政策探索	財源・非強制・対象外保護の3点セット説明	0.52	中立層（迷い）＋注意層（制度不信/監視懸念）＋非婚/非出産選択者	制度信頼↑ 公平感↑ 対象外反発↓ 政策疲労↓ 二極化↓	LLM政策探索/構造持続あり+伴走支援	日本	副作用圧100と政策疲労高止まり。公平感の穴とSNS不安で“制度は信用できない”が再燃中。	物価も仕事も不安なのに、制度だけ増えて監視や不公平が強まっている気がする。
PL050_02	51	政策探索	伴走/予約の“自動提案オフ”既定＋月1確認に統一	0.48	注意層（情報過敏/手続き離脱）＋若年単身/非婚層＋当事者（妊娠中〜産後1年）	政策疲労↓ 強制感誤認↓ 手続き到達↑ 生活防衛圧↓ 制度信頼↑	LLM政策探索/構造持続あり+伴走支援	日本	副作用圧100と政策疲労高止まり。公平感の穴とSNS不安で“制度は信用できない”が再燃中。	支援は欲しいけど、勝手に勧められたり頻繁に通知されると距離を置きたくなる。
WE053	51	世界イベント	間接衝突拡大	0.72	全体	地政学リスク↑ SNS不安↑	国家LLMリスク段階	イスラエル	ステップ51: SNS不安増幅が89.2。高リスク国: ウクライナ(限定戦争)、ロシア(間接衝突)、イスラエル(間接衝突)。日本の緩衝政策余力は18.7。	イスラエルの間接衝突化により、SNS上の不安と将来予見性の低下が強まる。
FB079	52	社会反応	制度要求の可視化	0.51	全体	制度応答↑ SNS不安↑	若者・現役行動フィードバック	日本国内	政策疲労67.1、生活防衛42.2、制度要求38.3	怒りや制度要求が可視化され、政策対応への期待と失望が同時に高まる。
FB079	52	社会反応	制度要求の可視化	0.51	全体	制度応答↑ SNS不安↑	若者・現役行動フィードバック	日本国内	政策疲労67.1、生活防衛42.2、制度要求38.3	怒りや制度要求が可視化され、政策対応への期待と失望が同時に高まる。
FB080	52	社会反応	生活防衛シフト	0.69	全体	生活コスト不安↑ 子ども意向↓	若者・現役行動フィードバック	日本国内	政策疲労67.1、生活防衛42.2、制度要求38.3	家計防衛が優先され、将来投資や子どもを迎える判断が後回しになる。
FB080	52	社会反応	生活防衛シフト	0.69	全体	生活コスト不安↑ 子ども意向↓	若者・現役行動フィードバック	日本国内	政策疲労67.1、生活防衛42.2、制度要求38.3	家計防衛が優先され、将来投資や子どもを迎える判断が後回しになる。
OE052	52	組織判断	企業・組織の採用育成判断	0.43	若者・現役世代	育成経路↑ 地域接続↑	組織運営LLM	日本	関東広域ロジスティクス株式会社: 新卒は監督・保全に絞り維持。中途は運行/保守DX厚め / 首都圏業務支援株式会社: 新卒は最小維持。中途で広報危機・監査運用を増員 / 東北ライフライン保守株式会社: 新卒維持+地元枠強化。中途は夜間・災害対応の即戦力優先	関東広域ロジスティクス株式会社: 安心説明が増え定着は改善。ただ採用枠絞りで競争感は上昇 / 首都圏業務支援株式会社: 対外応答の責任負荷が増えるが、実務でAI統制が学べる / 東北ライフライン保守株式会社: 採用は維持され安心感。ケア常設で定着率は上がるが負荷増 現役側には 関東広域ロジスティクス株式会社: 現場は手順変更と説明負荷増。賃上げ薄く不満は残存 / 首都圏業務支援株式会社: 顧客説明・監査対応が増え、運用負担と再学習圧力が上がる / 東北ライフライン保守株式会社: 再配置と技能更新が常態化。監査負担増で現場の疲弊リスク
PL051_01	52	政策探索	異議申立の優先度自動振分け＋処理SLA公開	0.62	注意層（制度不信/不公平感）＋現役納税層＋対象外感が強い層	副作用圧↓ 制度信頼↑ 公平感↑ 二極化↓ 政策疲労↓	LLM政策探索/構造持続あり+伴走支援	日本	副作用圧100と政策疲労68.5が上振れ、SNS不安増幅下で強制感/対象外反発の誤認が再燃しやすい。	申立てしても返ってこないと思うと、制度全体が信用できず最初から関わりたくない。
PL051_02	52	政策探索	通知・提案の“週1ダイジェスト”既定（重要のみ即時）	0.58	注意層（情報過敏/手続き離脱）＋中立層（迷い）＋若年単身/非婚層	政策疲労↓ 情報過負荷↓ 強制感誤認↓ 手続き到達↑ 制度信頼↑	LLM政策探索/構造持続あり+伴走支援	日本	副作用圧100と政策疲労68.5が上振れ、SNS不安増幅下で強制感/対象外反発の誤認が再燃しやすい。	情報が多すぎて怖くなり、やる前に疲れてアプリを閉じてしまう。
FB081	53	社会反応	制度要求の可視化	0.32	全体	制度応答↑ SNS不安↑	若者・現役行動フィードバック	日本国内	政策疲労64.6、公平感欠損33.9、生活防衛31.9	怒りや制度要求が可視化され、政策対応への期待と失望が同時に高まる。
FB081	53	社会反応	制度要求の可視化	0.32	全体	制度応答↑ SNS不安↑	若者・現役行動フィードバック	日本国内	政策疲労64.6、公平感欠損33.9、生活防衛31.9	怒りや制度要求が可視化され、政策対応への期待と失望が同時に高まる。
FB082	53	社会反応	生活防衛シフト	0.50	全体	生活コスト不安↑ 子ども意向↓	若者・現役行動フィードバック	日本国内	政策疲労64.6、公平感欠損33.9、生活防衛31.9	家計防衛が優先され、将来投資や子どもを迎える判断が後回しになる。
FB082	53	社会反応	生活防衛シフト	0.50	全体	生活コスト不安↑ 子ども意向↓	若者・現役行動フィードバック	日本国内	政策疲労64.6、公平感欠損33.9、生活防衛31.9	家計防衛が優先され、将来投資や子どもを迎える判断が後回しになる。
OE053	53	組織判断	企業・組織の採用育成判断	0.44	若者・現役世代	育成経路↑ 地域接続↑	組織運営LLM	日本	首都圏業務支援株式会社: 新卒は最小維持。炎上対応・監査の中途を優先 / 関東広域ロジスティクス株式会社: 新卒は監督/保全に限定維持。中途は保守・運行DX強化 / 未来通信システム株式会社: 新卒は信頼運用・対外説明を重視し厳選、中途の監査・危機広報を増	首都圏業務支援株式会社: 新卒枠は狭いが、危機対応スキルの早期獲得機会は増 / 関東広域ロジスティクス株式会社: 配属不安が増えるが、説明一貫で定着は改善しやすい / 未来通信システム株式会社: 発信・監査スキルが評価軸化し、適応できない層の不安が増える 現役側には 首都圏業務支援株式会社: 承認・監査負担が増え疲弊。AI運用統制の職務は増加 / 関東広域ロジスティクス株式会社: 再学習と監査運用負荷が増える。勤務再設計で疲弊抑制 / 未来通信システム株式会社: 説明責任と監査実務が増え、再学習と当番分散で負荷が平準化
PL052_01	53	政策探索	副作用トリガ停止＋代替導線の自動提示（SLA連動）	0.58	注意層（制度不信/不公平感）＋現役納税層＋対象外感が強い層	副作用圧↓ 制度信頼↑ 公平感↑ 炎上連鎖↓ 二極化↓	LLM政策探索/構造持続あり+伴走支援	日本	副作用圧が最大化し、SNS不安下で政策疲労と不透明感が制度信頼を削っている	不安が拡散していて、制度が間違えた時に止まれるのかが一番気になる
PL052_02	53	政策探索	通知の完全ワンレーン化（週1のみ＋重要判定の根拠3行表示）	0.62	注意層（情報過敏/手続き離脱）＋中立層（迷い）＋若年単身/非婚層	政策疲労↓ 情報過負荷↓ 強制感誤認↓ 手続き到達↑ 制度信頼↑	LLM政策探索/構造持続あり+伴走支援	日本	副作用圧が最大化し、SNS不安下で政策疲労と不透明感が制度信頼を削っている	通知が多いと全部疑って見なくなるので、週1で要点と理由だけ知りたい
FB083	54	社会反応	制度要求の可視化	0.50	全体	制度応答↑ SNS不安↑	若者・現役行動フィードバック	日本国内	政策疲労60.8、生活防衛38.8、制度要求37.7	怒りや制度要求が可視化され、政策対応への期待と失望が同時に高まる。
FB083	54	社会反応	制度要求の可視化	0.50	全体	制度応答↑ SNS不安↑	若者・現役行動フィードバック	日本国内	政策疲労60.8、生活防衛38.8、制度要求37.7	怒りや制度要求が可視化され、政策対応への期待と失望が同時に高まる。
FB084	54	社会反応	生活防衛シフト	0.63	全体	生活コスト不安↑ 子ども意向↓	若者・現役行動フィードバック	日本国内	政策疲労60.8、生活防衛38.8、制度要求37.7	家計防衛が優先され、将来投資や子どもを迎える判断が後回しになる。
FB084	54	社会反応	生活防衛シフト	0.63	全体	生活コスト不安↑ 子ども意向↓	若者・現役行動フィードバック	日本国内	政策疲労60.8、生活防衛38.8、制度要求37.7	家計防衛が優先され、将来投資や子どもを迎える判断が後回しになる。
OE054	54	組織判断	企業・組織の採用育成判断	0.44	若者・現役世代	育成経路↑ 地域接続↑	組織運営LLM	日本	関東広域ロジスティクス株式会社: 新卒は監督/保全枠を維持。中途は省エネ運行と保守強化 / 北関東精密加工株式会社: 新卒小枠維持。中途は保全/電力管理/生技を優先、派遣抑制 / 首都圏業務支援株式会社: 新卒は最小維持。危機広報・監査対応の中途を厚く	関東広域ロジスティクス株式会社: 採用枠は狭く不安増。安全と説明がある職場は志望が残る / 北関東精密加工株式会社: 採用枠は狭いが育成は手厚く、安心と技能獲得は両立しやすい / 首都圏業務支援株式会社: 採用枠は狭いが、危機運用スキル獲得の機会は増える 現役側には 関東広域ロジスティクス株式会社: コスト圧で負荷増。勤務設計改善が不満の緩和要因になる / 北関東精密加工株式会社: 再配置と多能工化が進み負荷増。停止減で心理負担は一部軽減 / 首都圏業務支援株式会社: 現場は不安対応と承認負荷が増え、燃え尽き対策が必須
PL053_01	54	政策探索	取りこぼし監査付き“引き出し型”支援導線	0.58	注意層（情報過敏/制度不信）＋中立層（迷い）＋妊娠中〜産後1年当事者	政策疲労↓ 情報過負荷↓ 手続き到達↑ 制度信頼↑ 副作用圧↓	LLM政策探索/構造持続あり+伴走支援	日本	SNS不安増幅下で副作用圧が最大化。説明・通知過多と対象外感が政策疲労を押し上げている。	不安情報が多すぎて、通知が来るほど制度から距離を置きたくなる。
PL053_02	54	政策探索	対象外感の摩擦補償（申請不要の小額・同条件）	0.52	現役納税層＋非婚/非出産選択者＋参加困難層＋対象外感が強い層	公平感↑ 対象外反発↓ 制度信頼↑ 政策疲労↓ 生活防衛圧↓	LLM政策探索/構造持続あり+伴走支援	日本	SNS不安増幅下で副作用圧が最大化。説明・通知過多と対象外感が政策疲労を押し上げている。	自分は対象外なのに負担だけ増える気がして、政策全体が信用できない。
WE054	54	世界イベント	エネルギー価格ショックの悪化	0.31	全体	生活コスト↑ 子ども意向↓	エネルギー価格圧力	ウクライナ(限定戦争)、ロシア(間接衝突)、イスラエル(間接衝突)	ステップ54: SNS不安増幅が90.6。高リスク国: ウクライナ(限定戦争)、ロシア(間接衝突)、イスラエル(間接衝突)。日本の緩衝政策余力は15.8。	エネルギー圧力が高く、家計と移動・電気代への不安が増える。 直近で悪化しており、前よりも日常の判断に入り込みやすい。
WE055	54	世界イベント	地政学SNS不安拡散の高止まり	0.93	全体	不安↑ 怒り↑ 逃避行動↑ 慢性負荷↑	SNS不安増幅	ウクライナ(限定戦争)、ロシア(間接衝突)、イスラエル(間接衝突)	ステップ54: SNS不安増幅が90.6。高リスク国: ウクライナ(限定戦争)、ロシア(間接衝突)、イスラエル(間接衝突)。日本の緩衝政策余力は15.8。	危機情報がSNSで増幅し、不安と怒りが日常会話に入り込む。 新しい事件というより、高い不安が続いて疲労感を生む。
WE056	54	制度制約	財政制約による支援遅れの高止まり	1.00	全体	制度信頼↓ 裏切られ感↑ 慢性負荷↑	日本社会状態	日本	ステップ54: SNS不安増幅が90.6。高リスク国: ウクライナ(限定戦争)、ロシア(間接衝突)、イスラエル(間接衝突)。日本の緩衝政策余力は15.8。	財政圧力により若者支援や生活支援が遅れ、制度への失望が出やすい。 新しい事件というより、高い不安が続いて疲労感を生む。
FB085	55	社会反応	制度要求の可視化	0.41	全体	制度応答↑ SNS不安↑	若者・現役行動フィードバック	日本国内	政策疲労63.5、生活防衛42.2、公平感欠損34.9	怒りや制度要求が可視化され、政策対応への期待と失望が同時に高まる。
FB085	55	社会反応	制度要求の可視化	0.41	全体	制度応答↑ SNS不安↑	若者・現役行動フィードバック	日本国内	政策疲労63.5、生活防衛42.2、公平感欠損34.9	怒りや制度要求が可視化され、政策対応への期待と失望が同時に高まる。
FB086	55	社会反応	生活防衛シフト	0.69	全体	生活コスト不安↑ 子ども意向↓	若者・現役行動フィードバック	日本国内	政策疲労63.5、生活防衛42.2、公平感欠損34.9	家計防衛が優先され、将来投資や子どもを迎える判断が後回しになる。
FB086	55	社会反応	生活防衛シフト	0.69	全体	生活コスト不安↑ 子ども意向↓	若者・現役行動フィードバック	日本国内	政策疲労63.5、生活防衛42.2、公平感欠損34.9	家計防衛が優先され、将来投資や子どもを迎える判断が後回しになる。
OE055	55	組織判断	企業・組織の採用育成判断	0.46	若者・現役世代	育成経路↑ 地域接続↑	組織運営LLM	日本	関東広域ロジスティクス株式会社: 新卒は監督/保全枠を維持。中途は配車DXと保守増員 / 東北ライフライン保守株式会社: 新卒維持+地元枠継続。中途を増やし夜間/災害対応経験を優先 / 未来通信システム株式会社: 新卒は信頼運用・説明力で厳選、中途は監査と省エネ強化	関東広域ロジスティクス株式会社: 現場職の将来不安が増。安全/AI必修が安心材料になる / 東北ライフライン保守株式会社: 生活不安に配慮が定着を支えるが、即戦力要求で焦りも増す / 未来通信システム株式会社: 採用絞りで不安増、説明・検証力の学習価値が上がる 現役側には 関東広域ロジスティクス株式会社: 説明不足で抵抗増。監査と安全重視で受容を狙う / 東北ライフライン保守株式会社: 当番最適化で負荷は減る一方、AI運用責任と学習負担が増える / 未来通信システム株式会社: 監査・省エネ・対外説明の追加負荷、再配置と再学習が進む
PL054_01	55	政策探索	施策の統合リリース（追加停止8step＋1レーン運用固定）	0.62	注意層（情報過敏/制度不信）＋中立層（迷い）＋現役納税層（対象外感）	政策疲労↓ 情報過負荷↓ 制度信頼↑ 二極化↓ 手続き到達↑	LLM政策探索/構造持続あり+伴走支援	日本	副作用圧が最大でSNS不安が増幅、施策増が逆効果化し信頼と疲労が悪化中	不安情報が毎日流れて制度も頻繁に変わり、追うほど損しそうに感じる
PL054_02	55	政策探索	副作用監査の週次公開＋異議申立SLA未達の自動補償（非強制説明付き）	0.58	注意層（制度不信/不公平感）＋現役納税層＋対象外感が強い層	副作用圧↓ 公平感↑ 制度信頼↑ 炎上連鎖↓ 政策疲労↓	LLM政策探索/構造持続あり+伴走支援	日本	副作用圧が最大でSNS不安が増幅、施策増が逆効果化し信頼と疲労が悪化中	困ったときに相談しても遅い/不公平になりそうで、最初から頼る気が起きない
FB087	56	社会反応	制度要求の可視化	0.38	全体	制度応答↑ SNS不安↑	若者・現役行動フィードバック	日本国内	政策疲労61.9、生活防衛41.1、公平感欠損34.1	怒りや制度要求が可視化され、政策対応への期待と失望が同時に高まる。
FB087	56	社会反応	制度要求の可視化	0.38	全体	制度応答↑ SNS不安↑	若者・現役行動フィードバック	日本国内	政策疲労61.9、生活防衛41.1、公平感欠損34.1	怒りや制度要求が可視化され、政策対応への期待と失望が同時に高まる。
FB088	56	社会反応	生活防衛シフト	0.67	全体	生活コスト不安↑ 子ども意向↓	若者・現役行動フィードバック	日本国内	政策疲労61.9、生活防衛41.1、公平感欠損34.1	家計防衛が優先され、将来投資や子どもを迎える判断が後回しになる。
FB088	56	社会反応	生活防衛シフト	0.67	全体	生活コスト不安↑ 子ども意向↓	若者・現役行動フィードバック	日本国内	政策疲労61.9、生活防衛41.1、公平感欠損34.1	家計防衛が優先され、将来投資や子どもを迎える判断が後回しになる。
OE056	56	組織判断	企業・組織の採用育成判断	0.45	若者・現役世代	育成経路↑ 地域接続↑	組織運営LLM	日本	首都圏業務支援株式会社: 新卒は最小維持。炎上対策・監査の中途を優先 / 関東広域ロジスティクス株式会社: 新卒は監督/保全枠を維持。中途は配車DX/保守を厚く / 東北ライフライン保守株式会社: 新卒維持+地元枠継続。中途比率増、治安/災害経験を優先	首都圏業務支援株式会社: 定型業務入口が細り、運用・統制スキルが必須化 / 関東広域ロジスティクス株式会社: 監督/保全に機会集中。SNS不安で応募の迷いが増える / 東北ライフライン保守株式会社: 不安期でも地元安定志向に訴求。適性不一致の離脱リスクは残る 現役側には 首都圏業務支援株式会社: 承認負荷と監査対応が増え、再訓練と疲弊が進む / 関東広域ロジスティクス株式会社: 現場に説明負荷増。技能転換は進むが待遇不満は残りやすい / 東北ライフライン保守株式会社: 再配置と標準化で負担軽減も、AI運用/説明対応の追加負荷が増える
PL055_01	56	政策探索	取りこぼし即時補填（人手フォロー優先）	0.58	注意層（制度不信/情報過敏）＋妊娠中〜産後1年当事者＋中立層（迷い）	手続き到達↑ 制度信頼↑ 副作用圧↓ 政策疲労↓ 二極化↓	LLM政策探索/構造持続あり+伴走支援	日本	副作用圧100と政策疲労63.5で不信が再燃しやすい。増やさず取りこぼしとケア詰まりを塞ぐ。	不安情報が多すぎて、制度は結局うまく辿り着けない気がする。
PL055_02	56	政策探索	産後休息・代替ケア即時枠（任意/非強制）	0.62	妊娠中〜産後1年当事者＋若年層（雇用不安/復帰不安）＋注意層（制度不信）	ケア負担↓ 離職リスク↓ 未来経路↑ 制度信頼↑ 希望側への移動↑	LLM政策探索/構造持続あり+伴走支援	日本	副作用圧100と政策疲労63.5で不信が再燃しやすい。増やさず取りこぼしとケア詰まりを塞ぐ。	産んだ後に回らなくなるのが怖くて、踏み出す判断ができない。
PL056_02	56	政策探索	週次監査の3指標ダイジェスト＋誤認耐性Q&A（短文化）	0.50	中立層（迷い）＋注意層（制度不信/監視懸念）＋現役納税層（財源不安）＋非婚/非出産選択者	制度信頼↑ 公平感↑ 政策疲労↓ 切り取り拡散↓ 対象外反発↓	LLM政策探索/構造持続あり+伴走支援	日本	副作用圧が最大化し、SNS不安で誤認拡散→制度不信と政策疲労が固定化しやすい	情報が多すぎて結局何が変わったのか分からず、信じるほど損をしそうに感じる
FB089	57	社会反応	制度要求の可視化	0.47	全体	制度応答↑ SNS不安↑	若者・現役行動フィードバック	日本国内	政策疲労61.0、生活防衛37.3、制度要求36.1	怒りや制度要求が可視化され、政策対応への期待と失望が同時に高まる。
FB089	57	社会反応	制度要求の可視化	0.47	全体	制度応答↑ SNS不安↑	若者・現役行動フィードバック	日本国内	政策疲労61.0、生活防衛37.3、制度要求36.1	怒りや制度要求が可視化され、政策対応への期待と失望が同時に高まる。
FB090	57	社会反応	生活防衛シフト	0.60	全体	生活コスト不安↑ 子ども意向↓	若者・現役行動フィードバック	日本国内	政策疲労61.0、生活防衛37.3、制度要求36.1	家計防衛が優先され、将来投資や子どもを迎える判断が後回しになる。
FB090	57	社会反応	生活防衛シフト	0.60	全体	生活コスト不安↑ 子ども意向↓	若者・現役行動フィードバック	日本国内	政策疲労61.0、生活防衛37.3、制度要求36.1	家計防衛が優先され、将来投資や子どもを迎える判断が後回しになる。
OE057	57	組織判断	企業・組織の採用育成判断	0.48	若者・現役世代	育成経路↑ 地域接続↑	組織運営LLM	日本	未来通信システム株式会社: 新卒は説明・監査適性で厳選、中途は運用信頼と省エネを増強 / 北関東精密加工株式会社: 新卒小枠維持。中途は保全/生技/調達・SNS対応の人事優先 / 首都圏業務支援株式会社: 新卒は最小維持。炎上対応・統制設計の中途を優先	未来通信システム株式会社: 選考は厳格化、説明・検証力が評価軸化し不安も増える / 北関東精密加工株式会社: 不安拡散で辞退増の恐れ。対話強化で安心感と技能習得速度を補う / 首都圏業務支援株式会社: 新卒枠は細りつつ、統制・危機対応スキルが評価される 現役側には 未来通信システム株式会社: 運用・監査負荷が増える一方、再配置で雇用は守られやすい / 北関東精密加工株式会社: 監査・保全・多能工へ役割転換圧。SNS由来の不信で士気変動が大きい / 首都圏業務支援株式会社: 承認要員・監査要員が増え負荷上昇、再配置で職務転換増
PL056_01	57	政策探索	産後ケア枠の優先順位・供給見える化＋代替導線固定	0.60	妊娠中〜産後1年当事者＋若年層（復帰不安）＋注意層（不公平感）	ケア負担↓ 不公平感↓ 制度信頼↑ 炎上連鎖↓ 離職リスク↓	LLM政策探索/構造持続あり+伴走支援	日本	副作用圧が最大化し、SNS不安で誤認拡散→制度不信と政策疲労が固定化しやすい	必要な時に使えない不安と不公平感がSNSで増幅し、制度から距離を置きたくなる
FB091	58	社会反応	制度要求の可視化	0.50	全体	制度応答↑ SNS不安↑	若者・現役行動フィードバック	日本国内	政策疲労64.0、生活防衛42.0、制度要求38.0	怒りや制度要求が可視化され、政策対応への期待と失望が同時に高まる。
FB091	58	社会反応	制度要求の可視化	0.50	全体	制度応答↑ SNS不安↑	若者・現役行動フィードバック	日本国内	政策疲労64.0、生活防衛42.0、制度要求38.0	怒りや制度要求が可視化され、政策対応への期待と失望が同時に高まる。
FB092	58	社会反応	生活防衛シフト	0.69	全体	生活コスト不安↑ 子ども意向↓	若者・現役行動フィードバック	日本国内	政策疲労64.0、生活防衛42.0、制度要求38.0	家計防衛が優先され、将来投資や子どもを迎える判断が後回しになる。
FB092	58	社会反応	生活防衛シフト	0.69	全体	生活コスト不安↑ 子ども意向↓	若者・現役行動フィードバック	日本国内	政策疲労64.0、生活防衛42.0、制度要求38.0	家計防衛が優先され、将来投資や子どもを迎える判断が後回しになる。
OE058	58	組織判断	企業・組織の採用育成判断	0.47	若者・現役世代	育成経路↑ 地域接続↑	組織運営LLM	日本	北関東精密加工株式会社: 新卒小枠維持。中途は保全/生技/調達・広報も優先 / 関東広域ロジスティクス株式会社: 新卒は監督/保全枠を維持。中途はBCP/広報/保守増 / 東北ライフライン保守株式会社: 新卒は地元枠維持。中途比率を上げ即戦力保安を優先	北関東精密加工株式会社: 不安増で辞退増リスク。相談導線が安心と定着に効く / 関東広域ロジスティクス株式会社: 採用枠は狭いが不安ケアと手順化で離職不安は緩和 / 東北ライフライン保守株式会社: 不安は強いが、可視化と相談窓口で応募/定着が持ち直す 現役側には 北関東精密加工株式会社: 現場は再配置と技能更新圧。保全/改善で役割再定義 / 関東広域ロジスティクス株式会社: 説明責任と手順遵守が増え負担増。相談線で摩擦低減 / 東北ライフライン保守株式会社: 再配置と当番最適化で負荷は下がるが、技能移行の緊張が増す
PL057_01	58	政策探索	副作用トリガ閾値・再開条件の公開＋自動補償先行	0.62	注意層（制度不信/不公平感）＋現役納税層＋対象外感が強い層	副作用圧↓ 制度信頼↑ 公平感↑ 炎上連鎖↓ 二極化↓	LLM政策探索/構造持続あり+伴走支援	日本	副作用圧が上限で信頼が毀損リスク。追加より停止条件の明確化と疲労低減が先。	SNSで炎上と不安が増え、制度はいつ改悪されるか分からないと感じる。
PL057_02	58	政策探索	通知の自己決定（週1既定＋緊急カテゴリ選択＋根拠3行）	0.58	中立層（迷い）＋注意層（情報過敏/手続き離脱）＋若年単身/非婚層	政策疲労↓ 情報過負荷↓ 強制感誤認↓ 手続き到達↑ 制度信頼↑	LLM政策探索/構造持続あり+伴走支援	日本	副作用圧が上限で信頼が毀損リスク。追加より停止条件の明確化と疲労低減が先。	生活防衛の余裕がなく、手続きや通知が増えるほど距離を置きたくなる。
WE057	58	世界イベント	間接衝突拡大	0.72	全体	地政学リスク↑ SNS不安↑	国家LLMリスク段階	北朝鮮	ステップ58: SNS不安増幅が87.5。高リスク国: ウクライナ(限定戦争)、北朝鮮(間接衝突)、ロシア(間接衝突)。日本の緩衝政策余力は18.7。	北朝鮮の間接衝突化により、SNS上の不安と将来予見性の低下が強まる。
FB093	59	社会反応	制度要求の可視化	0.44	全体	制度応答↑ SNS不安↑	若者・現役行動フィードバック	日本国内	政策疲労63.3、生活防衛39.6、公平感欠損34.9	怒りや制度要求が可視化され、政策対応への期待と失望が同時に高まる。
FB093	59	社会反応	制度要求の可視化	0.44	全体	制度応答↑ SNS不安↑	若者・現役行動フィードバック	日本国内	政策疲労63.3、生活防衛39.6、公平感欠損34.9	怒りや制度要求が可視化され、政策対応への期待と失望が同時に高まる。
FB094	59	社会反応	生活防衛シフト	0.64	全体	生活コスト不安↑ 子ども意向↓	若者・現役行動フィードバック	日本国内	政策疲労63.3、生活防衛39.6、公平感欠損34.9	家計防衛が優先され、将来投資や子どもを迎える判断が後回しになる。
FB094	59	社会反応	生活防衛シフト	0.64	全体	生活コスト不安↑ 子ども意向↓	若者・現役行動フィードバック	日本国内	政策疲労63.3、生活防衛39.6、公平感欠損34.9	家計防衛が優先され、将来投資や子どもを迎える判断が後回しになる。
OE059	59	組織判断	企業・組織の採用育成判断	0.43	若者・現役世代	育成経路↑ 地域接続↑	組織運営LLM	日本	首都圏業務支援株式会社: 新卒は最小維持。統制・危機対応・顧客折衝の中途を優先 / 関東広域ロジスティクス株式会社: 新卒は監督/保全に絞り維持。中途は保守・運行企画増 / 桐野市産業雇用課: 若者採用支援は重点業種に絞り、求人真偽審査を継続	首都圏業務支援株式会社: 新卒枠は細り不安増。AI運用・監査型スキルの学習誘因 / 関東広域ロジスティクス株式会社: 採用枠は狭いが技能明確化で学習指針が立つ / 桐野市産業雇用課: 採用口は狭まるが、検証力と地場就労の安心感が増す 現役側には 首都圏業務支援株式会社: 配置転換と再教育が増える。外注・非正規は稼働変動が拡大 / 関東広域ロジスティクス株式会社: 現場にAI/ロボ運用負荷増。相談線で不安緩和が必要 / 桐野市産業雇用課: 再配置と省力化で負荷は下がるが再学習と兼務が増える
PL058_01	59	政策探索	副作用トリガ閾値・再開条件の公開＋自動補償先行	0.60	注意層（制度不信/不公平感）＋現役納税層＋対象外感が強い層	副作用圧↓ 制度信頼↑ 公平感↑ 炎上連鎖↓ 二極化↓	LLM政策探索/構造持続あり+伴走支援	日本	副作用圧が最大で不信が再燃、SNS不安下で政策疲労が定着し離脱が増えやすい	制度がいつ止まり誰が損を補われるのか不明で、安心して手続きを始められない
PL058_02	59	政策探索	通知の自己決定（週1既定＋緊急カテゴリ選択＋根拠3行）	0.50	中立層（迷い）＋注意層（情報過敏/手続き離脱）＋若年単身/非婚層	政策疲労↓ 情報過負荷↓ 強制感誤認↓ 手続き到達↑ 制度信頼↑	LLM政策探索/構造持続あり+伴走支援	日本	副作用圧が最大で不信が再燃、SNS不安下で政策疲労が定着し離脱が増えやすい	通知が多いと追い詰められるので、必要なときだけ自分で選べる形なら続けられる
FB095	60	社会反応	制度要求の可視化	0.38	全体	制度応答↑ SNS不安↑	若者・現役行動フィードバック	日本国内	政策疲労62.6、公平感欠損36.1、生活防衛31.7	怒りや制度要求が可視化され、政策対応への期待と失望が同時に高まる。
FB095	60	社会反応	制度要求の可視化	0.38	全体	制度応答↑ SNS不安↑	若者・現役行動フィードバック	日本国内	政策疲労62.6、公平感欠損36.1、生活防衛31.7	怒りや制度要求が可視化され、政策対応への期待と失望が同時に高まる。
FB096	60	社会反応	生活防衛シフト	0.50	全体	生活コスト不安↑ 子ども意向↓	若者・現役行動フィードバック	日本国内	政策疲労62.6、公平感欠損36.1、生活防衛31.7	家計防衛が優先され、将来投資や子どもを迎える判断が後回しになる。
FB096	60	社会反応	生活防衛シフト	0.50	全体	生活コスト不安↑ 子ども意向↓	若者・現役行動フィードバック	日本国内	政策疲労62.6、公平感欠損36.1、生活防衛31.7	家計防衛が優先され、将来投資や子どもを迎える判断が後回しになる。
OE060	60	組織判断	企業・組織の採用育成判断	0.49	若者・現役世代	採用不安↑ 若手育成経路↓	組織運営LLM	日本	首都圏業務支援株式会社: 新卒は最小維持。顧客統制・セキュリティ中途を優先 / 関東広域ロジスティクス株式会社: 新卒は監督/保全に絞り維持。中途は運行企画・保守増 / 未来通信システム株式会社: 新卒は信頼運用・監査適性で絞り、中途は公共折衝と省エネ運用を増員	首都圏業務支援株式会社: 新卒枠が細り不安増。監査・AI運用技能の需要は上がる / 関東広域ロジスティクス株式会社: 採用枠は狭いが技能の見通しは明確。生活不安は残る / 未来通信システム株式会社: 厳選採用で不安増、監査/運用系の入口は増える 現役側には 首都圏業務支援株式会社: 運用責任と炎上不安が増す。職務転換・再訓練負荷が上昇 / 関東広域ロジスティクス株式会社: 現場は負荷増、運用技能で評価差。離職予防策が鍵 / 未来通信システム株式会社: 慢性不安下で運用負荷↑、監査対応と再学習が常態化
PL059_01	60	政策探索	1レーン固定の延長＋追加停止（短文化同梱）	0.58	中立層（迷い）＋注意層（情報過敏/制度不信）＋現役納税層（対象外感）	政策疲労↓ 情報過負荷↓ 二極化↓ 手続き到達↑ 制度信頼↑	LLM政策探索/構造持続あり+伴走支援	日本	副作用圧が最大で、政策疲労と公平感欠損が中立層の離脱手前を作っている	不安が強いのに制度は増える一方で、追うほど損をしそうに感じる
PL059_02	60	政策探索	副作用トリガ公開＋自動補償先行の一本化（週次3指標ダイジェスト）	0.62	注意層（制度不信/不公平感）＋現役納税層（財源不安）＋非婚/非出産選択者（対象外感）	副作用圧↓ 公平感↑ 制度信頼↑ 切り取り拡散↓ 政策疲労↓	LLM政策探索/構造持続あり+伴走支援	日本	副作用圧が最大で、政策疲労と公平感欠損が中立層の離脱手前を作っている	制度が間違えた時に自分が損しない保証が見えないと、将来の選択に踏み出せない
WE058	60	世界イベント	地政学SNS不安拡散の高止まり	0.76	全体	不安↑ 怒り↑ 逃避行動↑ 慢性負荷↑	SNS不安増幅	ウクライナ(限定戦争)、北朝鮮(間接衝突)、ロシア(間接衝突)	ステップ60: 財政圧力が84.7。高リスク国: ウクライナ(限定戦争)、北朝鮮(間接衝突)、ロシア(間接衝突)。日本の緩衝政策余力は21.2。	危機情報がSNSで増幅し、不安と怒りが日常会話に入り込む。 新しい事件というより、高い不安が続いて疲労感を生む。
WE059	60	制度制約	財政制約による支援遅れの高止まり	1.00	全体	制度信頼↓ 裏切られ感↑ 慢性負荷↑	日本社会状態	日本	ステップ60: 財政圧力が84.7。高リスク国: ウクライナ(限定戦争)、北朝鮮(間接衝突)、ロシア(間接衝突)。日本の緩衝政策余力は21.2。	財政圧力により若者支援や生活支援が遅れ、制度への失望が出やすい。 新しい事件というより、高い不安が続いて疲労感を生む。
FB097	61	社会反応	制度要求の可視化	0.52	全体	制度応答↑ SNS不安↑	若者・現役行動フィードバック	日本国内	政策疲労61.1、生活防衛42.6、制度要求38.7	怒りや制度要求が可視化され、政策対応への期待と失望が同時に高まる。
FB097	61	社会反応	制度要求の可視化	0.52	全体	制度応答↑ SNS不安↑	若者・現役行動フィードバック	日本国内	政策疲労61.1、生活防衛42.6、制度要求38.7	怒りや制度要求が可視化され、政策対応への期待と失望が同時に高まる。
FB098	61	社会反応	生活防衛シフト	0.70	全体	生活コスト不安↑ 子ども意向↓	若者・現役行動フィードバック	日本国内	政策疲労61.1、生活防衛42.6、制度要求38.7	家計防衛が優先され、将来投資や子どもを迎える判断が後回しになる。
FB098	61	社会反応	生活防衛シフト	0.70	全体	生活コスト不安↑ 子ども意向↓	若者・現役行動フィードバック	日本国内	政策疲労61.1、生活防衛42.6、制度要求38.7	家計防衛が優先され、将来投資や子どもを迎える判断が後回しになる。
OE061	61	組織判断	企業・組織の採用育成判断	0.48	若者・現役世代	育成経路↑ 地域接続↑	組織運営LLM	日本	関東広域ロジスティクス株式会社: 新卒は監督/保全に絞り継続。中途は運行企画と保全厚め / 北関東精密加工株式会社: 新卒小枠維持。中途は品質/生技/保全を優先 / 首都圏業務支援株式会社: 新卒は最小維持。統制・監査・CS中途を優先	関東広域ロジスティクス株式会社: 安心材料は増えるが配属幅が狭く選別不安が残る / 北関東精密加工株式会社: 採用枠不安は残るが、技能可視化で成長実感は上向く / 首都圏業務支援株式会社: 新卒枠は細り、監査・対応力ある若手が有利 現役側には 関東広域ロジスティクス株式会社: 現場の再学習負荷増。対話負担も増えるが離職は抑制 / 北関東精密加工株式会社: 再配置と自動化で負荷平準化。学び直し圧力は増える / 首都圏業務支援株式会社: 現場は炎上対応と再配置増。監査運用スキルが必須化
PL060_01	61	政策探索	社会維持活動nat報酬（育児以外も等価）	0.58	現役納税層（対象外感）＋中立層（迷い）＋非婚/非出産選択者	公平感↑ 制度信頼↑ 対象外反発↓ 二極化↓ 政策疲労↓	LLM政策探索/構造持続あり+伴走支援	日本	副作用圧が天井で、政策疲労と対象外感が中立層の信頼回復を阻害。供給制約下で増設より分配設計が要。	物価も不安も上がるのに、支援が『自分には関係ない』形で進むほど置いていかれる感じが強い。
PL060_02	61	政策探索	家族形成面談・即時予約の任意ワンタップ化（通知は週1の中に集約）	0.52	若年層（雇用不安/復帰不安）＋中立層（迷い）＋注意層（情報過敏/手続き離脱）	手続き到達↑ 未来経路↑ 強制感誤認↓ 政策疲労↓ 制度信頼↑	LLM政策探索/構造持続あり+伴走支援	日本	副作用圧が天井で、政策疲労と対象外感が中立層の信頼回復を阻害。供給制約下で増設より分配設計が要。	選択肢が多すぎて調べ疲れするので、押しつけじゃなく1回で状況整理できる入口がほしい。
PL061_02	61	政策探索	通知・監査の月1標準化＋緊急時だけ即時	0.58	注意層（情報過敏/制度不信）＋中立層（迷い）＋現役納税層（財源不安）	政策疲労↓ 情報過負荷↓ 切り取り拡散↓ 制度信頼↑ 手続き到達↑	LLM政策探索/構造持続あり+伴走支援	日本	副作用圧100と政策疲労61が高止まり。SNS不安下で誤認拡散と対象外反発が再燃しやすい。	毎週の更新が続くと追えず、結局どれも信用できない気分になる。
FB099	62	社会反応	制度要求の可視化	0.61	全体	制度応答↑ SNS不安↑	若者・現役行動フィードバック	日本国内	政策疲労58.2、制度要求43.8、生活防衛41.1	怒りや制度要求が可視化され、政策対応への期待と失望が同時に高まる。
FB099	62	社会反応	制度要求の可視化	0.61	全体	制度応答↑ SNS不安↑	若者・現役行動フィードバック	日本国内	政策疲労58.2、制度要求43.8、生活防衛41.1	怒りや制度要求が可視化され、政策対応への期待と失望が同時に高まる。
FB100	62	社会反応	生活防衛シフト	0.67	全体	生活コスト不安↑ 子ども意向↓	若者・現役行動フィードバック	日本国内	政策疲労58.2、制度要求43.8、生活防衛41.1	家計防衛が優先され、将来投資や子どもを迎える判断が後回しになる。
FB100	62	社会反応	生活防衛シフト	0.67	全体	生活コスト不安↑ 子ども意向↓	若者・現役行動フィードバック	日本国内	政策疲労58.2、制度要求43.8、生活防衛41.1	家計防衛が優先され、将来投資や子どもを迎える判断が後回しになる。
OE062	62	組織判断	企業・組織の採用育成判断	0.44	若者・現役世代	育成経路↑ 地域接続↑	組織運営LLM	日本	首都圏業務支援株式会社: 新卒は最小維持。炎上対応・監査中途を優先 / 桐野市産業雇用課: 重点業種の採用支援は維持、助成は成果連動で厳格化 / 関東広域ロジスティクス株式会社: 新卒は監督/保全に限定継続。中途は運行企画と保全優先	首都圏業務支援株式会社: 即戦力偏重で入口が狭まり、不安と離職が増える / 桐野市産業雇用課: 選別不安が増すため、相談導線と短期技能で安心を補う / 関東広域ロジスティクス株式会社: 採用枠は絞られ不安増。保全/運行企画に学習機会が寄る 現役側には 首都圏業務支援株式会社: 説明・監査負荷増。再配置と再学習の圧が上がる / 桐野市産業雇用課: 誤情報不安で離職懸念、再配置支援と説明一貫が効く / 関東広域ロジスティクス株式会社: 現場は不安と再配置圧。監査ログ提示で納得感は上がりやすい
PL061_01	62	政策探索	nat報酬の自動計上＋上限・監査セット	0.62	現役納税層（対象外感）＋中立層＋非婚/非出産選択者＋制度不信の注意層	公平感↑ 制度信頼↑ 対象外反発↓ 不正利用↓ 政策疲労↓	LLM政策探索/構造持続あり+伴走支援	日本	副作用圧100と政策疲労61が高止まり。SNS不安下で誤認拡散と対象外反発が再燃しやすい。	物価と雇用が不安な中で、また手続きが増えると感じた瞬間に距離を取りたくなる。
FB101	63	社会反応	制度要求の可視化	0.56	全体	制度応答↑ SNS不安↑	若者・現役行動フィードバック	日本国内	政策疲労59.3、生活防衛41.2、制度要求40.8	怒りや制度要求が可視化され、政策対応への期待と失望が同時に高まる。
FB101	63	社会反応	制度要求の可視化	0.56	全体	制度応答↑ SNS不安↑	若者・現役行動フィードバック	日本国内	政策疲労59.3、生活防衛41.2、制度要求40.8	怒りや制度要求が可視化され、政策対応への期待と失望が同時に高まる。
FB102	63	社会反応	生活防衛シフト	0.67	全体	生活コスト不安↑ 子ども意向↓	若者・現役行動フィードバック	日本国内	政策疲労59.3、生活防衛41.2、制度要求40.8	家計防衛が優先され、将来投資や子どもを迎える判断が後回しになる。
FB102	63	社会反応	生活防衛シフト	0.67	全体	生活コスト不安↑ 子ども意向↓	若者・現役行動フィードバック	日本国内	政策疲労59.3、生活防衛41.2、制度要求40.8	家計防衛が優先され、将来投資や子どもを迎える判断が後回しになる。
OE063	63	組織判断	企業・組織の採用育成判断	0.41	若者・現役世代	育成経路↑ 地域接続↑	組織運営LLM	日本	関東広域ロジスティクス株式会社: 新卒は監督/保全に限定維持。中途は運行企画と保全厚め / 未来通信システム株式会社: 新卒は信頼運用・対人折衝重視で絞り、中途は運用/CS増員 / 桐野市産業雇用課: 重点業種の採用支援維持、助成は成果連動で審査強化	関東広域ロジスティクス株式会社: 現場配属の不安が増えるが、保全/監督の明確化で定着が改善 / 未来通信システム株式会社: 不安環境で対人・説明力が評価され、AI一本化の焦りは緩和 / 桐野市産業雇用課: 不安で応募控え増。説明統一で安心を補強、実習で定着促進 現役側には 関東広域ロジスティクス株式会社: 再配置とAI/保全学習圧が増すが、雇用維持で生活不安は抑制 / 未来通信システム株式会社: 監査・危機対応の実務負荷増、計算枠制約で効率化圧力が強い / 桐野市産業雇用課: 窓口混乱が増すが、省計算AIで負荷軽減、再配置支援が必要
PL062_01	63	政策探索	通知・監査の月1標準を先行適用（緊急のみ即時）	0.58	注意層（情報過敏/制度不信）＋中立層（迷い）＋現役納税層（財源不安）	政策疲労↓ 情報過負荷↓ 切り取り拡散↓ 制度信頼↑ 手続き到達↑	LLM政策探索/構造持続あり+伴走支援	日本	副作用圧が最大で、SNS不安×政策疲労が説明不信と手続き離脱を増やす局面。	通知が多すぎて内容を信じる前に疲れて閉じてしまう。
PL062_02	63	政策探索	副作用申立てSLAの即時表示＋自動補償の先払い枠（上限付き）	0.62	注意層（制度不信/不公平感）＋対象外感が強い層＋現役納税層	副作用圧↓ 公平感↑ 制度信頼↑ 二極化↓ 政策疲労↓	LLM政策探索/構造持続あり+伴走支援	日本	副作用圧が最大で、SNS不安×政策疲労が説明不信と手続き離脱を増やす局面。	困った時にちゃんと助けてもらえるかが見えないと、制度に近づくのが怖い。
WE060	63	世界イベント	間接衝突拡大	0.72	全体	地政学リスク↑ SNS不安↑	国家LLMリスク段階	北朝鮮、イスラエル	ステップ63: SNS不安増幅が85.6。高リスク国: ウクライナ(限定戦争)、北朝鮮(間接衝突)、ロシア(間接衝突)、イスラエル(間接衝突)。日本の緩衝政策余力は19.9。	北朝鮮、イスラエルの間接衝突化により、SNS上の不安と将来予見性の低下が強まる。
FB103	64	社会反応	制度要求の可視化	0.46	全体	制度応答↑ SNS不安↑	若者・現役行動フィードバック	日本国内	政策疲労56.1、生活防衛37.5、制度要求35.6	怒りや制度要求が可視化され、政策対応への期待と失望が同時に高まる。
FB103	64	社会反応	制度要求の可視化	0.46	全体	制度応答↑ SNS不安↑	若者・現役行動フィードバック	日本国内	政策疲労56.1、生活防衛37.5、制度要求35.6	怒りや制度要求が可視化され、政策対応への期待と失望が同時に高まる。
FB104	64	社会反応	生活防衛シフト	0.60	全体	生活コスト不安↑ 子ども意向↓	若者・現役行動フィードバック	日本国内	政策疲労56.1、生活防衛37.5、制度要求35.6	家計防衛が優先され、将来投資や子どもを迎える判断が後回しになる。
FB104	64	社会反応	生活防衛シフト	0.60	全体	生活コスト不安↑ 子ども意向↓	若者・現役行動フィードバック	日本国内	政策疲労56.1、生活防衛37.5、制度要求35.6	家計防衛が優先され、将来投資や子どもを迎える判断が後回しになる。
OE064	64	組織判断	企業・組織の採用育成判断	0.43	若者・現役世代	育成経路↑ 地域接続↑	組織運営LLM	日本	未来通信システム株式会社: 新卒は信頼運用・CS厳選、中途は運用/監査増 / 首都圏業務支援株式会社: 新卒は最小維持。財政・需要不確実で中途は監査/危機対応に絞る / 関東広域ロジスティクス株式会社: 新卒は監督/保全に限定維持。中途は省人化PJ厚め	未来通信システム株式会社: 選別と不安対応が同時に増え、対人能力の価値上昇 / 首都圏業務支援株式会社: 新卒枠が細り不安。監査・危機対応スキル習得が就職軸に / 関東広域ロジスティクス株式会社: 入口が監督/保全寄りに。技能選別不安と成長機会は両立 現役側には 未来通信システム株式会社: 監査・危機対応が必須化し負荷増、再学習で適応格差 / 首都圏業務支援株式会社: 配置転換と評価基準変更で負荷増。再学習より手順順守が重視 / 関東広域ロジスティクス株式会社: 転換圧力増。監査/保全スキルが雇用防波堤になる
PL063_01	64	政策探索	月1「副作用/財源/対象外」3点テンプレ説明	0.50	注意層（制度不信/不公平感）＋現役納税層（財源不安）＋非婚/非出産選択者（対象外感）	制度信頼↑ 公平感↑ 切り取り拡散↓ 政策疲労↓ 二極化↓	LLM政策探索/構造持続あり+伴走支援	日本	副作用圧が上限到達、政策疲労も高止まり。SNS不安で切り取り拡散が進み、制度信頼が揺れやすい。	SNSでは不安だけ増えるのに、制度は結局どこまで助けてくれて誰にどう公平なのかが分からない。
PL064_01	64	政策探索	副作用対応を先行固定（新規訴求は一時減速）	0.45	注意層（制度不信）＋現役納税層（財源不安）＋対象外感が強い層＋中立層	政策疲労↓ 切り取り拡散↓ 制度信頼↑ 公平感↑ 二極化↓	LLM政策探索/構造持続あり+伴走支援	日本	副作用圧が飽和し、政策疲労と財源不安がSNS不安増幅で固定化しつつある	物価と雇用が不安定なのに制度は複雑で、損しないか確かめる余力がない
FB105	65	社会反応	制度要求の可視化	0.57	全体	制度応答↑ SNS不安↑	若者・現役行動フィードバック	日本国内	政策疲労56.9、制度要求41.4、生活防衛40.6	怒りや制度要求が可視化され、政策対応への期待と失望が同時に高まる。
FB105	65	社会反応	制度要求の可視化	0.57	全体	制度応答↑ SNS不安↑	若者・現役行動フィードバック	日本国内	政策疲労56.9、制度要求41.4、生活防衛40.6	怒りや制度要求が可視化され、政策対応への期待と失望が同時に高まる。
FB106	65	社会反応	生活防衛シフト	0.66	全体	生活コスト不安↑ 子ども意向↓	若者・現役行動フィードバック	日本国内	政策疲労56.9、制度要求41.4、生活防衛40.6	家計防衛が優先され、将来投資や子どもを迎える判断が後回しになる。
FB106	65	社会反応	生活防衛シフト	0.66	全体	生活コスト不安↑ 子ども意向↓	若者・現役行動フィードバック	日本国内	政策疲労56.9、制度要求41.4、生活防衛40.6	家計防衛が優先され、将来投資や子どもを迎える判断が後回しになる。
OE065	65	組織判断	企業・組織の採用育成判断	0.45	若者・現役世代	育成経路↑ 地域接続↑	組織運営LLM	日本	首都圏業務支援株式会社: 新卒は最小維持。中途は危機対応/監査に限定 / 未来通信システム株式会社: 新卒は信頼運用/CS厳選、中途は監査・危機広報・省エネ運用を増 / 北関東精密加工株式会社: 新卒小枠維持。中途は保全/品質/生技を厚め、採用は慎重	首都圏業務支援株式会社: 新卒枠縮小で不安増。監査/説明スキルは評価上昇 / 未来通信システム株式会社: 採用選別が強まり不安増、対人対応/監査技能の評価は上がる / 北関東精密加工株式会社: 不安増で辞退/早期離職が増えやすいが、技能可視化で定着は改善 現役側には 首都圏業務支援株式会社: 炎上/不安対応が増え負荷上昇。再配置と学習圧力 / 未来通信システム株式会社: 誤情報対応と監査負荷が増す一方、再配置で雇用は維持されやすい / 北関東精密加工株式会社: 不安で慎重化。兼務増と再配置が進み、保全・品質の負担が上がる
PL063_02	65	政策探索	申立て便乗/遅延の自動分岐+先払い枠の優先順位	0.60	注意層（制度不信/不公平感）＋申立て急増局面の全利用者＋運用者（自治体/委託先）	副作用圧↓ SLA未達連鎖↓ 不正利用↓ 制度信頼↑ 政策疲労↓	LLM政策探索/構造持続あり+伴走支援	日本	副作用圧が上限到達、政策疲労も高止まり。SNS不安で切り取り拡散が進み、制度信頼が揺れやすい。	申立てが詰まると『結局助けない』って拡散されるから、待たされる理由と順番が見えるかが大事。
PL064_02	65	政策探索	申立て一括化＋先払い補償の自動判定を縮小して人手審査優先	0.60	注意層（制度不信/不公平感）＋生活防衛が強い層＋現役納税層	副作用圧↓ 不信↓ 公平感↑ 手続き到達↑ 政策疲労↓	LLM政策探索/構造持続あり+伴走支援	日本	副作用圧が飽和し、政策疲労と財源不安がSNS不安増幅で固定化しつつある	困った時に早く直るなら制度を信じたいが、機械判定で損するのが怖い
WE061	65	世界イベント	間接衝突拡大	0.72	全体	地政学リスク↑ SNS不安↑	国家LLMリスク段階	ロシア	ステップ65: SNS不安増幅が84.1。高リスク国: ウクライナ(限定戦争)、北朝鮮(間接衝突)、ロシア(間接衝突)、イスラエル(間接衝突)。日本の緩衝政策余力は20.9。	ロシアの間接衝突化により、SNS上の不安と将来予見性の低下が強まる。
FB107	66	社会反応	制度要求の可視化	0.53	全体	制度応答↑ SNS不安↑	若者・現役行動フィードバック	日本国内	政策疲労58.4、生活防衛40.8、制度要求39.6	怒りや制度要求が可視化され、政策対応への期待と失望が同時に高まる。
FB107	66	社会反応	制度要求の可視化	0.53	全体	制度応答↑ SNS不安↑	若者・現役行動フィードバック	日本国内	政策疲労58.4、生活防衛40.8、制度要求39.6	怒りや制度要求が可視化され、政策対応への期待と失望が同時に高まる。
FB108	66	社会反応	生活防衛シフト	0.66	全体	生活コスト不安↑ 子ども意向↓	若者・現役行動フィードバック	日本国内	政策疲労58.4、生活防衛40.8、制度要求39.6	家計防衛が優先され、将来投資や子どもを迎える判断が後回しになる。
FB108	66	社会反応	生活防衛シフト	0.66	全体	生活コスト不安↑ 子ども意向↓	若者・現役行動フィードバック	日本国内	政策疲労58.4、生活防衛40.8、制度要求39.6	家計防衛が優先され、将来投資や子どもを迎える判断が後回しになる。
OE066	66	組織判断	企業・組織の採用育成判断	0.50	若者・現役世代	採用不安↑ 若手育成経路↓	組織運営LLM	日本	未来通信システム株式会社: 新卒は信頼運用/CS厳選、中途は監査・危機対応を厚く / 首都圏業務支援株式会社: 新卒は最小維持。中途は危機運用/監査/CS増 / 関東広域ロジスティクス株式会社: 新卒は監督/保全/安全に絞り維持。中途はBCPと省人化要員	未来通信システム株式会社: 危機対応スキル需要増も、選別強化で不安が残る / 首都圏業務支援株式会社: 入社後も運用監査中心で成長実感が遅れやすい / 関東広域ロジスティクス株式会社: 採用枠は狭いが技能が明確化。将来不安は説明次第で緩和 現役側には 未来通信システム株式会社: 監査・説明責任・省エネ運用へ再学習と負荷が増す / 首都圏業務支援株式会社: 炎上/監査負荷増。再学習と精神負荷が上がる / 関東広域ロジスティクス株式会社: 現場に慢性疲労。BCP訓練増で負荷上がるが離職は抑制方向
PL065_01	66	政策探索	副作用対応一本化＋新規訴求の一時減速	0.62	注意層（制度不信/不公平感）＋中立層（迷い）＋現役納税層（財源不安）＋対象外感が強い層	副作用圧↓ 制度信頼↑ 政策疲労↓ 切り取り拡散↓ 二極化↓	LLM政策探索/構造持続あり+伴走支援	日本	副作用圧が最大化し、SNS不安×財政不安で制度不信と政策疲労が同時進行。追加より運用統合が先。	何が得で何が罰か分からず、制度の話題が出るほど将来が不安になる。
WE062	66	世界イベント	地政学SNS不安拡散の高止まり	0.75	全体	不安↑ 怒り↑ 逃避行動↑ 慢性負荷↑	SNS不安増幅	ウクライナ(限定戦争)、北朝鮮(間接衝突)、ロシア(間接衝突)、イスラエル(間接衝突)	ステップ66: SNS不安増幅が84.2。高リスク国: ウクライナ(限定戦争)、北朝鮮(間接衝突)、ロシア(間接衝突)、イスラエル(間接衝突)。日本の緩衝政策余力は20.9。	危機情報がSNSで増幅し、不安と怒りが日常会話に入り込む。 新しい事件というより、高い不安が続いて疲労感を生む。
WE063	66	制度制約	財政制約による支援遅れの高止まり	1.00	全体	制度信頼↓ 裏切られ感↑ 慢性負荷↑	日本社会状態	日本	ステップ66: SNS不安増幅が84.2。高リスク国: ウクライナ(限定戦争)、北朝鮮(間接衝突)、ロシア(間接衝突)、イスラエル(間接衝突)。日本の緩衝政策余力は20.9。	財政圧力により若者支援や生活支援が遅れ、制度への失望が出やすい。 新しい事件というより、高い不安が続いて疲労感を生む。
FB109	67	社会反応	制度要求の可視化	0.43	全体	制度応答↑ SNS不安↑	若者・現役行動フィードバック	日本国内	政策疲労58.4、生活防衛37.6、公平感欠損35.2	怒りや制度要求が可視化され、政策対応への期待と失望が同時に高まる。
FB109	67	社会反応	制度要求の可視化	0.43	全体	制度応答↑ SNS不安↑	若者・現役行動フィードバック	日本国内	政策疲労58.4、生活防衛37.6、公平感欠損35.2	怒りや制度要求が可視化され、政策対応への期待と失望が同時に高まる。
FB110	67	社会反応	生活防衛シフト	0.61	全体	生活コスト不安↑ 子ども意向↓	若者・現役行動フィードバック	日本国内	政策疲労58.4、生活防衛37.6、公平感欠損35.2	家計防衛が優先され、将来投資や子どもを迎える判断が後回しになる。
FB110	67	社会反応	生活防衛シフト	0.61	全体	生活コスト不安↑ 子ども意向↓	若者・現役行動フィードバック	日本国内	政策疲労58.4、生活防衛37.6、公平感欠損35.2	家計防衛が優先され、将来投資や子どもを迎える判断が後回しになる。
OE067	67	組織判断	企業・組織の採用育成判断	0.40	若者・現役世代	育成経路↑ 地域接続↑	組織運営LLM	日本	首都圏業務支援株式会社: 新卒は最小維持。中途は危機運用/監査/CSを厳選増 / 関東広域ロジスティクス株式会社: 新卒は安全/保全/監督に絞り維持。中途は省人化・BCP補強 / 桐野市産業雇用課: 重点業種の採用支援は維持、SNS不安対策の説明枠を追加	首都圏業務支援株式会社: 新卒枠は狭いが、監査/危機対応の早期成長機会は増 / 関東広域ロジスティクス株式会社: 配属が安全・保全偏重で選択肢は狭いが、技能の可視化で安心感 / 桐野市産業雇用課: 不安は増えるが、相談導線強化で離脱と誤情報被害を抑制 現役側には 首都圏業務支援株式会社: 監査・説明責任・シフト対応が増え負荷上昇、再配置で雇用は維持 / 関東広域ロジスティクス株式会社: 再配置と手順標準化で負担は一時増。AI/ロボ保全の学習で安定化 / 桐野市産業雇用課: 再配置・兼業の選択肢が増える一方、説明不足だと反発が出る
PL065_02	67	政策探索	産後休息・代替ケアの即時枠（上限付き）	0.58	出産直後〜復帰期の家庭（特に孤立・夜間負担が高い層）	ケア負担↓ 離職リスク↓ 未来経路↑ 制度信頼↑	LLM政策探索/構造持続あり+伴走支援	日本	副作用圧が最大化し、SNS不安×財政不安で制度不信と政策疲労が同時進行。追加より運用統合が先。	産後の現実が怖くて、支援があると言われても使える気がしない。
PL066_01	67	政策探索	緊急だけ即時の定義公開＋取りこぼし救済線	0.60	注意層（制度不信/情報過敏）＋中立層（迷い）＋現役納税層（財源不安）	政策疲労↓ 切り取り拡散↓ 制度信頼↑ 手続き到達↑	LLM政策探索/構造持続あり+伴走支援	日本	副作用圧100と政策疲労58が臨界。SNS不安増幅下で「隠蔽/強制」誤認と運用ブレが信頼を削る。	不安は増えるのに情報は要点が見えず、何が大事で何をすればいいか分からない。
PL066_02	67	政策探索	申立て窓口に任意伴走を統合（予約・書類・代替ケア導線）	0.55	生活防衛が強い層＋若年層（雇用/復帰不安）＋注意層（手続き離脱）	副作用圧↓ 手続き到達↑ 未来経路↑ 強制感誤認↓ 制度信頼↑	LLM政策探索/構造持続あり+伴走支援	日本	副作用圧100と政策疲労58が臨界。SNS不安増幅下で「隠蔽/強制」誤認と運用ブレが信頼を削る。	困った時にどこへ行けばいいかが一つにまとまっていないと、結局あきらめてしまう。
PL067_01	67	政策探索	新規訴求を凍結し副作用/財源/対象外の一本導線へ	0.62	注意層（制度不信）＋中立層（迷い）＋現役納税層（財源不安）＋対象外感が強い層	政策疲労↓ 切り取り拡散↓ 制度信頼↑ 公平感↑ 二極化↓	LLM政策探索/構造持続あり+伴走支援	日本	副作用圧100と政策疲労58が主因。SNS不安下で新規追加は反発・切り取り増のリスク、手続き一本化と公平補償が先。	不安は増えるのに制度は複雑で、結局どこに何を言えばいいか分からない。
FB111	68	社会反応	制度要求の可視化	0.42	全体	制度応答↑ SNS不安↑	若者・現役行動フィードバック	日本国内	政策疲労58.9、公平感欠損36.1、制度要求33.4	怒りや制度要求が可視化され、政策対応への期待と失望が同時に高まる。
FB111	68	社会反応	制度要求の可視化	0.42	全体	制度応答↑ SNS不安↑	若者・現役行動フィードバック	日本国内	政策疲労58.9、公平感欠損36.1、制度要求33.4	怒りや制度要求が可視化され、政策対応への期待と失望が同時に高まる。
FB112	68	社会反応	生活防衛シフト	0.52	全体	生活コスト不安↑ 子ども意向↓	若者・現役行動フィードバック	日本国内	政策疲労58.9、公平感欠損36.1、制度要求33.4	家計防衛が優先され、将来投資や子どもを迎える判断が後回しになる。
FB112	68	社会反応	生活防衛シフト	0.52	全体	生活コスト不安↑ 子ども意向↓	若者・現役行動フィードバック	日本国内	政策疲労58.9、公平感欠損36.1、制度要求33.4	家計防衛が優先され、将来投資や子どもを迎える判断が後回しになる。
OE068	68	組織判断	企業・組織の採用育成判断	0.47	若者・現役世代	育成経路↑ 地域接続↑	組織運営LLM	日本	首都圏業務支援株式会社: 新卒は最小維持。中途は危機広報/監査/CSを厳選増 / さくら在宅ケア株式会社: 新卒最小維持。復職・有資格者優先、地域紹介網を厚くする / 北関東精密加工株式会社: 新卒小枠維持。中途は保全/品質/生技中心、内定は分割判断	首都圏業務支援株式会社: 新卒枠縮小で不安。監査/OJTで成長機会は残る / さくら在宅ケア株式会社: 安心説明スキルが評価軸に。資格取得動機は強まるが負担増 / 北関東精密加工株式会社: SNS不安で辞退増。だが技能可視化で定着は一部改善 現役側には 首都圏業務支援株式会社: 炎上対応の負荷増。配置転換と再学習で役割再編が進む / さくら在宅ケア株式会社: 不安対応と記録負荷が増える。ロボ/AIで身体負担は一部軽減 / 北関東精密加工株式会社: 兼務増で負荷上昇。保全/生技は再訓練で評価機会が増える
PL067_02	68	政策探索	産後ケア即時枠の不足補償（代替券+優先基準公開）	0.58	産後〜復帰期の家庭（孤立・夜間負担が高い層）＋予約落選/対象外で不公平感が出る層	ケア負担↓ 不公平感↓ 制度信頼↑ 離職リスク↓ 二極化↓	LLM政策探索/構造持続あり+伴走支援	日本	副作用圧100と政策疲労58が主因。SNS不安下で新規追加は反発・切り取り増のリスク、手続き一本化と公平補償が先。	必要なときに取れないなら、支援があるほど余計に不公平に感じてしまう。
FB113	69	社会反応	制度要求の可視化	0.38	全体	制度応答↑ SNS不安↑	若者・現役行動フィードバック	日本国内	政策疲労62.0、公平感欠損37.0、生活防衛33.9	怒りや制度要求が可視化され、政策対応への期待と失望が同時に高まる。
FB113	69	社会反応	制度要求の可視化	0.38	全体	制度応答↑ SNS不安↑	若者・現役行動フィードバック	日本国内	政策疲労62.0、公平感欠損37.0、生活防衛33.9	怒りや制度要求が可視化され、政策対応への期待と失望が同時に高まる。
FB114	69	社会反応	生活防衛シフト	0.54	全体	生活コスト不安↑ 子ども意向↓	若者・現役行動フィードバック	日本国内	政策疲労62.0、公平感欠損37.0、生活防衛33.9	家計防衛が優先され、将来投資や子どもを迎える判断が後回しになる。
FB114	69	社会反応	生活防衛シフト	0.54	全体	生活コスト不安↑ 子ども意向↓	若者・現役行動フィードバック	日本国内	政策疲労62.0、公平感欠損37.0、生活防衛33.9	家計防衛が優先され、将来投資や子どもを迎える判断が後回しになる。
OE069	69	組織判断	企業・組織の採用育成判断	0.44	若者・現役世代	育成経路↑ 地域接続↑	組織運営LLM	日本	首都圏業務支援株式会社: 新卒は最小維持。中途は危機広報/監査/AI統制を厳選増 / さくら在宅ケア株式会社: 新卒最小維持。復職・有資格者優先、紹介網強化 / 桐野市産業雇用課: 重点業種の採用支援は維持、説明会は誤情報対策を強化	首都圏業務支援株式会社: 新卒枠は細るが、監査/統制型スキルで早期成長機会は増える / さくら在宅ケア株式会社: 不安対応力が評価軸に。安心設計で定着は改善し得る / 桐野市産業雇用課: 不安環境で進路迷い増、見学と相談の安心効果が出やすい 現役側には 首都圏業務支援株式会社: 現場は統制負荷と再学習圧。外注/非正規は需要変動で不安定化 / さくら在宅ケア株式会社: 説明・監査負荷増。AI/ロボで身体負担は軽減方向 / 桐野市産業雇用課: 誤情報で不安増、再配置と技能更新の負担が上がる
PL068_01	69	政策探索	一本導線+通知疲労ブレーキ（オンデマンド資格表示）	0.52	中立層（迷い）＋注意層（制度不信/情報過敏）＋現役納税層（財源不安）	政策疲労↓ 情報過負荷↓ 手続き到達↑ 制度信頼↑ 切り取り拡散↓	LLM政策探索/構造持続あり+伴走支援	日本	副作用圧100と政策疲労が高止まり。産後支援は効くが告知過多と不公平感で中立層が動けない。	制度が増えすぎて追えず、結局自分だけ損しそうで手続きを始められない。
FB115	70	社会反応	制度要求の可視化	0.36	全体	制度応答↑ SNS不安↑	若者・現役行動フィードバック	日本国内	政策疲労62.4、公平感欠損38.2、制度要求30.2	怒りや制度要求が可視化され、政策対応への期待と失望が同時に高まる。
FB115	70	社会反応	制度要求の可視化	0.36	全体	制度応答↑ SNS不安↑	若者・現役行動フィードバック	日本国内	政策疲労62.4、公平感欠損38.2、制度要求30.2	怒りや制度要求が可視化され、政策対応への期待と失望が同時に高まる。
FB116	70	社会反応	生活防衛シフト	0.42	全体	生活コスト不安↑ 子ども意向↓	若者・現役行動フィードバック	日本国内	政策疲労62.4、公平感欠損38.2、制度要求30.2	家計防衛が優先され、将来投資や子どもを迎える判断が後回しになる。
FB116	70	社会反応	生活防衛シフト	0.42	全体	生活コスト不安↑ 子ども意向↓	若者・現役行動フィードバック	日本国内	政策疲労62.4、公平感欠損38.2、制度要求30.2	家計防衛が優先され、将来投資や子どもを迎える判断が後回しになる。
OE070	70	組織判断	企業・組織の採用育成判断	0.49	若者・現役世代	採用不安↑ 若手育成経路↓	組織運営LLM	日本	首都圏業務支援株式会社: 新卒は最小維持。中途は危機対応/監査/AI統制を厳選増 / 未来通信システム株式会社: 新卒は信頼運用/CS厳選継続、中途は監査・広報・省電力運用を増員 / さくら在宅ケア株式会社: 新卒は最小維持。復職・有資格者優先、紹介と地域連携採用	首都圏業務支援株式会社: 新卒枠縮小で不安は増えるが、統制/監査型スキルの入口は残る / 未来通信システム株式会社: 信頼・運用系に学習需要増、選別は強まり不安も拡大 / さくら在宅ケア株式会社: 不安増で応募迷い増。説明力ある現場は定着がやや改善 現役側には 首都圏業務支援株式会社: 運用・監査へ職務移行が進み、対人対応負荷と再学習圧が上がる / 未来通信システム株式会社: 当直/監査負荷増で再学習必須、配置転換でキャリア分岐 / さくら在宅ケア株式会社: 家族説明負荷が増すが、AI/ロボで記録負担は軽減
PL068_02	70	政策探索	産後復帰の職場連携・代替ケア同時予約（任意）	0.48	出産直後〜復帰期の家庭（雇用/復帰不安が高い層、夜間負担が高い層）	離職リスク↓ ケア負担↓ 未来経路↑ 制度信頼↑ 二極化↓	LLM政策探索/構造持続あり+伴走支援	日本	副作用圧100と政策疲労が高止まり。産後支援は効くが告知過多と不公平感で中立層が動けない。	産後に仕事が戻れるか不安で、支援があっても生活設計の確信が持てない。
PL069_01	70	政策探索	副作用SLA公開ボード+人手審査優先の明文化	0.62	注意層（制度不信/不公平感）＋現役納税層（財源不安）＋中立層（迷い）	制度信頼↑ 公平感↑ 切り取り拡散↓ 政策疲労↓ 二極化↓	LLM政策探索/構造持続あり+伴走支援	日本	副作用圧100と政策疲労62が支配的。SNS不安下で対象外反発と不信が固定化しやすい。	困った時にちゃんと助かるか分からず、制度の話題自体がしんどい。
PL069_02	70	政策探索	通知疲労の月1要約+オンデマンド詳細（対象外理由も同画面）	0.58	中立層（迷い/情報過敏）＋注意層（手続き離脱）＋対象外感が強い層	政策疲労↓ 情報過負荷↓ 手続き到達↑ 対象外反発↓ 制度信頼↑	LLM政策探索/構造持続あり+伴走支援	日本	副作用圧100と政策疲労62が支配的。SNS不安下で対象外反発と不信が固定化しやすい。	情報が多すぎて追えず、結局自分は対象外なんだろうと思ってしまう。
FB117	71	社会反応	制度要求の可視化	0.34	全体	制度応答↑ SNS不安↑	若者・現役行動フィードバック	日本国内	政策疲労59.1、公平感欠損38.1、生活防衛32.7	怒りや制度要求が可視化され、政策対応への期待と失望が同時に高まる。
FB117	71	社会反応	制度要求の可視化	0.34	全体	制度応答↑ SNS不安↑	若者・現役行動フィードバック	日本国内	政策疲労59.1、公平感欠損38.1、生活防衛32.7	怒りや制度要求が可視化され、政策対応への期待と失望が同時に高まる。
FB118	71	社会反応	生活防衛シフト	0.52	全体	生活コスト不安↑ 子ども意向↓	若者・現役行動フィードバック	日本国内	政策疲労59.1、公平感欠損38.1、生活防衛32.7	家計防衛が優先され、将来投資や子どもを迎える判断が後回しになる。
FB118	71	社会反応	生活防衛シフト	0.52	全体	生活コスト不安↑ 子ども意向↓	若者・現役行動フィードバック	日本国内	政策疲労59.1、公平感欠損38.1、生活防衛32.7	家計防衛が優先され、将来投資や子どもを迎える判断が後回しになる。
OE071	71	組織判断	企業・組織の採用育成判断	0.41	若者・現役世代	育成経路↑ 地域接続↑	組織運営LLM	日本	首都圏業務支援株式会社: 新卒は最小維持。中途は統制・監査・危機対応を厳選増 / 桐野市産業雇用課: 重点業種の採用支援は維持、対面小規模+真偽確認導線を標準化 / 未来通信システム株式会社: 新卒は信頼運用/省電力DC厳選、中途は財務・官公庁対応を増員	首都圏業務支援株式会社: 新卒枠は細りやすいが、統制運用スキルで伸び代が出る / 桐野市産業雇用課: 採用不安は残るが、情報衛生支援で誤情報起因の混乱は減る / 未来通信システム株式会社: 公共・運用寄りの配属増で成長機会は安定、華やか領域は狭まる 現役側には 首都圏業務支援株式会社: 現場に監査・説明責任が増え、再配置と負荷増が同時進行 / 桐野市産業雇用課: 再配置・学び直し負荷は増すが、失業急増は抑制されやすい / 未来通信システム株式会社: コスト圧力で職務整理と再学習が加速、運用負荷は平準化へ
PL070_01	71	政策探索	月1要約に「見逃し防止」安全弁＋異議申立同梱	0.62	中立層（迷い/情報過敏）＋注意層（手続き離脱）＋対象外感が強い層	政策疲労↓ 情報過負荷↓ 手続き到達↑ 制度信頼↑ 対象外反発↓	LLM政策探索/構造持続あり+伴走支援	日本	副作用圧が最大で、通知・手続き疲労と対象外感が中立層を固着させている。	情報が多すぎて、何が自分に関係あるのか判断するだけで消耗している。
FB119	72	社会反応	制度要求の可視化	0.29	全体	制度応答↑ SNS不安↑	若者・現役行動フィードバック	日本国内	政策疲労58.3、公平感欠損38.9、生活防衛29.4	怒りや制度要求が可視化され、政策対応への期待と失望が同時に高まる。
FB120	72	社会反応	生活防衛シフト	0.46	全体	生活コスト不安↑ 子ども意向↓	若者・現役行動フィードバック	日本国内	政策疲労58.3、公平感欠損38.9、生活防衛29.4	家計防衛が優先され、将来投資や子どもを迎える判断が後回しになる。
PL070_02	72	政策探索	対象外感緩和の社会維持natミニ報酬（任意・限定）	0.48	対象外感が強い層＋現役納税層（財源不安）＋中立層（制度の公平性に敏感）	公平感↑ 対象外反発↓ 制度信頼↑ 二極化↓ 政策疲労↓	LLM政策探索/構造持続あり+伴走支援	日本	副作用圧が最大で、通知・手続き疲労と対象外感が中立層を固着させている。	将来の選択を否定されない形で、社会に参加している実感と見返りがほしい。
PL071_01	72	政策探索	財源・対象外・副作用の一本説明（家計影響つき）	0.50	中立層（迷い/情報過敏）＋注意層（制度不信/不公平感）＋現役納税層（財源不安）＋対象外感が強い層	政策疲労↓ 対象外反発↓ 財政不安↓ 制度信頼↑ 切り取り拡散↓	LLM政策探索/構造持続あり+伴走支援	日本	副作用圧100と政策疲労59が高止まり。新規追加より「説明統合+監査強化」で不信と対象外反発の連鎖を止める局面。	物価も将来も不安なのに、何が誰に効くのか分からず、結局手続きに手が伸びない。
PL071_02	73	政策探索	副作用監査の独立レビュー＋AI停止・人手切替の明文化	0.60	注意層（制度不信/不公平感）＋中立層（迷い）＋申立利用者（手続き離脱/過去トラブル）	副作用圧↓ 制度信頼↑ 公平感↑ 二極化↓ 手続き到達↑	LLM政策探索/構造持続あり+伴走支援	日本	副作用圧100と政策疲労59が高止まり。新規追加より「説明統合+監査強化」で不信と対象外反発の連鎖を止める局面。	AIに決められている感じが怖いから、納得できない時に人が見てくれる保証が欲しい。
