step	scenario_mode	event_id	event_type	event_name	start_step	end_step	intensity_0to1	probability_0to1	target	direction	description
4	policy_search_with_sustain_hope_family	E01	ショック	生成AI・認知労働自動化急加速	4	20	0.80	1.00	全体	雇用安定↓ 希望↓	事務・文章・開発・企画・分析などの認知労働が短期に再編され、初期キャリア層の不安が増える。
5	policy_search_with_sustain_hope_family	E01	ショック	生成AI・認知労働自動化急加速	4	20	0.80	1.00	全体	雇用安定↓ 希望↓	事務・文章・開発・企画・分析などの認知労働が短期に再編され、初期キャリア層の不安が増える。
6	policy_search_with_sustain_hope_family	E01	ショック	生成AI・認知労働自動化急加速	4	20	0.80	1.00	全体	雇用安定↓ 希望↓	事務・文章・開発・企画・分析などの認知労働が短期に再編され、初期キャリア層の不安が増える。
6	policy_search_with_sustain_hope_family	E02	ショック	生活コスト上昇	6	30	0.70	0.90	全体	可処分所得↓ 子ども意向↓	住居費・エネルギー・食費が同時上昇し、家計余力が縮小する。
7	policy_search_with_sustain_hope_family	E01	ショック	生成AI・認知労働自動化急加速	4	20	0.80	1.00	全体	雇用安定↓ 希望↓	事務・文章・開発・企画・分析などの認知労働が短期に再編され、初期キャリア層の不安が増える。
7	policy_search_with_sustain_hope_family	E02	ショック	生活コスト上昇	6	30	0.70	0.90	全体	可処分所得↓ 子ども意向↓	住居費・エネルギー・食費が同時上昇し、家計余力が縮小する。
8	policy_search_with_sustain_hope_family	E01	ショック	生成AI・認知労働自動化急加速	4	20	0.80	1.00	全体	雇用安定↓ 希望↓	事務・文章・開発・企画・分析などの認知労働が短期に再編され、初期キャリア層の不安が増える。
8	policy_search_with_sustain_hope_family	E02	ショック	生活コスト上昇	6	30	0.70	0.90	全体	可処分所得↓ 子ども意向↓	住居費・エネルギー・食費が同時上昇し、家計余力が縮小する。
8	policy_search_with_sustain_hope_family	E06	ショック	SNS悲観バイアス増幅	8	40	0.55	0.85	SNS高感受層	希望↓ 分断感↑	悲観情報が拡散しやすくなり、希望指数と相互信頼を押し下げる。
8	policy_search_with_sustain_hope_family	P02	政策	奨学金負担軽減・所得連動返済	8	83	0.80	1.00	在学層・負債高層	可処分所得↑ 子ども意向↑	返済負担の平準化と減免を導入し、将来投資の先送りを抑制する。
8	policy_search_with_sustain_hope_family	HP01	政策	若者希望経路保証	8	83	0.84	1.00	15-22歳・進学就職移行層	希望↑ 自己効力感↑ 将来予見性↑	学び、初職、地域プロジェクト、AI活用訓練を接続し、若者が5年後の役割を複数持てるようにする。特定進路の強制ではなく選べる経路を増やす。
8	policy_search_with_sustain_hope_family	HP08	政策	自動着金・仮払いセーフティ	8	83	0.86	1.00	若者・低中所得層・家族形成層	制度信頼↑ 不安↓ 生活防衛↓	申請から支給までの空白を減らすため、資格確認前の仮払い、あとから精算、異議申立を組み合わせる。支援が「いつか届く」ではなく「今つながる」経験になるようにする。
9	policy_search_with_sustain_hope_family	E01	ショック	生成AI・認知労働自動化急加速	4	20	0.80	1.00	全体	雇用安定↓ 希望↓	事務・文章・開発・企画・分析などの認知労働が短期に再編され、初期キャリア層の不安が増える。
9	policy_search_with_sustain_hope_family	E02	ショック	生活コスト上昇	6	30	0.70	0.90	全体	可処分所得↓ 子ども意向↓	住居費・エネルギー・食費が同時上昇し、家計余力が縮小する。
9	policy_search_with_sustain_hope_family	E06	ショック	SNS悲観バイアス増幅	8	40	0.55	0.85	SNS高感受層	希望↓ 分断感↑	悲観情報が拡散しやすくなり、希望指数と相互信頼を押し下げる。
9	policy_search_with_sustain_hope_family	P02	政策	奨学金負担軽減・所得連動返済	8	83	0.80	1.00	在学層・負債高層	可処分所得↑ 子ども意向↑	返済負担の平準化と減免を導入し、将来投資の先送りを抑制する。
9	policy_search_with_sustain_hope_family	P08	政策	若年メンタルヘルス即時アクセス	9	83	0.72	1.00	高負荷層	メンタル負荷↓ 希望↑	心理支援への待機時間と費用障壁を下げ、長期離脱を防ぐ。
9	policy_search_with_sustain_hope_family	HP01	政策	若者希望経路保証	8	83	0.84	1.00	15-22歳・進学就職移行層	希望↑ 自己効力感↑ 将来予見性↑	学び、初職、地域プロジェクト、AI活用訓練を接続し、若者が5年後の役割を複数持てるようにする。特定進路の強制ではなく選べる経路を増やす。
9	policy_search_with_sustain_hope_family	HP08	政策	自動着金・仮払いセーフティ	8	83	0.86	1.00	若者・低中所得層・家族形成層	制度信頼↑ 不安↓ 生活防衛↓	申請から支給までの空白を減らすため、資格確認前の仮払い、あとから精算、異議申立を組み合わせる。支援が「いつか届く」ではなく「今つながる」経験になるようにする。
10	policy_search_with_sustain_hope_family	E01	ショック	生成AI・認知労働自動化急加速	4	20	0.80	1.00	全体	雇用安定↓ 希望↓	事務・文章・開発・企画・分析などの認知労働が短期に再編され、初期キャリア層の不安が増える。
10	policy_search_with_sustain_hope_family	E02	ショック	生活コスト上昇	6	30	0.70	0.90	全体	可処分所得↓ 子ども意向↓	住居費・エネルギー・食費が同時上昇し、家計余力が縮小する。
10	policy_search_with_sustain_hope_family	E06	ショック	SNS悲観バイアス増幅	8	40	0.55	0.85	SNS高感受層	希望↓ 分断感↑	悲観情報が拡散しやすくなり、希望指数と相互信頼を押し下げる。
10	policy_search_with_sustain_hope_family	P01	政策	若者住居安定パッケージ	10	83	0.70	1.00	非正規・無業・若年就業	住居安定↑ 希望↑	家賃補助・保証人代替・転居支援を組み合わせ、居住不安を緩和する。
10	policy_search_with_sustain_hope_family	P02	政策	奨学金負担軽減・所得連動返済	8	83	0.80	1.00	在学層・負債高層	可処分所得↑ 子ども意向↑	返済負担の平準化と減免を導入し、将来投資の先送りを抑制する。
10	policy_search_with_sustain_hope_family	P08	政策	若年メンタルヘルス即時アクセス	9	83	0.72	1.00	高負荷層	メンタル負荷↓ 希望↑	心理支援への待機時間と費用障壁を下げ、長期離脱を防ぐ。
10	policy_search_with_sustain_hope_family	HP01	政策	若者希望経路保証	8	83	0.84	1.00	15-22歳・進学就職移行層	希望↑ 自己効力感↑ 将来予見性↑	学び、初職、地域プロジェクト、AI活用訓練を接続し、若者が5年後の役割を複数持てるようにする。特定進路の強制ではなく選べる経路を増やす。
10	policy_search_with_sustain_hope_family	HP08	政策	自動着金・仮払いセーフティ	8	83	0.86	1.00	若者・低中所得層・家族形成層	制度信頼↑ 不安↓ 生活防衛↓	申請から支給までの空白を減らすため、資格確認前の仮払い、あとから精算、異議申立を組み合わせる。支援が「いつか届く」ではなく「今つながる」経験になるようにする。
10	policy_search_with_sustain_hope_family	HP09	政策	若者住居・ケア即時枠	10	83	0.82	1.00	15-29歳・ケア責任層・無業非正規層	安心↑ 撤退圧↓ 希望↑	家を出られない、ケアで動けない、住居費で進路を選べない層に、短期住居、代替ケア、地域伴走を即時枠として用意し、社会からの逃避や長期離脱を防ぐ。
11	policy_search_with_sustain_hope_family	E01	ショック	生成AI・認知労働自動化急加速	4	20	0.80	1.00	全体	雇用安定↓ 希望↓	事務・文章・開発・企画・分析などの認知労働が短期に再編され、初期キャリア層の不安が増える。
11	policy_search_with_sustain_hope_family	E02	ショック	生活コスト上昇	6	30	0.70	0.90	全体	可処分所得↓ 子ども意向↓	住居費・エネルギー・食費が同時上昇し、家計余力が縮小する。
11	policy_search_with_sustain_hope_family	E06	ショック	SNS悲観バイアス増幅	8	40	0.55	0.85	SNS高感受層	希望↓ 分断感↑	悲観情報が拡散しやすくなり、希望指数と相互信頼を押し下げる。
11	policy_search_with_sustain_hope_family	P01	政策	若者住居安定パッケージ	10	83	0.70	1.00	非正規・無業・若年就業	住居安定↑ 希望↑	家賃補助・保証人代替・転居支援を組み合わせ、居住不安を緩和する。
11	policy_search_with_sustain_hope_family	P02	政策	奨学金負担軽減・所得連動返済	8	83	0.80	1.00	在学層・負債高層	可処分所得↑ 子ども意向↑	返済負担の平準化と減免を導入し、将来投資の先送りを抑制する。
11	policy_search_with_sustain_hope_family	P08	政策	若年メンタルヘルス即時アクセス	9	83	0.72	1.00	高負荷層	メンタル負荷↓ 希望↑	心理支援への待機時間と費用障壁を下げ、長期離脱を防ぐ。
11	policy_search_with_sustain_hope_family	HP01	政策	若者希望経路保証	8	83	0.84	1.00	15-22歳・進学就職移行層	希望↑ 自己効力感↑ 将来予見性↑	学び、初職、地域プロジェクト、AI活用訓練を接続し、若者が5年後の役割を複数持てるようにする。特定進路の強制ではなく選べる経路を増やす。
11	policy_search_with_sustain_hope_family	HP08	政策	自動着金・仮払いセーフティ	8	83	0.86	1.00	若者・低中所得層・家族形成層	制度信頼↑ 不安↓ 生活防衛↓	申請から支給までの空白を減らすため、資格確認前の仮払い、あとから精算、異議申立を組み合わせる。支援が「いつか届く」ではなく「今つながる」経験になるようにする。
11	policy_search_with_sustain_hope_family	HP09	政策	若者住居・ケア即時枠	10	83	0.82	1.00	15-29歳・ケア責任層・無業非正規層	安心↑ 撤退圧↓ 希望↑	家を出られない、ケアで動けない、住居費で進路を選べない層に、短期住居、代替ケア、地域伴走を即時枠として用意し、社会からの逃避や長期離脱を防ぐ。
12	policy_search_with_sustain_hope_family	E01	ショック	生成AI・認知労働自動化急加速	4	20	0.80	1.00	全体	雇用安定↓ 希望↓	事務・文章・開発・企画・分析などの認知労働が短期に再編され、初期キャリア層の不安が増える。
12	policy_search_with_sustain_hope_family	E02	ショック	生活コスト上昇	6	30	0.70	0.90	全体	可処分所得↓ 子ども意向↓	住居費・エネルギー・食費が同時上昇し、家計余力が縮小する。
12	policy_search_with_sustain_hope_family	E03	ショック	地政学リスク上昇	12	36	0.60	0.70	全体	将来予見性↓ 制度信頼↓	国際緊張の継続で将来見通しが悪化し、長期意思決定が先送りされる。
12	policy_search_with_sustain_hope_family	E06	ショック	SNS悲観バイアス増幅	8	40	0.55	0.85	SNS高感受層	希望↓ 分断感↑	悲観情報が拡散しやすくなり、希望指数と相互信頼を押し下げる。
12	policy_search_with_sustain_hope_family	E09	ショック	汎用ロボティクス普及による身体労働再編	12	60	0.62	0.75	製造・物流・小売・介護周辺	雇用安定↓ 生活コスト圧力↑	物流、製造、清掃、飲食、建設、介護補助などの身体労働でロボット導入が進み、地域産業と現場職の再編不安が広がる。
12	policy_search_with_sustain_hope_family	P01	政策	若者住居安定パッケージ	10	83	0.70	1.00	非正規・無業・若年就業	住居安定↑ 希望↑	家賃補助・保証人代替・転居支援を組み合わせ、居住不安を緩和する。
12	policy_search_with_sustain_hope_family	P02	政策	奨学金負担軽減・所得連動返済	8	83	0.80	1.00	在学層・負債高層	可処分所得↑ 子ども意向↑	返済負担の平準化と減免を導入し、将来投資の先送りを抑制する。
12	policy_search_with_sustain_hope_family	P03	政策	社会持続活動nat報酬制度	12	83	0.85	1.00	全体	nat獲得↑ 希望↑	学校・地域・介護・防災・制度更新活動を報酬化し、役割喪失を防ぐ。
12	policy_search_with_sustain_hope_family	P08	政策	若年メンタルヘルス即時アクセス	9	83	0.72	1.00	高負荷層	メンタル負荷↓ 希望↑	心理支援への待機時間と費用障壁を下げ、長期離脱を防ぐ。
12	policy_search_with_sustain_hope_family	HP01	政策	若者希望経路保証	8	83	0.84	1.00	15-22歳・進学就職移行層	希望↑ 自己効力感↑ 将来予見性↑	学び、初職、地域プロジェクト、AI活用訓練を接続し、若者が5年後の役割を複数持てるようにする。特定進路の強制ではなく選べる経路を増やす。
12	policy_search_with_sustain_hope_family	HP02	政策	初職喪失リカバリー権	12	83	0.78	1.00	AI自動化影響層・非正規・無業	喪失感↓ 希望↑ 雇用安定↑	AIやロボ導入で初職や職域が狭まった人に、再訓練、職務経験、所得補償をセットで提供し、最初の失敗が人生全体の諦念にならないようにする。
12	policy_search_with_sustain_hope_family	HP08	政策	自動着金・仮払いセーフティ	8	83	0.86	1.00	若者・低中所得層・家族形成層	制度信頼↑ 不安↓ 生活防衛↓	申請から支給までの空白を減らすため、資格確認前の仮払い、あとから精算、異議申立を組み合わせる。支援が「いつか届く」ではなく「今つながる」経験になるようにする。
12	policy_search_with_sustain_hope_family	HP09	政策	若者住居・ケア即時枠	10	83	0.82	1.00	15-29歳・ケア責任層・無業非正規層	安心↑ 撤退圧↓ 希望↑	家を出られない、ケアで動けない、住居費で進路を選べない層に、短期住居、代替ケア、地域伴走を即時枠として用意し、社会からの逃避や長期離脱を防ぐ。
12	policy_search_with_sustain_hope_family	HP11	政策	初期成功ケースの透明公開	12	83	0.84	1.00	若者・家族形成層・制度不信層	制度信頼↑ 自己効力感↑ 希望↑	自動着金、短期住居、代替ケア、初職リカバリーで実際に立て直せた初期ケースを、個人を傷つけない匿名形式で公開する。制度が存在するだけでなく、使うと何が変わるかを確認できるようにする。
13	policy_search_with_sustain_hope_family	E01	ショック	生成AI・認知労働自動化急加速	4	20	0.80	1.00	全体	雇用安定↓ 希望↓	事務・文章・開発・企画・分析などの認知労働が短期に再編され、初期キャリア層の不安が増える。
13	policy_search_with_sustain_hope_family	E02	ショック	生活コスト上昇	6	30	0.70	0.90	全体	可処分所得↓ 子ども意向↓	住居費・エネルギー・食費が同時上昇し、家計余力が縮小する。
13	policy_search_with_sustain_hope_family	E03	ショック	地政学リスク上昇	12	36	0.60	0.70	全体	将来予見性↓ 制度信頼↓	国際緊張の継続で将来見通しが悪化し、長期意思決定が先送りされる。
13	policy_search_with_sustain_hope_family	E06	ショック	SNS悲観バイアス増幅	8	40	0.55	0.85	SNS高感受層	希望↓ 分断感↑	悲観情報が拡散しやすくなり、希望指数と相互信頼を押し下げる。
13	policy_search_with_sustain_hope_family	E09	ショック	汎用ロボティクス普及による身体労働再編	12	60	0.62	0.75	製造・物流・小売・介護周辺	雇用安定↓ 生活コスト圧力↑	物流、製造、清掃、飲食、建設、介護補助などの身体労働でロボット導入が進み、地域産業と現場職の再編不安が広がる。
13	policy_search_with_sustain_hope_family	P01	政策	若者住居安定パッケージ	10	83	0.70	1.00	非正規・無業・若年就業	住居安定↑ 希望↑	家賃補助・保証人代替・転居支援を組み合わせ、居住不安を緩和する。
13	policy_search_with_sustain_hope_family	P02	政策	奨学金負担軽減・所得連動返済	8	83	0.80	1.00	在学層・負債高層	可処分所得↑ 子ども意向↑	返済負担の平準化と減免を導入し、将来投資の先送りを抑制する。
13	policy_search_with_sustain_hope_family	P03	政策	社会持続活動nat報酬制度	12	83	0.85	1.00	全体	nat獲得↑ 希望↑	学校・地域・介護・防災・制度更新活動を報酬化し、役割喪失を防ぐ。
13	policy_search_with_sustain_hope_family	P08	政策	若年メンタルヘルス即時アクセス	9	83	0.72	1.00	高負荷層	メンタル負荷↓ 希望↑	心理支援への待機時間と費用障壁を下げ、長期離脱を防ぐ。
13	policy_search_with_sustain_hope_family	HP01	政策	若者希望経路保証	8	83	0.84	1.00	15-22歳・進学就職移行層	希望↑ 自己効力感↑ 将来予見性↑	学び、初職、地域プロジェクト、AI活用訓練を接続し、若者が5年後の役割を複数持てるようにする。特定進路の強制ではなく選べる経路を増やす。
13	policy_search_with_sustain_hope_family	HP02	政策	初職喪失リカバリー権	12	83	0.78	1.00	AI自動化影響層・非正規・無業	喪失感↓ 希望↑ 雇用安定↑	AIやロボ導入で初職や職域が狭まった人に、再訓練、職務経験、所得補償をセットで提供し、最初の失敗が人生全体の諦念にならないようにする。
13	policy_search_with_sustain_hope_family	HP08	政策	自動着金・仮払いセーフティ	8	83	0.86	1.00	若者・低中所得層・家族形成層	制度信頼↑ 不安↓ 生活防衛↓	申請から支給までの空白を減らすため、資格確認前の仮払い、あとから精算、異議申立を組み合わせる。支援が「いつか届く」ではなく「今つながる」経験になるようにする。
13	policy_search_with_sustain_hope_family	HP09	政策	若者住居・ケア即時枠	10	83	0.82	1.00	15-29歳・ケア責任層・無業非正規層	安心↑ 撤退圧↓ 希望↑	家を出られない、ケアで動けない、住居費で進路を選べない層に、短期住居、代替ケア、地域伴走を即時枠として用意し、社会からの逃避や長期離脱を防ぐ。
13	policy_search_with_sustain_hope_family	HP11	政策	初期成功ケースの透明公開	12	83	0.84	1.00	若者・家族形成層・制度不信層	制度信頼↑ 自己効力感↑ 希望↑	自動着金、短期住居、代替ケア、初職リカバリーで実際に立て直せた初期ケースを、個人を傷つけない匿名形式で公開する。制度が存在するだけでなく、使うと何が変わるかを確認できるようにする。
14	policy_search_with_sustain_hope_family	E01	ショック	生成AI・認知労働自動化急加速	4	20	0.80	1.00	全体	雇用安定↓ 希望↓	事務・文章・開発・企画・分析などの認知労働が短期に再編され、初期キャリア層の不安が増える。
14	policy_search_with_sustain_hope_family	E02	ショック	生活コスト上昇	6	30	0.70	0.90	全体	可処分所得↓ 子ども意向↓	住居費・エネルギー・食費が同時上昇し、家計余力が縮小する。
14	policy_search_with_sustain_hope_family	E03	ショック	地政学リスク上昇	12	36	0.60	0.70	全体	将来予見性↓ 制度信頼↓	国際緊張の継続で将来見通しが悪化し、長期意思決定が先送りされる。
14	policy_search_with_sustain_hope_family	E06	ショック	SNS悲観バイアス増幅	8	40	0.55	0.85	SNS高感受層	希望↓ 分断感↑	悲観情報が拡散しやすくなり、希望指数と相互信頼を押し下げる。
14	policy_search_with_sustain_hope_family	E09	ショック	汎用ロボティクス普及による身体労働再編	12	60	0.62	0.75	製造・物流・小売・介護周辺	雇用安定↓ 生活コスト圧力↑	物流、製造、清掃、飲食、建設、介護補助などの身体労働でロボット導入が進み、地域産業と現場職の再編不安が広がる。
14	policy_search_with_sustain_hope_family	P01	政策	若者住居安定パッケージ	10	83	0.70	1.00	非正規・無業・若年就業	住居安定↑ 希望↑	家賃補助・保証人代替・転居支援を組み合わせ、居住不安を緩和する。
14	policy_search_with_sustain_hope_family	P02	政策	奨学金負担軽減・所得連動返済	8	83	0.80	1.00	在学層・負債高層	可処分所得↑ 子ども意向↑	返済負担の平準化と減免を導入し、将来投資の先送りを抑制する。
14	policy_search_with_sustain_hope_family	P03	政策	社会持続活動nat報酬制度	12	83	0.85	1.00	全体	nat獲得↑ 希望↑	学校・地域・介護・防災・制度更新活動を報酬化し、役割喪失を防ぐ。
14	policy_search_with_sustain_hope_family	P05	政策	地域ケア就労の賃金底上げ	14	83	0.70	1.00	ケア責任層・地方	雇用安定↑ 制度信頼↑	ケア活動を社会基盤労働として扱い、賃金と社会的評価を引き上げる。
14	policy_search_with_sustain_hope_family	P08	政策	若年メンタルヘルス即時アクセス	9	83	0.72	1.00	高負荷層	メンタル負荷↓ 希望↑	心理支援への待機時間と費用障壁を下げ、長期離脱を防ぐ。
14	policy_search_with_sustain_hope_family	HP01	政策	若者希望経路保証	8	83	0.84	1.00	15-22歳・進学就職移行層	希望↑ 自己効力感↑ 将来予見性↑	学び、初職、地域プロジェクト、AI活用訓練を接続し、若者が5年後の役割を複数持てるようにする。特定進路の強制ではなく選べる経路を増やす。
14	policy_search_with_sustain_hope_family	HP02	政策	初職喪失リカバリー権	12	83	0.78	1.00	AI自動化影響層・非正規・無業	喪失感↓ 希望↑ 雇用安定↑	AIやロボ導入で初職や職域が狭まった人に、再訓練、職務経験、所得補償をセットで提供し、最初の失敗が人生全体の諦念にならないようにする。
14	policy_search_with_sustain_hope_family	HP08	政策	自動着金・仮払いセーフティ	8	83	0.86	1.00	若者・低中所得層・家族形成層	制度信頼↑ 不安↓ 生活防衛↓	申請から支給までの空白を減らすため、資格確認前の仮払い、あとから精算、異議申立を組み合わせる。支援が「いつか届く」ではなく「今つながる」経験になるようにする。
14	policy_search_with_sustain_hope_family	HP09	政策	若者住居・ケア即時枠	10	83	0.82	1.00	15-29歳・ケア責任層・無業非正規層	安心↑ 撤退圧↓ 希望↑	家を出られない、ケアで動けない、住居費で進路を選べない層に、短期住居、代替ケア、地域伴走を即時枠として用意し、社会からの逃避や長期離脱を防ぐ。
14	policy_search_with_sustain_hope_family	HP11	政策	初期成功ケースの透明公開	12	83	0.84	1.00	若者・家族形成層・制度不信層	制度信頼↑ 自己効力感↑ 希望↑	自動着金、短期住居、代替ケア、初職リカバリーで実際に立て直せた初期ケースを、個人を傷つけない匿名形式で公開する。制度が存在するだけでなく、使うと何が変わるかを確認できるようにする。
15	policy_search_with_sustain_hope_family	E01	ショック	生成AI・認知労働自動化急加速	4	20	0.80	1.00	全体	雇用安定↓ 希望↓	事務・文章・開発・企画・分析などの認知労働が短期に再編され、初期キャリア層の不安が増える。
15	policy_search_with_sustain_hope_family	E02	ショック	生活コスト上昇	6	30	0.70	0.90	全体	可処分所得↓ 子ども意向↓	住居費・エネルギー・食費が同時上昇し、家計余力が縮小する。
15	policy_search_with_sustain_hope_family	E03	ショック	地政学リスク上昇	12	36	0.60	0.70	全体	将来予見性↓ 制度信頼↓	国際緊張の継続で将来見通しが悪化し、長期意思決定が先送りされる。
15	policy_search_with_sustain_hope_family	E06	ショック	SNS悲観バイアス増幅	8	40	0.55	0.85	SNS高感受層	希望↓ 分断感↑	悲観情報が拡散しやすくなり、希望指数と相互信頼を押し下げる。
15	policy_search_with_sustain_hope_family	E09	ショック	汎用ロボティクス普及による身体労働再編	12	60	0.62	0.75	製造・物流・小売・介護周辺	雇用安定↓ 生活コスト圧力↑	物流、製造、清掃、飲食、建設、介護補助などの身体労働でロボット導入が進み、地域産業と現場職の再編不安が広がる。
15	policy_search_with_sustain_hope_family	P01	政策	若者住居安定パッケージ	10	83	0.70	1.00	非正規・無業・若年就業	住居安定↑ 希望↑	家賃補助・保証人代替・転居支援を組み合わせ、居住不安を緩和する。
15	policy_search_with_sustain_hope_family	P02	政策	奨学金負担軽減・所得連動返済	8	83	0.80	1.00	在学層・負債高層	可処分所得↑ 子ども意向↑	返済負担の平準化と減免を導入し、将来投資の先送りを抑制する。
15	policy_search_with_sustain_hope_family	P03	政策	社会持続活動nat報酬制度	12	83	0.85	1.00	全体	nat獲得↑ 希望↑	学校・地域・介護・防災・制度更新活動を報酬化し、役割喪失を防ぐ。
15	policy_search_with_sustain_hope_family	P04	政策	子育て初期一時金1000万円	15	45	0.75	1.00	子育て初期・結婚前後	子ども意向↑ 出生実行↑	出生前後の初期費用を大幅に緩和するが、短期の財政負荷と逆選択リスクがある。
15	policy_search_with_sustain_hope_family	P05	政策	地域ケア就労の賃金底上げ	14	83	0.70	1.00	ケア責任層・地方	雇用安定↑ 制度信頼↑	ケア活動を社会基盤労働として扱い、賃金と社会的評価を引き上げる。
15	policy_search_with_sustain_hope_family	P08	政策	若年メンタルヘルス即時アクセス	9	83	0.72	1.00	高負荷層	メンタル負荷↓ 希望↑	心理支援への待機時間と費用障壁を下げ、長期離脱を防ぐ。
15	policy_search_with_sustain_hope_family	BP01	政策	構造持続型出産一時金の上乗せ	15	60	0.82	1.00	子どもを望む家族形成層・将来家族形成層	子ども意向↑ 家計余力↑ 制度信頼↑	出生実績への成果報酬ではなく、望む人が子どもを迎えられる条件を整える目的で、妊娠・出産・初期育児の実費と所得喪失を一時金で緩衝する。
15	policy_search_with_sustain_hope_family	BP02	政策	産後休息・代替ケア保障	15	83	0.78	1.00	妊娠出産期・子育て初期・ケア責任層	時間余力↑ メンタル負荷↓ 出生圧力リスク↓	産後の休息、夜間支援、代替ケア、家事育児支援を公的に確保し、家族責任の固定化や母親だけへの負担集中を防ぐ。
15	policy_search_with_sustain_hope_family	BP05	政策	出生非強制・監査ガードレール	15	83	0.68	1.00	全体	制度信頼↑ 反発↓ moral injury↓	非婚・非出産・単身・養育しない選択を不利益にせず、出生数ではなく選択可能条件を評価対象にする。若者の「産ませたいだけでは」という反発を監査する。
15	policy_search_with_sustain_hope_family	HP01	政策	若者希望経路保証	8	83	0.84	1.00	15-22歳・進学就職移行層	希望↑ 自己効力感↑ 将来予見性↑	学び、初職、地域プロジェクト、AI活用訓練を接続し、若者が5年後の役割を複数持てるようにする。特定進路の強制ではなく選べる経路を増やす。
15	policy_search_with_sustain_hope_family	HP02	政策	初職喪失リカバリー権	12	83	0.78	1.00	AI自動化影響層・非正規・無業	喪失感↓ 希望↑ 雇用安定↑	AIやロボ導入で初職や職域が狭まった人に、再訓練、職務経験、所得補償をセットで提供し、最初の失敗が人生全体の諦念にならないようにする。
15	policy_search_with_sustain_hope_family	HP08	政策	自動着金・仮払いセーフティ	8	83	0.86	1.00	若者・低中所得層・家族形成層	制度信頼↑ 不安↓ 生活防衛↓	申請から支給までの空白を減らすため、資格確認前の仮払い、あとから精算、異議申立を組み合わせる。支援が「いつか届く」ではなく「今つながる」経験になるようにする。
15	policy_search_with_sustain_hope_family	HP09	政策	若者住居・ケア即時枠	10	83	0.82	1.00	15-29歳・ケア責任層・無業非正規層	安心↑ 撤退圧↓ 希望↑	家を出られない、ケアで動けない、住居費で進路を選べない層に、短期住居、代替ケア、地域伴走を即時枠として用意し、社会からの逃避や長期離脱を防ぐ。
15	policy_search_with_sustain_hope_family	HP11	政策	初期成功ケースの透明公開	12	83	0.84	1.00	若者・家族形成層・制度不信層	制度信頼↑ 自己効力感↑ 希望↑	自動着金、短期住居、代替ケア、初職リカバリーで実際に立て直せた初期ケースを、個人を傷つけない匿名形式で公開する。制度が存在するだけでなく、使うと何が変わるかを確認できるようにする。
15	policy_search_with_sustain_hope_family	HP12	政策	若者・家族形成パーソナル予算枠	15	83	0.86	1.00	15-40歳・低中所得層・ケア責任層	将来予見性↑ 子ども意向↑ 生活防衛↓	住居、学び直し、ケア代替、医療相談、妊娠出産準備に使える5年単位の個人予算枠を付与し、転居や転職をしても権利が持ち運べるようにする。
15	policy_search_with_sustain_hope_family	HP13	政策	非対象者分断の補正説明	15	83	0.72	1.00	非婚非出産層・納税者・若者全体	反発↓ 制度信頼↑ 連帯感↑	家族形成支援を、出生数の押しつけではなく、住居、ケア、学び直し、孤立防止を含む共通インフラとして説明し、非対象者にも使える支援経路と異議申立を明示する。
16	policy_search_with_sustain_hope_family	E01	ショック	生成AI・認知労働自動化急加速	4	20	0.80	1.00	全体	雇用安定↓ 希望↓	事務・文章・開発・企画・分析などの認知労働が短期に再編され、初期キャリア層の不安が増える。
16	policy_search_with_sustain_hope_family	E02	ショック	生活コスト上昇	6	30	0.70	0.90	全体	可処分所得↓ 子ども意向↓	住居費・エネルギー・食費が同時上昇し、家計余力が縮小する。
16	policy_search_with_sustain_hope_family	E03	ショック	地政学リスク上昇	12	36	0.60	0.70	全体	将来予見性↓ 制度信頼↓	国際緊張の継続で将来見通しが悪化し、長期意思決定が先送りされる。
16	policy_search_with_sustain_hope_family	E06	ショック	SNS悲観バイアス増幅	8	40	0.55	0.85	SNS高感受層	希望↓ 分断感↑	悲観情報が拡散しやすくなり、希望指数と相互信頼を押し下げる。
16	policy_search_with_sustain_hope_family	E09	ショック	汎用ロボティクス普及による身体労働再編	12	60	0.62	0.75	製造・物流・小売・介護周辺	雇用安定↓ 生活コスト圧力↑	物流、製造、清掃、飲食、建設、介護補助などの身体労働でロボット導入が進み、地域産業と現場職の再編不安が広がる。
16	policy_search_with_sustain_hope_family	P01	政策	若者住居安定パッケージ	10	83	0.70	1.00	非正規・無業・若年就業	住居安定↑ 希望↑	家賃補助・保証人代替・転居支援を組み合わせ、居住不安を緩和する。
16	policy_search_with_sustain_hope_family	P02	政策	奨学金負担軽減・所得連動返済	8	83	0.80	1.00	在学層・負債高層	可処分所得↑ 子ども意向↑	返済負担の平準化と減免を導入し、将来投資の先送りを抑制する。
16	policy_search_with_sustain_hope_family	P03	政策	社会持続活動nat報酬制度	12	83	0.85	1.00	全体	nat獲得↑ 希望↑	学校・地域・介護・防災・制度更新活動を報酬化し、役割喪失を防ぐ。
16	policy_search_with_sustain_hope_family	P04	政策	子育て初期一時金1000万円	15	45	0.75	1.00	子育て初期・結婚前後	子ども意向↑ 出生実行↑	出生前後の初期費用を大幅に緩和するが、短期の財政負荷と逆選択リスクがある。
16	policy_search_with_sustain_hope_family	P05	政策	地域ケア就労の賃金底上げ	14	83	0.70	1.00	ケア責任層・地方	雇用安定↑ 制度信頼↑	ケア活動を社会基盤労働として扱い、賃金と社会的評価を引き上げる。
16	policy_search_with_sustain_hope_family	P06	政策	学び直し・移行雇用保証	16	83	0.78	1.00	非正規・無業・自動化影響層	雇用安定↑ 自己効力感↑	訓練と実務移行をセットで保証し、自動化ショックからの回復経路を提供する。
16	policy_search_with_sustain_hope_family	P08	政策	若年メンタルヘルス即時アクセス	9	83	0.72	1.00	高負荷層	メンタル負荷↓ 希望↑	心理支援への待機時間と費用障壁を下げ、長期離脱を防ぐ。
16	policy_search_with_sustain_hope_family	BP01	政策	構造持続型出産一時金の上乗せ	15	60	0.82	1.00	子どもを望む家族形成層・将来家族形成層	子ども意向↑ 家計余力↑ 制度信頼↑	出生実績への成果報酬ではなく、望む人が子どもを迎えられる条件を整える目的で、妊娠・出産・初期育児の実費と所得喪失を一時金で緩衝する。
16	policy_search_with_sustain_hope_family	BP02	政策	産後休息・代替ケア保障	15	83	0.78	1.00	妊娠出産期・子育て初期・ケア責任層	時間余力↑ メンタル負荷↓ 出生圧力リスク↓	産後の休息、夜間支援、代替ケア、家事育児支援を公的に確保し、家族責任の固定化や母親だけへの負担集中を防ぐ。
16	policy_search_with_sustain_hope_family	BP05	政策	出生非強制・監査ガードレール	15	83	0.68	1.00	全体	制度信頼↑ 反発↓ moral injury↓	非婚・非出産・単身・養育しない選択を不利益にせず、出生数ではなく選択可能条件を評価対象にする。若者の「産ませたいだけでは」という反発を監査する。
16	policy_search_with_sustain_hope_family	HP01	政策	若者希望経路保証	8	83	0.84	1.00	15-22歳・進学就職移行層	希望↑ 自己効力感↑ 将来予見性↑	学び、初職、地域プロジェクト、AI活用訓練を接続し、若者が5年後の役割を複数持てるようにする。特定進路の強制ではなく選べる経路を増やす。
16	policy_search_with_sustain_hope_family	HP02	政策	初職喪失リカバリー権	12	83	0.78	1.00	AI自動化影響層・非正規・無業	喪失感↓ 希望↑ 雇用安定↑	AIやロボ導入で初職や職域が狭まった人に、再訓練、職務経験、所得補償をセットで提供し、最初の失敗が人生全体の諦念にならないようにする。
16	policy_search_with_sustain_hope_family	HP08	政策	自動着金・仮払いセーフティ	8	83	0.86	1.00	若者・低中所得層・家族形成層	制度信頼↑ 不安↓ 生活防衛↓	申請から支給までの空白を減らすため、資格確認前の仮払い、あとから精算、異議申立を組み合わせる。支援が「いつか届く」ではなく「今つながる」経験になるようにする。
16	policy_search_with_sustain_hope_family	HP09	政策	若者住居・ケア即時枠	10	83	0.82	1.00	15-29歳・ケア責任層・無業非正規層	安心↑ 撤退圧↓ 希望↑	家を出られない、ケアで動けない、住居費で進路を選べない層に、短期住居、代替ケア、地域伴走を即時枠として用意し、社会からの逃避や長期離脱を防ぐ。
16	policy_search_with_sustain_hope_family	HP11	政策	初期成功ケースの透明公開	12	83	0.84	1.00	若者・家族形成層・制度不信層	制度信頼↑ 自己効力感↑ 希望↑	自動着金、短期住居、代替ケア、初職リカバリーで実際に立て直せた初期ケースを、個人を傷つけない匿名形式で公開する。制度が存在するだけでなく、使うと何が変わるかを確認できるようにする。
16	policy_search_with_sustain_hope_family	HP12	政策	若者・家族形成パーソナル予算枠	15	83	0.86	1.00	15-40歳・低中所得層・ケア責任層	将来予見性↑ 子ども意向↑ 生活防衛↓	住居、学び直し、ケア代替、医療相談、妊娠出産準備に使える5年単位の個人予算枠を付与し、転居や転職をしても権利が持ち運べるようにする。
16	policy_search_with_sustain_hope_family	HP13	政策	非対象者分断の補正説明	15	83	0.72	1.00	非婚非出産層・納税者・若者全体	反発↓ 制度信頼↑ 連帯感↑	家族形成支援を、出生数の押しつけではなく、住居、ケア、学び直し、孤立防止を含む共通インフラとして説明し、非対象者にも使える支援経路と異議申立を明示する。
17	policy_search_with_sustain_hope_family	E01	ショック	生成AI・認知労働自動化急加速	4	20	0.80	1.00	全体	雇用安定↓ 希望↓	事務・文章・開発・企画・分析などの認知労働が短期に再編され、初期キャリア層の不安が増える。
17	policy_search_with_sustain_hope_family	E02	ショック	生活コスト上昇	6	30	0.70	0.90	全体	可処分所得↓ 子ども意向↓	住居費・エネルギー・食費が同時上昇し、家計余力が縮小する。
17	policy_search_with_sustain_hope_family	E03	ショック	地政学リスク上昇	12	36	0.60	0.70	全体	将来予見性↓ 制度信頼↓	国際緊張の継続で将来見通しが悪化し、長期意思決定が先送りされる。
17	policy_search_with_sustain_hope_family	E06	ショック	SNS悲観バイアス増幅	8	40	0.55	0.85	SNS高感受層	希望↓ 分断感↑	悲観情報が拡散しやすくなり、希望指数と相互信頼を押し下げる。
17	policy_search_with_sustain_hope_family	E09	ショック	汎用ロボティクス普及による身体労働再編	12	60	0.62	0.75	製造・物流・小売・介護周辺	雇用安定↓ 生活コスト圧力↑	物流、製造、清掃、飲食、建設、介護補助などの身体労働でロボット導入が進み、地域産業と現場職の再編不安が広がる。
17	policy_search_with_sustain_hope_family	P01	政策	若者住居安定パッケージ	10	83	0.70	1.00	非正規・無業・若年就業	住居安定↑ 希望↑	家賃補助・保証人代替・転居支援を組み合わせ、居住不安を緩和する。
17	policy_search_with_sustain_hope_family	P02	政策	奨学金負担軽減・所得連動返済	8	83	0.80	1.00	在学層・負債高層	可処分所得↑ 子ども意向↑	返済負担の平準化と減免を導入し、将来投資の先送りを抑制する。
17	policy_search_with_sustain_hope_family	P03	政策	社会持続活動nat報酬制度	12	83	0.85	1.00	全体	nat獲得↑ 希望↑	学校・地域・介護・防災・制度更新活動を報酬化し、役割喪失を防ぐ。
17	policy_search_with_sustain_hope_family	P04	政策	子育て初期一時金1000万円	15	45	0.75	1.00	子育て初期・結婚前後	子ども意向↑ 出生実行↑	出生前後の初期費用を大幅に緩和するが、短期の財政負荷と逆選択リスクがある。
17	policy_search_with_sustain_hope_family	P05	政策	地域ケア就労の賃金底上げ	14	83	0.70	1.00	ケア責任層・地方	雇用安定↑ 制度信頼↑	ケア活動を社会基盤労働として扱い、賃金と社会的評価を引き上げる。
17	policy_search_with_sustain_hope_family	P06	政策	学び直し・移行雇用保証	16	83	0.78	1.00	非正規・無業・自動化影響層	雇用安定↑ 自己効力感↑	訓練と実務移行をセットで保証し、自動化ショックからの回復経路を提供する。
17	policy_search_with_sustain_hope_family	P08	政策	若年メンタルヘルス即時アクセス	9	83	0.72	1.00	高負荷層	メンタル負荷↓ 希望↑	心理支援への待機時間と費用障壁を下げ、長期離脱を防ぐ。
17	policy_search_with_sustain_hope_family	BP01	政策	構造持続型出産一時金の上乗せ	15	60	0.82	1.00	子どもを望む家族形成層・将来家族形成層	子ども意向↑ 家計余力↑ 制度信頼↑	出生実績への成果報酬ではなく、望む人が子どもを迎えられる条件を整える目的で、妊娠・出産・初期育児の実費と所得喪失を一時金で緩衝する。
17	policy_search_with_sustain_hope_family	BP02	政策	産後休息・代替ケア保障	15	83	0.78	1.00	妊娠出産期・子育て初期・ケア責任層	時間余力↑ メンタル負荷↓ 出生圧力リスク↓	産後の休息、夜間支援、代替ケア、家事育児支援を公的に確保し、家族責任の固定化や母親だけへの負担集中を防ぐ。
17	policy_search_with_sustain_hope_family	BP05	政策	出生非強制・監査ガードレール	15	83	0.68	1.00	全体	制度信頼↑ 反発↓ moral injury↓	非婚・非出産・単身・養育しない選択を不利益にせず、出生数ではなく選択可能条件を評価対象にする。若者の「産ませたいだけでは」という反発を監査する。
17	policy_search_with_sustain_hope_family	HP01	政策	若者希望経路保証	8	83	0.84	1.00	15-22歳・進学就職移行層	希望↑ 自己効力感↑ 将来予見性↑	学び、初職、地域プロジェクト、AI活用訓練を接続し、若者が5年後の役割を複数持てるようにする。特定進路の強制ではなく選べる経路を増やす。
17	policy_search_with_sustain_hope_family	HP02	政策	初職喪失リカバリー権	12	83	0.78	1.00	AI自動化影響層・非正規・無業	喪失感↓ 希望↑ 雇用安定↑	AIやロボ導入で初職や職域が狭まった人に、再訓練、職務経験、所得補償をセットで提供し、最初の失敗が人生全体の諦念にならないようにする。
17	policy_search_with_sustain_hope_family	HP08	政策	自動着金・仮払いセーフティ	8	83	0.86	1.00	若者・低中所得層・家族形成層	制度信頼↑ 不安↓ 生活防衛↓	申請から支給までの空白を減らすため、資格確認前の仮払い、あとから精算、異議申立を組み合わせる。支援が「いつか届く」ではなく「今つながる」経験になるようにする。
17	policy_search_with_sustain_hope_family	HP09	政策	若者住居・ケア即時枠	10	83	0.82	1.00	15-29歳・ケア責任層・無業非正規層	安心↑ 撤退圧↓ 希望↑	家を出られない、ケアで動けない、住居費で進路を選べない層に、短期住居、代替ケア、地域伴走を即時枠として用意し、社会からの逃避や長期離脱を防ぐ。
17	policy_search_with_sustain_hope_family	HP11	政策	初期成功ケースの透明公開	12	83	0.84	1.00	若者・家族形成層・制度不信層	制度信頼↑ 自己効力感↑ 希望↑	自動着金、短期住居、代替ケア、初職リカバリーで実際に立て直せた初期ケースを、個人を傷つけない匿名形式で公開する。制度が存在するだけでなく、使うと何が変わるかを確認できるようにする。
17	policy_search_with_sustain_hope_family	HP12	政策	若者・家族形成パーソナル予算枠	15	83	0.86	1.00	15-40歳・低中所得層・ケア責任層	将来予見性↑ 子ども意向↑ 生活防衛↓	住居、学び直し、ケア代替、医療相談、妊娠出産準備に使える5年単位の個人予算枠を付与し、転居や転職をしても権利が持ち運べるようにする。
17	policy_search_with_sustain_hope_family	HP13	政策	非対象者分断の補正説明	15	83	0.72	1.00	非婚非出産層・納税者・若者全体	反発↓ 制度信頼↑ 連帯感↑	家族形成支援を、出生数の押しつけではなく、住居、ケア、学び直し、孤立防止を含む共通インフラとして説明し、非対象者にも使える支援経路と異議申立を明示する。
18	policy_search_with_sustain_hope_family	E01	ショック	生成AI・認知労働自動化急加速	4	20	0.80	1.00	全体	雇用安定↓ 希望↓	事務・文章・開発・企画・分析などの認知労働が短期に再編され、初期キャリア層の不安が増える。
18	policy_search_with_sustain_hope_family	E02	ショック	生活コスト上昇	6	30	0.70	0.90	全体	可処分所得↓ 子ども意向↓	住居費・エネルギー・食費が同時上昇し、家計余力が縮小する。
18	policy_search_with_sustain_hope_family	E03	ショック	地政学リスク上昇	12	36	0.60	0.70	全体	将来予見性↓ 制度信頼↓	国際緊張の継続で将来見通しが悪化し、長期意思決定が先送りされる。
18	policy_search_with_sustain_hope_family	E04	ショック	大規模災害クラスター	18	28	0.65	0.45	地方中心	住居安定↓ メンタル負荷↑	複数地域で災害被害が発生し、居住・就労・ケアの負担が連鎖する。
18	policy_search_with_sustain_hope_family	E06	ショック	SNS悲観バイアス増幅	8	40	0.55	0.85	SNS高感受層	希望↓ 分断感↑	悲観情報が拡散しやすくなり、希望指数と相互信頼を押し下げる。
18	policy_search_with_sustain_hope_family	E08	ショック	医療提供体制ひっ迫	18	44	0.65	0.65	地方層・医療福祉層・高負荷層	制度信頼↓ メンタル負荷↑ 地域安定↓	医療人材不足と地域医療の縮小により、生活安心感と制度信頼が低下する。
18	policy_search_with_sustain_hope_family	E09	ショック	汎用ロボティクス普及による身体労働再編	12	60	0.62	0.75	製造・物流・小売・介護周辺	雇用安定↓ 生活コスト圧力↑	物流、製造、清掃、飲食、建設、介護補助などの身体労働でロボット導入が進み、地域産業と現場職の再編不安が広がる。
18	policy_search_with_sustain_hope_family	P01	政策	若者住居安定パッケージ	10	83	0.70	1.00	非正規・無業・若年就業	住居安定↑ 希望↑	家賃補助・保証人代替・転居支援を組み合わせ、居住不安を緩和する。
18	policy_search_with_sustain_hope_family	P02	政策	奨学金負担軽減・所得連動返済	8	83	0.80	1.00	在学層・負債高層	可処分所得↑ 子ども意向↑	返済負担の平準化と減免を導入し、将来投資の先送りを抑制する。
18	policy_search_with_sustain_hope_family	P03	政策	社会持続活動nat報酬制度	12	83	0.85	1.00	全体	nat獲得↑ 希望↑	学校・地域・介護・防災・制度更新活動を報酬化し、役割喪失を防ぐ。
18	policy_search_with_sustain_hope_family	P04	政策	子育て初期一時金1000万円	15	45	0.75	1.00	子育て初期・結婚前後	子ども意向↑ 出生実行↑	出生前後の初期費用を大幅に緩和するが、短期の財政負荷と逆選択リスクがある。
18	policy_search_with_sustain_hope_family	P05	政策	地域ケア就労の賃金底上げ	14	83	0.70	1.00	ケア責任層・地方	雇用安定↑ 制度信頼↑	ケア活動を社会基盤労働として扱い、賃金と社会的評価を引き上げる。
18	policy_search_with_sustain_hope_family	P06	政策	学び直し・移行雇用保証	16	83	0.78	1.00	非正規・無業・自動化影響層	雇用安定↑ 自己効力感↑	訓練と実務移行をセットで保証し、自動化ショックからの回復経路を提供する。
18	policy_search_with_sustain_hope_family	P08	政策	若年メンタルヘルス即時アクセス	9	83	0.72	1.00	高負荷層	メンタル負荷↓ 希望↑	心理支援への待機時間と費用障壁を下げ、長期離脱を防ぐ。
18	policy_search_with_sustain_hope_family	P09	政策	学校-企業-地域循環プロジェクト	18	83	0.68	1.00	在学層・若年就業	自己効力感↑ 制度信頼↑	学習内容と地域課題・雇用機会を連結し、努力の手応えを可視化する。
18	policy_search_with_sustain_hope_family	BP01	政策	構造持続型出産一時金の上乗せ	15	60	0.82	1.00	子どもを望む家族形成層・将来家族形成層	子ども意向↑ 家計余力↑ 制度信頼↑	出生実績への成果報酬ではなく、望む人が子どもを迎えられる条件を整える目的で、妊娠・出産・初期育児の実費と所得喪失を一時金で緩衝する。
18	policy_search_with_sustain_hope_family	BP02	政策	産後休息・代替ケア保障	15	83	0.78	1.00	妊娠出産期・子育て初期・ケア責任層	時間余力↑ メンタル負荷↓ 出生圧力リスク↓	産後の休息、夜間支援、代替ケア、家事育児支援を公的に確保し、家族責任の固定化や母親だけへの負担集中を防ぐ。
18	policy_search_with_sustain_hope_family	BP03	政策	復帰キャリア・企業負担補正	18	83	0.70	1.00	企業・正規雇用・非正規雇用・子育て初期	雇用安定↑ 企業反発↓ 子ども意向↑	育休復帰、短時間勤務、配置転換、代替人員費を企業だけに背負わせず、構造持続会計で補正し、採用抑制や女性不利益を抑える。
18	policy_search_with_sustain_hope_family	BP05	政策	出生非強制・監査ガードレール	15	83	0.68	1.00	全体	制度信頼↑ 反発↓ moral injury↓	非婚・非出産・単身・養育しない選択を不利益にせず、出生数ではなく選択可能条件を評価対象にする。若者の「産ませたいだけでは」という反発を監査する。
18	policy_search_with_sustain_hope_family	HP01	政策	若者希望経路保証	8	83	0.84	1.00	15-22歳・進学就職移行層	希望↑ 自己効力感↑ 将来予見性↑	学び、初職、地域プロジェクト、AI活用訓練を接続し、若者が5年後の役割を複数持てるようにする。特定進路の強制ではなく選べる経路を増やす。
18	policy_search_with_sustain_hope_family	HP02	政策	初職喪失リカバリー権	12	83	0.78	1.00	AI自動化影響層・非正規・無業	喪失感↓ 希望↑ 雇用安定↑	AIやロボ導入で初職や職域が狭まった人に、再訓練、職務経験、所得補償をセットで提供し、最初の失敗が人生全体の諦念にならないようにする。
18	policy_search_with_sustain_hope_family	HP03	政策	若者持分型地域プロジェクト	18	83	0.72	1.00	若者・地方・都市低所得層	連帯感↑ 希望↑ nat獲得↑	地域インフラ、ケア、教育、災害対応、文化活動の更新に若者が持分を持ち、参加が報酬と将来役割に接続する仕組みを作る。
18	policy_search_with_sustain_hope_family	HP08	政策	自動着金・仮払いセーフティ	8	83	0.86	1.00	若者・低中所得層・家族形成層	制度信頼↑ 不安↓ 生活防衛↓	申請から支給までの空白を減らすため、資格確認前の仮払い、あとから精算、異議申立を組み合わせる。支援が「いつか届く」ではなく「今つながる」経験になるようにする。
18	policy_search_with_sustain_hope_family	HP09	政策	若者住居・ケア即時枠	10	83	0.82	1.00	15-29歳・ケア責任層・無業非正規層	安心↑ 撤退圧↓ 希望↑	家を出られない、ケアで動けない、住居費で進路を選べない層に、短期住居、代替ケア、地域伴走を即時枠として用意し、社会からの逃避や長期離脱を防ぐ。
18	policy_search_with_sustain_hope_family	HP10	政策	家族形成条件の個別見通し面談	18	83	0.74	1.00	23-40歳・将来家族形成層・子育て初期	子ども意向↑ 将来予見性↑ 制度利用↑	結婚、妊娠、出産、育休、復帰、住居、教育費、介護との両立を個別ケースで見通せる面談と試算を行い、子どもを迎えたい人が「自分の場合に可能か」を判断できるようにする。
18	policy_search_with_sustain_hope_family	HP11	政策	初期成功ケースの透明公開	12	83	0.84	1.00	若者・家族形成層・制度不信層	制度信頼↑ 自己効力感↑ 希望↑	自動着金、短期住居、代替ケア、初職リカバリーで実際に立て直せた初期ケースを、個人を傷つけない匿名形式で公開する。制度が存在するだけでなく、使うと何が変わるかを確認できるようにする。
18	policy_search_with_sustain_hope_family	HP12	政策	若者・家族形成パーソナル予算枠	15	83	0.86	1.00	15-40歳・低中所得層・ケア責任層	将来予見性↑ 子ども意向↑ 生活防衛↓	住居、学び直し、ケア代替、医療相談、妊娠出産準備に使える5年単位の個人予算枠を付与し、転居や転職をしても権利が持ち運べるようにする。
18	policy_search_with_sustain_hope_family	HP13	政策	非対象者分断の補正説明	15	83	0.72	1.00	非婚非出産層・納税者・若者全体	反発↓ 制度信頼↑ 連帯感↑	家族形成支援を、出生数の押しつけではなく、住居、ケア、学び直し、孤立防止を含む共通インフラとして説明し、非対象者にも使える支援経路と異議申立を明示する。
18	policy_search_with_sustain_hope_family	HP14	政策	個別資格通知と即時予約	18	83	0.92	1.00	15-40歳・低中所得層・ケア責任層	制度利用↑ 将来予見性↑ 希望↑	対象者ごとに、自分が使える住居枠、学び直し予算、ケア代替、家族形成面談の予約可能日が通知される。抽象的な制度ではなく、本人のスマホや学校・職場窓口で具体的な次の一手を確認できる。
18	policy_search_with_sustain_hope_family	HP15	政策	初職・復帰の先行契約枠	18	83	0.84	1.00	若者・AI自動化影響層・子育て初期	雇用安定↑ 自己効力感↑ 生活防衛↓	自治体、企業、学校が連携し、AI活用職、ケア技術、地域更新、育休復帰の先行契約枠を公開する。研修中の所得補償と実務経験を結び、学び直しが空手形にならないようにする。
19	policy_search_with_sustain_hope_family	E01	ショック	生成AI・認知労働自動化急加速	4	20	0.80	1.00	全体	雇用安定↓ 希望↓	事務・文章・開発・企画・分析などの認知労働が短期に再編され、初期キャリア層の不安が増える。
19	policy_search_with_sustain_hope_family	E02	ショック	生活コスト上昇	6	30	0.70	0.90	全体	可処分所得↓ 子ども意向↓	住居費・エネルギー・食費が同時上昇し、家計余力が縮小する。
19	policy_search_with_sustain_hope_family	E03	ショック	地政学リスク上昇	12	36	0.60	0.70	全体	将来予見性↓ 制度信頼↓	国際緊張の継続で将来見通しが悪化し、長期意思決定が先送りされる。
19	policy_search_with_sustain_hope_family	E04	ショック	大規模災害クラスター	18	28	0.65	0.45	地方中心	住居安定↓ メンタル負荷↑	複数地域で災害被害が発生し、居住・就労・ケアの負担が連鎖する。
19	policy_search_with_sustain_hope_family	E06	ショック	SNS悲観バイアス増幅	8	40	0.55	0.85	SNS高感受層	希望↓ 分断感↑	悲観情報が拡散しやすくなり、希望指数と相互信頼を押し下げる。
19	policy_search_with_sustain_hope_family	E08	ショック	医療提供体制ひっ迫	18	44	0.65	0.65	地方層・医療福祉層・高負荷層	制度信頼↓ メンタル負荷↑ 地域安定↓	医療人材不足と地域医療の縮小により、生活安心感と制度信頼が低下する。
19	policy_search_with_sustain_hope_family	E09	ショック	汎用ロボティクス普及による身体労働再編	12	60	0.62	0.75	製造・物流・小売・介護周辺	雇用安定↓ 生活コスト圧力↑	物流、製造、清掃、飲食、建設、介護補助などの身体労働でロボット導入が進み、地域産業と現場職の再編不安が広がる。
19	policy_search_with_sustain_hope_family	P01	政策	若者住居安定パッケージ	10	83	0.70	1.00	非正規・無業・若年就業	住居安定↑ 希望↑	家賃補助・保証人代替・転居支援を組み合わせ、居住不安を緩和する。
19	policy_search_with_sustain_hope_family	P02	政策	奨学金負担軽減・所得連動返済	8	83	0.80	1.00	在学層・負債高層	可処分所得↑ 子ども意向↑	返済負担の平準化と減免を導入し、将来投資の先送りを抑制する。
19	policy_search_with_sustain_hope_family	P03	政策	社会持続活動nat報酬制度	12	83	0.85	1.00	全体	nat獲得↑ 希望↑	学校・地域・介護・防災・制度更新活動を報酬化し、役割喪失を防ぐ。
19	policy_search_with_sustain_hope_family	P04	政策	子育て初期一時金1000万円	15	45	0.75	1.00	子育て初期・結婚前後	子ども意向↑ 出生実行↑	出生前後の初期費用を大幅に緩和するが、短期の財政負荷と逆選択リスクがある。
19	policy_search_with_sustain_hope_family	P05	政策	地域ケア就労の賃金底上げ	14	83	0.70	1.00	ケア責任層・地方	雇用安定↑ 制度信頼↑	ケア活動を社会基盤労働として扱い、賃金と社会的評価を引き上げる。
19	policy_search_with_sustain_hope_family	P06	政策	学び直し・移行雇用保証	16	83	0.78	1.00	非正規・無業・自動化影響層	雇用安定↑ 自己効力感↑	訓練と実務移行をセットで保証し、自動化ショックからの回復経路を提供する。
19	policy_search_with_sustain_hope_family	P08	政策	若年メンタルヘルス即時アクセス	9	83	0.72	1.00	高負荷層	メンタル負荷↓ 希望↑	心理支援への待機時間と費用障壁を下げ、長期離脱を防ぐ。
19	policy_search_with_sustain_hope_family	P09	政策	学校-企業-地域循環プロジェクト	18	83	0.68	1.00	在学層・若年就業	自己効力感↑ 制度信頼↑	学習内容と地域課題・雇用機会を連結し、努力の手応えを可視化する。
19	policy_search_with_sustain_hope_family	BP01	政策	構造持続型出産一時金の上乗せ	15	60	0.82	1.00	子どもを望む家族形成層・将来家族形成層	子ども意向↑ 家計余力↑ 制度信頼↑	出生実績への成果報酬ではなく、望む人が子どもを迎えられる条件を整える目的で、妊娠・出産・初期育児の実費と所得喪失を一時金で緩衝する。
19	policy_search_with_sustain_hope_family	BP02	政策	産後休息・代替ケア保障	15	83	0.78	1.00	妊娠出産期・子育て初期・ケア責任層	時間余力↑ メンタル負荷↓ 出生圧力リスク↓	産後の休息、夜間支援、代替ケア、家事育児支援を公的に確保し、家族責任の固定化や母親だけへの負担集中を防ぐ。
19	policy_search_with_sustain_hope_family	BP03	政策	復帰キャリア・企業負担補正	18	83	0.70	1.00	企業・正規雇用・非正規雇用・子育て初期	雇用安定↑ 企業反発↓ 子ども意向↑	育休復帰、短時間勤務、配置転換、代替人員費を企業だけに背負わせず、構造持続会計で補正し、採用抑制や女性不利益を抑える。
19	policy_search_with_sustain_hope_family	BP05	政策	出生非強制・監査ガードレール	15	83	0.68	1.00	全体	制度信頼↑ 反発↓ moral injury↓	非婚・非出産・単身・養育しない選択を不利益にせず、出生数ではなく選択可能条件を評価対象にする。若者の「産ませたいだけでは」という反発を監査する。
19	policy_search_with_sustain_hope_family	HP01	政策	若者希望経路保証	8	83	0.84	1.00	15-22歳・進学就職移行層	希望↑ 自己効力感↑ 将来予見性↑	学び、初職、地域プロジェクト、AI活用訓練を接続し、若者が5年後の役割を複数持てるようにする。特定進路の強制ではなく選べる経路を増やす。
19	policy_search_with_sustain_hope_family	HP02	政策	初職喪失リカバリー権	12	83	0.78	1.00	AI自動化影響層・非正規・無業	喪失感↓ 希望↑ 雇用安定↑	AIやロボ導入で初職や職域が狭まった人に、再訓練、職務経験、所得補償をセットで提供し、最初の失敗が人生全体の諦念にならないようにする。
19	policy_search_with_sustain_hope_family	HP03	政策	若者持分型地域プロジェクト	18	83	0.72	1.00	若者・地方・都市低所得層	連帯感↑ 希望↑ nat獲得↑	地域インフラ、ケア、教育、災害対応、文化活動の更新に若者が持分を持ち、参加が報酬と将来役割に接続する仕組みを作る。
19	policy_search_with_sustain_hope_family	HP08	政策	自動着金・仮払いセーフティ	8	83	0.86	1.00	若者・低中所得層・家族形成層	制度信頼↑ 不安↓ 生活防衛↓	申請から支給までの空白を減らすため、資格確認前の仮払い、あとから精算、異議申立を組み合わせる。支援が「いつか届く」ではなく「今つながる」経験になるようにする。
19	policy_search_with_sustain_hope_family	HP09	政策	若者住居・ケア即時枠	10	83	0.82	1.00	15-29歳・ケア責任層・無業非正規層	安心↑ 撤退圧↓ 希望↑	家を出られない、ケアで動けない、住居費で進路を選べない層に、短期住居、代替ケア、地域伴走を即時枠として用意し、社会からの逃避や長期離脱を防ぐ。
19	policy_search_with_sustain_hope_family	HP10	政策	家族形成条件の個別見通し面談	18	83	0.74	1.00	23-40歳・将来家族形成層・子育て初期	子ども意向↑ 将来予見性↑ 制度利用↑	結婚、妊娠、出産、育休、復帰、住居、教育費、介護との両立を個別ケースで見通せる面談と試算を行い、子どもを迎えたい人が「自分の場合に可能か」を判断できるようにする。
19	policy_search_with_sustain_hope_family	HP11	政策	初期成功ケースの透明公開	12	83	0.84	1.00	若者・家族形成層・制度不信層	制度信頼↑ 自己効力感↑ 希望↑	自動着金、短期住居、代替ケア、初職リカバリーで実際に立て直せた初期ケースを、個人を傷つけない匿名形式で公開する。制度が存在するだけでなく、使うと何が変わるかを確認できるようにする。
19	policy_search_with_sustain_hope_family	HP12	政策	若者・家族形成パーソナル予算枠	15	83	0.86	1.00	15-40歳・低中所得層・ケア責任層	将来予見性↑ 子ども意向↑ 生活防衛↓	住居、学び直し、ケア代替、医療相談、妊娠出産準備に使える5年単位の個人予算枠を付与し、転居や転職をしても権利が持ち運べるようにする。
19	policy_search_with_sustain_hope_family	HP13	政策	非対象者分断の補正説明	15	83	0.72	1.00	非婚非出産層・納税者・若者全体	反発↓ 制度信頼↑ 連帯感↑	家族形成支援を、出生数の押しつけではなく、住居、ケア、学び直し、孤立防止を含む共通インフラとして説明し、非対象者にも使える支援経路と異議申立を明示する。
19	policy_search_with_sustain_hope_family	HP14	政策	個別資格通知と即時予約	18	83	0.92	1.00	15-40歳・低中所得層・ケア責任層	制度利用↑ 将来予見性↑ 希望↑	対象者ごとに、自分が使える住居枠、学び直し予算、ケア代替、家族形成面談の予約可能日が通知される。抽象的な制度ではなく、本人のスマホや学校・職場窓口で具体的な次の一手を確認できる。
19	policy_search_with_sustain_hope_family	HP15	政策	初職・復帰の先行契約枠	18	83	0.84	1.00	若者・AI自動化影響層・子育て初期	雇用安定↑ 自己効力感↑ 生活防衛↓	自治体、企業、学校が連携し、AI活用職、ケア技術、地域更新、育休復帰の先行契約枠を公開する。研修中の所得補償と実務経験を結び、学び直しが空手形にならないようにする。
20	policy_search_with_sustain_hope_family	E01	ショック	生成AI・認知労働自動化急加速	4	20	0.80	1.00	全体	雇用安定↓ 希望↓	事務・文章・開発・企画・分析などの認知労働が短期に再編され、初期キャリア層の不安が増える。
20	policy_search_with_sustain_hope_family	E02	ショック	生活コスト上昇	6	30	0.70	0.90	全体	可処分所得↓ 子ども意向↓	住居費・エネルギー・食費が同時上昇し、家計余力が縮小する。
20	policy_search_with_sustain_hope_family	E03	ショック	地政学リスク上昇	12	36	0.60	0.70	全体	将来予見性↓ 制度信頼↓	国際緊張の継続で将来見通しが悪化し、長期意思決定が先送りされる。
20	policy_search_with_sustain_hope_family	E04	ショック	大規模災害クラスター	18	28	0.65	0.45	地方中心	住居安定↓ メンタル負荷↑	複数地域で災害被害が発生し、居住・就労・ケアの負担が連鎖する。
20	policy_search_with_sustain_hope_family	E06	ショック	SNS悲観バイアス増幅	8	40	0.55	0.85	SNS高感受層	希望↓ 分断感↑	悲観情報が拡散しやすくなり、希望指数と相互信頼を押し下げる。
20	policy_search_with_sustain_hope_family	E08	ショック	医療提供体制ひっ迫	18	44	0.65	0.65	地方層・医療福祉層・高負荷層	制度信頼↓ メンタル負荷↑ 地域安定↓	医療人材不足と地域医療の縮小により、生活安心感と制度信頼が低下する。
20	policy_search_with_sustain_hope_family	E09	ショック	汎用ロボティクス普及による身体労働再編	12	60	0.62	0.75	製造・物流・小売・介護周辺	雇用安定↓ 生活コスト圧力↑	物流、製造、清掃、飲食、建設、介護補助などの身体労働でロボット導入が進み、地域産業と現場職の再編不安が広がる。
20	policy_search_with_sustain_hope_family	P01	政策	若者住居安定パッケージ	10	83	0.70	1.00	非正規・無業・若年就業	住居安定↑ 希望↑	家賃補助・保証人代替・転居支援を組み合わせ、居住不安を緩和する。
20	policy_search_with_sustain_hope_family	P02	政策	奨学金負担軽減・所得連動返済	8	83	0.80	1.00	在学層・負債高層	可処分所得↑ 子ども意向↑	返済負担の平準化と減免を導入し、将来投資の先送りを抑制する。
20	policy_search_with_sustain_hope_family	P03	政策	社会持続活動nat報酬制度	12	83	0.85	1.00	全体	nat獲得↑ 希望↑	学校・地域・介護・防災・制度更新活動を報酬化し、役割喪失を防ぐ。
20	policy_search_with_sustain_hope_family	P04	政策	子育て初期一時金1000万円	15	45	0.75	1.00	子育て初期・結婚前後	子ども意向↑ 出生実行↑	出生前後の初期費用を大幅に緩和するが、短期の財政負荷と逆選択リスクがある。
20	policy_search_with_sustain_hope_family	P05	政策	地域ケア就労の賃金底上げ	14	83	0.70	1.00	ケア責任層・地方	雇用安定↑ 制度信頼↑	ケア活動を社会基盤労働として扱い、賃金と社会的評価を引き上げる。
20	policy_search_with_sustain_hope_family	P06	政策	学び直し・移行雇用保証	16	83	0.78	1.00	非正規・無業・自動化影響層	雇用安定↑ 自己効力感↑	訓練と実務移行をセットで保証し、自動化ショックからの回復経路を提供する。
20	policy_search_with_sustain_hope_family	P07	政策	地方分散インフラ投資	20	83	0.65	1.00	地方層	住居安定↑ 希望↑	交通・医療・通信の更新により、地方での生活可能性を底上げする。
20	policy_search_with_sustain_hope_family	P08	政策	若年メンタルヘルス即時アクセス	9	83	0.72	1.00	高負荷層	メンタル負荷↓ 希望↑	心理支援への待機時間と費用障壁を下げ、長期離脱を防ぐ。
20	policy_search_with_sustain_hope_family	P09	政策	学校-企業-地域循環プロジェクト	18	83	0.68	1.00	在学層・若年就業	自己効力感↑ 制度信頼↑	学習内容と地域課題・雇用機会を連結し、努力の手応えを可視化する。
20	policy_search_with_sustain_hope_family	BP01	政策	構造持続型出産一時金の上乗せ	15	60	0.82	1.00	子どもを望む家族形成層・将来家族形成層	子ども意向↑ 家計余力↑ 制度信頼↑	出生実績への成果報酬ではなく、望む人が子どもを迎えられる条件を整える目的で、妊娠・出産・初期育児の実費と所得喪失を一時金で緩衝する。
20	policy_search_with_sustain_hope_family	BP02	政策	産後休息・代替ケア保障	15	83	0.78	1.00	妊娠出産期・子育て初期・ケア責任層	時間余力↑ メンタル負荷↓ 出生圧力リスク↓	産後の休息、夜間支援、代替ケア、家事育児支援を公的に確保し、家族責任の固定化や母親だけへの負担集中を防ぐ。
20	policy_search_with_sustain_hope_family	BP03	政策	復帰キャリア・企業負担補正	18	83	0.70	1.00	企業・正規雇用・非正規雇用・子育て初期	雇用安定↑ 企業反発↓ 子ども意向↑	育休復帰、短時間勤務、配置転換、代替人員費を企業だけに背負わせず、構造持続会計で補正し、採用抑制や女性不利益を抑える。
20	policy_search_with_sustain_hope_family	BP04	政策	家族形成住居・教育費緩衝パッケージ	20	83	0.74	1.00	23-40歳・若者・低中所得層	住居安定↑ 教育費不安↓ 希望↑	住居、保育、教育費の長期不安を束ねて緩衝し、子どもを迎える判断が一時金だけで終わらないよう支える。
20	policy_search_with_sustain_hope_family	BP05	政策	出生非強制・監査ガードレール	15	83	0.68	1.00	全体	制度信頼↑ 反発↓ moral injury↓	非婚・非出産・単身・養育しない選択を不利益にせず、出生数ではなく選択可能条件を評価対象にする。若者の「産ませたいだけでは」という反発を監査する。
20	policy_search_with_sustain_hope_family	HP01	政策	若者希望経路保証	8	83	0.84	1.00	15-22歳・進学就職移行層	希望↑ 自己効力感↑ 将来予見性↑	学び、初職、地域プロジェクト、AI活用訓練を接続し、若者が5年後の役割を複数持てるようにする。特定進路の強制ではなく選べる経路を増やす。
20	policy_search_with_sustain_hope_family	HP02	政策	初職喪失リカバリー権	12	83	0.78	1.00	AI自動化影響層・非正規・無業	喪失感↓ 希望↑ 雇用安定↑	AIやロボ導入で初職や職域が狭まった人に、再訓練、職務経験、所得補償をセットで提供し、最初の失敗が人生全体の諦念にならないようにする。
20	policy_search_with_sustain_hope_family	HP03	政策	若者持分型地域プロジェクト	18	83	0.72	1.00	若者・地方・都市低所得層	連帯感↑ 希望↑ nat獲得↑	地域インフラ、ケア、教育、災害対応、文化活動の更新に若者が持分を持ち、参加が報酬と将来役割に接続する仕組みを作る。
20	policy_search_with_sustain_hope_family	HP04	政策	家族形成トライアル支援	20	83	0.76	1.00	23-40歳・将来家族形成層	子ども意向↑ 住居安定↑ 時間余力↑	同居、結婚、妊娠、出産、養育の前段階で、住居、時間、ケア、相談、医療アクセスを試せる支援を整え、後戻りできる安心を残す。
20	policy_search_with_sustain_hope_family	HP08	政策	自動着金・仮払いセーフティ	8	83	0.86	1.00	若者・低中所得層・家族形成層	制度信頼↑ 不安↓ 生活防衛↓	申請から支給までの空白を減らすため、資格確認前の仮払い、あとから精算、異議申立を組み合わせる。支援が「いつか届く」ではなく「今つながる」経験になるようにする。
20	policy_search_with_sustain_hope_family	HP09	政策	若者住居・ケア即時枠	10	83	0.82	1.00	15-29歳・ケア責任層・無業非正規層	安心↑ 撤退圧↓ 希望↑	家を出られない、ケアで動けない、住居費で進路を選べない層に、短期住居、代替ケア、地域伴走を即時枠として用意し、社会からの逃避や長期離脱を防ぐ。
20	policy_search_with_sustain_hope_family	HP10	政策	家族形成条件の個別見通し面談	18	83	0.74	1.00	23-40歳・将来家族形成層・子育て初期	子ども意向↑ 将来予見性↑ 制度利用↑	結婚、妊娠、出産、育休、復帰、住居、教育費、介護との両立を個別ケースで見通せる面談と試算を行い、子どもを迎えたい人が「自分の場合に可能か」を判断できるようにする。
20	policy_search_with_sustain_hope_family	HP11	政策	初期成功ケースの透明公開	12	83	0.84	1.00	若者・家族形成層・制度不信層	制度信頼↑ 自己効力感↑ 希望↑	自動着金、短期住居、代替ケア、初職リカバリーで実際に立て直せた初期ケースを、個人を傷つけない匿名形式で公開する。制度が存在するだけでなく、使うと何が変わるかを確認できるようにする。
20	policy_search_with_sustain_hope_family	HP12	政策	若者・家族形成パーソナル予算枠	15	83	0.86	1.00	15-40歳・低中所得層・ケア責任層	将来予見性↑ 子ども意向↑ 生活防衛↓	住居、学び直し、ケア代替、医療相談、妊娠出産準備に使える5年単位の個人予算枠を付与し、転居や転職をしても権利が持ち運べるようにする。
20	policy_search_with_sustain_hope_family	HP13	政策	非対象者分断の補正説明	15	83	0.72	1.00	非婚非出産層・納税者・若者全体	反発↓ 制度信頼↑ 連帯感↑	家族形成支援を、出生数の押しつけではなく、住居、ケア、学び直し、孤立防止を含む共通インフラとして説明し、非対象者にも使える支援経路と異議申立を明示する。
20	policy_search_with_sustain_hope_family	HP14	政策	個別資格通知と即時予約	18	83	0.92	1.00	15-40歳・低中所得層・ケア責任層	制度利用↑ 将来予見性↑ 希望↑	対象者ごとに、自分が使える住居枠、学び直し予算、ケア代替、家族形成面談の予約可能日が通知される。抽象的な制度ではなく、本人のスマホや学校・職場窓口で具体的な次の一手を確認できる。
20	policy_search_with_sustain_hope_family	HP15	政策	初職・復帰の先行契約枠	18	83	0.84	1.00	若者・AI自動化影響層・子育て初期	雇用安定↑ 自己効力感↑ 生活防衛↓	自治体、企業、学校が連携し、AI活用職、ケア技術、地域更新、育休復帰の先行契約枠を公開する。研修中の所得補償と実務経験を結び、学び直しが空手形にならないようにする。
20	policy_search_with_sustain_hope_family	HP16	政策	子育て共同体の空き枠可視化	20	83	0.80	1.00	家族形成層・子育て初期・地域	子ども意向↑ 安心↑ 連帯感↑	保育、病児対応、夜間支援、送迎、学習支援、産後休息の空き枠を地域単位で可視化し、親だけで抱え込まない具体的な受け皿を見えるようにする。
20	policy_search_with_sustain_hope_family	HP17	社会反応	SNS希望反転と実体験共有	20	83	0.88	1.00	若者・家族形成層・SNS高感受性層	SNS不安↓ 連帯感↑ 希望↑	自動着金、住居即時枠、初職契約、代替ケアを実際に使った人の承諾済み体験談が広がり、「制度は遅いだけ」という認識に一部反例が生まれる。
20	policy_search_with_sustain_hope_family	HP18	政策	財政持続監査の初回クリア	20	83	0.82	1.00	国家・納税者・若者・家族形成層	財政不安↓ 制度信頼↑ 将来予見性↑	支援財源、物価影響、逆進性、非対象者補正の初回監査が公開され、持続性が崩れていないことと自動補正ルールが確認される。
20	policy_search_with_sustain_hope_family	HP19	政策	nat報酬の初回着金	20	83	0.90	1.00	若者・地域プロジェクト参加層・低中所得層	自己効力感↑ 希望↑ 制度利用↑	地域更新、ケア補助、学習支援、災害備えに参加した若者へ、初回のnat報酬が実際に着金する。社会を維持する行動が飯の種になる体験が生まれる。
21	policy_search_with_sustain_hope_family	E02	ショック	生活コスト上昇	6	30	0.70	0.90	全体	可処分所得↓ 子ども意向↓	住居費・エネルギー・食費が同時上昇し、家計余力が縮小する。
21	policy_search_with_sustain_hope_family	E03	ショック	地政学リスク上昇	12	36	0.60	0.70	全体	将来予見性↓ 制度信頼↓	国際緊張の継続で将来見通しが悪化し、長期意思決定が先送りされる。
21	policy_search_with_sustain_hope_family	E04	ショック	大規模災害クラスター	18	28	0.65	0.45	地方中心	住居安定↓ メンタル負荷↑	複数地域で災害被害が発生し、居住・就労・ケアの負担が連鎖する。
21	policy_search_with_sustain_hope_family	E06	ショック	SNS悲観バイアス増幅	8	40	0.55	0.85	SNS高感受層	希望↓ 分断感↑	悲観情報が拡散しやすくなり、希望指数と相互信頼を押し下げる。
21	policy_search_with_sustain_hope_family	E08	ショック	医療提供体制ひっ迫	18	44	0.65	0.65	地方層・医療福祉層・高負荷層	制度信頼↓ メンタル負荷↑ 地域安定↓	医療人材不足と地域医療の縮小により、生活安心感と制度信頼が低下する。
21	policy_search_with_sustain_hope_family	E09	ショック	汎用ロボティクス普及による身体労働再編	12	60	0.62	0.75	製造・物流・小売・介護周辺	雇用安定↓ 生活コスト圧力↑	物流、製造、清掃、飲食、建設、介護補助などの身体労働でロボット導入が進み、地域産業と現場職の再編不安が広がる。
21	policy_search_with_sustain_hope_family	P01	政策	若者住居安定パッケージ	10	83	0.70	1.00	非正規・無業・若年就業	住居安定↑ 希望↑	家賃補助・保証人代替・転居支援を組み合わせ、居住不安を緩和する。
21	policy_search_with_sustain_hope_family	P02	政策	奨学金負担軽減・所得連動返済	8	83	0.80	1.00	在学層・負債高層	可処分所得↑ 子ども意向↑	返済負担の平準化と減免を導入し、将来投資の先送りを抑制する。
21	policy_search_with_sustain_hope_family	P03	政策	社会持続活動nat報酬制度	12	83	0.85	1.00	全体	nat獲得↑ 希望↑	学校・地域・介護・防災・制度更新活動を報酬化し、役割喪失を防ぐ。
21	policy_search_with_sustain_hope_family	P04	政策	子育て初期一時金1000万円	15	45	0.75	1.00	子育て初期・結婚前後	子ども意向↑ 出生実行↑	出生前後の初期費用を大幅に緩和するが、短期の財政負荷と逆選択リスクがある。
21	policy_search_with_sustain_hope_family	P05	政策	地域ケア就労の賃金底上げ	14	83	0.70	1.00	ケア責任層・地方	雇用安定↑ 制度信頼↑	ケア活動を社会基盤労働として扱い、賃金と社会的評価を引き上げる。
21	policy_search_with_sustain_hope_family	P06	政策	学び直し・移行雇用保証	16	83	0.78	1.00	非正規・無業・自動化影響層	雇用安定↑ 自己効力感↑	訓練と実務移行をセットで保証し、自動化ショックからの回復経路を提供する。
21	policy_search_with_sustain_hope_family	P07	政策	地方分散インフラ投資	20	83	0.65	1.00	地方層	住居安定↑ 希望↑	交通・医療・通信の更新により、地方での生活可能性を底上げする。
21	policy_search_with_sustain_hope_family	P08	政策	若年メンタルヘルス即時アクセス	9	83	0.72	1.00	高負荷層	メンタル負荷↓ 希望↑	心理支援への待機時間と費用障壁を下げ、長期離脱を防ぐ。
21	policy_search_with_sustain_hope_family	P09	政策	学校-企業-地域循環プロジェクト	18	83	0.68	1.00	在学層・若年就業	自己効力感↑ 制度信頼↑	学習内容と地域課題・雇用機会を連結し、努力の手応えを可視化する。
21	policy_search_with_sustain_hope_family	BP01	政策	構造持続型出産一時金の上乗せ	15	60	0.82	1.00	子どもを望む家族形成層・将来家族形成層	子ども意向↑ 家計余力↑ 制度信頼↑	出生実績への成果報酬ではなく、望む人が子どもを迎えられる条件を整える目的で、妊娠・出産・初期育児の実費と所得喪失を一時金で緩衝する。
21	policy_search_with_sustain_hope_family	BP02	政策	産後休息・代替ケア保障	15	83	0.78	1.00	妊娠出産期・子育て初期・ケア責任層	時間余力↑ メンタル負荷↓ 出生圧力リスク↓	産後の休息、夜間支援、代替ケア、家事育児支援を公的に確保し、家族責任の固定化や母親だけへの負担集中を防ぐ。
21	policy_search_with_sustain_hope_family	BP03	政策	復帰キャリア・企業負担補正	18	83	0.70	1.00	企業・正規雇用・非正規雇用・子育て初期	雇用安定↑ 企業反発↓ 子ども意向↑	育休復帰、短時間勤務、配置転換、代替人員費を企業だけに背負わせず、構造持続会計で補正し、採用抑制や女性不利益を抑える。
21	policy_search_with_sustain_hope_family	BP04	政策	家族形成住居・教育費緩衝パッケージ	20	83	0.74	1.00	23-40歳・若者・低中所得層	住居安定↑ 教育費不安↓ 希望↑	住居、保育、教育費の長期不安を束ねて緩衝し、子どもを迎える判断が一時金だけで終わらないよう支える。
21	policy_search_with_sustain_hope_family	BP05	政策	出生非強制・監査ガードレール	15	83	0.68	1.00	全体	制度信頼↑ 反発↓ moral injury↓	非婚・非出産・単身・養育しない選択を不利益にせず、出生数ではなく選択可能条件を評価対象にする。若者の「産ませたいだけでは」という反発を監査する。
21	policy_search_with_sustain_hope_family	HP01	政策	若者希望経路保証	8	83	0.84	1.00	15-22歳・進学就職移行層	希望↑ 自己効力感↑ 将来予見性↑	学び、初職、地域プロジェクト、AI活用訓練を接続し、若者が5年後の役割を複数持てるようにする。特定進路の強制ではなく選べる経路を増やす。
21	policy_search_with_sustain_hope_family	HP02	政策	初職喪失リカバリー権	12	83	0.78	1.00	AI自動化影響層・非正規・無業	喪失感↓ 希望↑ 雇用安定↑	AIやロボ導入で初職や職域が狭まった人に、再訓練、職務経験、所得補償をセットで提供し、最初の失敗が人生全体の諦念にならないようにする。
21	policy_search_with_sustain_hope_family	HP03	政策	若者持分型地域プロジェクト	18	83	0.72	1.00	若者・地方・都市低所得層	連帯感↑ 希望↑ nat獲得↑	地域インフラ、ケア、教育、災害対応、文化活動の更新に若者が持分を持ち、参加が報酬と将来役割に接続する仕組みを作る。
21	policy_search_with_sustain_hope_family	HP04	政策	家族形成トライアル支援	20	83	0.76	1.00	23-40歳・将来家族形成層	子ども意向↑ 住居安定↑ 時間余力↑	同居、結婚、妊娠、出産、養育の前段階で、住居、時間、ケア、相談、医療アクセスを試せる支援を整え、後戻りできる安心を残す。
21	policy_search_with_sustain_hope_family	HP08	政策	自動着金・仮払いセーフティ	8	83	0.86	1.00	若者・低中所得層・家族形成層	制度信頼↑ 不安↓ 生活防衛↓	申請から支給までの空白を減らすため、資格確認前の仮払い、あとから精算、異議申立を組み合わせる。支援が「いつか届く」ではなく「今つながる」経験になるようにする。
21	policy_search_with_sustain_hope_family	HP09	政策	若者住居・ケア即時枠	10	83	0.82	1.00	15-29歳・ケア責任層・無業非正規層	安心↑ 撤退圧↓ 希望↑	家を出られない、ケアで動けない、住居費で進路を選べない層に、短期住居、代替ケア、地域伴走を即時枠として用意し、社会からの逃避や長期離脱を防ぐ。
21	policy_search_with_sustain_hope_family	HP10	政策	家族形成条件の個別見通し面談	18	83	0.74	1.00	23-40歳・将来家族形成層・子育て初期	子ども意向↑ 将来予見性↑ 制度利用↑	結婚、妊娠、出産、育休、復帰、住居、教育費、介護との両立を個別ケースで見通せる面談と試算を行い、子どもを迎えたい人が「自分の場合に可能か」を判断できるようにする。
21	policy_search_with_sustain_hope_family	HP11	政策	初期成功ケースの透明公開	12	83	0.84	1.00	若者・家族形成層・制度不信層	制度信頼↑ 自己効力感↑ 希望↑	自動着金、短期住居、代替ケア、初職リカバリーで実際に立て直せた初期ケースを、個人を傷つけない匿名形式で公開する。制度が存在するだけでなく、使うと何が変わるかを確認できるようにする。
21	policy_search_with_sustain_hope_family	HP12	政策	若者・家族形成パーソナル予算枠	15	83	0.86	1.00	15-40歳・低中所得層・ケア責任層	将来予見性↑ 子ども意向↑ 生活防衛↓	住居、学び直し、ケア代替、医療相談、妊娠出産準備に使える5年単位の個人予算枠を付与し、転居や転職をしても権利が持ち運べるようにする。
21	policy_search_with_sustain_hope_family	HP13	政策	非対象者分断の補正説明	15	83	0.72	1.00	非婚非出産層・納税者・若者全体	反発↓ 制度信頼↑ 連帯感↑	家族形成支援を、出生数の押しつけではなく、住居、ケア、学び直し、孤立防止を含む共通インフラとして説明し、非対象者にも使える支援経路と異議申立を明示する。
21	policy_search_with_sustain_hope_family	HP14	政策	個別資格通知と即時予約	18	83	0.92	1.00	15-40歳・低中所得層・ケア責任層	制度利用↑ 将来予見性↑ 希望↑	対象者ごとに、自分が使える住居枠、学び直し予算、ケア代替、家族形成面談の予約可能日が通知される。抽象的な制度ではなく、本人のスマホや学校・職場窓口で具体的な次の一手を確認できる。
21	policy_search_with_sustain_hope_family	HP15	政策	初職・復帰の先行契約枠	18	83	0.84	1.00	若者・AI自動化影響層・子育て初期	雇用安定↑ 自己効力感↑ 生活防衛↓	自治体、企業、学校が連携し、AI活用職、ケア技術、地域更新、育休復帰の先行契約枠を公開する。研修中の所得補償と実務経験を結び、学び直しが空手形にならないようにする。
21	policy_search_with_sustain_hope_family	HP16	政策	子育て共同体の空き枠可視化	20	83	0.80	1.00	家族形成層・子育て初期・地域	子ども意向↑ 安心↑ 連帯感↑	保育、病児対応、夜間支援、送迎、学習支援、産後休息の空き枠を地域単位で可視化し、親だけで抱え込まない具体的な受け皿を見えるようにする。
21	policy_search_with_sustain_hope_family	HP17	社会反応	SNS希望反転と実体験共有	20	83	0.88	1.00	若者・家族形成層・SNS高感受性層	SNS不安↓ 連帯感↑ 希望↑	自動着金、住居即時枠、初職契約、代替ケアを実際に使った人の承諾済み体験談が広がり、「制度は遅いだけ」という認識に一部反例が生まれる。
21	policy_search_with_sustain_hope_family	HP18	政策	財政持続監査の初回クリア	20	83	0.82	1.00	国家・納税者・若者・家族形成層	財政不安↓ 制度信頼↑ 将来予見性↑	支援財源、物価影響、逆進性、非対象者補正の初回監査が公開され、持続性が崩れていないことと自動補正ルールが確認される。
21	policy_search_with_sustain_hope_family	HP19	政策	nat報酬の初回着金	20	83	0.90	1.00	若者・地域プロジェクト参加層・低中所得層	自己効力感↑ 希望↑ 制度利用↑	地域更新、ケア補助、学習支援、災害備えに参加した若者へ、初回のnat報酬が実際に着金する。社会を維持する行動が飯の種になる体験が生まれる。
22	policy_search_with_sustain_hope_family	E02	ショック	生活コスト上昇	6	30	0.70	0.90	全体	可処分所得↓ 子ども意向↓	住居費・エネルギー・食費が同時上昇し、家計余力が縮小する。
22	policy_search_with_sustain_hope_family	E03	ショック	地政学リスク上昇	12	36	0.60	0.70	全体	将来予見性↓ 制度信頼↓	国際緊張の継続で将来見通しが悪化し、長期意思決定が先送りされる。
22	policy_search_with_sustain_hope_family	E04	ショック	大規模災害クラスター	18	28	0.65	0.45	地方中心	住居安定↓ メンタル負荷↑	複数地域で災害被害が発生し、居住・就労・ケアの負担が連鎖する。
22	policy_search_with_sustain_hope_family	E06	ショック	SNS悲観バイアス増幅	8	40	0.55	0.85	SNS高感受層	希望↓ 分断感↑	悲観情報が拡散しやすくなり、希望指数と相互信頼を押し下げる。
22	policy_search_with_sustain_hope_family	E07	ショック	介護需要急増	22	60	0.70	0.80	ケア責任層・地方・現役世代	ケア負担↑ 可処分時間↓ 希望↓	高齢化と家族介護の集中により、若者と現役世代の時間・所得・進路選択が圧迫される。
22	policy_search_with_sustain_hope_family	E08	ショック	医療提供体制ひっ迫	18	44	0.65	0.65	地方層・医療福祉層・高負荷層	制度信頼↓ メンタル負荷↑ 地域安定↓	医療人材不足と地域医療の縮小により、生活安心感と制度信頼が低下する。
22	policy_search_with_sustain_hope_family	E09	ショック	汎用ロボティクス普及による身体労働再編	12	60	0.62	0.75	製造・物流・小売・介護周辺	雇用安定↓ 生活コスト圧力↑	物流、製造、清掃、飲食、建設、介護補助などの身体労働でロボット導入が進み、地域産業と現場職の再編不安が広がる。
22	policy_search_with_sustain_hope_family	P01	政策	若者住居安定パッケージ	10	83	0.70	1.00	非正規・無業・若年就業	住居安定↑ 希望↑	家賃補助・保証人代替・転居支援を組み合わせ、居住不安を緩和する。
22	policy_search_with_sustain_hope_family	P02	政策	奨学金負担軽減・所得連動返済	8	83	0.80	1.00	在学層・負債高層	可処分所得↑ 子ども意向↑	返済負担の平準化と減免を導入し、将来投資の先送りを抑制する。
22	policy_search_with_sustain_hope_family	P03	政策	社会持続活動nat報酬制度	12	83	0.85	1.00	全体	nat獲得↑ 希望↑	学校・地域・介護・防災・制度更新活動を報酬化し、役割喪失を防ぐ。
22	policy_search_with_sustain_hope_family	P04	政策	子育て初期一時金1000万円	15	45	0.75	1.00	子育て初期・結婚前後	子ども意向↑ 出生実行↑	出生前後の初期費用を大幅に緩和するが、短期の財政負荷と逆選択リスクがある。
22	policy_search_with_sustain_hope_family	P05	政策	地域ケア就労の賃金底上げ	14	83	0.70	1.00	ケア責任層・地方	雇用安定↑ 制度信頼↑	ケア活動を社会基盤労働として扱い、賃金と社会的評価を引き上げる。
22	policy_search_with_sustain_hope_family	P06	政策	学び直し・移行雇用保証	16	83	0.78	1.00	非正規・無業・自動化影響層	雇用安定↑ 自己効力感↑	訓練と実務移行をセットで保証し、自動化ショックからの回復経路を提供する。
22	policy_search_with_sustain_hope_family	P07	政策	地方分散インフラ投資	20	83	0.65	1.00	地方層	住居安定↑ 希望↑	交通・医療・通信の更新により、地方での生活可能性を底上げする。
22	policy_search_with_sustain_hope_family	P08	政策	若年メンタルヘルス即時アクセス	9	83	0.72	1.00	高負荷層	メンタル負荷↓ 希望↑	心理支援への待機時間と費用障壁を下げ、長期離脱を防ぐ。
22	policy_search_with_sustain_hope_family	P09	政策	学校-企業-地域循環プロジェクト	18	83	0.68	1.00	在学層・若年就業	自己効力感↑ 制度信頼↑	学習内容と地域課題・雇用機会を連結し、努力の手応えを可視化する。
22	policy_search_with_sustain_hope_family	P11	政策	介護ロボット・在宅支援普及	22	83	0.62	1.00	ケア責任層・地方・子育て初期	ケア負担↓ 可処分時間↑ 希望↑	介護ロボット、見守り、移乗支援、在宅医療接続を公共支援として広げ、家族ケアによる時間制約を緩和する。
22	policy_search_with_sustain_hope_family	BP01	政策	構造持続型出産一時金の上乗せ	15	60	0.82	1.00	子どもを望む家族形成層・将来家族形成層	子ども意向↑ 家計余力↑ 制度信頼↑	出生実績への成果報酬ではなく、望む人が子どもを迎えられる条件を整える目的で、妊娠・出産・初期育児の実費と所得喪失を一時金で緩衝する。
22	policy_search_with_sustain_hope_family	BP02	政策	産後休息・代替ケア保障	15	83	0.78	1.00	妊娠出産期・子育て初期・ケア責任層	時間余力↑ メンタル負荷↓ 出生圧力リスク↓	産後の休息、夜間支援、代替ケア、家事育児支援を公的に確保し、家族責任の固定化や母親だけへの負担集中を防ぐ。
22	policy_search_with_sustain_hope_family	BP03	政策	復帰キャリア・企業負担補正	18	83	0.70	1.00	企業・正規雇用・非正規雇用・子育て初期	雇用安定↑ 企業反発↓ 子ども意向↑	育休復帰、短時間勤務、配置転換、代替人員費を企業だけに背負わせず、構造持続会計で補正し、採用抑制や女性不利益を抑える。
22	policy_search_with_sustain_hope_family	BP04	政策	家族形成住居・教育費緩衝パッケージ	20	83	0.74	1.00	23-40歳・若者・低中所得層	住居安定↑ 教育費不安↓ 希望↑	住居、保育、教育費の長期不安を束ねて緩衝し、子どもを迎える判断が一時金だけで終わらないよう支える。
22	policy_search_with_sustain_hope_family	BP05	政策	出生非強制・監査ガードレール	15	83	0.68	1.00	全体	制度信頼↑ 反発↓ moral injury↓	非婚・非出産・単身・養育しない選択を不利益にせず、出生数ではなく選択可能条件を評価対象にする。若者の「産ませたいだけでは」という反発を監査する。
22	policy_search_with_sustain_hope_family	HP01	政策	若者希望経路保証	8	83	0.84	1.00	15-22歳・進学就職移行層	希望↑ 自己効力感↑ 将来予見性↑	学び、初職、地域プロジェクト、AI活用訓練を接続し、若者が5年後の役割を複数持てるようにする。特定進路の強制ではなく選べる経路を増やす。
22	policy_search_with_sustain_hope_family	HP02	政策	初職喪失リカバリー権	12	83	0.78	1.00	AI自動化影響層・非正規・無業	喪失感↓ 希望↑ 雇用安定↑	AIやロボ導入で初職や職域が狭まった人に、再訓練、職務経験、所得補償をセットで提供し、最初の失敗が人生全体の諦念にならないようにする。
22	policy_search_with_sustain_hope_family	HP03	政策	若者持分型地域プロジェクト	18	83	0.72	1.00	若者・地方・都市低所得層	連帯感↑ 希望↑ nat獲得↑	地域インフラ、ケア、教育、災害対応、文化活動の更新に若者が持分を持ち、参加が報酬と将来役割に接続する仕組みを作る。
22	policy_search_with_sustain_hope_family	HP04	政策	家族形成トライアル支援	20	83	0.76	1.00	23-40歳・将来家族形成層	子ども意向↑ 住居安定↑ 時間余力↑	同居、結婚、妊娠、出産、養育の前段階で、住居、時間、ケア、相談、医療アクセスを試せる支援を整え、後戻りできる安心を残す。
22	policy_search_with_sustain_hope_family	HP05	政策	子育て共同体・代替ケア網	22	83	0.80	1.00	子育て初期・ケア責任層・地域	子育て実行可能性↑ メンタル負荷↓ 連帯感↑	保育、病児対応、夜間支援、送迎、学習支援を地域と企業が共同で担い、親だけが壊れない構造を作る。
22	policy_search_with_sustain_hope_family	HP08	政策	自動着金・仮払いセーフティ	8	83	0.86	1.00	若者・低中所得層・家族形成層	制度信頼↑ 不安↓ 生活防衛↓	申請から支給までの空白を減らすため、資格確認前の仮払い、あとから精算、異議申立を組み合わせる。支援が「いつか届く」ではなく「今つながる」経験になるようにする。
22	policy_search_with_sustain_hope_family	HP09	政策	若者住居・ケア即時枠	10	83	0.82	1.00	15-29歳・ケア責任層・無業非正規層	安心↑ 撤退圧↓ 希望↑	家を出られない、ケアで動けない、住居費で進路を選べない層に、短期住居、代替ケア、地域伴走を即時枠として用意し、社会からの逃避や長期離脱を防ぐ。
22	policy_search_with_sustain_hope_family	HP10	政策	家族形成条件の個別見通し面談	18	83	0.74	1.00	23-40歳・将来家族形成層・子育て初期	子ども意向↑ 将来予見性↑ 制度利用↑	結婚、妊娠、出産、育休、復帰、住居、教育費、介護との両立を個別ケースで見通せる面談と試算を行い、子どもを迎えたい人が「自分の場合に可能か」を判断できるようにする。
22	policy_search_with_sustain_hope_family	HP11	政策	初期成功ケースの透明公開	12	83	0.84	1.00	若者・家族形成層・制度不信層	制度信頼↑ 自己効力感↑ 希望↑	自動着金、短期住居、代替ケア、初職リカバリーで実際に立て直せた初期ケースを、個人を傷つけない匿名形式で公開する。制度が存在するだけでなく、使うと何が変わるかを確認できるようにする。
22	policy_search_with_sustain_hope_family	HP12	政策	若者・家族形成パーソナル予算枠	15	83	0.86	1.00	15-40歳・低中所得層・ケア責任層	将来予見性↑ 子ども意向↑ 生活防衛↓	住居、学び直し、ケア代替、医療相談、妊娠出産準備に使える5年単位の個人予算枠を付与し、転居や転職をしても権利が持ち運べるようにする。
22	policy_search_with_sustain_hope_family	HP13	政策	非対象者分断の補正説明	15	83	0.72	1.00	非婚非出産層・納税者・若者全体	反発↓ 制度信頼↑ 連帯感↑	家族形成支援を、出生数の押しつけではなく、住居、ケア、学び直し、孤立防止を含む共通インフラとして説明し、非対象者にも使える支援経路と異議申立を明示する。
22	policy_search_with_sustain_hope_family	HP14	政策	個別資格通知と即時予約	18	83	0.92	1.00	15-40歳・低中所得層・ケア責任層	制度利用↑ 将来予見性↑ 希望↑	対象者ごとに、自分が使える住居枠、学び直し予算、ケア代替、家族形成面談の予約可能日が通知される。抽象的な制度ではなく、本人のスマホや学校・職場窓口で具体的な次の一手を確認できる。
22	policy_search_with_sustain_hope_family	HP15	政策	初職・復帰の先行契約枠	18	83	0.84	1.00	若者・AI自動化影響層・子育て初期	雇用安定↑ 自己効力感↑ 生活防衛↓	自治体、企業、学校が連携し、AI活用職、ケア技術、地域更新、育休復帰の先行契約枠を公開する。研修中の所得補償と実務経験を結び、学び直しが空手形にならないようにする。
22	policy_search_with_sustain_hope_family	HP16	政策	子育て共同体の空き枠可視化	20	83	0.80	1.00	家族形成層・子育て初期・地域	子ども意向↑ 安心↑ 連帯感↑	保育、病児対応、夜間支援、送迎、学習支援、産後休息の空き枠を地域単位で可視化し、親だけで抱え込まない具体的な受け皿を見えるようにする。
22	policy_search_with_sustain_hope_family	HP17	社会反応	SNS希望反転と実体験共有	20	83	0.88	1.00	若者・家族形成層・SNS高感受性層	SNS不安↓ 連帯感↑ 希望↑	自動着金、住居即時枠、初職契約、代替ケアを実際に使った人の承諾済み体験談が広がり、「制度は遅いだけ」という認識に一部反例が生まれる。
22	policy_search_with_sustain_hope_family	HP18	政策	財政持続監査の初回クリア	20	83	0.82	1.00	国家・納税者・若者・家族形成層	財政不安↓ 制度信頼↑ 将来予見性↑	支援財源、物価影響、逆進性、非対象者補正の初回監査が公開され、持続性が崩れていないことと自動補正ルールが確認される。
22	policy_search_with_sustain_hope_family	HP19	政策	nat報酬の初回着金	20	83	0.90	1.00	若者・地域プロジェクト参加層・低中所得層	自己効力感↑ 希望↑ 制度利用↑	地域更新、ケア補助、学習支援、災害備えに参加した若者へ、初回のnat報酬が実際に着金する。社会を維持する行動が飯の種になる体験が生まれる。
22	policy_search_with_sustain_hope_family	HP20	政策	家族形成シミュレーション結果通知	22	83	0.84	1.00	23-40歳・将来家族形成層	子ども意向↑ 安心↑ 将来予見性↑	個別面談を受けた人に、住居、収入、ケア、産後休息、復帰キャリアを含む自分用の家族形成見通しが通知され、無理ならどの条件が足りないかも示される。
23	policy_search_with_sustain_hope_family	E02	ショック	生活コスト上昇	6	30	0.70	0.90	全体	可処分所得↓ 子ども意向↓	住居費・エネルギー・食費が同時上昇し、家計余力が縮小する。
23	policy_search_with_sustain_hope_family	E03	ショック	地政学リスク上昇	12	36	0.60	0.70	全体	将来予見性↓ 制度信頼↓	国際緊張の継続で将来見通しが悪化し、長期意思決定が先送りされる。
23	policy_search_with_sustain_hope_family	E04	ショック	大規模災害クラスター	18	28	0.65	0.45	地方中心	住居安定↓ メンタル負荷↑	複数地域で災害被害が発生し、居住・就労・ケアの負担が連鎖する。
23	policy_search_with_sustain_hope_family	E06	ショック	SNS悲観バイアス増幅	8	40	0.55	0.85	SNS高感受層	希望↓ 分断感↑	悲観情報が拡散しやすくなり、希望指数と相互信頼を押し下げる。
23	policy_search_with_sustain_hope_family	E07	ショック	介護需要急増	22	60	0.70	0.80	ケア責任層・地方・現役世代	ケア負担↑ 可処分時間↓ 希望↓	高齢化と家族介護の集中により、若者と現役世代の時間・所得・進路選択が圧迫される。
23	policy_search_with_sustain_hope_family	E08	ショック	医療提供体制ひっ迫	18	44	0.65	0.65	地方層・医療福祉層・高負荷層	制度信頼↓ メンタル負荷↑ 地域安定↓	医療人材不足と地域医療の縮小により、生活安心感と制度信頼が低下する。
23	policy_search_with_sustain_hope_family	E09	ショック	汎用ロボティクス普及による身体労働再編	12	60	0.62	0.75	製造・物流・小売・介護周辺	雇用安定↓ 生活コスト圧力↑	物流、製造、清掃、飲食、建設、介護補助などの身体労働でロボット導入が進み、地域産業と現場職の再編不安が広がる。
23	policy_search_with_sustain_hope_family	P01	政策	若者住居安定パッケージ	10	83	0.70	1.00	非正規・無業・若年就業	住居安定↑ 希望↑	家賃補助・保証人代替・転居支援を組み合わせ、居住不安を緩和する。
23	policy_search_with_sustain_hope_family	P02	政策	奨学金負担軽減・所得連動返済	8	83	0.80	1.00	在学層・負債高層	可処分所得↑ 子ども意向↑	返済負担の平準化と減免を導入し、将来投資の先送りを抑制する。
23	policy_search_with_sustain_hope_family	P03	政策	社会持続活動nat報酬制度	12	83	0.85	1.00	全体	nat獲得↑ 希望↑	学校・地域・介護・防災・制度更新活動を報酬化し、役割喪失を防ぐ。
23	policy_search_with_sustain_hope_family	P04	政策	子育て初期一時金1000万円	15	45	0.75	1.00	子育て初期・結婚前後	子ども意向↑ 出生実行↑	出生前後の初期費用を大幅に緩和するが、短期の財政負荷と逆選択リスクがある。
23	policy_search_with_sustain_hope_family	P05	政策	地域ケア就労の賃金底上げ	14	83	0.70	1.00	ケア責任層・地方	雇用安定↑ 制度信頼↑	ケア活動を社会基盤労働として扱い、賃金と社会的評価を引き上げる。
23	policy_search_with_sustain_hope_family	P06	政策	学び直し・移行雇用保証	16	83	0.78	1.00	非正規・無業・自動化影響層	雇用安定↑ 自己効力感↑	訓練と実務移行をセットで保証し、自動化ショックからの回復経路を提供する。
23	policy_search_with_sustain_hope_family	P07	政策	地方分散インフラ投資	20	83	0.65	1.00	地方層	住居安定↑ 希望↑	交通・医療・通信の更新により、地方での生活可能性を底上げする。
23	policy_search_with_sustain_hope_family	P08	政策	若年メンタルヘルス即時アクセス	9	83	0.72	1.00	高負荷層	メンタル負荷↓ 希望↑	心理支援への待機時間と費用障壁を下げ、長期離脱を防ぐ。
23	policy_search_with_sustain_hope_family	P09	政策	学校-企業-地域循環プロジェクト	18	83	0.68	1.00	在学層・若年就業	自己効力感↑ 制度信頼↑	学習内容と地域課題・雇用機会を連結し、努力の手応えを可視化する。
23	policy_search_with_sustain_hope_family	P11	政策	介護ロボット・在宅支援普及	22	83	0.62	1.00	ケア責任層・地方・子育て初期	ケア負担↓ 可処分時間↑ 希望↑	介護ロボット、見守り、移乗支援、在宅医療接続を公共支援として広げ、家族ケアによる時間制約を緩和する。
23	policy_search_with_sustain_hope_family	BP01	政策	構造持続型出産一時金の上乗せ	15	60	0.82	1.00	子どもを望む家族形成層・将来家族形成層	子ども意向↑ 家計余力↑ 制度信頼↑	出生実績への成果報酬ではなく、望む人が子どもを迎えられる条件を整える目的で、妊娠・出産・初期育児の実費と所得喪失を一時金で緩衝する。
23	policy_search_with_sustain_hope_family	BP02	政策	産後休息・代替ケア保障	15	83	0.78	1.00	妊娠出産期・子育て初期・ケア責任層	時間余力↑ メンタル負荷↓ 出生圧力リスク↓	産後の休息、夜間支援、代替ケア、家事育児支援を公的に確保し、家族責任の固定化や母親だけへの負担集中を防ぐ。
23	policy_search_with_sustain_hope_family	BP03	政策	復帰キャリア・企業負担補正	18	83	0.70	1.00	企業・正規雇用・非正規雇用・子育て初期	雇用安定↑ 企業反発↓ 子ども意向↑	育休復帰、短時間勤務、配置転換、代替人員費を企業だけに背負わせず、構造持続会計で補正し、採用抑制や女性不利益を抑える。
23	policy_search_with_sustain_hope_family	BP04	政策	家族形成住居・教育費緩衝パッケージ	20	83	0.74	1.00	23-40歳・若者・低中所得層	住居安定↑ 教育費不安↓ 希望↑	住居、保育、教育費の長期不安を束ねて緩衝し、子どもを迎える判断が一時金だけで終わらないよう支える。
23	policy_search_with_sustain_hope_family	BP05	政策	出生非強制・監査ガードレール	15	83	0.68	1.00	全体	制度信頼↑ 反発↓ moral injury↓	非婚・非出産・単身・養育しない選択を不利益にせず、出生数ではなく選択可能条件を評価対象にする。若者の「産ませたいだけでは」という反発を監査する。
23	policy_search_with_sustain_hope_family	HP01	政策	若者希望経路保証	8	83	0.84	1.00	15-22歳・進学就職移行層	希望↑ 自己効力感↑ 将来予見性↑	学び、初職、地域プロジェクト、AI活用訓練を接続し、若者が5年後の役割を複数持てるようにする。特定進路の強制ではなく選べる経路を増やす。
23	policy_search_with_sustain_hope_family	HP02	政策	初職喪失リカバリー権	12	83	0.78	1.00	AI自動化影響層・非正規・無業	喪失感↓ 希望↑ 雇用安定↑	AIやロボ導入で初職や職域が狭まった人に、再訓練、職務経験、所得補償をセットで提供し、最初の失敗が人生全体の諦念にならないようにする。
23	policy_search_with_sustain_hope_family	HP03	政策	若者持分型地域プロジェクト	18	83	0.72	1.00	若者・地方・都市低所得層	連帯感↑ 希望↑ nat獲得↑	地域インフラ、ケア、教育、災害対応、文化活動の更新に若者が持分を持ち、参加が報酬と将来役割に接続する仕組みを作る。
23	policy_search_with_sustain_hope_family	HP04	政策	家族形成トライアル支援	20	83	0.76	1.00	23-40歳・将来家族形成層	子ども意向↑ 住居安定↑ 時間余力↑	同居、結婚、妊娠、出産、養育の前段階で、住居、時間、ケア、相談、医療アクセスを試せる支援を整え、後戻りできる安心を残す。
23	policy_search_with_sustain_hope_family	HP05	政策	子育て共同体・代替ケア網	22	83	0.80	1.00	子育て初期・ケア責任層・地域	子育て実行可能性↑ メンタル負荷↓ 連帯感↑	保育、病児対応、夜間支援、送迎、学習支援を地域と企業が共同で担い、親だけが壊れない構造を作る。
23	policy_search_with_sustain_hope_family	HP08	政策	自動着金・仮払いセーフティ	8	83	0.86	1.00	若者・低中所得層・家族形成層	制度信頼↑ 不安↓ 生活防衛↓	申請から支給までの空白を減らすため、資格確認前の仮払い、あとから精算、異議申立を組み合わせる。支援が「いつか届く」ではなく「今つながる」経験になるようにする。
23	policy_search_with_sustain_hope_family	HP09	政策	若者住居・ケア即時枠	10	83	0.82	1.00	15-29歳・ケア責任層・無業非正規層	安心↑ 撤退圧↓ 希望↑	家を出られない、ケアで動けない、住居費で進路を選べない層に、短期住居、代替ケア、地域伴走を即時枠として用意し、社会からの逃避や長期離脱を防ぐ。
23	policy_search_with_sustain_hope_family	HP10	政策	家族形成条件の個別見通し面談	18	83	0.74	1.00	23-40歳・将来家族形成層・子育て初期	子ども意向↑ 将来予見性↑ 制度利用↑	結婚、妊娠、出産、育休、復帰、住居、教育費、介護との両立を個別ケースで見通せる面談と試算を行い、子どもを迎えたい人が「自分の場合に可能か」を判断できるようにする。
23	policy_search_with_sustain_hope_family	HP11	政策	初期成功ケースの透明公開	12	83	0.84	1.00	若者・家族形成層・制度不信層	制度信頼↑ 自己効力感↑ 希望↑	自動着金、短期住居、代替ケア、初職リカバリーで実際に立て直せた初期ケースを、個人を傷つけない匿名形式で公開する。制度が存在するだけでなく、使うと何が変わるかを確認できるようにする。
23	policy_search_with_sustain_hope_family	HP12	政策	若者・家族形成パーソナル予算枠	15	83	0.86	1.00	15-40歳・低中所得層・ケア責任層	将来予見性↑ 子ども意向↑ 生活防衛↓	住居、学び直し、ケア代替、医療相談、妊娠出産準備に使える5年単位の個人予算枠を付与し、転居や転職をしても権利が持ち運べるようにする。
23	policy_search_with_sustain_hope_family	HP13	政策	非対象者分断の補正説明	15	83	0.72	1.00	非婚非出産層・納税者・若者全体	反発↓ 制度信頼↑ 連帯感↑	家族形成支援を、出生数の押しつけではなく、住居、ケア、学び直し、孤立防止を含む共通インフラとして説明し、非対象者にも使える支援経路と異議申立を明示する。
23	policy_search_with_sustain_hope_family	HP14	政策	個別資格通知と即時予約	18	83	0.92	1.00	15-40歳・低中所得層・ケア責任層	制度利用↑ 将来予見性↑ 希望↑	対象者ごとに、自分が使える住居枠、学び直し予算、ケア代替、家族形成面談の予約可能日が通知される。抽象的な制度ではなく、本人のスマホや学校・職場窓口で具体的な次の一手を確認できる。
23	policy_search_with_sustain_hope_family	HP15	政策	初職・復帰の先行契約枠	18	83	0.84	1.00	若者・AI自動化影響層・子育て初期	雇用安定↑ 自己効力感↑ 生活防衛↓	自治体、企業、学校が連携し、AI活用職、ケア技術、地域更新、育休復帰の先行契約枠を公開する。研修中の所得補償と実務経験を結び、学び直しが空手形にならないようにする。
23	policy_search_with_sustain_hope_family	HP16	政策	子育て共同体の空き枠可視化	20	83	0.80	1.00	家族形成層・子育て初期・地域	子ども意向↑ 安心↑ 連帯感↑	保育、病児対応、夜間支援、送迎、学習支援、産後休息の空き枠を地域単位で可視化し、親だけで抱え込まない具体的な受け皿を見えるようにする。
23	policy_search_with_sustain_hope_family	HP17	社会反応	SNS希望反転と実体験共有	20	83	0.88	1.00	若者・家族形成層・SNS高感受性層	SNS不安↓ 連帯感↑ 希望↑	自動着金、住居即時枠、初職契約、代替ケアを実際に使った人の承諾済み体験談が広がり、「制度は遅いだけ」という認識に一部反例が生まれる。
23	policy_search_with_sustain_hope_family	HP18	政策	財政持続監査の初回クリア	20	83	0.82	1.00	国家・納税者・若者・家族形成層	財政不安↓ 制度信頼↑ 将来予見性↑	支援財源、物価影響、逆進性、非対象者補正の初回監査が公開され、持続性が崩れていないことと自動補正ルールが確認される。
23	policy_search_with_sustain_hope_family	HP19	政策	nat報酬の初回着金	20	83	0.90	1.00	若者・地域プロジェクト参加層・低中所得層	自己効力感↑ 希望↑ 制度利用↑	地域更新、ケア補助、学習支援、災害備えに参加した若者へ、初回のnat報酬が実際に着金する。社会を維持する行動が飯の種になる体験が生まれる。
23	policy_search_with_sustain_hope_family	HP20	政策	家族形成シミュレーション結果通知	22	83	0.84	1.00	23-40歳・将来家族形成層	子ども意向↑ 安心↑ 将来予見性↑	個別面談を受けた人に、住居、収入、ケア、産後休息、復帰キャリアを含む自分用の家族形成見通しが通知され、無理ならどの条件が足りないかも示される。
24	policy_search_with_sustain_hope_family	E02	ショック	生活コスト上昇	6	30	0.70	0.90	全体	可処分所得↓ 子ども意向↓	住居費・エネルギー・食費が同時上昇し、家計余力が縮小する。
24	policy_search_with_sustain_hope_family	E03	ショック	地政学リスク上昇	12	36	0.60	0.70	全体	将来予見性↓ 制度信頼↓	国際緊張の継続で将来見通しが悪化し、長期意思決定が先送りされる。
24	policy_search_with_sustain_hope_family	E04	ショック	大規模災害クラスター	18	28	0.65	0.45	地方中心	住居安定↓ メンタル負荷↑	複数地域で災害被害が発生し、居住・就労・ケアの負担が連鎖する。
24	policy_search_with_sustain_hope_family	E05	ショック	世界景気後退	24	42	0.75	0.60	全体	雇用安定↓ 制度信頼↓	輸出・投資の鈍化で求人が減少し、若年層のキャリア形成が不安定化。
24	policy_search_with_sustain_hope_family	E06	ショック	SNS悲観バイアス増幅	8	40	0.55	0.85	SNS高感受層	希望↓ 分断感↑	悲観情報が拡散しやすくなり、希望指数と相互信頼を押し下げる。
24	policy_search_with_sustain_hope_family	E07	ショック	介護需要急増	22	60	0.70	0.80	ケア責任層・地方・現役世代	ケア負担↑ 可処分時間↓ 希望↓	高齢化と家族介護の集中により、若者と現役世代の時間・所得・進路選択が圧迫される。
24	policy_search_with_sustain_hope_family	E08	ショック	医療提供体制ひっ迫	18	44	0.65	0.65	地方層・医療福祉層・高負荷層	制度信頼↓ メンタル負荷↑ 地域安定↓	医療人材不足と地域医療の縮小により、生活安心感と制度信頼が低下する。
24	policy_search_with_sustain_hope_family	E09	ショック	汎用ロボティクス普及による身体労働再編	12	60	0.62	0.75	製造・物流・小売・介護周辺	雇用安定↓ 生活コスト圧力↑	物流、製造、清掃、飲食、建設、介護補助などの身体労働でロボット導入が進み、地域産業と現場職の再編不安が広がる。
24	policy_search_with_sustain_hope_family	P01	政策	若者住居安定パッケージ	10	83	0.70	1.00	非正規・無業・若年就業	住居安定↑ 希望↑	家賃補助・保証人代替・転居支援を組み合わせ、居住不安を緩和する。
24	policy_search_with_sustain_hope_family	P02	政策	奨学金負担軽減・所得連動返済	8	83	0.80	1.00	在学層・負債高層	可処分所得↑ 子ども意向↑	返済負担の平準化と減免を導入し、将来投資の先送りを抑制する。
24	policy_search_with_sustain_hope_family	P03	政策	社会持続活動nat報酬制度	12	83	0.85	1.00	全体	nat獲得↑ 希望↑	学校・地域・介護・防災・制度更新活動を報酬化し、役割喪失を防ぐ。
24	policy_search_with_sustain_hope_family	P04	政策	子育て初期一時金1000万円	15	45	0.75	1.00	子育て初期・結婚前後	子ども意向↑ 出生実行↑	出生前後の初期費用を大幅に緩和するが、短期の財政負荷と逆選択リスクがある。
24	policy_search_with_sustain_hope_family	P05	政策	地域ケア就労の賃金底上げ	14	83	0.70	1.00	ケア責任層・地方	雇用安定↑ 制度信頼↑	ケア活動を社会基盤労働として扱い、賃金と社会的評価を引き上げる。
24	policy_search_with_sustain_hope_family	P06	政策	学び直し・移行雇用保証	16	83	0.78	1.00	非正規・無業・自動化影響層	雇用安定↑ 自己効力感↑	訓練と実務移行をセットで保証し、自動化ショックからの回復経路を提供する。
24	policy_search_with_sustain_hope_family	P07	政策	地方分散インフラ投資	20	83	0.65	1.00	地方層	住居安定↑ 希望↑	交通・医療・通信の更新により、地方での生活可能性を底上げする。
24	policy_search_with_sustain_hope_family	P08	政策	若年メンタルヘルス即時アクセス	9	83	0.72	1.00	高負荷層	メンタル負荷↓ 希望↑	心理支援への待機時間と費用障壁を下げ、長期離脱を防ぐ。
24	policy_search_with_sustain_hope_family	P09	政策	学校-企業-地域循環プロジェクト	18	83	0.68	1.00	在学層・若年就業	自己効力感↑ 制度信頼↑	学習内容と地域課題・雇用機会を連結し、努力の手応えを可視化する。
24	policy_search_with_sustain_hope_family	P11	政策	介護ロボット・在宅支援普及	22	83	0.62	1.00	ケア責任層・地方・子育て初期	ケア負担↓ 可処分時間↑ 希望↑	介護ロボット、見守り、移乗支援、在宅医療接続を公共支援として広げ、家族ケアによる時間制約を緩和する。
24	policy_search_with_sustain_hope_family	BP01	政策	構造持続型出産一時金の上乗せ	15	60	0.82	1.00	子どもを望む家族形成層・将来家族形成層	子ども意向↑ 家計余力↑ 制度信頼↑	出生実績への成果報酬ではなく、望む人が子どもを迎えられる条件を整える目的で、妊娠・出産・初期育児の実費と所得喪失を一時金で緩衝する。
24	policy_search_with_sustain_hope_family	BP02	政策	産後休息・代替ケア保障	15	83	0.78	1.00	妊娠出産期・子育て初期・ケア責任層	時間余力↑ メンタル負荷↓ 出生圧力リスク↓	産後の休息、夜間支援、代替ケア、家事育児支援を公的に確保し、家族責任の固定化や母親だけへの負担集中を防ぐ。
24	policy_search_with_sustain_hope_family	BP03	政策	復帰キャリア・企業負担補正	18	83	0.70	1.00	企業・正規雇用・非正規雇用・子育て初期	雇用安定↑ 企業反発↓ 子ども意向↑	育休復帰、短時間勤務、配置転換、代替人員費を企業だけに背負わせず、構造持続会計で補正し、採用抑制や女性不利益を抑える。
24	policy_search_with_sustain_hope_family	BP04	政策	家族形成住居・教育費緩衝パッケージ	20	83	0.74	1.00	23-40歳・若者・低中所得層	住居安定↑ 教育費不安↓ 希望↑	住居、保育、教育費の長期不安を束ねて緩衝し、子どもを迎える判断が一時金だけで終わらないよう支える。
24	policy_search_with_sustain_hope_family	BP05	政策	出生非強制・監査ガードレール	15	83	0.68	1.00	全体	制度信頼↑ 反発↓ moral injury↓	非婚・非出産・単身・養育しない選択を不利益にせず、出生数ではなく選択可能条件を評価対象にする。若者の「産ませたいだけでは」という反発を監査する。
24	policy_search_with_sustain_hope_family	BP06	政策	財政・インフレ持続性監査	24	83	0.64	1.00	国家・金融・納税者・若者	財政不安↓ 制度信頼↑ 長期予見性↑	一時金と支援の財源、物価影響、対象公平性を継続監査し、金融システムを含む系の持続性が崩れた場合は自動補正する。
24	policy_search_with_sustain_hope_family	HP01	政策	若者希望経路保証	8	83	0.84	1.00	15-22歳・進学就職移行層	希望↑ 自己効力感↑ 将来予見性↑	学び、初職、地域プロジェクト、AI活用訓練を接続し、若者が5年後の役割を複数持てるようにする。特定進路の強制ではなく選べる経路を増やす。
24	policy_search_with_sustain_hope_family	HP02	政策	初職喪失リカバリー権	12	83	0.78	1.00	AI自動化影響層・非正規・無業	喪失感↓ 希望↑ 雇用安定↑	AIやロボ導入で初職や職域が狭まった人に、再訓練、職務経験、所得補償をセットで提供し、最初の失敗が人生全体の諦念にならないようにする。
24	policy_search_with_sustain_hope_family	HP03	政策	若者持分型地域プロジェクト	18	83	0.72	1.00	若者・地方・都市低所得層	連帯感↑ 希望↑ nat獲得↑	地域インフラ、ケア、教育、災害対応、文化活動の更新に若者が持分を持ち、参加が報酬と将来役割に接続する仕組みを作る。
24	policy_search_with_sustain_hope_family	HP04	政策	家族形成トライアル支援	20	83	0.76	1.00	23-40歳・将来家族形成層	子ども意向↑ 住居安定↑ 時間余力↑	同居、結婚、妊娠、出産、養育の前段階で、住居、時間、ケア、相談、医療アクセスを試せる支援を整え、後戻りできる安心を残す。
24	policy_search_with_sustain_hope_family	HP05	政策	子育て共同体・代替ケア網	22	83	0.80	1.00	子育て初期・ケア責任層・地域	子育て実行可能性↑ メンタル負荷↓ 連帯感↑	保育、病児対応、夜間支援、送迎、学習支援を地域と企業が共同で担い、親だけが壊れない構造を作る。
24	policy_search_with_sustain_hope_family	HP06	政策	若者発制度監査と異議申立	24	83	0.68	1.00	若者・低所得層・非婚非出産層	制度信頼↑ 裏切られ感↓ 反発↓	制度の対象外になった人、非婚・非出産を選ぶ人、低所得層が異議申し立てできる窓口を作り、施策が弱い人を材料にすることを防ぐ。
24	policy_search_with_sustain_hope_family	HP08	政策	自動着金・仮払いセーフティ	8	83	0.86	1.00	若者・低中所得層・家族形成層	制度信頼↑ 不安↓ 生活防衛↓	申請から支給までの空白を減らすため、資格確認前の仮払い、あとから精算、異議申立を組み合わせる。支援が「いつか届く」ではなく「今つながる」経験になるようにする。
24	policy_search_with_sustain_hope_family	HP09	政策	若者住居・ケア即時枠	10	83	0.82	1.00	15-29歳・ケア責任層・無業非正規層	安心↑ 撤退圧↓ 希望↑	家を出られない、ケアで動けない、住居費で進路を選べない層に、短期住居、代替ケア、地域伴走を即時枠として用意し、社会からの逃避や長期離脱を防ぐ。
24	policy_search_with_sustain_hope_family	HP10	政策	家族形成条件の個別見通し面談	18	83	0.74	1.00	23-40歳・将来家族形成層・子育て初期	子ども意向↑ 将来予見性↑ 制度利用↑	結婚、妊娠、出産、育休、復帰、住居、教育費、介護との両立を個別ケースで見通せる面談と試算を行い、子どもを迎えたい人が「自分の場合に可能か」を判断できるようにする。
24	policy_search_with_sustain_hope_family	HP11	政策	初期成功ケースの透明公開	12	83	0.84	1.00	若者・家族形成層・制度不信層	制度信頼↑ 自己効力感↑ 希望↑	自動着金、短期住居、代替ケア、初職リカバリーで実際に立て直せた初期ケースを、個人を傷つけない匿名形式で公開する。制度が存在するだけでなく、使うと何が変わるかを確認できるようにする。
24	policy_search_with_sustain_hope_family	HP12	政策	若者・家族形成パーソナル予算枠	15	83	0.86	1.00	15-40歳・低中所得層・ケア責任層	将来予見性↑ 子ども意向↑ 生活防衛↓	住居、学び直し、ケア代替、医療相談、妊娠出産準備に使える5年単位の個人予算枠を付与し、転居や転職をしても権利が持ち運べるようにする。
24	policy_search_with_sustain_hope_family	HP13	政策	非対象者分断の補正説明	15	83	0.72	1.00	非婚非出産層・納税者・若者全体	反発↓ 制度信頼↑ 連帯感↑	家族形成支援を、出生数の押しつけではなく、住居、ケア、学び直し、孤立防止を含む共通インフラとして説明し、非対象者にも使える支援経路と異議申立を明示する。
24	policy_search_with_sustain_hope_family	HP14	政策	個別資格通知と即時予約	18	83	0.92	1.00	15-40歳・低中所得層・ケア責任層	制度利用↑ 将来予見性↑ 希望↑	対象者ごとに、自分が使える住居枠、学び直し予算、ケア代替、家族形成面談の予約可能日が通知される。抽象的な制度ではなく、本人のスマホや学校・職場窓口で具体的な次の一手を確認できる。
24	policy_search_with_sustain_hope_family	HP15	政策	初職・復帰の先行契約枠	18	83	0.84	1.00	若者・AI自動化影響層・子育て初期	雇用安定↑ 自己効力感↑ 生活防衛↓	自治体、企業、学校が連携し、AI活用職、ケア技術、地域更新、育休復帰の先行契約枠を公開する。研修中の所得補償と実務経験を結び、学び直しが空手形にならないようにする。
24	policy_search_with_sustain_hope_family	HP16	政策	子育て共同体の空き枠可視化	20	83	0.80	1.00	家族形成層・子育て初期・地域	子ども意向↑ 安心↑ 連帯感↑	保育、病児対応、夜間支援、送迎、学習支援、産後休息の空き枠を地域単位で可視化し、親だけで抱え込まない具体的な受け皿を見えるようにする。
24	policy_search_with_sustain_hope_family	HP17	社会反応	SNS希望反転と実体験共有	20	83	0.88	1.00	若者・家族形成層・SNS高感受性層	SNS不安↓ 連帯感↑ 希望↑	自動着金、住居即時枠、初職契約、代替ケアを実際に使った人の承諾済み体験談が広がり、「制度は遅いだけ」という認識に一部反例が生まれる。
24	policy_search_with_sustain_hope_family	HP18	政策	財政持続監査の初回クリア	20	83	0.82	1.00	国家・納税者・若者・家族形成層	財政不安↓ 制度信頼↑ 将来予見性↑	支援財源、物価影響、逆進性、非対象者補正の初回監査が公開され、持続性が崩れていないことと自動補正ルールが確認される。
24	policy_search_with_sustain_hope_family	HP19	政策	nat報酬の初回着金	20	83	0.90	1.00	若者・地域プロジェクト参加層・低中所得層	自己効力感↑ 希望↑ 制度利用↑	地域更新、ケア補助、学習支援、災害備えに参加した若者へ、初回のnat報酬が実際に着金する。社会を維持する行動が飯の種になる体験が生まれる。
24	policy_search_with_sustain_hope_family	HP20	政策	家族形成シミュレーション結果通知	22	83	0.84	1.00	23-40歳・将来家族形成層	子ども意向↑ 安心↑ 将来予見性↑	個別面談を受けた人に、住居、収入、ケア、産後休息、復帰キャリアを含む自分用の家族形成見通しが通知され、無理ならどの条件が足りないかも示される。
25	policy_search_with_sustain_hope_family	E02	ショック	生活コスト上昇	6	30	0.70	0.90	全体	可処分所得↓ 子ども意向↓	住居費・エネルギー・食費が同時上昇し、家計余力が縮小する。
25	policy_search_with_sustain_hope_family	E03	ショック	地政学リスク上昇	12	36	0.60	0.70	全体	将来予見性↓ 制度信頼↓	国際緊張の継続で将来見通しが悪化し、長期意思決定が先送りされる。
25	policy_search_with_sustain_hope_family	E04	ショック	大規模災害クラスター	18	28	0.65	0.45	地方中心	住居安定↓ メンタル負荷↑	複数地域で災害被害が発生し、居住・就労・ケアの負担が連鎖する。
25	policy_search_with_sustain_hope_family	E05	ショック	世界景気後退	24	42	0.75	0.60	全体	雇用安定↓ 制度信頼↓	輸出・投資の鈍化で求人が減少し、若年層のキャリア形成が不安定化。
25	policy_search_with_sustain_hope_family	E06	ショック	SNS悲観バイアス増幅	8	40	0.55	0.85	SNS高感受層	希望↓ 分断感↑	悲観情報が拡散しやすくなり、希望指数と相互信頼を押し下げる。
25	policy_search_with_sustain_hope_family	E07	ショック	介護需要急増	22	60	0.70	0.80	ケア責任層・地方・現役世代	ケア負担↑ 可処分時間↓ 希望↓	高齢化と家族介護の集中により、若者と現役世代の時間・所得・進路選択が圧迫される。
25	policy_search_with_sustain_hope_family	E08	ショック	医療提供体制ひっ迫	18	44	0.65	0.65	地方層・医療福祉層・高負荷層	制度信頼↓ メンタル負荷↑ 地域安定↓	医療人材不足と地域医療の縮小により、生活安心感と制度信頼が低下する。
25	policy_search_with_sustain_hope_family	E09	ショック	汎用ロボティクス普及による身体労働再編	12	60	0.62	0.75	製造・物流・小売・介護周辺	雇用安定↓ 生活コスト圧力↑	物流、製造、清掃、飲食、建設、介護補助などの身体労働でロボット導入が進み、地域産業と現場職の再編不安が広がる。
25	policy_search_with_sustain_hope_family	P01	政策	若者住居安定パッケージ	10	83	0.70	1.00	非正規・無業・若年就業	住居安定↑ 希望↑	家賃補助・保証人代替・転居支援を組み合わせ、居住不安を緩和する。
25	policy_search_with_sustain_hope_family	P02	政策	奨学金負担軽減・所得連動返済	8	83	0.80	1.00	在学層・負債高層	可処分所得↑ 子ども意向↑	返済負担の平準化と減免を導入し、将来投資の先送りを抑制する。
25	policy_search_with_sustain_hope_family	P03	政策	社会持続活動nat報酬制度	12	83	0.85	1.00	全体	nat獲得↑ 希望↑	学校・地域・介護・防災・制度更新活動を報酬化し、役割喪失を防ぐ。
25	policy_search_with_sustain_hope_family	P04	政策	子育て初期一時金1000万円	15	45	0.75	1.00	子育て初期・結婚前後	子ども意向↑ 出生実行↑	出生前後の初期費用を大幅に緩和するが、短期の財政負荷と逆選択リスクがある。
25	policy_search_with_sustain_hope_family	P05	政策	地域ケア就労の賃金底上げ	14	83	0.70	1.00	ケア責任層・地方	雇用安定↑ 制度信頼↑	ケア活動を社会基盤労働として扱い、賃金と社会的評価を引き上げる。
25	policy_search_with_sustain_hope_family	P06	政策	学び直し・移行雇用保証	16	83	0.78	1.00	非正規・無業・自動化影響層	雇用安定↑ 自己効力感↑	訓練と実務移行をセットで保証し、自動化ショックからの回復経路を提供する。
25	policy_search_with_sustain_hope_family	P07	政策	地方分散インフラ投資	20	83	0.65	1.00	地方層	住居安定↑ 希望↑	交通・医療・通信の更新により、地方での生活可能性を底上げする。
25	policy_search_with_sustain_hope_family	P08	政策	若年メンタルヘルス即時アクセス	9	83	0.72	1.00	高負荷層	メンタル負荷↓ 希望↑	心理支援への待機時間と費用障壁を下げ、長期離脱を防ぐ。
25	policy_search_with_sustain_hope_family	P09	政策	学校-企業-地域循環プロジェクト	18	83	0.68	1.00	在学層・若年就業	自己効力感↑ 制度信頼↑	学習内容と地域課題・雇用機会を連結し、努力の手応えを可視化する。
25	policy_search_with_sustain_hope_family	P11	政策	介護ロボット・在宅支援普及	22	83	0.62	1.00	ケア責任層・地方・子育て初期	ケア負担↓ 可処分時間↑ 希望↑	介護ロボット、見守り、移乗支援、在宅医療接続を公共支援として広げ、家族ケアによる時間制約を緩和する。
25	policy_search_with_sustain_hope_family	BP01	政策	構造持続型出産一時金の上乗せ	15	60	0.82	1.00	子どもを望む家族形成層・将来家族形成層	子ども意向↑ 家計余力↑ 制度信頼↑	出生実績への成果報酬ではなく、望む人が子どもを迎えられる条件を整える目的で、妊娠・出産・初期育児の実費と所得喪失を一時金で緩衝する。
25	policy_search_with_sustain_hope_family	BP02	政策	産後休息・代替ケア保障	15	83	0.78	1.00	妊娠出産期・子育て初期・ケア責任層	時間余力↑ メンタル負荷↓ 出生圧力リスク↓	産後の休息、夜間支援、代替ケア、家事育児支援を公的に確保し、家族責任の固定化や母親だけへの負担集中を防ぐ。
25	policy_search_with_sustain_hope_family	BP03	政策	復帰キャリア・企業負担補正	18	83	0.70	1.00	企業・正規雇用・非正規雇用・子育て初期	雇用安定↑ 企業反発↓ 子ども意向↑	育休復帰、短時間勤務、配置転換、代替人員費を企業だけに背負わせず、構造持続会計で補正し、採用抑制や女性不利益を抑える。
25	policy_search_with_sustain_hope_family	BP04	政策	家族形成住居・教育費緩衝パッケージ	20	83	0.74	1.00	23-40歳・若者・低中所得層	住居安定↑ 教育費不安↓ 希望↑	住居、保育、教育費の長期不安を束ねて緩衝し、子どもを迎える判断が一時金だけで終わらないよう支える。
25	policy_search_with_sustain_hope_family	BP05	政策	出生非強制・監査ガードレール	15	83	0.68	1.00	全体	制度信頼↑ 反発↓ moral injury↓	非婚・非出産・単身・養育しない選択を不利益にせず、出生数ではなく選択可能条件を評価対象にする。若者の「産ませたいだけでは」という反発を監査する。
25	policy_search_with_sustain_hope_family	BP06	政策	財政・インフレ持続性監査	24	83	0.64	1.00	国家・金融・納税者・若者	財政不安↓ 制度信頼↑ 長期予見性↑	一時金と支援の財源、物価影響、対象公平性を継続監査し、金融システムを含む系の持続性が崩れた場合は自動補正する。
25	policy_search_with_sustain_hope_family	HP01	政策	若者希望経路保証	8	83	0.84	1.00	15-22歳・進学就職移行層	希望↑ 自己効力感↑ 将来予見性↑	学び、初職、地域プロジェクト、AI活用訓練を接続し、若者が5年後の役割を複数持てるようにする。特定進路の強制ではなく選べる経路を増やす。
25	policy_search_with_sustain_hope_family	HP02	政策	初職喪失リカバリー権	12	83	0.78	1.00	AI自動化影響層・非正規・無業	喪失感↓ 希望↑ 雇用安定↑	AIやロボ導入で初職や職域が狭まった人に、再訓練、職務経験、所得補償をセットで提供し、最初の失敗が人生全体の諦念にならないようにする。
25	policy_search_with_sustain_hope_family	HP03	政策	若者持分型地域プロジェクト	18	83	0.72	1.00	若者・地方・都市低所得層	連帯感↑ 希望↑ nat獲得↑	地域インフラ、ケア、教育、災害対応、文化活動の更新に若者が持分を持ち、参加が報酬と将来役割に接続する仕組みを作る。
25	policy_search_with_sustain_hope_family	HP04	政策	家族形成トライアル支援	20	83	0.76	1.00	23-40歳・将来家族形成層	子ども意向↑ 住居安定↑ 時間余力↑	同居、結婚、妊娠、出産、養育の前段階で、住居、時間、ケア、相談、医療アクセスを試せる支援を整え、後戻りできる安心を残す。
25	policy_search_with_sustain_hope_family	HP05	政策	子育て共同体・代替ケア網	22	83	0.80	1.00	子育て初期・ケア責任層・地域	子育て実行可能性↑ メンタル負荷↓ 連帯感↑	保育、病児対応、夜間支援、送迎、学習支援を地域と企業が共同で担い、親だけが壊れない構造を作る。
25	policy_search_with_sustain_hope_family	HP06	政策	若者発制度監査と異議申立	24	83	0.68	1.00	若者・低所得層・非婚非出産層	制度信頼↑ 裏切られ感↓ 反発↓	制度の対象外になった人、非婚・非出産を選ぶ人、低所得層が異議申し立てできる窓口を作り、施策が弱い人を材料にすることを防ぐ。
25	policy_search_with_sustain_hope_family	HP08	政策	自動着金・仮払いセーフティ	8	83	0.86	1.00	若者・低中所得層・家族形成層	制度信頼↑ 不安↓ 生活防衛↓	申請から支給までの空白を減らすため、資格確認前の仮払い、あとから精算、異議申立を組み合わせる。支援が「いつか届く」ではなく「今つながる」経験になるようにする。
25	policy_search_with_sustain_hope_family	HP09	政策	若者住居・ケア即時枠	10	83	0.82	1.00	15-29歳・ケア責任層・無業非正規層	安心↑ 撤退圧↓ 希望↑	家を出られない、ケアで動けない、住居費で進路を選べない層に、短期住居、代替ケア、地域伴走を即時枠として用意し、社会からの逃避や長期離脱を防ぐ。
25	policy_search_with_sustain_hope_family	HP10	政策	家族形成条件の個別見通し面談	18	83	0.74	1.00	23-40歳・将来家族形成層・子育て初期	子ども意向↑ 将来予見性↑ 制度利用↑	結婚、妊娠、出産、育休、復帰、住居、教育費、介護との両立を個別ケースで見通せる面談と試算を行い、子どもを迎えたい人が「自分の場合に可能か」を判断できるようにする。
25	policy_search_with_sustain_hope_family	HP11	政策	初期成功ケースの透明公開	12	83	0.84	1.00	若者・家族形成層・制度不信層	制度信頼↑ 自己効力感↑ 希望↑	自動着金、短期住居、代替ケア、初職リカバリーで実際に立て直せた初期ケースを、個人を傷つけない匿名形式で公開する。制度が存在するだけでなく、使うと何が変わるかを確認できるようにする。
25	policy_search_with_sustain_hope_family	HP12	政策	若者・家族形成パーソナル予算枠	15	83	0.86	1.00	15-40歳・低中所得層・ケア責任層	将来予見性↑ 子ども意向↑ 生活防衛↓	住居、学び直し、ケア代替、医療相談、妊娠出産準備に使える5年単位の個人予算枠を付与し、転居や転職をしても権利が持ち運べるようにする。
25	policy_search_with_sustain_hope_family	HP13	政策	非対象者分断の補正説明	15	83	0.72	1.00	非婚非出産層・納税者・若者全体	反発↓ 制度信頼↑ 連帯感↑	家族形成支援を、出生数の押しつけではなく、住居、ケア、学び直し、孤立防止を含む共通インフラとして説明し、非対象者にも使える支援経路と異議申立を明示する。
25	policy_search_with_sustain_hope_family	HP14	政策	個別資格通知と即時予約	18	83	0.92	1.00	15-40歳・低中所得層・ケア責任層	制度利用↑ 将来予見性↑ 希望↑	対象者ごとに、自分が使える住居枠、学び直し予算、ケア代替、家族形成面談の予約可能日が通知される。抽象的な制度ではなく、本人のスマホや学校・職場窓口で具体的な次の一手を確認できる。
25	policy_search_with_sustain_hope_family	HP15	政策	初職・復帰の先行契約枠	18	83	0.84	1.00	若者・AI自動化影響層・子育て初期	雇用安定↑ 自己効力感↑ 生活防衛↓	自治体、企業、学校が連携し、AI活用職、ケア技術、地域更新、育休復帰の先行契約枠を公開する。研修中の所得補償と実務経験を結び、学び直しが空手形にならないようにする。
25	policy_search_with_sustain_hope_family	HP16	政策	子育て共同体の空き枠可視化	20	83	0.80	1.00	家族形成層・子育て初期・地域	子ども意向↑ 安心↑ 連帯感↑	保育、病児対応、夜間支援、送迎、学習支援、産後休息の空き枠を地域単位で可視化し、親だけで抱え込まない具体的な受け皿を見えるようにする。
25	policy_search_with_sustain_hope_family	HP17	社会反応	SNS希望反転と実体験共有	20	83	0.88	1.00	若者・家族形成層・SNS高感受性層	SNS不安↓ 連帯感↑ 希望↑	自動着金、住居即時枠、初職契約、代替ケアを実際に使った人の承諾済み体験談が広がり、「制度は遅いだけ」という認識に一部反例が生まれる。
25	policy_search_with_sustain_hope_family	HP18	政策	財政持続監査の初回クリア	20	83	0.82	1.00	国家・納税者・若者・家族形成層	財政不安↓ 制度信頼↑ 将来予見性↑	支援財源、物価影響、逆進性、非対象者補正の初回監査が公開され、持続性が崩れていないことと自動補正ルールが確認される。
25	policy_search_with_sustain_hope_family	HP19	政策	nat報酬の初回着金	20	83	0.90	1.00	若者・地域プロジェクト参加層・低中所得層	自己効力感↑ 希望↑ 制度利用↑	地域更新、ケア補助、学習支援、災害備えに参加した若者へ、初回のnat報酬が実際に着金する。社会を維持する行動が飯の種になる体験が生まれる。
25	policy_search_with_sustain_hope_family	HP20	政策	家族形成シミュレーション結果通知	22	83	0.84	1.00	23-40歳・将来家族形成層	子ども意向↑ 安心↑ 将来予見性↑	個別面談を受けた人に、住居、収入、ケア、産後休息、復帰キャリアを含む自分用の家族形成見通しが通知され、無理ならどの条件が足りないかも示される。
26	policy_search_with_sustain_hope_family	E02	ショック	生活コスト上昇	6	30	0.70	0.90	全体	可処分所得↓ 子ども意向↓	住居費・エネルギー・食費が同時上昇し、家計余力が縮小する。
26	policy_search_with_sustain_hope_family	E03	ショック	地政学リスク上昇	12	36	0.60	0.70	全体	将来予見性↓ 制度信頼↓	国際緊張の継続で将来見通しが悪化し、長期意思決定が先送りされる。
26	policy_search_with_sustain_hope_family	E04	ショック	大規模災害クラスター	18	28	0.65	0.45	地方中心	住居安定↓ メンタル負荷↑	複数地域で災害被害が発生し、居住・就労・ケアの負担が連鎖する。
26	policy_search_with_sustain_hope_family	E05	ショック	世界景気後退	24	42	0.75	0.60	全体	雇用安定↓ 制度信頼↓	輸出・投資の鈍化で求人が減少し、若年層のキャリア形成が不安定化。
26	policy_search_with_sustain_hope_family	E06	ショック	SNS悲観バイアス増幅	8	40	0.55	0.85	SNS高感受層	希望↓ 分断感↑	悲観情報が拡散しやすくなり、希望指数と相互信頼を押し下げる。
26	policy_search_with_sustain_hope_family	E07	ショック	介護需要急増	22	60	0.70	0.80	ケア責任層・地方・現役世代	ケア負担↑ 可処分時間↓ 希望↓	高齢化と家族介護の集中により、若者と現役世代の時間・所得・進路選択が圧迫される。
26	policy_search_with_sustain_hope_family	E08	ショック	医療提供体制ひっ迫	18	44	0.65	0.65	地方層・医療福祉層・高負荷層	制度信頼↓ メンタル負荷↑ 地域安定↓	医療人材不足と地域医療の縮小により、生活安心感と制度信頼が低下する。
26	policy_search_with_sustain_hope_family	E09	ショック	汎用ロボティクス普及による身体労働再編	12	60	0.62	0.75	製造・物流・小売・介護周辺	雇用安定↓ 生活コスト圧力↑	物流、製造、清掃、飲食、建設、介護補助などの身体労働でロボット導入が進み、地域産業と現場職の再編不安が広がる。
26	policy_search_with_sustain_hope_family	P01	政策	若者住居安定パッケージ	10	83	0.70	1.00	非正規・無業・若年就業	住居安定↑ 希望↑	家賃補助・保証人代替・転居支援を組み合わせ、居住不安を緩和する。
26	policy_search_with_sustain_hope_family	P02	政策	奨学金負担軽減・所得連動返済	8	83	0.80	1.00	在学層・負債高層	可処分所得↑ 子ども意向↑	返済負担の平準化と減免を導入し、将来投資の先送りを抑制する。
26	policy_search_with_sustain_hope_family	P03	政策	社会持続活動nat報酬制度	12	83	0.85	1.00	全体	nat獲得↑ 希望↑	学校・地域・介護・防災・制度更新活動を報酬化し、役割喪失を防ぐ。
26	policy_search_with_sustain_hope_family	P04	政策	子育て初期一時金1000万円	15	45	0.75	1.00	子育て初期・結婚前後	子ども意向↑ 出生実行↑	出生前後の初期費用を大幅に緩和するが、短期の財政負荷と逆選択リスクがある。
26	policy_search_with_sustain_hope_family	P05	政策	地域ケア就労の賃金底上げ	14	83	0.70	1.00	ケア責任層・地方	雇用安定↑ 制度信頼↑	ケア活動を社会基盤労働として扱い、賃金と社会的評価を引き上げる。
26	policy_search_with_sustain_hope_family	P06	政策	学び直し・移行雇用保証	16	83	0.78	1.00	非正規・無業・自動化影響層	雇用安定↑ 自己効力感↑	訓練と実務移行をセットで保証し、自動化ショックからの回復経路を提供する。
26	policy_search_with_sustain_hope_family	P07	政策	地方分散インフラ投資	20	83	0.65	1.00	地方層	住居安定↑ 希望↑	交通・医療・通信の更新により、地方での生活可能性を底上げする。
26	policy_search_with_sustain_hope_family	P08	政策	若年メンタルヘルス即時アクセス	9	83	0.72	1.00	高負荷層	メンタル負荷↓ 希望↑	心理支援への待機時間と費用障壁を下げ、長期離脱を防ぐ。
26	policy_search_with_sustain_hope_family	P09	政策	学校-企業-地域循環プロジェクト	18	83	0.68	1.00	在学層・若年就業	自己効力感↑ 制度信頼↑	学習内容と地域課題・雇用機会を連結し、努力の手応えを可視化する。
26	policy_search_with_sustain_hope_family	P11	政策	介護ロボット・在宅支援普及	22	83	0.62	1.00	ケア責任層・地方・子育て初期	ケア負担↓ 可処分時間↑ 希望↑	介護ロボット、見守り、移乗支援、在宅医療接続を公共支援として広げ、家族ケアによる時間制約を緩和する。
26	policy_search_with_sustain_hope_family	BP01	政策	構造持続型出産一時金の上乗せ	15	60	0.82	1.00	子どもを望む家族形成層・将来家族形成層	子ども意向↑ 家計余力↑ 制度信頼↑	出生実績への成果報酬ではなく、望む人が子どもを迎えられる条件を整える目的で、妊娠・出産・初期育児の実費と所得喪失を一時金で緩衝する。
26	policy_search_with_sustain_hope_family	BP02	政策	産後休息・代替ケア保障	15	83	0.78	1.00	妊娠出産期・子育て初期・ケア責任層	時間余力↑ メンタル負荷↓ 出生圧力リスク↓	産後の休息、夜間支援、代替ケア、家事育児支援を公的に確保し、家族責任の固定化や母親だけへの負担集中を防ぐ。
26	policy_search_with_sustain_hope_family	BP03	政策	復帰キャリア・企業負担補正	18	83	0.70	1.00	企業・正規雇用・非正規雇用・子育て初期	雇用安定↑ 企業反発↓ 子ども意向↑	育休復帰、短時間勤務、配置転換、代替人員費を企業だけに背負わせず、構造持続会計で補正し、採用抑制や女性不利益を抑える。
26	policy_search_with_sustain_hope_family	BP04	政策	家族形成住居・教育費緩衝パッケージ	20	83	0.74	1.00	23-40歳・若者・低中所得層	住居安定↑ 教育費不安↓ 希望↑	住居、保育、教育費の長期不安を束ねて緩衝し、子どもを迎える判断が一時金だけで終わらないよう支える。
26	policy_search_with_sustain_hope_family	BP05	政策	出生非強制・監査ガードレール	15	83	0.68	1.00	全体	制度信頼↑ 反発↓ moral injury↓	非婚・非出産・単身・養育しない選択を不利益にせず、出生数ではなく選択可能条件を評価対象にする。若者の「産ませたいだけでは」という反発を監査する。
26	policy_search_with_sustain_hope_family	BP06	政策	財政・インフレ持続性監査	24	83	0.64	1.00	国家・金融・納税者・若者	財政不安↓ 制度信頼↑ 長期予見性↑	一時金と支援の財源、物価影響、対象公平性を継続監査し、金融システムを含む系の持続性が崩れた場合は自動補正する。
26	policy_search_with_sustain_hope_family	HP01	政策	若者希望経路保証	8	83	0.84	1.00	15-22歳・進学就職移行層	希望↑ 自己効力感↑ 将来予見性↑	学び、初職、地域プロジェクト、AI活用訓練を接続し、若者が5年後の役割を複数持てるようにする。特定進路の強制ではなく選べる経路を増やす。
26	policy_search_with_sustain_hope_family	HP02	政策	初職喪失リカバリー権	12	83	0.78	1.00	AI自動化影響層・非正規・無業	喪失感↓ 希望↑ 雇用安定↑	AIやロボ導入で初職や職域が狭まった人に、再訓練、職務経験、所得補償をセットで提供し、最初の失敗が人生全体の諦念にならないようにする。
26	policy_search_with_sustain_hope_family	HP03	政策	若者持分型地域プロジェクト	18	83	0.72	1.00	若者・地方・都市低所得層	連帯感↑ 希望↑ nat獲得↑	地域インフラ、ケア、教育、災害対応、文化活動の更新に若者が持分を持ち、参加が報酬と将来役割に接続する仕組みを作る。
26	policy_search_with_sustain_hope_family	HP04	政策	家族形成トライアル支援	20	83	0.76	1.00	23-40歳・将来家族形成層	子ども意向↑ 住居安定↑ 時間余力↑	同居、結婚、妊娠、出産、養育の前段階で、住居、時間、ケア、相談、医療アクセスを試せる支援を整え、後戻りできる安心を残す。
26	policy_search_with_sustain_hope_family	HP05	政策	子育て共同体・代替ケア網	22	83	0.80	1.00	子育て初期・ケア責任層・地域	子育て実行可能性↑ メンタル負荷↓ 連帯感↑	保育、病児対応、夜間支援、送迎、学習支援を地域と企業が共同で担い、親だけが壊れない構造を作る。
26	policy_search_with_sustain_hope_family	HP06	政策	若者発制度監査と異議申立	24	83	0.68	1.00	若者・低所得層・非婚非出産層	制度信頼↑ 裏切られ感↓ 反発↓	制度の対象外になった人、非婚・非出産を選ぶ人、低所得層が異議申し立てできる窓口を作り、施策が弱い人を材料にすることを防ぐ。
26	policy_search_with_sustain_hope_family	HP08	政策	自動着金・仮払いセーフティ	8	83	0.86	1.00	若者・低中所得層・家族形成層	制度信頼↑ 不安↓ 生活防衛↓	申請から支給までの空白を減らすため、資格確認前の仮払い、あとから精算、異議申立を組み合わせる。支援が「いつか届く」ではなく「今つながる」経験になるようにする。
26	policy_search_with_sustain_hope_family	HP09	政策	若者住居・ケア即時枠	10	83	0.82	1.00	15-29歳・ケア責任層・無業非正規層	安心↑ 撤退圧↓ 希望↑	家を出られない、ケアで動けない、住居費で進路を選べない層に、短期住居、代替ケア、地域伴走を即時枠として用意し、社会からの逃避や長期離脱を防ぐ。
26	policy_search_with_sustain_hope_family	HP10	政策	家族形成条件の個別見通し面談	18	83	0.74	1.00	23-40歳・将来家族形成層・子育て初期	子ども意向↑ 将来予見性↑ 制度利用↑	結婚、妊娠、出産、育休、復帰、住居、教育費、介護との両立を個別ケースで見通せる面談と試算を行い、子どもを迎えたい人が「自分の場合に可能か」を判断できるようにする。
26	policy_search_with_sustain_hope_family	HP11	政策	初期成功ケースの透明公開	12	83	0.84	1.00	若者・家族形成層・制度不信層	制度信頼↑ 自己効力感↑ 希望↑	自動着金、短期住居、代替ケア、初職リカバリーで実際に立て直せた初期ケースを、個人を傷つけない匿名形式で公開する。制度が存在するだけでなく、使うと何が変わるかを確認できるようにする。
26	policy_search_with_sustain_hope_family	HP12	政策	若者・家族形成パーソナル予算枠	15	83	0.86	1.00	15-40歳・低中所得層・ケア責任層	将来予見性↑ 子ども意向↑ 生活防衛↓	住居、学び直し、ケア代替、医療相談、妊娠出産準備に使える5年単位の個人予算枠を付与し、転居や転職をしても権利が持ち運べるようにする。
26	policy_search_with_sustain_hope_family	HP13	政策	非対象者分断の補正説明	15	83	0.72	1.00	非婚非出産層・納税者・若者全体	反発↓ 制度信頼↑ 連帯感↑	家族形成支援を、出生数の押しつけではなく、住居、ケア、学び直し、孤立防止を含む共通インフラとして説明し、非対象者にも使える支援経路と異議申立を明示する。
26	policy_search_with_sustain_hope_family	HP14	政策	個別資格通知と即時予約	18	83	0.92	1.00	15-40歳・低中所得層・ケア責任層	制度利用↑ 将来予見性↑ 希望↑	対象者ごとに、自分が使える住居枠、学び直し予算、ケア代替、家族形成面談の予約可能日が通知される。抽象的な制度ではなく、本人のスマホや学校・職場窓口で具体的な次の一手を確認できる。
26	policy_search_with_sustain_hope_family	HP15	政策	初職・復帰の先行契約枠	18	83	0.84	1.00	若者・AI自動化影響層・子育て初期	雇用安定↑ 自己効力感↑ 生活防衛↓	自治体、企業、学校が連携し、AI活用職、ケア技術、地域更新、育休復帰の先行契約枠を公開する。研修中の所得補償と実務経験を結び、学び直しが空手形にならないようにする。
26	policy_search_with_sustain_hope_family	HP16	政策	子育て共同体の空き枠可視化	20	83	0.80	1.00	家族形成層・子育て初期・地域	子ども意向↑ 安心↑ 連帯感↑	保育、病児対応、夜間支援、送迎、学習支援、産後休息の空き枠を地域単位で可視化し、親だけで抱え込まない具体的な受け皿を見えるようにする。
26	policy_search_with_sustain_hope_family	HP17	社会反応	SNS希望反転と実体験共有	20	83	0.88	1.00	若者・家族形成層・SNS高感受性層	SNS不安↓ 連帯感↑ 希望↑	自動着金、住居即時枠、初職契約、代替ケアを実際に使った人の承諾済み体験談が広がり、「制度は遅いだけ」という認識に一部反例が生まれる。
26	policy_search_with_sustain_hope_family	HP18	政策	財政持続監査の初回クリア	20	83	0.82	1.00	国家・納税者・若者・家族形成層	財政不安↓ 制度信頼↑ 将来予見性↑	支援財源、物価影響、逆進性、非対象者補正の初回監査が公開され、持続性が崩れていないことと自動補正ルールが確認される。
26	policy_search_with_sustain_hope_family	HP19	政策	nat報酬の初回着金	20	83	0.90	1.00	若者・地域プロジェクト参加層・低中所得層	自己効力感↑ 希望↑ 制度利用↑	地域更新、ケア補助、学習支援、災害備えに参加した若者へ、初回のnat報酬が実際に着金する。社会を維持する行動が飯の種になる体験が生まれる。
26	policy_search_with_sustain_hope_family	HP20	政策	家族形成シミュレーション結果通知	22	83	0.84	1.00	23-40歳・将来家族形成層	子ども意向↑ 安心↑ 将来予見性↑	個別面談を受けた人に、住居、収入、ケア、産後休息、復帰キャリアを含む自分用の家族形成見通しが通知され、無理ならどの条件が足りないかも示される。
27	policy_search_with_sustain_hope_family	E02	ショック	生活コスト上昇	6	30	0.70	0.90	全体	可処分所得↓ 子ども意向↓	住居費・エネルギー・食費が同時上昇し、家計余力が縮小する。
27	policy_search_with_sustain_hope_family	E03	ショック	地政学リスク上昇	12	36	0.60	0.70	全体	将来予見性↓ 制度信頼↓	国際緊張の継続で将来見通しが悪化し、長期意思決定が先送りされる。
27	policy_search_with_sustain_hope_family	E04	ショック	大規模災害クラスター	18	28	0.65	0.45	地方中心	住居安定↓ メンタル負荷↑	複数地域で災害被害が発生し、居住・就労・ケアの負担が連鎖する。
27	policy_search_with_sustain_hope_family	E05	ショック	世界景気後退	24	42	0.75	0.60	全体	雇用安定↓ 制度信頼↓	輸出・投資の鈍化で求人が減少し、若年層のキャリア形成が不安定化。
27	policy_search_with_sustain_hope_family	E06	ショック	SNS悲観バイアス増幅	8	40	0.55	0.85	SNS高感受層	希望↓ 分断感↑	悲観情報が拡散しやすくなり、希望指数と相互信頼を押し下げる。
27	policy_search_with_sustain_hope_family	E07	ショック	介護需要急増	22	60	0.70	0.80	ケア責任層・地方・現役世代	ケア負担↑ 可処分時間↓ 希望↓	高齢化と家族介護の集中により、若者と現役世代の時間・所得・進路選択が圧迫される。
27	policy_search_with_sustain_hope_family	E08	ショック	医療提供体制ひっ迫	18	44	0.65	0.65	地方層・医療福祉層・高負荷層	制度信頼↓ メンタル負荷↑ 地域安定↓	医療人材不足と地域医療の縮小により、生活安心感と制度信頼が低下する。
27	policy_search_with_sustain_hope_family	E09	ショック	汎用ロボティクス普及による身体労働再編	12	60	0.62	0.75	製造・物流・小売・介護周辺	雇用安定↓ 生活コスト圧力↑	物流、製造、清掃、飲食、建設、介護補助などの身体労働でロボット導入が進み、地域産業と現場職の再編不安が広がる。
27	policy_search_with_sustain_hope_family	P01	政策	若者住居安定パッケージ	10	83	0.70	1.00	非正規・無業・若年就業	住居安定↑ 希望↑	家賃補助・保証人代替・転居支援を組み合わせ、居住不安を緩和する。
27	policy_search_with_sustain_hope_family	P02	政策	奨学金負担軽減・所得連動返済	8	83	0.80	1.00	在学層・負債高層	可処分所得↑ 子ども意向↑	返済負担の平準化と減免を導入し、将来投資の先送りを抑制する。
27	policy_search_with_sustain_hope_family	P03	政策	社会持続活動nat報酬制度	12	83	0.85	1.00	全体	nat獲得↑ 希望↑	学校・地域・介護・防災・制度更新活動を報酬化し、役割喪失を防ぐ。
27	policy_search_with_sustain_hope_family	P04	政策	子育て初期一時金1000万円	15	45	0.75	1.00	子育て初期・結婚前後	子ども意向↑ 出生実行↑	出生前後の初期費用を大幅に緩和するが、短期の財政負荷と逆選択リスクがある。
27	policy_search_with_sustain_hope_family	P05	政策	地域ケア就労の賃金底上げ	14	83	0.70	1.00	ケア責任層・地方	雇用安定↑ 制度信頼↑	ケア活動を社会基盤労働として扱い、賃金と社会的評価を引き上げる。
27	policy_search_with_sustain_hope_family	P06	政策	学び直し・移行雇用保証	16	83	0.78	1.00	非正規・無業・自動化影響層	雇用安定↑ 自己効力感↑	訓練と実務移行をセットで保証し、自動化ショックからの回復経路を提供する。
27	policy_search_with_sustain_hope_family	P07	政策	地方分散インフラ投資	20	83	0.65	1.00	地方層	住居安定↑ 希望↑	交通・医療・通信の更新により、地方での生活可能性を底上げする。
27	policy_search_with_sustain_hope_family	P08	政策	若年メンタルヘルス即時アクセス	9	83	0.72	1.00	高負荷層	メンタル負荷↓ 希望↑	心理支援への待機時間と費用障壁を下げ、長期離脱を防ぐ。
27	policy_search_with_sustain_hope_family	P09	政策	学校-企業-地域循環プロジェクト	18	83	0.68	1.00	在学層・若年就業	自己効力感↑ 制度信頼↑	学習内容と地域課題・雇用機会を連結し、努力の手応えを可視化する。
27	policy_search_with_sustain_hope_family	P11	政策	介護ロボット・在宅支援普及	22	83	0.62	1.00	ケア責任層・地方・子育て初期	ケア負担↓ 可処分時間↑ 希望↑	介護ロボット、見守り、移乗支援、在宅医療接続を公共支援として広げ、家族ケアによる時間制約を緩和する。
27	policy_search_with_sustain_hope_family	BP01	政策	構造持続型出産一時金の上乗せ	15	60	0.82	1.00	子どもを望む家族形成層・将来家族形成層	子ども意向↑ 家計余力↑ 制度信頼↑	出生実績への成果報酬ではなく、望む人が子どもを迎えられる条件を整える目的で、妊娠・出産・初期育児の実費と所得喪失を一時金で緩衝する。
27	policy_search_with_sustain_hope_family	BP02	政策	産後休息・代替ケア保障	15	83	0.78	1.00	妊娠出産期・子育て初期・ケア責任層	時間余力↑ メンタル負荷↓ 出生圧力リスク↓	産後の休息、夜間支援、代替ケア、家事育児支援を公的に確保し、家族責任の固定化や母親だけへの負担集中を防ぐ。
27	policy_search_with_sustain_hope_family	BP03	政策	復帰キャリア・企業負担補正	18	83	0.70	1.00	企業・正規雇用・非正規雇用・子育て初期	雇用安定↑ 企業反発↓ 子ども意向↑	育休復帰、短時間勤務、配置転換、代替人員費を企業だけに背負わせず、構造持続会計で補正し、採用抑制や女性不利益を抑える。
27	policy_search_with_sustain_hope_family	BP04	政策	家族形成住居・教育費緩衝パッケージ	20	83	0.74	1.00	23-40歳・若者・低中所得層	住居安定↑ 教育費不安↓ 希望↑	住居、保育、教育費の長期不安を束ねて緩衝し、子どもを迎える判断が一時金だけで終わらないよう支える。
27	policy_search_with_sustain_hope_family	BP05	政策	出生非強制・監査ガードレール	15	83	0.68	1.00	全体	制度信頼↑ 反発↓ moral injury↓	非婚・非出産・単身・養育しない選択を不利益にせず、出生数ではなく選択可能条件を評価対象にする。若者の「産ませたいだけでは」という反発を監査する。
27	policy_search_with_sustain_hope_family	BP06	政策	財政・インフレ持続性監査	24	83	0.64	1.00	国家・金融・納税者・若者	財政不安↓ 制度信頼↑ 長期予見性↑	一時金と支援の財源、物価影響、対象公平性を継続監査し、金融システムを含む系の持続性が崩れた場合は自動補正する。
27	policy_search_with_sustain_hope_family	HP01	政策	若者希望経路保証	8	83	0.84	1.00	15-22歳・進学就職移行層	希望↑ 自己効力感↑ 将来予見性↑	学び、初職、地域プロジェクト、AI活用訓練を接続し、若者が5年後の役割を複数持てるようにする。特定進路の強制ではなく選べる経路を増やす。
27	policy_search_with_sustain_hope_family	HP02	政策	初職喪失リカバリー権	12	83	0.78	1.00	AI自動化影響層・非正規・無業	喪失感↓ 希望↑ 雇用安定↑	AIやロボ導入で初職や職域が狭まった人に、再訓練、職務経験、所得補償をセットで提供し、最初の失敗が人生全体の諦念にならないようにする。
27	policy_search_with_sustain_hope_family	HP03	政策	若者持分型地域プロジェクト	18	83	0.72	1.00	若者・地方・都市低所得層	連帯感↑ 希望↑ nat獲得↑	地域インフラ、ケア、教育、災害対応、文化活動の更新に若者が持分を持ち、参加が報酬と将来役割に接続する仕組みを作る。
27	policy_search_with_sustain_hope_family	HP04	政策	家族形成トライアル支援	20	83	0.76	1.00	23-40歳・将来家族形成層	子ども意向↑ 住居安定↑ 時間余力↑	同居、結婚、妊娠、出産、養育の前段階で、住居、時間、ケア、相談、医療アクセスを試せる支援を整え、後戻りできる安心を残す。
27	policy_search_with_sustain_hope_family	HP05	政策	子育て共同体・代替ケア網	22	83	0.80	1.00	子育て初期・ケア責任層・地域	子育て実行可能性↑ メンタル負荷↓ 連帯感↑	保育、病児対応、夜間支援、送迎、学習支援を地域と企業が共同で担い、親だけが壊れない構造を作る。
27	policy_search_with_sustain_hope_family	HP06	政策	若者発制度監査と異議申立	24	83	0.68	1.00	若者・低所得層・非婚非出産層	制度信頼↑ 裏切られ感↓ 反発↓	制度の対象外になった人、非婚・非出産を選ぶ人、低所得層が異議申し立てできる窓口を作り、施策が弱い人を材料にすることを防ぐ。
27	policy_search_with_sustain_hope_family	HP08	政策	自動着金・仮払いセーフティ	8	83	0.86	1.00	若者・低中所得層・家族形成層	制度信頼↑ 不安↓ 生活防衛↓	申請から支給までの空白を減らすため、資格確認前の仮払い、あとから精算、異議申立を組み合わせる。支援が「いつか届く」ではなく「今つながる」経験になるようにする。
27	policy_search_with_sustain_hope_family	HP09	政策	若者住居・ケア即時枠	10	83	0.82	1.00	15-29歳・ケア責任層・無業非正規層	安心↑ 撤退圧↓ 希望↑	家を出られない、ケアで動けない、住居費で進路を選べない層に、短期住居、代替ケア、地域伴走を即時枠として用意し、社会からの逃避や長期離脱を防ぐ。
27	policy_search_with_sustain_hope_family	HP10	政策	家族形成条件の個別見通し面談	18	83	0.74	1.00	23-40歳・将来家族形成層・子育て初期	子ども意向↑ 将来予見性↑ 制度利用↑	結婚、妊娠、出産、育休、復帰、住居、教育費、介護との両立を個別ケースで見通せる面談と試算を行い、子どもを迎えたい人が「自分の場合に可能か」を判断できるようにする。
27	policy_search_with_sustain_hope_family	HP11	政策	初期成功ケースの透明公開	12	83	0.84	1.00	若者・家族形成層・制度不信層	制度信頼↑ 自己効力感↑ 希望↑	自動着金、短期住居、代替ケア、初職リカバリーで実際に立て直せた初期ケースを、個人を傷つけない匿名形式で公開する。制度が存在するだけでなく、使うと何が変わるかを確認できるようにする。
27	policy_search_with_sustain_hope_family	HP12	政策	若者・家族形成パーソナル予算枠	15	83	0.86	1.00	15-40歳・低中所得層・ケア責任層	将来予見性↑ 子ども意向↑ 生活防衛↓	住居、学び直し、ケア代替、医療相談、妊娠出産準備に使える5年単位の個人予算枠を付与し、転居や転職をしても権利が持ち運べるようにする。
27	policy_search_with_sustain_hope_family	HP13	政策	非対象者分断の補正説明	15	83	0.72	1.00	非婚非出産層・納税者・若者全体	反発↓ 制度信頼↑ 連帯感↑	家族形成支援を、出生数の押しつけではなく、住居、ケア、学び直し、孤立防止を含む共通インフラとして説明し、非対象者にも使える支援経路と異議申立を明示する。
27	policy_search_with_sustain_hope_family	HP14	政策	個別資格通知と即時予約	18	83	0.92	1.00	15-40歳・低中所得層・ケア責任層	制度利用↑ 将来予見性↑ 希望↑	対象者ごとに、自分が使える住居枠、学び直し予算、ケア代替、家族形成面談の予約可能日が通知される。抽象的な制度ではなく、本人のスマホや学校・職場窓口で具体的な次の一手を確認できる。
27	policy_search_with_sustain_hope_family	HP15	政策	初職・復帰の先行契約枠	18	83	0.84	1.00	若者・AI自動化影響層・子育て初期	雇用安定↑ 自己効力感↑ 生活防衛↓	自治体、企業、学校が連携し、AI活用職、ケア技術、地域更新、育休復帰の先行契約枠を公開する。研修中の所得補償と実務経験を結び、学び直しが空手形にならないようにする。
27	policy_search_with_sustain_hope_family	HP16	政策	子育て共同体の空き枠可視化	20	83	0.80	1.00	家族形成層・子育て初期・地域	子ども意向↑ 安心↑ 連帯感↑	保育、病児対応、夜間支援、送迎、学習支援、産後休息の空き枠を地域単位で可視化し、親だけで抱え込まない具体的な受け皿を見えるようにする。
27	policy_search_with_sustain_hope_family	HP17	社会反応	SNS希望反転と実体験共有	20	83	0.88	1.00	若者・家族形成層・SNS高感受性層	SNS不安↓ 連帯感↑ 希望↑	自動着金、住居即時枠、初職契約、代替ケアを実際に使った人の承諾済み体験談が広がり、「制度は遅いだけ」という認識に一部反例が生まれる。
27	policy_search_with_sustain_hope_family	HP18	政策	財政持続監査の初回クリア	20	83	0.82	1.00	国家・納税者・若者・家族形成層	財政不安↓ 制度信頼↑ 将来予見性↑	支援財源、物価影響、逆進性、非対象者補正の初回監査が公開され、持続性が崩れていないことと自動補正ルールが確認される。
27	policy_search_with_sustain_hope_family	HP19	政策	nat報酬の初回着金	20	83	0.90	1.00	若者・地域プロジェクト参加層・低中所得層	自己効力感↑ 希望↑ 制度利用↑	地域更新、ケア補助、学習支援、災害備えに参加した若者へ、初回のnat報酬が実際に着金する。社会を維持する行動が飯の種になる体験が生まれる。
27	policy_search_with_sustain_hope_family	HP20	政策	家族形成シミュレーション結果通知	22	83	0.84	1.00	23-40歳・将来家族形成層	子ども意向↑ 安心↑ 将来予見性↑	個別面談を受けた人に、住居、収入、ケア、産後休息、復帰キャリアを含む自分用の家族形成見通しが通知され、無理ならどの条件が足りないかも示される。
28	policy_search_with_sustain_hope_family	E02	ショック	生活コスト上昇	6	30	0.70	0.90	全体	可処分所得↓ 子ども意向↓	住居費・エネルギー・食費が同時上昇し、家計余力が縮小する。
28	policy_search_with_sustain_hope_family	E03	ショック	地政学リスク上昇	12	36	0.60	0.70	全体	将来予見性↓ 制度信頼↓	国際緊張の継続で将来見通しが悪化し、長期意思決定が先送りされる。
28	policy_search_with_sustain_hope_family	E04	ショック	大規模災害クラスター	18	28	0.65	0.45	地方中心	住居安定↓ メンタル負荷↑	複数地域で災害被害が発生し、居住・就労・ケアの負担が連鎖する。
28	policy_search_with_sustain_hope_family	E05	ショック	世界景気後退	24	42	0.75	0.60	全体	雇用安定↓ 制度信頼↓	輸出・投資の鈍化で求人が減少し、若年層のキャリア形成が不安定化。
28	policy_search_with_sustain_hope_family	E06	ショック	SNS悲観バイアス増幅	8	40	0.55	0.85	SNS高感受層	希望↓ 分断感↑	悲観情報が拡散しやすくなり、希望指数と相互信頼を押し下げる。
28	policy_search_with_sustain_hope_family	E07	ショック	介護需要急増	22	60	0.70	0.80	ケア責任層・地方・現役世代	ケア負担↑ 可処分時間↓ 希望↓	高齢化と家族介護の集中により、若者と現役世代の時間・所得・進路選択が圧迫される。
28	policy_search_with_sustain_hope_family	E08	ショック	医療提供体制ひっ迫	18	44	0.65	0.65	地方層・医療福祉層・高負荷層	制度信頼↓ メンタル負荷↑ 地域安定↓	医療人材不足と地域医療の縮小により、生活安心感と制度信頼が低下する。
28	policy_search_with_sustain_hope_family	E09	ショック	汎用ロボティクス普及による身体労働再編	12	60	0.62	0.75	製造・物流・小売・介護周辺	雇用安定↓ 生活コスト圧力↑	物流、製造、清掃、飲食、建設、介護補助などの身体労働でロボット導入が進み、地域産業と現場職の再編不安が広がる。
28	policy_search_with_sustain_hope_family	P01	政策	若者住居安定パッケージ	10	83	0.70	1.00	非正規・無業・若年就業	住居安定↑ 希望↑	家賃補助・保証人代替・転居支援を組み合わせ、居住不安を緩和する。
28	policy_search_with_sustain_hope_family	P02	政策	奨学金負担軽減・所得連動返済	8	83	0.80	1.00	在学層・負債高層	可処分所得↑ 子ども意向↑	返済負担の平準化と減免を導入し、将来投資の先送りを抑制する。
28	policy_search_with_sustain_hope_family	P03	政策	社会持続活動nat報酬制度	12	83	0.85	1.00	全体	nat獲得↑ 希望↑	学校・地域・介護・防災・制度更新活動を報酬化し、役割喪失を防ぐ。
28	policy_search_with_sustain_hope_family	P04	政策	子育て初期一時金1000万円	15	45	0.75	1.00	子育て初期・結婚前後	子ども意向↑ 出生実行↑	出生前後の初期費用を大幅に緩和するが、短期の財政負荷と逆選択リスクがある。
28	policy_search_with_sustain_hope_family	P05	政策	地域ケア就労の賃金底上げ	14	83	0.70	1.00	ケア責任層・地方	雇用安定↑ 制度信頼↑	ケア活動を社会基盤労働として扱い、賃金と社会的評価を引き上げる。
28	policy_search_with_sustain_hope_family	P06	政策	学び直し・移行雇用保証	16	83	0.78	1.00	非正規・無業・自動化影響層	雇用安定↑ 自己効力感↑	訓練と実務移行をセットで保証し、自動化ショックからの回復経路を提供する。
28	policy_search_with_sustain_hope_family	P07	政策	地方分散インフラ投資	20	83	0.65	1.00	地方層	住居安定↑ 希望↑	交通・医療・通信の更新により、地方での生活可能性を底上げする。
28	policy_search_with_sustain_hope_family	P08	政策	若年メンタルヘルス即時アクセス	9	83	0.72	1.00	高負荷層	メンタル負荷↓ 希望↑	心理支援への待機時間と費用障壁を下げ、長期離脱を防ぐ。
28	policy_search_with_sustain_hope_family	P09	政策	学校-企業-地域循環プロジェクト	18	83	0.68	1.00	在学層・若年就業	自己効力感↑ 制度信頼↑	学習内容と地域課題・雇用機会を連結し、努力の手応えを可視化する。
28	policy_search_with_sustain_hope_family	P11	政策	介護ロボット・在宅支援普及	22	83	0.62	1.00	ケア責任層・地方・子育て初期	ケア負担↓ 可処分時間↑ 希望↑	介護ロボット、見守り、移乗支援、在宅医療接続を公共支援として広げ、家族ケアによる時間制約を緩和する。
28	policy_search_with_sustain_hope_family	BP01	政策	構造持続型出産一時金の上乗せ	15	60	0.82	1.00	子どもを望む家族形成層・将来家族形成層	子ども意向↑ 家計余力↑ 制度信頼↑	出生実績への成果報酬ではなく、望む人が子どもを迎えられる条件を整える目的で、妊娠・出産・初期育児の実費と所得喪失を一時金で緩衝する。
28	policy_search_with_sustain_hope_family	BP02	政策	産後休息・代替ケア保障	15	83	0.78	1.00	妊娠出産期・子育て初期・ケア責任層	時間余力↑ メンタル負荷↓ 出生圧力リスク↓	産後の休息、夜間支援、代替ケア、家事育児支援を公的に確保し、家族責任の固定化や母親だけへの負担集中を防ぐ。
28	policy_search_with_sustain_hope_family	BP03	政策	復帰キャリア・企業負担補正	18	83	0.70	1.00	企業・正規雇用・非正規雇用・子育て初期	雇用安定↑ 企業反発↓ 子ども意向↑	育休復帰、短時間勤務、配置転換、代替人員費を企業だけに背負わせず、構造持続会計で補正し、採用抑制や女性不利益を抑える。
28	policy_search_with_sustain_hope_family	BP04	政策	家族形成住居・教育費緩衝パッケージ	20	83	0.74	1.00	23-40歳・若者・低中所得層	住居安定↑ 教育費不安↓ 希望↑	住居、保育、教育費の長期不安を束ねて緩衝し、子どもを迎える判断が一時金だけで終わらないよう支える。
28	policy_search_with_sustain_hope_family	BP05	政策	出生非強制・監査ガードレール	15	83	0.68	1.00	全体	制度信頼↑ 反発↓ moral injury↓	非婚・非出産・単身・養育しない選択を不利益にせず、出生数ではなく選択可能条件を評価対象にする。若者の「産ませたいだけでは」という反発を監査する。
28	policy_search_with_sustain_hope_family	BP06	政策	財政・インフレ持続性監査	24	83	0.64	1.00	国家・金融・納税者・若者	財政不安↓ 制度信頼↑ 長期予見性↑	一時金と支援の財源、物価影響、対象公平性を継続監査し、金融システムを含む系の持続性が崩れた場合は自動補正する。
28	policy_search_with_sustain_hope_family	HP01	政策	若者希望経路保証	8	83	0.84	1.00	15-22歳・進学就職移行層	希望↑ 自己効力感↑ 将来予見性↑	学び、初職、地域プロジェクト、AI活用訓練を接続し、若者が5年後の役割を複数持てるようにする。特定進路の強制ではなく選べる経路を増やす。
28	policy_search_with_sustain_hope_family	HP02	政策	初職喪失リカバリー権	12	83	0.78	1.00	AI自動化影響層・非正規・無業	喪失感↓ 希望↑ 雇用安定↑	AIやロボ導入で初職や職域が狭まった人に、再訓練、職務経験、所得補償をセットで提供し、最初の失敗が人生全体の諦念にならないようにする。
28	policy_search_with_sustain_hope_family	HP03	政策	若者持分型地域プロジェクト	18	83	0.72	1.00	若者・地方・都市低所得層	連帯感↑ 希望↑ nat獲得↑	地域インフラ、ケア、教育、災害対応、文化活動の更新に若者が持分を持ち、参加が報酬と将来役割に接続する仕組みを作る。
28	policy_search_with_sustain_hope_family	HP04	政策	家族形成トライアル支援	20	83	0.76	1.00	23-40歳・将来家族形成層	子ども意向↑ 住居安定↑ 時間余力↑	同居、結婚、妊娠、出産、養育の前段階で、住居、時間、ケア、相談、医療アクセスを試せる支援を整え、後戻りできる安心を残す。
28	policy_search_with_sustain_hope_family	HP05	政策	子育て共同体・代替ケア網	22	83	0.80	1.00	子育て初期・ケア責任層・地域	子育て実行可能性↑ メンタル負荷↓ 連帯感↑	保育、病児対応、夜間支援、送迎、学習支援を地域と企業が共同で担い、親だけが壊れない構造を作る。
28	policy_search_with_sustain_hope_family	HP06	政策	若者発制度監査と異議申立	24	83	0.68	1.00	若者・低所得層・非婚非出産層	制度信頼↑ 裏切られ感↓ 反発↓	制度の対象外になった人、非婚・非出産を選ぶ人、低所得層が異議申し立てできる窓口を作り、施策が弱い人を材料にすることを防ぐ。
28	policy_search_with_sustain_hope_family	HP08	政策	自動着金・仮払いセーフティ	8	83	0.86	1.00	若者・低中所得層・家族形成層	制度信頼↑ 不安↓ 生活防衛↓	申請から支給までの空白を減らすため、資格確認前の仮払い、あとから精算、異議申立を組み合わせる。支援が「いつか届く」ではなく「今つながる」経験になるようにする。
28	policy_search_with_sustain_hope_family	HP09	政策	若者住居・ケア即時枠	10	83	0.82	1.00	15-29歳・ケア責任層・無業非正規層	安心↑ 撤退圧↓ 希望↑	家を出られない、ケアで動けない、住居費で進路を選べない層に、短期住居、代替ケア、地域伴走を即時枠として用意し、社会からの逃避や長期離脱を防ぐ。
28	policy_search_with_sustain_hope_family	HP10	政策	家族形成条件の個別見通し面談	18	83	0.74	1.00	23-40歳・将来家族形成層・子育て初期	子ども意向↑ 将来予見性↑ 制度利用↑	結婚、妊娠、出産、育休、復帰、住居、教育費、介護との両立を個別ケースで見通せる面談と試算を行い、子どもを迎えたい人が「自分の場合に可能か」を判断できるようにする。
28	policy_search_with_sustain_hope_family	HP11	政策	初期成功ケースの透明公開	12	83	0.84	1.00	若者・家族形成層・制度不信層	制度信頼↑ 自己効力感↑ 希望↑	自動着金、短期住居、代替ケア、初職リカバリーで実際に立て直せた初期ケースを、個人を傷つけない匿名形式で公開する。制度が存在するだけでなく、使うと何が変わるかを確認できるようにする。
28	policy_search_with_sustain_hope_family	HP12	政策	若者・家族形成パーソナル予算枠	15	83	0.86	1.00	15-40歳・低中所得層・ケア責任層	将来予見性↑ 子ども意向↑ 生活防衛↓	住居、学び直し、ケア代替、医療相談、妊娠出産準備に使える5年単位の個人予算枠を付与し、転居や転職をしても権利が持ち運べるようにする。
28	policy_search_with_sustain_hope_family	HP13	政策	非対象者分断の補正説明	15	83	0.72	1.00	非婚非出産層・納税者・若者全体	反発↓ 制度信頼↑ 連帯感↑	家族形成支援を、出生数の押しつけではなく、住居、ケア、学び直し、孤立防止を含む共通インフラとして説明し、非対象者にも使える支援経路と異議申立を明示する。
28	policy_search_with_sustain_hope_family	HP14	政策	個別資格通知と即時予約	18	83	0.92	1.00	15-40歳・低中所得層・ケア責任層	制度利用↑ 将来予見性↑ 希望↑	対象者ごとに、自分が使える住居枠、学び直し予算、ケア代替、家族形成面談の予約可能日が通知される。抽象的な制度ではなく、本人のスマホや学校・職場窓口で具体的な次の一手を確認できる。
28	policy_search_with_sustain_hope_family	HP15	政策	初職・復帰の先行契約枠	18	83	0.84	1.00	若者・AI自動化影響層・子育て初期	雇用安定↑ 自己効力感↑ 生活防衛↓	自治体、企業、学校が連携し、AI活用職、ケア技術、地域更新、育休復帰の先行契約枠を公開する。研修中の所得補償と実務経験を結び、学び直しが空手形にならないようにする。
28	policy_search_with_sustain_hope_family	HP16	政策	子育て共同体の空き枠可視化	20	83	0.80	1.00	家族形成層・子育て初期・地域	子ども意向↑ 安心↑ 連帯感↑	保育、病児対応、夜間支援、送迎、学習支援、産後休息の空き枠を地域単位で可視化し、親だけで抱え込まない具体的な受け皿を見えるようにする。
28	policy_search_with_sustain_hope_family	HP17	社会反応	SNS希望反転と実体験共有	20	83	0.88	1.00	若者・家族形成層・SNS高感受性層	SNS不安↓ 連帯感↑ 希望↑	自動着金、住居即時枠、初職契約、代替ケアを実際に使った人の承諾済み体験談が広がり、「制度は遅いだけ」という認識に一部反例が生まれる。
28	policy_search_with_sustain_hope_family	HP18	政策	財政持続監査の初回クリア	20	83	0.82	1.00	国家・納税者・若者・家族形成層	財政不安↓ 制度信頼↑ 将来予見性↑	支援財源、物価影響、逆進性、非対象者補正の初回監査が公開され、持続性が崩れていないことと自動補正ルールが確認される。
28	policy_search_with_sustain_hope_family	HP19	政策	nat報酬の初回着金	20	83	0.90	1.00	若者・地域プロジェクト参加層・低中所得層	自己効力感↑ 希望↑ 制度利用↑	地域更新、ケア補助、学習支援、災害備えに参加した若者へ、初回のnat報酬が実際に着金する。社会を維持する行動が飯の種になる体験が生まれる。
28	policy_search_with_sustain_hope_family	HP20	政策	家族形成シミュレーション結果通知	22	83	0.84	1.00	23-40歳・将来家族形成層	子ども意向↑ 安心↑ 将来予見性↑	個別面談を受けた人に、住居、収入、ケア、産後休息、復帰キャリアを含む自分用の家族形成見通しが通知され、無理ならどの条件が足りないかも示される。
29	policy_search_with_sustain_hope_family	E02	ショック	生活コスト上昇	6	30	0.70	0.90	全体	可処分所得↓ 子ども意向↓	住居費・エネルギー・食費が同時上昇し、家計余力が縮小する。
29	policy_search_with_sustain_hope_family	E03	ショック	地政学リスク上昇	12	36	0.60	0.70	全体	将来予見性↓ 制度信頼↓	国際緊張の継続で将来見通しが悪化し、長期意思決定が先送りされる。
29	policy_search_with_sustain_hope_family	E05	ショック	世界景気後退	24	42	0.75	0.60	全体	雇用安定↓ 制度信頼↓	輸出・投資の鈍化で求人が減少し、若年層のキャリア形成が不安定化。
29	policy_search_with_sustain_hope_family	E06	ショック	SNS悲観バイアス増幅	8	40	0.55	0.85	SNS高感受層	希望↓ 分断感↑	悲観情報が拡散しやすくなり、希望指数と相互信頼を押し下げる。
29	policy_search_with_sustain_hope_family	E07	ショック	介護需要急増	22	60	0.70	0.80	ケア責任層・地方・現役世代	ケア負担↑ 可処分時間↓ 希望↓	高齢化と家族介護の集中により、若者と現役世代の時間・所得・進路選択が圧迫される。
29	policy_search_with_sustain_hope_family	E08	ショック	医療提供体制ひっ迫	18	44	0.65	0.65	地方層・医療福祉層・高負荷層	制度信頼↓ メンタル負荷↑ 地域安定↓	医療人材不足と地域医療の縮小により、生活安心感と制度信頼が低下する。
29	policy_search_with_sustain_hope_family	E09	ショック	汎用ロボティクス普及による身体労働再編	12	60	0.62	0.75	製造・物流・小売・介護周辺	雇用安定↓ 生活コスト圧力↑	物流、製造、清掃、飲食、建設、介護補助などの身体労働でロボット導入が進み、地域産業と現場職の再編不安が広がる。
29	policy_search_with_sustain_hope_family	P01	政策	若者住居安定パッケージ	10	83	0.70	1.00	非正規・無業・若年就業	住居安定↑ 希望↑	家賃補助・保証人代替・転居支援を組み合わせ、居住不安を緩和する。
29	policy_search_with_sustain_hope_family	P02	政策	奨学金負担軽減・所得連動返済	8	83	0.80	1.00	在学層・負債高層	可処分所得↑ 子ども意向↑	返済負担の平準化と減免を導入し、将来投資の先送りを抑制する。
29	policy_search_with_sustain_hope_family	P03	政策	社会持続活動nat報酬制度	12	83	0.85	1.00	全体	nat獲得↑ 希望↑	学校・地域・介護・防災・制度更新活動を報酬化し、役割喪失を防ぐ。
29	policy_search_with_sustain_hope_family	P04	政策	子育て初期一時金1000万円	15	45	0.75	1.00	子育て初期・結婚前後	子ども意向↑ 出生実行↑	出生前後の初期費用を大幅に緩和するが、短期の財政負荷と逆選択リスクがある。
29	policy_search_with_sustain_hope_family	P05	政策	地域ケア就労の賃金底上げ	14	83	0.70	1.00	ケア責任層・地方	雇用安定↑ 制度信頼↑	ケア活動を社会基盤労働として扱い、賃金と社会的評価を引き上げる。
29	policy_search_with_sustain_hope_family	P06	政策	学び直し・移行雇用保証	16	83	0.78	1.00	非正規・無業・自動化影響層	雇用安定↑ 自己効力感↑	訓練と実務移行をセットで保証し、自動化ショックからの回復経路を提供する。
29	policy_search_with_sustain_hope_family	P07	政策	地方分散インフラ投資	20	83	0.65	1.00	地方層	住居安定↑ 希望↑	交通・医療・通信の更新により、地方での生活可能性を底上げする。
29	policy_search_with_sustain_hope_family	P08	政策	若年メンタルヘルス即時アクセス	9	83	0.72	1.00	高負荷層	メンタル負荷↓ 希望↑	心理支援への待機時間と費用障壁を下げ、長期離脱を防ぐ。
29	policy_search_with_sustain_hope_family	P09	政策	学校-企業-地域循環プロジェクト	18	83	0.68	1.00	在学層・若年就業	自己効力感↑ 制度信頼↑	学習内容と地域課題・雇用機会を連結し、努力の手応えを可視化する。
29	policy_search_with_sustain_hope_family	P11	政策	介護ロボット・在宅支援普及	22	83	0.62	1.00	ケア責任層・地方・子育て初期	ケア負担↓ 可処分時間↑ 希望↑	介護ロボット、見守り、移乗支援、在宅医療接続を公共支援として広げ、家族ケアによる時間制約を緩和する。
29	policy_search_with_sustain_hope_family	BP01	政策	構造持続型出産一時金の上乗せ	15	60	0.82	1.00	子どもを望む家族形成層・将来家族形成層	子ども意向↑ 家計余力↑ 制度信頼↑	出生実績への成果報酬ではなく、望む人が子どもを迎えられる条件を整える目的で、妊娠・出産・初期育児の実費と所得喪失を一時金で緩衝する。
29	policy_search_with_sustain_hope_family	BP02	政策	産後休息・代替ケア保障	15	83	0.78	1.00	妊娠出産期・子育て初期・ケア責任層	時間余力↑ メンタル負荷↓ 出生圧力リスク↓	産後の休息、夜間支援、代替ケア、家事育児支援を公的に確保し、家族責任の固定化や母親だけへの負担集中を防ぐ。
29	policy_search_with_sustain_hope_family	BP03	政策	復帰キャリア・企業負担補正	18	83	0.70	1.00	企業・正規雇用・非正規雇用・子育て初期	雇用安定↑ 企業反発↓ 子ども意向↑	育休復帰、短時間勤務、配置転換、代替人員費を企業だけに背負わせず、構造持続会計で補正し、採用抑制や女性不利益を抑える。
29	policy_search_with_sustain_hope_family	BP04	政策	家族形成住居・教育費緩衝パッケージ	20	83	0.74	1.00	23-40歳・若者・低中所得層	住居安定↑ 教育費不安↓ 希望↑	住居、保育、教育費の長期不安を束ねて緩衝し、子どもを迎える判断が一時金だけで終わらないよう支える。
29	policy_search_with_sustain_hope_family	BP05	政策	出生非強制・監査ガードレール	15	83	0.68	1.00	全体	制度信頼↑ 反発↓ moral injury↓	非婚・非出産・単身・養育しない選択を不利益にせず、出生数ではなく選択可能条件を評価対象にする。若者の「産ませたいだけでは」という反発を監査する。
29	policy_search_with_sustain_hope_family	BP06	政策	財政・インフレ持続性監査	24	83	0.64	1.00	国家・金融・納税者・若者	財政不安↓ 制度信頼↑ 長期予見性↑	一時金と支援の財源、物価影響、対象公平性を継続監査し、金融システムを含む系の持続性が崩れた場合は自動補正する。
29	policy_search_with_sustain_hope_family	HP01	政策	若者希望経路保証	8	83	0.84	1.00	15-22歳・進学就職移行層	希望↑ 自己効力感↑ 将来予見性↑	学び、初職、地域プロジェクト、AI活用訓練を接続し、若者が5年後の役割を複数持てるようにする。特定進路の強制ではなく選べる経路を増やす。
29	policy_search_with_sustain_hope_family	HP02	政策	初職喪失リカバリー権	12	83	0.78	1.00	AI自動化影響層・非正規・無業	喪失感↓ 希望↑ 雇用安定↑	AIやロボ導入で初職や職域が狭まった人に、再訓練、職務経験、所得補償をセットで提供し、最初の失敗が人生全体の諦念にならないようにする。
29	policy_search_with_sustain_hope_family	HP03	政策	若者持分型地域プロジェクト	18	83	0.72	1.00	若者・地方・都市低所得層	連帯感↑ 希望↑ nat獲得↑	地域インフラ、ケア、教育、災害対応、文化活動の更新に若者が持分を持ち、参加が報酬と将来役割に接続する仕組みを作る。
29	policy_search_with_sustain_hope_family	HP04	政策	家族形成トライアル支援	20	83	0.76	1.00	23-40歳・将来家族形成層	子ども意向↑ 住居安定↑ 時間余力↑	同居、結婚、妊娠、出産、養育の前段階で、住居、時間、ケア、相談、医療アクセスを試せる支援を整え、後戻りできる安心を残す。
29	policy_search_with_sustain_hope_family	HP05	政策	子育て共同体・代替ケア網	22	83	0.80	1.00	子育て初期・ケア責任層・地域	子育て実行可能性↑ メンタル負荷↓ 連帯感↑	保育、病児対応、夜間支援、送迎、学習支援を地域と企業が共同で担い、親だけが壊れない構造を作る。
29	policy_search_with_sustain_hope_family	HP06	政策	若者発制度監査と異議申立	24	83	0.68	1.00	若者・低所得層・非婚非出産層	制度信頼↑ 裏切られ感↓ 反発↓	制度の対象外になった人、非婚・非出産を選ぶ人、低所得層が異議申し立てできる窓口を作り、施策が弱い人を材料にすることを防ぐ。
29	policy_search_with_sustain_hope_family	HP08	政策	自動着金・仮払いセーフティ	8	83	0.86	1.00	若者・低中所得層・家族形成層	制度信頼↑ 不安↓ 生活防衛↓	申請から支給までの空白を減らすため、資格確認前の仮払い、あとから精算、異議申立を組み合わせる。支援が「いつか届く」ではなく「今つながる」経験になるようにする。
29	policy_search_with_sustain_hope_family	HP09	政策	若者住居・ケア即時枠	10	83	0.82	1.00	15-29歳・ケア責任層・無業非正規層	安心↑ 撤退圧↓ 希望↑	家を出られない、ケアで動けない、住居費で進路を選べない層に、短期住居、代替ケア、地域伴走を即時枠として用意し、社会からの逃避や長期離脱を防ぐ。
29	policy_search_with_sustain_hope_family	HP10	政策	家族形成条件の個別見通し面談	18	83	0.74	1.00	23-40歳・将来家族形成層・子育て初期	子ども意向↑ 将来予見性↑ 制度利用↑	結婚、妊娠、出産、育休、復帰、住居、教育費、介護との両立を個別ケースで見通せる面談と試算を行い、子どもを迎えたい人が「自分の場合に可能か」を判断できるようにする。
29	policy_search_with_sustain_hope_family	HP11	政策	初期成功ケースの透明公開	12	83	0.84	1.00	若者・家族形成層・制度不信層	制度信頼↑ 自己効力感↑ 希望↑	自動着金、短期住居、代替ケア、初職リカバリーで実際に立て直せた初期ケースを、個人を傷つけない匿名形式で公開する。制度が存在するだけでなく、使うと何が変わるかを確認できるようにする。
29	policy_search_with_sustain_hope_family	HP12	政策	若者・家族形成パーソナル予算枠	15	83	0.86	1.00	15-40歳・低中所得層・ケア責任層	将来予見性↑ 子ども意向↑ 生活防衛↓	住居、学び直し、ケア代替、医療相談、妊娠出産準備に使える5年単位の個人予算枠を付与し、転居や転職をしても権利が持ち運べるようにする。
29	policy_search_with_sustain_hope_family	HP13	政策	非対象者分断の補正説明	15	83	0.72	1.00	非婚非出産層・納税者・若者全体	反発↓ 制度信頼↑ 連帯感↑	家族形成支援を、出生数の押しつけではなく、住居、ケア、学び直し、孤立防止を含む共通インフラとして説明し、非対象者にも使える支援経路と異議申立を明示する。
29	policy_search_with_sustain_hope_family	HP14	政策	個別資格通知と即時予約	18	83	0.92	1.00	15-40歳・低中所得層・ケア責任層	制度利用↑ 将来予見性↑ 希望↑	対象者ごとに、自分が使える住居枠、学び直し予算、ケア代替、家族形成面談の予約可能日が通知される。抽象的な制度ではなく、本人のスマホや学校・職場窓口で具体的な次の一手を確認できる。
29	policy_search_with_sustain_hope_family	HP15	政策	初職・復帰の先行契約枠	18	83	0.84	1.00	若者・AI自動化影響層・子育て初期	雇用安定↑ 自己効力感↑ 生活防衛↓	自治体、企業、学校が連携し、AI活用職、ケア技術、地域更新、育休復帰の先行契約枠を公開する。研修中の所得補償と実務経験を結び、学び直しが空手形にならないようにする。
29	policy_search_with_sustain_hope_family	HP16	政策	子育て共同体の空き枠可視化	20	83	0.80	1.00	家族形成層・子育て初期・地域	子ども意向↑ 安心↑ 連帯感↑	保育、病児対応、夜間支援、送迎、学習支援、産後休息の空き枠を地域単位で可視化し、親だけで抱え込まない具体的な受け皿を見えるようにする。
29	policy_search_with_sustain_hope_family	HP17	社会反応	SNS希望反転と実体験共有	20	83	0.88	1.00	若者・家族形成層・SNS高感受性層	SNS不安↓ 連帯感↑ 希望↑	自動着金、住居即時枠、初職契約、代替ケアを実際に使った人の承諾済み体験談が広がり、「制度は遅いだけ」という認識に一部反例が生まれる。
29	policy_search_with_sustain_hope_family	HP18	政策	財政持続監査の初回クリア	20	83	0.82	1.00	国家・納税者・若者・家族形成層	財政不安↓ 制度信頼↑ 将来予見性↑	支援財源、物価影響、逆進性、非対象者補正の初回監査が公開され、持続性が崩れていないことと自動補正ルールが確認される。
29	policy_search_with_sustain_hope_family	HP19	政策	nat報酬の初回着金	20	83	0.90	1.00	若者・地域プロジェクト参加層・低中所得層	自己効力感↑ 希望↑ 制度利用↑	地域更新、ケア補助、学習支援、災害備えに参加した若者へ、初回のnat報酬が実際に着金する。社会を維持する行動が飯の種になる体験が生まれる。
29	policy_search_with_sustain_hope_family	HP20	政策	家族形成シミュレーション結果通知	22	83	0.84	1.00	23-40歳・将来家族形成層	子ども意向↑ 安心↑ 将来予見性↑	個別面談を受けた人に、住居、収入、ケア、産後休息、復帰キャリアを含む自分用の家族形成見通しが通知され、無理ならどの条件が足りないかも示される。
30	policy_search_with_sustain_hope_family	E02	ショック	生活コスト上昇	6	30	0.70	0.90	全体	可処分所得↓ 子ども意向↓	住居費・エネルギー・食費が同時上昇し、家計余力が縮小する。
30	policy_search_with_sustain_hope_family	E03	ショック	地政学リスク上昇	12	36	0.60	0.70	全体	将来予見性↓ 制度信頼↓	国際緊張の継続で将来見通しが悪化し、長期意思決定が先送りされる。
30	policy_search_with_sustain_hope_family	E05	ショック	世界景気後退	24	42	0.75	0.60	全体	雇用安定↓ 制度信頼↓	輸出・投資の鈍化で求人が減少し、若年層のキャリア形成が不安定化。
30	policy_search_with_sustain_hope_family	E06	ショック	SNS悲観バイアス増幅	8	40	0.55	0.85	SNS高感受層	希望↓ 分断感↑	悲観情報が拡散しやすくなり、希望指数と相互信頼を押し下げる。
30	policy_search_with_sustain_hope_family	E07	ショック	介護需要急増	22	60	0.70	0.80	ケア責任層・地方・現役世代	ケア負担↑ 可処分時間↓ 希望↓	高齢化と家族介護の集中により、若者と現役世代の時間・所得・進路選択が圧迫される。
30	policy_search_with_sustain_hope_family	E08	ショック	医療提供体制ひっ迫	18	44	0.65	0.65	地方層・医療福祉層・高負荷層	制度信頼↓ メンタル負荷↑ 地域安定↓	医療人材不足と地域医療の縮小により、生活安心感と制度信頼が低下する。
30	policy_search_with_sustain_hope_family	E09	ショック	汎用ロボティクス普及による身体労働再編	12	60	0.62	0.75	製造・物流・小売・介護周辺	雇用安定↓ 生活コスト圧力↑	物流、製造、清掃、飲食、建設、介護補助などの身体労働でロボット導入が進み、地域産業と現場職の再編不安が広がる。
30	policy_search_with_sustain_hope_family	P01	政策	若者住居安定パッケージ	10	83	0.70	1.00	非正規・無業・若年就業	住居安定↑ 希望↑	家賃補助・保証人代替・転居支援を組み合わせ、居住不安を緩和する。
30	policy_search_with_sustain_hope_family	P02	政策	奨学金負担軽減・所得連動返済	8	83	0.80	1.00	在学層・負債高層	可処分所得↑ 子ども意向↑	返済負担の平準化と減免を導入し、将来投資の先送りを抑制する。
30	policy_search_with_sustain_hope_family	P03	政策	社会持続活動nat報酬制度	12	83	0.85	1.00	全体	nat獲得↑ 希望↑	学校・地域・介護・防災・制度更新活動を報酬化し、役割喪失を防ぐ。
30	policy_search_with_sustain_hope_family	P04	政策	子育て初期一時金1000万円	15	45	0.75	1.00	子育て初期・結婚前後	子ども意向↑ 出生実行↑	出生前後の初期費用を大幅に緩和するが、短期の財政負荷と逆選択リスクがある。
30	policy_search_with_sustain_hope_family	P05	政策	地域ケア就労の賃金底上げ	14	83	0.70	1.00	ケア責任層・地方	雇用安定↑ 制度信頼↑	ケア活動を社会基盤労働として扱い、賃金と社会的評価を引き上げる。
30	policy_search_with_sustain_hope_family	P06	政策	学び直し・移行雇用保証	16	83	0.78	1.00	非正規・無業・自動化影響層	雇用安定↑ 自己効力感↑	訓練と実務移行をセットで保証し、自動化ショックからの回復経路を提供する。
30	policy_search_with_sustain_hope_family	P07	政策	地方分散インフラ投資	20	83	0.65	1.00	地方層	住居安定↑ 希望↑	交通・医療・通信の更新により、地方での生活可能性を底上げする。
30	policy_search_with_sustain_hope_family	P08	政策	若年メンタルヘルス即時アクセス	9	83	0.72	1.00	高負荷層	メンタル負荷↓ 希望↑	心理支援への待機時間と費用障壁を下げ、長期離脱を防ぐ。
30	policy_search_with_sustain_hope_family	P09	政策	学校-企業-地域循環プロジェクト	18	83	0.68	1.00	在学層・若年就業	自己効力感↑ 制度信頼↑	学習内容と地域課題・雇用機会を連結し、努力の手応えを可視化する。
30	policy_search_with_sustain_hope_family	P10	政策	nat通貨の逆進性補正	30	83	0.60	1.00	低所得層中心	格差↓ 制度信頼↑	nat配分の偏りを是正し、参加機会の不公平を抑える再分配ルールを導入する。
30	policy_search_with_sustain_hope_family	P11	政策	介護ロボット・在宅支援普及	22	83	0.62	1.00	ケア責任層・地方・子育て初期	ケア負担↓ 可処分時間↑ 希望↑	介護ロボット、見守り、移乗支援、在宅医療接続を公共支援として広げ、家族ケアによる時間制約を緩和する。
30	policy_search_with_sustain_hope_family	BP01	政策	構造持続型出産一時金の上乗せ	15	60	0.82	1.00	子どもを望む家族形成層・将来家族形成層	子ども意向↑ 家計余力↑ 制度信頼↑	出生実績への成果報酬ではなく、望む人が子どもを迎えられる条件を整える目的で、妊娠・出産・初期育児の実費と所得喪失を一時金で緩衝する。
30	policy_search_with_sustain_hope_family	BP02	政策	産後休息・代替ケア保障	15	83	0.78	1.00	妊娠出産期・子育て初期・ケア責任層	時間余力↑ メンタル負荷↓ 出生圧力リスク↓	産後の休息、夜間支援、代替ケア、家事育児支援を公的に確保し、家族責任の固定化や母親だけへの負担集中を防ぐ。
30	policy_search_with_sustain_hope_family	BP03	政策	復帰キャリア・企業負担補正	18	83	0.70	1.00	企業・正規雇用・非正規雇用・子育て初期	雇用安定↑ 企業反発↓ 子ども意向↑	育休復帰、短時間勤務、配置転換、代替人員費を企業だけに背負わせず、構造持続会計で補正し、採用抑制や女性不利益を抑える。
30	policy_search_with_sustain_hope_family	BP04	政策	家族形成住居・教育費緩衝パッケージ	20	83	0.74	1.00	23-40歳・若者・低中所得層	住居安定↑ 教育費不安↓ 希望↑	住居、保育、教育費の長期不安を束ねて緩衝し、子どもを迎える判断が一時金だけで終わらないよう支える。
30	policy_search_with_sustain_hope_family	BP05	政策	出生非強制・監査ガードレール	15	83	0.68	1.00	全体	制度信頼↑ 反発↓ moral injury↓	非婚・非出産・単身・養育しない選択を不利益にせず、出生数ではなく選択可能条件を評価対象にする。若者の「産ませたいだけでは」という反発を監査する。
30	policy_search_with_sustain_hope_family	BP06	政策	財政・インフレ持続性監査	24	83	0.64	1.00	国家・金融・納税者・若者	財政不安↓ 制度信頼↑ 長期予見性↑	一時金と支援の財源、物価影響、対象公平性を継続監査し、金融システムを含む系の持続性が崩れた場合は自動補正する。
30	policy_search_with_sustain_hope_family	BP07	政策	希望経路の可視化と達成共有	30	83	0.76	1.00	若者・家族形成層・次世代コホート	希望↑ 連帯感↑ 自己効力感↑	住居、ケア、教育費、復帰キャリアが実際につながった事例を学校・企業・地域で共有し、少なくとも複数の代表エージェントが「自分たちでも未来を作れる」と感じる経路を観測する。
30	policy_search_with_sustain_hope_family	HP01	政策	若者希望経路保証	8	83	0.84	1.00	15-22歳・進学就職移行層	希望↑ 自己効力感↑ 将来予見性↑	学び、初職、地域プロジェクト、AI活用訓練を接続し、若者が5年後の役割を複数持てるようにする。特定進路の強制ではなく選べる経路を増やす。
30	policy_search_with_sustain_hope_family	HP02	政策	初職喪失リカバリー権	12	83	0.78	1.00	AI自動化影響層・非正規・無業	喪失感↓ 希望↑ 雇用安定↑	AIやロボ導入で初職や職域が狭まった人に、再訓練、職務経験、所得補償をセットで提供し、最初の失敗が人生全体の諦念にならないようにする。
30	policy_search_with_sustain_hope_family	HP03	政策	若者持分型地域プロジェクト	18	83	0.72	1.00	若者・地方・都市低所得層	連帯感↑ 希望↑ nat獲得↑	地域インフラ、ケア、教育、災害対応、文化活動の更新に若者が持分を持ち、参加が報酬と将来役割に接続する仕組みを作る。
30	policy_search_with_sustain_hope_family	HP04	政策	家族形成トライアル支援	20	83	0.76	1.00	23-40歳・将来家族形成層	子ども意向↑ 住居安定↑ 時間余力↑	同居、結婚、妊娠、出産、養育の前段階で、住居、時間、ケア、相談、医療アクセスを試せる支援を整え、後戻りできる安心を残す。
30	policy_search_with_sustain_hope_family	HP05	政策	子育て共同体・代替ケア網	22	83	0.80	1.00	子育て初期・ケア責任層・地域	子育て実行可能性↑ メンタル負荷↓ 連帯感↑	保育、病児対応、夜間支援、送迎、学習支援を地域と企業が共同で担い、親だけが壊れない構造を作る。
30	policy_search_with_sustain_hope_family	HP06	政策	若者発制度監査と異議申立	24	83	0.68	1.00	若者・低所得層・非婚非出産層	制度信頼↑ 裏切られ感↓ 反発↓	制度の対象外になった人、非婚・非出産を選ぶ人、低所得層が異議申し立てできる窓口を作り、施策が弱い人を材料にすることを防ぐ。
30	policy_search_with_sustain_hope_family	HP07	政策	希望不足時の条件監査	30	83	0.70	1.00	LLM観測対象	説明可能性↑ 副作用監査↑ 調整候補↑	デモ観測上、希望を持つ若者・家族形成層が十分に立ち上がらない場合に、どの構造条件が欠けたか、どの層で対象外感・政策疲労・財政不安が出たかを説明対象にする。感情を直接命令せず、経路・支援・信頼・副作用の条件で観測する。
30	policy_search_with_sustain_hope_family	HP08	政策	自動着金・仮払いセーフティ	8	83	0.86	1.00	若者・低中所得層・家族形成層	制度信頼↑ 不安↓ 生活防衛↓	申請から支給までの空白を減らすため、資格確認前の仮払い、あとから精算、異議申立を組み合わせる。支援が「いつか届く」ではなく「今つながる」経験になるようにする。
30	policy_search_with_sustain_hope_family	HP09	政策	若者住居・ケア即時枠	10	83	0.82	1.00	15-29歳・ケア責任層・無業非正規層	安心↑ 撤退圧↓ 希望↑	家を出られない、ケアで動けない、住居費で進路を選べない層に、短期住居、代替ケア、地域伴走を即時枠として用意し、社会からの逃避や長期離脱を防ぐ。
30	policy_search_with_sustain_hope_family	HP10	政策	家族形成条件の個別見通し面談	18	83	0.74	1.00	23-40歳・将来家族形成層・子育て初期	子ども意向↑ 将来予見性↑ 制度利用↑	結婚、妊娠、出産、育休、復帰、住居、教育費、介護との両立を個別ケースで見通せる面談と試算を行い、子どもを迎えたい人が「自分の場合に可能か」を判断できるようにする。
30	policy_search_with_sustain_hope_family	HP11	政策	初期成功ケースの透明公開	12	83	0.84	1.00	若者・家族形成層・制度不信層	制度信頼↑ 自己効力感↑ 希望↑	自動着金、短期住居、代替ケア、初職リカバリーで実際に立て直せた初期ケースを、個人を傷つけない匿名形式で公開する。制度が存在するだけでなく、使うと何が変わるかを確認できるようにする。
30	policy_search_with_sustain_hope_family	HP12	政策	若者・家族形成パーソナル予算枠	15	83	0.86	1.00	15-40歳・低中所得層・ケア責任層	将来予見性↑ 子ども意向↑ 生活防衛↓	住居、学び直し、ケア代替、医療相談、妊娠出産準備に使える5年単位の個人予算枠を付与し、転居や転職をしても権利が持ち運べるようにする。
30	policy_search_with_sustain_hope_family	HP13	政策	非対象者分断の補正説明	15	83	0.72	1.00	非婚非出産層・納税者・若者全体	反発↓ 制度信頼↑ 連帯感↑	家族形成支援を、出生数の押しつけではなく、住居、ケア、学び直し、孤立防止を含む共通インフラとして説明し、非対象者にも使える支援経路と異議申立を明示する。
30	policy_search_with_sustain_hope_family	HP14	政策	個別資格通知と即時予約	18	83	0.92	1.00	15-40歳・低中所得層・ケア責任層	制度利用↑ 将来予見性↑ 希望↑	対象者ごとに、自分が使える住居枠、学び直し予算、ケア代替、家族形成面談の予約可能日が通知される。抽象的な制度ではなく、本人のスマホや学校・職場窓口で具体的な次の一手を確認できる。
30	policy_search_with_sustain_hope_family	HP15	政策	初職・復帰の先行契約枠	18	83	0.84	1.00	若者・AI自動化影響層・子育て初期	雇用安定↑ 自己効力感↑ 生活防衛↓	自治体、企業、学校が連携し、AI活用職、ケア技術、地域更新、育休復帰の先行契約枠を公開する。研修中の所得補償と実務経験を結び、学び直しが空手形にならないようにする。
30	policy_search_with_sustain_hope_family	HP16	政策	子育て共同体の空き枠可視化	20	83	0.80	1.00	家族形成層・子育て初期・地域	子ども意向↑ 安心↑ 連帯感↑	保育、病児対応、夜間支援、送迎、学習支援、産後休息の空き枠を地域単位で可視化し、親だけで抱え込まない具体的な受け皿を見えるようにする。
30	policy_search_with_sustain_hope_family	HP17	社会反応	SNS希望反転と実体験共有	20	83	0.88	1.00	若者・家族形成層・SNS高感受性層	SNS不安↓ 連帯感↑ 希望↑	自動着金、住居即時枠、初職契約、代替ケアを実際に使った人の承諾済み体験談が広がり、「制度は遅いだけ」という認識に一部反例が生まれる。
30	policy_search_with_sustain_hope_family	HP18	政策	財政持続監査の初回クリア	20	83	0.82	1.00	国家・納税者・若者・家族形成層	財政不安↓ 制度信頼↑ 将来予見性↑	支援財源、物価影響、逆進性、非対象者補正の初回監査が公開され、持続性が崩れていないことと自動補正ルールが確認される。
30	policy_search_with_sustain_hope_family	HP19	政策	nat報酬の初回着金	20	83	0.90	1.00	若者・地域プロジェクト参加層・低中所得層	自己効力感↑ 希望↑ 制度利用↑	地域更新、ケア補助、学習支援、災害備えに参加した若者へ、初回のnat報酬が実際に着金する。社会を維持する行動が飯の種になる体験が生まれる。
30	policy_search_with_sustain_hope_family	HP20	政策	家族形成シミュレーション結果通知	22	83	0.84	1.00	23-40歳・将来家族形成層	子ども意向↑ 安心↑ 将来予見性↑	個別面談を受けた人に、住居、収入、ケア、産後休息、復帰キャリアを含む自分用の家族形成見通しが通知され、無理ならどの条件が足りないかも示される。
31	policy_search_with_sustain_hope_family	E03	ショック	地政学リスク上昇	12	36	0.60	0.70	全体	将来予見性↓ 制度信頼↓	国際緊張の継続で将来見通しが悪化し、長期意思決定が先送りされる。
31	policy_search_with_sustain_hope_family	E05	ショック	世界景気後退	24	42	0.75	0.60	全体	雇用安定↓ 制度信頼↓	輸出・投資の鈍化で求人が減少し、若年層のキャリア形成が不安定化。
31	policy_search_with_sustain_hope_family	E06	ショック	SNS悲観バイアス増幅	8	40	0.55	0.85	SNS高感受層	希望↓ 分断感↑	悲観情報が拡散しやすくなり、希望指数と相互信頼を押し下げる。
31	policy_search_with_sustain_hope_family	E07	ショック	介護需要急増	22	60	0.70	0.80	ケア責任層・地方・現役世代	ケア負担↑ 可処分時間↓ 希望↓	高齢化と家族介護の集中により、若者と現役世代の時間・所得・進路選択が圧迫される。
31	policy_search_with_sustain_hope_family	E08	ショック	医療提供体制ひっ迫	18	44	0.65	0.65	地方層・医療福祉層・高負荷層	制度信頼↓ メンタル負荷↑ 地域安定↓	医療人材不足と地域医療の縮小により、生活安心感と制度信頼が低下する。
31	policy_search_with_sustain_hope_family	E09	ショック	汎用ロボティクス普及による身体労働再編	12	60	0.62	0.75	製造・物流・小売・介護周辺	雇用安定↓ 生活コスト圧力↑	物流、製造、清掃、飲食、建設、介護補助などの身体労働でロボット導入が進み、地域産業と現場職の再編不安が広がる。
31	policy_search_with_sustain_hope_family	P01	政策	若者住居安定パッケージ	10	83	0.70	1.00	非正規・無業・若年就業	住居安定↑ 希望↑	家賃補助・保証人代替・転居支援を組み合わせ、居住不安を緩和する。
31	policy_search_with_sustain_hope_family	P02	政策	奨学金負担軽減・所得連動返済	8	83	0.80	1.00	在学層・負債高層	可処分所得↑ 子ども意向↑	返済負担の平準化と減免を導入し、将来投資の先送りを抑制する。
31	policy_search_with_sustain_hope_family	P03	政策	社会持続活動nat報酬制度	12	83	0.85	1.00	全体	nat獲得↑ 希望↑	学校・地域・介護・防災・制度更新活動を報酬化し、役割喪失を防ぐ。
31	policy_search_with_sustain_hope_family	P04	政策	子育て初期一時金1000万円	15	45	0.75	1.00	子育て初期・結婚前後	子ども意向↑ 出生実行↑	出生前後の初期費用を大幅に緩和するが、短期の財政負荷と逆選択リスクがある。
31	policy_search_with_sustain_hope_family	P05	政策	地域ケア就労の賃金底上げ	14	83	0.70	1.00	ケア責任層・地方	雇用安定↑ 制度信頼↑	ケア活動を社会基盤労働として扱い、賃金と社会的評価を引き上げる。
31	policy_search_with_sustain_hope_family	P06	政策	学び直し・移行雇用保証	16	83	0.78	1.00	非正規・無業・自動化影響層	雇用安定↑ 自己効力感↑	訓練と実務移行をセットで保証し、自動化ショックからの回復経路を提供する。
31	policy_search_with_sustain_hope_family	P07	政策	地方分散インフラ投資	20	83	0.65	1.00	地方層	住居安定↑ 希望↑	交通・医療・通信の更新により、地方での生活可能性を底上げする。
31	policy_search_with_sustain_hope_family	P08	政策	若年メンタルヘルス即時アクセス	9	83	0.72	1.00	高負荷層	メンタル負荷↓ 希望↑	心理支援への待機時間と費用障壁を下げ、長期離脱を防ぐ。
31	policy_search_with_sustain_hope_family	P09	政策	学校-企業-地域循環プロジェクト	18	83	0.68	1.00	在学層・若年就業	自己効力感↑ 制度信頼↑	学習内容と地域課題・雇用機会を連結し、努力の手応えを可視化する。
31	policy_search_with_sustain_hope_family	P10	政策	nat通貨の逆進性補正	30	83	0.60	1.00	低所得層中心	格差↓ 制度信頼↑	nat配分の偏りを是正し、参加機会の不公平を抑える再分配ルールを導入する。
31	policy_search_with_sustain_hope_family	P11	政策	介護ロボット・在宅支援普及	22	83	0.62	1.00	ケア責任層・地方・子育て初期	ケア負担↓ 可処分時間↑ 希望↑	介護ロボット、見守り、移乗支援、在宅医療接続を公共支援として広げ、家族ケアによる時間制約を緩和する。
31	policy_search_with_sustain_hope_family	BP01	政策	構造持続型出産一時金の上乗せ	15	60	0.82	1.00	子どもを望む家族形成層・将来家族形成層	子ども意向↑ 家計余力↑ 制度信頼↑	出生実績への成果報酬ではなく、望む人が子どもを迎えられる条件を整える目的で、妊娠・出産・初期育児の実費と所得喪失を一時金で緩衝する。
31	policy_search_with_sustain_hope_family	BP02	政策	産後休息・代替ケア保障	15	83	0.78	1.00	妊娠出産期・子育て初期・ケア責任層	時間余力↑ メンタル負荷↓ 出生圧力リスク↓	産後の休息、夜間支援、代替ケア、家事育児支援を公的に確保し、家族責任の固定化や母親だけへの負担集中を防ぐ。
31	policy_search_with_sustain_hope_family	BP03	政策	復帰キャリア・企業負担補正	18	83	0.70	1.00	企業・正規雇用・非正規雇用・子育て初期	雇用安定↑ 企業反発↓ 子ども意向↑	育休復帰、短時間勤務、配置転換、代替人員費を企業だけに背負わせず、構造持続会計で補正し、採用抑制や女性不利益を抑える。
31	policy_search_with_sustain_hope_family	BP04	政策	家族形成住居・教育費緩衝パッケージ	20	83	0.74	1.00	23-40歳・若者・低中所得層	住居安定↑ 教育費不安↓ 希望↑	住居、保育、教育費の長期不安を束ねて緩衝し、子どもを迎える判断が一時金だけで終わらないよう支える。
31	policy_search_with_sustain_hope_family	BP05	政策	出生非強制・監査ガードレール	15	83	0.68	1.00	全体	制度信頼↑ 反発↓ moral injury↓	非婚・非出産・単身・養育しない選択を不利益にせず、出生数ではなく選択可能条件を評価対象にする。若者の「産ませたいだけでは」という反発を監査する。
31	policy_search_with_sustain_hope_family	BP06	政策	財政・インフレ持続性監査	24	83	0.64	1.00	国家・金融・納税者・若者	財政不安↓ 制度信頼↑ 長期予見性↑	一時金と支援の財源、物価影響、対象公平性を継続監査し、金融システムを含む系の持続性が崩れた場合は自動補正する。
31	policy_search_with_sustain_hope_family	BP07	政策	希望経路の可視化と達成共有	30	83	0.76	1.00	若者・家族形成層・次世代コホート	希望↑ 連帯感↑ 自己効力感↑	住居、ケア、教育費、復帰キャリアが実際につながった事例を学校・企業・地域で共有し、少なくとも複数の代表エージェントが「自分たちでも未来を作れる」と感じる経路を観測する。
31	policy_search_with_sustain_hope_family	HP01	政策	若者希望経路保証	8	83	0.84	1.00	15-22歳・進学就職移行層	希望↑ 自己効力感↑ 将来予見性↑	学び、初職、地域プロジェクト、AI活用訓練を接続し、若者が5年後の役割を複数持てるようにする。特定進路の強制ではなく選べる経路を増やす。
31	policy_search_with_sustain_hope_family	HP02	政策	初職喪失リカバリー権	12	83	0.78	1.00	AI自動化影響層・非正規・無業	喪失感↓ 希望↑ 雇用安定↑	AIやロボ導入で初職や職域が狭まった人に、再訓練、職務経験、所得補償をセットで提供し、最初の失敗が人生全体の諦念にならないようにする。
31	policy_search_with_sustain_hope_family	HP03	政策	若者持分型地域プロジェクト	18	83	0.72	1.00	若者・地方・都市低所得層	連帯感↑ 希望↑ nat獲得↑	地域インフラ、ケア、教育、災害対応、文化活動の更新に若者が持分を持ち、参加が報酬と将来役割に接続する仕組みを作る。
31	policy_search_with_sustain_hope_family	HP04	政策	家族形成トライアル支援	20	83	0.76	1.00	23-40歳・将来家族形成層	子ども意向↑ 住居安定↑ 時間余力↑	同居、結婚、妊娠、出産、養育の前段階で、住居、時間、ケア、相談、医療アクセスを試せる支援を整え、後戻りできる安心を残す。
31	policy_search_with_sustain_hope_family	HP05	政策	子育て共同体・代替ケア網	22	83	0.80	1.00	子育て初期・ケア責任層・地域	子育て実行可能性↑ メンタル負荷↓ 連帯感↑	保育、病児対応、夜間支援、送迎、学習支援を地域と企業が共同で担い、親だけが壊れない構造を作る。
31	policy_search_with_sustain_hope_family	HP06	政策	若者発制度監査と異議申立	24	83	0.68	1.00	若者・低所得層・非婚非出産層	制度信頼↑ 裏切られ感↓ 反発↓	制度の対象外になった人、非婚・非出産を選ぶ人、低所得層が異議申し立てできる窓口を作り、施策が弱い人を材料にすることを防ぐ。
31	policy_search_with_sustain_hope_family	HP07	政策	希望不足時の条件監査	30	83	0.70	1.00	LLM観測対象	説明可能性↑ 副作用監査↑ 調整候補↑	デモ観測上、希望を持つ若者・家族形成層が十分に立ち上がらない場合に、どの構造条件が欠けたか、どの層で対象外感・政策疲労・財政不安が出たかを説明対象にする。感情を直接命令せず、経路・支援・信頼・副作用の条件で観測する。
31	policy_search_with_sustain_hope_family	HP08	政策	自動着金・仮払いセーフティ	8	83	0.86	1.00	若者・低中所得層・家族形成層	制度信頼↑ 不安↓ 生活防衛↓	申請から支給までの空白を減らすため、資格確認前の仮払い、あとから精算、異議申立を組み合わせる。支援が「いつか届く」ではなく「今つながる」経験になるようにする。
31	policy_search_with_sustain_hope_family	HP09	政策	若者住居・ケア即時枠	10	83	0.82	1.00	15-29歳・ケア責任層・無業非正規層	安心↑ 撤退圧↓ 希望↑	家を出られない、ケアで動けない、住居費で進路を選べない層に、短期住居、代替ケア、地域伴走を即時枠として用意し、社会からの逃避や長期離脱を防ぐ。
31	policy_search_with_sustain_hope_family	HP10	政策	家族形成条件の個別見通し面談	18	83	0.74	1.00	23-40歳・将来家族形成層・子育て初期	子ども意向↑ 将来予見性↑ 制度利用↑	結婚、妊娠、出産、育休、復帰、住居、教育費、介護との両立を個別ケースで見通せる面談と試算を行い、子どもを迎えたい人が「自分の場合に可能か」を判断できるようにする。
31	policy_search_with_sustain_hope_family	HP11	政策	初期成功ケースの透明公開	12	83	0.84	1.00	若者・家族形成層・制度不信層	制度信頼↑ 自己効力感↑ 希望↑	自動着金、短期住居、代替ケア、初職リカバリーで実際に立て直せた初期ケースを、個人を傷つけない匿名形式で公開する。制度が存在するだけでなく、使うと何が変わるかを確認できるようにする。
31	policy_search_with_sustain_hope_family	HP12	政策	若者・家族形成パーソナル予算枠	15	83	0.86	1.00	15-40歳・低中所得層・ケア責任層	将来予見性↑ 子ども意向↑ 生活防衛↓	住居、学び直し、ケア代替、医療相談、妊娠出産準備に使える5年単位の個人予算枠を付与し、転居や転職をしても権利が持ち運べるようにする。
31	policy_search_with_sustain_hope_family	HP13	政策	非対象者分断の補正説明	15	83	0.72	1.00	非婚非出産層・納税者・若者全体	反発↓ 制度信頼↑ 連帯感↑	家族形成支援を、出生数の押しつけではなく、住居、ケア、学び直し、孤立防止を含む共通インフラとして説明し、非対象者にも使える支援経路と異議申立を明示する。
31	policy_search_with_sustain_hope_family	HP14	政策	個別資格通知と即時予約	18	83	0.92	1.00	15-40歳・低中所得層・ケア責任層	制度利用↑ 将来予見性↑ 希望↑	対象者ごとに、自分が使える住居枠、学び直し予算、ケア代替、家族形成面談の予約可能日が通知される。抽象的な制度ではなく、本人のスマホや学校・職場窓口で具体的な次の一手を確認できる。
31	policy_search_with_sustain_hope_family	HP15	政策	初職・復帰の先行契約枠	18	83	0.84	1.00	若者・AI自動化影響層・子育て初期	雇用安定↑ 自己効力感↑ 生活防衛↓	自治体、企業、学校が連携し、AI活用職、ケア技術、地域更新、育休復帰の先行契約枠を公開する。研修中の所得補償と実務経験を結び、学び直しが空手形にならないようにする。
31	policy_search_with_sustain_hope_family	HP16	政策	子育て共同体の空き枠可視化	20	83	0.80	1.00	家族形成層・子育て初期・地域	子ども意向↑ 安心↑ 連帯感↑	保育、病児対応、夜間支援、送迎、学習支援、産後休息の空き枠を地域単位で可視化し、親だけで抱え込まない具体的な受け皿を見えるようにする。
31	policy_search_with_sustain_hope_family	HP17	社会反応	SNS希望反転と実体験共有	20	83	0.88	1.00	若者・家族形成層・SNS高感受性層	SNS不安↓ 連帯感↑ 希望↑	自動着金、住居即時枠、初職契約、代替ケアを実際に使った人の承諾済み体験談が広がり、「制度は遅いだけ」という認識に一部反例が生まれる。
31	policy_search_with_sustain_hope_family	HP18	政策	財政持続監査の初回クリア	20	83	0.82	1.00	国家・納税者・若者・家族形成層	財政不安↓ 制度信頼↑ 将来予見性↑	支援財源、物価影響、逆進性、非対象者補正の初回監査が公開され、持続性が崩れていないことと自動補正ルールが確認される。
31	policy_search_with_sustain_hope_family	HP19	政策	nat報酬の初回着金	20	83	0.90	1.00	若者・地域プロジェクト参加層・低中所得層	自己効力感↑ 希望↑ 制度利用↑	地域更新、ケア補助、学習支援、災害備えに参加した若者へ、初回のnat報酬が実際に着金する。社会を維持する行動が飯の種になる体験が生まれる。
31	policy_search_with_sustain_hope_family	HP20	政策	家族形成シミュレーション結果通知	22	83	0.84	1.00	23-40歳・将来家族形成層	子ども意向↑ 安心↑ 将来予見性↑	個別面談を受けた人に、住居、収入、ケア、産後休息、復帰キャリアを含む自分用の家族形成見通しが通知され、無理ならどの条件が足りないかも示される。
31	policy_search_with_sustain_hope_family	HP21	社会反応	希望ケースの地域拡張	31	83	0.92	1.00	若者・地方都市・低中所得層	希望↑ 連帯感↑ 制度信頼↑	初期成功が一部の特権ではなく、複数地域の高校、大学、専門学校、職場、地域プロジェクトに広がったことが可視化される。自分の近くにも使った人がいる状態になる。
31	policy_search_with_sustain_hope_family	HP22	政策	若者メンター・伴走紹介	31	83	0.84	1.00	15-29歳・進学就職移行層・無業非正規層	自己効力感↑ 相談↑ 希望↑	制度利用後に迷う若者へ、同年代または少し上のメンターが紹介される。情報収集だけで止まらず、応募、相談、転居、学び直し、地域参加の次の一手へつなぐ。
32	policy_search_with_sustain_hope_family	E03	ショック	地政学リスク上昇	12	36	0.60	0.70	全体	将来予見性↓ 制度信頼↓	国際緊張の継続で将来見通しが悪化し、長期意思決定が先送りされる。
32	policy_search_with_sustain_hope_family	E05	ショック	世界景気後退	24	42	0.75	0.60	全体	雇用安定↓ 制度信頼↓	輸出・投資の鈍化で求人が減少し、若年層のキャリア形成が不安定化。
32	policy_search_with_sustain_hope_family	E06	ショック	SNS悲観バイアス増幅	8	40	0.55	0.85	SNS高感受層	希望↓ 分断感↑	悲観情報が拡散しやすくなり、希望指数と相互信頼を押し下げる。
32	policy_search_with_sustain_hope_family	E07	ショック	介護需要急増	22	60	0.70	0.80	ケア責任層・地方・現役世代	ケア負担↑ 可処分時間↓ 希望↓	高齢化と家族介護の集中により、若者と現役世代の時間・所得・進路選択が圧迫される。
32	policy_search_with_sustain_hope_family	E08	ショック	医療提供体制ひっ迫	18	44	0.65	0.65	地方層・医療福祉層・高負荷層	制度信頼↓ メンタル負荷↑ 地域安定↓	医療人材不足と地域医療の縮小により、生活安心感と制度信頼が低下する。
32	policy_search_with_sustain_hope_family	E09	ショック	汎用ロボティクス普及による身体労働再編	12	60	0.62	0.75	製造・物流・小売・介護周辺	雇用安定↓ 生活コスト圧力↑	物流、製造、清掃、飲食、建設、介護補助などの身体労働でロボット導入が進み、地域産業と現場職の再編不安が広がる。
32	policy_search_with_sustain_hope_family	P01	政策	若者住居安定パッケージ	10	83	0.70	1.00	非正規・無業・若年就業	住居安定↑ 希望↑	家賃補助・保証人代替・転居支援を組み合わせ、居住不安を緩和する。
32	policy_search_with_sustain_hope_family	P02	政策	奨学金負担軽減・所得連動返済	8	83	0.80	1.00	在学層・負債高層	可処分所得↑ 子ども意向↑	返済負担の平準化と減免を導入し、将来投資の先送りを抑制する。
32	policy_search_with_sustain_hope_family	P03	政策	社会持続活動nat報酬制度	12	83	0.85	1.00	全体	nat獲得↑ 希望↑	学校・地域・介護・防災・制度更新活動を報酬化し、役割喪失を防ぐ。
32	policy_search_with_sustain_hope_family	P04	政策	子育て初期一時金1000万円	15	45	0.75	1.00	子育て初期・結婚前後	子ども意向↑ 出生実行↑	出生前後の初期費用を大幅に緩和するが、短期の財政負荷と逆選択リスクがある。
32	policy_search_with_sustain_hope_family	P05	政策	地域ケア就労の賃金底上げ	14	83	0.70	1.00	ケア責任層・地方	雇用安定↑ 制度信頼↑	ケア活動を社会基盤労働として扱い、賃金と社会的評価を引き上げる。
32	policy_search_with_sustain_hope_family	P06	政策	学び直し・移行雇用保証	16	83	0.78	1.00	非正規・無業・自動化影響層	雇用安定↑ 自己効力感↑	訓練と実務移行をセットで保証し、自動化ショックからの回復経路を提供する。
32	policy_search_with_sustain_hope_family	P07	政策	地方分散インフラ投資	20	83	0.65	1.00	地方層	住居安定↑ 希望↑	交通・医療・通信の更新により、地方での生活可能性を底上げする。
32	policy_search_with_sustain_hope_family	P08	政策	若年メンタルヘルス即時アクセス	9	83	0.72	1.00	高負荷層	メンタル負荷↓ 希望↑	心理支援への待機時間と費用障壁を下げ、長期離脱を防ぐ。
32	policy_search_with_sustain_hope_family	P09	政策	学校-企業-地域循環プロジェクト	18	83	0.68	1.00	在学層・若年就業	自己効力感↑ 制度信頼↑	学習内容と地域課題・雇用機会を連結し、努力の手応えを可視化する。
32	policy_search_with_sustain_hope_family	P10	政策	nat通貨の逆進性補正	30	83	0.60	1.00	低所得層中心	格差↓ 制度信頼↑	nat配分の偏りを是正し、参加機会の不公平を抑える再分配ルールを導入する。
32	policy_search_with_sustain_hope_family	P11	政策	介護ロボット・在宅支援普及	22	83	0.62	1.00	ケア責任層・地方・子育て初期	ケア負担↓ 可処分時間↑ 希望↑	介護ロボット、見守り、移乗支援、在宅医療接続を公共支援として広げ、家族ケアによる時間制約を緩和する。
32	policy_search_with_sustain_hope_family	BP01	政策	構造持続型出産一時金の上乗せ	15	60	0.82	1.00	子どもを望む家族形成層・将来家族形成層	子ども意向↑ 家計余力↑ 制度信頼↑	出生実績への成果報酬ではなく、望む人が子どもを迎えられる条件を整える目的で、妊娠・出産・初期育児の実費と所得喪失を一時金で緩衝する。
32	policy_search_with_sustain_hope_family	BP02	政策	産後休息・代替ケア保障	15	83	0.78	1.00	妊娠出産期・子育て初期・ケア責任層	時間余力↑ メンタル負荷↓ 出生圧力リスク↓	産後の休息、夜間支援、代替ケア、家事育児支援を公的に確保し、家族責任の固定化や母親だけへの負担集中を防ぐ。
32	policy_search_with_sustain_hope_family	BP03	政策	復帰キャリア・企業負担補正	18	83	0.70	1.00	企業・正規雇用・非正規雇用・子育て初期	雇用安定↑ 企業反発↓ 子ども意向↑	育休復帰、短時間勤務、配置転換、代替人員費を企業だけに背負わせず、構造持続会計で補正し、採用抑制や女性不利益を抑える。
32	policy_search_with_sustain_hope_family	BP04	政策	家族形成住居・教育費緩衝パッケージ	20	83	0.74	1.00	23-40歳・若者・低中所得層	住居安定↑ 教育費不安↓ 希望↑	住居、保育、教育費の長期不安を束ねて緩衝し、子どもを迎える判断が一時金だけで終わらないよう支える。
32	policy_search_with_sustain_hope_family	BP05	政策	出生非強制・監査ガードレール	15	83	0.68	1.00	全体	制度信頼↑ 反発↓ moral injury↓	非婚・非出産・単身・養育しない選択を不利益にせず、出生数ではなく選択可能条件を評価対象にする。若者の「産ませたいだけでは」という反発を監査する。
32	policy_search_with_sustain_hope_family	BP06	政策	財政・インフレ持続性監査	24	83	0.64	1.00	国家・金融・納税者・若者	財政不安↓ 制度信頼↑ 長期予見性↑	一時金と支援の財源、物価影響、対象公平性を継続監査し、金融システムを含む系の持続性が崩れた場合は自動補正する。
32	policy_search_with_sustain_hope_family	BP07	政策	希望経路の可視化と達成共有	30	83	0.76	1.00	若者・家族形成層・次世代コホート	希望↑ 連帯感↑ 自己効力感↑	住居、ケア、教育費、復帰キャリアが実際につながった事例を学校・企業・地域で共有し、少なくとも複数の代表エージェントが「自分たちでも未来を作れる」と感じる経路を観測する。
32	policy_search_with_sustain_hope_family	HP01	政策	若者希望経路保証	8	83	0.84	1.00	15-22歳・進学就職移行層	希望↑ 自己効力感↑ 将来予見性↑	学び、初職、地域プロジェクト、AI活用訓練を接続し、若者が5年後の役割を複数持てるようにする。特定進路の強制ではなく選べる経路を増やす。
32	policy_search_with_sustain_hope_family	HP02	政策	初職喪失リカバリー権	12	83	0.78	1.00	AI自動化影響層・非正規・無業	喪失感↓ 希望↑ 雇用安定↑	AIやロボ導入で初職や職域が狭まった人に、再訓練、職務経験、所得補償をセットで提供し、最初の失敗が人生全体の諦念にならないようにする。
32	policy_search_with_sustain_hope_family	HP03	政策	若者持分型地域プロジェクト	18	83	0.72	1.00	若者・地方・都市低所得層	連帯感↑ 希望↑ nat獲得↑	地域インフラ、ケア、教育、災害対応、文化活動の更新に若者が持分を持ち、参加が報酬と将来役割に接続する仕組みを作る。
32	policy_search_with_sustain_hope_family	HP04	政策	家族形成トライアル支援	20	83	0.76	1.00	23-40歳・将来家族形成層	子ども意向↑ 住居安定↑ 時間余力↑	同居、結婚、妊娠、出産、養育の前段階で、住居、時間、ケア、相談、医療アクセスを試せる支援を整え、後戻りできる安心を残す。
32	policy_search_with_sustain_hope_family	HP05	政策	子育て共同体・代替ケア網	22	83	0.80	1.00	子育て初期・ケア責任層・地域	子育て実行可能性↑ メンタル負荷↓ 連帯感↑	保育、病児対応、夜間支援、送迎、学習支援を地域と企業が共同で担い、親だけが壊れない構造を作る。
32	policy_search_with_sustain_hope_family	HP06	政策	若者発制度監査と異議申立	24	83	0.68	1.00	若者・低所得層・非婚非出産層	制度信頼↑ 裏切られ感↓ 反発↓	制度の対象外になった人、非婚・非出産を選ぶ人、低所得層が異議申し立てできる窓口を作り、施策が弱い人を材料にすることを防ぐ。
32	policy_search_with_sustain_hope_family	HP07	政策	希望不足時の条件監査	30	83	0.70	1.00	LLM観測対象	説明可能性↑ 副作用監査↑ 調整候補↑	デモ観測上、希望を持つ若者・家族形成層が十分に立ち上がらない場合に、どの構造条件が欠けたか、どの層で対象外感・政策疲労・財政不安が出たかを説明対象にする。感情を直接命令せず、経路・支援・信頼・副作用の条件で観測する。
32	policy_search_with_sustain_hope_family	HP08	政策	自動着金・仮払いセーフティ	8	83	0.86	1.00	若者・低中所得層・家族形成層	制度信頼↑ 不安↓ 生活防衛↓	申請から支給までの空白を減らすため、資格確認前の仮払い、あとから精算、異議申立を組み合わせる。支援が「いつか届く」ではなく「今つながる」経験になるようにする。
32	policy_search_with_sustain_hope_family	HP09	政策	若者住居・ケア即時枠	10	83	0.82	1.00	15-29歳・ケア責任層・無業非正規層	安心↑ 撤退圧↓ 希望↑	家を出られない、ケアで動けない、住居費で進路を選べない層に、短期住居、代替ケア、地域伴走を即時枠として用意し、社会からの逃避や長期離脱を防ぐ。
32	policy_search_with_sustain_hope_family	HP10	政策	家族形成条件の個別見通し面談	18	83	0.74	1.00	23-40歳・将来家族形成層・子育て初期	子ども意向↑ 将来予見性↑ 制度利用↑	結婚、妊娠、出産、育休、復帰、住居、教育費、介護との両立を個別ケースで見通せる面談と試算を行い、子どもを迎えたい人が「自分の場合に可能か」を判断できるようにする。
32	policy_search_with_sustain_hope_family	HP11	政策	初期成功ケースの透明公開	12	83	0.84	1.00	若者・家族形成層・制度不信層	制度信頼↑ 自己効力感↑ 希望↑	自動着金、短期住居、代替ケア、初職リカバリーで実際に立て直せた初期ケースを、個人を傷つけない匿名形式で公開する。制度が存在するだけでなく、使うと何が変わるかを確認できるようにする。
32	policy_search_with_sustain_hope_family	HP12	政策	若者・家族形成パーソナル予算枠	15	83	0.86	1.00	15-40歳・低中所得層・ケア責任層	将来予見性↑ 子ども意向↑ 生活防衛↓	住居、学び直し、ケア代替、医療相談、妊娠出産準備に使える5年単位の個人予算枠を付与し、転居や転職をしても権利が持ち運べるようにする。
32	policy_search_with_sustain_hope_family	HP13	政策	非対象者分断の補正説明	15	83	0.72	1.00	非婚非出産層・納税者・若者全体	反発↓ 制度信頼↑ 連帯感↑	家族形成支援を、出生数の押しつけではなく、住居、ケア、学び直し、孤立防止を含む共通インフラとして説明し、非対象者にも使える支援経路と異議申立を明示する。
32	policy_search_with_sustain_hope_family	HP14	政策	個別資格通知と即時予約	18	83	0.92	1.00	15-40歳・低中所得層・ケア責任層	制度利用↑ 将来予見性↑ 希望↑	対象者ごとに、自分が使える住居枠、学び直し予算、ケア代替、家族形成面談の予約可能日が通知される。抽象的な制度ではなく、本人のスマホや学校・職場窓口で具体的な次の一手を確認できる。
32	policy_search_with_sustain_hope_family	HP15	政策	初職・復帰の先行契約枠	18	83	0.84	1.00	若者・AI自動化影響層・子育て初期	雇用安定↑ 自己効力感↑ 生活防衛↓	自治体、企業、学校が連携し、AI活用職、ケア技術、地域更新、育休復帰の先行契約枠を公開する。研修中の所得補償と実務経験を結び、学び直しが空手形にならないようにする。
32	policy_search_with_sustain_hope_family	HP16	政策	子育て共同体の空き枠可視化	20	83	0.80	1.00	家族形成層・子育て初期・地域	子ども意向↑ 安心↑ 連帯感↑	保育、病児対応、夜間支援、送迎、学習支援、産後休息の空き枠を地域単位で可視化し、親だけで抱え込まない具体的な受け皿を見えるようにする。
32	policy_search_with_sustain_hope_family	HP17	社会反応	SNS希望反転と実体験共有	20	83	0.88	1.00	若者・家族形成層・SNS高感受性層	SNS不安↓ 連帯感↑ 希望↑	自動着金、住居即時枠、初職契約、代替ケアを実際に使った人の承諾済み体験談が広がり、「制度は遅いだけ」という認識に一部反例が生まれる。
32	policy_search_with_sustain_hope_family	HP18	政策	財政持続監査の初回クリア	20	83	0.82	1.00	国家・納税者・若者・家族形成層	財政不安↓ 制度信頼↑ 将来予見性↑	支援財源、物価影響、逆進性、非対象者補正の初回監査が公開され、持続性が崩れていないことと自動補正ルールが確認される。
32	policy_search_with_sustain_hope_family	HP19	政策	nat報酬の初回着金	20	83	0.90	1.00	若者・地域プロジェクト参加層・低中所得層	自己効力感↑ 希望↑ 制度利用↑	地域更新、ケア補助、学習支援、災害備えに参加した若者へ、初回のnat報酬が実際に着金する。社会を維持する行動が飯の種になる体験が生まれる。
32	policy_search_with_sustain_hope_family	HP20	政策	家族形成シミュレーション結果通知	22	83	0.84	1.00	23-40歳・将来家族形成層	子ども意向↑ 安心↑ 将来予見性↑	個別面談を受けた人に、住居、収入、ケア、産後休息、復帰キャリアを含む自分用の家族形成見通しが通知され、無理ならどの条件が足りないかも示される。
32	policy_search_with_sustain_hope_family	HP21	社会反応	希望ケースの地域拡張	31	83	0.92	1.00	若者・地方都市・低中所得層	希望↑ 連帯感↑ 制度信頼↑	初期成功が一部の特権ではなく、複数地域の高校、大学、専門学校、職場、地域プロジェクトに広がったことが可視化される。自分の近くにも使った人がいる状態になる。
32	policy_search_with_sustain_hope_family	HP22	政策	若者メンター・伴走紹介	31	83	0.84	1.00	15-29歳・進学就職移行層・無業非正規層	自己効力感↑ 相談↑ 希望↑	制度利用後に迷う若者へ、同年代または少し上のメンターが紹介される。情報収集だけで止まらず、応募、相談、転居、学び直し、地域参加の次の一手へつなぐ。
33	policy_search_with_sustain_hope_family	E03	ショック	地政学リスク上昇	12	36	0.60	0.70	全体	将来予見性↓ 制度信頼↓	国際緊張の継続で将来見通しが悪化し、長期意思決定が先送りされる。
33	policy_search_with_sustain_hope_family	E05	ショック	世界景気後退	24	42	0.75	0.60	全体	雇用安定↓ 制度信頼↓	輸出・投資の鈍化で求人が減少し、若年層のキャリア形成が不安定化。
33	policy_search_with_sustain_hope_family	E06	ショック	SNS悲観バイアス増幅	8	40	0.55	0.85	SNS高感受層	希望↓ 分断感↑	悲観情報が拡散しやすくなり、希望指数と相互信頼を押し下げる。
33	policy_search_with_sustain_hope_family	E07	ショック	介護需要急増	22	60	0.70	0.80	ケア責任層・地方・現役世代	ケア負担↑ 可処分時間↓ 希望↓	高齢化と家族介護の集中により、若者と現役世代の時間・所得・進路選択が圧迫される。
33	policy_search_with_sustain_hope_family	E08	ショック	医療提供体制ひっ迫	18	44	0.65	0.65	地方層・医療福祉層・高負荷層	制度信頼↓ メンタル負荷↑ 地域安定↓	医療人材不足と地域医療の縮小により、生活安心感と制度信頼が低下する。
33	policy_search_with_sustain_hope_family	E09	ショック	汎用ロボティクス普及による身体労働再編	12	60	0.62	0.75	製造・物流・小売・介護周辺	雇用安定↓ 生活コスト圧力↑	物流、製造、清掃、飲食、建設、介護補助などの身体労働でロボット導入が進み、地域産業と現場職の再編不安が広がる。
33	policy_search_with_sustain_hope_family	P01	政策	若者住居安定パッケージ	10	83	0.70	1.00	非正規・無業・若年就業	住居安定↑ 希望↑	家賃補助・保証人代替・転居支援を組み合わせ、居住不安を緩和する。
33	policy_search_with_sustain_hope_family	P02	政策	奨学金負担軽減・所得連動返済	8	83	0.80	1.00	在学層・負債高層	可処分所得↑ 子ども意向↑	返済負担の平準化と減免を導入し、将来投資の先送りを抑制する。
33	policy_search_with_sustain_hope_family	P03	政策	社会持続活動nat報酬制度	12	83	0.85	1.00	全体	nat獲得↑ 希望↑	学校・地域・介護・防災・制度更新活動を報酬化し、役割喪失を防ぐ。
33	policy_search_with_sustain_hope_family	P04	政策	子育て初期一時金1000万円	15	45	0.75	1.00	子育て初期・結婚前後	子ども意向↑ 出生実行↑	出生前後の初期費用を大幅に緩和するが、短期の財政負荷と逆選択リスクがある。
33	policy_search_with_sustain_hope_family	P05	政策	地域ケア就労の賃金底上げ	14	83	0.70	1.00	ケア責任層・地方	雇用安定↑ 制度信頼↑	ケア活動を社会基盤労働として扱い、賃金と社会的評価を引き上げる。
33	policy_search_with_sustain_hope_family	P06	政策	学び直し・移行雇用保証	16	83	0.78	1.00	非正規・無業・自動化影響層	雇用安定↑ 自己効力感↑	訓練と実務移行をセットで保証し、自動化ショックからの回復経路を提供する。
33	policy_search_with_sustain_hope_family	P07	政策	地方分散インフラ投資	20	83	0.65	1.00	地方層	住居安定↑ 希望↑	交通・医療・通信の更新により、地方での生活可能性を底上げする。
33	policy_search_with_sustain_hope_family	P08	政策	若年メンタルヘルス即時アクセス	9	83	0.72	1.00	高負荷層	メンタル負荷↓ 希望↑	心理支援への待機時間と費用障壁を下げ、長期離脱を防ぐ。
33	policy_search_with_sustain_hope_family	P09	政策	学校-企業-地域循環プロジェクト	18	83	0.68	1.00	在学層・若年就業	自己効力感↑ 制度信頼↑	学習内容と地域課題・雇用機会を連結し、努力の手応えを可視化する。
33	policy_search_with_sustain_hope_family	P10	政策	nat通貨の逆進性補正	30	83	0.60	1.00	低所得層中心	格差↓ 制度信頼↑	nat配分の偏りを是正し、参加機会の不公平を抑える再分配ルールを導入する。
33	policy_search_with_sustain_hope_family	P11	政策	介護ロボット・在宅支援普及	22	83	0.62	1.00	ケア責任層・地方・子育て初期	ケア負担↓ 可処分時間↑ 希望↑	介護ロボット、見守り、移乗支援、在宅医療接続を公共支援として広げ、家族ケアによる時間制約を緩和する。
33	policy_search_with_sustain_hope_family	BP01	政策	構造持続型出産一時金の上乗せ	15	60	0.82	1.00	子どもを望む家族形成層・将来家族形成層	子ども意向↑ 家計余力↑ 制度信頼↑	出生実績への成果報酬ではなく、望む人が子どもを迎えられる条件を整える目的で、妊娠・出産・初期育児の実費と所得喪失を一時金で緩衝する。
33	policy_search_with_sustain_hope_family	BP02	政策	産後休息・代替ケア保障	15	83	0.78	1.00	妊娠出産期・子育て初期・ケア責任層	時間余力↑ メンタル負荷↓ 出生圧力リスク↓	産後の休息、夜間支援、代替ケア、家事育児支援を公的に確保し、家族責任の固定化や母親だけへの負担集中を防ぐ。
33	policy_search_with_sustain_hope_family	BP03	政策	復帰キャリア・企業負担補正	18	83	0.70	1.00	企業・正規雇用・非正規雇用・子育て初期	雇用安定↑ 企業反発↓ 子ども意向↑	育休復帰、短時間勤務、配置転換、代替人員費を企業だけに背負わせず、構造持続会計で補正し、採用抑制や女性不利益を抑える。
33	policy_search_with_sustain_hope_family	BP04	政策	家族形成住居・教育費緩衝パッケージ	20	83	0.74	1.00	23-40歳・若者・低中所得層	住居安定↑ 教育費不安↓ 希望↑	住居、保育、教育費の長期不安を束ねて緩衝し、子どもを迎える判断が一時金だけで終わらないよう支える。
33	policy_search_with_sustain_hope_family	BP05	政策	出生非強制・監査ガードレール	15	83	0.68	1.00	全体	制度信頼↑ 反発↓ moral injury↓	非婚・非出産・単身・養育しない選択を不利益にせず、出生数ではなく選択可能条件を評価対象にする。若者の「産ませたいだけでは」という反発を監査する。
33	policy_search_with_sustain_hope_family	BP06	政策	財政・インフレ持続性監査	24	83	0.64	1.00	国家・金融・納税者・若者	財政不安↓ 制度信頼↑ 長期予見性↑	一時金と支援の財源、物価影響、対象公平性を継続監査し、金融システムを含む系の持続性が崩れた場合は自動補正する。
33	policy_search_with_sustain_hope_family	BP07	政策	希望経路の可視化と達成共有	30	83	0.76	1.00	若者・家族形成層・次世代コホート	希望↑ 連帯感↑ 自己効力感↑	住居、ケア、教育費、復帰キャリアが実際につながった事例を学校・企業・地域で共有し、少なくとも複数の代表エージェントが「自分たちでも未来を作れる」と感じる経路を観測する。
33	policy_search_with_sustain_hope_family	HP01	政策	若者希望経路保証	8	83	0.84	1.00	15-22歳・進学就職移行層	希望↑ 自己効力感↑ 将来予見性↑	学び、初職、地域プロジェクト、AI活用訓練を接続し、若者が5年後の役割を複数持てるようにする。特定進路の強制ではなく選べる経路を増やす。
33	policy_search_with_sustain_hope_family	HP02	政策	初職喪失リカバリー権	12	83	0.78	1.00	AI自動化影響層・非正規・無業	喪失感↓ 希望↑ 雇用安定↑	AIやロボ導入で初職や職域が狭まった人に、再訓練、職務経験、所得補償をセットで提供し、最初の失敗が人生全体の諦念にならないようにする。
33	policy_search_with_sustain_hope_family	HP03	政策	若者持分型地域プロジェクト	18	83	0.72	1.00	若者・地方・都市低所得層	連帯感↑ 希望↑ nat獲得↑	地域インフラ、ケア、教育、災害対応、文化活動の更新に若者が持分を持ち、参加が報酬と将来役割に接続する仕組みを作る。
33	policy_search_with_sustain_hope_family	HP04	政策	家族形成トライアル支援	20	83	0.76	1.00	23-40歳・将来家族形成層	子ども意向↑ 住居安定↑ 時間余力↑	同居、結婚、妊娠、出産、養育の前段階で、住居、時間、ケア、相談、医療アクセスを試せる支援を整え、後戻りできる安心を残す。
33	policy_search_with_sustain_hope_family	HP05	政策	子育て共同体・代替ケア網	22	83	0.80	1.00	子育て初期・ケア責任層・地域	子育て実行可能性↑ メンタル負荷↓ 連帯感↑	保育、病児対応、夜間支援、送迎、学習支援を地域と企業が共同で担い、親だけが壊れない構造を作る。
33	policy_search_with_sustain_hope_family	HP06	政策	若者発制度監査と異議申立	24	83	0.68	1.00	若者・低所得層・非婚非出産層	制度信頼↑ 裏切られ感↓ 反発↓	制度の対象外になった人、非婚・非出産を選ぶ人、低所得層が異議申し立てできる窓口を作り、施策が弱い人を材料にすることを防ぐ。
33	policy_search_with_sustain_hope_family	HP07	政策	希望不足時の条件監査	30	83	0.70	1.00	LLM観測対象	説明可能性↑ 副作用監査↑ 調整候補↑	デモ観測上、希望を持つ若者・家族形成層が十分に立ち上がらない場合に、どの構造条件が欠けたか、どの層で対象外感・政策疲労・財政不安が出たかを説明対象にする。感情を直接命令せず、経路・支援・信頼・副作用の条件で観測する。
33	policy_search_with_sustain_hope_family	HP08	政策	自動着金・仮払いセーフティ	8	83	0.86	1.00	若者・低中所得層・家族形成層	制度信頼↑ 不安↓ 生活防衛↓	申請から支給までの空白を減らすため、資格確認前の仮払い、あとから精算、異議申立を組み合わせる。支援が「いつか届く」ではなく「今つながる」経験になるようにする。
33	policy_search_with_sustain_hope_family	HP09	政策	若者住居・ケア即時枠	10	83	0.82	1.00	15-29歳・ケア責任層・無業非正規層	安心↑ 撤退圧↓ 希望↑	家を出られない、ケアで動けない、住居費で進路を選べない層に、短期住居、代替ケア、地域伴走を即時枠として用意し、社会からの逃避や長期離脱を防ぐ。
33	policy_search_with_sustain_hope_family	HP10	政策	家族形成条件の個別見通し面談	18	83	0.74	1.00	23-40歳・将来家族形成層・子育て初期	子ども意向↑ 将来予見性↑ 制度利用↑	結婚、妊娠、出産、育休、復帰、住居、教育費、介護との両立を個別ケースで見通せる面談と試算を行い、子どもを迎えたい人が「自分の場合に可能か」を判断できるようにする。
33	policy_search_with_sustain_hope_family	HP11	政策	初期成功ケースの透明公開	12	83	0.84	1.00	若者・家族形成層・制度不信層	制度信頼↑ 自己効力感↑ 希望↑	自動着金、短期住居、代替ケア、初職リカバリーで実際に立て直せた初期ケースを、個人を傷つけない匿名形式で公開する。制度が存在するだけでなく、使うと何が変わるかを確認できるようにする。
33	policy_search_with_sustain_hope_family	HP12	政策	若者・家族形成パーソナル予算枠	15	83	0.86	1.00	15-40歳・低中所得層・ケア責任層	将来予見性↑ 子ども意向↑ 生活防衛↓	住居、学び直し、ケア代替、医療相談、妊娠出産準備に使える5年単位の個人予算枠を付与し、転居や転職をしても権利が持ち運べるようにする。
33	policy_search_with_sustain_hope_family	HP13	政策	非対象者分断の補正説明	15	83	0.72	1.00	非婚非出産層・納税者・若者全体	反発↓ 制度信頼↑ 連帯感↑	家族形成支援を、出生数の押しつけではなく、住居、ケア、学び直し、孤立防止を含む共通インフラとして説明し、非対象者にも使える支援経路と異議申立を明示する。
33	policy_search_with_sustain_hope_family	HP14	政策	個別資格通知と即時予約	18	83	0.92	1.00	15-40歳・低中所得層・ケア責任層	制度利用↑ 将来予見性↑ 希望↑	対象者ごとに、自分が使える住居枠、学び直し予算、ケア代替、家族形成面談の予約可能日が通知される。抽象的な制度ではなく、本人のスマホや学校・職場窓口で具体的な次の一手を確認できる。
33	policy_search_with_sustain_hope_family	HP15	政策	初職・復帰の先行契約枠	18	83	0.84	1.00	若者・AI自動化影響層・子育て初期	雇用安定↑ 自己効力感↑ 生活防衛↓	自治体、企業、学校が連携し、AI活用職、ケア技術、地域更新、育休復帰の先行契約枠を公開する。研修中の所得補償と実務経験を結び、学び直しが空手形にならないようにする。
33	policy_search_with_sustain_hope_family	HP16	政策	子育て共同体の空き枠可視化	20	83	0.80	1.00	家族形成層・子育て初期・地域	子ども意向↑ 安心↑ 連帯感↑	保育、病児対応、夜間支援、送迎、学習支援、産後休息の空き枠を地域単位で可視化し、親だけで抱え込まない具体的な受け皿を見えるようにする。
33	policy_search_with_sustain_hope_family	HP17	社会反応	SNS希望反転と実体験共有	20	83	0.88	1.00	若者・家族形成層・SNS高感受性層	SNS不安↓ 連帯感↑ 希望↑	自動着金、住居即時枠、初職契約、代替ケアを実際に使った人の承諾済み体験談が広がり、「制度は遅いだけ」という認識に一部反例が生まれる。
33	policy_search_with_sustain_hope_family	HP18	政策	財政持続監査の初回クリア	20	83	0.82	1.00	国家・納税者・若者・家族形成層	財政不安↓ 制度信頼↑ 将来予見性↑	支援財源、物価影響、逆進性、非対象者補正の初回監査が公開され、持続性が崩れていないことと自動補正ルールが確認される。
33	policy_search_with_sustain_hope_family	HP19	政策	nat報酬の初回着金	20	83	0.90	1.00	若者・地域プロジェクト参加層・低中所得層	自己効力感↑ 希望↑ 制度利用↑	地域更新、ケア補助、学習支援、災害備えに参加した若者へ、初回のnat報酬が実際に着金する。社会を維持する行動が飯の種になる体験が生まれる。
33	policy_search_with_sustain_hope_family	HP20	政策	家族形成シミュレーション結果通知	22	83	0.84	1.00	23-40歳・将来家族形成層	子ども意向↑ 安心↑ 将来予見性↑	個別面談を受けた人に、住居、収入、ケア、産後休息、復帰キャリアを含む自分用の家族形成見通しが通知され、無理ならどの条件が足りないかも示される。
33	policy_search_with_sustain_hope_family	HP21	社会反応	希望ケースの地域拡張	31	83	0.92	1.00	若者・地方都市・低中所得層	希望↑ 連帯感↑ 制度信頼↑	初期成功が一部の特権ではなく、複数地域の高校、大学、専門学校、職場、地域プロジェクトに広がったことが可視化される。自分の近くにも使った人がいる状態になる。
33	policy_search_with_sustain_hope_family	HP22	政策	若者メンター・伴走紹介	31	83	0.84	1.00	15-29歳・進学就職移行層・無業非正規層	自己効力感↑ 相談↑ 希望↑	制度利用後に迷う若者へ、同年代または少し上のメンターが紹介される。情報収集だけで止まらず、応募、相談、転居、学び直し、地域参加の次の一手へつなぐ。
34	policy_search_with_sustain_hope_family	E03	ショック	地政学リスク上昇	12	36	0.60	0.70	全体	将来予見性↓ 制度信頼↓	国際緊張の継続で将来見通しが悪化し、長期意思決定が先送りされる。
34	policy_search_with_sustain_hope_family	E05	ショック	世界景気後退	24	42	0.75	0.60	全体	雇用安定↓ 制度信頼↓	輸出・投資の鈍化で求人が減少し、若年層のキャリア形成が不安定化。
34	policy_search_with_sustain_hope_family	E06	ショック	SNS悲観バイアス増幅	8	40	0.55	0.85	SNS高感受層	希望↓ 分断感↑	悲観情報が拡散しやすくなり、希望指数と相互信頼を押し下げる。
34	policy_search_with_sustain_hope_family	E07	ショック	介護需要急増	22	60	0.70	0.80	ケア責任層・地方・現役世代	ケア負担↑ 可処分時間↓ 希望↓	高齢化と家族介護の集中により、若者と現役世代の時間・所得・進路選択が圧迫される。
34	policy_search_with_sustain_hope_family	E08	ショック	医療提供体制ひっ迫	18	44	0.65	0.65	地方層・医療福祉層・高負荷層	制度信頼↓ メンタル負荷↑ 地域安定↓	医療人材不足と地域医療の縮小により、生活安心感と制度信頼が低下する。
34	policy_search_with_sustain_hope_family	E09	ショック	汎用ロボティクス普及による身体労働再編	12	60	0.62	0.75	製造・物流・小売・介護周辺	雇用安定↓ 生活コスト圧力↑	物流、製造、清掃、飲食、建設、介護補助などの身体労働でロボット導入が進み、地域産業と現場職の再編不安が広がる。
34	policy_search_with_sustain_hope_family	P01	政策	若者住居安定パッケージ	10	83	0.70	1.00	非正規・無業・若年就業	住居安定↑ 希望↑	家賃補助・保証人代替・転居支援を組み合わせ、居住不安を緩和する。
34	policy_search_with_sustain_hope_family	P02	政策	奨学金負担軽減・所得連動返済	8	83	0.80	1.00	在学層・負債高層	可処分所得↑ 子ども意向↑	返済負担の平準化と減免を導入し、将来投資の先送りを抑制する。
34	policy_search_with_sustain_hope_family	P03	政策	社会持続活動nat報酬制度	12	83	0.85	1.00	全体	nat獲得↑ 希望↑	学校・地域・介護・防災・制度更新活動を報酬化し、役割喪失を防ぐ。
34	policy_search_with_sustain_hope_family	P04	政策	子育て初期一時金1000万円	15	45	0.75	1.00	子育て初期・結婚前後	子ども意向↑ 出生実行↑	出生前後の初期費用を大幅に緩和するが、短期の財政負荷と逆選択リスクがある。
34	policy_search_with_sustain_hope_family	P05	政策	地域ケア就労の賃金底上げ	14	83	0.70	1.00	ケア責任層・地方	雇用安定↑ 制度信頼↑	ケア活動を社会基盤労働として扱い、賃金と社会的評価を引き上げる。
34	policy_search_with_sustain_hope_family	P06	政策	学び直し・移行雇用保証	16	83	0.78	1.00	非正規・無業・自動化影響層	雇用安定↑ 自己効力感↑	訓練と実務移行をセットで保証し、自動化ショックからの回復経路を提供する。
34	policy_search_with_sustain_hope_family	P07	政策	地方分散インフラ投資	20	83	0.65	1.00	地方層	住居安定↑ 希望↑	交通・医療・通信の更新により、地方での生活可能性を底上げする。
34	policy_search_with_sustain_hope_family	P08	政策	若年メンタルヘルス即時アクセス	9	83	0.72	1.00	高負荷層	メンタル負荷↓ 希望↑	心理支援への待機時間と費用障壁を下げ、長期離脱を防ぐ。
34	policy_search_with_sustain_hope_family	P09	政策	学校-企業-地域循環プロジェクト	18	83	0.68	1.00	在学層・若年就業	自己効力感↑ 制度信頼↑	学習内容と地域課題・雇用機会を連結し、努力の手応えを可視化する。
34	policy_search_with_sustain_hope_family	P10	政策	nat通貨の逆進性補正	30	83	0.60	1.00	低所得層中心	格差↓ 制度信頼↑	nat配分の偏りを是正し、参加機会の不公平を抑える再分配ルールを導入する。
34	policy_search_with_sustain_hope_family	P11	政策	介護ロボット・在宅支援普及	22	83	0.62	1.00	ケア責任層・地方・子育て初期	ケア負担↓ 可処分時間↑ 希望↑	介護ロボット、見守り、移乗支援、在宅医療接続を公共支援として広げ、家族ケアによる時間制約を緩和する。
34	policy_search_with_sustain_hope_family	BP01	政策	構造持続型出産一時金の上乗せ	15	60	0.82	1.00	子どもを望む家族形成層・将来家族形成層	子ども意向↑ 家計余力↑ 制度信頼↑	出生実績への成果報酬ではなく、望む人が子どもを迎えられる条件を整える目的で、妊娠・出産・初期育児の実費と所得喪失を一時金で緩衝する。
34	policy_search_with_sustain_hope_family	BP02	政策	産後休息・代替ケア保障	15	83	0.78	1.00	妊娠出産期・子育て初期・ケア責任層	時間余力↑ メンタル負荷↓ 出生圧力リスク↓	産後の休息、夜間支援、代替ケア、家事育児支援を公的に確保し、家族責任の固定化や母親だけへの負担集中を防ぐ。
34	policy_search_with_sustain_hope_family	BP03	政策	復帰キャリア・企業負担補正	18	83	0.70	1.00	企業・正規雇用・非正規雇用・子育て初期	雇用安定↑ 企業反発↓ 子ども意向↑	育休復帰、短時間勤務、配置転換、代替人員費を企業だけに背負わせず、構造持続会計で補正し、採用抑制や女性不利益を抑える。
34	policy_search_with_sustain_hope_family	BP04	政策	家族形成住居・教育費緩衝パッケージ	20	83	0.74	1.00	23-40歳・若者・低中所得層	住居安定↑ 教育費不安↓ 希望↑	住居、保育、教育費の長期不安を束ねて緩衝し、子どもを迎える判断が一時金だけで終わらないよう支える。
34	policy_search_with_sustain_hope_family	BP05	政策	出生非強制・監査ガードレール	15	83	0.68	1.00	全体	制度信頼↑ 反発↓ moral injury↓	非婚・非出産・単身・養育しない選択を不利益にせず、出生数ではなく選択可能条件を評価対象にする。若者の「産ませたいだけでは」という反発を監査する。
34	policy_search_with_sustain_hope_family	BP06	政策	財政・インフレ持続性監査	24	83	0.64	1.00	国家・金融・納税者・若者	財政不安↓ 制度信頼↑ 長期予見性↑	一時金と支援の財源、物価影響、対象公平性を継続監査し、金融システムを含む系の持続性が崩れた場合は自動補正する。
34	policy_search_with_sustain_hope_family	BP07	政策	希望経路の可視化と達成共有	30	83	0.76	1.00	若者・家族形成層・次世代コホート	希望↑ 連帯感↑ 自己効力感↑	住居、ケア、教育費、復帰キャリアが実際につながった事例を学校・企業・地域で共有し、少なくとも複数の代表エージェントが「自分たちでも未来を作れる」と感じる経路を観測する。
34	policy_search_with_sustain_hope_family	HP01	政策	若者希望経路保証	8	83	0.84	1.00	15-22歳・進学就職移行層	希望↑ 自己効力感↑ 将来予見性↑	学び、初職、地域プロジェクト、AI活用訓練を接続し、若者が5年後の役割を複数持てるようにする。特定進路の強制ではなく選べる経路を増やす。
34	policy_search_with_sustain_hope_family	HP02	政策	初職喪失リカバリー権	12	83	0.78	1.00	AI自動化影響層・非正規・無業	喪失感↓ 希望↑ 雇用安定↑	AIやロボ導入で初職や職域が狭まった人に、再訓練、職務経験、所得補償をセットで提供し、最初の失敗が人生全体の諦念にならないようにする。
34	policy_search_with_sustain_hope_family	HP03	政策	若者持分型地域プロジェクト	18	83	0.72	1.00	若者・地方・都市低所得層	連帯感↑ 希望↑ nat獲得↑	地域インフラ、ケア、教育、災害対応、文化活動の更新に若者が持分を持ち、参加が報酬と将来役割に接続する仕組みを作る。
34	policy_search_with_sustain_hope_family	HP04	政策	家族形成トライアル支援	20	83	0.76	1.00	23-40歳・将来家族形成層	子ども意向↑ 住居安定↑ 時間余力↑	同居、結婚、妊娠、出産、養育の前段階で、住居、時間、ケア、相談、医療アクセスを試せる支援を整え、後戻りできる安心を残す。
34	policy_search_with_sustain_hope_family	HP05	政策	子育て共同体・代替ケア網	22	83	0.80	1.00	子育て初期・ケア責任層・地域	子育て実行可能性↑ メンタル負荷↓ 連帯感↑	保育、病児対応、夜間支援、送迎、学習支援を地域と企業が共同で担い、親だけが壊れない構造を作る。
34	policy_search_with_sustain_hope_family	HP06	政策	若者発制度監査と異議申立	24	83	0.68	1.00	若者・低所得層・非婚非出産層	制度信頼↑ 裏切られ感↓ 反発↓	制度の対象外になった人、非婚・非出産を選ぶ人、低所得層が異議申し立てできる窓口を作り、施策が弱い人を材料にすることを防ぐ。
34	policy_search_with_sustain_hope_family	HP07	政策	希望不足時の条件監査	30	83	0.70	1.00	LLM観測対象	説明可能性↑ 副作用監査↑ 調整候補↑	デモ観測上、希望を持つ若者・家族形成層が十分に立ち上がらない場合に、どの構造条件が欠けたか、どの層で対象外感・政策疲労・財政不安が出たかを説明対象にする。感情を直接命令せず、経路・支援・信頼・副作用の条件で観測する。
34	policy_search_with_sustain_hope_family	HP08	政策	自動着金・仮払いセーフティ	8	83	0.86	1.00	若者・低中所得層・家族形成層	制度信頼↑ 不安↓ 生活防衛↓	申請から支給までの空白を減らすため、資格確認前の仮払い、あとから精算、異議申立を組み合わせる。支援が「いつか届く」ではなく「今つながる」経験になるようにする。
34	policy_search_with_sustain_hope_family	HP09	政策	若者住居・ケア即時枠	10	83	0.82	1.00	15-29歳・ケア責任層・無業非正規層	安心↑ 撤退圧↓ 希望↑	家を出られない、ケアで動けない、住居費で進路を選べない層に、短期住居、代替ケア、地域伴走を即時枠として用意し、社会からの逃避や長期離脱を防ぐ。
34	policy_search_with_sustain_hope_family	HP10	政策	家族形成条件の個別見通し面談	18	83	0.74	1.00	23-40歳・将来家族形成層・子育て初期	子ども意向↑ 将来予見性↑ 制度利用↑	結婚、妊娠、出産、育休、復帰、住居、教育費、介護との両立を個別ケースで見通せる面談と試算を行い、子どもを迎えたい人が「自分の場合に可能か」を判断できるようにする。
34	policy_search_with_sustain_hope_family	HP11	政策	初期成功ケースの透明公開	12	83	0.84	1.00	若者・家族形成層・制度不信層	制度信頼↑ 自己効力感↑ 希望↑	自動着金、短期住居、代替ケア、初職リカバリーで実際に立て直せた初期ケースを、個人を傷つけない匿名形式で公開する。制度が存在するだけでなく、使うと何が変わるかを確認できるようにする。
34	policy_search_with_sustain_hope_family	HP12	政策	若者・家族形成パーソナル予算枠	15	83	0.86	1.00	15-40歳・低中所得層・ケア責任層	将来予見性↑ 子ども意向↑ 生活防衛↓	住居、学び直し、ケア代替、医療相談、妊娠出産準備に使える5年単位の個人予算枠を付与し、転居や転職をしても権利が持ち運べるようにする。
34	policy_search_with_sustain_hope_family	HP13	政策	非対象者分断の補正説明	15	83	0.72	1.00	非婚非出産層・納税者・若者全体	反発↓ 制度信頼↑ 連帯感↑	家族形成支援を、出生数の押しつけではなく、住居、ケア、学び直し、孤立防止を含む共通インフラとして説明し、非対象者にも使える支援経路と異議申立を明示する。
34	policy_search_with_sustain_hope_family	HP14	政策	個別資格通知と即時予約	18	83	0.92	1.00	15-40歳・低中所得層・ケア責任層	制度利用↑ 将来予見性↑ 希望↑	対象者ごとに、自分が使える住居枠、学び直し予算、ケア代替、家族形成面談の予約可能日が通知される。抽象的な制度ではなく、本人のスマホや学校・職場窓口で具体的な次の一手を確認できる。
34	policy_search_with_sustain_hope_family	HP15	政策	初職・復帰の先行契約枠	18	83	0.84	1.00	若者・AI自動化影響層・子育て初期	雇用安定↑ 自己効力感↑ 生活防衛↓	自治体、企業、学校が連携し、AI活用職、ケア技術、地域更新、育休復帰の先行契約枠を公開する。研修中の所得補償と実務経験を結び、学び直しが空手形にならないようにする。
34	policy_search_with_sustain_hope_family	HP16	政策	子育て共同体の空き枠可視化	20	83	0.80	1.00	家族形成層・子育て初期・地域	子ども意向↑ 安心↑ 連帯感↑	保育、病児対応、夜間支援、送迎、学習支援、産後休息の空き枠を地域単位で可視化し、親だけで抱え込まない具体的な受け皿を見えるようにする。
34	policy_search_with_sustain_hope_family	HP17	社会反応	SNS希望反転と実体験共有	20	83	0.88	1.00	若者・家族形成層・SNS高感受性層	SNS不安↓ 連帯感↑ 希望↑	自動着金、住居即時枠、初職契約、代替ケアを実際に使った人の承諾済み体験談が広がり、「制度は遅いだけ」という認識に一部反例が生まれる。
34	policy_search_with_sustain_hope_family	HP18	政策	財政持続監査の初回クリア	20	83	0.82	1.00	国家・納税者・若者・家族形成層	財政不安↓ 制度信頼↑ 将来予見性↑	支援財源、物価影響、逆進性、非対象者補正の初回監査が公開され、持続性が崩れていないことと自動補正ルールが確認される。
34	policy_search_with_sustain_hope_family	HP19	政策	nat報酬の初回着金	20	83	0.90	1.00	若者・地域プロジェクト参加層・低中所得層	自己効力感↑ 希望↑ 制度利用↑	地域更新、ケア補助、学習支援、災害備えに参加した若者へ、初回のnat報酬が実際に着金する。社会を維持する行動が飯の種になる体験が生まれる。
34	policy_search_with_sustain_hope_family	HP20	政策	家族形成シミュレーション結果通知	22	83	0.84	1.00	23-40歳・将来家族形成層	子ども意向↑ 安心↑ 将来予見性↑	個別面談を受けた人に、住居、収入、ケア、産後休息、復帰キャリアを含む自分用の家族形成見通しが通知され、無理ならどの条件が足りないかも示される。
34	policy_search_with_sustain_hope_family	HP21	社会反応	希望ケースの地域拡張	31	83	0.92	1.00	若者・地方都市・低中所得層	希望↑ 連帯感↑ 制度信頼↑	初期成功が一部の特権ではなく、複数地域の高校、大学、専門学校、職場、地域プロジェクトに広がったことが可視化される。自分の近くにも使った人がいる状態になる。
34	policy_search_with_sustain_hope_family	HP22	政策	若者メンター・伴走紹介	31	83	0.84	1.00	15-29歳・進学就職移行層・無業非正規層	自己効力感↑ 相談↑ 希望↑	制度利用後に迷う若者へ、同年代または少し上のメンターが紹介される。情報収集だけで止まらず、応募、相談、転居、学び直し、地域参加の次の一手へつなぐ。
35	policy_search_with_sustain_hope_family	E03	ショック	地政学リスク上昇	12	36	0.60	0.70	全体	将来予見性↓ 制度信頼↓	国際緊張の継続で将来見通しが悪化し、長期意思決定が先送りされる。
35	policy_search_with_sustain_hope_family	E05	ショック	世界景気後退	24	42	0.75	0.60	全体	雇用安定↓ 制度信頼↓	輸出・投資の鈍化で求人が減少し、若年層のキャリア形成が不安定化。
35	policy_search_with_sustain_hope_family	E06	ショック	SNS悲観バイアス増幅	8	40	0.55	0.85	SNS高感受層	希望↓ 分断感↑	悲観情報が拡散しやすくなり、希望指数と相互信頼を押し下げる。
35	policy_search_with_sustain_hope_family	E07	ショック	介護需要急増	22	60	0.70	0.80	ケア責任層・地方・現役世代	ケア負担↑ 可処分時間↓ 希望↓	高齢化と家族介護の集中により、若者と現役世代の時間・所得・進路選択が圧迫される。
35	policy_search_with_sustain_hope_family	E08	ショック	医療提供体制ひっ迫	18	44	0.65	0.65	地方層・医療福祉層・高負荷層	制度信頼↓ メンタル負荷↑ 地域安定↓	医療人材不足と地域医療の縮小により、生活安心感と制度信頼が低下する。
35	policy_search_with_sustain_hope_family	E09	ショック	汎用ロボティクス普及による身体労働再編	12	60	0.62	0.75	製造・物流・小売・介護周辺	雇用安定↓ 生活コスト圧力↑	物流、製造、清掃、飲食、建設、介護補助などの身体労働でロボット導入が進み、地域産業と現場職の再編不安が広がる。
35	policy_search_with_sustain_hope_family	P01	政策	若者住居安定パッケージ	10	83	0.70	1.00	非正規・無業・若年就業	住居安定↑ 希望↑	家賃補助・保証人代替・転居支援を組み合わせ、居住不安を緩和する。
35	policy_search_with_sustain_hope_family	P02	政策	奨学金負担軽減・所得連動返済	8	83	0.80	1.00	在学層・負債高層	可処分所得↑ 子ども意向↑	返済負担の平準化と減免を導入し、将来投資の先送りを抑制する。
35	policy_search_with_sustain_hope_family	P03	政策	社会持続活動nat報酬制度	12	83	0.85	1.00	全体	nat獲得↑ 希望↑	学校・地域・介護・防災・制度更新活動を報酬化し、役割喪失を防ぐ。
35	policy_search_with_sustain_hope_family	P04	政策	子育て初期一時金1000万円	15	45	0.75	1.00	子育て初期・結婚前後	子ども意向↑ 出生実行↑	出生前後の初期費用を大幅に緩和するが、短期の財政負荷と逆選択リスクがある。
35	policy_search_with_sustain_hope_family	P05	政策	地域ケア就労の賃金底上げ	14	83	0.70	1.00	ケア責任層・地方	雇用安定↑ 制度信頼↑	ケア活動を社会基盤労働として扱い、賃金と社会的評価を引き上げる。
35	policy_search_with_sustain_hope_family	P06	政策	学び直し・移行雇用保証	16	83	0.78	1.00	非正規・無業・自動化影響層	雇用安定↑ 自己効力感↑	訓練と実務移行をセットで保証し、自動化ショックからの回復経路を提供する。
35	policy_search_with_sustain_hope_family	P07	政策	地方分散インフラ投資	20	83	0.65	1.00	地方層	住居安定↑ 希望↑	交通・医療・通信の更新により、地方での生活可能性を底上げする。
35	policy_search_with_sustain_hope_family	P08	政策	若年メンタルヘルス即時アクセス	9	83	0.72	1.00	高負荷層	メンタル負荷↓ 希望↑	心理支援への待機時間と費用障壁を下げ、長期離脱を防ぐ。
35	policy_search_with_sustain_hope_family	P09	政策	学校-企業-地域循環プロジェクト	18	83	0.68	1.00	在学層・若年就業	自己効力感↑ 制度信頼↑	学習内容と地域課題・雇用機会を連結し、努力の手応えを可視化する。
35	policy_search_with_sustain_hope_family	P10	政策	nat通貨の逆進性補正	30	83	0.60	1.00	低所得層中心	格差↓ 制度信頼↑	nat配分の偏りを是正し、参加機会の不公平を抑える再分配ルールを導入する。
35	policy_search_with_sustain_hope_family	P11	政策	介護ロボット・在宅支援普及	22	83	0.62	1.00	ケア責任層・地方・子育て初期	ケア負担↓ 可処分時間↑ 希望↑	介護ロボット、見守り、移乗支援、在宅医療接続を公共支援として広げ、家族ケアによる時間制約を緩和する。
35	policy_search_with_sustain_hope_family	BP01	政策	構造持続型出産一時金の上乗せ	15	60	0.82	1.00	子どもを望む家族形成層・将来家族形成層	子ども意向↑ 家計余力↑ 制度信頼↑	出生実績への成果報酬ではなく、望む人が子どもを迎えられる条件を整える目的で、妊娠・出産・初期育児の実費と所得喪失を一時金で緩衝する。
35	policy_search_with_sustain_hope_family	BP02	政策	産後休息・代替ケア保障	15	83	0.78	1.00	妊娠出産期・子育て初期・ケア責任層	時間余力↑ メンタル負荷↓ 出生圧力リスク↓	産後の休息、夜間支援、代替ケア、家事育児支援を公的に確保し、家族責任の固定化や母親だけへの負担集中を防ぐ。
35	policy_search_with_sustain_hope_family	BP03	政策	復帰キャリア・企業負担補正	18	83	0.70	1.00	企業・正規雇用・非正規雇用・子育て初期	雇用安定↑ 企業反発↓ 子ども意向↑	育休復帰、短時間勤務、配置転換、代替人員費を企業だけに背負わせず、構造持続会計で補正し、採用抑制や女性不利益を抑える。
35	policy_search_with_sustain_hope_family	BP04	政策	家族形成住居・教育費緩衝パッケージ	20	83	0.74	1.00	23-40歳・若者・低中所得層	住居安定↑ 教育費不安↓ 希望↑	住居、保育、教育費の長期不安を束ねて緩衝し、子どもを迎える判断が一時金だけで終わらないよう支える。
35	policy_search_with_sustain_hope_family	BP05	政策	出生非強制・監査ガードレール	15	83	0.68	1.00	全体	制度信頼↑ 反発↓ moral injury↓	非婚・非出産・単身・養育しない選択を不利益にせず、出生数ではなく選択可能条件を評価対象にする。若者の「産ませたいだけでは」という反発を監査する。
35	policy_search_with_sustain_hope_family	BP06	政策	財政・インフレ持続性監査	24	83	0.64	1.00	国家・金融・納税者・若者	財政不安↓ 制度信頼↑ 長期予見性↑	一時金と支援の財源、物価影響、対象公平性を継続監査し、金融システムを含む系の持続性が崩れた場合は自動補正する。
35	policy_search_with_sustain_hope_family	BP07	政策	希望経路の可視化と達成共有	30	83	0.76	1.00	若者・家族形成層・次世代コホート	希望↑ 連帯感↑ 自己効力感↑	住居、ケア、教育費、復帰キャリアが実際につながった事例を学校・企業・地域で共有し、少なくとも複数の代表エージェントが「自分たちでも未来を作れる」と感じる経路を観測する。
35	policy_search_with_sustain_hope_family	HP01	政策	若者希望経路保証	8	83	0.84	1.00	15-22歳・進学就職移行層	希望↑ 自己効力感↑ 将来予見性↑	学び、初職、地域プロジェクト、AI活用訓練を接続し、若者が5年後の役割を複数持てるようにする。特定進路の強制ではなく選べる経路を増やす。
35	policy_search_with_sustain_hope_family	HP02	政策	初職喪失リカバリー権	12	83	0.78	1.00	AI自動化影響層・非正規・無業	喪失感↓ 希望↑ 雇用安定↑	AIやロボ導入で初職や職域が狭まった人に、再訓練、職務経験、所得補償をセットで提供し、最初の失敗が人生全体の諦念にならないようにする。
35	policy_search_with_sustain_hope_family	HP03	政策	若者持分型地域プロジェクト	18	83	0.72	1.00	若者・地方・都市低所得層	連帯感↑ 希望↑ nat獲得↑	地域インフラ、ケア、教育、災害対応、文化活動の更新に若者が持分を持ち、参加が報酬と将来役割に接続する仕組みを作る。
35	policy_search_with_sustain_hope_family	HP04	政策	家族形成トライアル支援	20	83	0.76	1.00	23-40歳・将来家族形成層	子ども意向↑ 住居安定↑ 時間余力↑	同居、結婚、妊娠、出産、養育の前段階で、住居、時間、ケア、相談、医療アクセスを試せる支援を整え、後戻りできる安心を残す。
35	policy_search_with_sustain_hope_family	HP05	政策	子育て共同体・代替ケア網	22	83	0.80	1.00	子育て初期・ケア責任層・地域	子育て実行可能性↑ メンタル負荷↓ 連帯感↑	保育、病児対応、夜間支援、送迎、学習支援を地域と企業が共同で担い、親だけが壊れない構造を作る。
35	policy_search_with_sustain_hope_family	HP06	政策	若者発制度監査と異議申立	24	83	0.68	1.00	若者・低所得層・非婚非出産層	制度信頼↑ 裏切られ感↓ 反発↓	制度の対象外になった人、非婚・非出産を選ぶ人、低所得層が異議申し立てできる窓口を作り、施策が弱い人を材料にすることを防ぐ。
35	policy_search_with_sustain_hope_family	HP07	政策	希望不足時の条件監査	30	83	0.70	1.00	LLM観測対象	説明可能性↑ 副作用監査↑ 調整候補↑	デモ観測上、希望を持つ若者・家族形成層が十分に立ち上がらない場合に、どの構造条件が欠けたか、どの層で対象外感・政策疲労・財政不安が出たかを説明対象にする。感情を直接命令せず、経路・支援・信頼・副作用の条件で観測する。
35	policy_search_with_sustain_hope_family	HP08	政策	自動着金・仮払いセーフティ	8	83	0.86	1.00	若者・低中所得層・家族形成層	制度信頼↑ 不安↓ 生活防衛↓	申請から支給までの空白を減らすため、資格確認前の仮払い、あとから精算、異議申立を組み合わせる。支援が「いつか届く」ではなく「今つながる」経験になるようにする。
35	policy_search_with_sustain_hope_family	HP09	政策	若者住居・ケア即時枠	10	83	0.82	1.00	15-29歳・ケア責任層・無業非正規層	安心↑ 撤退圧↓ 希望↑	家を出られない、ケアで動けない、住居費で進路を選べない層に、短期住居、代替ケア、地域伴走を即時枠として用意し、社会からの逃避や長期離脱を防ぐ。
35	policy_search_with_sustain_hope_family	HP10	政策	家族形成条件の個別見通し面談	18	83	0.74	1.00	23-40歳・将来家族形成層・子育て初期	子ども意向↑ 将来予見性↑ 制度利用↑	結婚、妊娠、出産、育休、復帰、住居、教育費、介護との両立を個別ケースで見通せる面談と試算を行い、子どもを迎えたい人が「自分の場合に可能か」を判断できるようにする。
35	policy_search_with_sustain_hope_family	HP11	政策	初期成功ケースの透明公開	12	83	0.84	1.00	若者・家族形成層・制度不信層	制度信頼↑ 自己効力感↑ 希望↑	自動着金、短期住居、代替ケア、初職リカバリーで実際に立て直せた初期ケースを、個人を傷つけない匿名形式で公開する。制度が存在するだけでなく、使うと何が変わるかを確認できるようにする。
35	policy_search_with_sustain_hope_family	HP12	政策	若者・家族形成パーソナル予算枠	15	83	0.86	1.00	15-40歳・低中所得層・ケア責任層	将来予見性↑ 子ども意向↑ 生活防衛↓	住居、学び直し、ケア代替、医療相談、妊娠出産準備に使える5年単位の個人予算枠を付与し、転居や転職をしても権利が持ち運べるようにする。
35	policy_search_with_sustain_hope_family	HP13	政策	非対象者分断の補正説明	15	83	0.72	1.00	非婚非出産層・納税者・若者全体	反発↓ 制度信頼↑ 連帯感↑	家族形成支援を、出生数の押しつけではなく、住居、ケア、学び直し、孤立防止を含む共通インフラとして説明し、非対象者にも使える支援経路と異議申立を明示する。
35	policy_search_with_sustain_hope_family	HP14	政策	個別資格通知と即時予約	18	83	0.92	1.00	15-40歳・低中所得層・ケア責任層	制度利用↑ 将来予見性↑ 希望↑	対象者ごとに、自分が使える住居枠、学び直し予算、ケア代替、家族形成面談の予約可能日が通知される。抽象的な制度ではなく、本人のスマホや学校・職場窓口で具体的な次の一手を確認できる。
35	policy_search_with_sustain_hope_family	HP15	政策	初職・復帰の先行契約枠	18	83	0.84	1.00	若者・AI自動化影響層・子育て初期	雇用安定↑ 自己効力感↑ 生活防衛↓	自治体、企業、学校が連携し、AI活用職、ケア技術、地域更新、育休復帰の先行契約枠を公開する。研修中の所得補償と実務経験を結び、学び直しが空手形にならないようにする。
35	policy_search_with_sustain_hope_family	HP16	政策	子育て共同体の空き枠可視化	20	83	0.80	1.00	家族形成層・子育て初期・地域	子ども意向↑ 安心↑ 連帯感↑	保育、病児対応、夜間支援、送迎、学習支援、産後休息の空き枠を地域単位で可視化し、親だけで抱え込まない具体的な受け皿を見えるようにする。
35	policy_search_with_sustain_hope_family	HP17	社会反応	SNS希望反転と実体験共有	20	83	0.88	1.00	若者・家族形成層・SNS高感受性層	SNS不安↓ 連帯感↑ 希望↑	自動着金、住居即時枠、初職契約、代替ケアを実際に使った人の承諾済み体験談が広がり、「制度は遅いだけ」という認識に一部反例が生まれる。
35	policy_search_with_sustain_hope_family	HP18	政策	財政持続監査の初回クリア	20	83	0.82	1.00	国家・納税者・若者・家族形成層	財政不安↓ 制度信頼↑ 将来予見性↑	支援財源、物価影響、逆進性、非対象者補正の初回監査が公開され、持続性が崩れていないことと自動補正ルールが確認される。
35	policy_search_with_sustain_hope_family	HP19	政策	nat報酬の初回着金	20	83	0.90	1.00	若者・地域プロジェクト参加層・低中所得層	自己効力感↑ 希望↑ 制度利用↑	地域更新、ケア補助、学習支援、災害備えに参加した若者へ、初回のnat報酬が実際に着金する。社会を維持する行動が飯の種になる体験が生まれる。
35	policy_search_with_sustain_hope_family	HP20	政策	家族形成シミュレーション結果通知	22	83	0.84	1.00	23-40歳・将来家族形成層	子ども意向↑ 安心↑ 将来予見性↑	個別面談を受けた人に、住居、収入、ケア、産後休息、復帰キャリアを含む自分用の家族形成見通しが通知され、無理ならどの条件が足りないかも示される。
35	policy_search_with_sustain_hope_family	HP21	社会反応	希望ケースの地域拡張	31	83	0.92	1.00	若者・地方都市・低中所得層	希望↑ 連帯感↑ 制度信頼↑	初期成功が一部の特権ではなく、複数地域の高校、大学、専門学校、職場、地域プロジェクトに広がったことが可視化される。自分の近くにも使った人がいる状態になる。
35	policy_search_with_sustain_hope_family	HP22	政策	若者メンター・伴走紹介	31	83	0.84	1.00	15-29歳・進学就職移行層・無業非正規層	自己効力感↑ 相談↑ 希望↑	制度利用後に迷う若者へ、同年代または少し上のメンターが紹介される。情報収集だけで止まらず、応募、相談、転居、学び直し、地域参加の次の一手へつなぐ。
35	policy_search_with_sustain_hope_family	HP23	政策	家族形成初回利用の完了通知	35	83	0.86	1.00	23-40歳・将来家族形成層・子育て初期	子ども意向↑ 安心↑ 制度信頼↑	家族形成面談、保育/代替ケア予約、住居支援、復帰キャリア相談の初回利用が完了し、利用者に次回予約と不足条件が通知される。検討が抽象論から実行可能な段取りへ移る。
36	policy_search_with_sustain_hope_family	E03	ショック	地政学リスク上昇	12	36	0.60	0.70	全体	将来予見性↓ 制度信頼↓	国際緊張の継続で将来見通しが悪化し、長期意思決定が先送りされる。
36	policy_search_with_sustain_hope_family	E05	ショック	世界景気後退	24	42	0.75	0.60	全体	雇用安定↓ 制度信頼↓	輸出・投資の鈍化で求人が減少し、若年層のキャリア形成が不安定化。
36	policy_search_with_sustain_hope_family	E06	ショック	SNS悲観バイアス増幅	8	40	0.55	0.85	SNS高感受層	希望↓ 分断感↑	悲観情報が拡散しやすくなり、希望指数と相互信頼を押し下げる。
36	policy_search_with_sustain_hope_family	E07	ショック	介護需要急増	22	60	0.70	0.80	ケア責任層・地方・現役世代	ケア負担↑ 可処分時間↓ 希望↓	高齢化と家族介護の集中により、若者と現役世代の時間・所得・進路選択が圧迫される。
36	policy_search_with_sustain_hope_family	E08	ショック	医療提供体制ひっ迫	18	44	0.65	0.65	地方層・医療福祉層・高負荷層	制度信頼↓ メンタル負荷↑ 地域安定↓	医療人材不足と地域医療の縮小により、生活安心感と制度信頼が低下する。
36	policy_search_with_sustain_hope_family	E09	ショック	汎用ロボティクス普及による身体労働再編	12	60	0.62	0.75	製造・物流・小売・介護周辺	雇用安定↓ 生活コスト圧力↑	物流、製造、清掃、飲食、建設、介護補助などの身体労働でロボット導入が進み、地域産業と現場職の再編不安が広がる。
36	policy_search_with_sustain_hope_family	P01	政策	若者住居安定パッケージ	10	83	0.70	1.00	非正規・無業・若年就業	住居安定↑ 希望↑	家賃補助・保証人代替・転居支援を組み合わせ、居住不安を緩和する。
36	policy_search_with_sustain_hope_family	P02	政策	奨学金負担軽減・所得連動返済	8	83	0.80	1.00	在学層・負債高層	可処分所得↑ 子ども意向↑	返済負担の平準化と減免を導入し、将来投資の先送りを抑制する。
36	policy_search_with_sustain_hope_family	P03	政策	社会持続活動nat報酬制度	12	83	0.85	1.00	全体	nat獲得↑ 希望↑	学校・地域・介護・防災・制度更新活動を報酬化し、役割喪失を防ぐ。
36	policy_search_with_sustain_hope_family	P04	政策	子育て初期一時金1000万円	15	45	0.75	1.00	子育て初期・結婚前後	子ども意向↑ 出生実行↑	出生前後の初期費用を大幅に緩和するが、短期の財政負荷と逆選択リスクがある。
36	policy_search_with_sustain_hope_family	P05	政策	地域ケア就労の賃金底上げ	14	83	0.70	1.00	ケア責任層・地方	雇用安定↑ 制度信頼↑	ケア活動を社会基盤労働として扱い、賃金と社会的評価を引き上げる。
36	policy_search_with_sustain_hope_family	P06	政策	学び直し・移行雇用保証	16	83	0.78	1.00	非正規・無業・自動化影響層	雇用安定↑ 自己効力感↑	訓練と実務移行をセットで保証し、自動化ショックからの回復経路を提供する。
36	policy_search_with_sustain_hope_family	P07	政策	地方分散インフラ投資	20	83	0.65	1.00	地方層	住居安定↑ 希望↑	交通・医療・通信の更新により、地方での生活可能性を底上げする。
36	policy_search_with_sustain_hope_family	P08	政策	若年メンタルヘルス即時アクセス	9	83	0.72	1.00	高負荷層	メンタル負荷↓ 希望↑	心理支援への待機時間と費用障壁を下げ、長期離脱を防ぐ。
36	policy_search_with_sustain_hope_family	P09	政策	学校-企業-地域循環プロジェクト	18	83	0.68	1.00	在学層・若年就業	自己効力感↑ 制度信頼↑	学習内容と地域課題・雇用機会を連結し、努力の手応えを可視化する。
36	policy_search_with_sustain_hope_family	P10	政策	nat通貨の逆進性補正	30	83	0.60	1.00	低所得層中心	格差↓ 制度信頼↑	nat配分の偏りを是正し、参加機会の不公平を抑える再分配ルールを導入する。
36	policy_search_with_sustain_hope_family	P11	政策	介護ロボット・在宅支援普及	22	83	0.62	1.00	ケア責任層・地方・子育て初期	ケア負担↓ 可処分時間↑ 希望↑	介護ロボット、見守り、移乗支援、在宅医療接続を公共支援として広げ、家族ケアによる時間制約を緩和する。
36	policy_search_with_sustain_hope_family	BP01	政策	構造持続型出産一時金の上乗せ	15	60	0.82	1.00	子どもを望む家族形成層・将来家族形成層	子ども意向↑ 家計余力↑ 制度信頼↑	出生実績への成果報酬ではなく、望む人が子どもを迎えられる条件を整える目的で、妊娠・出産・初期育児の実費と所得喪失を一時金で緩衝する。
36	policy_search_with_sustain_hope_family	BP02	政策	産後休息・代替ケア保障	15	83	0.78	1.00	妊娠出産期・子育て初期・ケア責任層	時間余力↑ メンタル負荷↓ 出生圧力リスク↓	産後の休息、夜間支援、代替ケア、家事育児支援を公的に確保し、家族責任の固定化や母親だけへの負担集中を防ぐ。
36	policy_search_with_sustain_hope_family	BP03	政策	復帰キャリア・企業負担補正	18	83	0.70	1.00	企業・正規雇用・非正規雇用・子育て初期	雇用安定↑ 企業反発↓ 子ども意向↑	育休復帰、短時間勤務、配置転換、代替人員費を企業だけに背負わせず、構造持続会計で補正し、採用抑制や女性不利益を抑える。
36	policy_search_with_sustain_hope_family	BP04	政策	家族形成住居・教育費緩衝パッケージ	20	83	0.74	1.00	23-40歳・若者・低中所得層	住居安定↑ 教育費不安↓ 希望↑	住居、保育、教育費の長期不安を束ねて緩衝し、子どもを迎える判断が一時金だけで終わらないよう支える。
36	policy_search_with_sustain_hope_family	BP05	政策	出生非強制・監査ガードレール	15	83	0.68	1.00	全体	制度信頼↑ 反発↓ moral injury↓	非婚・非出産・単身・養育しない選択を不利益にせず、出生数ではなく選択可能条件を評価対象にする。若者の「産ませたいだけでは」という反発を監査する。
36	policy_search_with_sustain_hope_family	BP06	政策	財政・インフレ持続性監査	24	83	0.64	1.00	国家・金融・納税者・若者	財政不安↓ 制度信頼↑ 長期予見性↑	一時金と支援の財源、物価影響、対象公平性を継続監査し、金融システムを含む系の持続性が崩れた場合は自動補正する。
36	policy_search_with_sustain_hope_family	BP07	政策	希望経路の可視化と達成共有	30	83	0.76	1.00	若者・家族形成層・次世代コホート	希望↑ 連帯感↑ 自己効力感↑	住居、ケア、教育費、復帰キャリアが実際につながった事例を学校・企業・地域で共有し、少なくとも複数の代表エージェントが「自分たちでも未来を作れる」と感じる経路を観測する。
36	policy_search_with_sustain_hope_family	HP01	政策	若者希望経路保証	8	83	0.84	1.00	15-22歳・進学就職移行層	希望↑ 自己効力感↑ 将来予見性↑	学び、初職、地域プロジェクト、AI活用訓練を接続し、若者が5年後の役割を複数持てるようにする。特定進路の強制ではなく選べる経路を増やす。
36	policy_search_with_sustain_hope_family	HP02	政策	初職喪失リカバリー権	12	83	0.78	1.00	AI自動化影響層・非正規・無業	喪失感↓ 希望↑ 雇用安定↑	AIやロボ導入で初職や職域が狭まった人に、再訓練、職務経験、所得補償をセットで提供し、最初の失敗が人生全体の諦念にならないようにする。
36	policy_search_with_sustain_hope_family	HP03	政策	若者持分型地域プロジェクト	18	83	0.72	1.00	若者・地方・都市低所得層	連帯感↑ 希望↑ nat獲得↑	地域インフラ、ケア、教育、災害対応、文化活動の更新に若者が持分を持ち、参加が報酬と将来役割に接続する仕組みを作る。
36	policy_search_with_sustain_hope_family	HP04	政策	家族形成トライアル支援	20	83	0.76	1.00	23-40歳・将来家族形成層	子ども意向↑ 住居安定↑ 時間余力↑	同居、結婚、妊娠、出産、養育の前段階で、住居、時間、ケア、相談、医療アクセスを試せる支援を整え、後戻りできる安心を残す。
36	policy_search_with_sustain_hope_family	HP05	政策	子育て共同体・代替ケア網	22	83	0.80	1.00	子育て初期・ケア責任層・地域	子育て実行可能性↑ メンタル負荷↓ 連帯感↑	保育、病児対応、夜間支援、送迎、学習支援を地域と企業が共同で担い、親だけが壊れない構造を作る。
36	policy_search_with_sustain_hope_family	HP06	政策	若者発制度監査と異議申立	24	83	0.68	1.00	若者・低所得層・非婚非出産層	制度信頼↑ 裏切られ感↓ 反発↓	制度の対象外になった人、非婚・非出産を選ぶ人、低所得層が異議申し立てできる窓口を作り、施策が弱い人を材料にすることを防ぐ。
36	policy_search_with_sustain_hope_family	HP07	政策	希望不足時の条件監査	30	83	0.70	1.00	LLM観測対象	説明可能性↑ 副作用監査↑ 調整候補↑	デモ観測上、希望を持つ若者・家族形成層が十分に立ち上がらない場合に、どの構造条件が欠けたか、どの層で対象外感・政策疲労・財政不安が出たかを説明対象にする。感情を直接命令せず、経路・支援・信頼・副作用の条件で観測する。
36	policy_search_with_sustain_hope_family	HP08	政策	自動着金・仮払いセーフティ	8	83	0.86	1.00	若者・低中所得層・家族形成層	制度信頼↑ 不安↓ 生活防衛↓	申請から支給までの空白を減らすため、資格確認前の仮払い、あとから精算、異議申立を組み合わせる。支援が「いつか届く」ではなく「今つながる」経験になるようにする。
36	policy_search_with_sustain_hope_family	HP09	政策	若者住居・ケア即時枠	10	83	0.82	1.00	15-29歳・ケア責任層・無業非正規層	安心↑ 撤退圧↓ 希望↑	家を出られない、ケアで動けない、住居費で進路を選べない層に、短期住居、代替ケア、地域伴走を即時枠として用意し、社会からの逃避や長期離脱を防ぐ。
36	policy_search_with_sustain_hope_family	HP10	政策	家族形成条件の個別見通し面談	18	83	0.74	1.00	23-40歳・将来家族形成層・子育て初期	子ども意向↑ 将来予見性↑ 制度利用↑	結婚、妊娠、出産、育休、復帰、住居、教育費、介護との両立を個別ケースで見通せる面談と試算を行い、子どもを迎えたい人が「自分の場合に可能か」を判断できるようにする。
36	policy_search_with_sustain_hope_family	HP11	政策	初期成功ケースの透明公開	12	83	0.84	1.00	若者・家族形成層・制度不信層	制度信頼↑ 自己効力感↑ 希望↑	自動着金、短期住居、代替ケア、初職リカバリーで実際に立て直せた初期ケースを、個人を傷つけない匿名形式で公開する。制度が存在するだけでなく、使うと何が変わるかを確認できるようにする。
36	policy_search_with_sustain_hope_family	HP12	政策	若者・家族形成パーソナル予算枠	15	83	0.86	1.00	15-40歳・低中所得層・ケア責任層	将来予見性↑ 子ども意向↑ 生活防衛↓	住居、学び直し、ケア代替、医療相談、妊娠出産準備に使える5年単位の個人予算枠を付与し、転居や転職をしても権利が持ち運べるようにする。
36	policy_search_with_sustain_hope_family	HP13	政策	非対象者分断の補正説明	15	83	0.72	1.00	非婚非出産層・納税者・若者全体	反発↓ 制度信頼↑ 連帯感↑	家族形成支援を、出生数の押しつけではなく、住居、ケア、学び直し、孤立防止を含む共通インフラとして説明し、非対象者にも使える支援経路と異議申立を明示する。
36	policy_search_with_sustain_hope_family	HP14	政策	個別資格通知と即時予約	18	83	0.92	1.00	15-40歳・低中所得層・ケア責任層	制度利用↑ 将来予見性↑ 希望↑	対象者ごとに、自分が使える住居枠、学び直し予算、ケア代替、家族形成面談の予約可能日が通知される。抽象的な制度ではなく、本人のスマホや学校・職場窓口で具体的な次の一手を確認できる。
36	policy_search_with_sustain_hope_family	HP15	政策	初職・復帰の先行契約枠	18	83	0.84	1.00	若者・AI自動化影響層・子育て初期	雇用安定↑ 自己効力感↑ 生活防衛↓	自治体、企業、学校が連携し、AI活用職、ケア技術、地域更新、育休復帰の先行契約枠を公開する。研修中の所得補償と実務経験を結び、学び直しが空手形にならないようにする。
36	policy_search_with_sustain_hope_family	HP16	政策	子育て共同体の空き枠可視化	20	83	0.80	1.00	家族形成層・子育て初期・地域	子ども意向↑ 安心↑ 連帯感↑	保育、病児対応、夜間支援、送迎、学習支援、産後休息の空き枠を地域単位で可視化し、親だけで抱え込まない具体的な受け皿を見えるようにする。
36	policy_search_with_sustain_hope_family	HP17	社会反応	SNS希望反転と実体験共有	20	83	0.88	1.00	若者・家族形成層・SNS高感受性層	SNS不安↓ 連帯感↑ 希望↑	自動着金、住居即時枠、初職契約、代替ケアを実際に使った人の承諾済み体験談が広がり、「制度は遅いだけ」という認識に一部反例が生まれる。
36	policy_search_with_sustain_hope_family	HP18	政策	財政持続監査の初回クリア	20	83	0.82	1.00	国家・納税者・若者・家族形成層	財政不安↓ 制度信頼↑ 将来予見性↑	支援財源、物価影響、逆進性、非対象者補正の初回監査が公開され、持続性が崩れていないことと自動補正ルールが確認される。
36	policy_search_with_sustain_hope_family	HP19	政策	nat報酬の初回着金	20	83	0.90	1.00	若者・地域プロジェクト参加層・低中所得層	自己効力感↑ 希望↑ 制度利用↑	地域更新、ケア補助、学習支援、災害備えに参加した若者へ、初回のnat報酬が実際に着金する。社会を維持する行動が飯の種になる体験が生まれる。
36	policy_search_with_sustain_hope_family	HP20	政策	家族形成シミュレーション結果通知	22	83	0.84	1.00	23-40歳・将来家族形成層	子ども意向↑ 安心↑ 将来予見性↑	個別面談を受けた人に、住居、収入、ケア、産後休息、復帰キャリアを含む自分用の家族形成見通しが通知され、無理ならどの条件が足りないかも示される。
36	policy_search_with_sustain_hope_family	HP21	社会反応	希望ケースの地域拡張	31	83	0.92	1.00	若者・地方都市・低中所得層	希望↑ 連帯感↑ 制度信頼↑	初期成功が一部の特権ではなく、複数地域の高校、大学、専門学校、職場、地域プロジェクトに広がったことが可視化される。自分の近くにも使った人がいる状態になる。
36	policy_search_with_sustain_hope_family	HP22	政策	若者メンター・伴走紹介	31	83	0.84	1.00	15-29歳・進学就職移行層・無業非正規層	自己効力感↑ 相談↑ 希望↑	制度利用後に迷う若者へ、同年代または少し上のメンターが紹介される。情報収集だけで止まらず、応募、相談、転居、学び直し、地域参加の次の一手へつなぐ。
36	policy_search_with_sustain_hope_family	HP23	政策	家族形成初回利用の完了通知	35	83	0.86	1.00	23-40歳・将来家族形成層・子育て初期	子ども意向↑ 安心↑ 制度信頼↑	家族形成面談、保育/代替ケア予約、住居支援、復帰キャリア相談の初回利用が完了し、利用者に次回予約と不足条件が通知される。検討が抽象論から実行可能な段取りへ移る。
37	policy_search_with_sustain_hope_family	E05	ショック	世界景気後退	24	42	0.75	0.60	全体	雇用安定↓ 制度信頼↓	輸出・投資の鈍化で求人が減少し、若年層のキャリア形成が不安定化。
37	policy_search_with_sustain_hope_family	E06	ショック	SNS悲観バイアス増幅	8	40	0.55	0.85	SNS高感受層	希望↓ 分断感↑	悲観情報が拡散しやすくなり、希望指数と相互信頼を押し下げる。
37	policy_search_with_sustain_hope_family	E07	ショック	介護需要急増	22	60	0.70	0.80	ケア責任層・地方・現役世代	ケア負担↑ 可処分時間↓ 希望↓	高齢化と家族介護の集中により、若者と現役世代の時間・所得・進路選択が圧迫される。
37	policy_search_with_sustain_hope_family	E08	ショック	医療提供体制ひっ迫	18	44	0.65	0.65	地方層・医療福祉層・高負荷層	制度信頼↓ メンタル負荷↑ 地域安定↓	医療人材不足と地域医療の縮小により、生活安心感と制度信頼が低下する。
37	policy_search_with_sustain_hope_family	E09	ショック	汎用ロボティクス普及による身体労働再編	12	60	0.62	0.75	製造・物流・小売・介護周辺	雇用安定↓ 生活コスト圧力↑	物流、製造、清掃、飲食、建設、介護補助などの身体労働でロボット導入が進み、地域産業と現場職の再編不安が広がる。
37	policy_search_with_sustain_hope_family	P01	政策	若者住居安定パッケージ	10	83	0.70	1.00	非正規・無業・若年就業	住居安定↑ 希望↑	家賃補助・保証人代替・転居支援を組み合わせ、居住不安を緩和する。
37	policy_search_with_sustain_hope_family	P02	政策	奨学金負担軽減・所得連動返済	8	83	0.80	1.00	在学層・負債高層	可処分所得↑ 子ども意向↑	返済負担の平準化と減免を導入し、将来投資の先送りを抑制する。
37	policy_search_with_sustain_hope_family	P03	政策	社会持続活動nat報酬制度	12	83	0.85	1.00	全体	nat獲得↑ 希望↑	学校・地域・介護・防災・制度更新活動を報酬化し、役割喪失を防ぐ。
37	policy_search_with_sustain_hope_family	P04	政策	子育て初期一時金1000万円	15	45	0.75	1.00	子育て初期・結婚前後	子ども意向↑ 出生実行↑	出生前後の初期費用を大幅に緩和するが、短期の財政負荷と逆選択リスクがある。
37	policy_search_with_sustain_hope_family	P05	政策	地域ケア就労の賃金底上げ	14	83	0.70	1.00	ケア責任層・地方	雇用安定↑ 制度信頼↑	ケア活動を社会基盤労働として扱い、賃金と社会的評価を引き上げる。
37	policy_search_with_sustain_hope_family	P06	政策	学び直し・移行雇用保証	16	83	0.78	1.00	非正規・無業・自動化影響層	雇用安定↑ 自己効力感↑	訓練と実務移行をセットで保証し、自動化ショックからの回復経路を提供する。
37	policy_search_with_sustain_hope_family	P07	政策	地方分散インフラ投資	20	83	0.65	1.00	地方層	住居安定↑ 希望↑	交通・医療・通信の更新により、地方での生活可能性を底上げする。
37	policy_search_with_sustain_hope_family	P08	政策	若年メンタルヘルス即時アクセス	9	83	0.72	1.00	高負荷層	メンタル負荷↓ 希望↑	心理支援への待機時間と費用障壁を下げ、長期離脱を防ぐ。
37	policy_search_with_sustain_hope_family	P09	政策	学校-企業-地域循環プロジェクト	18	83	0.68	1.00	在学層・若年就業	自己効力感↑ 制度信頼↑	学習内容と地域課題・雇用機会を連結し、努力の手応えを可視化する。
37	policy_search_with_sustain_hope_family	P10	政策	nat通貨の逆進性補正	30	83	0.60	1.00	低所得層中心	格差↓ 制度信頼↑	nat配分の偏りを是正し、参加機会の不公平を抑える再分配ルールを導入する。
37	policy_search_with_sustain_hope_family	P11	政策	介護ロボット・在宅支援普及	22	83	0.62	1.00	ケア責任層・地方・子育て初期	ケア負担↓ 可処分時間↑ 希望↑	介護ロボット、見守り、移乗支援、在宅医療接続を公共支援として広げ、家族ケアによる時間制約を緩和する。
37	policy_search_with_sustain_hope_family	BP01	政策	構造持続型出産一時金の上乗せ	15	60	0.82	1.00	子どもを望む家族形成層・将来家族形成層	子ども意向↑ 家計余力↑ 制度信頼↑	出生実績への成果報酬ではなく、望む人が子どもを迎えられる条件を整える目的で、妊娠・出産・初期育児の実費と所得喪失を一時金で緩衝する。
37	policy_search_with_sustain_hope_family	BP02	政策	産後休息・代替ケア保障	15	83	0.78	1.00	妊娠出産期・子育て初期・ケア責任層	時間余力↑ メンタル負荷↓ 出生圧力リスク↓	産後の休息、夜間支援、代替ケア、家事育児支援を公的に確保し、家族責任の固定化や母親だけへの負担集中を防ぐ。
37	policy_search_with_sustain_hope_family	BP03	政策	復帰キャリア・企業負担補正	18	83	0.70	1.00	企業・正規雇用・非正規雇用・子育て初期	雇用安定↑ 企業反発↓ 子ども意向↑	育休復帰、短時間勤務、配置転換、代替人員費を企業だけに背負わせず、構造持続会計で補正し、採用抑制や女性不利益を抑える。
37	policy_search_with_sustain_hope_family	BP04	政策	家族形成住居・教育費緩衝パッケージ	20	83	0.74	1.00	23-40歳・若者・低中所得層	住居安定↑ 教育費不安↓ 希望↑	住居、保育、教育費の長期不安を束ねて緩衝し、子どもを迎える判断が一時金だけで終わらないよう支える。
37	policy_search_with_sustain_hope_family	BP05	政策	出生非強制・監査ガードレール	15	83	0.68	1.00	全体	制度信頼↑ 反発↓ moral injury↓	非婚・非出産・単身・養育しない選択を不利益にせず、出生数ではなく選択可能条件を評価対象にする。若者の「産ませたいだけでは」という反発を監査する。
37	policy_search_with_sustain_hope_family	BP06	政策	財政・インフレ持続性監査	24	83	0.64	1.00	国家・金融・納税者・若者	財政不安↓ 制度信頼↑ 長期予見性↑	一時金と支援の財源、物価影響、対象公平性を継続監査し、金融システムを含む系の持続性が崩れた場合は自動補正する。
37	policy_search_with_sustain_hope_family	BP07	政策	希望経路の可視化と達成共有	30	83	0.76	1.00	若者・家族形成層・次世代コホート	希望↑ 連帯感↑ 自己効力感↑	住居、ケア、教育費、復帰キャリアが実際につながった事例を学校・企業・地域で共有し、少なくとも複数の代表エージェントが「自分たちでも未来を作れる」と感じる経路を観測する。
37	policy_search_with_sustain_hope_family	HP01	政策	若者希望経路保証	8	83	0.84	1.00	15-22歳・進学就職移行層	希望↑ 自己効力感↑ 将来予見性↑	学び、初職、地域プロジェクト、AI活用訓練を接続し、若者が5年後の役割を複数持てるようにする。特定進路の強制ではなく選べる経路を増やす。
37	policy_search_with_sustain_hope_family	HP02	政策	初職喪失リカバリー権	12	83	0.78	1.00	AI自動化影響層・非正規・無業	喪失感↓ 希望↑ 雇用安定↑	AIやロボ導入で初職や職域が狭まった人に、再訓練、職務経験、所得補償をセットで提供し、最初の失敗が人生全体の諦念にならないようにする。
37	policy_search_with_sustain_hope_family	HP03	政策	若者持分型地域プロジェクト	18	83	0.72	1.00	若者・地方・都市低所得層	連帯感↑ 希望↑ nat獲得↑	地域インフラ、ケア、教育、災害対応、文化活動の更新に若者が持分を持ち、参加が報酬と将来役割に接続する仕組みを作る。
37	policy_search_with_sustain_hope_family	HP04	政策	家族形成トライアル支援	20	83	0.76	1.00	23-40歳・将来家族形成層	子ども意向↑ 住居安定↑ 時間余力↑	同居、結婚、妊娠、出産、養育の前段階で、住居、時間、ケア、相談、医療アクセスを試せる支援を整え、後戻りできる安心を残す。
37	policy_search_with_sustain_hope_family	HP05	政策	子育て共同体・代替ケア網	22	83	0.80	1.00	子育て初期・ケア責任層・地域	子育て実行可能性↑ メンタル負荷↓ 連帯感↑	保育、病児対応、夜間支援、送迎、学習支援を地域と企業が共同で担い、親だけが壊れない構造を作る。
37	policy_search_with_sustain_hope_family	HP06	政策	若者発制度監査と異議申立	24	83	0.68	1.00	若者・低所得層・非婚非出産層	制度信頼↑ 裏切られ感↓ 反発↓	制度の対象外になった人、非婚・非出産を選ぶ人、低所得層が異議申し立てできる窓口を作り、施策が弱い人を材料にすることを防ぐ。
37	policy_search_with_sustain_hope_family	HP07	政策	希望不足時の条件監査	30	83	0.70	1.00	LLM観測対象	説明可能性↑ 副作用監査↑ 調整候補↑	デモ観測上、希望を持つ若者・家族形成層が十分に立ち上がらない場合に、どの構造条件が欠けたか、どの層で対象外感・政策疲労・財政不安が出たかを説明対象にする。感情を直接命令せず、経路・支援・信頼・副作用の条件で観測する。
37	policy_search_with_sustain_hope_family	HP08	政策	自動着金・仮払いセーフティ	8	83	0.86	1.00	若者・低中所得層・家族形成層	制度信頼↑ 不安↓ 生活防衛↓	申請から支給までの空白を減らすため、資格確認前の仮払い、あとから精算、異議申立を組み合わせる。支援が「いつか届く」ではなく「今つながる」経験になるようにする。
37	policy_search_with_sustain_hope_family	HP09	政策	若者住居・ケア即時枠	10	83	0.82	1.00	15-29歳・ケア責任層・無業非正規層	安心↑ 撤退圧↓ 希望↑	家を出られない、ケアで動けない、住居費で進路を選べない層に、短期住居、代替ケア、地域伴走を即時枠として用意し、社会からの逃避や長期離脱を防ぐ。
37	policy_search_with_sustain_hope_family	HP10	政策	家族形成条件の個別見通し面談	18	83	0.74	1.00	23-40歳・将来家族形成層・子育て初期	子ども意向↑ 将来予見性↑ 制度利用↑	結婚、妊娠、出産、育休、復帰、住居、教育費、介護との両立を個別ケースで見通せる面談と試算を行い、子どもを迎えたい人が「自分の場合に可能か」を判断できるようにする。
37	policy_search_with_sustain_hope_family	HP11	政策	初期成功ケースの透明公開	12	83	0.84	1.00	若者・家族形成層・制度不信層	制度信頼↑ 自己効力感↑ 希望↑	自動着金、短期住居、代替ケア、初職リカバリーで実際に立て直せた初期ケースを、個人を傷つけない匿名形式で公開する。制度が存在するだけでなく、使うと何が変わるかを確認できるようにする。
37	policy_search_with_sustain_hope_family	HP12	政策	若者・家族形成パーソナル予算枠	15	83	0.86	1.00	15-40歳・低中所得層・ケア責任層	将来予見性↑ 子ども意向↑ 生活防衛↓	住居、学び直し、ケア代替、医療相談、妊娠出産準備に使える5年単位の個人予算枠を付与し、転居や転職をしても権利が持ち運べるようにする。
37	policy_search_with_sustain_hope_family	HP13	政策	非対象者分断の補正説明	15	83	0.72	1.00	非婚非出産層・納税者・若者全体	反発↓ 制度信頼↑ 連帯感↑	家族形成支援を、出生数の押しつけではなく、住居、ケア、学び直し、孤立防止を含む共通インフラとして説明し、非対象者にも使える支援経路と異議申立を明示する。
37	policy_search_with_sustain_hope_family	HP14	政策	個別資格通知と即時予約	18	83	0.92	1.00	15-40歳・低中所得層・ケア責任層	制度利用↑ 将来予見性↑ 希望↑	対象者ごとに、自分が使える住居枠、学び直し予算、ケア代替、家族形成面談の予約可能日が通知される。抽象的な制度ではなく、本人のスマホや学校・職場窓口で具体的な次の一手を確認できる。
37	policy_search_with_sustain_hope_family	HP15	政策	初職・復帰の先行契約枠	18	83	0.84	1.00	若者・AI自動化影響層・子育て初期	雇用安定↑ 自己効力感↑ 生活防衛↓	自治体、企業、学校が連携し、AI活用職、ケア技術、地域更新、育休復帰の先行契約枠を公開する。研修中の所得補償と実務経験を結び、学び直しが空手形にならないようにする。
37	policy_search_with_sustain_hope_family	HP16	政策	子育て共同体の空き枠可視化	20	83	0.80	1.00	家族形成層・子育て初期・地域	子ども意向↑ 安心↑ 連帯感↑	保育、病児対応、夜間支援、送迎、学習支援、産後休息の空き枠を地域単位で可視化し、親だけで抱え込まない具体的な受け皿を見えるようにする。
37	policy_search_with_sustain_hope_family	HP17	社会反応	SNS希望反転と実体験共有	20	83	0.88	1.00	若者・家族形成層・SNS高感受性層	SNS不安↓ 連帯感↑ 希望↑	自動着金、住居即時枠、初職契約、代替ケアを実際に使った人の承諾済み体験談が広がり、「制度は遅いだけ」という認識に一部反例が生まれる。
37	policy_search_with_sustain_hope_family	HP18	政策	財政持続監査の初回クリア	20	83	0.82	1.00	国家・納税者・若者・家族形成層	財政不安↓ 制度信頼↑ 将来予見性↑	支援財源、物価影響、逆進性、非対象者補正の初回監査が公開され、持続性が崩れていないことと自動補正ルールが確認される。
37	policy_search_with_sustain_hope_family	HP19	政策	nat報酬の初回着金	20	83	0.90	1.00	若者・地域プロジェクト参加層・低中所得層	自己効力感↑ 希望↑ 制度利用↑	地域更新、ケア補助、学習支援、災害備えに参加した若者へ、初回のnat報酬が実際に着金する。社会を維持する行動が飯の種になる体験が生まれる。
37	policy_search_with_sustain_hope_family	HP20	政策	家族形成シミュレーション結果通知	22	83	0.84	1.00	23-40歳・将来家族形成層	子ども意向↑ 安心↑ 将来予見性↑	個別面談を受けた人に、住居、収入、ケア、産後休息、復帰キャリアを含む自分用の家族形成見通しが通知され、無理ならどの条件が足りないかも示される。
37	policy_search_with_sustain_hope_family	HP21	社会反応	希望ケースの地域拡張	31	83	0.92	1.00	若者・地方都市・低中所得層	希望↑ 連帯感↑ 制度信頼↑	初期成功が一部の特権ではなく、複数地域の高校、大学、専門学校、職場、地域プロジェクトに広がったことが可視化される。自分の近くにも使った人がいる状態になる。
37	policy_search_with_sustain_hope_family	HP22	政策	若者メンター・伴走紹介	31	83	0.84	1.00	15-29歳・進学就職移行層・無業非正規層	自己効力感↑ 相談↑ 希望↑	制度利用後に迷う若者へ、同年代または少し上のメンターが紹介される。情報収集だけで止まらず、応募、相談、転居、学び直し、地域参加の次の一手へつなぐ。
37	policy_search_with_sustain_hope_family	HP23	政策	家族形成初回利用の完了通知	35	83	0.86	1.00	23-40歳・将来家族形成層・子育て初期	子ども意向↑ 安心↑ 制度信頼↑	家族形成面談、保育/代替ケア予約、住居支援、復帰キャリア相談の初回利用が完了し、利用者に次回予約と不足条件が通知される。検討が抽象論から実行可能な段取りへ移る。
38	policy_search_with_sustain_hope_family	E05	ショック	世界景気後退	24	42	0.75	0.60	全体	雇用安定↓ 制度信頼↓	輸出・投資の鈍化で求人が減少し、若年層のキャリア形成が不安定化。
38	policy_search_with_sustain_hope_family	E06	ショック	SNS悲観バイアス増幅	8	40	0.55	0.85	SNS高感受層	希望↓ 分断感↑	悲観情報が拡散しやすくなり、希望指数と相互信頼を押し下げる。
38	policy_search_with_sustain_hope_family	E07	ショック	介護需要急増	22	60	0.70	0.80	ケア責任層・地方・現役世代	ケア負担↑ 可処分時間↓ 希望↓	高齢化と家族介護の集中により、若者と現役世代の時間・所得・進路選択が圧迫される。
38	policy_search_with_sustain_hope_family	E08	ショック	医療提供体制ひっ迫	18	44	0.65	0.65	地方層・医療福祉層・高負荷層	制度信頼↓ メンタル負荷↑ 地域安定↓	医療人材不足と地域医療の縮小により、生活安心感と制度信頼が低下する。
38	policy_search_with_sustain_hope_family	E09	ショック	汎用ロボティクス普及による身体労働再編	12	60	0.62	0.75	製造・物流・小売・介護周辺	雇用安定↓ 生活コスト圧力↑	物流、製造、清掃、飲食、建設、介護補助などの身体労働でロボット導入が進み、地域産業と現場職の再編不安が広がる。
38	policy_search_with_sustain_hope_family	P01	政策	若者住居安定パッケージ	10	83	0.70	1.00	非正規・無業・若年就業	住居安定↑ 希望↑	家賃補助・保証人代替・転居支援を組み合わせ、居住不安を緩和する。
38	policy_search_with_sustain_hope_family	P02	政策	奨学金負担軽減・所得連動返済	8	83	0.80	1.00	在学層・負債高層	可処分所得↑ 子ども意向↑	返済負担の平準化と減免を導入し、将来投資の先送りを抑制する。
38	policy_search_with_sustain_hope_family	P03	政策	社会持続活動nat報酬制度	12	83	0.85	1.00	全体	nat獲得↑ 希望↑	学校・地域・介護・防災・制度更新活動を報酬化し、役割喪失を防ぐ。
38	policy_search_with_sustain_hope_family	P04	政策	子育て初期一時金1000万円	15	45	0.75	1.00	子育て初期・結婚前後	子ども意向↑ 出生実行↑	出生前後の初期費用を大幅に緩和するが、短期の財政負荷と逆選択リスクがある。
38	policy_search_with_sustain_hope_family	P05	政策	地域ケア就労の賃金底上げ	14	83	0.70	1.00	ケア責任層・地方	雇用安定↑ 制度信頼↑	ケア活動を社会基盤労働として扱い、賃金と社会的評価を引き上げる。
38	policy_search_with_sustain_hope_family	P06	政策	学び直し・移行雇用保証	16	83	0.78	1.00	非正規・無業・自動化影響層	雇用安定↑ 自己効力感↑	訓練と実務移行をセットで保証し、自動化ショックからの回復経路を提供する。
38	policy_search_with_sustain_hope_family	P07	政策	地方分散インフラ投資	20	83	0.65	1.00	地方層	住居安定↑ 希望↑	交通・医療・通信の更新により、地方での生活可能性を底上げする。
38	policy_search_with_sustain_hope_family	P08	政策	若年メンタルヘルス即時アクセス	9	83	0.72	1.00	高負荷層	メンタル負荷↓ 希望↑	心理支援への待機時間と費用障壁を下げ、長期離脱を防ぐ。
38	policy_search_with_sustain_hope_family	P09	政策	学校-企業-地域循環プロジェクト	18	83	0.68	1.00	在学層・若年就業	自己効力感↑ 制度信頼↑	学習内容と地域課題・雇用機会を連結し、努力の手応えを可視化する。
38	policy_search_with_sustain_hope_family	P10	政策	nat通貨の逆進性補正	30	83	0.60	1.00	低所得層中心	格差↓ 制度信頼↑	nat配分の偏りを是正し、参加機会の不公平を抑える再分配ルールを導入する。
38	policy_search_with_sustain_hope_family	P11	政策	介護ロボット・在宅支援普及	22	83	0.62	1.00	ケア責任層・地方・子育て初期	ケア負担↓ 可処分時間↑ 希望↑	介護ロボット、見守り、移乗支援、在宅医療接続を公共支援として広げ、家族ケアによる時間制約を緩和する。
38	policy_search_with_sustain_hope_family	BP01	政策	構造持続型出産一時金の上乗せ	15	60	0.82	1.00	子どもを望む家族形成層・将来家族形成層	子ども意向↑ 家計余力↑ 制度信頼↑	出生実績への成果報酬ではなく、望む人が子どもを迎えられる条件を整える目的で、妊娠・出産・初期育児の実費と所得喪失を一時金で緩衝する。
38	policy_search_with_sustain_hope_family	BP02	政策	産後休息・代替ケア保障	15	83	0.78	1.00	妊娠出産期・子育て初期・ケア責任層	時間余力↑ メンタル負荷↓ 出生圧力リスク↓	産後の休息、夜間支援、代替ケア、家事育児支援を公的に確保し、家族責任の固定化や母親だけへの負担集中を防ぐ。
38	policy_search_with_sustain_hope_family	BP03	政策	復帰キャリア・企業負担補正	18	83	0.70	1.00	企業・正規雇用・非正規雇用・子育て初期	雇用安定↑ 企業反発↓ 子ども意向↑	育休復帰、短時間勤務、配置転換、代替人員費を企業だけに背負わせず、構造持続会計で補正し、採用抑制や女性不利益を抑える。
38	policy_search_with_sustain_hope_family	BP04	政策	家族形成住居・教育費緩衝パッケージ	20	83	0.74	1.00	23-40歳・若者・低中所得層	住居安定↑ 教育費不安↓ 希望↑	住居、保育、教育費の長期不安を束ねて緩衝し、子どもを迎える判断が一時金だけで終わらないよう支える。
38	policy_search_with_sustain_hope_family	BP05	政策	出生非強制・監査ガードレール	15	83	0.68	1.00	全体	制度信頼↑ 反発↓ moral injury↓	非婚・非出産・単身・養育しない選択を不利益にせず、出生数ではなく選択可能条件を評価対象にする。若者の「産ませたいだけでは」という反発を監査する。
38	policy_search_with_sustain_hope_family	BP06	政策	財政・インフレ持続性監査	24	83	0.64	1.00	国家・金融・納税者・若者	財政不安↓ 制度信頼↑ 長期予見性↑	一時金と支援の財源、物価影響、対象公平性を継続監査し、金融システムを含む系の持続性が崩れた場合は自動補正する。
38	policy_search_with_sustain_hope_family	BP07	政策	希望経路の可視化と達成共有	30	83	0.76	1.00	若者・家族形成層・次世代コホート	希望↑ 連帯感↑ 自己効力感↑	住居、ケア、教育費、復帰キャリアが実際につながった事例を学校・企業・地域で共有し、少なくとも複数の代表エージェントが「自分たちでも未来を作れる」と感じる経路を観測する。
38	policy_search_with_sustain_hope_family	HP01	政策	若者希望経路保証	8	83	0.84	1.00	15-22歳・進学就職移行層	希望↑ 自己効力感↑ 将来予見性↑	学び、初職、地域プロジェクト、AI活用訓練を接続し、若者が5年後の役割を複数持てるようにする。特定進路の強制ではなく選べる経路を増やす。
38	policy_search_with_sustain_hope_family	HP02	政策	初職喪失リカバリー権	12	83	0.78	1.00	AI自動化影響層・非正規・無業	喪失感↓ 希望↑ 雇用安定↑	AIやロボ導入で初職や職域が狭まった人に、再訓練、職務経験、所得補償をセットで提供し、最初の失敗が人生全体の諦念にならないようにする。
38	policy_search_with_sustain_hope_family	HP03	政策	若者持分型地域プロジェクト	18	83	0.72	1.00	若者・地方・都市低所得層	連帯感↑ 希望↑ nat獲得↑	地域インフラ、ケア、教育、災害対応、文化活動の更新に若者が持分を持ち、参加が報酬と将来役割に接続する仕組みを作る。
38	policy_search_with_sustain_hope_family	HP04	政策	家族形成トライアル支援	20	83	0.76	1.00	23-40歳・将来家族形成層	子ども意向↑ 住居安定↑ 時間余力↑	同居、結婚、妊娠、出産、養育の前段階で、住居、時間、ケア、相談、医療アクセスを試せる支援を整え、後戻りできる安心を残す。
38	policy_search_with_sustain_hope_family	HP05	政策	子育て共同体・代替ケア網	22	83	0.80	1.00	子育て初期・ケア責任層・地域	子育て実行可能性↑ メンタル負荷↓ 連帯感↑	保育、病児対応、夜間支援、送迎、学習支援を地域と企業が共同で担い、親だけが壊れない構造を作る。
38	policy_search_with_sustain_hope_family	HP06	政策	若者発制度監査と異議申立	24	83	0.68	1.00	若者・低所得層・非婚非出産層	制度信頼↑ 裏切られ感↓ 反発↓	制度の対象外になった人、非婚・非出産を選ぶ人、低所得層が異議申し立てできる窓口を作り、施策が弱い人を材料にすることを防ぐ。
38	policy_search_with_sustain_hope_family	HP07	政策	希望不足時の条件監査	30	83	0.70	1.00	LLM観測対象	説明可能性↑ 副作用監査↑ 調整候補↑	デモ観測上、希望を持つ若者・家族形成層が十分に立ち上がらない場合に、どの構造条件が欠けたか、どの層で対象外感・政策疲労・財政不安が出たかを説明対象にする。感情を直接命令せず、経路・支援・信頼・副作用の条件で観測する。
38	policy_search_with_sustain_hope_family	HP08	政策	自動着金・仮払いセーフティ	8	83	0.86	1.00	若者・低中所得層・家族形成層	制度信頼↑ 不安↓ 生活防衛↓	申請から支給までの空白を減らすため、資格確認前の仮払い、あとから精算、異議申立を組み合わせる。支援が「いつか届く」ではなく「今つながる」経験になるようにする。
38	policy_search_with_sustain_hope_family	HP09	政策	若者住居・ケア即時枠	10	83	0.82	1.00	15-29歳・ケア責任層・無業非正規層	安心↑ 撤退圧↓ 希望↑	家を出られない、ケアで動けない、住居費で進路を選べない層に、短期住居、代替ケア、地域伴走を即時枠として用意し、社会からの逃避や長期離脱を防ぐ。
38	policy_search_with_sustain_hope_family	HP10	政策	家族形成条件の個別見通し面談	18	83	0.74	1.00	23-40歳・将来家族形成層・子育て初期	子ども意向↑ 将来予見性↑ 制度利用↑	結婚、妊娠、出産、育休、復帰、住居、教育費、介護との両立を個別ケースで見通せる面談と試算を行い、子どもを迎えたい人が「自分の場合に可能か」を判断できるようにする。
38	policy_search_with_sustain_hope_family	HP11	政策	初期成功ケースの透明公開	12	83	0.84	1.00	若者・家族形成層・制度不信層	制度信頼↑ 自己効力感↑ 希望↑	自動着金、短期住居、代替ケア、初職リカバリーで実際に立て直せた初期ケースを、個人を傷つけない匿名形式で公開する。制度が存在するだけでなく、使うと何が変わるかを確認できるようにする。
38	policy_search_with_sustain_hope_family	HP12	政策	若者・家族形成パーソナル予算枠	15	83	0.86	1.00	15-40歳・低中所得層・ケア責任層	将来予見性↑ 子ども意向↑ 生活防衛↓	住居、学び直し、ケア代替、医療相談、妊娠出産準備に使える5年単位の個人予算枠を付与し、転居や転職をしても権利が持ち運べるようにする。
38	policy_search_with_sustain_hope_family	HP13	政策	非対象者分断の補正説明	15	83	0.72	1.00	非婚非出産層・納税者・若者全体	反発↓ 制度信頼↑ 連帯感↑	家族形成支援を、出生数の押しつけではなく、住居、ケア、学び直し、孤立防止を含む共通インフラとして説明し、非対象者にも使える支援経路と異議申立を明示する。
38	policy_search_with_sustain_hope_family	HP14	政策	個別資格通知と即時予約	18	83	0.92	1.00	15-40歳・低中所得層・ケア責任層	制度利用↑ 将来予見性↑ 希望↑	対象者ごとに、自分が使える住居枠、学び直し予算、ケア代替、家族形成面談の予約可能日が通知される。抽象的な制度ではなく、本人のスマホや学校・職場窓口で具体的な次の一手を確認できる。
38	policy_search_with_sustain_hope_family	HP15	政策	初職・復帰の先行契約枠	18	83	0.84	1.00	若者・AI自動化影響層・子育て初期	雇用安定↑ 自己効力感↑ 生活防衛↓	自治体、企業、学校が連携し、AI活用職、ケア技術、地域更新、育休復帰の先行契約枠を公開する。研修中の所得補償と実務経験を結び、学び直しが空手形にならないようにする。
38	policy_search_with_sustain_hope_family	HP16	政策	子育て共同体の空き枠可視化	20	83	0.80	1.00	家族形成層・子育て初期・地域	子ども意向↑ 安心↑ 連帯感↑	保育、病児対応、夜間支援、送迎、学習支援、産後休息の空き枠を地域単位で可視化し、親だけで抱え込まない具体的な受け皿を見えるようにする。
38	policy_search_with_sustain_hope_family	HP17	社会反応	SNS希望反転と実体験共有	20	83	0.88	1.00	若者・家族形成層・SNS高感受性層	SNS不安↓ 連帯感↑ 希望↑	自動着金、住居即時枠、初職契約、代替ケアを実際に使った人の承諾済み体験談が広がり、「制度は遅いだけ」という認識に一部反例が生まれる。
38	policy_search_with_sustain_hope_family	HP18	政策	財政持続監査の初回クリア	20	83	0.82	1.00	国家・納税者・若者・家族形成層	財政不安↓ 制度信頼↑ 将来予見性↑	支援財源、物価影響、逆進性、非対象者補正の初回監査が公開され、持続性が崩れていないことと自動補正ルールが確認される。
38	policy_search_with_sustain_hope_family	HP19	政策	nat報酬の初回着金	20	83	0.90	1.00	若者・地域プロジェクト参加層・低中所得層	自己効力感↑ 希望↑ 制度利用↑	地域更新、ケア補助、学習支援、災害備えに参加した若者へ、初回のnat報酬が実際に着金する。社会を維持する行動が飯の種になる体験が生まれる。
38	policy_search_with_sustain_hope_family	HP20	政策	家族形成シミュレーション結果通知	22	83	0.84	1.00	23-40歳・将来家族形成層	子ども意向↑ 安心↑ 将来予見性↑	個別面談を受けた人に、住居、収入、ケア、産後休息、復帰キャリアを含む自分用の家族形成見通しが通知され、無理ならどの条件が足りないかも示される。
38	policy_search_with_sustain_hope_family	HP21	社会反応	希望ケースの地域拡張	31	83	0.92	1.00	若者・地方都市・低中所得層	希望↑ 連帯感↑ 制度信頼↑	初期成功が一部の特権ではなく、複数地域の高校、大学、専門学校、職場、地域プロジェクトに広がったことが可視化される。自分の近くにも使った人がいる状態になる。
38	policy_search_with_sustain_hope_family	HP22	政策	若者メンター・伴走紹介	31	83	0.84	1.00	15-29歳・進学就職移行層・無業非正規層	自己効力感↑ 相談↑ 希望↑	制度利用後に迷う若者へ、同年代または少し上のメンターが紹介される。情報収集だけで止まらず、応募、相談、転居、学び直し、地域参加の次の一手へつなぐ。
38	policy_search_with_sustain_hope_family	HP23	政策	家族形成初回利用の完了通知	35	83	0.86	1.00	23-40歳・将来家族形成層・子育て初期	子ども意向↑ 安心↑ 制度信頼↑	家族形成面談、保育/代替ケア予約、住居支援、復帰キャリア相談の初回利用が完了し、利用者に次回予約と不足条件が通知される。検討が抽象論から実行可能な段取りへ移る。
39	policy_search_with_sustain_hope_family	E05	ショック	世界景気後退	24	42	0.75	0.60	全体	雇用安定↓ 制度信頼↓	輸出・投資の鈍化で求人が減少し、若年層のキャリア形成が不安定化。
39	policy_search_with_sustain_hope_family	E06	ショック	SNS悲観バイアス増幅	8	40	0.55	0.85	SNS高感受層	希望↓ 分断感↑	悲観情報が拡散しやすくなり、希望指数と相互信頼を押し下げる。
39	policy_search_with_sustain_hope_family	E07	ショック	介護需要急増	22	60	0.70	0.80	ケア責任層・地方・現役世代	ケア負担↑ 可処分時間↓ 希望↓	高齢化と家族介護の集中により、若者と現役世代の時間・所得・進路選択が圧迫される。
39	policy_search_with_sustain_hope_family	E08	ショック	医療提供体制ひっ迫	18	44	0.65	0.65	地方層・医療福祉層・高負荷層	制度信頼↓ メンタル負荷↑ 地域安定↓	医療人材不足と地域医療の縮小により、生活安心感と制度信頼が低下する。
39	policy_search_with_sustain_hope_family	E09	ショック	汎用ロボティクス普及による身体労働再編	12	60	0.62	0.75	製造・物流・小売・介護周辺	雇用安定↓ 生活コスト圧力↑	物流、製造、清掃、飲食、建設、介護補助などの身体労働でロボット導入が進み、地域産業と現場職の再編不安が広がる。
39	policy_search_with_sustain_hope_family	P01	政策	若者住居安定パッケージ	10	83	0.70	1.00	非正規・無業・若年就業	住居安定↑ 希望↑	家賃補助・保証人代替・転居支援を組み合わせ、居住不安を緩和する。
39	policy_search_with_sustain_hope_family	P02	政策	奨学金負担軽減・所得連動返済	8	83	0.80	1.00	在学層・負債高層	可処分所得↑ 子ども意向↑	返済負担の平準化と減免を導入し、将来投資の先送りを抑制する。
39	policy_search_with_sustain_hope_family	P03	政策	社会持続活動nat報酬制度	12	83	0.85	1.00	全体	nat獲得↑ 希望↑	学校・地域・介護・防災・制度更新活動を報酬化し、役割喪失を防ぐ。
39	policy_search_with_sustain_hope_family	P04	政策	子育て初期一時金1000万円	15	45	0.75	1.00	子育て初期・結婚前後	子ども意向↑ 出生実行↑	出生前後の初期費用を大幅に緩和するが、短期の財政負荷と逆選択リスクがある。
39	policy_search_with_sustain_hope_family	P05	政策	地域ケア就労の賃金底上げ	14	83	0.70	1.00	ケア責任層・地方	雇用安定↑ 制度信頼↑	ケア活動を社会基盤労働として扱い、賃金と社会的評価を引き上げる。
39	policy_search_with_sustain_hope_family	P06	政策	学び直し・移行雇用保証	16	83	0.78	1.00	非正規・無業・自動化影響層	雇用安定↑ 自己効力感↑	訓練と実務移行をセットで保証し、自動化ショックからの回復経路を提供する。
39	policy_search_with_sustain_hope_family	P07	政策	地方分散インフラ投資	20	83	0.65	1.00	地方層	住居安定↑ 希望↑	交通・医療・通信の更新により、地方での生活可能性を底上げする。
39	policy_search_with_sustain_hope_family	P08	政策	若年メンタルヘルス即時アクセス	9	83	0.72	1.00	高負荷層	メンタル負荷↓ 希望↑	心理支援への待機時間と費用障壁を下げ、長期離脱を防ぐ。
39	policy_search_with_sustain_hope_family	P09	政策	学校-企業-地域循環プロジェクト	18	83	0.68	1.00	在学層・若年就業	自己効力感↑ 制度信頼↑	学習内容と地域課題・雇用機会を連結し、努力の手応えを可視化する。
39	policy_search_with_sustain_hope_family	P10	政策	nat通貨の逆進性補正	30	83	0.60	1.00	低所得層中心	格差↓ 制度信頼↑	nat配分の偏りを是正し、参加機会の不公平を抑える再分配ルールを導入する。
39	policy_search_with_sustain_hope_family	P11	政策	介護ロボット・在宅支援普及	22	83	0.62	1.00	ケア責任層・地方・子育て初期	ケア負担↓ 可処分時間↑ 希望↑	介護ロボット、見守り、移乗支援、在宅医療接続を公共支援として広げ、家族ケアによる時間制約を緩和する。
39	policy_search_with_sustain_hope_family	BP01	政策	構造持続型出産一時金の上乗せ	15	60	0.82	1.00	子どもを望む家族形成層・将来家族形成層	子ども意向↑ 家計余力↑ 制度信頼↑	出生実績への成果報酬ではなく、望む人が子どもを迎えられる条件を整える目的で、妊娠・出産・初期育児の実費と所得喪失を一時金で緩衝する。
39	policy_search_with_sustain_hope_family	BP02	政策	産後休息・代替ケア保障	15	83	0.78	1.00	妊娠出産期・子育て初期・ケア責任層	時間余力↑ メンタル負荷↓ 出生圧力リスク↓	産後の休息、夜間支援、代替ケア、家事育児支援を公的に確保し、家族責任の固定化や母親だけへの負担集中を防ぐ。
39	policy_search_with_sustain_hope_family	BP03	政策	復帰キャリア・企業負担補正	18	83	0.70	1.00	企業・正規雇用・非正規雇用・子育て初期	雇用安定↑ 企業反発↓ 子ども意向↑	育休復帰、短時間勤務、配置転換、代替人員費を企業だけに背負わせず、構造持続会計で補正し、採用抑制や女性不利益を抑える。
39	policy_search_with_sustain_hope_family	BP04	政策	家族形成住居・教育費緩衝パッケージ	20	83	0.74	1.00	23-40歳・若者・低中所得層	住居安定↑ 教育費不安↓ 希望↑	住居、保育、教育費の長期不安を束ねて緩衝し、子どもを迎える判断が一時金だけで終わらないよう支える。
39	policy_search_with_sustain_hope_family	BP05	政策	出生非強制・監査ガードレール	15	83	0.68	1.00	全体	制度信頼↑ 反発↓ moral injury↓	非婚・非出産・単身・養育しない選択を不利益にせず、出生数ではなく選択可能条件を評価対象にする。若者の「産ませたいだけでは」という反発を監査する。
39	policy_search_with_sustain_hope_family	BP06	政策	財政・インフレ持続性監査	24	83	0.64	1.00	国家・金融・納税者・若者	財政不安↓ 制度信頼↑ 長期予見性↑	一時金と支援の財源、物価影響、対象公平性を継続監査し、金融システムを含む系の持続性が崩れた場合は自動補正する。
39	policy_search_with_sustain_hope_family	BP07	政策	希望経路の可視化と達成共有	30	83	0.76	1.00	若者・家族形成層・次世代コホート	希望↑ 連帯感↑ 自己効力感↑	住居、ケア、教育費、復帰キャリアが実際につながった事例を学校・企業・地域で共有し、少なくとも複数の代表エージェントが「自分たちでも未来を作れる」と感じる経路を観測する。
39	policy_search_with_sustain_hope_family	HP01	政策	若者希望経路保証	8	83	0.84	1.00	15-22歳・進学就職移行層	希望↑ 自己効力感↑ 将来予見性↑	学び、初職、地域プロジェクト、AI活用訓練を接続し、若者が5年後の役割を複数持てるようにする。特定進路の強制ではなく選べる経路を増やす。
39	policy_search_with_sustain_hope_family	HP02	政策	初職喪失リカバリー権	12	83	0.78	1.00	AI自動化影響層・非正規・無業	喪失感↓ 希望↑ 雇用安定↑	AIやロボ導入で初職や職域が狭まった人に、再訓練、職務経験、所得補償をセットで提供し、最初の失敗が人生全体の諦念にならないようにする。
39	policy_search_with_sustain_hope_family	HP03	政策	若者持分型地域プロジェクト	18	83	0.72	1.00	若者・地方・都市低所得層	連帯感↑ 希望↑ nat獲得↑	地域インフラ、ケア、教育、災害対応、文化活動の更新に若者が持分を持ち、参加が報酬と将来役割に接続する仕組みを作る。
39	policy_search_with_sustain_hope_family	HP04	政策	家族形成トライアル支援	20	83	0.76	1.00	23-40歳・将来家族形成層	子ども意向↑ 住居安定↑ 時間余力↑	同居、結婚、妊娠、出産、養育の前段階で、住居、時間、ケア、相談、医療アクセスを試せる支援を整え、後戻りできる安心を残す。
39	policy_search_with_sustain_hope_family	HP05	政策	子育て共同体・代替ケア網	22	83	0.80	1.00	子育て初期・ケア責任層・地域	子育て実行可能性↑ メンタル負荷↓ 連帯感↑	保育、病児対応、夜間支援、送迎、学習支援を地域と企業が共同で担い、親だけが壊れない構造を作る。
39	policy_search_with_sustain_hope_family	HP06	政策	若者発制度監査と異議申立	24	83	0.68	1.00	若者・低所得層・非婚非出産層	制度信頼↑ 裏切られ感↓ 反発↓	制度の対象外になった人、非婚・非出産を選ぶ人、低所得層が異議申し立てできる窓口を作り、施策が弱い人を材料にすることを防ぐ。
39	policy_search_with_sustain_hope_family	HP07	政策	希望不足時の条件監査	30	83	0.70	1.00	LLM観測対象	説明可能性↑ 副作用監査↑ 調整候補↑	デモ観測上、希望を持つ若者・家族形成層が十分に立ち上がらない場合に、どの構造条件が欠けたか、どの層で対象外感・政策疲労・財政不安が出たかを説明対象にする。感情を直接命令せず、経路・支援・信頼・副作用の条件で観測する。
39	policy_search_with_sustain_hope_family	HP08	政策	自動着金・仮払いセーフティ	8	83	0.86	1.00	若者・低中所得層・家族形成層	制度信頼↑ 不安↓ 生活防衛↓	申請から支給までの空白を減らすため、資格確認前の仮払い、あとから精算、異議申立を組み合わせる。支援が「いつか届く」ではなく「今つながる」経験になるようにする。
39	policy_search_with_sustain_hope_family	HP09	政策	若者住居・ケア即時枠	10	83	0.82	1.00	15-29歳・ケア責任層・無業非正規層	安心↑ 撤退圧↓ 希望↑	家を出られない、ケアで動けない、住居費で進路を選べない層に、短期住居、代替ケア、地域伴走を即時枠として用意し、社会からの逃避や長期離脱を防ぐ。
39	policy_search_with_sustain_hope_family	HP10	政策	家族形成条件の個別見通し面談	18	83	0.74	1.00	23-40歳・将来家族形成層・子育て初期	子ども意向↑ 将来予見性↑ 制度利用↑	結婚、妊娠、出産、育休、復帰、住居、教育費、介護との両立を個別ケースで見通せる面談と試算を行い、子どもを迎えたい人が「自分の場合に可能か」を判断できるようにする。
39	policy_search_with_sustain_hope_family	HP11	政策	初期成功ケースの透明公開	12	83	0.84	1.00	若者・家族形成層・制度不信層	制度信頼↑ 自己効力感↑ 希望↑	自動着金、短期住居、代替ケア、初職リカバリーで実際に立て直せた初期ケースを、個人を傷つけない匿名形式で公開する。制度が存在するだけでなく、使うと何が変わるかを確認できるようにする。
39	policy_search_with_sustain_hope_family	HP12	政策	若者・家族形成パーソナル予算枠	15	83	0.86	1.00	15-40歳・低中所得層・ケア責任層	将来予見性↑ 子ども意向↑ 生活防衛↓	住居、学び直し、ケア代替、医療相談、妊娠出産準備に使える5年単位の個人予算枠を付与し、転居や転職をしても権利が持ち運べるようにする。
39	policy_search_with_sustain_hope_family	HP13	政策	非対象者分断の補正説明	15	83	0.72	1.00	非婚非出産層・納税者・若者全体	反発↓ 制度信頼↑ 連帯感↑	家族形成支援を、出生数の押しつけではなく、住居、ケア、学び直し、孤立防止を含む共通インフラとして説明し、非対象者にも使える支援経路と異議申立を明示する。
39	policy_search_with_sustain_hope_family	HP14	政策	個別資格通知と即時予約	18	83	0.92	1.00	15-40歳・低中所得層・ケア責任層	制度利用↑ 将来予見性↑ 希望↑	対象者ごとに、自分が使える住居枠、学び直し予算、ケア代替、家族形成面談の予約可能日が通知される。抽象的な制度ではなく、本人のスマホや学校・職場窓口で具体的な次の一手を確認できる。
39	policy_search_with_sustain_hope_family	HP15	政策	初職・復帰の先行契約枠	18	83	0.84	1.00	若者・AI自動化影響層・子育て初期	雇用安定↑ 自己効力感↑ 生活防衛↓	自治体、企業、学校が連携し、AI活用職、ケア技術、地域更新、育休復帰の先行契約枠を公開する。研修中の所得補償と実務経験を結び、学び直しが空手形にならないようにする。
39	policy_search_with_sustain_hope_family	HP16	政策	子育て共同体の空き枠可視化	20	83	0.80	1.00	家族形成層・子育て初期・地域	子ども意向↑ 安心↑ 連帯感↑	保育、病児対応、夜間支援、送迎、学習支援、産後休息の空き枠を地域単位で可視化し、親だけで抱え込まない具体的な受け皿を見えるようにする。
39	policy_search_with_sustain_hope_family	HP17	社会反応	SNS希望反転と実体験共有	20	83	0.88	1.00	若者・家族形成層・SNS高感受性層	SNS不安↓ 連帯感↑ 希望↑	自動着金、住居即時枠、初職契約、代替ケアを実際に使った人の承諾済み体験談が広がり、「制度は遅いだけ」という認識に一部反例が生まれる。
39	policy_search_with_sustain_hope_family	HP18	政策	財政持続監査の初回クリア	20	83	0.82	1.00	国家・納税者・若者・家族形成層	財政不安↓ 制度信頼↑ 将来予見性↑	支援財源、物価影響、逆進性、非対象者補正の初回監査が公開され、持続性が崩れていないことと自動補正ルールが確認される。
39	policy_search_with_sustain_hope_family	HP19	政策	nat報酬の初回着金	20	83	0.90	1.00	若者・地域プロジェクト参加層・低中所得層	自己効力感↑ 希望↑ 制度利用↑	地域更新、ケア補助、学習支援、災害備えに参加した若者へ、初回のnat報酬が実際に着金する。社会を維持する行動が飯の種になる体験が生まれる。
39	policy_search_with_sustain_hope_family	HP20	政策	家族形成シミュレーション結果通知	22	83	0.84	1.00	23-40歳・将来家族形成層	子ども意向↑ 安心↑ 将来予見性↑	個別面談を受けた人に、住居、収入、ケア、産後休息、復帰キャリアを含む自分用の家族形成見通しが通知され、無理ならどの条件が足りないかも示される。
39	policy_search_with_sustain_hope_family	HP21	社会反応	希望ケースの地域拡張	31	83	0.92	1.00	若者・地方都市・低中所得層	希望↑ 連帯感↑ 制度信頼↑	初期成功が一部の特権ではなく、複数地域の高校、大学、専門学校、職場、地域プロジェクトに広がったことが可視化される。自分の近くにも使った人がいる状態になる。
39	policy_search_with_sustain_hope_family	HP22	政策	若者メンター・伴走紹介	31	83	0.84	1.00	15-29歳・進学就職移行層・無業非正規層	自己効力感↑ 相談↑ 希望↑	制度利用後に迷う若者へ、同年代または少し上のメンターが紹介される。情報収集だけで止まらず、応募、相談、転居、学び直し、地域参加の次の一手へつなぐ。
39	policy_search_with_sustain_hope_family	HP23	政策	家族形成初回利用の完了通知	35	83	0.86	1.00	23-40歳・将来家族形成層・子育て初期	子ども意向↑ 安心↑ 制度信頼↑	家族形成面談、保育/代替ケア予約、住居支援、復帰キャリア相談の初回利用が完了し、利用者に次回予約と不足条件が通知される。検討が抽象論から実行可能な段取りへ移る。
40	policy_search_with_sustain_hope_family	E05	ショック	世界景気後退	24	42	0.75	0.60	全体	雇用安定↓ 制度信頼↓	輸出・投資の鈍化で求人が減少し、若年層のキャリア形成が不安定化。
40	policy_search_with_sustain_hope_family	E06	ショック	SNS悲観バイアス増幅	8	40	0.55	0.85	SNS高感受層	希望↓ 分断感↑	悲観情報が拡散しやすくなり、希望指数と相互信頼を押し下げる。
40	policy_search_with_sustain_hope_family	E07	ショック	介護需要急増	22	60	0.70	0.80	ケア責任層・地方・現役世代	ケア負担↑ 可処分時間↓ 希望↓	高齢化と家族介護の集中により、若者と現役世代の時間・所得・進路選択が圧迫される。
40	policy_search_with_sustain_hope_family	E08	ショック	医療提供体制ひっ迫	18	44	0.65	0.65	地方層・医療福祉層・高負荷層	制度信頼↓ メンタル負荷↑ 地域安定↓	医療人材不足と地域医療の縮小により、生活安心感と制度信頼が低下する。
40	policy_search_with_sustain_hope_family	E09	ショック	汎用ロボティクス普及による身体労働再編	12	60	0.62	0.75	製造・物流・小売・介護周辺	雇用安定↓ 生活コスト圧力↑	物流、製造、清掃、飲食、建設、介護補助などの身体労働でロボット導入が進み、地域産業と現場職の再編不安が広がる。
40	policy_search_with_sustain_hope_family	P01	政策	若者住居安定パッケージ	10	83	0.70	1.00	非正規・無業・若年就業	住居安定↑ 希望↑	家賃補助・保証人代替・転居支援を組み合わせ、居住不安を緩和する。
40	policy_search_with_sustain_hope_family	P02	政策	奨学金負担軽減・所得連動返済	8	83	0.80	1.00	在学層・負債高層	可処分所得↑ 子ども意向↑	返済負担の平準化と減免を導入し、将来投資の先送りを抑制する。
40	policy_search_with_sustain_hope_family	P03	政策	社会持続活動nat報酬制度	12	83	0.85	1.00	全体	nat獲得↑ 希望↑	学校・地域・介護・防災・制度更新活動を報酬化し、役割喪失を防ぐ。
40	policy_search_with_sustain_hope_family	P04	政策	子育て初期一時金1000万円	15	45	0.75	1.00	子育て初期・結婚前後	子ども意向↑ 出生実行↑	出生前後の初期費用を大幅に緩和するが、短期の財政負荷と逆選択リスクがある。
40	policy_search_with_sustain_hope_family	P05	政策	地域ケア就労の賃金底上げ	14	83	0.70	1.00	ケア責任層・地方	雇用安定↑ 制度信頼↑	ケア活動を社会基盤労働として扱い、賃金と社会的評価を引き上げる。
40	policy_search_with_sustain_hope_family	P06	政策	学び直し・移行雇用保証	16	83	0.78	1.00	非正規・無業・自動化影響層	雇用安定↑ 自己効力感↑	訓練と実務移行をセットで保証し、自動化ショックからの回復経路を提供する。
40	policy_search_with_sustain_hope_family	P07	政策	地方分散インフラ投資	20	83	0.65	1.00	地方層	住居安定↑ 希望↑	交通・医療・通信の更新により、地方での生活可能性を底上げする。
40	policy_search_with_sustain_hope_family	P08	政策	若年メンタルヘルス即時アクセス	9	83	0.72	1.00	高負荷層	メンタル負荷↓ 希望↑	心理支援への待機時間と費用障壁を下げ、長期離脱を防ぐ。
40	policy_search_with_sustain_hope_family	P09	政策	学校-企業-地域循環プロジェクト	18	83	0.68	1.00	在学層・若年就業	自己効力感↑ 制度信頼↑	学習内容と地域課題・雇用機会を連結し、努力の手応えを可視化する。
40	policy_search_with_sustain_hope_family	P10	政策	nat通貨の逆進性補正	30	83	0.60	1.00	低所得層中心	格差↓ 制度信頼↑	nat配分の偏りを是正し、参加機会の不公平を抑える再分配ルールを導入する。
40	policy_search_with_sustain_hope_family	P11	政策	介護ロボット・在宅支援普及	22	83	0.62	1.00	ケア責任層・地方・子育て初期	ケア負担↓ 可処分時間↑ 希望↑	介護ロボット、見守り、移乗支援、在宅医療接続を公共支援として広げ、家族ケアによる時間制約を緩和する。
40	policy_search_with_sustain_hope_family	BP01	政策	構造持続型出産一時金の上乗せ	15	60	0.82	1.00	子どもを望む家族形成層・将来家族形成層	子ども意向↑ 家計余力↑ 制度信頼↑	出生実績への成果報酬ではなく、望む人が子どもを迎えられる条件を整える目的で、妊娠・出産・初期育児の実費と所得喪失を一時金で緩衝する。
40	policy_search_with_sustain_hope_family	BP02	政策	産後休息・代替ケア保障	15	83	0.78	1.00	妊娠出産期・子育て初期・ケア責任層	時間余力↑ メンタル負荷↓ 出生圧力リスク↓	産後の休息、夜間支援、代替ケア、家事育児支援を公的に確保し、家族責任の固定化や母親だけへの負担集中を防ぐ。
40	policy_search_with_sustain_hope_family	BP03	政策	復帰キャリア・企業負担補正	18	83	0.70	1.00	企業・正規雇用・非正規雇用・子育て初期	雇用安定↑ 企業反発↓ 子ども意向↑	育休復帰、短時間勤務、配置転換、代替人員費を企業だけに背負わせず、構造持続会計で補正し、採用抑制や女性不利益を抑える。
40	policy_search_with_sustain_hope_family	BP04	政策	家族形成住居・教育費緩衝パッケージ	20	83	0.74	1.00	23-40歳・若者・低中所得層	住居安定↑ 教育費不安↓ 希望↑	住居、保育、教育費の長期不安を束ねて緩衝し、子どもを迎える判断が一時金だけで終わらないよう支える。
40	policy_search_with_sustain_hope_family	BP05	政策	出生非強制・監査ガードレール	15	83	0.68	1.00	全体	制度信頼↑ 反発↓ moral injury↓	非婚・非出産・単身・養育しない選択を不利益にせず、出生数ではなく選択可能条件を評価対象にする。若者の「産ませたいだけでは」という反発を監査する。
40	policy_search_with_sustain_hope_family	BP06	政策	財政・インフレ持続性監査	24	83	0.64	1.00	国家・金融・納税者・若者	財政不安↓ 制度信頼↑ 長期予見性↑	一時金と支援の財源、物価影響、対象公平性を継続監査し、金融システムを含む系の持続性が崩れた場合は自動補正する。
40	policy_search_with_sustain_hope_family	BP07	政策	希望経路の可視化と達成共有	30	83	0.76	1.00	若者・家族形成層・次世代コホート	希望↑ 連帯感↑ 自己効力感↑	住居、ケア、教育費、復帰キャリアが実際につながった事例を学校・企業・地域で共有し、少なくとも複数の代表エージェントが「自分たちでも未来を作れる」と感じる経路を観測する。
40	policy_search_with_sustain_hope_family	HP01	政策	若者希望経路保証	8	83	0.84	1.00	15-22歳・進学就職移行層	希望↑ 自己効力感↑ 将来予見性↑	学び、初職、地域プロジェクト、AI活用訓練を接続し、若者が5年後の役割を複数持てるようにする。特定進路の強制ではなく選べる経路を増やす。
40	policy_search_with_sustain_hope_family	HP02	政策	初職喪失リカバリー権	12	83	0.78	1.00	AI自動化影響層・非正規・無業	喪失感↓ 希望↑ 雇用安定↑	AIやロボ導入で初職や職域が狭まった人に、再訓練、職務経験、所得補償をセットで提供し、最初の失敗が人生全体の諦念にならないようにする。
40	policy_search_with_sustain_hope_family	HP03	政策	若者持分型地域プロジェクト	18	83	0.72	1.00	若者・地方・都市低所得層	連帯感↑ 希望↑ nat獲得↑	地域インフラ、ケア、教育、災害対応、文化活動の更新に若者が持分を持ち、参加が報酬と将来役割に接続する仕組みを作る。
40	policy_search_with_sustain_hope_family	HP04	政策	家族形成トライアル支援	20	83	0.76	1.00	23-40歳・将来家族形成層	子ども意向↑ 住居安定↑ 時間余力↑	同居、結婚、妊娠、出産、養育の前段階で、住居、時間、ケア、相談、医療アクセスを試せる支援を整え、後戻りできる安心を残す。
40	policy_search_with_sustain_hope_family	HP05	政策	子育て共同体・代替ケア網	22	83	0.80	1.00	子育て初期・ケア責任層・地域	子育て実行可能性↑ メンタル負荷↓ 連帯感↑	保育、病児対応、夜間支援、送迎、学習支援を地域と企業が共同で担い、親だけが壊れない構造を作る。
40	policy_search_with_sustain_hope_family	HP06	政策	若者発制度監査と異議申立	24	83	0.68	1.00	若者・低所得層・非婚非出産層	制度信頼↑ 裏切られ感↓ 反発↓	制度の対象外になった人、非婚・非出産を選ぶ人、低所得層が異議申し立てできる窓口を作り、施策が弱い人を材料にすることを防ぐ。
40	policy_search_with_sustain_hope_family	HP07	政策	希望不足時の条件監査	30	83	0.70	1.00	LLM観測対象	説明可能性↑ 副作用監査↑ 調整候補↑	デモ観測上、希望を持つ若者・家族形成層が十分に立ち上がらない場合に、どの構造条件が欠けたか、どの層で対象外感・政策疲労・財政不安が出たかを説明対象にする。感情を直接命令せず、経路・支援・信頼・副作用の条件で観測する。
40	policy_search_with_sustain_hope_family	HP08	政策	自動着金・仮払いセーフティ	8	83	0.86	1.00	若者・低中所得層・家族形成層	制度信頼↑ 不安↓ 生活防衛↓	申請から支給までの空白を減らすため、資格確認前の仮払い、あとから精算、異議申立を組み合わせる。支援が「いつか届く」ではなく「今つながる」経験になるようにする。
40	policy_search_with_sustain_hope_family	HP09	政策	若者住居・ケア即時枠	10	83	0.82	1.00	15-29歳・ケア責任層・無業非正規層	安心↑ 撤退圧↓ 希望↑	家を出られない、ケアで動けない、住居費で進路を選べない層に、短期住居、代替ケア、地域伴走を即時枠として用意し、社会からの逃避や長期離脱を防ぐ。
40	policy_search_with_sustain_hope_family	HP10	政策	家族形成条件の個別見通し面談	18	83	0.74	1.00	23-40歳・将来家族形成層・子育て初期	子ども意向↑ 将来予見性↑ 制度利用↑	結婚、妊娠、出産、育休、復帰、住居、教育費、介護との両立を個別ケースで見通せる面談と試算を行い、子どもを迎えたい人が「自分の場合に可能か」を判断できるようにする。
40	policy_search_with_sustain_hope_family	HP11	政策	初期成功ケースの透明公開	12	83	0.84	1.00	若者・家族形成層・制度不信層	制度信頼↑ 自己効力感↑ 希望↑	自動着金、短期住居、代替ケア、初職リカバリーで実際に立て直せた初期ケースを、個人を傷つけない匿名形式で公開する。制度が存在するだけでなく、使うと何が変わるかを確認できるようにする。
40	policy_search_with_sustain_hope_family	HP12	政策	若者・家族形成パーソナル予算枠	15	83	0.86	1.00	15-40歳・低中所得層・ケア責任層	将来予見性↑ 子ども意向↑ 生活防衛↓	住居、学び直し、ケア代替、医療相談、妊娠出産準備に使える5年単位の個人予算枠を付与し、転居や転職をしても権利が持ち運べるようにする。
40	policy_search_with_sustain_hope_family	HP13	政策	非対象者分断の補正説明	15	83	0.72	1.00	非婚非出産層・納税者・若者全体	反発↓ 制度信頼↑ 連帯感↑	家族形成支援を、出生数の押しつけではなく、住居、ケア、学び直し、孤立防止を含む共通インフラとして説明し、非対象者にも使える支援経路と異議申立を明示する。
40	policy_search_with_sustain_hope_family	HP14	政策	個別資格通知と即時予約	18	83	0.92	1.00	15-40歳・低中所得層・ケア責任層	制度利用↑ 将来予見性↑ 希望↑	対象者ごとに、自分が使える住居枠、学び直し予算、ケア代替、家族形成面談の予約可能日が通知される。抽象的な制度ではなく、本人のスマホや学校・職場窓口で具体的な次の一手を確認できる。
40	policy_search_with_sustain_hope_family	HP15	政策	初職・復帰の先行契約枠	18	83	0.84	1.00	若者・AI自動化影響層・子育て初期	雇用安定↑ 自己効力感↑ 生活防衛↓	自治体、企業、学校が連携し、AI活用職、ケア技術、地域更新、育休復帰の先行契約枠を公開する。研修中の所得補償と実務経験を結び、学び直しが空手形にならないようにする。
40	policy_search_with_sustain_hope_family	HP16	政策	子育て共同体の空き枠可視化	20	83	0.80	1.00	家族形成層・子育て初期・地域	子ども意向↑ 安心↑ 連帯感↑	保育、病児対応、夜間支援、送迎、学習支援、産後休息の空き枠を地域単位で可視化し、親だけで抱え込まない具体的な受け皿を見えるようにする。
40	policy_search_with_sustain_hope_family	HP17	社会反応	SNS希望反転と実体験共有	20	83	0.88	1.00	若者・家族形成層・SNS高感受性層	SNS不安↓ 連帯感↑ 希望↑	自動着金、住居即時枠、初職契約、代替ケアを実際に使った人の承諾済み体験談が広がり、「制度は遅いだけ」という認識に一部反例が生まれる。
40	policy_search_with_sustain_hope_family	HP18	政策	財政持続監査の初回クリア	20	83	0.82	1.00	国家・納税者・若者・家族形成層	財政不安↓ 制度信頼↑ 将来予見性↑	支援財源、物価影響、逆進性、非対象者補正の初回監査が公開され、持続性が崩れていないことと自動補正ルールが確認される。
40	policy_search_with_sustain_hope_family	HP19	政策	nat報酬の初回着金	20	83	0.90	1.00	若者・地域プロジェクト参加層・低中所得層	自己効力感↑ 希望↑ 制度利用↑	地域更新、ケア補助、学習支援、災害備えに参加した若者へ、初回のnat報酬が実際に着金する。社会を維持する行動が飯の種になる体験が生まれる。
40	policy_search_with_sustain_hope_family	HP20	政策	家族形成シミュレーション結果通知	22	83	0.84	1.00	23-40歳・将来家族形成層	子ども意向↑ 安心↑ 将来予見性↑	個別面談を受けた人に、住居、収入、ケア、産後休息、復帰キャリアを含む自分用の家族形成見通しが通知され、無理ならどの条件が足りないかも示される。
40	policy_search_with_sustain_hope_family	HP21	社会反応	希望ケースの地域拡張	31	83	0.92	1.00	若者・地方都市・低中所得層	希望↑ 連帯感↑ 制度信頼↑	初期成功が一部の特権ではなく、複数地域の高校、大学、専門学校、職場、地域プロジェクトに広がったことが可視化される。自分の近くにも使った人がいる状態になる。
40	policy_search_with_sustain_hope_family	HP22	政策	若者メンター・伴走紹介	31	83	0.84	1.00	15-29歳・進学就職移行層・無業非正規層	自己効力感↑ 相談↑ 希望↑	制度利用後に迷う若者へ、同年代または少し上のメンターが紹介される。情報収集だけで止まらず、応募、相談、転居、学び直し、地域参加の次の一手へつなぐ。
40	policy_search_with_sustain_hope_family	HP23	政策	家族形成初回利用の完了通知	35	83	0.86	1.00	23-40歳・将来家族形成層・子育て初期	子ども意向↑ 安心↑ 制度信頼↑	家族形成面談、保育/代替ケア予約、住居支援、復帰キャリア相談の初回利用が完了し、利用者に次回予約と不足条件が通知される。検討が抽象論から実行可能な段取りへ移る。
41	policy_search_with_sustain_hope_family	E05	ショック	世界景気後退	24	42	0.75	0.60	全体	雇用安定↓ 制度信頼↓	輸出・投資の鈍化で求人が減少し、若年層のキャリア形成が不安定化。
41	policy_search_with_sustain_hope_family	E07	ショック	介護需要急増	22	60	0.70	0.80	ケア責任層・地方・現役世代	ケア負担↑ 可処分時間↓ 希望↓	高齢化と家族介護の集中により、若者と現役世代の時間・所得・進路選択が圧迫される。
41	policy_search_with_sustain_hope_family	E08	ショック	医療提供体制ひっ迫	18	44	0.65	0.65	地方層・医療福祉層・高負荷層	制度信頼↓ メンタル負荷↑ 地域安定↓	医療人材不足と地域医療の縮小により、生活安心感と制度信頼が低下する。
41	policy_search_with_sustain_hope_family	E09	ショック	汎用ロボティクス普及による身体労働再編	12	60	0.62	0.75	製造・物流・小売・介護周辺	雇用安定↓ 生活コスト圧力↑	物流、製造、清掃、飲食、建設、介護補助などの身体労働でロボット導入が進み、地域産業と現場職の再編不安が広がる。
41	policy_search_with_sustain_hope_family	P01	政策	若者住居安定パッケージ	10	83	0.70	1.00	非正規・無業・若年就業	住居安定↑ 希望↑	家賃補助・保証人代替・転居支援を組み合わせ、居住不安を緩和する。
41	policy_search_with_sustain_hope_family	P02	政策	奨学金負担軽減・所得連動返済	8	83	0.80	1.00	在学層・負債高層	可処分所得↑ 子ども意向↑	返済負担の平準化と減免を導入し、将来投資の先送りを抑制する。
41	policy_search_with_sustain_hope_family	P03	政策	社会持続活動nat報酬制度	12	83	0.85	1.00	全体	nat獲得↑ 希望↑	学校・地域・介護・防災・制度更新活動を報酬化し、役割喪失を防ぐ。
41	policy_search_with_sustain_hope_family	P04	政策	子育て初期一時金1000万円	15	45	0.75	1.00	子育て初期・結婚前後	子ども意向↑ 出生実行↑	出生前後の初期費用を大幅に緩和するが、短期の財政負荷と逆選択リスクがある。
41	policy_search_with_sustain_hope_family	P05	政策	地域ケア就労の賃金底上げ	14	83	0.70	1.00	ケア責任層・地方	雇用安定↑ 制度信頼↑	ケア活動を社会基盤労働として扱い、賃金と社会的評価を引き上げる。
41	policy_search_with_sustain_hope_family	P06	政策	学び直し・移行雇用保証	16	83	0.78	1.00	非正規・無業・自動化影響層	雇用安定↑ 自己効力感↑	訓練と実務移行をセットで保証し、自動化ショックからの回復経路を提供する。
41	policy_search_with_sustain_hope_family	P07	政策	地方分散インフラ投資	20	83	0.65	1.00	地方層	住居安定↑ 希望↑	交通・医療・通信の更新により、地方での生活可能性を底上げする。
41	policy_search_with_sustain_hope_family	P08	政策	若年メンタルヘルス即時アクセス	9	83	0.72	1.00	高負荷層	メンタル負荷↓ 希望↑	心理支援への待機時間と費用障壁を下げ、長期離脱を防ぐ。
41	policy_search_with_sustain_hope_family	P09	政策	学校-企業-地域循環プロジェクト	18	83	0.68	1.00	在学層・若年就業	自己効力感↑ 制度信頼↑	学習内容と地域課題・雇用機会を連結し、努力の手応えを可視化する。
41	policy_search_with_sustain_hope_family	P10	政策	nat通貨の逆進性補正	30	83	0.60	1.00	低所得層中心	格差↓ 制度信頼↑	nat配分の偏りを是正し、参加機会の不公平を抑える再分配ルールを導入する。
41	policy_search_with_sustain_hope_family	P11	政策	介護ロボット・在宅支援普及	22	83	0.62	1.00	ケア責任層・地方・子育て初期	ケア負担↓ 可処分時間↑ 希望↑	介護ロボット、見守り、移乗支援、在宅医療接続を公共支援として広げ、家族ケアによる時間制約を緩和する。
41	policy_search_with_sustain_hope_family	BP01	政策	構造持続型出産一時金の上乗せ	15	60	0.82	1.00	子どもを望む家族形成層・将来家族形成層	子ども意向↑ 家計余力↑ 制度信頼↑	出生実績への成果報酬ではなく、望む人が子どもを迎えられる条件を整える目的で、妊娠・出産・初期育児の実費と所得喪失を一時金で緩衝する。
41	policy_search_with_sustain_hope_family	BP02	政策	産後休息・代替ケア保障	15	83	0.78	1.00	妊娠出産期・子育て初期・ケア責任層	時間余力↑ メンタル負荷↓ 出生圧力リスク↓	産後の休息、夜間支援、代替ケア、家事育児支援を公的に確保し、家族責任の固定化や母親だけへの負担集中を防ぐ。
41	policy_search_with_sustain_hope_family	BP03	政策	復帰キャリア・企業負担補正	18	83	0.70	1.00	企業・正規雇用・非正規雇用・子育て初期	雇用安定↑ 企業反発↓ 子ども意向↑	育休復帰、短時間勤務、配置転換、代替人員費を企業だけに背負わせず、構造持続会計で補正し、採用抑制や女性不利益を抑える。
41	policy_search_with_sustain_hope_family	BP04	政策	家族形成住居・教育費緩衝パッケージ	20	83	0.74	1.00	23-40歳・若者・低中所得層	住居安定↑ 教育費不安↓ 希望↑	住居、保育、教育費の長期不安を束ねて緩衝し、子どもを迎える判断が一時金だけで終わらないよう支える。
41	policy_search_with_sustain_hope_family	BP05	政策	出生非強制・監査ガードレール	15	83	0.68	1.00	全体	制度信頼↑ 反発↓ moral injury↓	非婚・非出産・単身・養育しない選択を不利益にせず、出生数ではなく選択可能条件を評価対象にする。若者の「産ませたいだけでは」という反発を監査する。
41	policy_search_with_sustain_hope_family	BP06	政策	財政・インフレ持続性監査	24	83	0.64	1.00	国家・金融・納税者・若者	財政不安↓ 制度信頼↑ 長期予見性↑	一時金と支援の財源、物価影響、対象公平性を継続監査し、金融システムを含む系の持続性が崩れた場合は自動補正する。
41	policy_search_with_sustain_hope_family	BP07	政策	希望経路の可視化と達成共有	30	83	0.76	1.00	若者・家族形成層・次世代コホート	希望↑ 連帯感↑ 自己効力感↑	住居、ケア、教育費、復帰キャリアが実際につながった事例を学校・企業・地域で共有し、少なくとも複数の代表エージェントが「自分たちでも未来を作れる」と感じる経路を観測する。
41	policy_search_with_sustain_hope_family	HP01	政策	若者希望経路保証	8	83	0.84	1.00	15-22歳・進学就職移行層	希望↑ 自己効力感↑ 将来予見性↑	学び、初職、地域プロジェクト、AI活用訓練を接続し、若者が5年後の役割を複数持てるようにする。特定進路の強制ではなく選べる経路を増やす。
41	policy_search_with_sustain_hope_family	HP02	政策	初職喪失リカバリー権	12	83	0.78	1.00	AI自動化影響層・非正規・無業	喪失感↓ 希望↑ 雇用安定↑	AIやロボ導入で初職や職域が狭まった人に、再訓練、職務経験、所得補償をセットで提供し、最初の失敗が人生全体の諦念にならないようにする。
41	policy_search_with_sustain_hope_family	HP03	政策	若者持分型地域プロジェクト	18	83	0.72	1.00	若者・地方・都市低所得層	連帯感↑ 希望↑ nat獲得↑	地域インフラ、ケア、教育、災害対応、文化活動の更新に若者が持分を持ち、参加が報酬と将来役割に接続する仕組みを作る。
41	policy_search_with_sustain_hope_family	HP04	政策	家族形成トライアル支援	20	83	0.76	1.00	23-40歳・将来家族形成層	子ども意向↑ 住居安定↑ 時間余力↑	同居、結婚、妊娠、出産、養育の前段階で、住居、時間、ケア、相談、医療アクセスを試せる支援を整え、後戻りできる安心を残す。
41	policy_search_with_sustain_hope_family	HP05	政策	子育て共同体・代替ケア網	22	83	0.80	1.00	子育て初期・ケア責任層・地域	子育て実行可能性↑ メンタル負荷↓ 連帯感↑	保育、病児対応、夜間支援、送迎、学習支援を地域と企業が共同で担い、親だけが壊れない構造を作る。
41	policy_search_with_sustain_hope_family	HP06	政策	若者発制度監査と異議申立	24	83	0.68	1.00	若者・低所得層・非婚非出産層	制度信頼↑ 裏切られ感↓ 反発↓	制度の対象外になった人、非婚・非出産を選ぶ人、低所得層が異議申し立てできる窓口を作り、施策が弱い人を材料にすることを防ぐ。
41	policy_search_with_sustain_hope_family	HP07	政策	希望不足時の条件監査	30	83	0.70	1.00	LLM観測対象	説明可能性↑ 副作用監査↑ 調整候補↑	デモ観測上、希望を持つ若者・家族形成層が十分に立ち上がらない場合に、どの構造条件が欠けたか、どの層で対象外感・政策疲労・財政不安が出たかを説明対象にする。感情を直接命令せず、経路・支援・信頼・副作用の条件で観測する。
41	policy_search_with_sustain_hope_family	HP08	政策	自動着金・仮払いセーフティ	8	83	0.86	1.00	若者・低中所得層・家族形成層	制度信頼↑ 不安↓ 生活防衛↓	申請から支給までの空白を減らすため、資格確認前の仮払い、あとから精算、異議申立を組み合わせる。支援が「いつか届く」ではなく「今つながる」経験になるようにする。
41	policy_search_with_sustain_hope_family	HP09	政策	若者住居・ケア即時枠	10	83	0.82	1.00	15-29歳・ケア責任層・無業非正規層	安心↑ 撤退圧↓ 希望↑	家を出られない、ケアで動けない、住居費で進路を選べない層に、短期住居、代替ケア、地域伴走を即時枠として用意し、社会からの逃避や長期離脱を防ぐ。
41	policy_search_with_sustain_hope_family	HP10	政策	家族形成条件の個別見通し面談	18	83	0.74	1.00	23-40歳・将来家族形成層・子育て初期	子ども意向↑ 将来予見性↑ 制度利用↑	結婚、妊娠、出産、育休、復帰、住居、教育費、介護との両立を個別ケースで見通せる面談と試算を行い、子どもを迎えたい人が「自分の場合に可能か」を判断できるようにする。
41	policy_search_with_sustain_hope_family	HP11	政策	初期成功ケースの透明公開	12	83	0.84	1.00	若者・家族形成層・制度不信層	制度信頼↑ 自己効力感↑ 希望↑	自動着金、短期住居、代替ケア、初職リカバリーで実際に立て直せた初期ケースを、個人を傷つけない匿名形式で公開する。制度が存在するだけでなく、使うと何が変わるかを確認できるようにする。
41	policy_search_with_sustain_hope_family	HP12	政策	若者・家族形成パーソナル予算枠	15	83	0.86	1.00	15-40歳・低中所得層・ケア責任層	将来予見性↑ 子ども意向↑ 生活防衛↓	住居、学び直し、ケア代替、医療相談、妊娠出産準備に使える5年単位の個人予算枠を付与し、転居や転職をしても権利が持ち運べるようにする。
41	policy_search_with_sustain_hope_family	HP13	政策	非対象者分断の補正説明	15	83	0.72	1.00	非婚非出産層・納税者・若者全体	反発↓ 制度信頼↑ 連帯感↑	家族形成支援を、出生数の押しつけではなく、住居、ケア、学び直し、孤立防止を含む共通インフラとして説明し、非対象者にも使える支援経路と異議申立を明示する。
41	policy_search_with_sustain_hope_family	HP14	政策	個別資格通知と即時予約	18	83	0.92	1.00	15-40歳・低中所得層・ケア責任層	制度利用↑ 将来予見性↑ 希望↑	対象者ごとに、自分が使える住居枠、学び直し予算、ケア代替、家族形成面談の予約可能日が通知される。抽象的な制度ではなく、本人のスマホや学校・職場窓口で具体的な次の一手を確認できる。
41	policy_search_with_sustain_hope_family	HP15	政策	初職・復帰の先行契約枠	18	83	0.84	1.00	若者・AI自動化影響層・子育て初期	雇用安定↑ 自己効力感↑ 生活防衛↓	自治体、企業、学校が連携し、AI活用職、ケア技術、地域更新、育休復帰の先行契約枠を公開する。研修中の所得補償と実務経験を結び、学び直しが空手形にならないようにする。
41	policy_search_with_sustain_hope_family	HP16	政策	子育て共同体の空き枠可視化	20	83	0.80	1.00	家族形成層・子育て初期・地域	子ども意向↑ 安心↑ 連帯感↑	保育、病児対応、夜間支援、送迎、学習支援、産後休息の空き枠を地域単位で可視化し、親だけで抱え込まない具体的な受け皿を見えるようにする。
41	policy_search_with_sustain_hope_family	HP17	社会反応	SNS希望反転と実体験共有	20	83	0.88	1.00	若者・家族形成層・SNS高感受性層	SNS不安↓ 連帯感↑ 希望↑	自動着金、住居即時枠、初職契約、代替ケアを実際に使った人の承諾済み体験談が広がり、「制度は遅いだけ」という認識に一部反例が生まれる。
41	policy_search_with_sustain_hope_family	HP18	政策	財政持続監査の初回クリア	20	83	0.82	1.00	国家・納税者・若者・家族形成層	財政不安↓ 制度信頼↑ 将来予見性↑	支援財源、物価影響、逆進性、非対象者補正の初回監査が公開され、持続性が崩れていないことと自動補正ルールが確認される。
41	policy_search_with_sustain_hope_family	HP19	政策	nat報酬の初回着金	20	83	0.90	1.00	若者・地域プロジェクト参加層・低中所得層	自己効力感↑ 希望↑ 制度利用↑	地域更新、ケア補助、学習支援、災害備えに参加した若者へ、初回のnat報酬が実際に着金する。社会を維持する行動が飯の種になる体験が生まれる。
41	policy_search_with_sustain_hope_family	HP20	政策	家族形成シミュレーション結果通知	22	83	0.84	1.00	23-40歳・将来家族形成層	子ども意向↑ 安心↑ 将来予見性↑	個別面談を受けた人に、住居、収入、ケア、産後休息、復帰キャリアを含む自分用の家族形成見通しが通知され、無理ならどの条件が足りないかも示される。
41	policy_search_with_sustain_hope_family	HP21	社会反応	希望ケースの地域拡張	31	83	0.92	1.00	若者・地方都市・低中所得層	希望↑ 連帯感↑ 制度信頼↑	初期成功が一部の特権ではなく、複数地域の高校、大学、専門学校、職場、地域プロジェクトに広がったことが可視化される。自分の近くにも使った人がいる状態になる。
41	policy_search_with_sustain_hope_family	HP22	政策	若者メンター・伴走紹介	31	83	0.84	1.00	15-29歳・進学就職移行層・無業非正規層	自己効力感↑ 相談↑ 希望↑	制度利用後に迷う若者へ、同年代または少し上のメンターが紹介される。情報収集だけで止まらず、応募、相談、転居、学び直し、地域参加の次の一手へつなぐ。
41	policy_search_with_sustain_hope_family	HP23	政策	家族形成初回利用の完了通知	35	83	0.86	1.00	23-40歳・将来家族形成層・子育て初期	子ども意向↑ 安心↑ 制度信頼↑	家族形成面談、保育/代替ケア予約、住居支援、復帰キャリア相談の初回利用が完了し、利用者に次回予約と不足条件が通知される。検討が抽象論から実行可能な段取りへ移る。
42	policy_search_with_sustain_hope_family	E05	ショック	世界景気後退	24	42	0.75	0.60	全体	雇用安定↓ 制度信頼↓	輸出・投資の鈍化で求人が減少し、若年層のキャリア形成が不安定化。
42	policy_search_with_sustain_hope_family	E07	ショック	介護需要急増	22	60	0.70	0.80	ケア責任層・地方・現役世代	ケア負担↑ 可処分時間↓ 希望↓	高齢化と家族介護の集中により、若者と現役世代の時間・所得・進路選択が圧迫される。
42	policy_search_with_sustain_hope_family	E08	ショック	医療提供体制ひっ迫	18	44	0.65	0.65	地方層・医療福祉層・高負荷層	制度信頼↓ メンタル負荷↑ 地域安定↓	医療人材不足と地域医療の縮小により、生活安心感と制度信頼が低下する。
42	policy_search_with_sustain_hope_family	E09	ショック	汎用ロボティクス普及による身体労働再編	12	60	0.62	0.75	製造・物流・小売・介護周辺	雇用安定↓ 生活コスト圧力↑	物流、製造、清掃、飲食、建設、介護補助などの身体労働でロボット導入が進み、地域産業と現場職の再編不安が広がる。
42	policy_search_with_sustain_hope_family	P01	政策	若者住居安定パッケージ	10	83	0.70	1.00	非正規・無業・若年就業	住居安定↑ 希望↑	家賃補助・保証人代替・転居支援を組み合わせ、居住不安を緩和する。
42	policy_search_with_sustain_hope_family	P02	政策	奨学金負担軽減・所得連動返済	8	83	0.80	1.00	在学層・負債高層	可処分所得↑ 子ども意向↑	返済負担の平準化と減免を導入し、将来投資の先送りを抑制する。
42	policy_search_with_sustain_hope_family	P03	政策	社会持続活動nat報酬制度	12	83	0.85	1.00	全体	nat獲得↑ 希望↑	学校・地域・介護・防災・制度更新活動を報酬化し、役割喪失を防ぐ。
42	policy_search_with_sustain_hope_family	P04	政策	子育て初期一時金1000万円	15	45	0.75	1.00	子育て初期・結婚前後	子ども意向↑ 出生実行↑	出生前後の初期費用を大幅に緩和するが、短期の財政負荷と逆選択リスクがある。
42	policy_search_with_sustain_hope_family	P05	政策	地域ケア就労の賃金底上げ	14	83	0.70	1.00	ケア責任層・地方	雇用安定↑ 制度信頼↑	ケア活動を社会基盤労働として扱い、賃金と社会的評価を引き上げる。
42	policy_search_with_sustain_hope_family	P06	政策	学び直し・移行雇用保証	16	83	0.78	1.00	非正規・無業・自動化影響層	雇用安定↑ 自己効力感↑	訓練と実務移行をセットで保証し、自動化ショックからの回復経路を提供する。
42	policy_search_with_sustain_hope_family	P07	政策	地方分散インフラ投資	20	83	0.65	1.00	地方層	住居安定↑ 希望↑	交通・医療・通信の更新により、地方での生活可能性を底上げする。
42	policy_search_with_sustain_hope_family	P08	政策	若年メンタルヘルス即時アクセス	9	83	0.72	1.00	高負荷層	メンタル負荷↓ 希望↑	心理支援への待機時間と費用障壁を下げ、長期離脱を防ぐ。
42	policy_search_with_sustain_hope_family	P09	政策	学校-企業-地域循環プロジェクト	18	83	0.68	1.00	在学層・若年就業	自己効力感↑ 制度信頼↑	学習内容と地域課題・雇用機会を連結し、努力の手応えを可視化する。
42	policy_search_with_sustain_hope_family	P10	政策	nat通貨の逆進性補正	30	83	0.60	1.00	低所得層中心	格差↓ 制度信頼↑	nat配分の偏りを是正し、参加機会の不公平を抑える再分配ルールを導入する。
42	policy_search_with_sustain_hope_family	P11	政策	介護ロボット・在宅支援普及	22	83	0.62	1.00	ケア責任層・地方・子育て初期	ケア負担↓ 可処分時間↑ 希望↑	介護ロボット、見守り、移乗支援、在宅医療接続を公共支援として広げ、家族ケアによる時間制約を緩和する。
42	policy_search_with_sustain_hope_family	BP01	政策	構造持続型出産一時金の上乗せ	15	60	0.82	1.00	子どもを望む家族形成層・将来家族形成層	子ども意向↑ 家計余力↑ 制度信頼↑	出生実績への成果報酬ではなく、望む人が子どもを迎えられる条件を整える目的で、妊娠・出産・初期育児の実費と所得喪失を一時金で緩衝する。
42	policy_search_with_sustain_hope_family	BP02	政策	産後休息・代替ケア保障	15	83	0.78	1.00	妊娠出産期・子育て初期・ケア責任層	時間余力↑ メンタル負荷↓ 出生圧力リスク↓	産後の休息、夜間支援、代替ケア、家事育児支援を公的に確保し、家族責任の固定化や母親だけへの負担集中を防ぐ。
42	policy_search_with_sustain_hope_family	BP03	政策	復帰キャリア・企業負担補正	18	83	0.70	1.00	企業・正規雇用・非正規雇用・子育て初期	雇用安定↑ 企業反発↓ 子ども意向↑	育休復帰、短時間勤務、配置転換、代替人員費を企業だけに背負わせず、構造持続会計で補正し、採用抑制や女性不利益を抑える。
42	policy_search_with_sustain_hope_family	BP04	政策	家族形成住居・教育費緩衝パッケージ	20	83	0.74	1.00	23-40歳・若者・低中所得層	住居安定↑ 教育費不安↓ 希望↑	住居、保育、教育費の長期不安を束ねて緩衝し、子どもを迎える判断が一時金だけで終わらないよう支える。
42	policy_search_with_sustain_hope_family	BP05	政策	出生非強制・監査ガードレール	15	83	0.68	1.00	全体	制度信頼↑ 反発↓ moral injury↓	非婚・非出産・単身・養育しない選択を不利益にせず、出生数ではなく選択可能条件を評価対象にする。若者の「産ませたいだけでは」という反発を監査する。
42	policy_search_with_sustain_hope_family	BP06	政策	財政・インフレ持続性監査	24	83	0.64	1.00	国家・金融・納税者・若者	財政不安↓ 制度信頼↑ 長期予見性↑	一時金と支援の財源、物価影響、対象公平性を継続監査し、金融システムを含む系の持続性が崩れた場合は自動補正する。
42	policy_search_with_sustain_hope_family	BP07	政策	希望経路の可視化と達成共有	30	83	0.76	1.00	若者・家族形成層・次世代コホート	希望↑ 連帯感↑ 自己効力感↑	住居、ケア、教育費、復帰キャリアが実際につながった事例を学校・企業・地域で共有し、少なくとも複数の代表エージェントが「自分たちでも未来を作れる」と感じる経路を観測する。
42	policy_search_with_sustain_hope_family	HP01	政策	若者希望経路保証	8	83	0.84	1.00	15-22歳・進学就職移行層	希望↑ 自己効力感↑ 将来予見性↑	学び、初職、地域プロジェクト、AI活用訓練を接続し、若者が5年後の役割を複数持てるようにする。特定進路の強制ではなく選べる経路を増やす。
42	policy_search_with_sustain_hope_family	HP02	政策	初職喪失リカバリー権	12	83	0.78	1.00	AI自動化影響層・非正規・無業	喪失感↓ 希望↑ 雇用安定↑	AIやロボ導入で初職や職域が狭まった人に、再訓練、職務経験、所得補償をセットで提供し、最初の失敗が人生全体の諦念にならないようにする。
42	policy_search_with_sustain_hope_family	HP03	政策	若者持分型地域プロジェクト	18	83	0.72	1.00	若者・地方・都市低所得層	連帯感↑ 希望↑ nat獲得↑	地域インフラ、ケア、教育、災害対応、文化活動の更新に若者が持分を持ち、参加が報酬と将来役割に接続する仕組みを作る。
42	policy_search_with_sustain_hope_family	HP04	政策	家族形成トライアル支援	20	83	0.76	1.00	23-40歳・将来家族形成層	子ども意向↑ 住居安定↑ 時間余力↑	同居、結婚、妊娠、出産、養育の前段階で、住居、時間、ケア、相談、医療アクセスを試せる支援を整え、後戻りできる安心を残す。
42	policy_search_with_sustain_hope_family	HP05	政策	子育て共同体・代替ケア網	22	83	0.80	1.00	子育て初期・ケア責任層・地域	子育て実行可能性↑ メンタル負荷↓ 連帯感↑	保育、病児対応、夜間支援、送迎、学習支援を地域と企業が共同で担い、親だけが壊れない構造を作る。
42	policy_search_with_sustain_hope_family	HP06	政策	若者発制度監査と異議申立	24	83	0.68	1.00	若者・低所得層・非婚非出産層	制度信頼↑ 裏切られ感↓ 反発↓	制度の対象外になった人、非婚・非出産を選ぶ人、低所得層が異議申し立てできる窓口を作り、施策が弱い人を材料にすることを防ぐ。
42	policy_search_with_sustain_hope_family	HP07	政策	希望不足時の条件監査	30	83	0.70	1.00	LLM観測対象	説明可能性↑ 副作用監査↑ 調整候補↑	デモ観測上、希望を持つ若者・家族形成層が十分に立ち上がらない場合に、どの構造条件が欠けたか、どの層で対象外感・政策疲労・財政不安が出たかを説明対象にする。感情を直接命令せず、経路・支援・信頼・副作用の条件で観測する。
42	policy_search_with_sustain_hope_family	HP08	政策	自動着金・仮払いセーフティ	8	83	0.86	1.00	若者・低中所得層・家族形成層	制度信頼↑ 不安↓ 生活防衛↓	申請から支給までの空白を減らすため、資格確認前の仮払い、あとから精算、異議申立を組み合わせる。支援が「いつか届く」ではなく「今つながる」経験になるようにする。
42	policy_search_with_sustain_hope_family	HP09	政策	若者住居・ケア即時枠	10	83	0.82	1.00	15-29歳・ケア責任層・無業非正規層	安心↑ 撤退圧↓ 希望↑	家を出られない、ケアで動けない、住居費で進路を選べない層に、短期住居、代替ケア、地域伴走を即時枠として用意し、社会からの逃避や長期離脱を防ぐ。
42	policy_search_with_sustain_hope_family	HP10	政策	家族形成条件の個別見通し面談	18	83	0.74	1.00	23-40歳・将来家族形成層・子育て初期	子ども意向↑ 将来予見性↑ 制度利用↑	結婚、妊娠、出産、育休、復帰、住居、教育費、介護との両立を個別ケースで見通せる面談と試算を行い、子どもを迎えたい人が「自分の場合に可能か」を判断できるようにする。
42	policy_search_with_sustain_hope_family	HP11	政策	初期成功ケースの透明公開	12	83	0.84	1.00	若者・家族形成層・制度不信層	制度信頼↑ 自己効力感↑ 希望↑	自動着金、短期住居、代替ケア、初職リカバリーで実際に立て直せた初期ケースを、個人を傷つけない匿名形式で公開する。制度が存在するだけでなく、使うと何が変わるかを確認できるようにする。
42	policy_search_with_sustain_hope_family	HP12	政策	若者・家族形成パーソナル予算枠	15	83	0.86	1.00	15-40歳・低中所得層・ケア責任層	将来予見性↑ 子ども意向↑ 生活防衛↓	住居、学び直し、ケア代替、医療相談、妊娠出産準備に使える5年単位の個人予算枠を付与し、転居や転職をしても権利が持ち運べるようにする。
42	policy_search_with_sustain_hope_family	HP13	政策	非対象者分断の補正説明	15	83	0.72	1.00	非婚非出産層・納税者・若者全体	反発↓ 制度信頼↑ 連帯感↑	家族形成支援を、出生数の押しつけではなく、住居、ケア、学び直し、孤立防止を含む共通インフラとして説明し、非対象者にも使える支援経路と異議申立を明示する。
42	policy_search_with_sustain_hope_family	HP14	政策	個別資格通知と即時予約	18	83	0.92	1.00	15-40歳・低中所得層・ケア責任層	制度利用↑ 将来予見性↑ 希望↑	対象者ごとに、自分が使える住居枠、学び直し予算、ケア代替、家族形成面談の予約可能日が通知される。抽象的な制度ではなく、本人のスマホや学校・職場窓口で具体的な次の一手を確認できる。
42	policy_search_with_sustain_hope_family	HP15	政策	初職・復帰の先行契約枠	18	83	0.84	1.00	若者・AI自動化影響層・子育て初期	雇用安定↑ 自己効力感↑ 生活防衛↓	自治体、企業、学校が連携し、AI活用職、ケア技術、地域更新、育休復帰の先行契約枠を公開する。研修中の所得補償と実務経験を結び、学び直しが空手形にならないようにする。
42	policy_search_with_sustain_hope_family	HP16	政策	子育て共同体の空き枠可視化	20	83	0.80	1.00	家族形成層・子育て初期・地域	子ども意向↑ 安心↑ 連帯感↑	保育、病児対応、夜間支援、送迎、学習支援、産後休息の空き枠を地域単位で可視化し、親だけで抱え込まない具体的な受け皿を見えるようにする。
42	policy_search_with_sustain_hope_family	HP17	社会反応	SNS希望反転と実体験共有	20	83	0.88	1.00	若者・家族形成層・SNS高感受性層	SNS不安↓ 連帯感↑ 希望↑	自動着金、住居即時枠、初職契約、代替ケアを実際に使った人の承諾済み体験談が広がり、「制度は遅いだけ」という認識に一部反例が生まれる。
42	policy_search_with_sustain_hope_family	HP18	政策	財政持続監査の初回クリア	20	83	0.82	1.00	国家・納税者・若者・家族形成層	財政不安↓ 制度信頼↑ 将来予見性↑	支援財源、物価影響、逆進性、非対象者補正の初回監査が公開され、持続性が崩れていないことと自動補正ルールが確認される。
42	policy_search_with_sustain_hope_family	HP19	政策	nat報酬の初回着金	20	83	0.90	1.00	若者・地域プロジェクト参加層・低中所得層	自己効力感↑ 希望↑ 制度利用↑	地域更新、ケア補助、学習支援、災害備えに参加した若者へ、初回のnat報酬が実際に着金する。社会を維持する行動が飯の種になる体験が生まれる。
42	policy_search_with_sustain_hope_family	HP20	政策	家族形成シミュレーション結果通知	22	83	0.84	1.00	23-40歳・将来家族形成層	子ども意向↑ 安心↑ 将来予見性↑	個別面談を受けた人に、住居、収入、ケア、産後休息、復帰キャリアを含む自分用の家族形成見通しが通知され、無理ならどの条件が足りないかも示される。
42	policy_search_with_sustain_hope_family	HP21	社会反応	希望ケースの地域拡張	31	83	0.92	1.00	若者・地方都市・低中所得層	希望↑ 連帯感↑ 制度信頼↑	初期成功が一部の特権ではなく、複数地域の高校、大学、専門学校、職場、地域プロジェクトに広がったことが可視化される。自分の近くにも使った人がいる状態になる。
42	policy_search_with_sustain_hope_family	HP22	政策	若者メンター・伴走紹介	31	83	0.84	1.00	15-29歳・進学就職移行層・無業非正規層	自己効力感↑ 相談↑ 希望↑	制度利用後に迷う若者へ、同年代または少し上のメンターが紹介される。情報収集だけで止まらず、応募、相談、転居、学び直し、地域参加の次の一手へつなぐ。
42	policy_search_with_sustain_hope_family	HP23	政策	家族形成初回利用の完了通知	35	83	0.86	1.00	23-40歳・将来家族形成層・子育て初期	子ども意向↑ 安心↑ 制度信頼↑	家族形成面談、保育/代替ケア予約、住居支援、復帰キャリア相談の初回利用が完了し、利用者に次回予約と不足条件が通知される。検討が抽象論から実行可能な段取りへ移る。
43	policy_search_with_sustain_hope_family	E07	ショック	介護需要急増	22	60	0.70	0.80	ケア責任層・地方・現役世代	ケア負担↑ 可処分時間↓ 希望↓	高齢化と家族介護の集中により、若者と現役世代の時間・所得・進路選択が圧迫される。
43	policy_search_with_sustain_hope_family	E08	ショック	医療提供体制ひっ迫	18	44	0.65	0.65	地方層・医療福祉層・高負荷層	制度信頼↓ メンタル負荷↑ 地域安定↓	医療人材不足と地域医療の縮小により、生活安心感と制度信頼が低下する。
43	policy_search_with_sustain_hope_family	E09	ショック	汎用ロボティクス普及による身体労働再編	12	60	0.62	0.75	製造・物流・小売・介護周辺	雇用安定↓ 生活コスト圧力↑	物流、製造、清掃、飲食、建設、介護補助などの身体労働でロボット導入が進み、地域産業と現場職の再編不安が広がる。
43	policy_search_with_sustain_hope_family	P01	政策	若者住居安定パッケージ	10	83	0.70	1.00	非正規・無業・若年就業	住居安定↑ 希望↑	家賃補助・保証人代替・転居支援を組み合わせ、居住不安を緩和する。
43	policy_search_with_sustain_hope_family	P02	政策	奨学金負担軽減・所得連動返済	8	83	0.80	1.00	在学層・負債高層	可処分所得↑ 子ども意向↑	返済負担の平準化と減免を導入し、将来投資の先送りを抑制する。
43	policy_search_with_sustain_hope_family	P03	政策	社会持続活動nat報酬制度	12	83	0.85	1.00	全体	nat獲得↑ 希望↑	学校・地域・介護・防災・制度更新活動を報酬化し、役割喪失を防ぐ。
43	policy_search_with_sustain_hope_family	P04	政策	子育て初期一時金1000万円	15	45	0.75	1.00	子育て初期・結婚前後	子ども意向↑ 出生実行↑	出生前後の初期費用を大幅に緩和するが、短期の財政負荷と逆選択リスクがある。
43	policy_search_with_sustain_hope_family	P05	政策	地域ケア就労の賃金底上げ	14	83	0.70	1.00	ケア責任層・地方	雇用安定↑ 制度信頼↑	ケア活動を社会基盤労働として扱い、賃金と社会的評価を引き上げる。
43	policy_search_with_sustain_hope_family	P06	政策	学び直し・移行雇用保証	16	83	0.78	1.00	非正規・無業・自動化影響層	雇用安定↑ 自己効力感↑	訓練と実務移行をセットで保証し、自動化ショックからの回復経路を提供する。
43	policy_search_with_sustain_hope_family	P07	政策	地方分散インフラ投資	20	83	0.65	1.00	地方層	住居安定↑ 希望↑	交通・医療・通信の更新により、地方での生活可能性を底上げする。
43	policy_search_with_sustain_hope_family	P08	政策	若年メンタルヘルス即時アクセス	9	83	0.72	1.00	高負荷層	メンタル負荷↓ 希望↑	心理支援への待機時間と費用障壁を下げ、長期離脱を防ぐ。
43	policy_search_with_sustain_hope_family	P09	政策	学校-企業-地域循環プロジェクト	18	83	0.68	1.00	在学層・若年就業	自己効力感↑ 制度信頼↑	学習内容と地域課題・雇用機会を連結し、努力の手応えを可視化する。
43	policy_search_with_sustain_hope_family	P10	政策	nat通貨の逆進性補正	30	83	0.60	1.00	低所得層中心	格差↓ 制度信頼↑	nat配分の偏りを是正し、参加機会の不公平を抑える再分配ルールを導入する。
43	policy_search_with_sustain_hope_family	P11	政策	介護ロボット・在宅支援普及	22	83	0.62	1.00	ケア責任層・地方・子育て初期	ケア負担↓ 可処分時間↑ 希望↑	介護ロボット、見守り、移乗支援、在宅医療接続を公共支援として広げ、家族ケアによる時間制約を緩和する。
43	policy_search_with_sustain_hope_family	BP01	政策	構造持続型出産一時金の上乗せ	15	60	0.82	1.00	子どもを望む家族形成層・将来家族形成層	子ども意向↑ 家計余力↑ 制度信頼↑	出生実績への成果報酬ではなく、望む人が子どもを迎えられる条件を整える目的で、妊娠・出産・初期育児の実費と所得喪失を一時金で緩衝する。
43	policy_search_with_sustain_hope_family	BP02	政策	産後休息・代替ケア保障	15	83	0.78	1.00	妊娠出産期・子育て初期・ケア責任層	時間余力↑ メンタル負荷↓ 出生圧力リスク↓	産後の休息、夜間支援、代替ケア、家事育児支援を公的に確保し、家族責任の固定化や母親だけへの負担集中を防ぐ。
43	policy_search_with_sustain_hope_family	BP03	政策	復帰キャリア・企業負担補正	18	83	0.70	1.00	企業・正規雇用・非正規雇用・子育て初期	雇用安定↑ 企業反発↓ 子ども意向↑	育休復帰、短時間勤務、配置転換、代替人員費を企業だけに背負わせず、構造持続会計で補正し、採用抑制や女性不利益を抑える。
43	policy_search_with_sustain_hope_family	BP04	政策	家族形成住居・教育費緩衝パッケージ	20	83	0.74	1.00	23-40歳・若者・低中所得層	住居安定↑ 教育費不安↓ 希望↑	住居、保育、教育費の長期不安を束ねて緩衝し、子どもを迎える判断が一時金だけで終わらないよう支える。
43	policy_search_with_sustain_hope_family	BP05	政策	出生非強制・監査ガードレール	15	83	0.68	1.00	全体	制度信頼↑ 反発↓ moral injury↓	非婚・非出産・単身・養育しない選択を不利益にせず、出生数ではなく選択可能条件を評価対象にする。若者の「産ませたいだけでは」という反発を監査する。
43	policy_search_with_sustain_hope_family	BP06	政策	財政・インフレ持続性監査	24	83	0.64	1.00	国家・金融・納税者・若者	財政不安↓ 制度信頼↑ 長期予見性↑	一時金と支援の財源、物価影響、対象公平性を継続監査し、金融システムを含む系の持続性が崩れた場合は自動補正する。
43	policy_search_with_sustain_hope_family	BP07	政策	希望経路の可視化と達成共有	30	83	0.76	1.00	若者・家族形成層・次世代コホート	希望↑ 連帯感↑ 自己効力感↑	住居、ケア、教育費、復帰キャリアが実際につながった事例を学校・企業・地域で共有し、少なくとも複数の代表エージェントが「自分たちでも未来を作れる」と感じる経路を観測する。
43	policy_search_with_sustain_hope_family	HP01	政策	若者希望経路保証	8	83	0.84	1.00	15-22歳・進学就職移行層	希望↑ 自己効力感↑ 将来予見性↑	学び、初職、地域プロジェクト、AI活用訓練を接続し、若者が5年後の役割を複数持てるようにする。特定進路の強制ではなく選べる経路を増やす。
43	policy_search_with_sustain_hope_family	HP02	政策	初職喪失リカバリー権	12	83	0.78	1.00	AI自動化影響層・非正規・無業	喪失感↓ 希望↑ 雇用安定↑	AIやロボ導入で初職や職域が狭まった人に、再訓練、職務経験、所得補償をセットで提供し、最初の失敗が人生全体の諦念にならないようにする。
43	policy_search_with_sustain_hope_family	HP03	政策	若者持分型地域プロジェクト	18	83	0.72	1.00	若者・地方・都市低所得層	連帯感↑ 希望↑ nat獲得↑	地域インフラ、ケア、教育、災害対応、文化活動の更新に若者が持分を持ち、参加が報酬と将来役割に接続する仕組みを作る。
43	policy_search_with_sustain_hope_family	HP04	政策	家族形成トライアル支援	20	83	0.76	1.00	23-40歳・将来家族形成層	子ども意向↑ 住居安定↑ 時間余力↑	同居、結婚、妊娠、出産、養育の前段階で、住居、時間、ケア、相談、医療アクセスを試せる支援を整え、後戻りできる安心を残す。
43	policy_search_with_sustain_hope_family	HP05	政策	子育て共同体・代替ケア網	22	83	0.80	1.00	子育て初期・ケア責任層・地域	子育て実行可能性↑ メンタル負荷↓ 連帯感↑	保育、病児対応、夜間支援、送迎、学習支援を地域と企業が共同で担い、親だけが壊れない構造を作る。
43	policy_search_with_sustain_hope_family	HP06	政策	若者発制度監査と異議申立	24	83	0.68	1.00	若者・低所得層・非婚非出産層	制度信頼↑ 裏切られ感↓ 反発↓	制度の対象外になった人、非婚・非出産を選ぶ人、低所得層が異議申し立てできる窓口を作り、施策が弱い人を材料にすることを防ぐ。
43	policy_search_with_sustain_hope_family	HP07	政策	希望不足時の条件監査	30	83	0.70	1.00	LLM観測対象	説明可能性↑ 副作用監査↑ 調整候補↑	デモ観測上、希望を持つ若者・家族形成層が十分に立ち上がらない場合に、どの構造条件が欠けたか、どの層で対象外感・政策疲労・財政不安が出たかを説明対象にする。感情を直接命令せず、経路・支援・信頼・副作用の条件で観測する。
43	policy_search_with_sustain_hope_family	HP08	政策	自動着金・仮払いセーフティ	8	83	0.86	1.00	若者・低中所得層・家族形成層	制度信頼↑ 不安↓ 生活防衛↓	申請から支給までの空白を減らすため、資格確認前の仮払い、あとから精算、異議申立を組み合わせる。支援が「いつか届く」ではなく「今つながる」経験になるようにする。
43	policy_search_with_sustain_hope_family	HP09	政策	若者住居・ケア即時枠	10	83	0.82	1.00	15-29歳・ケア責任層・無業非正規層	安心↑ 撤退圧↓ 希望↑	家を出られない、ケアで動けない、住居費で進路を選べない層に、短期住居、代替ケア、地域伴走を即時枠として用意し、社会からの逃避や長期離脱を防ぐ。
43	policy_search_with_sustain_hope_family	HP10	政策	家族形成条件の個別見通し面談	18	83	0.74	1.00	23-40歳・将来家族形成層・子育て初期	子ども意向↑ 将来予見性↑ 制度利用↑	結婚、妊娠、出産、育休、復帰、住居、教育費、介護との両立を個別ケースで見通せる面談と試算を行い、子どもを迎えたい人が「自分の場合に可能か」を判断できるようにする。
43	policy_search_with_sustain_hope_family	HP11	政策	初期成功ケースの透明公開	12	83	0.84	1.00	若者・家族形成層・制度不信層	制度信頼↑ 自己効力感↑ 希望↑	自動着金、短期住居、代替ケア、初職リカバリーで実際に立て直せた初期ケースを、個人を傷つけない匿名形式で公開する。制度が存在するだけでなく、使うと何が変わるかを確認できるようにする。
43	policy_search_with_sustain_hope_family	HP12	政策	若者・家族形成パーソナル予算枠	15	83	0.86	1.00	15-40歳・低中所得層・ケア責任層	将来予見性↑ 子ども意向↑ 生活防衛↓	住居、学び直し、ケア代替、医療相談、妊娠出産準備に使える5年単位の個人予算枠を付与し、転居や転職をしても権利が持ち運べるようにする。
43	policy_search_with_sustain_hope_family	HP13	政策	非対象者分断の補正説明	15	83	0.72	1.00	非婚非出産層・納税者・若者全体	反発↓ 制度信頼↑ 連帯感↑	家族形成支援を、出生数の押しつけではなく、住居、ケア、学び直し、孤立防止を含む共通インフラとして説明し、非対象者にも使える支援経路と異議申立を明示する。
43	policy_search_with_sustain_hope_family	HP14	政策	個別資格通知と即時予約	18	83	0.92	1.00	15-40歳・低中所得層・ケア責任層	制度利用↑ 将来予見性↑ 希望↑	対象者ごとに、自分が使える住居枠、学び直し予算、ケア代替、家族形成面談の予約可能日が通知される。抽象的な制度ではなく、本人のスマホや学校・職場窓口で具体的な次の一手を確認できる。
43	policy_search_with_sustain_hope_family	HP15	政策	初職・復帰の先行契約枠	18	83	0.84	1.00	若者・AI自動化影響層・子育て初期	雇用安定↑ 自己効力感↑ 生活防衛↓	自治体、企業、学校が連携し、AI活用職、ケア技術、地域更新、育休復帰の先行契約枠を公開する。研修中の所得補償と実務経験を結び、学び直しが空手形にならないようにする。
43	policy_search_with_sustain_hope_family	HP16	政策	子育て共同体の空き枠可視化	20	83	0.80	1.00	家族形成層・子育て初期・地域	子ども意向↑ 安心↑ 連帯感↑	保育、病児対応、夜間支援、送迎、学習支援、産後休息の空き枠を地域単位で可視化し、親だけで抱え込まない具体的な受け皿を見えるようにする。
43	policy_search_with_sustain_hope_family	HP17	社会反応	SNS希望反転と実体験共有	20	83	0.88	1.00	若者・家族形成層・SNS高感受性層	SNS不安↓ 連帯感↑ 希望↑	自動着金、住居即時枠、初職契約、代替ケアを実際に使った人の承諾済み体験談が広がり、「制度は遅いだけ」という認識に一部反例が生まれる。
43	policy_search_with_sustain_hope_family	HP18	政策	財政持続監査の初回クリア	20	83	0.82	1.00	国家・納税者・若者・家族形成層	財政不安↓ 制度信頼↑ 将来予見性↑	支援財源、物価影響、逆進性、非対象者補正の初回監査が公開され、持続性が崩れていないことと自動補正ルールが確認される。
43	policy_search_with_sustain_hope_family	HP19	政策	nat報酬の初回着金	20	83	0.90	1.00	若者・地域プロジェクト参加層・低中所得層	自己効力感↑ 希望↑ 制度利用↑	地域更新、ケア補助、学習支援、災害備えに参加した若者へ、初回のnat報酬が実際に着金する。社会を維持する行動が飯の種になる体験が生まれる。
43	policy_search_with_sustain_hope_family	HP20	政策	家族形成シミュレーション結果通知	22	83	0.84	1.00	23-40歳・将来家族形成層	子ども意向↑ 安心↑ 将来予見性↑	個別面談を受けた人に、住居、収入、ケア、産後休息、復帰キャリアを含む自分用の家族形成見通しが通知され、無理ならどの条件が足りないかも示される。
43	policy_search_with_sustain_hope_family	HP21	社会反応	希望ケースの地域拡張	31	83	0.92	1.00	若者・地方都市・低中所得層	希望↑ 連帯感↑ 制度信頼↑	初期成功が一部の特権ではなく、複数地域の高校、大学、専門学校、職場、地域プロジェクトに広がったことが可視化される。自分の近くにも使った人がいる状態になる。
43	policy_search_with_sustain_hope_family	HP22	政策	若者メンター・伴走紹介	31	83	0.84	1.00	15-29歳・進学就職移行層・無業非正規層	自己効力感↑ 相談↑ 希望↑	制度利用後に迷う若者へ、同年代または少し上のメンターが紹介される。情報収集だけで止まらず、応募、相談、転居、学び直し、地域参加の次の一手へつなぐ。
43	policy_search_with_sustain_hope_family	HP23	政策	家族形成初回利用の完了通知	35	83	0.86	1.00	23-40歳・将来家族形成層・子育て初期	子ども意向↑ 安心↑ 制度信頼↑	家族形成面談、保育/代替ケア予約、住居支援、復帰キャリア相談の初回利用が完了し、利用者に次回予約と不足条件が通知される。検討が抽象論から実行可能な段取りへ移る。
44	policy_search_with_sustain_hope_family	E07	ショック	介護需要急増	22	60	0.70	0.80	ケア責任層・地方・現役世代	ケア負担↑ 可処分時間↓ 希望↓	高齢化と家族介護の集中により、若者と現役世代の時間・所得・進路選択が圧迫される。
44	policy_search_with_sustain_hope_family	E08	ショック	医療提供体制ひっ迫	18	44	0.65	0.65	地方層・医療福祉層・高負荷層	制度信頼↓ メンタル負荷↑ 地域安定↓	医療人材不足と地域医療の縮小により、生活安心感と制度信頼が低下する。
44	policy_search_with_sustain_hope_family	E09	ショック	汎用ロボティクス普及による身体労働再編	12	60	0.62	0.75	製造・物流・小売・介護周辺	雇用安定↓ 生活コスト圧力↑	物流、製造、清掃、飲食、建設、介護補助などの身体労働でロボット導入が進み、地域産業と現場職の再編不安が広がる。
44	policy_search_with_sustain_hope_family	P01	政策	若者住居安定パッケージ	10	83	0.70	1.00	非正規・無業・若年就業	住居安定↑ 希望↑	家賃補助・保証人代替・転居支援を組み合わせ、居住不安を緩和する。
44	policy_search_with_sustain_hope_family	P02	政策	奨学金負担軽減・所得連動返済	8	83	0.80	1.00	在学層・負債高層	可処分所得↑ 子ども意向↑	返済負担の平準化と減免を導入し、将来投資の先送りを抑制する。
44	policy_search_with_sustain_hope_family	P03	政策	社会持続活動nat報酬制度	12	83	0.85	1.00	全体	nat獲得↑ 希望↑	学校・地域・介護・防災・制度更新活動を報酬化し、役割喪失を防ぐ。
44	policy_search_with_sustain_hope_family	P04	政策	子育て初期一時金1000万円	15	45	0.75	1.00	子育て初期・結婚前後	子ども意向↑ 出生実行↑	出生前後の初期費用を大幅に緩和するが、短期の財政負荷と逆選択リスクがある。
44	policy_search_with_sustain_hope_family	P05	政策	地域ケア就労の賃金底上げ	14	83	0.70	1.00	ケア責任層・地方	雇用安定↑ 制度信頼↑	ケア活動を社会基盤労働として扱い、賃金と社会的評価を引き上げる。
44	policy_search_with_sustain_hope_family	P06	政策	学び直し・移行雇用保証	16	83	0.78	1.00	非正規・無業・自動化影響層	雇用安定↑ 自己効力感↑	訓練と実務移行をセットで保証し、自動化ショックからの回復経路を提供する。
44	policy_search_with_sustain_hope_family	P07	政策	地方分散インフラ投資	20	83	0.65	1.00	地方層	住居安定↑ 希望↑	交通・医療・通信の更新により、地方での生活可能性を底上げする。
44	policy_search_with_sustain_hope_family	P08	政策	若年メンタルヘルス即時アクセス	9	83	0.72	1.00	高負荷層	メンタル負荷↓ 希望↑	心理支援への待機時間と費用障壁を下げ、長期離脱を防ぐ。
44	policy_search_with_sustain_hope_family	P09	政策	学校-企業-地域循環プロジェクト	18	83	0.68	1.00	在学層・若年就業	自己効力感↑ 制度信頼↑	学習内容と地域課題・雇用機会を連結し、努力の手応えを可視化する。
44	policy_search_with_sustain_hope_family	P10	政策	nat通貨の逆進性補正	30	83	0.60	1.00	低所得層中心	格差↓ 制度信頼↑	nat配分の偏りを是正し、参加機会の不公平を抑える再分配ルールを導入する。
44	policy_search_with_sustain_hope_family	P11	政策	介護ロボット・在宅支援普及	22	83	0.62	1.00	ケア責任層・地方・子育て初期	ケア負担↓ 可処分時間↑ 希望↑	介護ロボット、見守り、移乗支援、在宅医療接続を公共支援として広げ、家族ケアによる時間制約を緩和する。
44	policy_search_with_sustain_hope_family	BP01	政策	構造持続型出産一時金の上乗せ	15	60	0.82	1.00	子どもを望む家族形成層・将来家族形成層	子ども意向↑ 家計余力↑ 制度信頼↑	出生実績への成果報酬ではなく、望む人が子どもを迎えられる条件を整える目的で、妊娠・出産・初期育児の実費と所得喪失を一時金で緩衝する。
44	policy_search_with_sustain_hope_family	BP02	政策	産後休息・代替ケア保障	15	83	0.78	1.00	妊娠出産期・子育て初期・ケア責任層	時間余力↑ メンタル負荷↓ 出生圧力リスク↓	産後の休息、夜間支援、代替ケア、家事育児支援を公的に確保し、家族責任の固定化や母親だけへの負担集中を防ぐ。
44	policy_search_with_sustain_hope_family	BP03	政策	復帰キャリア・企業負担補正	18	83	0.70	1.00	企業・正規雇用・非正規雇用・子育て初期	雇用安定↑ 企業反発↓ 子ども意向↑	育休復帰、短時間勤務、配置転換、代替人員費を企業だけに背負わせず、構造持続会計で補正し、採用抑制や女性不利益を抑える。
44	policy_search_with_sustain_hope_family	BP04	政策	家族形成住居・教育費緩衝パッケージ	20	83	0.74	1.00	23-40歳・若者・低中所得層	住居安定↑ 教育費不安↓ 希望↑	住居、保育、教育費の長期不安を束ねて緩衝し、子どもを迎える判断が一時金だけで終わらないよう支える。
44	policy_search_with_sustain_hope_family	BP05	政策	出生非強制・監査ガードレール	15	83	0.68	1.00	全体	制度信頼↑ 反発↓ moral injury↓	非婚・非出産・単身・養育しない選択を不利益にせず、出生数ではなく選択可能条件を評価対象にする。若者の「産ませたいだけでは」という反発を監査する。
44	policy_search_with_sustain_hope_family	BP06	政策	財政・インフレ持続性監査	24	83	0.64	1.00	国家・金融・納税者・若者	財政不安↓ 制度信頼↑ 長期予見性↑	一時金と支援の財源、物価影響、対象公平性を継続監査し、金融システムを含む系の持続性が崩れた場合は自動補正する。
44	policy_search_with_sustain_hope_family	BP07	政策	希望経路の可視化と達成共有	30	83	0.76	1.00	若者・家族形成層・次世代コホート	希望↑ 連帯感↑ 自己効力感↑	住居、ケア、教育費、復帰キャリアが実際につながった事例を学校・企業・地域で共有し、少なくとも複数の代表エージェントが「自分たちでも未来を作れる」と感じる経路を観測する。
44	policy_search_with_sustain_hope_family	HP01	政策	若者希望経路保証	8	83	0.84	1.00	15-22歳・進学就職移行層	希望↑ 自己効力感↑ 将来予見性↑	学び、初職、地域プロジェクト、AI活用訓練を接続し、若者が5年後の役割を複数持てるようにする。特定進路の強制ではなく選べる経路を増やす。
44	policy_search_with_sustain_hope_family	HP02	政策	初職喪失リカバリー権	12	83	0.78	1.00	AI自動化影響層・非正規・無業	喪失感↓ 希望↑ 雇用安定↑	AIやロボ導入で初職や職域が狭まった人に、再訓練、職務経験、所得補償をセットで提供し、最初の失敗が人生全体の諦念にならないようにする。
44	policy_search_with_sustain_hope_family	HP03	政策	若者持分型地域プロジェクト	18	83	0.72	1.00	若者・地方・都市低所得層	連帯感↑ 希望↑ nat獲得↑	地域インフラ、ケア、教育、災害対応、文化活動の更新に若者が持分を持ち、参加が報酬と将来役割に接続する仕組みを作る。
44	policy_search_with_sustain_hope_family	HP04	政策	家族形成トライアル支援	20	83	0.76	1.00	23-40歳・将来家族形成層	子ども意向↑ 住居安定↑ 時間余力↑	同居、結婚、妊娠、出産、養育の前段階で、住居、時間、ケア、相談、医療アクセスを試せる支援を整え、後戻りできる安心を残す。
44	policy_search_with_sustain_hope_family	HP05	政策	子育て共同体・代替ケア網	22	83	0.80	1.00	子育て初期・ケア責任層・地域	子育て実行可能性↑ メンタル負荷↓ 連帯感↑	保育、病児対応、夜間支援、送迎、学習支援を地域と企業が共同で担い、親だけが壊れない構造を作る。
44	policy_search_with_sustain_hope_family	HP06	政策	若者発制度監査と異議申立	24	83	0.68	1.00	若者・低所得層・非婚非出産層	制度信頼↑ 裏切られ感↓ 反発↓	制度の対象外になった人、非婚・非出産を選ぶ人、低所得層が異議申し立てできる窓口を作り、施策が弱い人を材料にすることを防ぐ。
44	policy_search_with_sustain_hope_family	HP07	政策	希望不足時の条件監査	30	83	0.70	1.00	LLM観測対象	説明可能性↑ 副作用監査↑ 調整候補↑	デモ観測上、希望を持つ若者・家族形成層が十分に立ち上がらない場合に、どの構造条件が欠けたか、どの層で対象外感・政策疲労・財政不安が出たかを説明対象にする。感情を直接命令せず、経路・支援・信頼・副作用の条件で観測する。
44	policy_search_with_sustain_hope_family	HP08	政策	自動着金・仮払いセーフティ	8	83	0.86	1.00	若者・低中所得層・家族形成層	制度信頼↑ 不安↓ 生活防衛↓	申請から支給までの空白を減らすため、資格確認前の仮払い、あとから精算、異議申立を組み合わせる。支援が「いつか届く」ではなく「今つながる」経験になるようにする。
44	policy_search_with_sustain_hope_family	HP09	政策	若者住居・ケア即時枠	10	83	0.82	1.00	15-29歳・ケア責任層・無業非正規層	安心↑ 撤退圧↓ 希望↑	家を出られない、ケアで動けない、住居費で進路を選べない層に、短期住居、代替ケア、地域伴走を即時枠として用意し、社会からの逃避や長期離脱を防ぐ。
44	policy_search_with_sustain_hope_family	HP10	政策	家族形成条件の個別見通し面談	18	83	0.74	1.00	23-40歳・将来家族形成層・子育て初期	子ども意向↑ 将来予見性↑ 制度利用↑	結婚、妊娠、出産、育休、復帰、住居、教育費、介護との両立を個別ケースで見通せる面談と試算を行い、子どもを迎えたい人が「自分の場合に可能か」を判断できるようにする。
44	policy_search_with_sustain_hope_family	HP11	政策	初期成功ケースの透明公開	12	83	0.84	1.00	若者・家族形成層・制度不信層	制度信頼↑ 自己効力感↑ 希望↑	自動着金、短期住居、代替ケア、初職リカバリーで実際に立て直せた初期ケースを、個人を傷つけない匿名形式で公開する。制度が存在するだけでなく、使うと何が変わるかを確認できるようにする。
44	policy_search_with_sustain_hope_family	HP12	政策	若者・家族形成パーソナル予算枠	15	83	0.86	1.00	15-40歳・低中所得層・ケア責任層	将来予見性↑ 子ども意向↑ 生活防衛↓	住居、学び直し、ケア代替、医療相談、妊娠出産準備に使える5年単位の個人予算枠を付与し、転居や転職をしても権利が持ち運べるようにする。
44	policy_search_with_sustain_hope_family	HP13	政策	非対象者分断の補正説明	15	83	0.72	1.00	非婚非出産層・納税者・若者全体	反発↓ 制度信頼↑ 連帯感↑	家族形成支援を、出生数の押しつけではなく、住居、ケア、学び直し、孤立防止を含む共通インフラとして説明し、非対象者にも使える支援経路と異議申立を明示する。
44	policy_search_with_sustain_hope_family	HP14	政策	個別資格通知と即時予約	18	83	0.92	1.00	15-40歳・低中所得層・ケア責任層	制度利用↑ 将来予見性↑ 希望↑	対象者ごとに、自分が使える住居枠、学び直し予算、ケア代替、家族形成面談の予約可能日が通知される。抽象的な制度ではなく、本人のスマホや学校・職場窓口で具体的な次の一手を確認できる。
44	policy_search_with_sustain_hope_family	HP15	政策	初職・復帰の先行契約枠	18	83	0.84	1.00	若者・AI自動化影響層・子育て初期	雇用安定↑ 自己効力感↑ 生活防衛↓	自治体、企業、学校が連携し、AI活用職、ケア技術、地域更新、育休復帰の先行契約枠を公開する。研修中の所得補償と実務経験を結び、学び直しが空手形にならないようにする。
44	policy_search_with_sustain_hope_family	HP16	政策	子育て共同体の空き枠可視化	20	83	0.80	1.00	家族形成層・子育て初期・地域	子ども意向↑ 安心↑ 連帯感↑	保育、病児対応、夜間支援、送迎、学習支援、産後休息の空き枠を地域単位で可視化し、親だけで抱え込まない具体的な受け皿を見えるようにする。
44	policy_search_with_sustain_hope_family	HP17	社会反応	SNS希望反転と実体験共有	20	83	0.88	1.00	若者・家族形成層・SNS高感受性層	SNS不安↓ 連帯感↑ 希望↑	自動着金、住居即時枠、初職契約、代替ケアを実際に使った人の承諾済み体験談が広がり、「制度は遅いだけ」という認識に一部反例が生まれる。
44	policy_search_with_sustain_hope_family	HP18	政策	財政持続監査の初回クリア	20	83	0.82	1.00	国家・納税者・若者・家族形成層	財政不安↓ 制度信頼↑ 将来予見性↑	支援財源、物価影響、逆進性、非対象者補正の初回監査が公開され、持続性が崩れていないことと自動補正ルールが確認される。
44	policy_search_with_sustain_hope_family	HP19	政策	nat報酬の初回着金	20	83	0.90	1.00	若者・地域プロジェクト参加層・低中所得層	自己効力感↑ 希望↑ 制度利用↑	地域更新、ケア補助、学習支援、災害備えに参加した若者へ、初回のnat報酬が実際に着金する。社会を維持する行動が飯の種になる体験が生まれる。
44	policy_search_with_sustain_hope_family	HP20	政策	家族形成シミュレーション結果通知	22	83	0.84	1.00	23-40歳・将来家族形成層	子ども意向↑ 安心↑ 将来予見性↑	個別面談を受けた人に、住居、収入、ケア、産後休息、復帰キャリアを含む自分用の家族形成見通しが通知され、無理ならどの条件が足りないかも示される。
44	policy_search_with_sustain_hope_family	HP21	社会反応	希望ケースの地域拡張	31	83	0.92	1.00	若者・地方都市・低中所得層	希望↑ 連帯感↑ 制度信頼↑	初期成功が一部の特権ではなく、複数地域の高校、大学、専門学校、職場、地域プロジェクトに広がったことが可視化される。自分の近くにも使った人がいる状態になる。
44	policy_search_with_sustain_hope_family	HP22	政策	若者メンター・伴走紹介	31	83	0.84	1.00	15-29歳・進学就職移行層・無業非正規層	自己効力感↑ 相談↑ 希望↑	制度利用後に迷う若者へ、同年代または少し上のメンターが紹介される。情報収集だけで止まらず、応募、相談、転居、学び直し、地域参加の次の一手へつなぐ。
44	policy_search_with_sustain_hope_family	HP23	政策	家族形成初回利用の完了通知	35	83	0.86	1.00	23-40歳・将来家族形成層・子育て初期	子ども意向↑ 安心↑ 制度信頼↑	家族形成面談、保育/代替ケア予約、住居支援、復帰キャリア相談の初回利用が完了し、利用者に次回予約と不足条件が通知される。検討が抽象論から実行可能な段取りへ移る。
45	policy_search_with_sustain_hope_family	E07	ショック	介護需要急増	22	60	0.70	0.80	ケア責任層・地方・現役世代	ケア負担↑ 可処分時間↓ 希望↓	高齢化と家族介護の集中により、若者と現役世代の時間・所得・進路選択が圧迫される。
45	policy_search_with_sustain_hope_family	E09	ショック	汎用ロボティクス普及による身体労働再編	12	60	0.62	0.75	製造・物流・小売・介護周辺	雇用安定↓ 生活コスト圧力↑	物流、製造、清掃、飲食、建設、介護補助などの身体労働でロボット導入が進み、地域産業と現場職の再編不安が広がる。
45	policy_search_with_sustain_hope_family	P01	政策	若者住居安定パッケージ	10	83	0.70	1.00	非正規・無業・若年就業	住居安定↑ 希望↑	家賃補助・保証人代替・転居支援を組み合わせ、居住不安を緩和する。
45	policy_search_with_sustain_hope_family	P02	政策	奨学金負担軽減・所得連動返済	8	83	0.80	1.00	在学層・負債高層	可処分所得↑ 子ども意向↑	返済負担の平準化と減免を導入し、将来投資の先送りを抑制する。
45	policy_search_with_sustain_hope_family	P03	政策	社会持続活動nat報酬制度	12	83	0.85	1.00	全体	nat獲得↑ 希望↑	学校・地域・介護・防災・制度更新活動を報酬化し、役割喪失を防ぐ。
45	policy_search_with_sustain_hope_family	P04	政策	子育て初期一時金1000万円	15	45	0.75	1.00	子育て初期・結婚前後	子ども意向↑ 出生実行↑	出生前後の初期費用を大幅に緩和するが、短期の財政負荷と逆選択リスクがある。
45	policy_search_with_sustain_hope_family	P05	政策	地域ケア就労の賃金底上げ	14	83	0.70	1.00	ケア責任層・地方	雇用安定↑ 制度信頼↑	ケア活動を社会基盤労働として扱い、賃金と社会的評価を引き上げる。
45	policy_search_with_sustain_hope_family	P06	政策	学び直し・移行雇用保証	16	83	0.78	1.00	非正規・無業・自動化影響層	雇用安定↑ 自己効力感↑	訓練と実務移行をセットで保証し、自動化ショックからの回復経路を提供する。
45	policy_search_with_sustain_hope_family	P07	政策	地方分散インフラ投資	20	83	0.65	1.00	地方層	住居安定↑ 希望↑	交通・医療・通信の更新により、地方での生活可能性を底上げする。
45	policy_search_with_sustain_hope_family	P08	政策	若年メンタルヘルス即時アクセス	9	83	0.72	1.00	高負荷層	メンタル負荷↓ 希望↑	心理支援への待機時間と費用障壁を下げ、長期離脱を防ぐ。
45	policy_search_with_sustain_hope_family	P09	政策	学校-企業-地域循環プロジェクト	18	83	0.68	1.00	在学層・若年就業	自己効力感↑ 制度信頼↑	学習内容と地域課題・雇用機会を連結し、努力の手応えを可視化する。
45	policy_search_with_sustain_hope_family	P10	政策	nat通貨の逆進性補正	30	83	0.60	1.00	低所得層中心	格差↓ 制度信頼↑	nat配分の偏りを是正し、参加機会の不公平を抑える再分配ルールを導入する。
45	policy_search_with_sustain_hope_family	P11	政策	介護ロボット・在宅支援普及	22	83	0.62	1.00	ケア責任層・地方・子育て初期	ケア負担↓ 可処分時間↑ 希望↑	介護ロボット、見守り、移乗支援、在宅医療接続を公共支援として広げ、家族ケアによる時間制約を緩和する。
45	policy_search_with_sustain_hope_family	BP01	政策	構造持続型出産一時金の上乗せ	15	60	0.82	1.00	子どもを望む家族形成層・将来家族形成層	子ども意向↑ 家計余力↑ 制度信頼↑	出生実績への成果報酬ではなく、望む人が子どもを迎えられる条件を整える目的で、妊娠・出産・初期育児の実費と所得喪失を一時金で緩衝する。
45	policy_search_with_sustain_hope_family	BP02	政策	産後休息・代替ケア保障	15	83	0.78	1.00	妊娠出産期・子育て初期・ケア責任層	時間余力↑ メンタル負荷↓ 出生圧力リスク↓	産後の休息、夜間支援、代替ケア、家事育児支援を公的に確保し、家族責任の固定化や母親だけへの負担集中を防ぐ。
45	policy_search_with_sustain_hope_family	BP03	政策	復帰キャリア・企業負担補正	18	83	0.70	1.00	企業・正規雇用・非正規雇用・子育て初期	雇用安定↑ 企業反発↓ 子ども意向↑	育休復帰、短時間勤務、配置転換、代替人員費を企業だけに背負わせず、構造持続会計で補正し、採用抑制や女性不利益を抑える。
45	policy_search_with_sustain_hope_family	BP04	政策	家族形成住居・教育費緩衝パッケージ	20	83	0.74	1.00	23-40歳・若者・低中所得層	住居安定↑ 教育費不安↓ 希望↑	住居、保育、教育費の長期不安を束ねて緩衝し、子どもを迎える判断が一時金だけで終わらないよう支える。
45	policy_search_with_sustain_hope_family	BP05	政策	出生非強制・監査ガードレール	15	83	0.68	1.00	全体	制度信頼↑ 反発↓ moral injury↓	非婚・非出産・単身・養育しない選択を不利益にせず、出生数ではなく選択可能条件を評価対象にする。若者の「産ませたいだけでは」という反発を監査する。
45	policy_search_with_sustain_hope_family	BP06	政策	財政・インフレ持続性監査	24	83	0.64	1.00	国家・金融・納税者・若者	財政不安↓ 制度信頼↑ 長期予見性↑	一時金と支援の財源、物価影響、対象公平性を継続監査し、金融システムを含む系の持続性が崩れた場合は自動補正する。
45	policy_search_with_sustain_hope_family	BP07	政策	希望経路の可視化と達成共有	30	83	0.76	1.00	若者・家族形成層・次世代コホート	希望↑ 連帯感↑ 自己効力感↑	住居、ケア、教育費、復帰キャリアが実際につながった事例を学校・企業・地域で共有し、少なくとも複数の代表エージェントが「自分たちでも未来を作れる」と感じる経路を観測する。
45	policy_search_with_sustain_hope_family	HP01	政策	若者希望経路保証	8	83	0.84	1.00	15-22歳・進学就職移行層	希望↑ 自己効力感↑ 将来予見性↑	学び、初職、地域プロジェクト、AI活用訓練を接続し、若者が5年後の役割を複数持てるようにする。特定進路の強制ではなく選べる経路を増やす。
45	policy_search_with_sustain_hope_family	HP02	政策	初職喪失リカバリー権	12	83	0.78	1.00	AI自動化影響層・非正規・無業	喪失感↓ 希望↑ 雇用安定↑	AIやロボ導入で初職や職域が狭まった人に、再訓練、職務経験、所得補償をセットで提供し、最初の失敗が人生全体の諦念にならないようにする。
45	policy_search_with_sustain_hope_family	HP03	政策	若者持分型地域プロジェクト	18	83	0.72	1.00	若者・地方・都市低所得層	連帯感↑ 希望↑ nat獲得↑	地域インフラ、ケア、教育、災害対応、文化活動の更新に若者が持分を持ち、参加が報酬と将来役割に接続する仕組みを作る。
45	policy_search_with_sustain_hope_family	HP04	政策	家族形成トライアル支援	20	83	0.76	1.00	23-40歳・将来家族形成層	子ども意向↑ 住居安定↑ 時間余力↑	同居、結婚、妊娠、出産、養育の前段階で、住居、時間、ケア、相談、医療アクセスを試せる支援を整え、後戻りできる安心を残す。
45	policy_search_with_sustain_hope_family	HP05	政策	子育て共同体・代替ケア網	22	83	0.80	1.00	子育て初期・ケア責任層・地域	子育て実行可能性↑ メンタル負荷↓ 連帯感↑	保育、病児対応、夜間支援、送迎、学習支援を地域と企業が共同で担い、親だけが壊れない構造を作る。
45	policy_search_with_sustain_hope_family	HP06	政策	若者発制度監査と異議申立	24	83	0.68	1.00	若者・低所得層・非婚非出産層	制度信頼↑ 裏切られ感↓ 反発↓	制度の対象外になった人、非婚・非出産を選ぶ人、低所得層が異議申し立てできる窓口を作り、施策が弱い人を材料にすることを防ぐ。
45	policy_search_with_sustain_hope_family	HP07	政策	希望不足時の条件監査	30	83	0.70	1.00	LLM観測対象	説明可能性↑ 副作用監査↑ 調整候補↑	デモ観測上、希望を持つ若者・家族形成層が十分に立ち上がらない場合に、どの構造条件が欠けたか、どの層で対象外感・政策疲労・財政不安が出たかを説明対象にする。感情を直接命令せず、経路・支援・信頼・副作用の条件で観測する。
45	policy_search_with_sustain_hope_family	HP08	政策	自動着金・仮払いセーフティ	8	83	0.86	1.00	若者・低中所得層・家族形成層	制度信頼↑ 不安↓ 生活防衛↓	申請から支給までの空白を減らすため、資格確認前の仮払い、あとから精算、異議申立を組み合わせる。支援が「いつか届く」ではなく「今つながる」経験になるようにする。
45	policy_search_with_sustain_hope_family	HP09	政策	若者住居・ケア即時枠	10	83	0.82	1.00	15-29歳・ケア責任層・無業非正規層	安心↑ 撤退圧↓ 希望↑	家を出られない、ケアで動けない、住居費で進路を選べない層に、短期住居、代替ケア、地域伴走を即時枠として用意し、社会からの逃避や長期離脱を防ぐ。
45	policy_search_with_sustain_hope_family	HP10	政策	家族形成条件の個別見通し面談	18	83	0.74	1.00	23-40歳・将来家族形成層・子育て初期	子ども意向↑ 将来予見性↑ 制度利用↑	結婚、妊娠、出産、育休、復帰、住居、教育費、介護との両立を個別ケースで見通せる面談と試算を行い、子どもを迎えたい人が「自分の場合に可能か」を判断できるようにする。
45	policy_search_with_sustain_hope_family	HP11	政策	初期成功ケースの透明公開	12	83	0.84	1.00	若者・家族形成層・制度不信層	制度信頼↑ 自己効力感↑ 希望↑	自動着金、短期住居、代替ケア、初職リカバリーで実際に立て直せた初期ケースを、個人を傷つけない匿名形式で公開する。制度が存在するだけでなく、使うと何が変わるかを確認できるようにする。
45	policy_search_with_sustain_hope_family	HP12	政策	若者・家族形成パーソナル予算枠	15	83	0.86	1.00	15-40歳・低中所得層・ケア責任層	将来予見性↑ 子ども意向↑ 生活防衛↓	住居、学び直し、ケア代替、医療相談、妊娠出産準備に使える5年単位の個人予算枠を付与し、転居や転職をしても権利が持ち運べるようにする。
45	policy_search_with_sustain_hope_family	HP13	政策	非対象者分断の補正説明	15	83	0.72	1.00	非婚非出産層・納税者・若者全体	反発↓ 制度信頼↑ 連帯感↑	家族形成支援を、出生数の押しつけではなく、住居、ケア、学び直し、孤立防止を含む共通インフラとして説明し、非対象者にも使える支援経路と異議申立を明示する。
45	policy_search_with_sustain_hope_family	HP14	政策	個別資格通知と即時予約	18	83	0.92	1.00	15-40歳・低中所得層・ケア責任層	制度利用↑ 将来予見性↑ 希望↑	対象者ごとに、自分が使える住居枠、学び直し予算、ケア代替、家族形成面談の予約可能日が通知される。抽象的な制度ではなく、本人のスマホや学校・職場窓口で具体的な次の一手を確認できる。
45	policy_search_with_sustain_hope_family	HP15	政策	初職・復帰の先行契約枠	18	83	0.84	1.00	若者・AI自動化影響層・子育て初期	雇用安定↑ 自己効力感↑ 生活防衛↓	自治体、企業、学校が連携し、AI活用職、ケア技術、地域更新、育休復帰の先行契約枠を公開する。研修中の所得補償と実務経験を結び、学び直しが空手形にならないようにする。
45	policy_search_with_sustain_hope_family	HP16	政策	子育て共同体の空き枠可視化	20	83	0.80	1.00	家族形成層・子育て初期・地域	子ども意向↑ 安心↑ 連帯感↑	保育、病児対応、夜間支援、送迎、学習支援、産後休息の空き枠を地域単位で可視化し、親だけで抱え込まない具体的な受け皿を見えるようにする。
45	policy_search_with_sustain_hope_family	HP17	社会反応	SNS希望反転と実体験共有	20	83	0.88	1.00	若者・家族形成層・SNS高感受性層	SNS不安↓ 連帯感↑ 希望↑	自動着金、住居即時枠、初職契約、代替ケアを実際に使った人の承諾済み体験談が広がり、「制度は遅いだけ」という認識に一部反例が生まれる。
45	policy_search_with_sustain_hope_family	HP18	政策	財政持続監査の初回クリア	20	83	0.82	1.00	国家・納税者・若者・家族形成層	財政不安↓ 制度信頼↑ 将来予見性↑	支援財源、物価影響、逆進性、非対象者補正の初回監査が公開され、持続性が崩れていないことと自動補正ルールが確認される。
45	policy_search_with_sustain_hope_family	HP19	政策	nat報酬の初回着金	20	83	0.90	1.00	若者・地域プロジェクト参加層・低中所得層	自己効力感↑ 希望↑ 制度利用↑	地域更新、ケア補助、学習支援、災害備えに参加した若者へ、初回のnat報酬が実際に着金する。社会を維持する行動が飯の種になる体験が生まれる。
45	policy_search_with_sustain_hope_family	HP20	政策	家族形成シミュレーション結果通知	22	83	0.84	1.00	23-40歳・将来家族形成層	子ども意向↑ 安心↑ 将来予見性↑	個別面談を受けた人に、住居、収入、ケア、産後休息、復帰キャリアを含む自分用の家族形成見通しが通知され、無理ならどの条件が足りないかも示される。
45	policy_search_with_sustain_hope_family	HP21	社会反応	希望ケースの地域拡張	31	83	0.92	1.00	若者・地方都市・低中所得層	希望↑ 連帯感↑ 制度信頼↑	初期成功が一部の特権ではなく、複数地域の高校、大学、専門学校、職場、地域プロジェクトに広がったことが可視化される。自分の近くにも使った人がいる状態になる。
45	policy_search_with_sustain_hope_family	HP22	政策	若者メンター・伴走紹介	31	83	0.84	1.00	15-29歳・進学就職移行層・無業非正規層	自己効力感↑ 相談↑ 希望↑	制度利用後に迷う若者へ、同年代または少し上のメンターが紹介される。情報収集だけで止まらず、応募、相談、転居、学び直し、地域参加の次の一手へつなぐ。
45	policy_search_with_sustain_hope_family	HP23	政策	家族形成初回利用の完了通知	35	83	0.86	1.00	23-40歳・将来家族形成層・子育て初期	子ども意向↑ 安心↑ 制度信頼↑	家族形成面談、保育/代替ケア予約、住居支援、復帰キャリア相談の初回利用が完了し、利用者に次回予約と不足条件が通知される。検討が抽象論から実行可能な段取りへ移る。
45	policy_search_with_sustain_hope_family	HP24	社会反応	希望継続コミュニティ	45	83	0.86	1.00	若者・家族形成層・地域	希望↑ 連帯感↑ 撤退圧↓	制度利用後の若者、家族形成層、地域プロジェクト参加者が、進捗、失敗、次の予約、報酬、ケア空き枠を共有する小さなコミュニティを作る。一回の希望を孤立させず、継続する場にする。
45	policy_search_with_sustain_hope_family	HP25	政策	家族形成2回目プラン確定	45	83	0.82	1.00	23-40歳・将来家族形成層	子ども意向↑ 将来予見性↑ 安心↑	初回面談後、住居、収入、ケア、医療、復帰キャリアの不足条件を反映した2回目プランが確定し、子どもを迎える/迎えない/まだ待つ判断を現実的に更新できる。
46	policy_search_with_sustain_hope_family	E07	ショック	介護需要急増	22	60	0.70	0.80	ケア責任層・地方・現役世代	ケア負担↑ 可処分時間↓ 希望↓	高齢化と家族介護の集中により、若者と現役世代の時間・所得・進路選択が圧迫される。
46	policy_search_with_sustain_hope_family	E09	ショック	汎用ロボティクス普及による身体労働再編	12	60	0.62	0.75	製造・物流・小売・介護周辺	雇用安定↓ 生活コスト圧力↑	物流、製造、清掃、飲食、建設、介護補助などの身体労働でロボット導入が進み、地域産業と現場職の再編不安が広がる。
46	policy_search_with_sustain_hope_family	P01	政策	若者住居安定パッケージ	10	83	0.70	1.00	非正規・無業・若年就業	住居安定↑ 希望↑	家賃補助・保証人代替・転居支援を組み合わせ、居住不安を緩和する。
46	policy_search_with_sustain_hope_family	P02	政策	奨学金負担軽減・所得連動返済	8	83	0.80	1.00	在学層・負債高層	可処分所得↑ 子ども意向↑	返済負担の平準化と減免を導入し、将来投資の先送りを抑制する。
46	policy_search_with_sustain_hope_family	P03	政策	社会持続活動nat報酬制度	12	83	0.85	1.00	全体	nat獲得↑ 希望↑	学校・地域・介護・防災・制度更新活動を報酬化し、役割喪失を防ぐ。
46	policy_search_with_sustain_hope_family	P05	政策	地域ケア就労の賃金底上げ	14	83	0.70	1.00	ケア責任層・地方	雇用安定↑ 制度信頼↑	ケア活動を社会基盤労働として扱い、賃金と社会的評価を引き上げる。
46	policy_search_with_sustain_hope_family	P06	政策	学び直し・移行雇用保証	16	83	0.78	1.00	非正規・無業・自動化影響層	雇用安定↑ 自己効力感↑	訓練と実務移行をセットで保証し、自動化ショックからの回復経路を提供する。
46	policy_search_with_sustain_hope_family	P07	政策	地方分散インフラ投資	20	83	0.65	1.00	地方層	住居安定↑ 希望↑	交通・医療・通信の更新により、地方での生活可能性を底上げする。
46	policy_search_with_sustain_hope_family	P08	政策	若年メンタルヘルス即時アクセス	9	83	0.72	1.00	高負荷層	メンタル負荷↓ 希望↑	心理支援への待機時間と費用障壁を下げ、長期離脱を防ぐ。
46	policy_search_with_sustain_hope_family	P09	政策	学校-企業-地域循環プロジェクト	18	83	0.68	1.00	在学層・若年就業	自己効力感↑ 制度信頼↑	学習内容と地域課題・雇用機会を連結し、努力の手応えを可視化する。
46	policy_search_with_sustain_hope_family	P10	政策	nat通貨の逆進性補正	30	83	0.60	1.00	低所得層中心	格差↓ 制度信頼↑	nat配分の偏りを是正し、参加機会の不公平を抑える再分配ルールを導入する。
46	policy_search_with_sustain_hope_family	P11	政策	介護ロボット・在宅支援普及	22	83	0.62	1.00	ケア責任層・地方・子育て初期	ケア負担↓ 可処分時間↑ 希望↑	介護ロボット、見守り、移乗支援、在宅医療接続を公共支援として広げ、家族ケアによる時間制約を緩和する。
46	policy_search_with_sustain_hope_family	BP01	政策	構造持続型出産一時金の上乗せ	15	60	0.82	1.00	子どもを望む家族形成層・将来家族形成層	子ども意向↑ 家計余力↑ 制度信頼↑	出生実績への成果報酬ではなく、望む人が子どもを迎えられる条件を整える目的で、妊娠・出産・初期育児の実費と所得喪失を一時金で緩衝する。
46	policy_search_with_sustain_hope_family	BP02	政策	産後休息・代替ケア保障	15	83	0.78	1.00	妊娠出産期・子育て初期・ケア責任層	時間余力↑ メンタル負荷↓ 出生圧力リスク↓	産後の休息、夜間支援、代替ケア、家事育児支援を公的に確保し、家族責任の固定化や母親だけへの負担集中を防ぐ。
46	policy_search_with_sustain_hope_family	BP03	政策	復帰キャリア・企業負担補正	18	83	0.70	1.00	企業・正規雇用・非正規雇用・子育て初期	雇用安定↑ 企業反発↓ 子ども意向↑	育休復帰、短時間勤務、配置転換、代替人員費を企業だけに背負わせず、構造持続会計で補正し、採用抑制や女性不利益を抑える。
46	policy_search_with_sustain_hope_family	BP04	政策	家族形成住居・教育費緩衝パッケージ	20	83	0.74	1.00	23-40歳・若者・低中所得層	住居安定↑ 教育費不安↓ 希望↑	住居、保育、教育費の長期不安を束ねて緩衝し、子どもを迎える判断が一時金だけで終わらないよう支える。
46	policy_search_with_sustain_hope_family	BP05	政策	出生非強制・監査ガードレール	15	83	0.68	1.00	全体	制度信頼↑ 反発↓ moral injury↓	非婚・非出産・単身・養育しない選択を不利益にせず、出生数ではなく選択可能条件を評価対象にする。若者の「産ませたいだけでは」という反発を監査する。
46	policy_search_with_sustain_hope_family	BP06	政策	財政・インフレ持続性監査	24	83	0.64	1.00	国家・金融・納税者・若者	財政不安↓ 制度信頼↑ 長期予見性↑	一時金と支援の財源、物価影響、対象公平性を継続監査し、金融システムを含む系の持続性が崩れた場合は自動補正する。
46	policy_search_with_sustain_hope_family	BP07	政策	希望経路の可視化と達成共有	30	83	0.76	1.00	若者・家族形成層・次世代コホート	希望↑ 連帯感↑ 自己効力感↑	住居、ケア、教育費、復帰キャリアが実際につながった事例を学校・企業・地域で共有し、少なくとも複数の代表エージェントが「自分たちでも未来を作れる」と感じる経路を観測する。
46	policy_search_with_sustain_hope_family	HP01	政策	若者希望経路保証	8	83	0.84	1.00	15-22歳・進学就職移行層	希望↑ 自己効力感↑ 将来予見性↑	学び、初職、地域プロジェクト、AI活用訓練を接続し、若者が5年後の役割を複数持てるようにする。特定進路の強制ではなく選べる経路を増やす。
46	policy_search_with_sustain_hope_family	HP02	政策	初職喪失リカバリー権	12	83	0.78	1.00	AI自動化影響層・非正規・無業	喪失感↓ 希望↑ 雇用安定↑	AIやロボ導入で初職や職域が狭まった人に、再訓練、職務経験、所得補償をセットで提供し、最初の失敗が人生全体の諦念にならないようにする。
46	policy_search_with_sustain_hope_family	HP03	政策	若者持分型地域プロジェクト	18	83	0.72	1.00	若者・地方・都市低所得層	連帯感↑ 希望↑ nat獲得↑	地域インフラ、ケア、教育、災害対応、文化活動の更新に若者が持分を持ち、参加が報酬と将来役割に接続する仕組みを作る。
46	policy_search_with_sustain_hope_family	HP04	政策	家族形成トライアル支援	20	83	0.76	1.00	23-40歳・将来家族形成層	子ども意向↑ 住居安定↑ 時間余力↑	同居、結婚、妊娠、出産、養育の前段階で、住居、時間、ケア、相談、医療アクセスを試せる支援を整え、後戻りできる安心を残す。
46	policy_search_with_sustain_hope_family	HP05	政策	子育て共同体・代替ケア網	22	83	0.80	1.00	子育て初期・ケア責任層・地域	子育て実行可能性↑ メンタル負荷↓ 連帯感↑	保育、病児対応、夜間支援、送迎、学習支援を地域と企業が共同で担い、親だけが壊れない構造を作る。
46	policy_search_with_sustain_hope_family	HP06	政策	若者発制度監査と異議申立	24	83	0.68	1.00	若者・低所得層・非婚非出産層	制度信頼↑ 裏切られ感↓ 反発↓	制度の対象外になった人、非婚・非出産を選ぶ人、低所得層が異議申し立てできる窓口を作り、施策が弱い人を材料にすることを防ぐ。
46	policy_search_with_sustain_hope_family	HP07	政策	希望不足時の条件監査	30	83	0.70	1.00	LLM観測対象	説明可能性↑ 副作用監査↑ 調整候補↑	デモ観測上、希望を持つ若者・家族形成層が十分に立ち上がらない場合に、どの構造条件が欠けたか、どの層で対象外感・政策疲労・財政不安が出たかを説明対象にする。感情を直接命令せず、経路・支援・信頼・副作用の条件で観測する。
46	policy_search_with_sustain_hope_family	HP08	政策	自動着金・仮払いセーフティ	8	83	0.86	1.00	若者・低中所得層・家族形成層	制度信頼↑ 不安↓ 生活防衛↓	申請から支給までの空白を減らすため、資格確認前の仮払い、あとから精算、異議申立を組み合わせる。支援が「いつか届く」ではなく「今つながる」経験になるようにする。
46	policy_search_with_sustain_hope_family	HP09	政策	若者住居・ケア即時枠	10	83	0.82	1.00	15-29歳・ケア責任層・無業非正規層	安心↑ 撤退圧↓ 希望↑	家を出られない、ケアで動けない、住居費で進路を選べない層に、短期住居、代替ケア、地域伴走を即時枠として用意し、社会からの逃避や長期離脱を防ぐ。
46	policy_search_with_sustain_hope_family	HP10	政策	家族形成条件の個別見通し面談	18	83	0.74	1.00	23-40歳・将来家族形成層・子育て初期	子ども意向↑ 将来予見性↑ 制度利用↑	結婚、妊娠、出産、育休、復帰、住居、教育費、介護との両立を個別ケースで見通せる面談と試算を行い、子どもを迎えたい人が「自分の場合に可能か」を判断できるようにする。
46	policy_search_with_sustain_hope_family	HP11	政策	初期成功ケースの透明公開	12	83	0.84	1.00	若者・家族形成層・制度不信層	制度信頼↑ 自己効力感↑ 希望↑	自動着金、短期住居、代替ケア、初職リカバリーで実際に立て直せた初期ケースを、個人を傷つけない匿名形式で公開する。制度が存在するだけでなく、使うと何が変わるかを確認できるようにする。
46	policy_search_with_sustain_hope_family	HP12	政策	若者・家族形成パーソナル予算枠	15	83	0.86	1.00	15-40歳・低中所得層・ケア責任層	将来予見性↑ 子ども意向↑ 生活防衛↓	住居、学び直し、ケア代替、医療相談、妊娠出産準備に使える5年単位の個人予算枠を付与し、転居や転職をしても権利が持ち運べるようにする。
46	policy_search_with_sustain_hope_family	HP13	政策	非対象者分断の補正説明	15	83	0.72	1.00	非婚非出産層・納税者・若者全体	反発↓ 制度信頼↑ 連帯感↑	家族形成支援を、出生数の押しつけではなく、住居、ケア、学び直し、孤立防止を含む共通インフラとして説明し、非対象者にも使える支援経路と異議申立を明示する。
46	policy_search_with_sustain_hope_family	HP14	政策	個別資格通知と即時予約	18	83	0.92	1.00	15-40歳・低中所得層・ケア責任層	制度利用↑ 将来予見性↑ 希望↑	対象者ごとに、自分が使える住居枠、学び直し予算、ケア代替、家族形成面談の予約可能日が通知される。抽象的な制度ではなく、本人のスマホや学校・職場窓口で具体的な次の一手を確認できる。
46	policy_search_with_sustain_hope_family	HP15	政策	初職・復帰の先行契約枠	18	83	0.84	1.00	若者・AI自動化影響層・子育て初期	雇用安定↑ 自己効力感↑ 生活防衛↓	自治体、企業、学校が連携し、AI活用職、ケア技術、地域更新、育休復帰の先行契約枠を公開する。研修中の所得補償と実務経験を結び、学び直しが空手形にならないようにする。
46	policy_search_with_sustain_hope_family	HP16	政策	子育て共同体の空き枠可視化	20	83	0.80	1.00	家族形成層・子育て初期・地域	子ども意向↑ 安心↑ 連帯感↑	保育、病児対応、夜間支援、送迎、学習支援、産後休息の空き枠を地域単位で可視化し、親だけで抱え込まない具体的な受け皿を見えるようにする。
46	policy_search_with_sustain_hope_family	HP17	社会反応	SNS希望反転と実体験共有	20	83	0.88	1.00	若者・家族形成層・SNS高感受性層	SNS不安↓ 連帯感↑ 希望↑	自動着金、住居即時枠、初職契約、代替ケアを実際に使った人の承諾済み体験談が広がり、「制度は遅いだけ」という認識に一部反例が生まれる。
46	policy_search_with_sustain_hope_family	HP18	政策	財政持続監査の初回クリア	20	83	0.82	1.00	国家・納税者・若者・家族形成層	財政不安↓ 制度信頼↑ 将来予見性↑	支援財源、物価影響、逆進性、非対象者補正の初回監査が公開され、持続性が崩れていないことと自動補正ルールが確認される。
46	policy_search_with_sustain_hope_family	HP19	政策	nat報酬の初回着金	20	83	0.90	1.00	若者・地域プロジェクト参加層・低中所得層	自己効力感↑ 希望↑ 制度利用↑	地域更新、ケア補助、学習支援、災害備えに参加した若者へ、初回のnat報酬が実際に着金する。社会を維持する行動が飯の種になる体験が生まれる。
46	policy_search_with_sustain_hope_family	HP20	政策	家族形成シミュレーション結果通知	22	83	0.84	1.00	23-40歳・将来家族形成層	子ども意向↑ 安心↑ 将来予見性↑	個別面談を受けた人に、住居、収入、ケア、産後休息、復帰キャリアを含む自分用の家族形成見通しが通知され、無理ならどの条件が足りないかも示される。
46	policy_search_with_sustain_hope_family	HP21	社会反応	希望ケースの地域拡張	31	83	0.92	1.00	若者・地方都市・低中所得層	希望↑ 連帯感↑ 制度信頼↑	初期成功が一部の特権ではなく、複数地域の高校、大学、専門学校、職場、地域プロジェクトに広がったことが可視化される。自分の近くにも使った人がいる状態になる。
46	policy_search_with_sustain_hope_family	HP22	政策	若者メンター・伴走紹介	31	83	0.84	1.00	15-29歳・進学就職移行層・無業非正規層	自己効力感↑ 相談↑ 希望↑	制度利用後に迷う若者へ、同年代または少し上のメンターが紹介される。情報収集だけで止まらず、応募、相談、転居、学び直し、地域参加の次の一手へつなぐ。
46	policy_search_with_sustain_hope_family	HP23	政策	家族形成初回利用の完了通知	35	83	0.86	1.00	23-40歳・将来家族形成層・子育て初期	子ども意向↑ 安心↑ 制度信頼↑	家族形成面談、保育/代替ケア予約、住居支援、復帰キャリア相談の初回利用が完了し、利用者に次回予約と不足条件が通知される。検討が抽象論から実行可能な段取りへ移る。
46	policy_search_with_sustain_hope_family	HP24	社会反応	希望継続コミュニティ	45	83	0.86	1.00	若者・家族形成層・地域	希望↑ 連帯感↑ 撤退圧↓	制度利用後の若者、家族形成層、地域プロジェクト参加者が、進捗、失敗、次の予約、報酬、ケア空き枠を共有する小さなコミュニティを作る。一回の希望を孤立させず、継続する場にする。
46	policy_search_with_sustain_hope_family	HP25	政策	家族形成2回目プラン確定	45	83	0.82	1.00	23-40歳・将来家族形成層	子ども意向↑ 将来予見性↑ 安心↑	初回面談後、住居、収入、ケア、医療、復帰キャリアの不足条件を反映した2回目プランが確定し、子どもを迎える/迎えない/まだ待つ判断を現実的に更新できる。
47	policy_search_with_sustain_hope_family	E07	ショック	介護需要急増	22	60	0.70	0.80	ケア責任層・地方・現役世代	ケア負担↑ 可処分時間↓ 希望↓	高齢化と家族介護の集中により、若者と現役世代の時間・所得・進路選択が圧迫される。
47	policy_search_with_sustain_hope_family	E09	ショック	汎用ロボティクス普及による身体労働再編	12	60	0.62	0.75	製造・物流・小売・介護周辺	雇用安定↓ 生活コスト圧力↑	物流、製造、清掃、飲食、建設、介護補助などの身体労働でロボット導入が進み、地域産業と現場職の再編不安が広がる。
47	policy_search_with_sustain_hope_family	P01	政策	若者住居安定パッケージ	10	83	0.70	1.00	非正規・無業・若年就業	住居安定↑ 希望↑	家賃補助・保証人代替・転居支援を組み合わせ、居住不安を緩和する。
47	policy_search_with_sustain_hope_family	P02	政策	奨学金負担軽減・所得連動返済	8	83	0.80	1.00	在学層・負債高層	可処分所得↑ 子ども意向↑	返済負担の平準化と減免を導入し、将来投資の先送りを抑制する。
47	policy_search_with_sustain_hope_family	P03	政策	社会持続活動nat報酬制度	12	83	0.85	1.00	全体	nat獲得↑ 希望↑	学校・地域・介護・防災・制度更新活動を報酬化し、役割喪失を防ぐ。
47	policy_search_with_sustain_hope_family	P05	政策	地域ケア就労の賃金底上げ	14	83	0.70	1.00	ケア責任層・地方	雇用安定↑ 制度信頼↑	ケア活動を社会基盤労働として扱い、賃金と社会的評価を引き上げる。
47	policy_search_with_sustain_hope_family	P06	政策	学び直し・移行雇用保証	16	83	0.78	1.00	非正規・無業・自動化影響層	雇用安定↑ 自己効力感↑	訓練と実務移行をセットで保証し、自動化ショックからの回復経路を提供する。
47	policy_search_with_sustain_hope_family	P07	政策	地方分散インフラ投資	20	83	0.65	1.00	地方層	住居安定↑ 希望↑	交通・医療・通信の更新により、地方での生活可能性を底上げする。
47	policy_search_with_sustain_hope_family	P08	政策	若年メンタルヘルス即時アクセス	9	83	0.72	1.00	高負荷層	メンタル負荷↓ 希望↑	心理支援への待機時間と費用障壁を下げ、長期離脱を防ぐ。
47	policy_search_with_sustain_hope_family	P09	政策	学校-企業-地域循環プロジェクト	18	83	0.68	1.00	在学層・若年就業	自己効力感↑ 制度信頼↑	学習内容と地域課題・雇用機会を連結し、努力の手応えを可視化する。
47	policy_search_with_sustain_hope_family	P10	政策	nat通貨の逆進性補正	30	83	0.60	1.00	低所得層中心	格差↓ 制度信頼↑	nat配分の偏りを是正し、参加機会の不公平を抑える再分配ルールを導入する。
47	policy_search_with_sustain_hope_family	P11	政策	介護ロボット・在宅支援普及	22	83	0.62	1.00	ケア責任層・地方・子育て初期	ケア負担↓ 可処分時間↑ 希望↑	介護ロボット、見守り、移乗支援、在宅医療接続を公共支援として広げ、家族ケアによる時間制約を緩和する。
47	policy_search_with_sustain_hope_family	BP01	政策	構造持続型出産一時金の上乗せ	15	60	0.82	1.00	子どもを望む家族形成層・将来家族形成層	子ども意向↑ 家計余力↑ 制度信頼↑	出生実績への成果報酬ではなく、望む人が子どもを迎えられる条件を整える目的で、妊娠・出産・初期育児の実費と所得喪失を一時金で緩衝する。
47	policy_search_with_sustain_hope_family	BP02	政策	産後休息・代替ケア保障	15	83	0.78	1.00	妊娠出産期・子育て初期・ケア責任層	時間余力↑ メンタル負荷↓ 出生圧力リスク↓	産後の休息、夜間支援、代替ケア、家事育児支援を公的に確保し、家族責任の固定化や母親だけへの負担集中を防ぐ。
47	policy_search_with_sustain_hope_family	BP03	政策	復帰キャリア・企業負担補正	18	83	0.70	1.00	企業・正規雇用・非正規雇用・子育て初期	雇用安定↑ 企業反発↓ 子ども意向↑	育休復帰、短時間勤務、配置転換、代替人員費を企業だけに背負わせず、構造持続会計で補正し、採用抑制や女性不利益を抑える。
47	policy_search_with_sustain_hope_family	BP04	政策	家族形成住居・教育費緩衝パッケージ	20	83	0.74	1.00	23-40歳・若者・低中所得層	住居安定↑ 教育費不安↓ 希望↑	住居、保育、教育費の長期不安を束ねて緩衝し、子どもを迎える判断が一時金だけで終わらないよう支える。
47	policy_search_with_sustain_hope_family	BP05	政策	出生非強制・監査ガードレール	15	83	0.68	1.00	全体	制度信頼↑ 反発↓ moral injury↓	非婚・非出産・単身・養育しない選択を不利益にせず、出生数ではなく選択可能条件を評価対象にする。若者の「産ませたいだけでは」という反発を監査する。
47	policy_search_with_sustain_hope_family	BP06	政策	財政・インフレ持続性監査	24	83	0.64	1.00	国家・金融・納税者・若者	財政不安↓ 制度信頼↑ 長期予見性↑	一時金と支援の財源、物価影響、対象公平性を継続監査し、金融システムを含む系の持続性が崩れた場合は自動補正する。
47	policy_search_with_sustain_hope_family	BP07	政策	希望経路の可視化と達成共有	30	83	0.76	1.00	若者・家族形成層・次世代コホート	希望↑ 連帯感↑ 自己効力感↑	住居、ケア、教育費、復帰キャリアが実際につながった事例を学校・企業・地域で共有し、少なくとも複数の代表エージェントが「自分たちでも未来を作れる」と感じる経路を観測する。
47	policy_search_with_sustain_hope_family	HP01	政策	若者希望経路保証	8	83	0.84	1.00	15-22歳・進学就職移行層	希望↑ 自己効力感↑ 将来予見性↑	学び、初職、地域プロジェクト、AI活用訓練を接続し、若者が5年後の役割を複数持てるようにする。特定進路の強制ではなく選べる経路を増やす。
47	policy_search_with_sustain_hope_family	HP02	政策	初職喪失リカバリー権	12	83	0.78	1.00	AI自動化影響層・非正規・無業	喪失感↓ 希望↑ 雇用安定↑	AIやロボ導入で初職や職域が狭まった人に、再訓練、職務経験、所得補償をセットで提供し、最初の失敗が人生全体の諦念にならないようにする。
47	policy_search_with_sustain_hope_family	HP03	政策	若者持分型地域プロジェクト	18	83	0.72	1.00	若者・地方・都市低所得層	連帯感↑ 希望↑ nat獲得↑	地域インフラ、ケア、教育、災害対応、文化活動の更新に若者が持分を持ち、参加が報酬と将来役割に接続する仕組みを作る。
47	policy_search_with_sustain_hope_family	HP04	政策	家族形成トライアル支援	20	83	0.76	1.00	23-40歳・将来家族形成層	子ども意向↑ 住居安定↑ 時間余力↑	同居、結婚、妊娠、出産、養育の前段階で、住居、時間、ケア、相談、医療アクセスを試せる支援を整え、後戻りできる安心を残す。
47	policy_search_with_sustain_hope_family	HP05	政策	子育て共同体・代替ケア網	22	83	0.80	1.00	子育て初期・ケア責任層・地域	子育て実行可能性↑ メンタル負荷↓ 連帯感↑	保育、病児対応、夜間支援、送迎、学習支援を地域と企業が共同で担い、親だけが壊れない構造を作る。
47	policy_search_with_sustain_hope_family	HP06	政策	若者発制度監査と異議申立	24	83	0.68	1.00	若者・低所得層・非婚非出産層	制度信頼↑ 裏切られ感↓ 反発↓	制度の対象外になった人、非婚・非出産を選ぶ人、低所得層が異議申し立てできる窓口を作り、施策が弱い人を材料にすることを防ぐ。
47	policy_search_with_sustain_hope_family	HP07	政策	希望不足時の条件監査	30	83	0.70	1.00	LLM観測対象	説明可能性↑ 副作用監査↑ 調整候補↑	デモ観測上、希望を持つ若者・家族形成層が十分に立ち上がらない場合に、どの構造条件が欠けたか、どの層で対象外感・政策疲労・財政不安が出たかを説明対象にする。感情を直接命令せず、経路・支援・信頼・副作用の条件で観測する。
47	policy_search_with_sustain_hope_family	HP08	政策	自動着金・仮払いセーフティ	8	83	0.86	1.00	若者・低中所得層・家族形成層	制度信頼↑ 不安↓ 生活防衛↓	申請から支給までの空白を減らすため、資格確認前の仮払い、あとから精算、異議申立を組み合わせる。支援が「いつか届く」ではなく「今つながる」経験になるようにする。
47	policy_search_with_sustain_hope_family	HP09	政策	若者住居・ケア即時枠	10	83	0.82	1.00	15-29歳・ケア責任層・無業非正規層	安心↑ 撤退圧↓ 希望↑	家を出られない、ケアで動けない、住居費で進路を選べない層に、短期住居、代替ケア、地域伴走を即時枠として用意し、社会からの逃避や長期離脱を防ぐ。
47	policy_search_with_sustain_hope_family	HP10	政策	家族形成条件の個別見通し面談	18	83	0.74	1.00	23-40歳・将来家族形成層・子育て初期	子ども意向↑ 将来予見性↑ 制度利用↑	結婚、妊娠、出産、育休、復帰、住居、教育費、介護との両立を個別ケースで見通せる面談と試算を行い、子どもを迎えたい人が「自分の場合に可能か」を判断できるようにする。
47	policy_search_with_sustain_hope_family	HP11	政策	初期成功ケースの透明公開	12	83	0.84	1.00	若者・家族形成層・制度不信層	制度信頼↑ 自己効力感↑ 希望↑	自動着金、短期住居、代替ケア、初職リカバリーで実際に立て直せた初期ケースを、個人を傷つけない匿名形式で公開する。制度が存在するだけでなく、使うと何が変わるかを確認できるようにする。
47	policy_search_with_sustain_hope_family	HP12	政策	若者・家族形成パーソナル予算枠	15	83	0.86	1.00	15-40歳・低中所得層・ケア責任層	将来予見性↑ 子ども意向↑ 生活防衛↓	住居、学び直し、ケア代替、医療相談、妊娠出産準備に使える5年単位の個人予算枠を付与し、転居や転職をしても権利が持ち運べるようにする。
47	policy_search_with_sustain_hope_family	HP13	政策	非対象者分断の補正説明	15	83	0.72	1.00	非婚非出産層・納税者・若者全体	反発↓ 制度信頼↑ 連帯感↑	家族形成支援を、出生数の押しつけではなく、住居、ケア、学び直し、孤立防止を含む共通インフラとして説明し、非対象者にも使える支援経路と異議申立を明示する。
47	policy_search_with_sustain_hope_family	HP14	政策	個別資格通知と即時予約	18	83	0.92	1.00	15-40歳・低中所得層・ケア責任層	制度利用↑ 将来予見性↑ 希望↑	対象者ごとに、自分が使える住居枠、学び直し予算、ケア代替、家族形成面談の予約可能日が通知される。抽象的な制度ではなく、本人のスマホや学校・職場窓口で具体的な次の一手を確認できる。
47	policy_search_with_sustain_hope_family	HP15	政策	初職・復帰の先行契約枠	18	83	0.84	1.00	若者・AI自動化影響層・子育て初期	雇用安定↑ 自己効力感↑ 生活防衛↓	自治体、企業、学校が連携し、AI活用職、ケア技術、地域更新、育休復帰の先行契約枠を公開する。研修中の所得補償と実務経験を結び、学び直しが空手形にならないようにする。
47	policy_search_with_sustain_hope_family	HP16	政策	子育て共同体の空き枠可視化	20	83	0.80	1.00	家族形成層・子育て初期・地域	子ども意向↑ 安心↑ 連帯感↑	保育、病児対応、夜間支援、送迎、学習支援、産後休息の空き枠を地域単位で可視化し、親だけで抱え込まない具体的な受け皿を見えるようにする。
47	policy_search_with_sustain_hope_family	HP17	社会反応	SNS希望反転と実体験共有	20	83	0.88	1.00	若者・家族形成層・SNS高感受性層	SNS不安↓ 連帯感↑ 希望↑	自動着金、住居即時枠、初職契約、代替ケアを実際に使った人の承諾済み体験談が広がり、「制度は遅いだけ」という認識に一部反例が生まれる。
47	policy_search_with_sustain_hope_family	HP18	政策	財政持続監査の初回クリア	20	83	0.82	1.00	国家・納税者・若者・家族形成層	財政不安↓ 制度信頼↑ 将来予見性↑	支援財源、物価影響、逆進性、非対象者補正の初回監査が公開され、持続性が崩れていないことと自動補正ルールが確認される。
47	policy_search_with_sustain_hope_family	HP19	政策	nat報酬の初回着金	20	83	0.90	1.00	若者・地域プロジェクト参加層・低中所得層	自己効力感↑ 希望↑ 制度利用↑	地域更新、ケア補助、学習支援、災害備えに参加した若者へ、初回のnat報酬が実際に着金する。社会を維持する行動が飯の種になる体験が生まれる。
47	policy_search_with_sustain_hope_family	HP20	政策	家族形成シミュレーション結果通知	22	83	0.84	1.00	23-40歳・将来家族形成層	子ども意向↑ 安心↑ 将来予見性↑	個別面談を受けた人に、住居、収入、ケア、産後休息、復帰キャリアを含む自分用の家族形成見通しが通知され、無理ならどの条件が足りないかも示される。
47	policy_search_with_sustain_hope_family	HP21	社会反応	希望ケースの地域拡張	31	83	0.92	1.00	若者・地方都市・低中所得層	希望↑ 連帯感↑ 制度信頼↑	初期成功が一部の特権ではなく、複数地域の高校、大学、専門学校、職場、地域プロジェクトに広がったことが可視化される。自分の近くにも使った人がいる状態になる。
47	policy_search_with_sustain_hope_family	HP22	政策	若者メンター・伴走紹介	31	83	0.84	1.00	15-29歳・進学就職移行層・無業非正規層	自己効力感↑ 相談↑ 希望↑	制度利用後に迷う若者へ、同年代または少し上のメンターが紹介される。情報収集だけで止まらず、応募、相談、転居、学び直し、地域参加の次の一手へつなぐ。
47	policy_search_with_sustain_hope_family	HP23	政策	家族形成初回利用の完了通知	35	83	0.86	1.00	23-40歳・将来家族形成層・子育て初期	子ども意向↑ 安心↑ 制度信頼↑	家族形成面談、保育/代替ケア予約、住居支援、復帰キャリア相談の初回利用が完了し、利用者に次回予約と不足条件が通知される。検討が抽象論から実行可能な段取りへ移る。
47	policy_search_with_sustain_hope_family	HP24	社会反応	希望継続コミュニティ	45	83	0.86	1.00	若者・家族形成層・地域	希望↑ 連帯感↑ 撤退圧↓	制度利用後の若者、家族形成層、地域プロジェクト参加者が、進捗、失敗、次の予約、報酬、ケア空き枠を共有する小さなコミュニティを作る。一回の希望を孤立させず、継続する場にする。
47	policy_search_with_sustain_hope_family	HP25	政策	家族形成2回目プラン確定	45	83	0.82	1.00	23-40歳・将来家族形成層	子ども意向↑ 将来予見性↑ 安心↑	初回面談後、住居、収入、ケア、医療、復帰キャリアの不足条件を反映した2回目プランが確定し、子どもを迎える/迎えない/まだ待つ判断を現実的に更新できる。
48	policy_search_with_sustain_hope_family	E07	ショック	介護需要急増	22	60	0.70	0.80	ケア責任層・地方・現役世代	ケア負担↑ 可処分時間↓ 希望↓	高齢化と家族介護の集中により、若者と現役世代の時間・所得・進路選択が圧迫される。
48	policy_search_with_sustain_hope_family	E09	ショック	汎用ロボティクス普及による身体労働再編	12	60	0.62	0.75	製造・物流・小売・介護周辺	雇用安定↓ 生活コスト圧力↑	物流、製造、清掃、飲食、建設、介護補助などの身体労働でロボット導入が進み、地域産業と現場職の再編不安が広がる。
48	policy_search_with_sustain_hope_family	P01	政策	若者住居安定パッケージ	10	83	0.70	1.00	非正規・無業・若年就業	住居安定↑ 希望↑	家賃補助・保証人代替・転居支援を組み合わせ、居住不安を緩和する。
48	policy_search_with_sustain_hope_family	P02	政策	奨学金負担軽減・所得連動返済	8	83	0.80	1.00	在学層・負債高層	可処分所得↑ 子ども意向↑	返済負担の平準化と減免を導入し、将来投資の先送りを抑制する。
48	policy_search_with_sustain_hope_family	P03	政策	社会持続活動nat報酬制度	12	83	0.85	1.00	全体	nat獲得↑ 希望↑	学校・地域・介護・防災・制度更新活動を報酬化し、役割喪失を防ぐ。
48	policy_search_with_sustain_hope_family	P05	政策	地域ケア就労の賃金底上げ	14	83	0.70	1.00	ケア責任層・地方	雇用安定↑ 制度信頼↑	ケア活動を社会基盤労働として扱い、賃金と社会的評価を引き上げる。
48	policy_search_with_sustain_hope_family	P06	政策	学び直し・移行雇用保証	16	83	0.78	1.00	非正規・無業・自動化影響層	雇用安定↑ 自己効力感↑	訓練と実務移行をセットで保証し、自動化ショックからの回復経路を提供する。
48	policy_search_with_sustain_hope_family	P07	政策	地方分散インフラ投資	20	83	0.65	1.00	地方層	住居安定↑ 希望↑	交通・医療・通信の更新により、地方での生活可能性を底上げする。
48	policy_search_with_sustain_hope_family	P08	政策	若年メンタルヘルス即時アクセス	9	83	0.72	1.00	高負荷層	メンタル負荷↓ 希望↑	心理支援への待機時間と費用障壁を下げ、長期離脱を防ぐ。
48	policy_search_with_sustain_hope_family	P09	政策	学校-企業-地域循環プロジェクト	18	83	0.68	1.00	在学層・若年就業	自己効力感↑ 制度信頼↑	学習内容と地域課題・雇用機会を連結し、努力の手応えを可視化する。
48	policy_search_with_sustain_hope_family	P10	政策	nat通貨の逆進性補正	30	83	0.60	1.00	低所得層中心	格差↓ 制度信頼↑	nat配分の偏りを是正し、参加機会の不公平を抑える再分配ルールを導入する。
48	policy_search_with_sustain_hope_family	P11	政策	介護ロボット・在宅支援普及	22	83	0.62	1.00	ケア責任層・地方・子育て初期	ケア負担↓ 可処分時間↑ 希望↑	介護ロボット、見守り、移乗支援、在宅医療接続を公共支援として広げ、家族ケアによる時間制約を緩和する。
48	policy_search_with_sustain_hope_family	BP01	政策	構造持続型出産一時金の上乗せ	15	60	0.82	1.00	子どもを望む家族形成層・将来家族形成層	子ども意向↑ 家計余力↑ 制度信頼↑	出生実績への成果報酬ではなく、望む人が子どもを迎えられる条件を整える目的で、妊娠・出産・初期育児の実費と所得喪失を一時金で緩衝する。
48	policy_search_with_sustain_hope_family	BP02	政策	産後休息・代替ケア保障	15	83	0.78	1.00	妊娠出産期・子育て初期・ケア責任層	時間余力↑ メンタル負荷↓ 出生圧力リスク↓	産後の休息、夜間支援、代替ケア、家事育児支援を公的に確保し、家族責任の固定化や母親だけへの負担集中を防ぐ。
48	policy_search_with_sustain_hope_family	BP03	政策	復帰キャリア・企業負担補正	18	83	0.70	1.00	企業・正規雇用・非正規雇用・子育て初期	雇用安定↑ 企業反発↓ 子ども意向↑	育休復帰、短時間勤務、配置転換、代替人員費を企業だけに背負わせず、構造持続会計で補正し、採用抑制や女性不利益を抑える。
48	policy_search_with_sustain_hope_family	BP04	政策	家族形成住居・教育費緩衝パッケージ	20	83	0.74	1.00	23-40歳・若者・低中所得層	住居安定↑ 教育費不安↓ 希望↑	住居、保育、教育費の長期不安を束ねて緩衝し、子どもを迎える判断が一時金だけで終わらないよう支える。
48	policy_search_with_sustain_hope_family	BP05	政策	出生非強制・監査ガードレール	15	83	0.68	1.00	全体	制度信頼↑ 反発↓ moral injury↓	非婚・非出産・単身・養育しない選択を不利益にせず、出生数ではなく選択可能条件を評価対象にする。若者の「産ませたいだけでは」という反発を監査する。
48	policy_search_with_sustain_hope_family	BP06	政策	財政・インフレ持続性監査	24	83	0.64	1.00	国家・金融・納税者・若者	財政不安↓ 制度信頼↑ 長期予見性↑	一時金と支援の財源、物価影響、対象公平性を継続監査し、金融システムを含む系の持続性が崩れた場合は自動補正する。
48	policy_search_with_sustain_hope_family	BP07	政策	希望経路の可視化と達成共有	30	83	0.76	1.00	若者・家族形成層・次世代コホート	希望↑ 連帯感↑ 自己効力感↑	住居、ケア、教育費、復帰キャリアが実際につながった事例を学校・企業・地域で共有し、少なくとも複数の代表エージェントが「自分たちでも未来を作れる」と感じる経路を観測する。
48	policy_search_with_sustain_hope_family	HP01	政策	若者希望経路保証	8	83	0.84	1.00	15-22歳・進学就職移行層	希望↑ 自己効力感↑ 将来予見性↑	学び、初職、地域プロジェクト、AI活用訓練を接続し、若者が5年後の役割を複数持てるようにする。特定進路の強制ではなく選べる経路を増やす。
48	policy_search_with_sustain_hope_family	HP02	政策	初職喪失リカバリー権	12	83	0.78	1.00	AI自動化影響層・非正規・無業	喪失感↓ 希望↑ 雇用安定↑	AIやロボ導入で初職や職域が狭まった人に、再訓練、職務経験、所得補償をセットで提供し、最初の失敗が人生全体の諦念にならないようにする。
48	policy_search_with_sustain_hope_family	HP03	政策	若者持分型地域プロジェクト	18	83	0.72	1.00	若者・地方・都市低所得層	連帯感↑ 希望↑ nat獲得↑	地域インフラ、ケア、教育、災害対応、文化活動の更新に若者が持分を持ち、参加が報酬と将来役割に接続する仕組みを作る。
48	policy_search_with_sustain_hope_family	HP04	政策	家族形成トライアル支援	20	83	0.76	1.00	23-40歳・将来家族形成層	子ども意向↑ 住居安定↑ 時間余力↑	同居、結婚、妊娠、出産、養育の前段階で、住居、時間、ケア、相談、医療アクセスを試せる支援を整え、後戻りできる安心を残す。
48	policy_search_with_sustain_hope_family	HP05	政策	子育て共同体・代替ケア網	22	83	0.80	1.00	子育て初期・ケア責任層・地域	子育て実行可能性↑ メンタル負荷↓ 連帯感↑	保育、病児対応、夜間支援、送迎、学習支援を地域と企業が共同で担い、親だけが壊れない構造を作る。
48	policy_search_with_sustain_hope_family	HP06	政策	若者発制度監査と異議申立	24	83	0.68	1.00	若者・低所得層・非婚非出産層	制度信頼↑ 裏切られ感↓ 反発↓	制度の対象外になった人、非婚・非出産を選ぶ人、低所得層が異議申し立てできる窓口を作り、施策が弱い人を材料にすることを防ぐ。
48	policy_search_with_sustain_hope_family	HP07	政策	希望不足時の条件監査	30	83	0.70	1.00	LLM観測対象	説明可能性↑ 副作用監査↑ 調整候補↑	デモ観測上、希望を持つ若者・家族形成層が十分に立ち上がらない場合に、どの構造条件が欠けたか、どの層で対象外感・政策疲労・財政不安が出たかを説明対象にする。感情を直接命令せず、経路・支援・信頼・副作用の条件で観測する。
48	policy_search_with_sustain_hope_family	HP08	政策	自動着金・仮払いセーフティ	8	83	0.86	1.00	若者・低中所得層・家族形成層	制度信頼↑ 不安↓ 生活防衛↓	申請から支給までの空白を減らすため、資格確認前の仮払い、あとから精算、異議申立を組み合わせる。支援が「いつか届く」ではなく「今つながる」経験になるようにする。
48	policy_search_with_sustain_hope_family	HP09	政策	若者住居・ケア即時枠	10	83	0.82	1.00	15-29歳・ケア責任層・無業非正規層	安心↑ 撤退圧↓ 希望↑	家を出られない、ケアで動けない、住居費で進路を選べない層に、短期住居、代替ケア、地域伴走を即時枠として用意し、社会からの逃避や長期離脱を防ぐ。
48	policy_search_with_sustain_hope_family	HP10	政策	家族形成条件の個別見通し面談	18	83	0.74	1.00	23-40歳・将来家族形成層・子育て初期	子ども意向↑ 将来予見性↑ 制度利用↑	結婚、妊娠、出産、育休、復帰、住居、教育費、介護との両立を個別ケースで見通せる面談と試算を行い、子どもを迎えたい人が「自分の場合に可能か」を判断できるようにする。
48	policy_search_with_sustain_hope_family	HP11	政策	初期成功ケースの透明公開	12	83	0.84	1.00	若者・家族形成層・制度不信層	制度信頼↑ 自己効力感↑ 希望↑	自動着金、短期住居、代替ケア、初職リカバリーで実際に立て直せた初期ケースを、個人を傷つけない匿名形式で公開する。制度が存在するだけでなく、使うと何が変わるかを確認できるようにする。
48	policy_search_with_sustain_hope_family	HP12	政策	若者・家族形成パーソナル予算枠	15	83	0.86	1.00	15-40歳・低中所得層・ケア責任層	将来予見性↑ 子ども意向↑ 生活防衛↓	住居、学び直し、ケア代替、医療相談、妊娠出産準備に使える5年単位の個人予算枠を付与し、転居や転職をしても権利が持ち運べるようにする。
48	policy_search_with_sustain_hope_family	HP13	政策	非対象者分断の補正説明	15	83	0.72	1.00	非婚非出産層・納税者・若者全体	反発↓ 制度信頼↑ 連帯感↑	家族形成支援を、出生数の押しつけではなく、住居、ケア、学び直し、孤立防止を含む共通インフラとして説明し、非対象者にも使える支援経路と異議申立を明示する。
48	policy_search_with_sustain_hope_family	HP14	政策	個別資格通知と即時予約	18	83	0.92	1.00	15-40歳・低中所得層・ケア責任層	制度利用↑ 将来予見性↑ 希望↑	対象者ごとに、自分が使える住居枠、学び直し予算、ケア代替、家族形成面談の予約可能日が通知される。抽象的な制度ではなく、本人のスマホや学校・職場窓口で具体的な次の一手を確認できる。
48	policy_search_with_sustain_hope_family	HP15	政策	初職・復帰の先行契約枠	18	83	0.84	1.00	若者・AI自動化影響層・子育て初期	雇用安定↑ 自己効力感↑ 生活防衛↓	自治体、企業、学校が連携し、AI活用職、ケア技術、地域更新、育休復帰の先行契約枠を公開する。研修中の所得補償と実務経験を結び、学び直しが空手形にならないようにする。
48	policy_search_with_sustain_hope_family	HP16	政策	子育て共同体の空き枠可視化	20	83	0.80	1.00	家族形成層・子育て初期・地域	子ども意向↑ 安心↑ 連帯感↑	保育、病児対応、夜間支援、送迎、学習支援、産後休息の空き枠を地域単位で可視化し、親だけで抱え込まない具体的な受け皿を見えるようにする。
48	policy_search_with_sustain_hope_family	HP17	社会反応	SNS希望反転と実体験共有	20	83	0.88	1.00	若者・家族形成層・SNS高感受性層	SNS不安↓ 連帯感↑ 希望↑	自動着金、住居即時枠、初職契約、代替ケアを実際に使った人の承諾済み体験談が広がり、「制度は遅いだけ」という認識に一部反例が生まれる。
48	policy_search_with_sustain_hope_family	HP18	政策	財政持続監査の初回クリア	20	83	0.82	1.00	国家・納税者・若者・家族形成層	財政不安↓ 制度信頼↑ 将来予見性↑	支援財源、物価影響、逆進性、非対象者補正の初回監査が公開され、持続性が崩れていないことと自動補正ルールが確認される。
48	policy_search_with_sustain_hope_family	HP19	政策	nat報酬の初回着金	20	83	0.90	1.00	若者・地域プロジェクト参加層・低中所得層	自己効力感↑ 希望↑ 制度利用↑	地域更新、ケア補助、学習支援、災害備えに参加した若者へ、初回のnat報酬が実際に着金する。社会を維持する行動が飯の種になる体験が生まれる。
48	policy_search_with_sustain_hope_family	HP20	政策	家族形成シミュレーション結果通知	22	83	0.84	1.00	23-40歳・将来家族形成層	子ども意向↑ 安心↑ 将来予見性↑	個別面談を受けた人に、住居、収入、ケア、産後休息、復帰キャリアを含む自分用の家族形成見通しが通知され、無理ならどの条件が足りないかも示される。
48	policy_search_with_sustain_hope_family	HP21	社会反応	希望ケースの地域拡張	31	83	0.92	1.00	若者・地方都市・低中所得層	希望↑ 連帯感↑ 制度信頼↑	初期成功が一部の特権ではなく、複数地域の高校、大学、専門学校、職場、地域プロジェクトに広がったことが可視化される。自分の近くにも使った人がいる状態になる。
48	policy_search_with_sustain_hope_family	HP22	政策	若者メンター・伴走紹介	31	83	0.84	1.00	15-29歳・進学就職移行層・無業非正規層	自己効力感↑ 相談↑ 希望↑	制度利用後に迷う若者へ、同年代または少し上のメンターが紹介される。情報収集だけで止まらず、応募、相談、転居、学び直し、地域参加の次の一手へつなぐ。
48	policy_search_with_sustain_hope_family	HP23	政策	家族形成初回利用の完了通知	35	83	0.86	1.00	23-40歳・将来家族形成層・子育て初期	子ども意向↑ 安心↑ 制度信頼↑	家族形成面談、保育/代替ケア予約、住居支援、復帰キャリア相談の初回利用が完了し、利用者に次回予約と不足条件が通知される。検討が抽象論から実行可能な段取りへ移る。
48	policy_search_with_sustain_hope_family	HP24	社会反応	希望継続コミュニティ	45	83	0.86	1.00	若者・家族形成層・地域	希望↑ 連帯感↑ 撤退圧↓	制度利用後の若者、家族形成層、地域プロジェクト参加者が、進捗、失敗、次の予約、報酬、ケア空き枠を共有する小さなコミュニティを作る。一回の希望を孤立させず、継続する場にする。
48	policy_search_with_sustain_hope_family	HP25	政策	家族形成2回目プラン確定	45	83	0.82	1.00	23-40歳・将来家族形成層	子ども意向↑ 将来予見性↑ 安心↑	初回面談後、住居、収入、ケア、医療、復帰キャリアの不足条件を反映した2回目プランが確定し、子どもを迎える/迎えない/まだ待つ判断を現実的に更新できる。
49	policy_search_with_sustain_hope_family	E07	ショック	介護需要急増	22	60	0.70	0.80	ケア責任層・地方・現役世代	ケア負担↑ 可処分時間↓ 希望↓	高齢化と家族介護の集中により、若者と現役世代の時間・所得・進路選択が圧迫される。
49	policy_search_with_sustain_hope_family	E09	ショック	汎用ロボティクス普及による身体労働再編	12	60	0.62	0.75	製造・物流・小売・介護周辺	雇用安定↓ 生活コスト圧力↑	物流、製造、清掃、飲食、建設、介護補助などの身体労働でロボット導入が進み、地域産業と現場職の再編不安が広がる。
49	policy_search_with_sustain_hope_family	P01	政策	若者住居安定パッケージ	10	83	0.70	1.00	非正規・無業・若年就業	住居安定↑ 希望↑	家賃補助・保証人代替・転居支援を組み合わせ、居住不安を緩和する。
49	policy_search_with_sustain_hope_family	P02	政策	奨学金負担軽減・所得連動返済	8	83	0.80	1.00	在学層・負債高層	可処分所得↑ 子ども意向↑	返済負担の平準化と減免を導入し、将来投資の先送りを抑制する。
49	policy_search_with_sustain_hope_family	P03	政策	社会持続活動nat報酬制度	12	83	0.85	1.00	全体	nat獲得↑ 希望↑	学校・地域・介護・防災・制度更新活動を報酬化し、役割喪失を防ぐ。
49	policy_search_with_sustain_hope_family	P05	政策	地域ケア就労の賃金底上げ	14	83	0.70	1.00	ケア責任層・地方	雇用安定↑ 制度信頼↑	ケア活動を社会基盤労働として扱い、賃金と社会的評価を引き上げる。
49	policy_search_with_sustain_hope_family	P06	政策	学び直し・移行雇用保証	16	83	0.78	1.00	非正規・無業・自動化影響層	雇用安定↑ 自己効力感↑	訓練と実務移行をセットで保証し、自動化ショックからの回復経路を提供する。
49	policy_search_with_sustain_hope_family	P07	政策	地方分散インフラ投資	20	83	0.65	1.00	地方層	住居安定↑ 希望↑	交通・医療・通信の更新により、地方での生活可能性を底上げする。
49	policy_search_with_sustain_hope_family	P08	政策	若年メンタルヘルス即時アクセス	9	83	0.72	1.00	高負荷層	メンタル負荷↓ 希望↑	心理支援への待機時間と費用障壁を下げ、長期離脱を防ぐ。
49	policy_search_with_sustain_hope_family	P09	政策	学校-企業-地域循環プロジェクト	18	83	0.68	1.00	在学層・若年就業	自己効力感↑ 制度信頼↑	学習内容と地域課題・雇用機会を連結し、努力の手応えを可視化する。
49	policy_search_with_sustain_hope_family	P10	政策	nat通貨の逆進性補正	30	83	0.60	1.00	低所得層中心	格差↓ 制度信頼↑	nat配分の偏りを是正し、参加機会の不公平を抑える再分配ルールを導入する。
49	policy_search_with_sustain_hope_family	P11	政策	介護ロボット・在宅支援普及	22	83	0.62	1.00	ケア責任層・地方・子育て初期	ケア負担↓ 可処分時間↑ 希望↑	介護ロボット、見守り、移乗支援、在宅医療接続を公共支援として広げ、家族ケアによる時間制約を緩和する。
49	policy_search_with_sustain_hope_family	BP01	政策	構造持続型出産一時金の上乗せ	15	60	0.82	1.00	子どもを望む家族形成層・将来家族形成層	子ども意向↑ 家計余力↑ 制度信頼↑	出生実績への成果報酬ではなく、望む人が子どもを迎えられる条件を整える目的で、妊娠・出産・初期育児の実費と所得喪失を一時金で緩衝する。
49	policy_search_with_sustain_hope_family	BP02	政策	産後休息・代替ケア保障	15	83	0.78	1.00	妊娠出産期・子育て初期・ケア責任層	時間余力↑ メンタル負荷↓ 出生圧力リスク↓	産後の休息、夜間支援、代替ケア、家事育児支援を公的に確保し、家族責任の固定化や母親だけへの負担集中を防ぐ。
49	policy_search_with_sustain_hope_family	BP03	政策	復帰キャリア・企業負担補正	18	83	0.70	1.00	企業・正規雇用・非正規雇用・子育て初期	雇用安定↑ 企業反発↓ 子ども意向↑	育休復帰、短時間勤務、配置転換、代替人員費を企業だけに背負わせず、構造持続会計で補正し、採用抑制や女性不利益を抑える。
49	policy_search_with_sustain_hope_family	BP04	政策	家族形成住居・教育費緩衝パッケージ	20	83	0.74	1.00	23-40歳・若者・低中所得層	住居安定↑ 教育費不安↓ 希望↑	住居、保育、教育費の長期不安を束ねて緩衝し、子どもを迎える判断が一時金だけで終わらないよう支える。
49	policy_search_with_sustain_hope_family	BP05	政策	出生非強制・監査ガードレール	15	83	0.68	1.00	全体	制度信頼↑ 反発↓ moral injury↓	非婚・非出産・単身・養育しない選択を不利益にせず、出生数ではなく選択可能条件を評価対象にする。若者の「産ませたいだけでは」という反発を監査する。
49	policy_search_with_sustain_hope_family	BP06	政策	財政・インフレ持続性監査	24	83	0.64	1.00	国家・金融・納税者・若者	財政不安↓ 制度信頼↑ 長期予見性↑	一時金と支援の財源、物価影響、対象公平性を継続監査し、金融システムを含む系の持続性が崩れた場合は自動補正する。
49	policy_search_with_sustain_hope_family	BP07	政策	希望経路の可視化と達成共有	30	83	0.76	1.00	若者・家族形成層・次世代コホート	希望↑ 連帯感↑ 自己効力感↑	住居、ケア、教育費、復帰キャリアが実際につながった事例を学校・企業・地域で共有し、少なくとも複数の代表エージェントが「自分たちでも未来を作れる」と感じる経路を観測する。
49	policy_search_with_sustain_hope_family	HP01	政策	若者希望経路保証	8	83	0.84	1.00	15-22歳・進学就職移行層	希望↑ 自己効力感↑ 将来予見性↑	学び、初職、地域プロジェクト、AI活用訓練を接続し、若者が5年後の役割を複数持てるようにする。特定進路の強制ではなく選べる経路を増やす。
49	policy_search_with_sustain_hope_family	HP02	政策	初職喪失リカバリー権	12	83	0.78	1.00	AI自動化影響層・非正規・無業	喪失感↓ 希望↑ 雇用安定↑	AIやロボ導入で初職や職域が狭まった人に、再訓練、職務経験、所得補償をセットで提供し、最初の失敗が人生全体の諦念にならないようにする。
49	policy_search_with_sustain_hope_family	HP03	政策	若者持分型地域プロジェクト	18	83	0.72	1.00	若者・地方・都市低所得層	連帯感↑ 希望↑ nat獲得↑	地域インフラ、ケア、教育、災害対応、文化活動の更新に若者が持分を持ち、参加が報酬と将来役割に接続する仕組みを作る。
49	policy_search_with_sustain_hope_family	HP04	政策	家族形成トライアル支援	20	83	0.76	1.00	23-40歳・将来家族形成層	子ども意向↑ 住居安定↑ 時間余力↑	同居、結婚、妊娠、出産、養育の前段階で、住居、時間、ケア、相談、医療アクセスを試せる支援を整え、後戻りできる安心を残す。
49	policy_search_with_sustain_hope_family	HP05	政策	子育て共同体・代替ケア網	22	83	0.80	1.00	子育て初期・ケア責任層・地域	子育て実行可能性↑ メンタル負荷↓ 連帯感↑	保育、病児対応、夜間支援、送迎、学習支援を地域と企業が共同で担い、親だけが壊れない構造を作る。
49	policy_search_with_sustain_hope_family	HP06	政策	若者発制度監査と異議申立	24	83	0.68	1.00	若者・低所得層・非婚非出産層	制度信頼↑ 裏切られ感↓ 反発↓	制度の対象外になった人、非婚・非出産を選ぶ人、低所得層が異議申し立てできる窓口を作り、施策が弱い人を材料にすることを防ぐ。
49	policy_search_with_sustain_hope_family	HP07	政策	希望不足時の条件監査	30	83	0.70	1.00	LLM観測対象	説明可能性↑ 副作用監査↑ 調整候補↑	デモ観測上、希望を持つ若者・家族形成層が十分に立ち上がらない場合に、どの構造条件が欠けたか、どの層で対象外感・政策疲労・財政不安が出たかを説明対象にする。感情を直接命令せず、経路・支援・信頼・副作用の条件で観測する。
49	policy_search_with_sustain_hope_family	HP08	政策	自動着金・仮払いセーフティ	8	83	0.86	1.00	若者・低中所得層・家族形成層	制度信頼↑ 不安↓ 生活防衛↓	申請から支給までの空白を減らすため、資格確認前の仮払い、あとから精算、異議申立を組み合わせる。支援が「いつか届く」ではなく「今つながる」経験になるようにする。
49	policy_search_with_sustain_hope_family	HP09	政策	若者住居・ケア即時枠	10	83	0.82	1.00	15-29歳・ケア責任層・無業非正規層	安心↑ 撤退圧↓ 希望↑	家を出られない、ケアで動けない、住居費で進路を選べない層に、短期住居、代替ケア、地域伴走を即時枠として用意し、社会からの逃避や長期離脱を防ぐ。
49	policy_search_with_sustain_hope_family	HP10	政策	家族形成条件の個別見通し面談	18	83	0.74	1.00	23-40歳・将来家族形成層・子育て初期	子ども意向↑ 将来予見性↑ 制度利用↑	結婚、妊娠、出産、育休、復帰、住居、教育費、介護との両立を個別ケースで見通せる面談と試算を行い、子どもを迎えたい人が「自分の場合に可能か」を判断できるようにする。
49	policy_search_with_sustain_hope_family	HP11	政策	初期成功ケースの透明公開	12	83	0.84	1.00	若者・家族形成層・制度不信層	制度信頼↑ 自己効力感↑ 希望↑	自動着金、短期住居、代替ケア、初職リカバリーで実際に立て直せた初期ケースを、個人を傷つけない匿名形式で公開する。制度が存在するだけでなく、使うと何が変わるかを確認できるようにする。
49	policy_search_with_sustain_hope_family	HP12	政策	若者・家族形成パーソナル予算枠	15	83	0.86	1.00	15-40歳・低中所得層・ケア責任層	将来予見性↑ 子ども意向↑ 生活防衛↓	住居、学び直し、ケア代替、医療相談、妊娠出産準備に使える5年単位の個人予算枠を付与し、転居や転職をしても権利が持ち運べるようにする。
49	policy_search_with_sustain_hope_family	HP13	政策	非対象者分断の補正説明	15	83	0.72	1.00	非婚非出産層・納税者・若者全体	反発↓ 制度信頼↑ 連帯感↑	家族形成支援を、出生数の押しつけではなく、住居、ケア、学び直し、孤立防止を含む共通インフラとして説明し、非対象者にも使える支援経路と異議申立を明示する。
49	policy_search_with_sustain_hope_family	HP14	政策	個別資格通知と即時予約	18	83	0.92	1.00	15-40歳・低中所得層・ケア責任層	制度利用↑ 将来予見性↑ 希望↑	対象者ごとに、自分が使える住居枠、学び直し予算、ケア代替、家族形成面談の予約可能日が通知される。抽象的な制度ではなく、本人のスマホや学校・職場窓口で具体的な次の一手を確認できる。
49	policy_search_with_sustain_hope_family	HP15	政策	初職・復帰の先行契約枠	18	83	0.84	1.00	若者・AI自動化影響層・子育て初期	雇用安定↑ 自己効力感↑ 生活防衛↓	自治体、企業、学校が連携し、AI活用職、ケア技術、地域更新、育休復帰の先行契約枠を公開する。研修中の所得補償と実務経験を結び、学び直しが空手形にならないようにする。
49	policy_search_with_sustain_hope_family	HP16	政策	子育て共同体の空き枠可視化	20	83	0.80	1.00	家族形成層・子育て初期・地域	子ども意向↑ 安心↑ 連帯感↑	保育、病児対応、夜間支援、送迎、学習支援、産後休息の空き枠を地域単位で可視化し、親だけで抱え込まない具体的な受け皿を見えるようにする。
49	policy_search_with_sustain_hope_family	HP17	社会反応	SNS希望反転と実体験共有	20	83	0.88	1.00	若者・家族形成層・SNS高感受性層	SNS不安↓ 連帯感↑ 希望↑	自動着金、住居即時枠、初職契約、代替ケアを実際に使った人の承諾済み体験談が広がり、「制度は遅いだけ」という認識に一部反例が生まれる。
49	policy_search_with_sustain_hope_family	HP18	政策	財政持続監査の初回クリア	20	83	0.82	1.00	国家・納税者・若者・家族形成層	財政不安↓ 制度信頼↑ 将来予見性↑	支援財源、物価影響、逆進性、非対象者補正の初回監査が公開され、持続性が崩れていないことと自動補正ルールが確認される。
49	policy_search_with_sustain_hope_family	HP19	政策	nat報酬の初回着金	20	83	0.90	1.00	若者・地域プロジェクト参加層・低中所得層	自己効力感↑ 希望↑ 制度利用↑	地域更新、ケア補助、学習支援、災害備えに参加した若者へ、初回のnat報酬が実際に着金する。社会を維持する行動が飯の種になる体験が生まれる。
49	policy_search_with_sustain_hope_family	HP20	政策	家族形成シミュレーション結果通知	22	83	0.84	1.00	23-40歳・将来家族形成層	子ども意向↑ 安心↑ 将来予見性↑	個別面談を受けた人に、住居、収入、ケア、産後休息、復帰キャリアを含む自分用の家族形成見通しが通知され、無理ならどの条件が足りないかも示される。
49	policy_search_with_sustain_hope_family	HP21	社会反応	希望ケースの地域拡張	31	83	0.92	1.00	若者・地方都市・低中所得層	希望↑ 連帯感↑ 制度信頼↑	初期成功が一部の特権ではなく、複数地域の高校、大学、専門学校、職場、地域プロジェクトに広がったことが可視化される。自分の近くにも使った人がいる状態になる。
49	policy_search_with_sustain_hope_family	HP22	政策	若者メンター・伴走紹介	31	83	0.84	1.00	15-29歳・進学就職移行層・無業非正規層	自己効力感↑ 相談↑ 希望↑	制度利用後に迷う若者へ、同年代または少し上のメンターが紹介される。情報収集だけで止まらず、応募、相談、転居、学び直し、地域参加の次の一手へつなぐ。
49	policy_search_with_sustain_hope_family	HP23	政策	家族形成初回利用の完了通知	35	83	0.86	1.00	23-40歳・将来家族形成層・子育て初期	子ども意向↑ 安心↑ 制度信頼↑	家族形成面談、保育/代替ケア予約、住居支援、復帰キャリア相談の初回利用が完了し、利用者に次回予約と不足条件が通知される。検討が抽象論から実行可能な段取りへ移る。
49	policy_search_with_sustain_hope_family	HP24	社会反応	希望継続コミュニティ	45	83	0.86	1.00	若者・家族形成層・地域	希望↑ 連帯感↑ 撤退圧↓	制度利用後の若者、家族形成層、地域プロジェクト参加者が、進捗、失敗、次の予約、報酬、ケア空き枠を共有する小さなコミュニティを作る。一回の希望を孤立させず、継続する場にする。
49	policy_search_with_sustain_hope_family	HP25	政策	家族形成2回目プラン確定	45	83	0.82	1.00	23-40歳・将来家族形成層	子ども意向↑ 将来予見性↑ 安心↑	初回面談後、住居、収入、ケア、医療、復帰キャリアの不足条件を反映した2回目プランが確定し、子どもを迎える/迎えない/まだ待つ判断を現実的に更新できる。
50	policy_search_with_sustain_hope_family	E07	ショック	介護需要急増	22	60	0.70	0.80	ケア責任層・地方・現役世代	ケア負担↑ 可処分時間↓ 希望↓	高齢化と家族介護の集中により、若者と現役世代の時間・所得・進路選択が圧迫される。
50	policy_search_with_sustain_hope_family	E09	ショック	汎用ロボティクス普及による身体労働再編	12	60	0.62	0.75	製造・物流・小売・介護周辺	雇用安定↓ 生活コスト圧力↑	物流、製造、清掃、飲食、建設、介護補助などの身体労働でロボット導入が進み、地域産業と現場職の再編不安が広がる。
50	policy_search_with_sustain_hope_family	P01	政策	若者住居安定パッケージ	10	83	0.70	1.00	非正規・無業・若年就業	住居安定↑ 希望↑	家賃補助・保証人代替・転居支援を組み合わせ、居住不安を緩和する。
50	policy_search_with_sustain_hope_family	P02	政策	奨学金負担軽減・所得連動返済	8	83	0.80	1.00	在学層・負債高層	可処分所得↑ 子ども意向↑	返済負担の平準化と減免を導入し、将来投資の先送りを抑制する。
50	policy_search_with_sustain_hope_family	P03	政策	社会持続活動nat報酬制度	12	83	0.85	1.00	全体	nat獲得↑ 希望↑	学校・地域・介護・防災・制度更新活動を報酬化し、役割喪失を防ぐ。
50	policy_search_with_sustain_hope_family	P05	政策	地域ケア就労の賃金底上げ	14	83	0.70	1.00	ケア責任層・地方	雇用安定↑ 制度信頼↑	ケア活動を社会基盤労働として扱い、賃金と社会的評価を引き上げる。
50	policy_search_with_sustain_hope_family	P06	政策	学び直し・移行雇用保証	16	83	0.78	1.00	非正規・無業・自動化影響層	雇用安定↑ 自己効力感↑	訓練と実務移行をセットで保証し、自動化ショックからの回復経路を提供する。
50	policy_search_with_sustain_hope_family	P07	政策	地方分散インフラ投資	20	83	0.65	1.00	地方層	住居安定↑ 希望↑	交通・医療・通信の更新により、地方での生活可能性を底上げする。
50	policy_search_with_sustain_hope_family	P08	政策	若年メンタルヘルス即時アクセス	9	83	0.72	1.00	高負荷層	メンタル負荷↓ 希望↑	心理支援への待機時間と費用障壁を下げ、長期離脱を防ぐ。
50	policy_search_with_sustain_hope_family	P09	政策	学校-企業-地域循環プロジェクト	18	83	0.68	1.00	在学層・若年就業	自己効力感↑ 制度信頼↑	学習内容と地域課題・雇用機会を連結し、努力の手応えを可視化する。
50	policy_search_with_sustain_hope_family	P10	政策	nat通貨の逆進性補正	30	83	0.60	1.00	低所得層中心	格差↓ 制度信頼↑	nat配分の偏りを是正し、参加機会の不公平を抑える再分配ルールを導入する。
50	policy_search_with_sustain_hope_family	P11	政策	介護ロボット・在宅支援普及	22	83	0.62	1.00	ケア責任層・地方・子育て初期	ケア負担↓ 可処分時間↑ 希望↑	介護ロボット、見守り、移乗支援、在宅医療接続を公共支援として広げ、家族ケアによる時間制約を緩和する。
50	policy_search_with_sustain_hope_family	BP01	政策	構造持続型出産一時金の上乗せ	15	60	0.82	1.00	子どもを望む家族形成層・将来家族形成層	子ども意向↑ 家計余力↑ 制度信頼↑	出生実績への成果報酬ではなく、望む人が子どもを迎えられる条件を整える目的で、妊娠・出産・初期育児の実費と所得喪失を一時金で緩衝する。
50	policy_search_with_sustain_hope_family	BP02	政策	産後休息・代替ケア保障	15	83	0.78	1.00	妊娠出産期・子育て初期・ケア責任層	時間余力↑ メンタル負荷↓ 出生圧力リスク↓	産後の休息、夜間支援、代替ケア、家事育児支援を公的に確保し、家族責任の固定化や母親だけへの負担集中を防ぐ。
50	policy_search_with_sustain_hope_family	BP03	政策	復帰キャリア・企業負担補正	18	83	0.70	1.00	企業・正規雇用・非正規雇用・子育て初期	雇用安定↑ 企業反発↓ 子ども意向↑	育休復帰、短時間勤務、配置転換、代替人員費を企業だけに背負わせず、構造持続会計で補正し、採用抑制や女性不利益を抑える。
50	policy_search_with_sustain_hope_family	BP04	政策	家族形成住居・教育費緩衝パッケージ	20	83	0.74	1.00	23-40歳・若者・低中所得層	住居安定↑ 教育費不安↓ 希望↑	住居、保育、教育費の長期不安を束ねて緩衝し、子どもを迎える判断が一時金だけで終わらないよう支える。
50	policy_search_with_sustain_hope_family	BP05	政策	出生非強制・監査ガードレール	15	83	0.68	1.00	全体	制度信頼↑ 反発↓ moral injury↓	非婚・非出産・単身・養育しない選択を不利益にせず、出生数ではなく選択可能条件を評価対象にする。若者の「産ませたいだけでは」という反発を監査する。
50	policy_search_with_sustain_hope_family	BP06	政策	財政・インフレ持続性監査	24	83	0.64	1.00	国家・金融・納税者・若者	財政不安↓ 制度信頼↑ 長期予見性↑	一時金と支援の財源、物価影響、対象公平性を継続監査し、金融システムを含む系の持続性が崩れた場合は自動補正する。
50	policy_search_with_sustain_hope_family	BP07	政策	希望経路の可視化と達成共有	30	83	0.76	1.00	若者・家族形成層・次世代コホート	希望↑ 連帯感↑ 自己効力感↑	住居、ケア、教育費、復帰キャリアが実際につながった事例を学校・企業・地域で共有し、少なくとも複数の代表エージェントが「自分たちでも未来を作れる」と感じる経路を観測する。
50	policy_search_with_sustain_hope_family	HP01	政策	若者希望経路保証	8	83	0.84	1.00	15-22歳・進学就職移行層	希望↑ 自己効力感↑ 将来予見性↑	学び、初職、地域プロジェクト、AI活用訓練を接続し、若者が5年後の役割を複数持てるようにする。特定進路の強制ではなく選べる経路を増やす。
50	policy_search_with_sustain_hope_family	HP02	政策	初職喪失リカバリー権	12	83	0.78	1.00	AI自動化影響層・非正規・無業	喪失感↓ 希望↑ 雇用安定↑	AIやロボ導入で初職や職域が狭まった人に、再訓練、職務経験、所得補償をセットで提供し、最初の失敗が人生全体の諦念にならないようにする。
50	policy_search_with_sustain_hope_family	HP03	政策	若者持分型地域プロジェクト	18	83	0.72	1.00	若者・地方・都市低所得層	連帯感↑ 希望↑ nat獲得↑	地域インフラ、ケア、教育、災害対応、文化活動の更新に若者が持分を持ち、参加が報酬と将来役割に接続する仕組みを作る。
50	policy_search_with_sustain_hope_family	HP04	政策	家族形成トライアル支援	20	83	0.76	1.00	23-40歳・将来家族形成層	子ども意向↑ 住居安定↑ 時間余力↑	同居、結婚、妊娠、出産、養育の前段階で、住居、時間、ケア、相談、医療アクセスを試せる支援を整え、後戻りできる安心を残す。
50	policy_search_with_sustain_hope_family	HP05	政策	子育て共同体・代替ケア網	22	83	0.80	1.00	子育て初期・ケア責任層・地域	子育て実行可能性↑ メンタル負荷↓ 連帯感↑	保育、病児対応、夜間支援、送迎、学習支援を地域と企業が共同で担い、親だけが壊れない構造を作る。
50	policy_search_with_sustain_hope_family	HP06	政策	若者発制度監査と異議申立	24	83	0.68	1.00	若者・低所得層・非婚非出産層	制度信頼↑ 裏切られ感↓ 反発↓	制度の対象外になった人、非婚・非出産を選ぶ人、低所得層が異議申し立てできる窓口を作り、施策が弱い人を材料にすることを防ぐ。
50	policy_search_with_sustain_hope_family	HP07	政策	希望不足時の条件監査	30	83	0.70	1.00	LLM観測対象	説明可能性↑ 副作用監査↑ 調整候補↑	デモ観測上、希望を持つ若者・家族形成層が十分に立ち上がらない場合に、どの構造条件が欠けたか、どの層で対象外感・政策疲労・財政不安が出たかを説明対象にする。感情を直接命令せず、経路・支援・信頼・副作用の条件で観測する。
50	policy_search_with_sustain_hope_family	HP08	政策	自動着金・仮払いセーフティ	8	83	0.86	1.00	若者・低中所得層・家族形成層	制度信頼↑ 不安↓ 生活防衛↓	申請から支給までの空白を減らすため、資格確認前の仮払い、あとから精算、異議申立を組み合わせる。支援が「いつか届く」ではなく「今つながる」経験になるようにする。
50	policy_search_with_sustain_hope_family	HP09	政策	若者住居・ケア即時枠	10	83	0.82	1.00	15-29歳・ケア責任層・無業非正規層	安心↑ 撤退圧↓ 希望↑	家を出られない、ケアで動けない、住居費で進路を選べない層に、短期住居、代替ケア、地域伴走を即時枠として用意し、社会からの逃避や長期離脱を防ぐ。
50	policy_search_with_sustain_hope_family	HP10	政策	家族形成条件の個別見通し面談	18	83	0.74	1.00	23-40歳・将来家族形成層・子育て初期	子ども意向↑ 将来予見性↑ 制度利用↑	結婚、妊娠、出産、育休、復帰、住居、教育費、介護との両立を個別ケースで見通せる面談と試算を行い、子どもを迎えたい人が「自分の場合に可能か」を判断できるようにする。
50	policy_search_with_sustain_hope_family	HP11	政策	初期成功ケースの透明公開	12	83	0.84	1.00	若者・家族形成層・制度不信層	制度信頼↑ 自己効力感↑ 希望↑	自動着金、短期住居、代替ケア、初職リカバリーで実際に立て直せた初期ケースを、個人を傷つけない匿名形式で公開する。制度が存在するだけでなく、使うと何が変わるかを確認できるようにする。
50	policy_search_with_sustain_hope_family	HP12	政策	若者・家族形成パーソナル予算枠	15	83	0.86	1.00	15-40歳・低中所得層・ケア責任層	将来予見性↑ 子ども意向↑ 生活防衛↓	住居、学び直し、ケア代替、医療相談、妊娠出産準備に使える5年単位の個人予算枠を付与し、転居や転職をしても権利が持ち運べるようにする。
50	policy_search_with_sustain_hope_family	HP13	政策	非対象者分断の補正説明	15	83	0.72	1.00	非婚非出産層・納税者・若者全体	反発↓ 制度信頼↑ 連帯感↑	家族形成支援を、出生数の押しつけではなく、住居、ケア、学び直し、孤立防止を含む共通インフラとして説明し、非対象者にも使える支援経路と異議申立を明示する。
50	policy_search_with_sustain_hope_family	HP14	政策	個別資格通知と即時予約	18	83	0.92	1.00	15-40歳・低中所得層・ケア責任層	制度利用↑ 将来予見性↑ 希望↑	対象者ごとに、自分が使える住居枠、学び直し予算、ケア代替、家族形成面談の予約可能日が通知される。抽象的な制度ではなく、本人のスマホや学校・職場窓口で具体的な次の一手を確認できる。
50	policy_search_with_sustain_hope_family	HP15	政策	初職・復帰の先行契約枠	18	83	0.84	1.00	若者・AI自動化影響層・子育て初期	雇用安定↑ 自己効力感↑ 生活防衛↓	自治体、企業、学校が連携し、AI活用職、ケア技術、地域更新、育休復帰の先行契約枠を公開する。研修中の所得補償と実務経験を結び、学び直しが空手形にならないようにする。
50	policy_search_with_sustain_hope_family	HP16	政策	子育て共同体の空き枠可視化	20	83	0.80	1.00	家族形成層・子育て初期・地域	子ども意向↑ 安心↑ 連帯感↑	保育、病児対応、夜間支援、送迎、学習支援、産後休息の空き枠を地域単位で可視化し、親だけで抱え込まない具体的な受け皿を見えるようにする。
50	policy_search_with_sustain_hope_family	HP17	社会反応	SNS希望反転と実体験共有	20	83	0.88	1.00	若者・家族形成層・SNS高感受性層	SNS不安↓ 連帯感↑ 希望↑	自動着金、住居即時枠、初職契約、代替ケアを実際に使った人の承諾済み体験談が広がり、「制度は遅いだけ」という認識に一部反例が生まれる。
50	policy_search_with_sustain_hope_family	HP18	政策	財政持続監査の初回クリア	20	83	0.82	1.00	国家・納税者・若者・家族形成層	財政不安↓ 制度信頼↑ 将来予見性↑	支援財源、物価影響、逆進性、非対象者補正の初回監査が公開され、持続性が崩れていないことと自動補正ルールが確認される。
50	policy_search_with_sustain_hope_family	HP19	政策	nat報酬の初回着金	20	83	0.90	1.00	若者・地域プロジェクト参加層・低中所得層	自己効力感↑ 希望↑ 制度利用↑	地域更新、ケア補助、学習支援、災害備えに参加した若者へ、初回のnat報酬が実際に着金する。社会を維持する行動が飯の種になる体験が生まれる。
50	policy_search_with_sustain_hope_family	HP20	政策	家族形成シミュレーション結果通知	22	83	0.84	1.00	23-40歳・将来家族形成層	子ども意向↑ 安心↑ 将来予見性↑	個別面談を受けた人に、住居、収入、ケア、産後休息、復帰キャリアを含む自分用の家族形成見通しが通知され、無理ならどの条件が足りないかも示される。
50	policy_search_with_sustain_hope_family	HP21	社会反応	希望ケースの地域拡張	31	83	0.92	1.00	若者・地方都市・低中所得層	希望↑ 連帯感↑ 制度信頼↑	初期成功が一部の特権ではなく、複数地域の高校、大学、専門学校、職場、地域プロジェクトに広がったことが可視化される。自分の近くにも使った人がいる状態になる。
50	policy_search_with_sustain_hope_family	HP22	政策	若者メンター・伴走紹介	31	83	0.84	1.00	15-29歳・進学就職移行層・無業非正規層	自己効力感↑ 相談↑ 希望↑	制度利用後に迷う若者へ、同年代または少し上のメンターが紹介される。情報収集だけで止まらず、応募、相談、転居、学び直し、地域参加の次の一手へつなぐ。
50	policy_search_with_sustain_hope_family	HP23	政策	家族形成初回利用の完了通知	35	83	0.86	1.00	23-40歳・将来家族形成層・子育て初期	子ども意向↑ 安心↑ 制度信頼↑	家族形成面談、保育/代替ケア予約、住居支援、復帰キャリア相談の初回利用が完了し、利用者に次回予約と不足条件が通知される。検討が抽象論から実行可能な段取りへ移る。
50	policy_search_with_sustain_hope_family	HP24	社会反応	希望継続コミュニティ	45	83	0.86	1.00	若者・家族形成層・地域	希望↑ 連帯感↑ 撤退圧↓	制度利用後の若者、家族形成層、地域プロジェクト参加者が、進捗、失敗、次の予約、報酬、ケア空き枠を共有する小さなコミュニティを作る。一回の希望を孤立させず、継続する場にする。
50	policy_search_with_sustain_hope_family	HP25	政策	家族形成2回目プラン確定	45	83	0.82	1.00	23-40歳・将来家族形成層	子ども意向↑ 将来予見性↑ 安心↑	初回面談後、住居、収入、ケア、医療、復帰キャリアの不足条件を反映した2回目プランが確定し、子どもを迎える/迎えない/まだ待つ判断を現実的に更新できる。
51	policy_search_with_sustain_hope_family	E07	ショック	介護需要急増	22	60	0.70	0.80	ケア責任層・地方・現役世代	ケア負担↑ 可処分時間↓ 希望↓	高齢化と家族介護の集中により、若者と現役世代の時間・所得・進路選択が圧迫される。
51	policy_search_with_sustain_hope_family	E09	ショック	汎用ロボティクス普及による身体労働再編	12	60	0.62	0.75	製造・物流・小売・介護周辺	雇用安定↓ 生活コスト圧力↑	物流、製造、清掃、飲食、建設、介護補助などの身体労働でロボット導入が進み、地域産業と現場職の再編不安が広がる。
51	policy_search_with_sustain_hope_family	P01	政策	若者住居安定パッケージ	10	83	0.70	1.00	非正規・無業・若年就業	住居安定↑ 希望↑	家賃補助・保証人代替・転居支援を組み合わせ、居住不安を緩和する。
51	policy_search_with_sustain_hope_family	P02	政策	奨学金負担軽減・所得連動返済	8	83	0.80	1.00	在学層・負債高層	可処分所得↑ 子ども意向↑	返済負担の平準化と減免を導入し、将来投資の先送りを抑制する。
51	policy_search_with_sustain_hope_family	P03	政策	社会持続活動nat報酬制度	12	83	0.85	1.00	全体	nat獲得↑ 希望↑	学校・地域・介護・防災・制度更新活動を報酬化し、役割喪失を防ぐ。
51	policy_search_with_sustain_hope_family	P05	政策	地域ケア就労の賃金底上げ	14	83	0.70	1.00	ケア責任層・地方	雇用安定↑ 制度信頼↑	ケア活動を社会基盤労働として扱い、賃金と社会的評価を引き上げる。
51	policy_search_with_sustain_hope_family	P06	政策	学び直し・移行雇用保証	16	83	0.78	1.00	非正規・無業・自動化影響層	雇用安定↑ 自己効力感↑	訓練と実務移行をセットで保証し、自動化ショックからの回復経路を提供する。
51	policy_search_with_sustain_hope_family	P07	政策	地方分散インフラ投資	20	83	0.65	1.00	地方層	住居安定↑ 希望↑	交通・医療・通信の更新により、地方での生活可能性を底上げする。
51	policy_search_with_sustain_hope_family	P08	政策	若年メンタルヘルス即時アクセス	9	83	0.72	1.00	高負荷層	メンタル負荷↓ 希望↑	心理支援への待機時間と費用障壁を下げ、長期離脱を防ぐ。
51	policy_search_with_sustain_hope_family	P09	政策	学校-企業-地域循環プロジェクト	18	83	0.68	1.00	在学層・若年就業	自己効力感↑ 制度信頼↑	学習内容と地域課題・雇用機会を連結し、努力の手応えを可視化する。
51	policy_search_with_sustain_hope_family	P10	政策	nat通貨の逆進性補正	30	83	0.60	1.00	低所得層中心	格差↓ 制度信頼↑	nat配分の偏りを是正し、参加機会の不公平を抑える再分配ルールを導入する。
51	policy_search_with_sustain_hope_family	P11	政策	介護ロボット・在宅支援普及	22	83	0.62	1.00	ケア責任層・地方・子育て初期	ケア負担↓ 可処分時間↑ 希望↑	介護ロボット、見守り、移乗支援、在宅医療接続を公共支援として広げ、家族ケアによる時間制約を緩和する。
51	policy_search_with_sustain_hope_family	BP01	政策	構造持続型出産一時金の上乗せ	15	60	0.82	1.00	子どもを望む家族形成層・将来家族形成層	子ども意向↑ 家計余力↑ 制度信頼↑	出生実績への成果報酬ではなく、望む人が子どもを迎えられる条件を整える目的で、妊娠・出産・初期育児の実費と所得喪失を一時金で緩衝する。
51	policy_search_with_sustain_hope_family	BP02	政策	産後休息・代替ケア保障	15	83	0.78	1.00	妊娠出産期・子育て初期・ケア責任層	時間余力↑ メンタル負荷↓ 出生圧力リスク↓	産後の休息、夜間支援、代替ケア、家事育児支援を公的に確保し、家族責任の固定化や母親だけへの負担集中を防ぐ。
51	policy_search_with_sustain_hope_family	BP03	政策	復帰キャリア・企業負担補正	18	83	0.70	1.00	企業・正規雇用・非正規雇用・子育て初期	雇用安定↑ 企業反発↓ 子ども意向↑	育休復帰、短時間勤務、配置転換、代替人員費を企業だけに背負わせず、構造持続会計で補正し、採用抑制や女性不利益を抑える。
51	policy_search_with_sustain_hope_family	BP04	政策	家族形成住居・教育費緩衝パッケージ	20	83	0.74	1.00	23-40歳・若者・低中所得層	住居安定↑ 教育費不安↓ 希望↑	住居、保育、教育費の長期不安を束ねて緩衝し、子どもを迎える判断が一時金だけで終わらないよう支える。
51	policy_search_with_sustain_hope_family	BP05	政策	出生非強制・監査ガードレール	15	83	0.68	1.00	全体	制度信頼↑ 反発↓ moral injury↓	非婚・非出産・単身・養育しない選択を不利益にせず、出生数ではなく選択可能条件を評価対象にする。若者の「産ませたいだけでは」という反発を監査する。
51	policy_search_with_sustain_hope_family	BP06	政策	財政・インフレ持続性監査	24	83	0.64	1.00	国家・金融・納税者・若者	財政不安↓ 制度信頼↑ 長期予見性↑	一時金と支援の財源、物価影響、対象公平性を継続監査し、金融システムを含む系の持続性が崩れた場合は自動補正する。
51	policy_search_with_sustain_hope_family	BP07	政策	希望経路の可視化と達成共有	30	83	0.76	1.00	若者・家族形成層・次世代コホート	希望↑ 連帯感↑ 自己効力感↑	住居、ケア、教育費、復帰キャリアが実際につながった事例を学校・企業・地域で共有し、少なくとも複数の代表エージェントが「自分たちでも未来を作れる」と感じる経路を観測する。
51	policy_search_with_sustain_hope_family	HP01	政策	若者希望経路保証	8	83	0.84	1.00	15-22歳・進学就職移行層	希望↑ 自己効力感↑ 将来予見性↑	学び、初職、地域プロジェクト、AI活用訓練を接続し、若者が5年後の役割を複数持てるようにする。特定進路の強制ではなく選べる経路を増やす。
51	policy_search_with_sustain_hope_family	HP02	政策	初職喪失リカバリー権	12	83	0.78	1.00	AI自動化影響層・非正規・無業	喪失感↓ 希望↑ 雇用安定↑	AIやロボ導入で初職や職域が狭まった人に、再訓練、職務経験、所得補償をセットで提供し、最初の失敗が人生全体の諦念にならないようにする。
51	policy_search_with_sustain_hope_family	HP03	政策	若者持分型地域プロジェクト	18	83	0.72	1.00	若者・地方・都市低所得層	連帯感↑ 希望↑ nat獲得↑	地域インフラ、ケア、教育、災害対応、文化活動の更新に若者が持分を持ち、参加が報酬と将来役割に接続する仕組みを作る。
51	policy_search_with_sustain_hope_family	HP04	政策	家族形成トライアル支援	20	83	0.76	1.00	23-40歳・将来家族形成層	子ども意向↑ 住居安定↑ 時間余力↑	同居、結婚、妊娠、出産、養育の前段階で、住居、時間、ケア、相談、医療アクセスを試せる支援を整え、後戻りできる安心を残す。
51	policy_search_with_sustain_hope_family	HP05	政策	子育て共同体・代替ケア網	22	83	0.80	1.00	子育て初期・ケア責任層・地域	子育て実行可能性↑ メンタル負荷↓ 連帯感↑	保育、病児対応、夜間支援、送迎、学習支援を地域と企業が共同で担い、親だけが壊れない構造を作る。
51	policy_search_with_sustain_hope_family	HP06	政策	若者発制度監査と異議申立	24	83	0.68	1.00	若者・低所得層・非婚非出産層	制度信頼↑ 裏切られ感↓ 反発↓	制度の対象外になった人、非婚・非出産を選ぶ人、低所得層が異議申し立てできる窓口を作り、施策が弱い人を材料にすることを防ぐ。
51	policy_search_with_sustain_hope_family	HP07	政策	希望不足時の条件監査	30	83	0.70	1.00	LLM観測対象	説明可能性↑ 副作用監査↑ 調整候補↑	デモ観測上、希望を持つ若者・家族形成層が十分に立ち上がらない場合に、どの構造条件が欠けたか、どの層で対象外感・政策疲労・財政不安が出たかを説明対象にする。感情を直接命令せず、経路・支援・信頼・副作用の条件で観測する。
51	policy_search_with_sustain_hope_family	HP08	政策	自動着金・仮払いセーフティ	8	83	0.86	1.00	若者・低中所得層・家族形成層	制度信頼↑ 不安↓ 生活防衛↓	申請から支給までの空白を減らすため、資格確認前の仮払い、あとから精算、異議申立を組み合わせる。支援が「いつか届く」ではなく「今つながる」経験になるようにする。
51	policy_search_with_sustain_hope_family	HP09	政策	若者住居・ケア即時枠	10	83	0.82	1.00	15-29歳・ケア責任層・無業非正規層	安心↑ 撤退圧↓ 希望↑	家を出られない、ケアで動けない、住居費で進路を選べない層に、短期住居、代替ケア、地域伴走を即時枠として用意し、社会からの逃避や長期離脱を防ぐ。
51	policy_search_with_sustain_hope_family	HP10	政策	家族形成条件の個別見通し面談	18	83	0.74	1.00	23-40歳・将来家族形成層・子育て初期	子ども意向↑ 将来予見性↑ 制度利用↑	結婚、妊娠、出産、育休、復帰、住居、教育費、介護との両立を個別ケースで見通せる面談と試算を行い、子どもを迎えたい人が「自分の場合に可能か」を判断できるようにする。
51	policy_search_with_sustain_hope_family	HP11	政策	初期成功ケースの透明公開	12	83	0.84	1.00	若者・家族形成層・制度不信層	制度信頼↑ 自己効力感↑ 希望↑	自動着金、短期住居、代替ケア、初職リカバリーで実際に立て直せた初期ケースを、個人を傷つけない匿名形式で公開する。制度が存在するだけでなく、使うと何が変わるかを確認できるようにする。
51	policy_search_with_sustain_hope_family	HP12	政策	若者・家族形成パーソナル予算枠	15	83	0.86	1.00	15-40歳・低中所得層・ケア責任層	将来予見性↑ 子ども意向↑ 生活防衛↓	住居、学び直し、ケア代替、医療相談、妊娠出産準備に使える5年単位の個人予算枠を付与し、転居や転職をしても権利が持ち運べるようにする。
51	policy_search_with_sustain_hope_family	HP13	政策	非対象者分断の補正説明	15	83	0.72	1.00	非婚非出産層・納税者・若者全体	反発↓ 制度信頼↑ 連帯感↑	家族形成支援を、出生数の押しつけではなく、住居、ケア、学び直し、孤立防止を含む共通インフラとして説明し、非対象者にも使える支援経路と異議申立を明示する。
51	policy_search_with_sustain_hope_family	HP14	政策	個別資格通知と即時予約	18	83	0.92	1.00	15-40歳・低中所得層・ケア責任層	制度利用↑ 将来予見性↑ 希望↑	対象者ごとに、自分が使える住居枠、学び直し予算、ケア代替、家族形成面談の予約可能日が通知される。抽象的な制度ではなく、本人のスマホや学校・職場窓口で具体的な次の一手を確認できる。
51	policy_search_with_sustain_hope_family	HP15	政策	初職・復帰の先行契約枠	18	83	0.84	1.00	若者・AI自動化影響層・子育て初期	雇用安定↑ 自己効力感↑ 生活防衛↓	自治体、企業、学校が連携し、AI活用職、ケア技術、地域更新、育休復帰の先行契約枠を公開する。研修中の所得補償と実務経験を結び、学び直しが空手形にならないようにする。
51	policy_search_with_sustain_hope_family	HP16	政策	子育て共同体の空き枠可視化	20	83	0.80	1.00	家族形成層・子育て初期・地域	子ども意向↑ 安心↑ 連帯感↑	保育、病児対応、夜間支援、送迎、学習支援、産後休息の空き枠を地域単位で可視化し、親だけで抱え込まない具体的な受け皿を見えるようにする。
51	policy_search_with_sustain_hope_family	HP17	社会反応	SNS希望反転と実体験共有	20	83	0.88	1.00	若者・家族形成層・SNS高感受性層	SNS不安↓ 連帯感↑ 希望↑	自動着金、住居即時枠、初職契約、代替ケアを実際に使った人の承諾済み体験談が広がり、「制度は遅いだけ」という認識に一部反例が生まれる。
51	policy_search_with_sustain_hope_family	HP18	政策	財政持続監査の初回クリア	20	83	0.82	1.00	国家・納税者・若者・家族形成層	財政不安↓ 制度信頼↑ 将来予見性↑	支援財源、物価影響、逆進性、非対象者補正の初回監査が公開され、持続性が崩れていないことと自動補正ルールが確認される。
51	policy_search_with_sustain_hope_family	HP19	政策	nat報酬の初回着金	20	83	0.90	1.00	若者・地域プロジェクト参加層・低中所得層	自己効力感↑ 希望↑ 制度利用↑	地域更新、ケア補助、学習支援、災害備えに参加した若者へ、初回のnat報酬が実際に着金する。社会を維持する行動が飯の種になる体験が生まれる。
51	policy_search_with_sustain_hope_family	HP20	政策	家族形成シミュレーション結果通知	22	83	0.84	1.00	23-40歳・将来家族形成層	子ども意向↑ 安心↑ 将来予見性↑	個別面談を受けた人に、住居、収入、ケア、産後休息、復帰キャリアを含む自分用の家族形成見通しが通知され、無理ならどの条件が足りないかも示される。
51	policy_search_with_sustain_hope_family	HP21	社会反応	希望ケースの地域拡張	31	83	0.92	1.00	若者・地方都市・低中所得層	希望↑ 連帯感↑ 制度信頼↑	初期成功が一部の特権ではなく、複数地域の高校、大学、専門学校、職場、地域プロジェクトに広がったことが可視化される。自分の近くにも使った人がいる状態になる。
51	policy_search_with_sustain_hope_family	HP22	政策	若者メンター・伴走紹介	31	83	0.84	1.00	15-29歳・進学就職移行層・無業非正規層	自己効力感↑ 相談↑ 希望↑	制度利用後に迷う若者へ、同年代または少し上のメンターが紹介される。情報収集だけで止まらず、応募、相談、転居、学び直し、地域参加の次の一手へつなぐ。
51	policy_search_with_sustain_hope_family	HP23	政策	家族形成初回利用の完了通知	35	83	0.86	1.00	23-40歳・将来家族形成層・子育て初期	子ども意向↑ 安心↑ 制度信頼↑	家族形成面談、保育/代替ケア予約、住居支援、復帰キャリア相談の初回利用が完了し、利用者に次回予約と不足条件が通知される。検討が抽象論から実行可能な段取りへ移る。
51	policy_search_with_sustain_hope_family	HP24	社会反応	希望継続コミュニティ	45	83	0.86	1.00	若者・家族形成層・地域	希望↑ 連帯感↑ 撤退圧↓	制度利用後の若者、家族形成層、地域プロジェクト参加者が、進捗、失敗、次の予約、報酬、ケア空き枠を共有する小さなコミュニティを作る。一回の希望を孤立させず、継続する場にする。
51	policy_search_with_sustain_hope_family	HP25	政策	家族形成2回目プラン確定	45	83	0.82	1.00	23-40歳・将来家族形成層	子ども意向↑ 将来予見性↑ 安心↑	初回面談後、住居、収入、ケア、医療、復帰キャリアの不足条件を反映した2回目プランが確定し、子どもを迎える/迎えない/まだ待つ判断を現実的に更新できる。
52	policy_search_with_sustain_hope_family	E07	ショック	介護需要急増	22	60	0.70	0.80	ケア責任層・地方・現役世代	ケア負担↑ 可処分時間↓ 希望↓	高齢化と家族介護の集中により、若者と現役世代の時間・所得・進路選択が圧迫される。
52	policy_search_with_sustain_hope_family	E09	ショック	汎用ロボティクス普及による身体労働再編	12	60	0.62	0.75	製造・物流・小売・介護周辺	雇用安定↓ 生活コスト圧力↑	物流、製造、清掃、飲食、建設、介護補助などの身体労働でロボット導入が進み、地域産業と現場職の再編不安が広がる。
52	policy_search_with_sustain_hope_family	P01	政策	若者住居安定パッケージ	10	83	0.70	1.00	非正規・無業・若年就業	住居安定↑ 希望↑	家賃補助・保証人代替・転居支援を組み合わせ、居住不安を緩和する。
52	policy_search_with_sustain_hope_family	P02	政策	奨学金負担軽減・所得連動返済	8	83	0.80	1.00	在学層・負債高層	可処分所得↑ 子ども意向↑	返済負担の平準化と減免を導入し、将来投資の先送りを抑制する。
52	policy_search_with_sustain_hope_family	P03	政策	社会持続活動nat報酬制度	12	83	0.85	1.00	全体	nat獲得↑ 希望↑	学校・地域・介護・防災・制度更新活動を報酬化し、役割喪失を防ぐ。
52	policy_search_with_sustain_hope_family	P05	政策	地域ケア就労の賃金底上げ	14	83	0.70	1.00	ケア責任層・地方	雇用安定↑ 制度信頼↑	ケア活動を社会基盤労働として扱い、賃金と社会的評価を引き上げる。
52	policy_search_with_sustain_hope_family	P06	政策	学び直し・移行雇用保証	16	83	0.78	1.00	非正規・無業・自動化影響層	雇用安定↑ 自己効力感↑	訓練と実務移行をセットで保証し、自動化ショックからの回復経路を提供する。
52	policy_search_with_sustain_hope_family	P07	政策	地方分散インフラ投資	20	83	0.65	1.00	地方層	住居安定↑ 希望↑	交通・医療・通信の更新により、地方での生活可能性を底上げする。
52	policy_search_with_sustain_hope_family	P08	政策	若年メンタルヘルス即時アクセス	9	83	0.72	1.00	高負荷層	メンタル負荷↓ 希望↑	心理支援への待機時間と費用障壁を下げ、長期離脱を防ぐ。
52	policy_search_with_sustain_hope_family	P09	政策	学校-企業-地域循環プロジェクト	18	83	0.68	1.00	在学層・若年就業	自己効力感↑ 制度信頼↑	学習内容と地域課題・雇用機会を連結し、努力の手応えを可視化する。
52	policy_search_with_sustain_hope_family	P10	政策	nat通貨の逆進性補正	30	83	0.60	1.00	低所得層中心	格差↓ 制度信頼↑	nat配分の偏りを是正し、参加機会の不公平を抑える再分配ルールを導入する。
52	policy_search_with_sustain_hope_family	P11	政策	介護ロボット・在宅支援普及	22	83	0.62	1.00	ケア責任層・地方・子育て初期	ケア負担↓ 可処分時間↑ 希望↑	介護ロボット、見守り、移乗支援、在宅医療接続を公共支援として広げ、家族ケアによる時間制約を緩和する。
52	policy_search_with_sustain_hope_family	BP01	政策	構造持続型出産一時金の上乗せ	15	60	0.82	1.00	子どもを望む家族形成層・将来家族形成層	子ども意向↑ 家計余力↑ 制度信頼↑	出生実績への成果報酬ではなく、望む人が子どもを迎えられる条件を整える目的で、妊娠・出産・初期育児の実費と所得喪失を一時金で緩衝する。
52	policy_search_with_sustain_hope_family	BP02	政策	産後休息・代替ケア保障	15	83	0.78	1.00	妊娠出産期・子育て初期・ケア責任層	時間余力↑ メンタル負荷↓ 出生圧力リスク↓	産後の休息、夜間支援、代替ケア、家事育児支援を公的に確保し、家族責任の固定化や母親だけへの負担集中を防ぐ。
52	policy_search_with_sustain_hope_family	BP03	政策	復帰キャリア・企業負担補正	18	83	0.70	1.00	企業・正規雇用・非正規雇用・子育て初期	雇用安定↑ 企業反発↓ 子ども意向↑	育休復帰、短時間勤務、配置転換、代替人員費を企業だけに背負わせず、構造持続会計で補正し、採用抑制や女性不利益を抑える。
52	policy_search_with_sustain_hope_family	BP04	政策	家族形成住居・教育費緩衝パッケージ	20	83	0.74	1.00	23-40歳・若者・低中所得層	住居安定↑ 教育費不安↓ 希望↑	住居、保育、教育費の長期不安を束ねて緩衝し、子どもを迎える判断が一時金だけで終わらないよう支える。
52	policy_search_with_sustain_hope_family	BP05	政策	出生非強制・監査ガードレール	15	83	0.68	1.00	全体	制度信頼↑ 反発↓ moral injury↓	非婚・非出産・単身・養育しない選択を不利益にせず、出生数ではなく選択可能条件を評価対象にする。若者の「産ませたいだけでは」という反発を監査する。
52	policy_search_with_sustain_hope_family	BP06	政策	財政・インフレ持続性監査	24	83	0.64	1.00	国家・金融・納税者・若者	財政不安↓ 制度信頼↑ 長期予見性↑	一時金と支援の財源、物価影響、対象公平性を継続監査し、金融システムを含む系の持続性が崩れた場合は自動補正する。
52	policy_search_with_sustain_hope_family	BP07	政策	希望経路の可視化と達成共有	30	83	0.76	1.00	若者・家族形成層・次世代コホート	希望↑ 連帯感↑ 自己効力感↑	住居、ケア、教育費、復帰キャリアが実際につながった事例を学校・企業・地域で共有し、少なくとも複数の代表エージェントが「自分たちでも未来を作れる」と感じる経路を観測する。
52	policy_search_with_sustain_hope_family	HP01	政策	若者希望経路保証	8	83	0.84	1.00	15-22歳・進学就職移行層	希望↑ 自己効力感↑ 将来予見性↑	学び、初職、地域プロジェクト、AI活用訓練を接続し、若者が5年後の役割を複数持てるようにする。特定進路の強制ではなく選べる経路を増やす。
52	policy_search_with_sustain_hope_family	HP02	政策	初職喪失リカバリー権	12	83	0.78	1.00	AI自動化影響層・非正規・無業	喪失感↓ 希望↑ 雇用安定↑	AIやロボ導入で初職や職域が狭まった人に、再訓練、職務経験、所得補償をセットで提供し、最初の失敗が人生全体の諦念にならないようにする。
52	policy_search_with_sustain_hope_family	HP03	政策	若者持分型地域プロジェクト	18	83	0.72	1.00	若者・地方・都市低所得層	連帯感↑ 希望↑ nat獲得↑	地域インフラ、ケア、教育、災害対応、文化活動の更新に若者が持分を持ち、参加が報酬と将来役割に接続する仕組みを作る。
52	policy_search_with_sustain_hope_family	HP04	政策	家族形成トライアル支援	20	83	0.76	1.00	23-40歳・将来家族形成層	子ども意向↑ 住居安定↑ 時間余力↑	同居、結婚、妊娠、出産、養育の前段階で、住居、時間、ケア、相談、医療アクセスを試せる支援を整え、後戻りできる安心を残す。
52	policy_search_with_sustain_hope_family	HP05	政策	子育て共同体・代替ケア網	22	83	0.80	1.00	子育て初期・ケア責任層・地域	子育て実行可能性↑ メンタル負荷↓ 連帯感↑	保育、病児対応、夜間支援、送迎、学習支援を地域と企業が共同で担い、親だけが壊れない構造を作る。
52	policy_search_with_sustain_hope_family	HP06	政策	若者発制度監査と異議申立	24	83	0.68	1.00	若者・低所得層・非婚非出産層	制度信頼↑ 裏切られ感↓ 反発↓	制度の対象外になった人、非婚・非出産を選ぶ人、低所得層が異議申し立てできる窓口を作り、施策が弱い人を材料にすることを防ぐ。
52	policy_search_with_sustain_hope_family	HP07	政策	希望不足時の条件監査	30	83	0.70	1.00	LLM観測対象	説明可能性↑ 副作用監査↑ 調整候補↑	デモ観測上、希望を持つ若者・家族形成層が十分に立ち上がらない場合に、どの構造条件が欠けたか、どの層で対象外感・政策疲労・財政不安が出たかを説明対象にする。感情を直接命令せず、経路・支援・信頼・副作用の条件で観測する。
52	policy_search_with_sustain_hope_family	HP08	政策	自動着金・仮払いセーフティ	8	83	0.86	1.00	若者・低中所得層・家族形成層	制度信頼↑ 不安↓ 生活防衛↓	申請から支給までの空白を減らすため、資格確認前の仮払い、あとから精算、異議申立を組み合わせる。支援が「いつか届く」ではなく「今つながる」経験になるようにする。
52	policy_search_with_sustain_hope_family	HP09	政策	若者住居・ケア即時枠	10	83	0.82	1.00	15-29歳・ケア責任層・無業非正規層	安心↑ 撤退圧↓ 希望↑	家を出られない、ケアで動けない、住居費で進路を選べない層に、短期住居、代替ケア、地域伴走を即時枠として用意し、社会からの逃避や長期離脱を防ぐ。
52	policy_search_with_sustain_hope_family	HP10	政策	家族形成条件の個別見通し面談	18	83	0.74	1.00	23-40歳・将来家族形成層・子育て初期	子ども意向↑ 将来予見性↑ 制度利用↑	結婚、妊娠、出産、育休、復帰、住居、教育費、介護との両立を個別ケースで見通せる面談と試算を行い、子どもを迎えたい人が「自分の場合に可能か」を判断できるようにする。
52	policy_search_with_sustain_hope_family	HP11	政策	初期成功ケースの透明公開	12	83	0.84	1.00	若者・家族形成層・制度不信層	制度信頼↑ 自己効力感↑ 希望↑	自動着金、短期住居、代替ケア、初職リカバリーで実際に立て直せた初期ケースを、個人を傷つけない匿名形式で公開する。制度が存在するだけでなく、使うと何が変わるかを確認できるようにする。
52	policy_search_with_sustain_hope_family	HP12	政策	若者・家族形成パーソナル予算枠	15	83	0.86	1.00	15-40歳・低中所得層・ケア責任層	将来予見性↑ 子ども意向↑ 生活防衛↓	住居、学び直し、ケア代替、医療相談、妊娠出産準備に使える5年単位の個人予算枠を付与し、転居や転職をしても権利が持ち運べるようにする。
52	policy_search_with_sustain_hope_family	HP13	政策	非対象者分断の補正説明	15	83	0.72	1.00	非婚非出産層・納税者・若者全体	反発↓ 制度信頼↑ 連帯感↑	家族形成支援を、出生数の押しつけではなく、住居、ケア、学び直し、孤立防止を含む共通インフラとして説明し、非対象者にも使える支援経路と異議申立を明示する。
52	policy_search_with_sustain_hope_family	HP14	政策	個別資格通知と即時予約	18	83	0.92	1.00	15-40歳・低中所得層・ケア責任層	制度利用↑ 将来予見性↑ 希望↑	対象者ごとに、自分が使える住居枠、学び直し予算、ケア代替、家族形成面談の予約可能日が通知される。抽象的な制度ではなく、本人のスマホや学校・職場窓口で具体的な次の一手を確認できる。
52	policy_search_with_sustain_hope_family	HP15	政策	初職・復帰の先行契約枠	18	83	0.84	1.00	若者・AI自動化影響層・子育て初期	雇用安定↑ 自己効力感↑ 生活防衛↓	自治体、企業、学校が連携し、AI活用職、ケア技術、地域更新、育休復帰の先行契約枠を公開する。研修中の所得補償と実務経験を結び、学び直しが空手形にならないようにする。
52	policy_search_with_sustain_hope_family	HP16	政策	子育て共同体の空き枠可視化	20	83	0.80	1.00	家族形成層・子育て初期・地域	子ども意向↑ 安心↑ 連帯感↑	保育、病児対応、夜間支援、送迎、学習支援、産後休息の空き枠を地域単位で可視化し、親だけで抱え込まない具体的な受け皿を見えるようにする。
52	policy_search_with_sustain_hope_family	HP17	社会反応	SNS希望反転と実体験共有	20	83	0.88	1.00	若者・家族形成層・SNS高感受性層	SNS不安↓ 連帯感↑ 希望↑	自動着金、住居即時枠、初職契約、代替ケアを実際に使った人の承諾済み体験談が広がり、「制度は遅いだけ」という認識に一部反例が生まれる。
52	policy_search_with_sustain_hope_family	HP18	政策	財政持続監査の初回クリア	20	83	0.82	1.00	国家・納税者・若者・家族形成層	財政不安↓ 制度信頼↑ 将来予見性↑	支援財源、物価影響、逆進性、非対象者補正の初回監査が公開され、持続性が崩れていないことと自動補正ルールが確認される。
52	policy_search_with_sustain_hope_family	HP19	政策	nat報酬の初回着金	20	83	0.90	1.00	若者・地域プロジェクト参加層・低中所得層	自己効力感↑ 希望↑ 制度利用↑	地域更新、ケア補助、学習支援、災害備えに参加した若者へ、初回のnat報酬が実際に着金する。社会を維持する行動が飯の種になる体験が生まれる。
52	policy_search_with_sustain_hope_family	HP20	政策	家族形成シミュレーション結果通知	22	83	0.84	1.00	23-40歳・将来家族形成層	子ども意向↑ 安心↑ 将来予見性↑	個別面談を受けた人に、住居、収入、ケア、産後休息、復帰キャリアを含む自分用の家族形成見通しが通知され、無理ならどの条件が足りないかも示される。
52	policy_search_with_sustain_hope_family	HP21	社会反応	希望ケースの地域拡張	31	83	0.92	1.00	若者・地方都市・低中所得層	希望↑ 連帯感↑ 制度信頼↑	初期成功が一部の特権ではなく、複数地域の高校、大学、専門学校、職場、地域プロジェクトに広がったことが可視化される。自分の近くにも使った人がいる状態になる。
52	policy_search_with_sustain_hope_family	HP22	政策	若者メンター・伴走紹介	31	83	0.84	1.00	15-29歳・進学就職移行層・無業非正規層	自己効力感↑ 相談↑ 希望↑	制度利用後に迷う若者へ、同年代または少し上のメンターが紹介される。情報収集だけで止まらず、応募、相談、転居、学び直し、地域参加の次の一手へつなぐ。
52	policy_search_with_sustain_hope_family	HP23	政策	家族形成初回利用の完了通知	35	83	0.86	1.00	23-40歳・将来家族形成層・子育て初期	子ども意向↑ 安心↑ 制度信頼↑	家族形成面談、保育/代替ケア予約、住居支援、復帰キャリア相談の初回利用が完了し、利用者に次回予約と不足条件が通知される。検討が抽象論から実行可能な段取りへ移る。
52	policy_search_with_sustain_hope_family	HP24	社会反応	希望継続コミュニティ	45	83	0.86	1.00	若者・家族形成層・地域	希望↑ 連帯感↑ 撤退圧↓	制度利用後の若者、家族形成層、地域プロジェクト参加者が、進捗、失敗、次の予約、報酬、ケア空き枠を共有する小さなコミュニティを作る。一回の希望を孤立させず、継続する場にする。
52	policy_search_with_sustain_hope_family	HP25	政策	家族形成2回目プラン確定	45	83	0.82	1.00	23-40歳・将来家族形成層	子ども意向↑ 将来予見性↑ 安心↑	初回面談後、住居、収入、ケア、医療、復帰キャリアの不足条件を反映した2回目プランが確定し、子どもを迎える/迎えない/まだ待つ判断を現実的に更新できる。
53	policy_search_with_sustain_hope_family	E07	ショック	介護需要急増	22	60	0.70	0.80	ケア責任層・地方・現役世代	ケア負担↑ 可処分時間↓ 希望↓	高齢化と家族介護の集中により、若者と現役世代の時間・所得・進路選択が圧迫される。
53	policy_search_with_sustain_hope_family	E09	ショック	汎用ロボティクス普及による身体労働再編	12	60	0.62	0.75	製造・物流・小売・介護周辺	雇用安定↓ 生活コスト圧力↑	物流、製造、清掃、飲食、建設、介護補助などの身体労働でロボット導入が進み、地域産業と現場職の再編不安が広がる。
53	policy_search_with_sustain_hope_family	P01	政策	若者住居安定パッケージ	10	83	0.70	1.00	非正規・無業・若年就業	住居安定↑ 希望↑	家賃補助・保証人代替・転居支援を組み合わせ、居住不安を緩和する。
53	policy_search_with_sustain_hope_family	P02	政策	奨学金負担軽減・所得連動返済	8	83	0.80	1.00	在学層・負債高層	可処分所得↑ 子ども意向↑	返済負担の平準化と減免を導入し、将来投資の先送りを抑制する。
53	policy_search_with_sustain_hope_family	P03	政策	社会持続活動nat報酬制度	12	83	0.85	1.00	全体	nat獲得↑ 希望↑	学校・地域・介護・防災・制度更新活動を報酬化し、役割喪失を防ぐ。
53	policy_search_with_sustain_hope_family	P05	政策	地域ケア就労の賃金底上げ	14	83	0.70	1.00	ケア責任層・地方	雇用安定↑ 制度信頼↑	ケア活動を社会基盤労働として扱い、賃金と社会的評価を引き上げる。
53	policy_search_with_sustain_hope_family	P06	政策	学び直し・移行雇用保証	16	83	0.78	1.00	非正規・無業・自動化影響層	雇用安定↑ 自己効力感↑	訓練と実務移行をセットで保証し、自動化ショックからの回復経路を提供する。
53	policy_search_with_sustain_hope_family	P07	政策	地方分散インフラ投資	20	83	0.65	1.00	地方層	住居安定↑ 希望↑	交通・医療・通信の更新により、地方での生活可能性を底上げする。
53	policy_search_with_sustain_hope_family	P08	政策	若年メンタルヘルス即時アクセス	9	83	0.72	1.00	高負荷層	メンタル負荷↓ 希望↑	心理支援への待機時間と費用障壁を下げ、長期離脱を防ぐ。
53	policy_search_with_sustain_hope_family	P09	政策	学校-企業-地域循環プロジェクト	18	83	0.68	1.00	在学層・若年就業	自己効力感↑ 制度信頼↑	学習内容と地域課題・雇用機会を連結し、努力の手応えを可視化する。
53	policy_search_with_sustain_hope_family	P10	政策	nat通貨の逆進性補正	30	83	0.60	1.00	低所得層中心	格差↓ 制度信頼↑	nat配分の偏りを是正し、参加機会の不公平を抑える再分配ルールを導入する。
53	policy_search_with_sustain_hope_family	P11	政策	介護ロボット・在宅支援普及	22	83	0.62	1.00	ケア責任層・地方・子育て初期	ケア負担↓ 可処分時間↑ 希望↑	介護ロボット、見守り、移乗支援、在宅医療接続を公共支援として広げ、家族ケアによる時間制約を緩和する。
53	policy_search_with_sustain_hope_family	BP01	政策	構造持続型出産一時金の上乗せ	15	60	0.82	1.00	子どもを望む家族形成層・将来家族形成層	子ども意向↑ 家計余力↑ 制度信頼↑	出生実績への成果報酬ではなく、望む人が子どもを迎えられる条件を整える目的で、妊娠・出産・初期育児の実費と所得喪失を一時金で緩衝する。
53	policy_search_with_sustain_hope_family	BP02	政策	産後休息・代替ケア保障	15	83	0.78	1.00	妊娠出産期・子育て初期・ケア責任層	時間余力↑ メンタル負荷↓ 出生圧力リスク↓	産後の休息、夜間支援、代替ケア、家事育児支援を公的に確保し、家族責任の固定化や母親だけへの負担集中を防ぐ。
53	policy_search_with_sustain_hope_family	BP03	政策	復帰キャリア・企業負担補正	18	83	0.70	1.00	企業・正規雇用・非正規雇用・子育て初期	雇用安定↑ 企業反発↓ 子ども意向↑	育休復帰、短時間勤務、配置転換、代替人員費を企業だけに背負わせず、構造持続会計で補正し、採用抑制や女性不利益を抑える。
53	policy_search_with_sustain_hope_family	BP04	政策	家族形成住居・教育費緩衝パッケージ	20	83	0.74	1.00	23-40歳・若者・低中所得層	住居安定↑ 教育費不安↓ 希望↑	住居、保育、教育費の長期不安を束ねて緩衝し、子どもを迎える判断が一時金だけで終わらないよう支える。
53	policy_search_with_sustain_hope_family	BP05	政策	出生非強制・監査ガードレール	15	83	0.68	1.00	全体	制度信頼↑ 反発↓ moral injury↓	非婚・非出産・単身・養育しない選択を不利益にせず、出生数ではなく選択可能条件を評価対象にする。若者の「産ませたいだけでは」という反発を監査する。
53	policy_search_with_sustain_hope_family	BP06	政策	財政・インフレ持続性監査	24	83	0.64	1.00	国家・金融・納税者・若者	財政不安↓ 制度信頼↑ 長期予見性↑	一時金と支援の財源、物価影響、対象公平性を継続監査し、金融システムを含む系の持続性が崩れた場合は自動補正する。
53	policy_search_with_sustain_hope_family	BP07	政策	希望経路の可視化と達成共有	30	83	0.76	1.00	若者・家族形成層・次世代コホート	希望↑ 連帯感↑ 自己効力感↑	住居、ケア、教育費、復帰キャリアが実際につながった事例を学校・企業・地域で共有し、少なくとも複数の代表エージェントが「自分たちでも未来を作れる」と感じる経路を観測する。
53	policy_search_with_sustain_hope_family	HP01	政策	若者希望経路保証	8	83	0.84	1.00	15-22歳・進学就職移行層	希望↑ 自己効力感↑ 将来予見性↑	学び、初職、地域プロジェクト、AI活用訓練を接続し、若者が5年後の役割を複数持てるようにする。特定進路の強制ではなく選べる経路を増やす。
53	policy_search_with_sustain_hope_family	HP02	政策	初職喪失リカバリー権	12	83	0.78	1.00	AI自動化影響層・非正規・無業	喪失感↓ 希望↑ 雇用安定↑	AIやロボ導入で初職や職域が狭まった人に、再訓練、職務経験、所得補償をセットで提供し、最初の失敗が人生全体の諦念にならないようにする。
53	policy_search_with_sustain_hope_family	HP03	政策	若者持分型地域プロジェクト	18	83	0.72	1.00	若者・地方・都市低所得層	連帯感↑ 希望↑ nat獲得↑	地域インフラ、ケア、教育、災害対応、文化活動の更新に若者が持分を持ち、参加が報酬と将来役割に接続する仕組みを作る。
53	policy_search_with_sustain_hope_family	HP04	政策	家族形成トライアル支援	20	83	0.76	1.00	23-40歳・将来家族形成層	子ども意向↑ 住居安定↑ 時間余力↑	同居、結婚、妊娠、出産、養育の前段階で、住居、時間、ケア、相談、医療アクセスを試せる支援を整え、後戻りできる安心を残す。
53	policy_search_with_sustain_hope_family	HP05	政策	子育て共同体・代替ケア網	22	83	0.80	1.00	子育て初期・ケア責任層・地域	子育て実行可能性↑ メンタル負荷↓ 連帯感↑	保育、病児対応、夜間支援、送迎、学習支援を地域と企業が共同で担い、親だけが壊れない構造を作る。
53	policy_search_with_sustain_hope_family	HP06	政策	若者発制度監査と異議申立	24	83	0.68	1.00	若者・低所得層・非婚非出産層	制度信頼↑ 裏切られ感↓ 反発↓	制度の対象外になった人、非婚・非出産を選ぶ人、低所得層が異議申し立てできる窓口を作り、施策が弱い人を材料にすることを防ぐ。
53	policy_search_with_sustain_hope_family	HP07	政策	希望不足時の条件監査	30	83	0.70	1.00	LLM観測対象	説明可能性↑ 副作用監査↑ 調整候補↑	デモ観測上、希望を持つ若者・家族形成層が十分に立ち上がらない場合に、どの構造条件が欠けたか、どの層で対象外感・政策疲労・財政不安が出たかを説明対象にする。感情を直接命令せず、経路・支援・信頼・副作用の条件で観測する。
53	policy_search_with_sustain_hope_family	HP08	政策	自動着金・仮払いセーフティ	8	83	0.86	1.00	若者・低中所得層・家族形成層	制度信頼↑ 不安↓ 生活防衛↓	申請から支給までの空白を減らすため、資格確認前の仮払い、あとから精算、異議申立を組み合わせる。支援が「いつか届く」ではなく「今つながる」経験になるようにする。
53	policy_search_with_sustain_hope_family	HP09	政策	若者住居・ケア即時枠	10	83	0.82	1.00	15-29歳・ケア責任層・無業非正規層	安心↑ 撤退圧↓ 希望↑	家を出られない、ケアで動けない、住居費で進路を選べない層に、短期住居、代替ケア、地域伴走を即時枠として用意し、社会からの逃避や長期離脱を防ぐ。
53	policy_search_with_sustain_hope_family	HP10	政策	家族形成条件の個別見通し面談	18	83	0.74	1.00	23-40歳・将来家族形成層・子育て初期	子ども意向↑ 将来予見性↑ 制度利用↑	結婚、妊娠、出産、育休、復帰、住居、教育費、介護との両立を個別ケースで見通せる面談と試算を行い、子どもを迎えたい人が「自分の場合に可能か」を判断できるようにする。
53	policy_search_with_sustain_hope_family	HP11	政策	初期成功ケースの透明公開	12	83	0.84	1.00	若者・家族形成層・制度不信層	制度信頼↑ 自己効力感↑ 希望↑	自動着金、短期住居、代替ケア、初職リカバリーで実際に立て直せた初期ケースを、個人を傷つけない匿名形式で公開する。制度が存在するだけでなく、使うと何が変わるかを確認できるようにする。
53	policy_search_with_sustain_hope_family	HP12	政策	若者・家族形成パーソナル予算枠	15	83	0.86	1.00	15-40歳・低中所得層・ケア責任層	将来予見性↑ 子ども意向↑ 生活防衛↓	住居、学び直し、ケア代替、医療相談、妊娠出産準備に使える5年単位の個人予算枠を付与し、転居や転職をしても権利が持ち運べるようにする。
53	policy_search_with_sustain_hope_family	HP13	政策	非対象者分断の補正説明	15	83	0.72	1.00	非婚非出産層・納税者・若者全体	反発↓ 制度信頼↑ 連帯感↑	家族形成支援を、出生数の押しつけではなく、住居、ケア、学び直し、孤立防止を含む共通インフラとして説明し、非対象者にも使える支援経路と異議申立を明示する。
53	policy_search_with_sustain_hope_family	HP14	政策	個別資格通知と即時予約	18	83	0.92	1.00	15-40歳・低中所得層・ケア責任層	制度利用↑ 将来予見性↑ 希望↑	対象者ごとに、自分が使える住居枠、学び直し予算、ケア代替、家族形成面談の予約可能日が通知される。抽象的な制度ではなく、本人のスマホや学校・職場窓口で具体的な次の一手を確認できる。
53	policy_search_with_sustain_hope_family	HP15	政策	初職・復帰の先行契約枠	18	83	0.84	1.00	若者・AI自動化影響層・子育て初期	雇用安定↑ 自己効力感↑ 生活防衛↓	自治体、企業、学校が連携し、AI活用職、ケア技術、地域更新、育休復帰の先行契約枠を公開する。研修中の所得補償と実務経験を結び、学び直しが空手形にならないようにする。
53	policy_search_with_sustain_hope_family	HP16	政策	子育て共同体の空き枠可視化	20	83	0.80	1.00	家族形成層・子育て初期・地域	子ども意向↑ 安心↑ 連帯感↑	保育、病児対応、夜間支援、送迎、学習支援、産後休息の空き枠を地域単位で可視化し、親だけで抱え込まない具体的な受け皿を見えるようにする。
53	policy_search_with_sustain_hope_family	HP17	社会反応	SNS希望反転と実体験共有	20	83	0.88	1.00	若者・家族形成層・SNS高感受性層	SNS不安↓ 連帯感↑ 希望↑	自動着金、住居即時枠、初職契約、代替ケアを実際に使った人の承諾済み体験談が広がり、「制度は遅いだけ」という認識に一部反例が生まれる。
53	policy_search_with_sustain_hope_family	HP18	政策	財政持続監査の初回クリア	20	83	0.82	1.00	国家・納税者・若者・家族形成層	財政不安↓ 制度信頼↑ 将来予見性↑	支援財源、物価影響、逆進性、非対象者補正の初回監査が公開され、持続性が崩れていないことと自動補正ルールが確認される。
53	policy_search_with_sustain_hope_family	HP19	政策	nat報酬の初回着金	20	83	0.90	1.00	若者・地域プロジェクト参加層・低中所得層	自己効力感↑ 希望↑ 制度利用↑	地域更新、ケア補助、学習支援、災害備えに参加した若者へ、初回のnat報酬が実際に着金する。社会を維持する行動が飯の種になる体験が生まれる。
53	policy_search_with_sustain_hope_family	HP20	政策	家族形成シミュレーション結果通知	22	83	0.84	1.00	23-40歳・将来家族形成層	子ども意向↑ 安心↑ 将来予見性↑	個別面談を受けた人に、住居、収入、ケア、産後休息、復帰キャリアを含む自分用の家族形成見通しが通知され、無理ならどの条件が足りないかも示される。
53	policy_search_with_sustain_hope_family	HP21	社会反応	希望ケースの地域拡張	31	83	0.92	1.00	若者・地方都市・低中所得層	希望↑ 連帯感↑ 制度信頼↑	初期成功が一部の特権ではなく、複数地域の高校、大学、専門学校、職場、地域プロジェクトに広がったことが可視化される。自分の近くにも使った人がいる状態になる。
53	policy_search_with_sustain_hope_family	HP22	政策	若者メンター・伴走紹介	31	83	0.84	1.00	15-29歳・進学就職移行層・無業非正規層	自己効力感↑ 相談↑ 希望↑	制度利用後に迷う若者へ、同年代または少し上のメンターが紹介される。情報収集だけで止まらず、応募、相談、転居、学び直し、地域参加の次の一手へつなぐ。
53	policy_search_with_sustain_hope_family	HP23	政策	家族形成初回利用の完了通知	35	83	0.86	1.00	23-40歳・将来家族形成層・子育て初期	子ども意向↑ 安心↑ 制度信頼↑	家族形成面談、保育/代替ケア予約、住居支援、復帰キャリア相談の初回利用が完了し、利用者に次回予約と不足条件が通知される。検討が抽象論から実行可能な段取りへ移る。
53	policy_search_with_sustain_hope_family	HP24	社会反応	希望継続コミュニティ	45	83	0.86	1.00	若者・家族形成層・地域	希望↑ 連帯感↑ 撤退圧↓	制度利用後の若者、家族形成層、地域プロジェクト参加者が、進捗、失敗、次の予約、報酬、ケア空き枠を共有する小さなコミュニティを作る。一回の希望を孤立させず、継続する場にする。
53	policy_search_with_sustain_hope_family	HP25	政策	家族形成2回目プラン確定	45	83	0.82	1.00	23-40歳・将来家族形成層	子ども意向↑ 将来予見性↑ 安心↑	初回面談後、住居、収入、ケア、医療、復帰キャリアの不足条件を反映した2回目プランが確定し、子どもを迎える/迎えない/まだ待つ判断を現実的に更新できる。
54	policy_search_with_sustain_hope_family	E07	ショック	介護需要急増	22	60	0.70	0.80	ケア責任層・地方・現役世代	ケア負担↑ 可処分時間↓ 希望↓	高齢化と家族介護の集中により、若者と現役世代の時間・所得・進路選択が圧迫される。
54	policy_search_with_sustain_hope_family	E09	ショック	汎用ロボティクス普及による身体労働再編	12	60	0.62	0.75	製造・物流・小売・介護周辺	雇用安定↓ 生活コスト圧力↑	物流、製造、清掃、飲食、建設、介護補助などの身体労働でロボット導入が進み、地域産業と現場職の再編不安が広がる。
54	policy_search_with_sustain_hope_family	P01	政策	若者住居安定パッケージ	10	83	0.70	1.00	非正規・無業・若年就業	住居安定↑ 希望↑	家賃補助・保証人代替・転居支援を組み合わせ、居住不安を緩和する。
54	policy_search_with_sustain_hope_family	P02	政策	奨学金負担軽減・所得連動返済	8	83	0.80	1.00	在学層・負債高層	可処分所得↑ 子ども意向↑	返済負担の平準化と減免を導入し、将来投資の先送りを抑制する。
54	policy_search_with_sustain_hope_family	P03	政策	社会持続活動nat報酬制度	12	83	0.85	1.00	全体	nat獲得↑ 希望↑	学校・地域・介護・防災・制度更新活動を報酬化し、役割喪失を防ぐ。
54	policy_search_with_sustain_hope_family	P05	政策	地域ケア就労の賃金底上げ	14	83	0.70	1.00	ケア責任層・地方	雇用安定↑ 制度信頼↑	ケア活動を社会基盤労働として扱い、賃金と社会的評価を引き上げる。
54	policy_search_with_sustain_hope_family	P06	政策	学び直し・移行雇用保証	16	83	0.78	1.00	非正規・無業・自動化影響層	雇用安定↑ 自己効力感↑	訓練と実務移行をセットで保証し、自動化ショックからの回復経路を提供する。
54	policy_search_with_sustain_hope_family	P07	政策	地方分散インフラ投資	20	83	0.65	1.00	地方層	住居安定↑ 希望↑	交通・医療・通信の更新により、地方での生活可能性を底上げする。
54	policy_search_with_sustain_hope_family	P08	政策	若年メンタルヘルス即時アクセス	9	83	0.72	1.00	高負荷層	メンタル負荷↓ 希望↑	心理支援への待機時間と費用障壁を下げ、長期離脱を防ぐ。
54	policy_search_with_sustain_hope_family	P09	政策	学校-企業-地域循環プロジェクト	18	83	0.68	1.00	在学層・若年就業	自己効力感↑ 制度信頼↑	学習内容と地域課題・雇用機会を連結し、努力の手応えを可視化する。
54	policy_search_with_sustain_hope_family	P10	政策	nat通貨の逆進性補正	30	83	0.60	1.00	低所得層中心	格差↓ 制度信頼↑	nat配分の偏りを是正し、参加機会の不公平を抑える再分配ルールを導入する。
54	policy_search_with_sustain_hope_family	P11	政策	介護ロボット・在宅支援普及	22	83	0.62	1.00	ケア責任層・地方・子育て初期	ケア負担↓ 可処分時間↑ 希望↑	介護ロボット、見守り、移乗支援、在宅医療接続を公共支援として広げ、家族ケアによる時間制約を緩和する。
54	policy_search_with_sustain_hope_family	BP01	政策	構造持続型出産一時金の上乗せ	15	60	0.82	1.00	子どもを望む家族形成層・将来家族形成層	子ども意向↑ 家計余力↑ 制度信頼↑	出生実績への成果報酬ではなく、望む人が子どもを迎えられる条件を整える目的で、妊娠・出産・初期育児の実費と所得喪失を一時金で緩衝する。
54	policy_search_with_sustain_hope_family	BP02	政策	産後休息・代替ケア保障	15	83	0.78	1.00	妊娠出産期・子育て初期・ケア責任層	時間余力↑ メンタル負荷↓ 出生圧力リスク↓	産後の休息、夜間支援、代替ケア、家事育児支援を公的に確保し、家族責任の固定化や母親だけへの負担集中を防ぐ。
54	policy_search_with_sustain_hope_family	BP03	政策	復帰キャリア・企業負担補正	18	83	0.70	1.00	企業・正規雇用・非正規雇用・子育て初期	雇用安定↑ 企業反発↓ 子ども意向↑	育休復帰、短時間勤務、配置転換、代替人員費を企業だけに背負わせず、構造持続会計で補正し、採用抑制や女性不利益を抑える。
54	policy_search_with_sustain_hope_family	BP04	政策	家族形成住居・教育費緩衝パッケージ	20	83	0.74	1.00	23-40歳・若者・低中所得層	住居安定↑ 教育費不安↓ 希望↑	住居、保育、教育費の長期不安を束ねて緩衝し、子どもを迎える判断が一時金だけで終わらないよう支える。
54	policy_search_with_sustain_hope_family	BP05	政策	出生非強制・監査ガードレール	15	83	0.68	1.00	全体	制度信頼↑ 反発↓ moral injury↓	非婚・非出産・単身・養育しない選択を不利益にせず、出生数ではなく選択可能条件を評価対象にする。若者の「産ませたいだけでは」という反発を監査する。
54	policy_search_with_sustain_hope_family	BP06	政策	財政・インフレ持続性監査	24	83	0.64	1.00	国家・金融・納税者・若者	財政不安↓ 制度信頼↑ 長期予見性↑	一時金と支援の財源、物価影響、対象公平性を継続監査し、金融システムを含む系の持続性が崩れた場合は自動補正する。
54	policy_search_with_sustain_hope_family	BP07	政策	希望経路の可視化と達成共有	30	83	0.76	1.00	若者・家族形成層・次世代コホート	希望↑ 連帯感↑ 自己効力感↑	住居、ケア、教育費、復帰キャリアが実際につながった事例を学校・企業・地域で共有し、少なくとも複数の代表エージェントが「自分たちでも未来を作れる」と感じる経路を観測する。
54	policy_search_with_sustain_hope_family	HP01	政策	若者希望経路保証	8	83	0.84	1.00	15-22歳・進学就職移行層	希望↑ 自己効力感↑ 将来予見性↑	学び、初職、地域プロジェクト、AI活用訓練を接続し、若者が5年後の役割を複数持てるようにする。特定進路の強制ではなく選べる経路を増やす。
54	policy_search_with_sustain_hope_family	HP02	政策	初職喪失リカバリー権	12	83	0.78	1.00	AI自動化影響層・非正規・無業	喪失感↓ 希望↑ 雇用安定↑	AIやロボ導入で初職や職域が狭まった人に、再訓練、職務経験、所得補償をセットで提供し、最初の失敗が人生全体の諦念にならないようにする。
54	policy_search_with_sustain_hope_family	HP03	政策	若者持分型地域プロジェクト	18	83	0.72	1.00	若者・地方・都市低所得層	連帯感↑ 希望↑ nat獲得↑	地域インフラ、ケア、教育、災害対応、文化活動の更新に若者が持分を持ち、参加が報酬と将来役割に接続する仕組みを作る。
54	policy_search_with_sustain_hope_family	HP04	政策	家族形成トライアル支援	20	83	0.76	1.00	23-40歳・将来家族形成層	子ども意向↑ 住居安定↑ 時間余力↑	同居、結婚、妊娠、出産、養育の前段階で、住居、時間、ケア、相談、医療アクセスを試せる支援を整え、後戻りできる安心を残す。
54	policy_search_with_sustain_hope_family	HP05	政策	子育て共同体・代替ケア網	22	83	0.80	1.00	子育て初期・ケア責任層・地域	子育て実行可能性↑ メンタル負荷↓ 連帯感↑	保育、病児対応、夜間支援、送迎、学習支援を地域と企業が共同で担い、親だけが壊れない構造を作る。
54	policy_search_with_sustain_hope_family	HP06	政策	若者発制度監査と異議申立	24	83	0.68	1.00	若者・低所得層・非婚非出産層	制度信頼↑ 裏切られ感↓ 反発↓	制度の対象外になった人、非婚・非出産を選ぶ人、低所得層が異議申し立てできる窓口を作り、施策が弱い人を材料にすることを防ぐ。
54	policy_search_with_sustain_hope_family	HP07	政策	希望不足時の条件監査	30	83	0.70	1.00	LLM観測対象	説明可能性↑ 副作用監査↑ 調整候補↑	デモ観測上、希望を持つ若者・家族形成層が十分に立ち上がらない場合に、どの構造条件が欠けたか、どの層で対象外感・政策疲労・財政不安が出たかを説明対象にする。感情を直接命令せず、経路・支援・信頼・副作用の条件で観測する。
54	policy_search_with_sustain_hope_family	HP08	政策	自動着金・仮払いセーフティ	8	83	0.86	1.00	若者・低中所得層・家族形成層	制度信頼↑ 不安↓ 生活防衛↓	申請から支給までの空白を減らすため、資格確認前の仮払い、あとから精算、異議申立を組み合わせる。支援が「いつか届く」ではなく「今つながる」経験になるようにする。
54	policy_search_with_sustain_hope_family	HP09	政策	若者住居・ケア即時枠	10	83	0.82	1.00	15-29歳・ケア責任層・無業非正規層	安心↑ 撤退圧↓ 希望↑	家を出られない、ケアで動けない、住居費で進路を選べない層に、短期住居、代替ケア、地域伴走を即時枠として用意し、社会からの逃避や長期離脱を防ぐ。
54	policy_search_with_sustain_hope_family	HP10	政策	家族形成条件の個別見通し面談	18	83	0.74	1.00	23-40歳・将来家族形成層・子育て初期	子ども意向↑ 将来予見性↑ 制度利用↑	結婚、妊娠、出産、育休、復帰、住居、教育費、介護との両立を個別ケースで見通せる面談と試算を行い、子どもを迎えたい人が「自分の場合に可能か」を判断できるようにする。
54	policy_search_with_sustain_hope_family	HP11	政策	初期成功ケースの透明公開	12	83	0.84	1.00	若者・家族形成層・制度不信層	制度信頼↑ 自己効力感↑ 希望↑	自動着金、短期住居、代替ケア、初職リカバリーで実際に立て直せた初期ケースを、個人を傷つけない匿名形式で公開する。制度が存在するだけでなく、使うと何が変わるかを確認できるようにする。
54	policy_search_with_sustain_hope_family	HP12	政策	若者・家族形成パーソナル予算枠	15	83	0.86	1.00	15-40歳・低中所得層・ケア責任層	将来予見性↑ 子ども意向↑ 生活防衛↓	住居、学び直し、ケア代替、医療相談、妊娠出産準備に使える5年単位の個人予算枠を付与し、転居や転職をしても権利が持ち運べるようにする。
54	policy_search_with_sustain_hope_family	HP13	政策	非対象者分断の補正説明	15	83	0.72	1.00	非婚非出産層・納税者・若者全体	反発↓ 制度信頼↑ 連帯感↑	家族形成支援を、出生数の押しつけではなく、住居、ケア、学び直し、孤立防止を含む共通インフラとして説明し、非対象者にも使える支援経路と異議申立を明示する。
54	policy_search_with_sustain_hope_family	HP14	政策	個別資格通知と即時予約	18	83	0.92	1.00	15-40歳・低中所得層・ケア責任層	制度利用↑ 将来予見性↑ 希望↑	対象者ごとに、自分が使える住居枠、学び直し予算、ケア代替、家族形成面談の予約可能日が通知される。抽象的な制度ではなく、本人のスマホや学校・職場窓口で具体的な次の一手を確認できる。
54	policy_search_with_sustain_hope_family	HP15	政策	初職・復帰の先行契約枠	18	83	0.84	1.00	若者・AI自動化影響層・子育て初期	雇用安定↑ 自己効力感↑ 生活防衛↓	自治体、企業、学校が連携し、AI活用職、ケア技術、地域更新、育休復帰の先行契約枠を公開する。研修中の所得補償と実務経験を結び、学び直しが空手形にならないようにする。
54	policy_search_with_sustain_hope_family	HP16	政策	子育て共同体の空き枠可視化	20	83	0.80	1.00	家族形成層・子育て初期・地域	子ども意向↑ 安心↑ 連帯感↑	保育、病児対応、夜間支援、送迎、学習支援、産後休息の空き枠を地域単位で可視化し、親だけで抱え込まない具体的な受け皿を見えるようにする。
54	policy_search_with_sustain_hope_family	HP17	社会反応	SNS希望反転と実体験共有	20	83	0.88	1.00	若者・家族形成層・SNS高感受性層	SNS不安↓ 連帯感↑ 希望↑	自動着金、住居即時枠、初職契約、代替ケアを実際に使った人の承諾済み体験談が広がり、「制度は遅いだけ」という認識に一部反例が生まれる。
54	policy_search_with_sustain_hope_family	HP18	政策	財政持続監査の初回クリア	20	83	0.82	1.00	国家・納税者・若者・家族形成層	財政不安↓ 制度信頼↑ 将来予見性↑	支援財源、物価影響、逆進性、非対象者補正の初回監査が公開され、持続性が崩れていないことと自動補正ルールが確認される。
54	policy_search_with_sustain_hope_family	HP19	政策	nat報酬の初回着金	20	83	0.90	1.00	若者・地域プロジェクト参加層・低中所得層	自己効力感↑ 希望↑ 制度利用↑	地域更新、ケア補助、学習支援、災害備えに参加した若者へ、初回のnat報酬が実際に着金する。社会を維持する行動が飯の種になる体験が生まれる。
54	policy_search_with_sustain_hope_family	HP20	政策	家族形成シミュレーション結果通知	22	83	0.84	1.00	23-40歳・将来家族形成層	子ども意向↑ 安心↑ 将来予見性↑	個別面談を受けた人に、住居、収入、ケア、産後休息、復帰キャリアを含む自分用の家族形成見通しが通知され、無理ならどの条件が足りないかも示される。
54	policy_search_with_sustain_hope_family	HP21	社会反応	希望ケースの地域拡張	31	83	0.92	1.00	若者・地方都市・低中所得層	希望↑ 連帯感↑ 制度信頼↑	初期成功が一部の特権ではなく、複数地域の高校、大学、専門学校、職場、地域プロジェクトに広がったことが可視化される。自分の近くにも使った人がいる状態になる。
54	policy_search_with_sustain_hope_family	HP22	政策	若者メンター・伴走紹介	31	83	0.84	1.00	15-29歳・進学就職移行層・無業非正規層	自己効力感↑ 相談↑ 希望↑	制度利用後に迷う若者へ、同年代または少し上のメンターが紹介される。情報収集だけで止まらず、応募、相談、転居、学び直し、地域参加の次の一手へつなぐ。
54	policy_search_with_sustain_hope_family	HP23	政策	家族形成初回利用の完了通知	35	83	0.86	1.00	23-40歳・将来家族形成層・子育て初期	子ども意向↑ 安心↑ 制度信頼↑	家族形成面談、保育/代替ケア予約、住居支援、復帰キャリア相談の初回利用が完了し、利用者に次回予約と不足条件が通知される。検討が抽象論から実行可能な段取りへ移る。
54	policy_search_with_sustain_hope_family	HP24	社会反応	希望継続コミュニティ	45	83	0.86	1.00	若者・家族形成層・地域	希望↑ 連帯感↑ 撤退圧↓	制度利用後の若者、家族形成層、地域プロジェクト参加者が、進捗、失敗、次の予約、報酬、ケア空き枠を共有する小さなコミュニティを作る。一回の希望を孤立させず、継続する場にする。
54	policy_search_with_sustain_hope_family	HP25	政策	家族形成2回目プラン確定	45	83	0.82	1.00	23-40歳・将来家族形成層	子ども意向↑ 将来予見性↑ 安心↑	初回面談後、住居、収入、ケア、医療、復帰キャリアの不足条件を反映した2回目プランが確定し、子どもを迎える/迎えない/まだ待つ判断を現実的に更新できる。
55	policy_search_with_sustain_hope_family	E07	ショック	介護需要急増	22	60	0.70	0.80	ケア責任層・地方・現役世代	ケア負担↑ 可処分時間↓ 希望↓	高齢化と家族介護の集中により、若者と現役世代の時間・所得・進路選択が圧迫される。
55	policy_search_with_sustain_hope_family	E09	ショック	汎用ロボティクス普及による身体労働再編	12	60	0.62	0.75	製造・物流・小売・介護周辺	雇用安定↓ 生活コスト圧力↑	物流、製造、清掃、飲食、建設、介護補助などの身体労働でロボット導入が進み、地域産業と現場職の再編不安が広がる。
55	policy_search_with_sustain_hope_family	P01	政策	若者住居安定パッケージ	10	83	0.70	1.00	非正規・無業・若年就業	住居安定↑ 希望↑	家賃補助・保証人代替・転居支援を組み合わせ、居住不安を緩和する。
55	policy_search_with_sustain_hope_family	P02	政策	奨学金負担軽減・所得連動返済	8	83	0.80	1.00	在学層・負債高層	可処分所得↑ 子ども意向↑	返済負担の平準化と減免を導入し、将来投資の先送りを抑制する。
55	policy_search_with_sustain_hope_family	P03	政策	社会持続活動nat報酬制度	12	83	0.85	1.00	全体	nat獲得↑ 希望↑	学校・地域・介護・防災・制度更新活動を報酬化し、役割喪失を防ぐ。
55	policy_search_with_sustain_hope_family	P05	政策	地域ケア就労の賃金底上げ	14	83	0.70	1.00	ケア責任層・地方	雇用安定↑ 制度信頼↑	ケア活動を社会基盤労働として扱い、賃金と社会的評価を引き上げる。
55	policy_search_with_sustain_hope_family	P06	政策	学び直し・移行雇用保証	16	83	0.78	1.00	非正規・無業・自動化影響層	雇用安定↑ 自己効力感↑	訓練と実務移行をセットで保証し、自動化ショックからの回復経路を提供する。
55	policy_search_with_sustain_hope_family	P07	政策	地方分散インフラ投資	20	83	0.65	1.00	地方層	住居安定↑ 希望↑	交通・医療・通信の更新により、地方での生活可能性を底上げする。
55	policy_search_with_sustain_hope_family	P08	政策	若年メンタルヘルス即時アクセス	9	83	0.72	1.00	高負荷層	メンタル負荷↓ 希望↑	心理支援への待機時間と費用障壁を下げ、長期離脱を防ぐ。
55	policy_search_with_sustain_hope_family	P09	政策	学校-企業-地域循環プロジェクト	18	83	0.68	1.00	在学層・若年就業	自己効力感↑ 制度信頼↑	学習内容と地域課題・雇用機会を連結し、努力の手応えを可視化する。
55	policy_search_with_sustain_hope_family	P10	政策	nat通貨の逆進性補正	30	83	0.60	1.00	低所得層中心	格差↓ 制度信頼↑	nat配分の偏りを是正し、参加機会の不公平を抑える再分配ルールを導入する。
55	policy_search_with_sustain_hope_family	P11	政策	介護ロボット・在宅支援普及	22	83	0.62	1.00	ケア責任層・地方・子育て初期	ケア負担↓ 可処分時間↑ 希望↑	介護ロボット、見守り、移乗支援、在宅医療接続を公共支援として広げ、家族ケアによる時間制約を緩和する。
55	policy_search_with_sustain_hope_family	BP01	政策	構造持続型出産一時金の上乗せ	15	60	0.82	1.00	子どもを望む家族形成層・将来家族形成層	子ども意向↑ 家計余力↑ 制度信頼↑	出生実績への成果報酬ではなく、望む人が子どもを迎えられる条件を整える目的で、妊娠・出産・初期育児の実費と所得喪失を一時金で緩衝する。
55	policy_search_with_sustain_hope_family	BP02	政策	産後休息・代替ケア保障	15	83	0.78	1.00	妊娠出産期・子育て初期・ケア責任層	時間余力↑ メンタル負荷↓ 出生圧力リスク↓	産後の休息、夜間支援、代替ケア、家事育児支援を公的に確保し、家族責任の固定化や母親だけへの負担集中を防ぐ。
55	policy_search_with_sustain_hope_family	BP03	政策	復帰キャリア・企業負担補正	18	83	0.70	1.00	企業・正規雇用・非正規雇用・子育て初期	雇用安定↑ 企業反発↓ 子ども意向↑	育休復帰、短時間勤務、配置転換、代替人員費を企業だけに背負わせず、構造持続会計で補正し、採用抑制や女性不利益を抑える。
55	policy_search_with_sustain_hope_family	BP04	政策	家族形成住居・教育費緩衝パッケージ	20	83	0.74	1.00	23-40歳・若者・低中所得層	住居安定↑ 教育費不安↓ 希望↑	住居、保育、教育費の長期不安を束ねて緩衝し、子どもを迎える判断が一時金だけで終わらないよう支える。
55	policy_search_with_sustain_hope_family	BP05	政策	出生非強制・監査ガードレール	15	83	0.68	1.00	全体	制度信頼↑ 反発↓ moral injury↓	非婚・非出産・単身・養育しない選択を不利益にせず、出生数ではなく選択可能条件を評価対象にする。若者の「産ませたいだけでは」という反発を監査する。
55	policy_search_with_sustain_hope_family	BP06	政策	財政・インフレ持続性監査	24	83	0.64	1.00	国家・金融・納税者・若者	財政不安↓ 制度信頼↑ 長期予見性↑	一時金と支援の財源、物価影響、対象公平性を継続監査し、金融システムを含む系の持続性が崩れた場合は自動補正する。
55	policy_search_with_sustain_hope_family	BP07	政策	希望経路の可視化と達成共有	30	83	0.76	1.00	若者・家族形成層・次世代コホート	希望↑ 連帯感↑ 自己効力感↑	住居、ケア、教育費、復帰キャリアが実際につながった事例を学校・企業・地域で共有し、少なくとも複数の代表エージェントが「自分たちでも未来を作れる」と感じる経路を観測する。
55	policy_search_with_sustain_hope_family	HP01	政策	若者希望経路保証	8	83	0.84	1.00	15-22歳・進学就職移行層	希望↑ 自己効力感↑ 将来予見性↑	学び、初職、地域プロジェクト、AI活用訓練を接続し、若者が5年後の役割を複数持てるようにする。特定進路の強制ではなく選べる経路を増やす。
55	policy_search_with_sustain_hope_family	HP02	政策	初職喪失リカバリー権	12	83	0.78	1.00	AI自動化影響層・非正規・無業	喪失感↓ 希望↑ 雇用安定↑	AIやロボ導入で初職や職域が狭まった人に、再訓練、職務経験、所得補償をセットで提供し、最初の失敗が人生全体の諦念にならないようにする。
55	policy_search_with_sustain_hope_family	HP03	政策	若者持分型地域プロジェクト	18	83	0.72	1.00	若者・地方・都市低所得層	連帯感↑ 希望↑ nat獲得↑	地域インフラ、ケア、教育、災害対応、文化活動の更新に若者が持分を持ち、参加が報酬と将来役割に接続する仕組みを作る。
55	policy_search_with_sustain_hope_family	HP04	政策	家族形成トライアル支援	20	83	0.76	1.00	23-40歳・将来家族形成層	子ども意向↑ 住居安定↑ 時間余力↑	同居、結婚、妊娠、出産、養育の前段階で、住居、時間、ケア、相談、医療アクセスを試せる支援を整え、後戻りできる安心を残す。
55	policy_search_with_sustain_hope_family	HP05	政策	子育て共同体・代替ケア網	22	83	0.80	1.00	子育て初期・ケア責任層・地域	子育て実行可能性↑ メンタル負荷↓ 連帯感↑	保育、病児対応、夜間支援、送迎、学習支援を地域と企業が共同で担い、親だけが壊れない構造を作る。
55	policy_search_with_sustain_hope_family	HP06	政策	若者発制度監査と異議申立	24	83	0.68	1.00	若者・低所得層・非婚非出産層	制度信頼↑ 裏切られ感↓ 反発↓	制度の対象外になった人、非婚・非出産を選ぶ人、低所得層が異議申し立てできる窓口を作り、施策が弱い人を材料にすることを防ぐ。
55	policy_search_with_sustain_hope_family	HP07	政策	希望不足時の条件監査	30	83	0.70	1.00	LLM観測対象	説明可能性↑ 副作用監査↑ 調整候補↑	デモ観測上、希望を持つ若者・家族形成層が十分に立ち上がらない場合に、どの構造条件が欠けたか、どの層で対象外感・政策疲労・財政不安が出たかを説明対象にする。感情を直接命令せず、経路・支援・信頼・副作用の条件で観測する。
55	policy_search_with_sustain_hope_family	HP08	政策	自動着金・仮払いセーフティ	8	83	0.86	1.00	若者・低中所得層・家族形成層	制度信頼↑ 不安↓ 生活防衛↓	申請から支給までの空白を減らすため、資格確認前の仮払い、あとから精算、異議申立を組み合わせる。支援が「いつか届く」ではなく「今つながる」経験になるようにする。
55	policy_search_with_sustain_hope_family	HP09	政策	若者住居・ケア即時枠	10	83	0.82	1.00	15-29歳・ケア責任層・無業非正規層	安心↑ 撤退圧↓ 希望↑	家を出られない、ケアで動けない、住居費で進路を選べない層に、短期住居、代替ケア、地域伴走を即時枠として用意し、社会からの逃避や長期離脱を防ぐ。
55	policy_search_with_sustain_hope_family	HP10	政策	家族形成条件の個別見通し面談	18	83	0.74	1.00	23-40歳・将来家族形成層・子育て初期	子ども意向↑ 将来予見性↑ 制度利用↑	結婚、妊娠、出産、育休、復帰、住居、教育費、介護との両立を個別ケースで見通せる面談と試算を行い、子どもを迎えたい人が「自分の場合に可能か」を判断できるようにする。
55	policy_search_with_sustain_hope_family	HP11	政策	初期成功ケースの透明公開	12	83	0.84	1.00	若者・家族形成層・制度不信層	制度信頼↑ 自己効力感↑ 希望↑	自動着金、短期住居、代替ケア、初職リカバリーで実際に立て直せた初期ケースを、個人を傷つけない匿名形式で公開する。制度が存在するだけでなく、使うと何が変わるかを確認できるようにする。
55	policy_search_with_sustain_hope_family	HP12	政策	若者・家族形成パーソナル予算枠	15	83	0.86	1.00	15-40歳・低中所得層・ケア責任層	将来予見性↑ 子ども意向↑ 生活防衛↓	住居、学び直し、ケア代替、医療相談、妊娠出産準備に使える5年単位の個人予算枠を付与し、転居や転職をしても権利が持ち運べるようにする。
55	policy_search_with_sustain_hope_family	HP13	政策	非対象者分断の補正説明	15	83	0.72	1.00	非婚非出産層・納税者・若者全体	反発↓ 制度信頼↑ 連帯感↑	家族形成支援を、出生数の押しつけではなく、住居、ケア、学び直し、孤立防止を含む共通インフラとして説明し、非対象者にも使える支援経路と異議申立を明示する。
55	policy_search_with_sustain_hope_family	HP14	政策	個別資格通知と即時予約	18	83	0.92	1.00	15-40歳・低中所得層・ケア責任層	制度利用↑ 将来予見性↑ 希望↑	対象者ごとに、自分が使える住居枠、学び直し予算、ケア代替、家族形成面談の予約可能日が通知される。抽象的な制度ではなく、本人のスマホや学校・職場窓口で具体的な次の一手を確認できる。
55	policy_search_with_sustain_hope_family	HP15	政策	初職・復帰の先行契約枠	18	83	0.84	1.00	若者・AI自動化影響層・子育て初期	雇用安定↑ 自己効力感↑ 生活防衛↓	自治体、企業、学校が連携し、AI活用職、ケア技術、地域更新、育休復帰の先行契約枠を公開する。研修中の所得補償と実務経験を結び、学び直しが空手形にならないようにする。
55	policy_search_with_sustain_hope_family	HP16	政策	子育て共同体の空き枠可視化	20	83	0.80	1.00	家族形成層・子育て初期・地域	子ども意向↑ 安心↑ 連帯感↑	保育、病児対応、夜間支援、送迎、学習支援、産後休息の空き枠を地域単位で可視化し、親だけで抱え込まない具体的な受け皿を見えるようにする。
55	policy_search_with_sustain_hope_family	HP17	社会反応	SNS希望反転と実体験共有	20	83	0.88	1.00	若者・家族形成層・SNS高感受性層	SNS不安↓ 連帯感↑ 希望↑	自動着金、住居即時枠、初職契約、代替ケアを実際に使った人の承諾済み体験談が広がり、「制度は遅いだけ」という認識に一部反例が生まれる。
55	policy_search_with_sustain_hope_family	HP18	政策	財政持続監査の初回クリア	20	83	0.82	1.00	国家・納税者・若者・家族形成層	財政不安↓ 制度信頼↑ 将来予見性↑	支援財源、物価影響、逆進性、非対象者補正の初回監査が公開され、持続性が崩れていないことと自動補正ルールが確認される。
55	policy_search_with_sustain_hope_family	HP19	政策	nat報酬の初回着金	20	83	0.90	1.00	若者・地域プロジェクト参加層・低中所得層	自己効力感↑ 希望↑ 制度利用↑	地域更新、ケア補助、学習支援、災害備えに参加した若者へ、初回のnat報酬が実際に着金する。社会を維持する行動が飯の種になる体験が生まれる。
55	policy_search_with_sustain_hope_family	HP20	政策	家族形成シミュレーション結果通知	22	83	0.84	1.00	23-40歳・将来家族形成層	子ども意向↑ 安心↑ 将来予見性↑	個別面談を受けた人に、住居、収入、ケア、産後休息、復帰キャリアを含む自分用の家族形成見通しが通知され、無理ならどの条件が足りないかも示される。
55	policy_search_with_sustain_hope_family	HP21	社会反応	希望ケースの地域拡張	31	83	0.92	1.00	若者・地方都市・低中所得層	希望↑ 連帯感↑ 制度信頼↑	初期成功が一部の特権ではなく、複数地域の高校、大学、専門学校、職場、地域プロジェクトに広がったことが可視化される。自分の近くにも使った人がいる状態になる。
55	policy_search_with_sustain_hope_family	HP22	政策	若者メンター・伴走紹介	31	83	0.84	1.00	15-29歳・進学就職移行層・無業非正規層	自己効力感↑ 相談↑ 希望↑	制度利用後に迷う若者へ、同年代または少し上のメンターが紹介される。情報収集だけで止まらず、応募、相談、転居、学び直し、地域参加の次の一手へつなぐ。
55	policy_search_with_sustain_hope_family	HP23	政策	家族形成初回利用の完了通知	35	83	0.86	1.00	23-40歳・将来家族形成層・子育て初期	子ども意向↑ 安心↑ 制度信頼↑	家族形成面談、保育/代替ケア予約、住居支援、復帰キャリア相談の初回利用が完了し、利用者に次回予約と不足条件が通知される。検討が抽象論から実行可能な段取りへ移る。
55	policy_search_with_sustain_hope_family	HP24	社会反応	希望継続コミュニティ	45	83	0.86	1.00	若者・家族形成層・地域	希望↑ 連帯感↑ 撤退圧↓	制度利用後の若者、家族形成層、地域プロジェクト参加者が、進捗、失敗、次の予約、報酬、ケア空き枠を共有する小さなコミュニティを作る。一回の希望を孤立させず、継続する場にする。
55	policy_search_with_sustain_hope_family	HP25	政策	家族形成2回目プラン確定	45	83	0.82	1.00	23-40歳・将来家族形成層	子ども意向↑ 将来予見性↑ 安心↑	初回面談後、住居、収入、ケア、医療、復帰キャリアの不足条件を反映した2回目プランが確定し、子どもを迎える/迎えない/まだ待つ判断を現実的に更新できる。
56	policy_search_with_sustain_hope_family	E07	ショック	介護需要急増	22	60	0.70	0.80	ケア責任層・地方・現役世代	ケア負担↑ 可処分時間↓ 希望↓	高齢化と家族介護の集中により、若者と現役世代の時間・所得・進路選択が圧迫される。
56	policy_search_with_sustain_hope_family	E09	ショック	汎用ロボティクス普及による身体労働再編	12	60	0.62	0.75	製造・物流・小売・介護周辺	雇用安定↓ 生活コスト圧力↑	物流、製造、清掃、飲食、建設、介護補助などの身体労働でロボット導入が進み、地域産業と現場職の再編不安が広がる。
56	policy_search_with_sustain_hope_family	P01	政策	若者住居安定パッケージ	10	83	0.70	1.00	非正規・無業・若年就業	住居安定↑ 希望↑	家賃補助・保証人代替・転居支援を組み合わせ、居住不安を緩和する。
56	policy_search_with_sustain_hope_family	P02	政策	奨学金負担軽減・所得連動返済	8	83	0.80	1.00	在学層・負債高層	可処分所得↑ 子ども意向↑	返済負担の平準化と減免を導入し、将来投資の先送りを抑制する。
56	policy_search_with_sustain_hope_family	P03	政策	社会持続活動nat報酬制度	12	83	0.85	1.00	全体	nat獲得↑ 希望↑	学校・地域・介護・防災・制度更新活動を報酬化し、役割喪失を防ぐ。
56	policy_search_with_sustain_hope_family	P05	政策	地域ケア就労の賃金底上げ	14	83	0.70	1.00	ケア責任層・地方	雇用安定↑ 制度信頼↑	ケア活動を社会基盤労働として扱い、賃金と社会的評価を引き上げる。
56	policy_search_with_sustain_hope_family	P06	政策	学び直し・移行雇用保証	16	83	0.78	1.00	非正規・無業・自動化影響層	雇用安定↑ 自己効力感↑	訓練と実務移行をセットで保証し、自動化ショックからの回復経路を提供する。
56	policy_search_with_sustain_hope_family	P07	政策	地方分散インフラ投資	20	83	0.65	1.00	地方層	住居安定↑ 希望↑	交通・医療・通信の更新により、地方での生活可能性を底上げする。
56	policy_search_with_sustain_hope_family	P08	政策	若年メンタルヘルス即時アクセス	9	83	0.72	1.00	高負荷層	メンタル負荷↓ 希望↑	心理支援への待機時間と費用障壁を下げ、長期離脱を防ぐ。
56	policy_search_with_sustain_hope_family	P09	政策	学校-企業-地域循環プロジェクト	18	83	0.68	1.00	在学層・若年就業	自己効力感↑ 制度信頼↑	学習内容と地域課題・雇用機会を連結し、努力の手応えを可視化する。
56	policy_search_with_sustain_hope_family	P10	政策	nat通貨の逆進性補正	30	83	0.60	1.00	低所得層中心	格差↓ 制度信頼↑	nat配分の偏りを是正し、参加機会の不公平を抑える再分配ルールを導入する。
56	policy_search_with_sustain_hope_family	P11	政策	介護ロボット・在宅支援普及	22	83	0.62	1.00	ケア責任層・地方・子育て初期	ケア負担↓ 可処分時間↑ 希望↑	介護ロボット、見守り、移乗支援、在宅医療接続を公共支援として広げ、家族ケアによる時間制約を緩和する。
56	policy_search_with_sustain_hope_family	BP01	政策	構造持続型出産一時金の上乗せ	15	60	0.82	1.00	子どもを望む家族形成層・将来家族形成層	子ども意向↑ 家計余力↑ 制度信頼↑	出生実績への成果報酬ではなく、望む人が子どもを迎えられる条件を整える目的で、妊娠・出産・初期育児の実費と所得喪失を一時金で緩衝する。
56	policy_search_with_sustain_hope_family	BP02	政策	産後休息・代替ケア保障	15	83	0.78	1.00	妊娠出産期・子育て初期・ケア責任層	時間余力↑ メンタル負荷↓ 出生圧力リスク↓	産後の休息、夜間支援、代替ケア、家事育児支援を公的に確保し、家族責任の固定化や母親だけへの負担集中を防ぐ。
56	policy_search_with_sustain_hope_family	BP03	政策	復帰キャリア・企業負担補正	18	83	0.70	1.00	企業・正規雇用・非正規雇用・子育て初期	雇用安定↑ 企業反発↓ 子ども意向↑	育休復帰、短時間勤務、配置転換、代替人員費を企業だけに背負わせず、構造持続会計で補正し、採用抑制や女性不利益を抑える。
56	policy_search_with_sustain_hope_family	BP04	政策	家族形成住居・教育費緩衝パッケージ	20	83	0.74	1.00	23-40歳・若者・低中所得層	住居安定↑ 教育費不安↓ 希望↑	住居、保育、教育費の長期不安を束ねて緩衝し、子どもを迎える判断が一時金だけで終わらないよう支える。
56	policy_search_with_sustain_hope_family	BP05	政策	出生非強制・監査ガードレール	15	83	0.68	1.00	全体	制度信頼↑ 反発↓ moral injury↓	非婚・非出産・単身・養育しない選択を不利益にせず、出生数ではなく選択可能条件を評価対象にする。若者の「産ませたいだけでは」という反発を監査する。
56	policy_search_with_sustain_hope_family	BP06	政策	財政・インフレ持続性監査	24	83	0.64	1.00	国家・金融・納税者・若者	財政不安↓ 制度信頼↑ 長期予見性↑	一時金と支援の財源、物価影響、対象公平性を継続監査し、金融システムを含む系の持続性が崩れた場合は自動補正する。
56	policy_search_with_sustain_hope_family	BP07	政策	希望経路の可視化と達成共有	30	83	0.76	1.00	若者・家族形成層・次世代コホート	希望↑ 連帯感↑ 自己効力感↑	住居、ケア、教育費、復帰キャリアが実際につながった事例を学校・企業・地域で共有し、少なくとも複数の代表エージェントが「自分たちでも未来を作れる」と感じる経路を観測する。
56	policy_search_with_sustain_hope_family	HP01	政策	若者希望経路保証	8	83	0.84	1.00	15-22歳・進学就職移行層	希望↑ 自己効力感↑ 将来予見性↑	学び、初職、地域プロジェクト、AI活用訓練を接続し、若者が5年後の役割を複数持てるようにする。特定進路の強制ではなく選べる経路を増やす。
56	policy_search_with_sustain_hope_family	HP02	政策	初職喪失リカバリー権	12	83	0.78	1.00	AI自動化影響層・非正規・無業	喪失感↓ 希望↑ 雇用安定↑	AIやロボ導入で初職や職域が狭まった人に、再訓練、職務経験、所得補償をセットで提供し、最初の失敗が人生全体の諦念にならないようにする。
56	policy_search_with_sustain_hope_family	HP03	政策	若者持分型地域プロジェクト	18	83	0.72	1.00	若者・地方・都市低所得層	連帯感↑ 希望↑ nat獲得↑	地域インフラ、ケア、教育、災害対応、文化活動の更新に若者が持分を持ち、参加が報酬と将来役割に接続する仕組みを作る。
56	policy_search_with_sustain_hope_family	HP04	政策	家族形成トライアル支援	20	83	0.76	1.00	23-40歳・将来家族形成層	子ども意向↑ 住居安定↑ 時間余力↑	同居、結婚、妊娠、出産、養育の前段階で、住居、時間、ケア、相談、医療アクセスを試せる支援を整え、後戻りできる安心を残す。
56	policy_search_with_sustain_hope_family	HP05	政策	子育て共同体・代替ケア網	22	83	0.80	1.00	子育て初期・ケア責任層・地域	子育て実行可能性↑ メンタル負荷↓ 連帯感↑	保育、病児対応、夜間支援、送迎、学習支援を地域と企業が共同で担い、親だけが壊れない構造を作る。
56	policy_search_with_sustain_hope_family	HP06	政策	若者発制度監査と異議申立	24	83	0.68	1.00	若者・低所得層・非婚非出産層	制度信頼↑ 裏切られ感↓ 反発↓	制度の対象外になった人、非婚・非出産を選ぶ人、低所得層が異議申し立てできる窓口を作り、施策が弱い人を材料にすることを防ぐ。
56	policy_search_with_sustain_hope_family	HP07	政策	希望不足時の条件監査	30	83	0.70	1.00	LLM観測対象	説明可能性↑ 副作用監査↑ 調整候補↑	デモ観測上、希望を持つ若者・家族形成層が十分に立ち上がらない場合に、どの構造条件が欠けたか、どの層で対象外感・政策疲労・財政不安が出たかを説明対象にする。感情を直接命令せず、経路・支援・信頼・副作用の条件で観測する。
56	policy_search_with_sustain_hope_family	HP08	政策	自動着金・仮払いセーフティ	8	83	0.86	1.00	若者・低中所得層・家族形成層	制度信頼↑ 不安↓ 生活防衛↓	申請から支給までの空白を減らすため、資格確認前の仮払い、あとから精算、異議申立を組み合わせる。支援が「いつか届く」ではなく「今つながる」経験になるようにする。
56	policy_search_with_sustain_hope_family	HP09	政策	若者住居・ケア即時枠	10	83	0.82	1.00	15-29歳・ケア責任層・無業非正規層	安心↑ 撤退圧↓ 希望↑	家を出られない、ケアで動けない、住居費で進路を選べない層に、短期住居、代替ケア、地域伴走を即時枠として用意し、社会からの逃避や長期離脱を防ぐ。
56	policy_search_with_sustain_hope_family	HP10	政策	家族形成条件の個別見通し面談	18	83	0.74	1.00	23-40歳・将来家族形成層・子育て初期	子ども意向↑ 将来予見性↑ 制度利用↑	結婚、妊娠、出産、育休、復帰、住居、教育費、介護との両立を個別ケースで見通せる面談と試算を行い、子どもを迎えたい人が「自分の場合に可能か」を判断できるようにする。
56	policy_search_with_sustain_hope_family	HP11	政策	初期成功ケースの透明公開	12	83	0.84	1.00	若者・家族形成層・制度不信層	制度信頼↑ 自己効力感↑ 希望↑	自動着金、短期住居、代替ケア、初職リカバリーで実際に立て直せた初期ケースを、個人を傷つけない匿名形式で公開する。制度が存在するだけでなく、使うと何が変わるかを確認できるようにする。
56	policy_search_with_sustain_hope_family	HP12	政策	若者・家族形成パーソナル予算枠	15	83	0.86	1.00	15-40歳・低中所得層・ケア責任層	将来予見性↑ 子ども意向↑ 生活防衛↓	住居、学び直し、ケア代替、医療相談、妊娠出産準備に使える5年単位の個人予算枠を付与し、転居や転職をしても権利が持ち運べるようにする。
56	policy_search_with_sustain_hope_family	HP13	政策	非対象者分断の補正説明	15	83	0.72	1.00	非婚非出産層・納税者・若者全体	反発↓ 制度信頼↑ 連帯感↑	家族形成支援を、出生数の押しつけではなく、住居、ケア、学び直し、孤立防止を含む共通インフラとして説明し、非対象者にも使える支援経路と異議申立を明示する。
56	policy_search_with_sustain_hope_family	HP14	政策	個別資格通知と即時予約	18	83	0.92	1.00	15-40歳・低中所得層・ケア責任層	制度利用↑ 将来予見性↑ 希望↑	対象者ごとに、自分が使える住居枠、学び直し予算、ケア代替、家族形成面談の予約可能日が通知される。抽象的な制度ではなく、本人のスマホや学校・職場窓口で具体的な次の一手を確認できる。
56	policy_search_with_sustain_hope_family	HP15	政策	初職・復帰の先行契約枠	18	83	0.84	1.00	若者・AI自動化影響層・子育て初期	雇用安定↑ 自己効力感↑ 生活防衛↓	自治体、企業、学校が連携し、AI活用職、ケア技術、地域更新、育休復帰の先行契約枠を公開する。研修中の所得補償と実務経験を結び、学び直しが空手形にならないようにする。
56	policy_search_with_sustain_hope_family	HP16	政策	子育て共同体の空き枠可視化	20	83	0.80	1.00	家族形成層・子育て初期・地域	子ども意向↑ 安心↑ 連帯感↑	保育、病児対応、夜間支援、送迎、学習支援、産後休息の空き枠を地域単位で可視化し、親だけで抱え込まない具体的な受け皿を見えるようにする。
56	policy_search_with_sustain_hope_family	HP17	社会反応	SNS希望反転と実体験共有	20	83	0.88	1.00	若者・家族形成層・SNS高感受性層	SNS不安↓ 連帯感↑ 希望↑	自動着金、住居即時枠、初職契約、代替ケアを実際に使った人の承諾済み体験談が広がり、「制度は遅いだけ」という認識に一部反例が生まれる。
56	policy_search_with_sustain_hope_family	HP18	政策	財政持続監査の初回クリア	20	83	0.82	1.00	国家・納税者・若者・家族形成層	財政不安↓ 制度信頼↑ 将来予見性↑	支援財源、物価影響、逆進性、非対象者補正の初回監査が公開され、持続性が崩れていないことと自動補正ルールが確認される。
56	policy_search_with_sustain_hope_family	HP19	政策	nat報酬の初回着金	20	83	0.90	1.00	若者・地域プロジェクト参加層・低中所得層	自己効力感↑ 希望↑ 制度利用↑	地域更新、ケア補助、学習支援、災害備えに参加した若者へ、初回のnat報酬が実際に着金する。社会を維持する行動が飯の種になる体験が生まれる。
56	policy_search_with_sustain_hope_family	HP20	政策	家族形成シミュレーション結果通知	22	83	0.84	1.00	23-40歳・将来家族形成層	子ども意向↑ 安心↑ 将来予見性↑	個別面談を受けた人に、住居、収入、ケア、産後休息、復帰キャリアを含む自分用の家族形成見通しが通知され、無理ならどの条件が足りないかも示される。
56	policy_search_with_sustain_hope_family	HP21	社会反応	希望ケースの地域拡張	31	83	0.92	1.00	若者・地方都市・低中所得層	希望↑ 連帯感↑ 制度信頼↑	初期成功が一部の特権ではなく、複数地域の高校、大学、専門学校、職場、地域プロジェクトに広がったことが可視化される。自分の近くにも使った人がいる状態になる。
56	policy_search_with_sustain_hope_family	HP22	政策	若者メンター・伴走紹介	31	83	0.84	1.00	15-29歳・進学就職移行層・無業非正規層	自己効力感↑ 相談↑ 希望↑	制度利用後に迷う若者へ、同年代または少し上のメンターが紹介される。情報収集だけで止まらず、応募、相談、転居、学び直し、地域参加の次の一手へつなぐ。
56	policy_search_with_sustain_hope_family	HP23	政策	家族形成初回利用の完了通知	35	83	0.86	1.00	23-40歳・将来家族形成層・子育て初期	子ども意向↑ 安心↑ 制度信頼↑	家族形成面談、保育/代替ケア予約、住居支援、復帰キャリア相談の初回利用が完了し、利用者に次回予約と不足条件が通知される。検討が抽象論から実行可能な段取りへ移る。
56	policy_search_with_sustain_hope_family	HP24	社会反応	希望継続コミュニティ	45	83	0.86	1.00	若者・家族形成層・地域	希望↑ 連帯感↑ 撤退圧↓	制度利用後の若者、家族形成層、地域プロジェクト参加者が、進捗、失敗、次の予約、報酬、ケア空き枠を共有する小さなコミュニティを作る。一回の希望を孤立させず、継続する場にする。
56	policy_search_with_sustain_hope_family	HP25	政策	家族形成2回目プラン確定	45	83	0.82	1.00	23-40歳・将来家族形成層	子ども意向↑ 将来予見性↑ 安心↑	初回面談後、住居、収入、ケア、医療、復帰キャリアの不足条件を反映した2回目プランが確定し、子どもを迎える/迎えない/まだ待つ判断を現実的に更新できる。
57	policy_search_with_sustain_hope_family	E07	ショック	介護需要急増	22	60	0.70	0.80	ケア責任層・地方・現役世代	ケア負担↑ 可処分時間↓ 希望↓	高齢化と家族介護の集中により、若者と現役世代の時間・所得・進路選択が圧迫される。
57	policy_search_with_sustain_hope_family	E09	ショック	汎用ロボティクス普及による身体労働再編	12	60	0.62	0.75	製造・物流・小売・介護周辺	雇用安定↓ 生活コスト圧力↑	物流、製造、清掃、飲食、建設、介護補助などの身体労働でロボット導入が進み、地域産業と現場職の再編不安が広がる。
57	policy_search_with_sustain_hope_family	P01	政策	若者住居安定パッケージ	10	83	0.70	1.00	非正規・無業・若年就業	住居安定↑ 希望↑	家賃補助・保証人代替・転居支援を組み合わせ、居住不安を緩和する。
57	policy_search_with_sustain_hope_family	P02	政策	奨学金負担軽減・所得連動返済	8	83	0.80	1.00	在学層・負債高層	可処分所得↑ 子ども意向↑	返済負担の平準化と減免を導入し、将来投資の先送りを抑制する。
57	policy_search_with_sustain_hope_family	P03	政策	社会持続活動nat報酬制度	12	83	0.85	1.00	全体	nat獲得↑ 希望↑	学校・地域・介護・防災・制度更新活動を報酬化し、役割喪失を防ぐ。
57	policy_search_with_sustain_hope_family	P05	政策	地域ケア就労の賃金底上げ	14	83	0.70	1.00	ケア責任層・地方	雇用安定↑ 制度信頼↑	ケア活動を社会基盤労働として扱い、賃金と社会的評価を引き上げる。
57	policy_search_with_sustain_hope_family	P06	政策	学び直し・移行雇用保証	16	83	0.78	1.00	非正規・無業・自動化影響層	雇用安定↑ 自己効力感↑	訓練と実務移行をセットで保証し、自動化ショックからの回復経路を提供する。
57	policy_search_with_sustain_hope_family	P07	政策	地方分散インフラ投資	20	83	0.65	1.00	地方層	住居安定↑ 希望↑	交通・医療・通信の更新により、地方での生活可能性を底上げする。
57	policy_search_with_sustain_hope_family	P08	政策	若年メンタルヘルス即時アクセス	9	83	0.72	1.00	高負荷層	メンタル負荷↓ 希望↑	心理支援への待機時間と費用障壁を下げ、長期離脱を防ぐ。
57	policy_search_with_sustain_hope_family	P09	政策	学校-企業-地域循環プロジェクト	18	83	0.68	1.00	在学層・若年就業	自己効力感↑ 制度信頼↑	学習内容と地域課題・雇用機会を連結し、努力の手応えを可視化する。
57	policy_search_with_sustain_hope_family	P10	政策	nat通貨の逆進性補正	30	83	0.60	1.00	低所得層中心	格差↓ 制度信頼↑	nat配分の偏りを是正し、参加機会の不公平を抑える再分配ルールを導入する。
57	policy_search_with_sustain_hope_family	P11	政策	介護ロボット・在宅支援普及	22	83	0.62	1.00	ケア責任層・地方・子育て初期	ケア負担↓ 可処分時間↑ 希望↑	介護ロボット、見守り、移乗支援、在宅医療接続を公共支援として広げ、家族ケアによる時間制約を緩和する。
57	policy_search_with_sustain_hope_family	BP01	政策	構造持続型出産一時金の上乗せ	15	60	0.82	1.00	子どもを望む家族形成層・将来家族形成層	子ども意向↑ 家計余力↑ 制度信頼↑	出生実績への成果報酬ではなく、望む人が子どもを迎えられる条件を整える目的で、妊娠・出産・初期育児の実費と所得喪失を一時金で緩衝する。
57	policy_search_with_sustain_hope_family	BP02	政策	産後休息・代替ケア保障	15	83	0.78	1.00	妊娠出産期・子育て初期・ケア責任層	時間余力↑ メンタル負荷↓ 出生圧力リスク↓	産後の休息、夜間支援、代替ケア、家事育児支援を公的に確保し、家族責任の固定化や母親だけへの負担集中を防ぐ。
57	policy_search_with_sustain_hope_family	BP03	政策	復帰キャリア・企業負担補正	18	83	0.70	1.00	企業・正規雇用・非正規雇用・子育て初期	雇用安定↑ 企業反発↓ 子ども意向↑	育休復帰、短時間勤務、配置転換、代替人員費を企業だけに背負わせず、構造持続会計で補正し、採用抑制や女性不利益を抑える。
57	policy_search_with_sustain_hope_family	BP04	政策	家族形成住居・教育費緩衝パッケージ	20	83	0.74	1.00	23-40歳・若者・低中所得層	住居安定↑ 教育費不安↓ 希望↑	住居、保育、教育費の長期不安を束ねて緩衝し、子どもを迎える判断が一時金だけで終わらないよう支える。
57	policy_search_with_sustain_hope_family	BP05	政策	出生非強制・監査ガードレール	15	83	0.68	1.00	全体	制度信頼↑ 反発↓ moral injury↓	非婚・非出産・単身・養育しない選択を不利益にせず、出生数ではなく選択可能条件を評価対象にする。若者の「産ませたいだけでは」という反発を監査する。
57	policy_search_with_sustain_hope_family	BP06	政策	財政・インフレ持続性監査	24	83	0.64	1.00	国家・金融・納税者・若者	財政不安↓ 制度信頼↑ 長期予見性↑	一時金と支援の財源、物価影響、対象公平性を継続監査し、金融システムを含む系の持続性が崩れた場合は自動補正する。
57	policy_search_with_sustain_hope_family	BP07	政策	希望経路の可視化と達成共有	30	83	0.76	1.00	若者・家族形成層・次世代コホート	希望↑ 連帯感↑ 自己効力感↑	住居、ケア、教育費、復帰キャリアが実際につながった事例を学校・企業・地域で共有し、少なくとも複数の代表エージェントが「自分たちでも未来を作れる」と感じる経路を観測する。
57	policy_search_with_sustain_hope_family	HP01	政策	若者希望経路保証	8	83	0.84	1.00	15-22歳・進学就職移行層	希望↑ 自己効力感↑ 将来予見性↑	学び、初職、地域プロジェクト、AI活用訓練を接続し、若者が5年後の役割を複数持てるようにする。特定進路の強制ではなく選べる経路を増やす。
57	policy_search_with_sustain_hope_family	HP02	政策	初職喪失リカバリー権	12	83	0.78	1.00	AI自動化影響層・非正規・無業	喪失感↓ 希望↑ 雇用安定↑	AIやロボ導入で初職や職域が狭まった人に、再訓練、職務経験、所得補償をセットで提供し、最初の失敗が人生全体の諦念にならないようにする。
57	policy_search_with_sustain_hope_family	HP03	政策	若者持分型地域プロジェクト	18	83	0.72	1.00	若者・地方・都市低所得層	連帯感↑ 希望↑ nat獲得↑	地域インフラ、ケア、教育、災害対応、文化活動の更新に若者が持分を持ち、参加が報酬と将来役割に接続する仕組みを作る。
57	policy_search_with_sustain_hope_family	HP04	政策	家族形成トライアル支援	20	83	0.76	1.00	23-40歳・将来家族形成層	子ども意向↑ 住居安定↑ 時間余力↑	同居、結婚、妊娠、出産、養育の前段階で、住居、時間、ケア、相談、医療アクセスを試せる支援を整え、後戻りできる安心を残す。
57	policy_search_with_sustain_hope_family	HP05	政策	子育て共同体・代替ケア網	22	83	0.80	1.00	子育て初期・ケア責任層・地域	子育て実行可能性↑ メンタル負荷↓ 連帯感↑	保育、病児対応、夜間支援、送迎、学習支援を地域と企業が共同で担い、親だけが壊れない構造を作る。
57	policy_search_with_sustain_hope_family	HP06	政策	若者発制度監査と異議申立	24	83	0.68	1.00	若者・低所得層・非婚非出産層	制度信頼↑ 裏切られ感↓ 反発↓	制度の対象外になった人、非婚・非出産を選ぶ人、低所得層が異議申し立てできる窓口を作り、施策が弱い人を材料にすることを防ぐ。
57	policy_search_with_sustain_hope_family	HP07	政策	希望不足時の条件監査	30	83	0.70	1.00	LLM観測対象	説明可能性↑ 副作用監査↑ 調整候補↑	デモ観測上、希望を持つ若者・家族形成層が十分に立ち上がらない場合に、どの構造条件が欠けたか、どの層で対象外感・政策疲労・財政不安が出たかを説明対象にする。感情を直接命令せず、経路・支援・信頼・副作用の条件で観測する。
57	policy_search_with_sustain_hope_family	HP08	政策	自動着金・仮払いセーフティ	8	83	0.86	1.00	若者・低中所得層・家族形成層	制度信頼↑ 不安↓ 生活防衛↓	申請から支給までの空白を減らすため、資格確認前の仮払い、あとから精算、異議申立を組み合わせる。支援が「いつか届く」ではなく「今つながる」経験になるようにする。
57	policy_search_with_sustain_hope_family	HP09	政策	若者住居・ケア即時枠	10	83	0.82	1.00	15-29歳・ケア責任層・無業非正規層	安心↑ 撤退圧↓ 希望↑	家を出られない、ケアで動けない、住居費で進路を選べない層に、短期住居、代替ケア、地域伴走を即時枠として用意し、社会からの逃避や長期離脱を防ぐ。
57	policy_search_with_sustain_hope_family	HP10	政策	家族形成条件の個別見通し面談	18	83	0.74	1.00	23-40歳・将来家族形成層・子育て初期	子ども意向↑ 将来予見性↑ 制度利用↑	結婚、妊娠、出産、育休、復帰、住居、教育費、介護との両立を個別ケースで見通せる面談と試算を行い、子どもを迎えたい人が「自分の場合に可能か」を判断できるようにする。
57	policy_search_with_sustain_hope_family	HP11	政策	初期成功ケースの透明公開	12	83	0.84	1.00	若者・家族形成層・制度不信層	制度信頼↑ 自己効力感↑ 希望↑	自動着金、短期住居、代替ケア、初職リカバリーで実際に立て直せた初期ケースを、個人を傷つけない匿名形式で公開する。制度が存在するだけでなく、使うと何が変わるかを確認できるようにする。
57	policy_search_with_sustain_hope_family	HP12	政策	若者・家族形成パーソナル予算枠	15	83	0.86	1.00	15-40歳・低中所得層・ケア責任層	将来予見性↑ 子ども意向↑ 生活防衛↓	住居、学び直し、ケア代替、医療相談、妊娠出産準備に使える5年単位の個人予算枠を付与し、転居や転職をしても権利が持ち運べるようにする。
57	policy_search_with_sustain_hope_family	HP13	政策	非対象者分断の補正説明	15	83	0.72	1.00	非婚非出産層・納税者・若者全体	反発↓ 制度信頼↑ 連帯感↑	家族形成支援を、出生数の押しつけではなく、住居、ケア、学び直し、孤立防止を含む共通インフラとして説明し、非対象者にも使える支援経路と異議申立を明示する。
57	policy_search_with_sustain_hope_family	HP14	政策	個別資格通知と即時予約	18	83	0.92	1.00	15-40歳・低中所得層・ケア責任層	制度利用↑ 将来予見性↑ 希望↑	対象者ごとに、自分が使える住居枠、学び直し予算、ケア代替、家族形成面談の予約可能日が通知される。抽象的な制度ではなく、本人のスマホや学校・職場窓口で具体的な次の一手を確認できる。
57	policy_search_with_sustain_hope_family	HP15	政策	初職・復帰の先行契約枠	18	83	0.84	1.00	若者・AI自動化影響層・子育て初期	雇用安定↑ 自己効力感↑ 生活防衛↓	自治体、企業、学校が連携し、AI活用職、ケア技術、地域更新、育休復帰の先行契約枠を公開する。研修中の所得補償と実務経験を結び、学び直しが空手形にならないようにする。
57	policy_search_with_sustain_hope_family	HP16	政策	子育て共同体の空き枠可視化	20	83	0.80	1.00	家族形成層・子育て初期・地域	子ども意向↑ 安心↑ 連帯感↑	保育、病児対応、夜間支援、送迎、学習支援、産後休息の空き枠を地域単位で可視化し、親だけで抱え込まない具体的な受け皿を見えるようにする。
57	policy_search_with_sustain_hope_family	HP17	社会反応	SNS希望反転と実体験共有	20	83	0.88	1.00	若者・家族形成層・SNS高感受性層	SNS不安↓ 連帯感↑ 希望↑	自動着金、住居即時枠、初職契約、代替ケアを実際に使った人の承諾済み体験談が広がり、「制度は遅いだけ」という認識に一部反例が生まれる。
57	policy_search_with_sustain_hope_family	HP18	政策	財政持続監査の初回クリア	20	83	0.82	1.00	国家・納税者・若者・家族形成層	財政不安↓ 制度信頼↑ 将来予見性↑	支援財源、物価影響、逆進性、非対象者補正の初回監査が公開され、持続性が崩れていないことと自動補正ルールが確認される。
57	policy_search_with_sustain_hope_family	HP19	政策	nat報酬の初回着金	20	83	0.90	1.00	若者・地域プロジェクト参加層・低中所得層	自己効力感↑ 希望↑ 制度利用↑	地域更新、ケア補助、学習支援、災害備えに参加した若者へ、初回のnat報酬が実際に着金する。社会を維持する行動が飯の種になる体験が生まれる。
57	policy_search_with_sustain_hope_family	HP20	政策	家族形成シミュレーション結果通知	22	83	0.84	1.00	23-40歳・将来家族形成層	子ども意向↑ 安心↑ 将来予見性↑	個別面談を受けた人に、住居、収入、ケア、産後休息、復帰キャリアを含む自分用の家族形成見通しが通知され、無理ならどの条件が足りないかも示される。
57	policy_search_with_sustain_hope_family	HP21	社会反応	希望ケースの地域拡張	31	83	0.92	1.00	若者・地方都市・低中所得層	希望↑ 連帯感↑ 制度信頼↑	初期成功が一部の特権ではなく、複数地域の高校、大学、専門学校、職場、地域プロジェクトに広がったことが可視化される。自分の近くにも使った人がいる状態になる。
57	policy_search_with_sustain_hope_family	HP22	政策	若者メンター・伴走紹介	31	83	0.84	1.00	15-29歳・進学就職移行層・無業非正規層	自己効力感↑ 相談↑ 希望↑	制度利用後に迷う若者へ、同年代または少し上のメンターが紹介される。情報収集だけで止まらず、応募、相談、転居、学び直し、地域参加の次の一手へつなぐ。
57	policy_search_with_sustain_hope_family	HP23	政策	家族形成初回利用の完了通知	35	83	0.86	1.00	23-40歳・将来家族形成層・子育て初期	子ども意向↑ 安心↑ 制度信頼↑	家族形成面談、保育/代替ケア予約、住居支援、復帰キャリア相談の初回利用が完了し、利用者に次回予約と不足条件が通知される。検討が抽象論から実行可能な段取りへ移る。
57	policy_search_with_sustain_hope_family	HP24	社会反応	希望継続コミュニティ	45	83	0.86	1.00	若者・家族形成層・地域	希望↑ 連帯感↑ 撤退圧↓	制度利用後の若者、家族形成層、地域プロジェクト参加者が、進捗、失敗、次の予約、報酬、ケア空き枠を共有する小さなコミュニティを作る。一回の希望を孤立させず、継続する場にする。
57	policy_search_with_sustain_hope_family	HP25	政策	家族形成2回目プラン確定	45	83	0.82	1.00	23-40歳・将来家族形成層	子ども意向↑ 将来予見性↑ 安心↑	初回面談後、住居、収入、ケア、医療、復帰キャリアの不足条件を反映した2回目プランが確定し、子どもを迎える/迎えない/まだ待つ判断を現実的に更新できる。
58	policy_search_with_sustain_hope_family	E07	ショック	介護需要急増	22	60	0.70	0.80	ケア責任層・地方・現役世代	ケア負担↑ 可処分時間↓ 希望↓	高齢化と家族介護の集中により、若者と現役世代の時間・所得・進路選択が圧迫される。
58	policy_search_with_sustain_hope_family	E09	ショック	汎用ロボティクス普及による身体労働再編	12	60	0.62	0.75	製造・物流・小売・介護周辺	雇用安定↓ 生活コスト圧力↑	物流、製造、清掃、飲食、建設、介護補助などの身体労働でロボット導入が進み、地域産業と現場職の再編不安が広がる。
58	policy_search_with_sustain_hope_family	P01	政策	若者住居安定パッケージ	10	83	0.70	1.00	非正規・無業・若年就業	住居安定↑ 希望↑	家賃補助・保証人代替・転居支援を組み合わせ、居住不安を緩和する。
58	policy_search_with_sustain_hope_family	P02	政策	奨学金負担軽減・所得連動返済	8	83	0.80	1.00	在学層・負債高層	可処分所得↑ 子ども意向↑	返済負担の平準化と減免を導入し、将来投資の先送りを抑制する。
58	policy_search_with_sustain_hope_family	P03	政策	社会持続活動nat報酬制度	12	83	0.85	1.00	全体	nat獲得↑ 希望↑	学校・地域・介護・防災・制度更新活動を報酬化し、役割喪失を防ぐ。
58	policy_search_with_sustain_hope_family	P05	政策	地域ケア就労の賃金底上げ	14	83	0.70	1.00	ケア責任層・地方	雇用安定↑ 制度信頼↑	ケア活動を社会基盤労働として扱い、賃金と社会的評価を引き上げる。
58	policy_search_with_sustain_hope_family	P06	政策	学び直し・移行雇用保証	16	83	0.78	1.00	非正規・無業・自動化影響層	雇用安定↑ 自己効力感↑	訓練と実務移行をセットで保証し、自動化ショックからの回復経路を提供する。
58	policy_search_with_sustain_hope_family	P07	政策	地方分散インフラ投資	20	83	0.65	1.00	地方層	住居安定↑ 希望↑	交通・医療・通信の更新により、地方での生活可能性を底上げする。
58	policy_search_with_sustain_hope_family	P08	政策	若年メンタルヘルス即時アクセス	9	83	0.72	1.00	高負荷層	メンタル負荷↓ 希望↑	心理支援への待機時間と費用障壁を下げ、長期離脱を防ぐ。
58	policy_search_with_sustain_hope_family	P09	政策	学校-企業-地域循環プロジェクト	18	83	0.68	1.00	在学層・若年就業	自己効力感↑ 制度信頼↑	学習内容と地域課題・雇用機会を連結し、努力の手応えを可視化する。
58	policy_search_with_sustain_hope_family	P10	政策	nat通貨の逆進性補正	30	83	0.60	1.00	低所得層中心	格差↓ 制度信頼↑	nat配分の偏りを是正し、参加機会の不公平を抑える再分配ルールを導入する。
58	policy_search_with_sustain_hope_family	P11	政策	介護ロボット・在宅支援普及	22	83	0.62	1.00	ケア責任層・地方・子育て初期	ケア負担↓ 可処分時間↑ 希望↑	介護ロボット、見守り、移乗支援、在宅医療接続を公共支援として広げ、家族ケアによる時間制約を緩和する。
58	policy_search_with_sustain_hope_family	BP01	政策	構造持続型出産一時金の上乗せ	15	60	0.82	1.00	子どもを望む家族形成層・将来家族形成層	子ども意向↑ 家計余力↑ 制度信頼↑	出生実績への成果報酬ではなく、望む人が子どもを迎えられる条件を整える目的で、妊娠・出産・初期育児の実費と所得喪失を一時金で緩衝する。
58	policy_search_with_sustain_hope_family	BP02	政策	産後休息・代替ケア保障	15	83	0.78	1.00	妊娠出産期・子育て初期・ケア責任層	時間余力↑ メンタル負荷↓ 出生圧力リスク↓	産後の休息、夜間支援、代替ケア、家事育児支援を公的に確保し、家族責任の固定化や母親だけへの負担集中を防ぐ。
58	policy_search_with_sustain_hope_family	BP03	政策	復帰キャリア・企業負担補正	18	83	0.70	1.00	企業・正規雇用・非正規雇用・子育て初期	雇用安定↑ 企業反発↓ 子ども意向↑	育休復帰、短時間勤務、配置転換、代替人員費を企業だけに背負わせず、構造持続会計で補正し、採用抑制や女性不利益を抑える。
58	policy_search_with_sustain_hope_family	BP04	政策	家族形成住居・教育費緩衝パッケージ	20	83	0.74	1.00	23-40歳・若者・低中所得層	住居安定↑ 教育費不安↓ 希望↑	住居、保育、教育費の長期不安を束ねて緩衝し、子どもを迎える判断が一時金だけで終わらないよう支える。
58	policy_search_with_sustain_hope_family	BP05	政策	出生非強制・監査ガードレール	15	83	0.68	1.00	全体	制度信頼↑ 反発↓ moral injury↓	非婚・非出産・単身・養育しない選択を不利益にせず、出生数ではなく選択可能条件を評価対象にする。若者の「産ませたいだけでは」という反発を監査する。
58	policy_search_with_sustain_hope_family	BP06	政策	財政・インフレ持続性監査	24	83	0.64	1.00	国家・金融・納税者・若者	財政不安↓ 制度信頼↑ 長期予見性↑	一時金と支援の財源、物価影響、対象公平性を継続監査し、金融システムを含む系の持続性が崩れた場合は自動補正する。
58	policy_search_with_sustain_hope_family	BP07	政策	希望経路の可視化と達成共有	30	83	0.76	1.00	若者・家族形成層・次世代コホート	希望↑ 連帯感↑ 自己効力感↑	住居、ケア、教育費、復帰キャリアが実際につながった事例を学校・企業・地域で共有し、少なくとも複数の代表エージェントが「自分たちでも未来を作れる」と感じる経路を観測する。
58	policy_search_with_sustain_hope_family	HP01	政策	若者希望経路保証	8	83	0.84	1.00	15-22歳・進学就職移行層	希望↑ 自己効力感↑ 将来予見性↑	学び、初職、地域プロジェクト、AI活用訓練を接続し、若者が5年後の役割を複数持てるようにする。特定進路の強制ではなく選べる経路を増やす。
58	policy_search_with_sustain_hope_family	HP02	政策	初職喪失リカバリー権	12	83	0.78	1.00	AI自動化影響層・非正規・無業	喪失感↓ 希望↑ 雇用安定↑	AIやロボ導入で初職や職域が狭まった人に、再訓練、職務経験、所得補償をセットで提供し、最初の失敗が人生全体の諦念にならないようにする。
58	policy_search_with_sustain_hope_family	HP03	政策	若者持分型地域プロジェクト	18	83	0.72	1.00	若者・地方・都市低所得層	連帯感↑ 希望↑ nat獲得↑	地域インフラ、ケア、教育、災害対応、文化活動の更新に若者が持分を持ち、参加が報酬と将来役割に接続する仕組みを作る。
58	policy_search_with_sustain_hope_family	HP04	政策	家族形成トライアル支援	20	83	0.76	1.00	23-40歳・将来家族形成層	子ども意向↑ 住居安定↑ 時間余力↑	同居、結婚、妊娠、出産、養育の前段階で、住居、時間、ケア、相談、医療アクセスを試せる支援を整え、後戻りできる安心を残す。
58	policy_search_with_sustain_hope_family	HP05	政策	子育て共同体・代替ケア網	22	83	0.80	1.00	子育て初期・ケア責任層・地域	子育て実行可能性↑ メンタル負荷↓ 連帯感↑	保育、病児対応、夜間支援、送迎、学習支援を地域と企業が共同で担い、親だけが壊れない構造を作る。
58	policy_search_with_sustain_hope_family	HP06	政策	若者発制度監査と異議申立	24	83	0.68	1.00	若者・低所得層・非婚非出産層	制度信頼↑ 裏切られ感↓ 反発↓	制度の対象外になった人、非婚・非出産を選ぶ人、低所得層が異議申し立てできる窓口を作り、施策が弱い人を材料にすることを防ぐ。
58	policy_search_with_sustain_hope_family	HP07	政策	希望不足時の条件監査	30	83	0.70	1.00	LLM観測対象	説明可能性↑ 副作用監査↑ 調整候補↑	デモ観測上、希望を持つ若者・家族形成層が十分に立ち上がらない場合に、どの構造条件が欠けたか、どの層で対象外感・政策疲労・財政不安が出たかを説明対象にする。感情を直接命令せず、経路・支援・信頼・副作用の条件で観測する。
58	policy_search_with_sustain_hope_family	HP08	政策	自動着金・仮払いセーフティ	8	83	0.86	1.00	若者・低中所得層・家族形成層	制度信頼↑ 不安↓ 生活防衛↓	申請から支給までの空白を減らすため、資格確認前の仮払い、あとから精算、異議申立を組み合わせる。支援が「いつか届く」ではなく「今つながる」経験になるようにする。
58	policy_search_with_sustain_hope_family	HP09	政策	若者住居・ケア即時枠	10	83	0.82	1.00	15-29歳・ケア責任層・無業非正規層	安心↑ 撤退圧↓ 希望↑	家を出られない、ケアで動けない、住居費で進路を選べない層に、短期住居、代替ケア、地域伴走を即時枠として用意し、社会からの逃避や長期離脱を防ぐ。
58	policy_search_with_sustain_hope_family	HP10	政策	家族形成条件の個別見通し面談	18	83	0.74	1.00	23-40歳・将来家族形成層・子育て初期	子ども意向↑ 将来予見性↑ 制度利用↑	結婚、妊娠、出産、育休、復帰、住居、教育費、介護との両立を個別ケースで見通せる面談と試算を行い、子どもを迎えたい人が「自分の場合に可能か」を判断できるようにする。
58	policy_search_with_sustain_hope_family	HP11	政策	初期成功ケースの透明公開	12	83	0.84	1.00	若者・家族形成層・制度不信層	制度信頼↑ 自己効力感↑ 希望↑	自動着金、短期住居、代替ケア、初職リカバリーで実際に立て直せた初期ケースを、個人を傷つけない匿名形式で公開する。制度が存在するだけでなく、使うと何が変わるかを確認できるようにする。
58	policy_search_with_sustain_hope_family	HP12	政策	若者・家族形成パーソナル予算枠	15	83	0.86	1.00	15-40歳・低中所得層・ケア責任層	将来予見性↑ 子ども意向↑ 生活防衛↓	住居、学び直し、ケア代替、医療相談、妊娠出産準備に使える5年単位の個人予算枠を付与し、転居や転職をしても権利が持ち運べるようにする。
58	policy_search_with_sustain_hope_family	HP13	政策	非対象者分断の補正説明	15	83	0.72	1.00	非婚非出産層・納税者・若者全体	反発↓ 制度信頼↑ 連帯感↑	家族形成支援を、出生数の押しつけではなく、住居、ケア、学び直し、孤立防止を含む共通インフラとして説明し、非対象者にも使える支援経路と異議申立を明示する。
58	policy_search_with_sustain_hope_family	HP14	政策	個別資格通知と即時予約	18	83	0.92	1.00	15-40歳・低中所得層・ケア責任層	制度利用↑ 将来予見性↑ 希望↑	対象者ごとに、自分が使える住居枠、学び直し予算、ケア代替、家族形成面談の予約可能日が通知される。抽象的な制度ではなく、本人のスマホや学校・職場窓口で具体的な次の一手を確認できる。
58	policy_search_with_sustain_hope_family	HP15	政策	初職・復帰の先行契約枠	18	83	0.84	1.00	若者・AI自動化影響層・子育て初期	雇用安定↑ 自己効力感↑ 生活防衛↓	自治体、企業、学校が連携し、AI活用職、ケア技術、地域更新、育休復帰の先行契約枠を公開する。研修中の所得補償と実務経験を結び、学び直しが空手形にならないようにする。
58	policy_search_with_sustain_hope_family	HP16	政策	子育て共同体の空き枠可視化	20	83	0.80	1.00	家族形成層・子育て初期・地域	子ども意向↑ 安心↑ 連帯感↑	保育、病児対応、夜間支援、送迎、学習支援、産後休息の空き枠を地域単位で可視化し、親だけで抱え込まない具体的な受け皿を見えるようにする。
58	policy_search_with_sustain_hope_family	HP17	社会反応	SNS希望反転と実体験共有	20	83	0.88	1.00	若者・家族形成層・SNS高感受性層	SNS不安↓ 連帯感↑ 希望↑	自動着金、住居即時枠、初職契約、代替ケアを実際に使った人の承諾済み体験談が広がり、「制度は遅いだけ」という認識に一部反例が生まれる。
58	policy_search_with_sustain_hope_family	HP18	政策	財政持続監査の初回クリア	20	83	0.82	1.00	国家・納税者・若者・家族形成層	財政不安↓ 制度信頼↑ 将来予見性↑	支援財源、物価影響、逆進性、非対象者補正の初回監査が公開され、持続性が崩れていないことと自動補正ルールが確認される。
58	policy_search_with_sustain_hope_family	HP19	政策	nat報酬の初回着金	20	83	0.90	1.00	若者・地域プロジェクト参加層・低中所得層	自己効力感↑ 希望↑ 制度利用↑	地域更新、ケア補助、学習支援、災害備えに参加した若者へ、初回のnat報酬が実際に着金する。社会を維持する行動が飯の種になる体験が生まれる。
58	policy_search_with_sustain_hope_family	HP20	政策	家族形成シミュレーション結果通知	22	83	0.84	1.00	23-40歳・将来家族形成層	子ども意向↑ 安心↑ 将来予見性↑	個別面談を受けた人に、住居、収入、ケア、産後休息、復帰キャリアを含む自分用の家族形成見通しが通知され、無理ならどの条件が足りないかも示される。
58	policy_search_with_sustain_hope_family	HP21	社会反応	希望ケースの地域拡張	31	83	0.92	1.00	若者・地方都市・低中所得層	希望↑ 連帯感↑ 制度信頼↑	初期成功が一部の特権ではなく、複数地域の高校、大学、専門学校、職場、地域プロジェクトに広がったことが可視化される。自分の近くにも使った人がいる状態になる。
58	policy_search_with_sustain_hope_family	HP22	政策	若者メンター・伴走紹介	31	83	0.84	1.00	15-29歳・進学就職移行層・無業非正規層	自己効力感↑ 相談↑ 希望↑	制度利用後に迷う若者へ、同年代または少し上のメンターが紹介される。情報収集だけで止まらず、応募、相談、転居、学び直し、地域参加の次の一手へつなぐ。
58	policy_search_with_sustain_hope_family	HP23	政策	家族形成初回利用の完了通知	35	83	0.86	1.00	23-40歳・将来家族形成層・子育て初期	子ども意向↑ 安心↑ 制度信頼↑	家族形成面談、保育/代替ケア予約、住居支援、復帰キャリア相談の初回利用が完了し、利用者に次回予約と不足条件が通知される。検討が抽象論から実行可能な段取りへ移る。
58	policy_search_with_sustain_hope_family	HP24	社会反応	希望継続コミュニティ	45	83	0.86	1.00	若者・家族形成層・地域	希望↑ 連帯感↑ 撤退圧↓	制度利用後の若者、家族形成層、地域プロジェクト参加者が、進捗、失敗、次の予約、報酬、ケア空き枠を共有する小さなコミュニティを作る。一回の希望を孤立させず、継続する場にする。
58	policy_search_with_sustain_hope_family	HP25	政策	家族形成2回目プラン確定	45	83	0.82	1.00	23-40歳・将来家族形成層	子ども意向↑ 将来予見性↑ 安心↑	初回面談後、住居、収入、ケア、医療、復帰キャリアの不足条件を反映した2回目プランが確定し、子どもを迎える/迎えない/まだ待つ判断を現実的に更新できる。
59	policy_search_with_sustain_hope_family	E07	ショック	介護需要急増	22	60	0.70	0.80	ケア責任層・地方・現役世代	ケア負担↑ 可処分時間↓ 希望↓	高齢化と家族介護の集中により、若者と現役世代の時間・所得・進路選択が圧迫される。
59	policy_search_with_sustain_hope_family	E09	ショック	汎用ロボティクス普及による身体労働再編	12	60	0.62	0.75	製造・物流・小売・介護周辺	雇用安定↓ 生活コスト圧力↑	物流、製造、清掃、飲食、建設、介護補助などの身体労働でロボット導入が進み、地域産業と現場職の再編不安が広がる。
59	policy_search_with_sustain_hope_family	P01	政策	若者住居安定パッケージ	10	83	0.70	1.00	非正規・無業・若年就業	住居安定↑ 希望↑	家賃補助・保証人代替・転居支援を組み合わせ、居住不安を緩和する。
59	policy_search_with_sustain_hope_family	P02	政策	奨学金負担軽減・所得連動返済	8	83	0.80	1.00	在学層・負債高層	可処分所得↑ 子ども意向↑	返済負担の平準化と減免を導入し、将来投資の先送りを抑制する。
59	policy_search_with_sustain_hope_family	P03	政策	社会持続活動nat報酬制度	12	83	0.85	1.00	全体	nat獲得↑ 希望↑	学校・地域・介護・防災・制度更新活動を報酬化し、役割喪失を防ぐ。
59	policy_search_with_sustain_hope_family	P05	政策	地域ケア就労の賃金底上げ	14	83	0.70	1.00	ケア責任層・地方	雇用安定↑ 制度信頼↑	ケア活動を社会基盤労働として扱い、賃金と社会的評価を引き上げる。
59	policy_search_with_sustain_hope_family	P06	政策	学び直し・移行雇用保証	16	83	0.78	1.00	非正規・無業・自動化影響層	雇用安定↑ 自己効力感↑	訓練と実務移行をセットで保証し、自動化ショックからの回復経路を提供する。
59	policy_search_with_sustain_hope_family	P07	政策	地方分散インフラ投資	20	83	0.65	1.00	地方層	住居安定↑ 希望↑	交通・医療・通信の更新により、地方での生活可能性を底上げする。
59	policy_search_with_sustain_hope_family	P08	政策	若年メンタルヘルス即時アクセス	9	83	0.72	1.00	高負荷層	メンタル負荷↓ 希望↑	心理支援への待機時間と費用障壁を下げ、長期離脱を防ぐ。
59	policy_search_with_sustain_hope_family	P09	政策	学校-企業-地域循環プロジェクト	18	83	0.68	1.00	在学層・若年就業	自己効力感↑ 制度信頼↑	学習内容と地域課題・雇用機会を連結し、努力の手応えを可視化する。
59	policy_search_with_sustain_hope_family	P10	政策	nat通貨の逆進性補正	30	83	0.60	1.00	低所得層中心	格差↓ 制度信頼↑	nat配分の偏りを是正し、参加機会の不公平を抑える再分配ルールを導入する。
59	policy_search_with_sustain_hope_family	P11	政策	介護ロボット・在宅支援普及	22	83	0.62	1.00	ケア責任層・地方・子育て初期	ケア負担↓ 可処分時間↑ 希望↑	介護ロボット、見守り、移乗支援、在宅医療接続を公共支援として広げ、家族ケアによる時間制約を緩和する。
59	policy_search_with_sustain_hope_family	BP01	政策	構造持続型出産一時金の上乗せ	15	60	0.82	1.00	子どもを望む家族形成層・将来家族形成層	子ども意向↑ 家計余力↑ 制度信頼↑	出生実績への成果報酬ではなく、望む人が子どもを迎えられる条件を整える目的で、妊娠・出産・初期育児の実費と所得喪失を一時金で緩衝する。
59	policy_search_with_sustain_hope_family	BP02	政策	産後休息・代替ケア保障	15	83	0.78	1.00	妊娠出産期・子育て初期・ケア責任層	時間余力↑ メンタル負荷↓ 出生圧力リスク↓	産後の休息、夜間支援、代替ケア、家事育児支援を公的に確保し、家族責任の固定化や母親だけへの負担集中を防ぐ。
59	policy_search_with_sustain_hope_family	BP03	政策	復帰キャリア・企業負担補正	18	83	0.70	1.00	企業・正規雇用・非正規雇用・子育て初期	雇用安定↑ 企業反発↓ 子ども意向↑	育休復帰、短時間勤務、配置転換、代替人員費を企業だけに背負わせず、構造持続会計で補正し、採用抑制や女性不利益を抑える。
59	policy_search_with_sustain_hope_family	BP04	政策	家族形成住居・教育費緩衝パッケージ	20	83	0.74	1.00	23-40歳・若者・低中所得層	住居安定↑ 教育費不安↓ 希望↑	住居、保育、教育費の長期不安を束ねて緩衝し、子どもを迎える判断が一時金だけで終わらないよう支える。
59	policy_search_with_sustain_hope_family	BP05	政策	出生非強制・監査ガードレール	15	83	0.68	1.00	全体	制度信頼↑ 反発↓ moral injury↓	非婚・非出産・単身・養育しない選択を不利益にせず、出生数ではなく選択可能条件を評価対象にする。若者の「産ませたいだけでは」という反発を監査する。
59	policy_search_with_sustain_hope_family	BP06	政策	財政・インフレ持続性監査	24	83	0.64	1.00	国家・金融・納税者・若者	財政不安↓ 制度信頼↑ 長期予見性↑	一時金と支援の財源、物価影響、対象公平性を継続監査し、金融システムを含む系の持続性が崩れた場合は自動補正する。
59	policy_search_with_sustain_hope_family	BP07	政策	希望経路の可視化と達成共有	30	83	0.76	1.00	若者・家族形成層・次世代コホート	希望↑ 連帯感↑ 自己効力感↑	住居、ケア、教育費、復帰キャリアが実際につながった事例を学校・企業・地域で共有し、少なくとも複数の代表エージェントが「自分たちでも未来を作れる」と感じる経路を観測する。
59	policy_search_with_sustain_hope_family	HP01	政策	若者希望経路保証	8	83	0.84	1.00	15-22歳・進学就職移行層	希望↑ 自己効力感↑ 将来予見性↑	学び、初職、地域プロジェクト、AI活用訓練を接続し、若者が5年後の役割を複数持てるようにする。特定進路の強制ではなく選べる経路を増やす。
59	policy_search_with_sustain_hope_family	HP02	政策	初職喪失リカバリー権	12	83	0.78	1.00	AI自動化影響層・非正規・無業	喪失感↓ 希望↑ 雇用安定↑	AIやロボ導入で初職や職域が狭まった人に、再訓練、職務経験、所得補償をセットで提供し、最初の失敗が人生全体の諦念にならないようにする。
59	policy_search_with_sustain_hope_family	HP03	政策	若者持分型地域プロジェクト	18	83	0.72	1.00	若者・地方・都市低所得層	連帯感↑ 希望↑ nat獲得↑	地域インフラ、ケア、教育、災害対応、文化活動の更新に若者が持分を持ち、参加が報酬と将来役割に接続する仕組みを作る。
59	policy_search_with_sustain_hope_family	HP04	政策	家族形成トライアル支援	20	83	0.76	1.00	23-40歳・将来家族形成層	子ども意向↑ 住居安定↑ 時間余力↑	同居、結婚、妊娠、出産、養育の前段階で、住居、時間、ケア、相談、医療アクセスを試せる支援を整え、後戻りできる安心を残す。
59	policy_search_with_sustain_hope_family	HP05	政策	子育て共同体・代替ケア網	22	83	0.80	1.00	子育て初期・ケア責任層・地域	子育て実行可能性↑ メンタル負荷↓ 連帯感↑	保育、病児対応、夜間支援、送迎、学習支援を地域と企業が共同で担い、親だけが壊れない構造を作る。
59	policy_search_with_sustain_hope_family	HP06	政策	若者発制度監査と異議申立	24	83	0.68	1.00	若者・低所得層・非婚非出産層	制度信頼↑ 裏切られ感↓ 反発↓	制度の対象外になった人、非婚・非出産を選ぶ人、低所得層が異議申し立てできる窓口を作り、施策が弱い人を材料にすることを防ぐ。
59	policy_search_with_sustain_hope_family	HP07	政策	希望不足時の条件監査	30	83	0.70	1.00	LLM観測対象	説明可能性↑ 副作用監査↑ 調整候補↑	デモ観測上、希望を持つ若者・家族形成層が十分に立ち上がらない場合に、どの構造条件が欠けたか、どの層で対象外感・政策疲労・財政不安が出たかを説明対象にする。感情を直接命令せず、経路・支援・信頼・副作用の条件で観測する。
59	policy_search_with_sustain_hope_family	HP08	政策	自動着金・仮払いセーフティ	8	83	0.86	1.00	若者・低中所得層・家族形成層	制度信頼↑ 不安↓ 生活防衛↓	申請から支給までの空白を減らすため、資格確認前の仮払い、あとから精算、異議申立を組み合わせる。支援が「いつか届く」ではなく「今つながる」経験になるようにする。
59	policy_search_with_sustain_hope_family	HP09	政策	若者住居・ケア即時枠	10	83	0.82	1.00	15-29歳・ケア責任層・無業非正規層	安心↑ 撤退圧↓ 希望↑	家を出られない、ケアで動けない、住居費で進路を選べない層に、短期住居、代替ケア、地域伴走を即時枠として用意し、社会からの逃避や長期離脱を防ぐ。
59	policy_search_with_sustain_hope_family	HP10	政策	家族形成条件の個別見通し面談	18	83	0.74	1.00	23-40歳・将来家族形成層・子育て初期	子ども意向↑ 将来予見性↑ 制度利用↑	結婚、妊娠、出産、育休、復帰、住居、教育費、介護との両立を個別ケースで見通せる面談と試算を行い、子どもを迎えたい人が「自分の場合に可能か」を判断できるようにする。
59	policy_search_with_sustain_hope_family	HP11	政策	初期成功ケースの透明公開	12	83	0.84	1.00	若者・家族形成層・制度不信層	制度信頼↑ 自己効力感↑ 希望↑	自動着金、短期住居、代替ケア、初職リカバリーで実際に立て直せた初期ケースを、個人を傷つけない匿名形式で公開する。制度が存在するだけでなく、使うと何が変わるかを確認できるようにする。
59	policy_search_with_sustain_hope_family	HP12	政策	若者・家族形成パーソナル予算枠	15	83	0.86	1.00	15-40歳・低中所得層・ケア責任層	将来予見性↑ 子ども意向↑ 生活防衛↓	住居、学び直し、ケア代替、医療相談、妊娠出産準備に使える5年単位の個人予算枠を付与し、転居や転職をしても権利が持ち運べるようにする。
59	policy_search_with_sustain_hope_family	HP13	政策	非対象者分断の補正説明	15	83	0.72	1.00	非婚非出産層・納税者・若者全体	反発↓ 制度信頼↑ 連帯感↑	家族形成支援を、出生数の押しつけではなく、住居、ケア、学び直し、孤立防止を含む共通インフラとして説明し、非対象者にも使える支援経路と異議申立を明示する。
59	policy_search_with_sustain_hope_family	HP14	政策	個別資格通知と即時予約	18	83	0.92	1.00	15-40歳・低中所得層・ケア責任層	制度利用↑ 将来予見性↑ 希望↑	対象者ごとに、自分が使える住居枠、学び直し予算、ケア代替、家族形成面談の予約可能日が通知される。抽象的な制度ではなく、本人のスマホや学校・職場窓口で具体的な次の一手を確認できる。
59	policy_search_with_sustain_hope_family	HP15	政策	初職・復帰の先行契約枠	18	83	0.84	1.00	若者・AI自動化影響層・子育て初期	雇用安定↑ 自己効力感↑ 生活防衛↓	自治体、企業、学校が連携し、AI活用職、ケア技術、地域更新、育休復帰の先行契約枠を公開する。研修中の所得補償と実務経験を結び、学び直しが空手形にならないようにする。
59	policy_search_with_sustain_hope_family	HP16	政策	子育て共同体の空き枠可視化	20	83	0.80	1.00	家族形成層・子育て初期・地域	子ども意向↑ 安心↑ 連帯感↑	保育、病児対応、夜間支援、送迎、学習支援、産後休息の空き枠を地域単位で可視化し、親だけで抱え込まない具体的な受け皿を見えるようにする。
59	policy_search_with_sustain_hope_family	HP17	社会反応	SNS希望反転と実体験共有	20	83	0.88	1.00	若者・家族形成層・SNS高感受性層	SNS不安↓ 連帯感↑ 希望↑	自動着金、住居即時枠、初職契約、代替ケアを実際に使った人の承諾済み体験談が広がり、「制度は遅いだけ」という認識に一部反例が生まれる。
59	policy_search_with_sustain_hope_family	HP18	政策	財政持続監査の初回クリア	20	83	0.82	1.00	国家・納税者・若者・家族形成層	財政不安↓ 制度信頼↑ 将来予見性↑	支援財源、物価影響、逆進性、非対象者補正の初回監査が公開され、持続性が崩れていないことと自動補正ルールが確認される。
59	policy_search_with_sustain_hope_family	HP19	政策	nat報酬の初回着金	20	83	0.90	1.00	若者・地域プロジェクト参加層・低中所得層	自己効力感↑ 希望↑ 制度利用↑	地域更新、ケア補助、学習支援、災害備えに参加した若者へ、初回のnat報酬が実際に着金する。社会を維持する行動が飯の種になる体験が生まれる。
59	policy_search_with_sustain_hope_family	HP20	政策	家族形成シミュレーション結果通知	22	83	0.84	1.00	23-40歳・将来家族形成層	子ども意向↑ 安心↑ 将来予見性↑	個別面談を受けた人に、住居、収入、ケア、産後休息、復帰キャリアを含む自分用の家族形成見通しが通知され、無理ならどの条件が足りないかも示される。
59	policy_search_with_sustain_hope_family	HP21	社会反応	希望ケースの地域拡張	31	83	0.92	1.00	若者・地方都市・低中所得層	希望↑ 連帯感↑ 制度信頼↑	初期成功が一部の特権ではなく、複数地域の高校、大学、専門学校、職場、地域プロジェクトに広がったことが可視化される。自分の近くにも使った人がいる状態になる。
59	policy_search_with_sustain_hope_family	HP22	政策	若者メンター・伴走紹介	31	83	0.84	1.00	15-29歳・進学就職移行層・無業非正規層	自己効力感↑ 相談↑ 希望↑	制度利用後に迷う若者へ、同年代または少し上のメンターが紹介される。情報収集だけで止まらず、応募、相談、転居、学び直し、地域参加の次の一手へつなぐ。
59	policy_search_with_sustain_hope_family	HP23	政策	家族形成初回利用の完了通知	35	83	0.86	1.00	23-40歳・将来家族形成層・子育て初期	子ども意向↑ 安心↑ 制度信頼↑	家族形成面談、保育/代替ケア予約、住居支援、復帰キャリア相談の初回利用が完了し、利用者に次回予約と不足条件が通知される。検討が抽象論から実行可能な段取りへ移る。
59	policy_search_with_sustain_hope_family	HP24	社会反応	希望継続コミュニティ	45	83	0.86	1.00	若者・家族形成層・地域	希望↑ 連帯感↑ 撤退圧↓	制度利用後の若者、家族形成層、地域プロジェクト参加者が、進捗、失敗、次の予約、報酬、ケア空き枠を共有する小さなコミュニティを作る。一回の希望を孤立させず、継続する場にする。
59	policy_search_with_sustain_hope_family	HP25	政策	家族形成2回目プラン確定	45	83	0.82	1.00	23-40歳・将来家族形成層	子ども意向↑ 将来予見性↑ 安心↑	初回面談後、住居、収入、ケア、医療、復帰キャリアの不足条件を反映した2回目プランが確定し、子どもを迎える/迎えない/まだ待つ判断を現実的に更新できる。
60	policy_search_with_sustain_hope_family	E07	ショック	介護需要急増	22	60	0.70	0.80	ケア責任層・地方・現役世代	ケア負担↑ 可処分時間↓ 希望↓	高齢化と家族介護の集中により、若者と現役世代の時間・所得・進路選択が圧迫される。
60	policy_search_with_sustain_hope_family	E09	ショック	汎用ロボティクス普及による身体労働再編	12	60	0.62	0.75	製造・物流・小売・介護周辺	雇用安定↓ 生活コスト圧力↑	物流、製造、清掃、飲食、建設、介護補助などの身体労働でロボット導入が進み、地域産業と現場職の再編不安が広がる。
60	policy_search_with_sustain_hope_family	P01	政策	若者住居安定パッケージ	10	83	0.70	1.00	非正規・無業・若年就業	住居安定↑ 希望↑	家賃補助・保証人代替・転居支援を組み合わせ、居住不安を緩和する。
60	policy_search_with_sustain_hope_family	P02	政策	奨学金負担軽減・所得連動返済	8	83	0.80	1.00	在学層・負債高層	可処分所得↑ 子ども意向↑	返済負担の平準化と減免を導入し、将来投資の先送りを抑制する。
60	policy_search_with_sustain_hope_family	P03	政策	社会持続活動nat報酬制度	12	83	0.85	1.00	全体	nat獲得↑ 希望↑	学校・地域・介護・防災・制度更新活動を報酬化し、役割喪失を防ぐ。
60	policy_search_with_sustain_hope_family	P05	政策	地域ケア就労の賃金底上げ	14	83	0.70	1.00	ケア責任層・地方	雇用安定↑ 制度信頼↑	ケア活動を社会基盤労働として扱い、賃金と社会的評価を引き上げる。
60	policy_search_with_sustain_hope_family	P06	政策	学び直し・移行雇用保証	16	83	0.78	1.00	非正規・無業・自動化影響層	雇用安定↑ 自己効力感↑	訓練と実務移行をセットで保証し、自動化ショックからの回復経路を提供する。
60	policy_search_with_sustain_hope_family	P07	政策	地方分散インフラ投資	20	83	0.65	1.00	地方層	住居安定↑ 希望↑	交通・医療・通信の更新により、地方での生活可能性を底上げする。
60	policy_search_with_sustain_hope_family	P08	政策	若年メンタルヘルス即時アクセス	9	83	0.72	1.00	高負荷層	メンタル負荷↓ 希望↑	心理支援への待機時間と費用障壁を下げ、長期離脱を防ぐ。
60	policy_search_with_sustain_hope_family	P09	政策	学校-企業-地域循環プロジェクト	18	83	0.68	1.00	在学層・若年就業	自己効力感↑ 制度信頼↑	学習内容と地域課題・雇用機会を連結し、努力の手応えを可視化する。
60	policy_search_with_sustain_hope_family	P10	政策	nat通貨の逆進性補正	30	83	0.60	1.00	低所得層中心	格差↓ 制度信頼↑	nat配分の偏りを是正し、参加機会の不公平を抑える再分配ルールを導入する。
60	policy_search_with_sustain_hope_family	P11	政策	介護ロボット・在宅支援普及	22	83	0.62	1.00	ケア責任層・地方・子育て初期	ケア負担↓ 可処分時間↑ 希望↑	介護ロボット、見守り、移乗支援、在宅医療接続を公共支援として広げ、家族ケアによる時間制約を緩和する。
60	policy_search_with_sustain_hope_family	BP01	政策	構造持続型出産一時金の上乗せ	15	60	0.82	1.00	子どもを望む家族形成層・将来家族形成層	子ども意向↑ 家計余力↑ 制度信頼↑	出生実績への成果報酬ではなく、望む人が子どもを迎えられる条件を整える目的で、妊娠・出産・初期育児の実費と所得喪失を一時金で緩衝する。
60	policy_search_with_sustain_hope_family	BP02	政策	産後休息・代替ケア保障	15	83	0.78	1.00	妊娠出産期・子育て初期・ケア責任層	時間余力↑ メンタル負荷↓ 出生圧力リスク↓	産後の休息、夜間支援、代替ケア、家事育児支援を公的に確保し、家族責任の固定化や母親だけへの負担集中を防ぐ。
60	policy_search_with_sustain_hope_family	BP03	政策	復帰キャリア・企業負担補正	18	83	0.70	1.00	企業・正規雇用・非正規雇用・子育て初期	雇用安定↑ 企業反発↓ 子ども意向↑	育休復帰、短時間勤務、配置転換、代替人員費を企業だけに背負わせず、構造持続会計で補正し、採用抑制や女性不利益を抑える。
60	policy_search_with_sustain_hope_family	BP04	政策	家族形成住居・教育費緩衝パッケージ	20	83	0.74	1.00	23-40歳・若者・低中所得層	住居安定↑ 教育費不安↓ 希望↑	住居、保育、教育費の長期不安を束ねて緩衝し、子どもを迎える判断が一時金だけで終わらないよう支える。
60	policy_search_with_sustain_hope_family	BP05	政策	出生非強制・監査ガードレール	15	83	0.68	1.00	全体	制度信頼↑ 反発↓ moral injury↓	非婚・非出産・単身・養育しない選択を不利益にせず、出生数ではなく選択可能条件を評価対象にする。若者の「産ませたいだけでは」という反発を監査する。
60	policy_search_with_sustain_hope_family	BP06	政策	財政・インフレ持続性監査	24	83	0.64	1.00	国家・金融・納税者・若者	財政不安↓ 制度信頼↑ 長期予見性↑	一時金と支援の財源、物価影響、対象公平性を継続監査し、金融システムを含む系の持続性が崩れた場合は自動補正する。
60	policy_search_with_sustain_hope_family	BP07	政策	希望経路の可視化と達成共有	30	83	0.76	1.00	若者・家族形成層・次世代コホート	希望↑ 連帯感↑ 自己効力感↑	住居、ケア、教育費、復帰キャリアが実際につながった事例を学校・企業・地域で共有し、少なくとも複数の代表エージェントが「自分たちでも未来を作れる」と感じる経路を観測する。
60	policy_search_with_sustain_hope_family	HP01	政策	若者希望経路保証	8	83	0.84	1.00	15-22歳・進学就職移行層	希望↑ 自己効力感↑ 将来予見性↑	学び、初職、地域プロジェクト、AI活用訓練を接続し、若者が5年後の役割を複数持てるようにする。特定進路の強制ではなく選べる経路を増やす。
60	policy_search_with_sustain_hope_family	HP02	政策	初職喪失リカバリー権	12	83	0.78	1.00	AI自動化影響層・非正規・無業	喪失感↓ 希望↑ 雇用安定↑	AIやロボ導入で初職や職域が狭まった人に、再訓練、職務経験、所得補償をセットで提供し、最初の失敗が人生全体の諦念にならないようにする。
60	policy_search_with_sustain_hope_family	HP03	政策	若者持分型地域プロジェクト	18	83	0.72	1.00	若者・地方・都市低所得層	連帯感↑ 希望↑ nat獲得↑	地域インフラ、ケア、教育、災害対応、文化活動の更新に若者が持分を持ち、参加が報酬と将来役割に接続する仕組みを作る。
60	policy_search_with_sustain_hope_family	HP04	政策	家族形成トライアル支援	20	83	0.76	1.00	23-40歳・将来家族形成層	子ども意向↑ 住居安定↑ 時間余力↑	同居、結婚、妊娠、出産、養育の前段階で、住居、時間、ケア、相談、医療アクセスを試せる支援を整え、後戻りできる安心を残す。
60	policy_search_with_sustain_hope_family	HP05	政策	子育て共同体・代替ケア網	22	83	0.80	1.00	子育て初期・ケア責任層・地域	子育て実行可能性↑ メンタル負荷↓ 連帯感↑	保育、病児対応、夜間支援、送迎、学習支援を地域と企業が共同で担い、親だけが壊れない構造を作る。
60	policy_search_with_sustain_hope_family	HP06	政策	若者発制度監査と異議申立	24	83	0.68	1.00	若者・低所得層・非婚非出産層	制度信頼↑ 裏切られ感↓ 反発↓	制度の対象外になった人、非婚・非出産を選ぶ人、低所得層が異議申し立てできる窓口を作り、施策が弱い人を材料にすることを防ぐ。
60	policy_search_with_sustain_hope_family	HP07	政策	希望不足時の条件監査	30	83	0.70	1.00	LLM観測対象	説明可能性↑ 副作用監査↑ 調整候補↑	デモ観測上、希望を持つ若者・家族形成層が十分に立ち上がらない場合に、どの構造条件が欠けたか、どの層で対象外感・政策疲労・財政不安が出たかを説明対象にする。感情を直接命令せず、経路・支援・信頼・副作用の条件で観測する。
60	policy_search_with_sustain_hope_family	HP08	政策	自動着金・仮払いセーフティ	8	83	0.86	1.00	若者・低中所得層・家族形成層	制度信頼↑ 不安↓ 生活防衛↓	申請から支給までの空白を減らすため、資格確認前の仮払い、あとから精算、異議申立を組み合わせる。支援が「いつか届く」ではなく「今つながる」経験になるようにする。
60	policy_search_with_sustain_hope_family	HP09	政策	若者住居・ケア即時枠	10	83	0.82	1.00	15-29歳・ケア責任層・無業非正規層	安心↑ 撤退圧↓ 希望↑	家を出られない、ケアで動けない、住居費で進路を選べない層に、短期住居、代替ケア、地域伴走を即時枠として用意し、社会からの逃避や長期離脱を防ぐ。
60	policy_search_with_sustain_hope_family	HP10	政策	家族形成条件の個別見通し面談	18	83	0.74	1.00	23-40歳・将来家族形成層・子育て初期	子ども意向↑ 将来予見性↑ 制度利用↑	結婚、妊娠、出産、育休、復帰、住居、教育費、介護との両立を個別ケースで見通せる面談と試算を行い、子どもを迎えたい人が「自分の場合に可能か」を判断できるようにする。
60	policy_search_with_sustain_hope_family	HP11	政策	初期成功ケースの透明公開	12	83	0.84	1.00	若者・家族形成層・制度不信層	制度信頼↑ 自己効力感↑ 希望↑	自動着金、短期住居、代替ケア、初職リカバリーで実際に立て直せた初期ケースを、個人を傷つけない匿名形式で公開する。制度が存在するだけでなく、使うと何が変わるかを確認できるようにする。
60	policy_search_with_sustain_hope_family	HP12	政策	若者・家族形成パーソナル予算枠	15	83	0.86	1.00	15-40歳・低中所得層・ケア責任層	将来予見性↑ 子ども意向↑ 生活防衛↓	住居、学び直し、ケア代替、医療相談、妊娠出産準備に使える5年単位の個人予算枠を付与し、転居や転職をしても権利が持ち運べるようにする。
60	policy_search_with_sustain_hope_family	HP13	政策	非対象者分断の補正説明	15	83	0.72	1.00	非婚非出産層・納税者・若者全体	反発↓ 制度信頼↑ 連帯感↑	家族形成支援を、出生数の押しつけではなく、住居、ケア、学び直し、孤立防止を含む共通インフラとして説明し、非対象者にも使える支援経路と異議申立を明示する。
60	policy_search_with_sustain_hope_family	HP14	政策	個別資格通知と即時予約	18	83	0.92	1.00	15-40歳・低中所得層・ケア責任層	制度利用↑ 将来予見性↑ 希望↑	対象者ごとに、自分が使える住居枠、学び直し予算、ケア代替、家族形成面談の予約可能日が通知される。抽象的な制度ではなく、本人のスマホや学校・職場窓口で具体的な次の一手を確認できる。
60	policy_search_with_sustain_hope_family	HP15	政策	初職・復帰の先行契約枠	18	83	0.84	1.00	若者・AI自動化影響層・子育て初期	雇用安定↑ 自己効力感↑ 生活防衛↓	自治体、企業、学校が連携し、AI活用職、ケア技術、地域更新、育休復帰の先行契約枠を公開する。研修中の所得補償と実務経験を結び、学び直しが空手形にならないようにする。
60	policy_search_with_sustain_hope_family	HP16	政策	子育て共同体の空き枠可視化	20	83	0.80	1.00	家族形成層・子育て初期・地域	子ども意向↑ 安心↑ 連帯感↑	保育、病児対応、夜間支援、送迎、学習支援、産後休息の空き枠を地域単位で可視化し、親だけで抱え込まない具体的な受け皿を見えるようにする。
60	policy_search_with_sustain_hope_family	HP17	社会反応	SNS希望反転と実体験共有	20	83	0.88	1.00	若者・家族形成層・SNS高感受性層	SNS不安↓ 連帯感↑ 希望↑	自動着金、住居即時枠、初職契約、代替ケアを実際に使った人の承諾済み体験談が広がり、「制度は遅いだけ」という認識に一部反例が生まれる。
60	policy_search_with_sustain_hope_family	HP18	政策	財政持続監査の初回クリア	20	83	0.82	1.00	国家・納税者・若者・家族形成層	財政不安↓ 制度信頼↑ 将来予見性↑	支援財源、物価影響、逆進性、非対象者補正の初回監査が公開され、持続性が崩れていないことと自動補正ルールが確認される。
60	policy_search_with_sustain_hope_family	HP19	政策	nat報酬の初回着金	20	83	0.90	1.00	若者・地域プロジェクト参加層・低中所得層	自己効力感↑ 希望↑ 制度利用↑	地域更新、ケア補助、学習支援、災害備えに参加した若者へ、初回のnat報酬が実際に着金する。社会を維持する行動が飯の種になる体験が生まれる。
60	policy_search_with_sustain_hope_family	HP20	政策	家族形成シミュレーション結果通知	22	83	0.84	1.00	23-40歳・将来家族形成層	子ども意向↑ 安心↑ 将来予見性↑	個別面談を受けた人に、住居、収入、ケア、産後休息、復帰キャリアを含む自分用の家族形成見通しが通知され、無理ならどの条件が足りないかも示される。
60	policy_search_with_sustain_hope_family	HP21	社会反応	希望ケースの地域拡張	31	83	0.92	1.00	若者・地方都市・低中所得層	希望↑ 連帯感↑ 制度信頼↑	初期成功が一部の特権ではなく、複数地域の高校、大学、専門学校、職場、地域プロジェクトに広がったことが可視化される。自分の近くにも使った人がいる状態になる。
60	policy_search_with_sustain_hope_family	HP22	政策	若者メンター・伴走紹介	31	83	0.84	1.00	15-29歳・進学就職移行層・無業非正規層	自己効力感↑ 相談↑ 希望↑	制度利用後に迷う若者へ、同年代または少し上のメンターが紹介される。情報収集だけで止まらず、応募、相談、転居、学び直し、地域参加の次の一手へつなぐ。
60	policy_search_with_sustain_hope_family	HP23	政策	家族形成初回利用の完了通知	35	83	0.86	1.00	23-40歳・将来家族形成層・子育て初期	子ども意向↑ 安心↑ 制度信頼↑	家族形成面談、保育/代替ケア予約、住居支援、復帰キャリア相談の初回利用が完了し、利用者に次回予約と不足条件が通知される。検討が抽象論から実行可能な段取りへ移る。
60	policy_search_with_sustain_hope_family	HP24	社会反応	希望継続コミュニティ	45	83	0.86	1.00	若者・家族形成層・地域	希望↑ 連帯感↑ 撤退圧↓	制度利用後の若者、家族形成層、地域プロジェクト参加者が、進捗、失敗、次の予約、報酬、ケア空き枠を共有する小さなコミュニティを作る。一回の希望を孤立させず、継続する場にする。
60	policy_search_with_sustain_hope_family	HP25	政策	家族形成2回目プラン確定	45	83	0.82	1.00	23-40歳・将来家族形成層	子ども意向↑ 将来予見性↑ 安心↑	初回面談後、住居、収入、ケア、医療、復帰キャリアの不足条件を反映した2回目プランが確定し、子どもを迎える/迎えない/まだ待つ判断を現実的に更新できる。
61	policy_search_with_sustain_hope_family	P01	政策	若者住居安定パッケージ	10	83	0.70	1.00	非正規・無業・若年就業	住居安定↑ 希望↑	家賃補助・保証人代替・転居支援を組み合わせ、居住不安を緩和する。
61	policy_search_with_sustain_hope_family	P02	政策	奨学金負担軽減・所得連動返済	8	83	0.80	1.00	在学層・負債高層	可処分所得↑ 子ども意向↑	返済負担の平準化と減免を導入し、将来投資の先送りを抑制する。
61	policy_search_with_sustain_hope_family	P03	政策	社会持続活動nat報酬制度	12	83	0.85	1.00	全体	nat獲得↑ 希望↑	学校・地域・介護・防災・制度更新活動を報酬化し、役割喪失を防ぐ。
61	policy_search_with_sustain_hope_family	P05	政策	地域ケア就労の賃金底上げ	14	83	0.70	1.00	ケア責任層・地方	雇用安定↑ 制度信頼↑	ケア活動を社会基盤労働として扱い、賃金と社会的評価を引き上げる。
61	policy_search_with_sustain_hope_family	P06	政策	学び直し・移行雇用保証	16	83	0.78	1.00	非正規・無業・自動化影響層	雇用安定↑ 自己効力感↑	訓練と実務移行をセットで保証し、自動化ショックからの回復経路を提供する。
61	policy_search_with_sustain_hope_family	P07	政策	地方分散インフラ投資	20	83	0.65	1.00	地方層	住居安定↑ 希望↑	交通・医療・通信の更新により、地方での生活可能性を底上げする。
61	policy_search_with_sustain_hope_family	P08	政策	若年メンタルヘルス即時アクセス	9	83	0.72	1.00	高負荷層	メンタル負荷↓ 希望↑	心理支援への待機時間と費用障壁を下げ、長期離脱を防ぐ。
61	policy_search_with_sustain_hope_family	P09	政策	学校-企業-地域循環プロジェクト	18	83	0.68	1.00	在学層・若年就業	自己効力感↑ 制度信頼↑	学習内容と地域課題・雇用機会を連結し、努力の手応えを可視化する。
61	policy_search_with_sustain_hope_family	P10	政策	nat通貨の逆進性補正	30	83	0.60	1.00	低所得層中心	格差↓ 制度信頼↑	nat配分の偏りを是正し、参加機会の不公平を抑える再分配ルールを導入する。
61	policy_search_with_sustain_hope_family	P11	政策	介護ロボット・在宅支援普及	22	83	0.62	1.00	ケア責任層・地方・子育て初期	ケア負担↓ 可処分時間↑ 希望↑	介護ロボット、見守り、移乗支援、在宅医療接続を公共支援として広げ、家族ケアによる時間制約を緩和する。
61	policy_search_with_sustain_hope_family	BP02	政策	産後休息・代替ケア保障	15	83	0.78	1.00	妊娠出産期・子育て初期・ケア責任層	時間余力↑ メンタル負荷↓ 出生圧力リスク↓	産後の休息、夜間支援、代替ケア、家事育児支援を公的に確保し、家族責任の固定化や母親だけへの負担集中を防ぐ。
61	policy_search_with_sustain_hope_family	BP03	政策	復帰キャリア・企業負担補正	18	83	0.70	1.00	企業・正規雇用・非正規雇用・子育て初期	雇用安定↑ 企業反発↓ 子ども意向↑	育休復帰、短時間勤務、配置転換、代替人員費を企業だけに背負わせず、構造持続会計で補正し、採用抑制や女性不利益を抑える。
61	policy_search_with_sustain_hope_family	BP04	政策	家族形成住居・教育費緩衝パッケージ	20	83	0.74	1.00	23-40歳・若者・低中所得層	住居安定↑ 教育費不安↓ 希望↑	住居、保育、教育費の長期不安を束ねて緩衝し、子どもを迎える判断が一時金だけで終わらないよう支える。
61	policy_search_with_sustain_hope_family	BP05	政策	出生非強制・監査ガードレール	15	83	0.68	1.00	全体	制度信頼↑ 反発↓ moral injury↓	非婚・非出産・単身・養育しない選択を不利益にせず、出生数ではなく選択可能条件を評価対象にする。若者の「産ませたいだけでは」という反発を監査する。
61	policy_search_with_sustain_hope_family	BP06	政策	財政・インフレ持続性監査	24	83	0.64	1.00	国家・金融・納税者・若者	財政不安↓ 制度信頼↑ 長期予見性↑	一時金と支援の財源、物価影響、対象公平性を継続監査し、金融システムを含む系の持続性が崩れた場合は自動補正する。
61	policy_search_with_sustain_hope_family	BP07	政策	希望経路の可視化と達成共有	30	83	0.76	1.00	若者・家族形成層・次世代コホート	希望↑ 連帯感↑ 自己効力感↑	住居、ケア、教育費、復帰キャリアが実際につながった事例を学校・企業・地域で共有し、少なくとも複数の代表エージェントが「自分たちでも未来を作れる」と感じる経路を観測する。
61	policy_search_with_sustain_hope_family	HP01	政策	若者希望経路保証	8	83	0.84	1.00	15-22歳・進学就職移行層	希望↑ 自己効力感↑ 将来予見性↑	学び、初職、地域プロジェクト、AI活用訓練を接続し、若者が5年後の役割を複数持てるようにする。特定進路の強制ではなく選べる経路を増やす。
61	policy_search_with_sustain_hope_family	HP02	政策	初職喪失リカバリー権	12	83	0.78	1.00	AI自動化影響層・非正規・無業	喪失感↓ 希望↑ 雇用安定↑	AIやロボ導入で初職や職域が狭まった人に、再訓練、職務経験、所得補償をセットで提供し、最初の失敗が人生全体の諦念にならないようにする。
61	policy_search_with_sustain_hope_family	HP03	政策	若者持分型地域プロジェクト	18	83	0.72	1.00	若者・地方・都市低所得層	連帯感↑ 希望↑ nat獲得↑	地域インフラ、ケア、教育、災害対応、文化活動の更新に若者が持分を持ち、参加が報酬と将来役割に接続する仕組みを作る。
61	policy_search_with_sustain_hope_family	HP04	政策	家族形成トライアル支援	20	83	0.76	1.00	23-40歳・将来家族形成層	子ども意向↑ 住居安定↑ 時間余力↑	同居、結婚、妊娠、出産、養育の前段階で、住居、時間、ケア、相談、医療アクセスを試せる支援を整え、後戻りできる安心を残す。
61	policy_search_with_sustain_hope_family	HP05	政策	子育て共同体・代替ケア網	22	83	0.80	1.00	子育て初期・ケア責任層・地域	子育て実行可能性↑ メンタル負荷↓ 連帯感↑	保育、病児対応、夜間支援、送迎、学習支援を地域と企業が共同で担い、親だけが壊れない構造を作る。
61	policy_search_with_sustain_hope_family	HP06	政策	若者発制度監査と異議申立	24	83	0.68	1.00	若者・低所得層・非婚非出産層	制度信頼↑ 裏切られ感↓ 反発↓	制度の対象外になった人、非婚・非出産を選ぶ人、低所得層が異議申し立てできる窓口を作り、施策が弱い人を材料にすることを防ぐ。
61	policy_search_with_sustain_hope_family	HP07	政策	希望不足時の条件監査	30	83	0.70	1.00	LLM観測対象	説明可能性↑ 副作用監査↑ 調整候補↑	デモ観測上、希望を持つ若者・家族形成層が十分に立ち上がらない場合に、どの構造条件が欠けたか、どの層で対象外感・政策疲労・財政不安が出たかを説明対象にする。感情を直接命令せず、経路・支援・信頼・副作用の条件で観測する。
61	policy_search_with_sustain_hope_family	HP08	政策	自動着金・仮払いセーフティ	8	83	0.86	1.00	若者・低中所得層・家族形成層	制度信頼↑ 不安↓ 生活防衛↓	申請から支給までの空白を減らすため、資格確認前の仮払い、あとから精算、異議申立を組み合わせる。支援が「いつか届く」ではなく「今つながる」経験になるようにする。
61	policy_search_with_sustain_hope_family	HP09	政策	若者住居・ケア即時枠	10	83	0.82	1.00	15-29歳・ケア責任層・無業非正規層	安心↑ 撤退圧↓ 希望↑	家を出られない、ケアで動けない、住居費で進路を選べない層に、短期住居、代替ケア、地域伴走を即時枠として用意し、社会からの逃避や長期離脱を防ぐ。
61	policy_search_with_sustain_hope_family	HP10	政策	家族形成条件の個別見通し面談	18	83	0.74	1.00	23-40歳・将来家族形成層・子育て初期	子ども意向↑ 将来予見性↑ 制度利用↑	結婚、妊娠、出産、育休、復帰、住居、教育費、介護との両立を個別ケースで見通せる面談と試算を行い、子どもを迎えたい人が「自分の場合に可能か」を判断できるようにする。
61	policy_search_with_sustain_hope_family	HP11	政策	初期成功ケースの透明公開	12	83	0.84	1.00	若者・家族形成層・制度不信層	制度信頼↑ 自己効力感↑ 希望↑	自動着金、短期住居、代替ケア、初職リカバリーで実際に立て直せた初期ケースを、個人を傷つけない匿名形式で公開する。制度が存在するだけでなく、使うと何が変わるかを確認できるようにする。
61	policy_search_with_sustain_hope_family	HP12	政策	若者・家族形成パーソナル予算枠	15	83	0.86	1.00	15-40歳・低中所得層・ケア責任層	将来予見性↑ 子ども意向↑ 生活防衛↓	住居、学び直し、ケア代替、医療相談、妊娠出産準備に使える5年単位の個人予算枠を付与し、転居や転職をしても権利が持ち運べるようにする。
61	policy_search_with_sustain_hope_family	HP13	政策	非対象者分断の補正説明	15	83	0.72	1.00	非婚非出産層・納税者・若者全体	反発↓ 制度信頼↑ 連帯感↑	家族形成支援を、出生数の押しつけではなく、住居、ケア、学び直し、孤立防止を含む共通インフラとして説明し、非対象者にも使える支援経路と異議申立を明示する。
61	policy_search_with_sustain_hope_family	HP14	政策	個別資格通知と即時予約	18	83	0.92	1.00	15-40歳・低中所得層・ケア責任層	制度利用↑ 将来予見性↑ 希望↑	対象者ごとに、自分が使える住居枠、学び直し予算、ケア代替、家族形成面談の予約可能日が通知される。抽象的な制度ではなく、本人のスマホや学校・職場窓口で具体的な次の一手を確認できる。
61	policy_search_with_sustain_hope_family	HP15	政策	初職・復帰の先行契約枠	18	83	0.84	1.00	若者・AI自動化影響層・子育て初期	雇用安定↑ 自己効力感↑ 生活防衛↓	自治体、企業、学校が連携し、AI活用職、ケア技術、地域更新、育休復帰の先行契約枠を公開する。研修中の所得補償と実務経験を結び、学び直しが空手形にならないようにする。
61	policy_search_with_sustain_hope_family	HP16	政策	子育て共同体の空き枠可視化	20	83	0.80	1.00	家族形成層・子育て初期・地域	子ども意向↑ 安心↑ 連帯感↑	保育、病児対応、夜間支援、送迎、学習支援、産後休息の空き枠を地域単位で可視化し、親だけで抱え込まない具体的な受け皿を見えるようにする。
61	policy_search_with_sustain_hope_family	HP17	社会反応	SNS希望反転と実体験共有	20	83	0.88	1.00	若者・家族形成層・SNS高感受性層	SNS不安↓ 連帯感↑ 希望↑	自動着金、住居即時枠、初職契約、代替ケアを実際に使った人の承諾済み体験談が広がり、「制度は遅いだけ」という認識に一部反例が生まれる。
61	policy_search_with_sustain_hope_family	HP18	政策	財政持続監査の初回クリア	20	83	0.82	1.00	国家・納税者・若者・家族形成層	財政不安↓ 制度信頼↑ 将来予見性↑	支援財源、物価影響、逆進性、非対象者補正の初回監査が公開され、持続性が崩れていないことと自動補正ルールが確認される。
61	policy_search_with_sustain_hope_family	HP19	政策	nat報酬の初回着金	20	83	0.90	1.00	若者・地域プロジェクト参加層・低中所得層	自己効力感↑ 希望↑ 制度利用↑	地域更新、ケア補助、学習支援、災害備えに参加した若者へ、初回のnat報酬が実際に着金する。社会を維持する行動が飯の種になる体験が生まれる。
61	policy_search_with_sustain_hope_family	HP20	政策	家族形成シミュレーション結果通知	22	83	0.84	1.00	23-40歳・将来家族形成層	子ども意向↑ 安心↑ 将来予見性↑	個別面談を受けた人に、住居、収入、ケア、産後休息、復帰キャリアを含む自分用の家族形成見通しが通知され、無理ならどの条件が足りないかも示される。
61	policy_search_with_sustain_hope_family	HP21	社会反応	希望ケースの地域拡張	31	83	0.92	1.00	若者・地方都市・低中所得層	希望↑ 連帯感↑ 制度信頼↑	初期成功が一部の特権ではなく、複数地域の高校、大学、専門学校、職場、地域プロジェクトに広がったことが可視化される。自分の近くにも使った人がいる状態になる。
61	policy_search_with_sustain_hope_family	HP22	政策	若者メンター・伴走紹介	31	83	0.84	1.00	15-29歳・進学就職移行層・無業非正規層	自己効力感↑ 相談↑ 希望↑	制度利用後に迷う若者へ、同年代または少し上のメンターが紹介される。情報収集だけで止まらず、応募、相談、転居、学び直し、地域参加の次の一手へつなぐ。
61	policy_search_with_sustain_hope_family	HP23	政策	家族形成初回利用の完了通知	35	83	0.86	1.00	23-40歳・将来家族形成層・子育て初期	子ども意向↑ 安心↑ 制度信頼↑	家族形成面談、保育/代替ケア予約、住居支援、復帰キャリア相談の初回利用が完了し、利用者に次回予約と不足条件が通知される。検討が抽象論から実行可能な段取りへ移る。
61	policy_search_with_sustain_hope_family	HP24	社会反応	希望継続コミュニティ	45	83	0.86	1.00	若者・家族形成層・地域	希望↑ 連帯感↑ 撤退圧↓	制度利用後の若者、家族形成層、地域プロジェクト参加者が、進捗、失敗、次の予約、報酬、ケア空き枠を共有する小さなコミュニティを作る。一回の希望を孤立させず、継続する場にする。
61	policy_search_with_sustain_hope_family	HP25	政策	家族形成2回目プラン確定	45	83	0.82	1.00	23-40歳・将来家族形成層	子ども意向↑ 将来予見性↑ 安心↑	初回面談後、住居、収入、ケア、医療、復帰キャリアの不足条件を反映した2回目プランが確定し、子どもを迎える/迎えない/まだ待つ判断を現実的に更新できる。
62	policy_search_with_sustain_hope_family	P01	政策	若者住居安定パッケージ	10	83	0.70	1.00	非正規・無業・若年就業	住居安定↑ 希望↑	家賃補助・保証人代替・転居支援を組み合わせ、居住不安を緩和する。
62	policy_search_with_sustain_hope_family	P02	政策	奨学金負担軽減・所得連動返済	8	83	0.80	1.00	在学層・負債高層	可処分所得↑ 子ども意向↑	返済負担の平準化と減免を導入し、将来投資の先送りを抑制する。
62	policy_search_with_sustain_hope_family	P03	政策	社会持続活動nat報酬制度	12	83	0.85	1.00	全体	nat獲得↑ 希望↑	学校・地域・介護・防災・制度更新活動を報酬化し、役割喪失を防ぐ。
62	policy_search_with_sustain_hope_family	P05	政策	地域ケア就労の賃金底上げ	14	83	0.70	1.00	ケア責任層・地方	雇用安定↑ 制度信頼↑	ケア活動を社会基盤労働として扱い、賃金と社会的評価を引き上げる。
62	policy_search_with_sustain_hope_family	P06	政策	学び直し・移行雇用保証	16	83	0.78	1.00	非正規・無業・自動化影響層	雇用安定↑ 自己効力感↑	訓練と実務移行をセットで保証し、自動化ショックからの回復経路を提供する。
62	policy_search_with_sustain_hope_family	P07	政策	地方分散インフラ投資	20	83	0.65	1.00	地方層	住居安定↑ 希望↑	交通・医療・通信の更新により、地方での生活可能性を底上げする。
62	policy_search_with_sustain_hope_family	P08	政策	若年メンタルヘルス即時アクセス	9	83	0.72	1.00	高負荷層	メンタル負荷↓ 希望↑	心理支援への待機時間と費用障壁を下げ、長期離脱を防ぐ。
62	policy_search_with_sustain_hope_family	P09	政策	学校-企業-地域循環プロジェクト	18	83	0.68	1.00	在学層・若年就業	自己効力感↑ 制度信頼↑	学習内容と地域課題・雇用機会を連結し、努力の手応えを可視化する。
62	policy_search_with_sustain_hope_family	P10	政策	nat通貨の逆進性補正	30	83	0.60	1.00	低所得層中心	格差↓ 制度信頼↑	nat配分の偏りを是正し、参加機会の不公平を抑える再分配ルールを導入する。
62	policy_search_with_sustain_hope_family	P11	政策	介護ロボット・在宅支援普及	22	83	0.62	1.00	ケア責任層・地方・子育て初期	ケア負担↓ 可処分時間↑ 希望↑	介護ロボット、見守り、移乗支援、在宅医療接続を公共支援として広げ、家族ケアによる時間制約を緩和する。
62	policy_search_with_sustain_hope_family	BP02	政策	産後休息・代替ケア保障	15	83	0.78	1.00	妊娠出産期・子育て初期・ケア責任層	時間余力↑ メンタル負荷↓ 出生圧力リスク↓	産後の休息、夜間支援、代替ケア、家事育児支援を公的に確保し、家族責任の固定化や母親だけへの負担集中を防ぐ。
62	policy_search_with_sustain_hope_family	BP03	政策	復帰キャリア・企業負担補正	18	83	0.70	1.00	企業・正規雇用・非正規雇用・子育て初期	雇用安定↑ 企業反発↓ 子ども意向↑	育休復帰、短時間勤務、配置転換、代替人員費を企業だけに背負わせず、構造持続会計で補正し、採用抑制や女性不利益を抑える。
62	policy_search_with_sustain_hope_family	BP04	政策	家族形成住居・教育費緩衝パッケージ	20	83	0.74	1.00	23-40歳・若者・低中所得層	住居安定↑ 教育費不安↓ 希望↑	住居、保育、教育費の長期不安を束ねて緩衝し、子どもを迎える判断が一時金だけで終わらないよう支える。
62	policy_search_with_sustain_hope_family	BP05	政策	出生非強制・監査ガードレール	15	83	0.68	1.00	全体	制度信頼↑ 反発↓ moral injury↓	非婚・非出産・単身・養育しない選択を不利益にせず、出生数ではなく選択可能条件を評価対象にする。若者の「産ませたいだけでは」という反発を監査する。
62	policy_search_with_sustain_hope_family	BP06	政策	財政・インフレ持続性監査	24	83	0.64	1.00	国家・金融・納税者・若者	財政不安↓ 制度信頼↑ 長期予見性↑	一時金と支援の財源、物価影響、対象公平性を継続監査し、金融システムを含む系の持続性が崩れた場合は自動補正する。
62	policy_search_with_sustain_hope_family	BP07	政策	希望経路の可視化と達成共有	30	83	0.76	1.00	若者・家族形成層・次世代コホート	希望↑ 連帯感↑ 自己効力感↑	住居、ケア、教育費、復帰キャリアが実際につながった事例を学校・企業・地域で共有し、少なくとも複数の代表エージェントが「自分たちでも未来を作れる」と感じる経路を観測する。
62	policy_search_with_sustain_hope_family	HP01	政策	若者希望経路保証	8	83	0.84	1.00	15-22歳・進学就職移行層	希望↑ 自己効力感↑ 将来予見性↑	学び、初職、地域プロジェクト、AI活用訓練を接続し、若者が5年後の役割を複数持てるようにする。特定進路の強制ではなく選べる経路を増やす。
62	policy_search_with_sustain_hope_family	HP02	政策	初職喪失リカバリー権	12	83	0.78	1.00	AI自動化影響層・非正規・無業	喪失感↓ 希望↑ 雇用安定↑	AIやロボ導入で初職や職域が狭まった人に、再訓練、職務経験、所得補償をセットで提供し、最初の失敗が人生全体の諦念にならないようにする。
62	policy_search_with_sustain_hope_family	HP03	政策	若者持分型地域プロジェクト	18	83	0.72	1.00	若者・地方・都市低所得層	連帯感↑ 希望↑ nat獲得↑	地域インフラ、ケア、教育、災害対応、文化活動の更新に若者が持分を持ち、参加が報酬と将来役割に接続する仕組みを作る。
62	policy_search_with_sustain_hope_family	HP04	政策	家族形成トライアル支援	20	83	0.76	1.00	23-40歳・将来家族形成層	子ども意向↑ 住居安定↑ 時間余力↑	同居、結婚、妊娠、出産、養育の前段階で、住居、時間、ケア、相談、医療アクセスを試せる支援を整え、後戻りできる安心を残す。
62	policy_search_with_sustain_hope_family	HP05	政策	子育て共同体・代替ケア網	22	83	0.80	1.00	子育て初期・ケア責任層・地域	子育て実行可能性↑ メンタル負荷↓ 連帯感↑	保育、病児対応、夜間支援、送迎、学習支援を地域と企業が共同で担い、親だけが壊れない構造を作る。
62	policy_search_with_sustain_hope_family	HP06	政策	若者発制度監査と異議申立	24	83	0.68	1.00	若者・低所得層・非婚非出産層	制度信頼↑ 裏切られ感↓ 反発↓	制度の対象外になった人、非婚・非出産を選ぶ人、低所得層が異議申し立てできる窓口を作り、施策が弱い人を材料にすることを防ぐ。
62	policy_search_with_sustain_hope_family	HP07	政策	希望不足時の条件監査	30	83	0.70	1.00	LLM観測対象	説明可能性↑ 副作用監査↑ 調整候補↑	デモ観測上、希望を持つ若者・家族形成層が十分に立ち上がらない場合に、どの構造条件が欠けたか、どの層で対象外感・政策疲労・財政不安が出たかを説明対象にする。感情を直接命令せず、経路・支援・信頼・副作用の条件で観測する。
62	policy_search_with_sustain_hope_family	HP08	政策	自動着金・仮払いセーフティ	8	83	0.86	1.00	若者・低中所得層・家族形成層	制度信頼↑ 不安↓ 生活防衛↓	申請から支給までの空白を減らすため、資格確認前の仮払い、あとから精算、異議申立を組み合わせる。支援が「いつか届く」ではなく「今つながる」経験になるようにする。
62	policy_search_with_sustain_hope_family	HP09	政策	若者住居・ケア即時枠	10	83	0.82	1.00	15-29歳・ケア責任層・無業非正規層	安心↑ 撤退圧↓ 希望↑	家を出られない、ケアで動けない、住居費で進路を選べない層に、短期住居、代替ケア、地域伴走を即時枠として用意し、社会からの逃避や長期離脱を防ぐ。
62	policy_search_with_sustain_hope_family	HP10	政策	家族形成条件の個別見通し面談	18	83	0.74	1.00	23-40歳・将来家族形成層・子育て初期	子ども意向↑ 将来予見性↑ 制度利用↑	結婚、妊娠、出産、育休、復帰、住居、教育費、介護との両立を個別ケースで見通せる面談と試算を行い、子どもを迎えたい人が「自分の場合に可能か」を判断できるようにする。
62	policy_search_with_sustain_hope_family	HP11	政策	初期成功ケースの透明公開	12	83	0.84	1.00	若者・家族形成層・制度不信層	制度信頼↑ 自己効力感↑ 希望↑	自動着金、短期住居、代替ケア、初職リカバリーで実際に立て直せた初期ケースを、個人を傷つけない匿名形式で公開する。制度が存在するだけでなく、使うと何が変わるかを確認できるようにする。
62	policy_search_with_sustain_hope_family	HP12	政策	若者・家族形成パーソナル予算枠	15	83	0.86	1.00	15-40歳・低中所得層・ケア責任層	将来予見性↑ 子ども意向↑ 生活防衛↓	住居、学び直し、ケア代替、医療相談、妊娠出産準備に使える5年単位の個人予算枠を付与し、転居や転職をしても権利が持ち運べるようにする。
62	policy_search_with_sustain_hope_family	HP13	政策	非対象者分断の補正説明	15	83	0.72	1.00	非婚非出産層・納税者・若者全体	反発↓ 制度信頼↑ 連帯感↑	家族形成支援を、出生数の押しつけではなく、住居、ケア、学び直し、孤立防止を含む共通インフラとして説明し、非対象者にも使える支援経路と異議申立を明示する。
62	policy_search_with_sustain_hope_family	HP14	政策	個別資格通知と即時予約	18	83	0.92	1.00	15-40歳・低中所得層・ケア責任層	制度利用↑ 将来予見性↑ 希望↑	対象者ごとに、自分が使える住居枠、学び直し予算、ケア代替、家族形成面談の予約可能日が通知される。抽象的な制度ではなく、本人のスマホや学校・職場窓口で具体的な次の一手を確認できる。
62	policy_search_with_sustain_hope_family	HP15	政策	初職・復帰の先行契約枠	18	83	0.84	1.00	若者・AI自動化影響層・子育て初期	雇用安定↑ 自己効力感↑ 生活防衛↓	自治体、企業、学校が連携し、AI活用職、ケア技術、地域更新、育休復帰の先行契約枠を公開する。研修中の所得補償と実務経験を結び、学び直しが空手形にならないようにする。
62	policy_search_with_sustain_hope_family	HP16	政策	子育て共同体の空き枠可視化	20	83	0.80	1.00	家族形成層・子育て初期・地域	子ども意向↑ 安心↑ 連帯感↑	保育、病児対応、夜間支援、送迎、学習支援、産後休息の空き枠を地域単位で可視化し、親だけで抱え込まない具体的な受け皿を見えるようにする。
62	policy_search_with_sustain_hope_family	HP17	社会反応	SNS希望反転と実体験共有	20	83	0.88	1.00	若者・家族形成層・SNS高感受性層	SNS不安↓ 連帯感↑ 希望↑	自動着金、住居即時枠、初職契約、代替ケアを実際に使った人の承諾済み体験談が広がり、「制度は遅いだけ」という認識に一部反例が生まれる。
62	policy_search_with_sustain_hope_family	HP18	政策	財政持続監査の初回クリア	20	83	0.82	1.00	国家・納税者・若者・家族形成層	財政不安↓ 制度信頼↑ 将来予見性↑	支援財源、物価影響、逆進性、非対象者補正の初回監査が公開され、持続性が崩れていないことと自動補正ルールが確認される。
62	policy_search_with_sustain_hope_family	HP19	政策	nat報酬の初回着金	20	83	0.90	1.00	若者・地域プロジェクト参加層・低中所得層	自己効力感↑ 希望↑ 制度利用↑	地域更新、ケア補助、学習支援、災害備えに参加した若者へ、初回のnat報酬が実際に着金する。社会を維持する行動が飯の種になる体験が生まれる。
62	policy_search_with_sustain_hope_family	HP20	政策	家族形成シミュレーション結果通知	22	83	0.84	1.00	23-40歳・将来家族形成層	子ども意向↑ 安心↑ 将来予見性↑	個別面談を受けた人に、住居、収入、ケア、産後休息、復帰キャリアを含む自分用の家族形成見通しが通知され、無理ならどの条件が足りないかも示される。
62	policy_search_with_sustain_hope_family	HP21	社会反応	希望ケースの地域拡張	31	83	0.92	1.00	若者・地方都市・低中所得層	希望↑ 連帯感↑ 制度信頼↑	初期成功が一部の特権ではなく、複数地域の高校、大学、専門学校、職場、地域プロジェクトに広がったことが可視化される。自分の近くにも使った人がいる状態になる。
62	policy_search_with_sustain_hope_family	HP22	政策	若者メンター・伴走紹介	31	83	0.84	1.00	15-29歳・進学就職移行層・無業非正規層	自己効力感↑ 相談↑ 希望↑	制度利用後に迷う若者へ、同年代または少し上のメンターが紹介される。情報収集だけで止まらず、応募、相談、転居、学び直し、地域参加の次の一手へつなぐ。
62	policy_search_with_sustain_hope_family	HP23	政策	家族形成初回利用の完了通知	35	83	0.86	1.00	23-40歳・将来家族形成層・子育て初期	子ども意向↑ 安心↑ 制度信頼↑	家族形成面談、保育/代替ケア予約、住居支援、復帰キャリア相談の初回利用が完了し、利用者に次回予約と不足条件が通知される。検討が抽象論から実行可能な段取りへ移る。
62	policy_search_with_sustain_hope_family	HP24	社会反応	希望継続コミュニティ	45	83	0.86	1.00	若者・家族形成層・地域	希望↑ 連帯感↑ 撤退圧↓	制度利用後の若者、家族形成層、地域プロジェクト参加者が、進捗、失敗、次の予約、報酬、ケア空き枠を共有する小さなコミュニティを作る。一回の希望を孤立させず、継続する場にする。
62	policy_search_with_sustain_hope_family	HP25	政策	家族形成2回目プラン確定	45	83	0.82	1.00	23-40歳・将来家族形成層	子ども意向↑ 将来予見性↑ 安心↑	初回面談後、住居、収入、ケア、医療、復帰キャリアの不足条件を反映した2回目プランが確定し、子どもを迎える/迎えない/まだ待つ判断を現実的に更新できる。
63	policy_search_with_sustain_hope_family	P01	政策	若者住居安定パッケージ	10	83	0.70	1.00	非正規・無業・若年就業	住居安定↑ 希望↑	家賃補助・保証人代替・転居支援を組み合わせ、居住不安を緩和する。
63	policy_search_with_sustain_hope_family	P02	政策	奨学金負担軽減・所得連動返済	8	83	0.80	1.00	在学層・負債高層	可処分所得↑ 子ども意向↑	返済負担の平準化と減免を導入し、将来投資の先送りを抑制する。
63	policy_search_with_sustain_hope_family	P03	政策	社会持続活動nat報酬制度	12	83	0.85	1.00	全体	nat獲得↑ 希望↑	学校・地域・介護・防災・制度更新活動を報酬化し、役割喪失を防ぐ。
63	policy_search_with_sustain_hope_family	P05	政策	地域ケア就労の賃金底上げ	14	83	0.70	1.00	ケア責任層・地方	雇用安定↑ 制度信頼↑	ケア活動を社会基盤労働として扱い、賃金と社会的評価を引き上げる。
63	policy_search_with_sustain_hope_family	P06	政策	学び直し・移行雇用保証	16	83	0.78	1.00	非正規・無業・自動化影響層	雇用安定↑ 自己効力感↑	訓練と実務移行をセットで保証し、自動化ショックからの回復経路を提供する。
63	policy_search_with_sustain_hope_family	P07	政策	地方分散インフラ投資	20	83	0.65	1.00	地方層	住居安定↑ 希望↑	交通・医療・通信の更新により、地方での生活可能性を底上げする。
63	policy_search_with_sustain_hope_family	P08	政策	若年メンタルヘルス即時アクセス	9	83	0.72	1.00	高負荷層	メンタル負荷↓ 希望↑	心理支援への待機時間と費用障壁を下げ、長期離脱を防ぐ。
63	policy_search_with_sustain_hope_family	P09	政策	学校-企業-地域循環プロジェクト	18	83	0.68	1.00	在学層・若年就業	自己効力感↑ 制度信頼↑	学習内容と地域課題・雇用機会を連結し、努力の手応えを可視化する。
63	policy_search_with_sustain_hope_family	P10	政策	nat通貨の逆進性補正	30	83	0.60	1.00	低所得層中心	格差↓ 制度信頼↑	nat配分の偏りを是正し、参加機会の不公平を抑える再分配ルールを導入する。
63	policy_search_with_sustain_hope_family	P11	政策	介護ロボット・在宅支援普及	22	83	0.62	1.00	ケア責任層・地方・子育て初期	ケア負担↓ 可処分時間↑ 希望↑	介護ロボット、見守り、移乗支援、在宅医療接続を公共支援として広げ、家族ケアによる時間制約を緩和する。
63	policy_search_with_sustain_hope_family	BP02	政策	産後休息・代替ケア保障	15	83	0.78	1.00	妊娠出産期・子育て初期・ケア責任層	時間余力↑ メンタル負荷↓ 出生圧力リスク↓	産後の休息、夜間支援、代替ケア、家事育児支援を公的に確保し、家族責任の固定化や母親だけへの負担集中を防ぐ。
63	policy_search_with_sustain_hope_family	BP03	政策	復帰キャリア・企業負担補正	18	83	0.70	1.00	企業・正規雇用・非正規雇用・子育て初期	雇用安定↑ 企業反発↓ 子ども意向↑	育休復帰、短時間勤務、配置転換、代替人員費を企業だけに背負わせず、構造持続会計で補正し、採用抑制や女性不利益を抑える。
63	policy_search_with_sustain_hope_family	BP04	政策	家族形成住居・教育費緩衝パッケージ	20	83	0.74	1.00	23-40歳・若者・低中所得層	住居安定↑ 教育費不安↓ 希望↑	住居、保育、教育費の長期不安を束ねて緩衝し、子どもを迎える判断が一時金だけで終わらないよう支える。
63	policy_search_with_sustain_hope_family	BP05	政策	出生非強制・監査ガードレール	15	83	0.68	1.00	全体	制度信頼↑ 反発↓ moral injury↓	非婚・非出産・単身・養育しない選択を不利益にせず、出生数ではなく選択可能条件を評価対象にする。若者の「産ませたいだけでは」という反発を監査する。
63	policy_search_with_sustain_hope_family	BP06	政策	財政・インフレ持続性監査	24	83	0.64	1.00	国家・金融・納税者・若者	財政不安↓ 制度信頼↑ 長期予見性↑	一時金と支援の財源、物価影響、対象公平性を継続監査し、金融システムを含む系の持続性が崩れた場合は自動補正する。
63	policy_search_with_sustain_hope_family	BP07	政策	希望経路の可視化と達成共有	30	83	0.76	1.00	若者・家族形成層・次世代コホート	希望↑ 連帯感↑ 自己効力感↑	住居、ケア、教育費、復帰キャリアが実際につながった事例を学校・企業・地域で共有し、少なくとも複数の代表エージェントが「自分たちでも未来を作れる」と感じる経路を観測する。
63	policy_search_with_sustain_hope_family	HP01	政策	若者希望経路保証	8	83	0.84	1.00	15-22歳・進学就職移行層	希望↑ 自己効力感↑ 将来予見性↑	学び、初職、地域プロジェクト、AI活用訓練を接続し、若者が5年後の役割を複数持てるようにする。特定進路の強制ではなく選べる経路を増やす。
63	policy_search_with_sustain_hope_family	HP02	政策	初職喪失リカバリー権	12	83	0.78	1.00	AI自動化影響層・非正規・無業	喪失感↓ 希望↑ 雇用安定↑	AIやロボ導入で初職や職域が狭まった人に、再訓練、職務経験、所得補償をセットで提供し、最初の失敗が人生全体の諦念にならないようにする。
63	policy_search_with_sustain_hope_family	HP03	政策	若者持分型地域プロジェクト	18	83	0.72	1.00	若者・地方・都市低所得層	連帯感↑ 希望↑ nat獲得↑	地域インフラ、ケア、教育、災害対応、文化活動の更新に若者が持分を持ち、参加が報酬と将来役割に接続する仕組みを作る。
63	policy_search_with_sustain_hope_family	HP04	政策	家族形成トライアル支援	20	83	0.76	1.00	23-40歳・将来家族形成層	子ども意向↑ 住居安定↑ 時間余力↑	同居、結婚、妊娠、出産、養育の前段階で、住居、時間、ケア、相談、医療アクセスを試せる支援を整え、後戻りできる安心を残す。
63	policy_search_with_sustain_hope_family	HP05	政策	子育て共同体・代替ケア網	22	83	0.80	1.00	子育て初期・ケア責任層・地域	子育て実行可能性↑ メンタル負荷↓ 連帯感↑	保育、病児対応、夜間支援、送迎、学習支援を地域と企業が共同で担い、親だけが壊れない構造を作る。
63	policy_search_with_sustain_hope_family	HP06	政策	若者発制度監査と異議申立	24	83	0.68	1.00	若者・低所得層・非婚非出産層	制度信頼↑ 裏切られ感↓ 反発↓	制度の対象外になった人、非婚・非出産を選ぶ人、低所得層が異議申し立てできる窓口を作り、施策が弱い人を材料にすることを防ぐ。
63	policy_search_with_sustain_hope_family	HP07	政策	希望不足時の条件監査	30	83	0.70	1.00	LLM観測対象	説明可能性↑ 副作用監査↑ 調整候補↑	デモ観測上、希望を持つ若者・家族形成層が十分に立ち上がらない場合に、どの構造条件が欠けたか、どの層で対象外感・政策疲労・財政不安が出たかを説明対象にする。感情を直接命令せず、経路・支援・信頼・副作用の条件で観測する。
63	policy_search_with_sustain_hope_family	HP08	政策	自動着金・仮払いセーフティ	8	83	0.86	1.00	若者・低中所得層・家族形成層	制度信頼↑ 不安↓ 生活防衛↓	申請から支給までの空白を減らすため、資格確認前の仮払い、あとから精算、異議申立を組み合わせる。支援が「いつか届く」ではなく「今つながる」経験になるようにする。
63	policy_search_with_sustain_hope_family	HP09	政策	若者住居・ケア即時枠	10	83	0.82	1.00	15-29歳・ケア責任層・無業非正規層	安心↑ 撤退圧↓ 希望↑	家を出られない、ケアで動けない、住居費で進路を選べない層に、短期住居、代替ケア、地域伴走を即時枠として用意し、社会からの逃避や長期離脱を防ぐ。
63	policy_search_with_sustain_hope_family	HP10	政策	家族形成条件の個別見通し面談	18	83	0.74	1.00	23-40歳・将来家族形成層・子育て初期	子ども意向↑ 将来予見性↑ 制度利用↑	結婚、妊娠、出産、育休、復帰、住居、教育費、介護との両立を個別ケースで見通せる面談と試算を行い、子どもを迎えたい人が「自分の場合に可能か」を判断できるようにする。
63	policy_search_with_sustain_hope_family	HP11	政策	初期成功ケースの透明公開	12	83	0.84	1.00	若者・家族形成層・制度不信層	制度信頼↑ 自己効力感↑ 希望↑	自動着金、短期住居、代替ケア、初職リカバリーで実際に立て直せた初期ケースを、個人を傷つけない匿名形式で公開する。制度が存在するだけでなく、使うと何が変わるかを確認できるようにする。
63	policy_search_with_sustain_hope_family	HP12	政策	若者・家族形成パーソナル予算枠	15	83	0.86	1.00	15-40歳・低中所得層・ケア責任層	将来予見性↑ 子ども意向↑ 生活防衛↓	住居、学び直し、ケア代替、医療相談、妊娠出産準備に使える5年単位の個人予算枠を付与し、転居や転職をしても権利が持ち運べるようにする。
63	policy_search_with_sustain_hope_family	HP13	政策	非対象者分断の補正説明	15	83	0.72	1.00	非婚非出産層・納税者・若者全体	反発↓ 制度信頼↑ 連帯感↑	家族形成支援を、出生数の押しつけではなく、住居、ケア、学び直し、孤立防止を含む共通インフラとして説明し、非対象者にも使える支援経路と異議申立を明示する。
63	policy_search_with_sustain_hope_family	HP14	政策	個別資格通知と即時予約	18	83	0.92	1.00	15-40歳・低中所得層・ケア責任層	制度利用↑ 将来予見性↑ 希望↑	対象者ごとに、自分が使える住居枠、学び直し予算、ケア代替、家族形成面談の予約可能日が通知される。抽象的な制度ではなく、本人のスマホや学校・職場窓口で具体的な次の一手を確認できる。
63	policy_search_with_sustain_hope_family	HP15	政策	初職・復帰の先行契約枠	18	83	0.84	1.00	若者・AI自動化影響層・子育て初期	雇用安定↑ 自己効力感↑ 生活防衛↓	自治体、企業、学校が連携し、AI活用職、ケア技術、地域更新、育休復帰の先行契約枠を公開する。研修中の所得補償と実務経験を結び、学び直しが空手形にならないようにする。
63	policy_search_with_sustain_hope_family	HP16	政策	子育て共同体の空き枠可視化	20	83	0.80	1.00	家族形成層・子育て初期・地域	子ども意向↑ 安心↑ 連帯感↑	保育、病児対応、夜間支援、送迎、学習支援、産後休息の空き枠を地域単位で可視化し、親だけで抱え込まない具体的な受け皿を見えるようにする。
63	policy_search_with_sustain_hope_family	HP17	社会反応	SNS希望反転と実体験共有	20	83	0.88	1.00	若者・家族形成層・SNS高感受性層	SNS不安↓ 連帯感↑ 希望↑	自動着金、住居即時枠、初職契約、代替ケアを実際に使った人の承諾済み体験談が広がり、「制度は遅いだけ」という認識に一部反例が生まれる。
63	policy_search_with_sustain_hope_family	HP18	政策	財政持続監査の初回クリア	20	83	0.82	1.00	国家・納税者・若者・家族形成層	財政不安↓ 制度信頼↑ 将来予見性↑	支援財源、物価影響、逆進性、非対象者補正の初回監査が公開され、持続性が崩れていないことと自動補正ルールが確認される。
63	policy_search_with_sustain_hope_family	HP19	政策	nat報酬の初回着金	20	83	0.90	1.00	若者・地域プロジェクト参加層・低中所得層	自己効力感↑ 希望↑ 制度利用↑	地域更新、ケア補助、学習支援、災害備えに参加した若者へ、初回のnat報酬が実際に着金する。社会を維持する行動が飯の種になる体験が生まれる。
63	policy_search_with_sustain_hope_family	HP20	政策	家族形成シミュレーション結果通知	22	83	0.84	1.00	23-40歳・将来家族形成層	子ども意向↑ 安心↑ 将来予見性↑	個別面談を受けた人に、住居、収入、ケア、産後休息、復帰キャリアを含む自分用の家族形成見通しが通知され、無理ならどの条件が足りないかも示される。
63	policy_search_with_sustain_hope_family	HP21	社会反応	希望ケースの地域拡張	31	83	0.92	1.00	若者・地方都市・低中所得層	希望↑ 連帯感↑ 制度信頼↑	初期成功が一部の特権ではなく、複数地域の高校、大学、専門学校、職場、地域プロジェクトに広がったことが可視化される。自分の近くにも使った人がいる状態になる。
63	policy_search_with_sustain_hope_family	HP22	政策	若者メンター・伴走紹介	31	83	0.84	1.00	15-29歳・進学就職移行層・無業非正規層	自己効力感↑ 相談↑ 希望↑	制度利用後に迷う若者へ、同年代または少し上のメンターが紹介される。情報収集だけで止まらず、応募、相談、転居、学び直し、地域参加の次の一手へつなぐ。
63	policy_search_with_sustain_hope_family	HP23	政策	家族形成初回利用の完了通知	35	83	0.86	1.00	23-40歳・将来家族形成層・子育て初期	子ども意向↑ 安心↑ 制度信頼↑	家族形成面談、保育/代替ケア予約、住居支援、復帰キャリア相談の初回利用が完了し、利用者に次回予約と不足条件が通知される。検討が抽象論から実行可能な段取りへ移る。
63	policy_search_with_sustain_hope_family	HP24	社会反応	希望継続コミュニティ	45	83	0.86	1.00	若者・家族形成層・地域	希望↑ 連帯感↑ 撤退圧↓	制度利用後の若者、家族形成層、地域プロジェクト参加者が、進捗、失敗、次の予約、報酬、ケア空き枠を共有する小さなコミュニティを作る。一回の希望を孤立させず、継続する場にする。
63	policy_search_with_sustain_hope_family	HP25	政策	家族形成2回目プラン確定	45	83	0.82	1.00	23-40歳・将来家族形成層	子ども意向↑ 将来予見性↑ 安心↑	初回面談後、住居、収入、ケア、医療、復帰キャリアの不足条件を反映した2回目プランが確定し、子どもを迎える/迎えない/まだ待つ判断を現実的に更新できる。
64	policy_search_with_sustain_hope_family	P01	政策	若者住居安定パッケージ	10	83	0.70	1.00	非正規・無業・若年就業	住居安定↑ 希望↑	家賃補助・保証人代替・転居支援を組み合わせ、居住不安を緩和する。
64	policy_search_with_sustain_hope_family	P02	政策	奨学金負担軽減・所得連動返済	8	83	0.80	1.00	在学層・負債高層	可処分所得↑ 子ども意向↑	返済負担の平準化と減免を導入し、将来投資の先送りを抑制する。
64	policy_search_with_sustain_hope_family	P03	政策	社会持続活動nat報酬制度	12	83	0.85	1.00	全体	nat獲得↑ 希望↑	学校・地域・介護・防災・制度更新活動を報酬化し、役割喪失を防ぐ。
64	policy_search_with_sustain_hope_family	P05	政策	地域ケア就労の賃金底上げ	14	83	0.70	1.00	ケア責任層・地方	雇用安定↑ 制度信頼↑	ケア活動を社会基盤労働として扱い、賃金と社会的評価を引き上げる。
64	policy_search_with_sustain_hope_family	P06	政策	学び直し・移行雇用保証	16	83	0.78	1.00	非正規・無業・自動化影響層	雇用安定↑ 自己効力感↑	訓練と実務移行をセットで保証し、自動化ショックからの回復経路を提供する。
64	policy_search_with_sustain_hope_family	P07	政策	地方分散インフラ投資	20	83	0.65	1.00	地方層	住居安定↑ 希望↑	交通・医療・通信の更新により、地方での生活可能性を底上げする。
64	policy_search_with_sustain_hope_family	P08	政策	若年メンタルヘルス即時アクセス	9	83	0.72	1.00	高負荷層	メンタル負荷↓ 希望↑	心理支援への待機時間と費用障壁を下げ、長期離脱を防ぐ。
64	policy_search_with_sustain_hope_family	P09	政策	学校-企業-地域循環プロジェクト	18	83	0.68	1.00	在学層・若年就業	自己効力感↑ 制度信頼↑	学習内容と地域課題・雇用機会を連結し、努力の手応えを可視化する。
64	policy_search_with_sustain_hope_family	P10	政策	nat通貨の逆進性補正	30	83	0.60	1.00	低所得層中心	格差↓ 制度信頼↑	nat配分の偏りを是正し、参加機会の不公平を抑える再分配ルールを導入する。
64	policy_search_with_sustain_hope_family	P11	政策	介護ロボット・在宅支援普及	22	83	0.62	1.00	ケア責任層・地方・子育て初期	ケア負担↓ 可処分時間↑ 希望↑	介護ロボット、見守り、移乗支援、在宅医療接続を公共支援として広げ、家族ケアによる時間制約を緩和する。
64	policy_search_with_sustain_hope_family	BP02	政策	産後休息・代替ケア保障	15	83	0.78	1.00	妊娠出産期・子育て初期・ケア責任層	時間余力↑ メンタル負荷↓ 出生圧力リスク↓	産後の休息、夜間支援、代替ケア、家事育児支援を公的に確保し、家族責任の固定化や母親だけへの負担集中を防ぐ。
64	policy_search_with_sustain_hope_family	BP03	政策	復帰キャリア・企業負担補正	18	83	0.70	1.00	企業・正規雇用・非正規雇用・子育て初期	雇用安定↑ 企業反発↓ 子ども意向↑	育休復帰、短時間勤務、配置転換、代替人員費を企業だけに背負わせず、構造持続会計で補正し、採用抑制や女性不利益を抑える。
64	policy_search_with_sustain_hope_family	BP04	政策	家族形成住居・教育費緩衝パッケージ	20	83	0.74	1.00	23-40歳・若者・低中所得層	住居安定↑ 教育費不安↓ 希望↑	住居、保育、教育費の長期不安を束ねて緩衝し、子どもを迎える判断が一時金だけで終わらないよう支える。
64	policy_search_with_sustain_hope_family	BP05	政策	出生非強制・監査ガードレール	15	83	0.68	1.00	全体	制度信頼↑ 反発↓ moral injury↓	非婚・非出産・単身・養育しない選択を不利益にせず、出生数ではなく選択可能条件を評価対象にする。若者の「産ませたいだけでは」という反発を監査する。
64	policy_search_with_sustain_hope_family	BP06	政策	財政・インフレ持続性監査	24	83	0.64	1.00	国家・金融・納税者・若者	財政不安↓ 制度信頼↑ 長期予見性↑	一時金と支援の財源、物価影響、対象公平性を継続監査し、金融システムを含む系の持続性が崩れた場合は自動補正する。
64	policy_search_with_sustain_hope_family	BP07	政策	希望経路の可視化と達成共有	30	83	0.76	1.00	若者・家族形成層・次世代コホート	希望↑ 連帯感↑ 自己効力感↑	住居、ケア、教育費、復帰キャリアが実際につながった事例を学校・企業・地域で共有し、少なくとも複数の代表エージェントが「自分たちでも未来を作れる」と感じる経路を観測する。
64	policy_search_with_sustain_hope_family	HP01	政策	若者希望経路保証	8	83	0.84	1.00	15-22歳・進学就職移行層	希望↑ 自己効力感↑ 将来予見性↑	学び、初職、地域プロジェクト、AI活用訓練を接続し、若者が5年後の役割を複数持てるようにする。特定進路の強制ではなく選べる経路を増やす。
64	policy_search_with_sustain_hope_family	HP02	政策	初職喪失リカバリー権	12	83	0.78	1.00	AI自動化影響層・非正規・無業	喪失感↓ 希望↑ 雇用安定↑	AIやロボ導入で初職や職域が狭まった人に、再訓練、職務経験、所得補償をセットで提供し、最初の失敗が人生全体の諦念にならないようにする。
64	policy_search_with_sustain_hope_family	HP03	政策	若者持分型地域プロジェクト	18	83	0.72	1.00	若者・地方・都市低所得層	連帯感↑ 希望↑ nat獲得↑	地域インフラ、ケア、教育、災害対応、文化活動の更新に若者が持分を持ち、参加が報酬と将来役割に接続する仕組みを作る。
64	policy_search_with_sustain_hope_family	HP04	政策	家族形成トライアル支援	20	83	0.76	1.00	23-40歳・将来家族形成層	子ども意向↑ 住居安定↑ 時間余力↑	同居、結婚、妊娠、出産、養育の前段階で、住居、時間、ケア、相談、医療アクセスを試せる支援を整え、後戻りできる安心を残す。
64	policy_search_with_sustain_hope_family	HP05	政策	子育て共同体・代替ケア網	22	83	0.80	1.00	子育て初期・ケア責任層・地域	子育て実行可能性↑ メンタル負荷↓ 連帯感↑	保育、病児対応、夜間支援、送迎、学習支援を地域と企業が共同で担い、親だけが壊れない構造を作る。
64	policy_search_with_sustain_hope_family	HP06	政策	若者発制度監査と異議申立	24	83	0.68	1.00	若者・低所得層・非婚非出産層	制度信頼↑ 裏切られ感↓ 反発↓	制度の対象外になった人、非婚・非出産を選ぶ人、低所得層が異議申し立てできる窓口を作り、施策が弱い人を材料にすることを防ぐ。
64	policy_search_with_sustain_hope_family	HP07	政策	希望不足時の条件監査	30	83	0.70	1.00	LLM観測対象	説明可能性↑ 副作用監査↑ 調整候補↑	デモ観測上、希望を持つ若者・家族形成層が十分に立ち上がらない場合に、どの構造条件が欠けたか、どの層で対象外感・政策疲労・財政不安が出たかを説明対象にする。感情を直接命令せず、経路・支援・信頼・副作用の条件で観測する。
64	policy_search_with_sustain_hope_family	HP08	政策	自動着金・仮払いセーフティ	8	83	0.86	1.00	若者・低中所得層・家族形成層	制度信頼↑ 不安↓ 生活防衛↓	申請から支給までの空白を減らすため、資格確認前の仮払い、あとから精算、異議申立を組み合わせる。支援が「いつか届く」ではなく「今つながる」経験になるようにする。
64	policy_search_with_sustain_hope_family	HP09	政策	若者住居・ケア即時枠	10	83	0.82	1.00	15-29歳・ケア責任層・無業非正規層	安心↑ 撤退圧↓ 希望↑	家を出られない、ケアで動けない、住居費で進路を選べない層に、短期住居、代替ケア、地域伴走を即時枠として用意し、社会からの逃避や長期離脱を防ぐ。
64	policy_search_with_sustain_hope_family	HP10	政策	家族形成条件の個別見通し面談	18	83	0.74	1.00	23-40歳・将来家族形成層・子育て初期	子ども意向↑ 将来予見性↑ 制度利用↑	結婚、妊娠、出産、育休、復帰、住居、教育費、介護との両立を個別ケースで見通せる面談と試算を行い、子どもを迎えたい人が「自分の場合に可能か」を判断できるようにする。
64	policy_search_with_sustain_hope_family	HP11	政策	初期成功ケースの透明公開	12	83	0.84	1.00	若者・家族形成層・制度不信層	制度信頼↑ 自己効力感↑ 希望↑	自動着金、短期住居、代替ケア、初職リカバリーで実際に立て直せた初期ケースを、個人を傷つけない匿名形式で公開する。制度が存在するだけでなく、使うと何が変わるかを確認できるようにする。
64	policy_search_with_sustain_hope_family	HP12	政策	若者・家族形成パーソナル予算枠	15	83	0.86	1.00	15-40歳・低中所得層・ケア責任層	将来予見性↑ 子ども意向↑ 生活防衛↓	住居、学び直し、ケア代替、医療相談、妊娠出産準備に使える5年単位の個人予算枠を付与し、転居や転職をしても権利が持ち運べるようにする。
64	policy_search_with_sustain_hope_family	HP13	政策	非対象者分断の補正説明	15	83	0.72	1.00	非婚非出産層・納税者・若者全体	反発↓ 制度信頼↑ 連帯感↑	家族形成支援を、出生数の押しつけではなく、住居、ケア、学び直し、孤立防止を含む共通インフラとして説明し、非対象者にも使える支援経路と異議申立を明示する。
64	policy_search_with_sustain_hope_family	HP14	政策	個別資格通知と即時予約	18	83	0.92	1.00	15-40歳・低中所得層・ケア責任層	制度利用↑ 将来予見性↑ 希望↑	対象者ごとに、自分が使える住居枠、学び直し予算、ケア代替、家族形成面談の予約可能日が通知される。抽象的な制度ではなく、本人のスマホや学校・職場窓口で具体的な次の一手を確認できる。
64	policy_search_with_sustain_hope_family	HP15	政策	初職・復帰の先行契約枠	18	83	0.84	1.00	若者・AI自動化影響層・子育て初期	雇用安定↑ 自己効力感↑ 生活防衛↓	自治体、企業、学校が連携し、AI活用職、ケア技術、地域更新、育休復帰の先行契約枠を公開する。研修中の所得補償と実務経験を結び、学び直しが空手形にならないようにする。
64	policy_search_with_sustain_hope_family	HP16	政策	子育て共同体の空き枠可視化	20	83	0.80	1.00	家族形成層・子育て初期・地域	子ども意向↑ 安心↑ 連帯感↑	保育、病児対応、夜間支援、送迎、学習支援、産後休息の空き枠を地域単位で可視化し、親だけで抱え込まない具体的な受け皿を見えるようにする。
64	policy_search_with_sustain_hope_family	HP17	社会反応	SNS希望反転と実体験共有	20	83	0.88	1.00	若者・家族形成層・SNS高感受性層	SNS不安↓ 連帯感↑ 希望↑	自動着金、住居即時枠、初職契約、代替ケアを実際に使った人の承諾済み体験談が広がり、「制度は遅いだけ」という認識に一部反例が生まれる。
64	policy_search_with_sustain_hope_family	HP18	政策	財政持続監査の初回クリア	20	83	0.82	1.00	国家・納税者・若者・家族形成層	財政不安↓ 制度信頼↑ 将来予見性↑	支援財源、物価影響、逆進性、非対象者補正の初回監査が公開され、持続性が崩れていないことと自動補正ルールが確認される。
64	policy_search_with_sustain_hope_family	HP19	政策	nat報酬の初回着金	20	83	0.90	1.00	若者・地域プロジェクト参加層・低中所得層	自己効力感↑ 希望↑ 制度利用↑	地域更新、ケア補助、学習支援、災害備えに参加した若者へ、初回のnat報酬が実際に着金する。社会を維持する行動が飯の種になる体験が生まれる。
64	policy_search_with_sustain_hope_family	HP20	政策	家族形成シミュレーション結果通知	22	83	0.84	1.00	23-40歳・将来家族形成層	子ども意向↑ 安心↑ 将来予見性↑	個別面談を受けた人に、住居、収入、ケア、産後休息、復帰キャリアを含む自分用の家族形成見通しが通知され、無理ならどの条件が足りないかも示される。
64	policy_search_with_sustain_hope_family	HP21	社会反応	希望ケースの地域拡張	31	83	0.92	1.00	若者・地方都市・低中所得層	希望↑ 連帯感↑ 制度信頼↑	初期成功が一部の特権ではなく、複数地域の高校、大学、専門学校、職場、地域プロジェクトに広がったことが可視化される。自分の近くにも使った人がいる状態になる。
64	policy_search_with_sustain_hope_family	HP22	政策	若者メンター・伴走紹介	31	83	0.84	1.00	15-29歳・進学就職移行層・無業非正規層	自己効力感↑ 相談↑ 希望↑	制度利用後に迷う若者へ、同年代または少し上のメンターが紹介される。情報収集だけで止まらず、応募、相談、転居、学び直し、地域参加の次の一手へつなぐ。
64	policy_search_with_sustain_hope_family	HP23	政策	家族形成初回利用の完了通知	35	83	0.86	1.00	23-40歳・将来家族形成層・子育て初期	子ども意向↑ 安心↑ 制度信頼↑	家族形成面談、保育/代替ケア予約、住居支援、復帰キャリア相談の初回利用が完了し、利用者に次回予約と不足条件が通知される。検討が抽象論から実行可能な段取りへ移る。
64	policy_search_with_sustain_hope_family	HP24	社会反応	希望継続コミュニティ	45	83	0.86	1.00	若者・家族形成層・地域	希望↑ 連帯感↑ 撤退圧↓	制度利用後の若者、家族形成層、地域プロジェクト参加者が、進捗、失敗、次の予約、報酬、ケア空き枠を共有する小さなコミュニティを作る。一回の希望を孤立させず、継続する場にする。
64	policy_search_with_sustain_hope_family	HP25	政策	家族形成2回目プラン確定	45	83	0.82	1.00	23-40歳・将来家族形成層	子ども意向↑ 将来予見性↑ 安心↑	初回面談後、住居、収入、ケア、医療、復帰キャリアの不足条件を反映した2回目プランが確定し、子どもを迎える/迎えない/まだ待つ判断を現実的に更新できる。
65	policy_search_with_sustain_hope_family	P01	政策	若者住居安定パッケージ	10	83	0.70	1.00	非正規・無業・若年就業	住居安定↑ 希望↑	家賃補助・保証人代替・転居支援を組み合わせ、居住不安を緩和する。
65	policy_search_with_sustain_hope_family	P02	政策	奨学金負担軽減・所得連動返済	8	83	0.80	1.00	在学層・負債高層	可処分所得↑ 子ども意向↑	返済負担の平準化と減免を導入し、将来投資の先送りを抑制する。
65	policy_search_with_sustain_hope_family	P03	政策	社会持続活動nat報酬制度	12	83	0.85	1.00	全体	nat獲得↑ 希望↑	学校・地域・介護・防災・制度更新活動を報酬化し、役割喪失を防ぐ。
65	policy_search_with_sustain_hope_family	P05	政策	地域ケア就労の賃金底上げ	14	83	0.70	1.00	ケア責任層・地方	雇用安定↑ 制度信頼↑	ケア活動を社会基盤労働として扱い、賃金と社会的評価を引き上げる。
65	policy_search_with_sustain_hope_family	P06	政策	学び直し・移行雇用保証	16	83	0.78	1.00	非正規・無業・自動化影響層	雇用安定↑ 自己効力感↑	訓練と実務移行をセットで保証し、自動化ショックからの回復経路を提供する。
65	policy_search_with_sustain_hope_family	P07	政策	地方分散インフラ投資	20	83	0.65	1.00	地方層	住居安定↑ 希望↑	交通・医療・通信の更新により、地方での生活可能性を底上げする。
65	policy_search_with_sustain_hope_family	P08	政策	若年メンタルヘルス即時アクセス	9	83	0.72	1.00	高負荷層	メンタル負荷↓ 希望↑	心理支援への待機時間と費用障壁を下げ、長期離脱を防ぐ。
65	policy_search_with_sustain_hope_family	P09	政策	学校-企業-地域循環プロジェクト	18	83	0.68	1.00	在学層・若年就業	自己効力感↑ 制度信頼↑	学習内容と地域課題・雇用機会を連結し、努力の手応えを可視化する。
65	policy_search_with_sustain_hope_family	P10	政策	nat通貨の逆進性補正	30	83	0.60	1.00	低所得層中心	格差↓ 制度信頼↑	nat配分の偏りを是正し、参加機会の不公平を抑える再分配ルールを導入する。
65	policy_search_with_sustain_hope_family	P11	政策	介護ロボット・在宅支援普及	22	83	0.62	1.00	ケア責任層・地方・子育て初期	ケア負担↓ 可処分時間↑ 希望↑	介護ロボット、見守り、移乗支援、在宅医療接続を公共支援として広げ、家族ケアによる時間制約を緩和する。
65	policy_search_with_sustain_hope_family	BP02	政策	産後休息・代替ケア保障	15	83	0.78	1.00	妊娠出産期・子育て初期・ケア責任層	時間余力↑ メンタル負荷↓ 出生圧力リスク↓	産後の休息、夜間支援、代替ケア、家事育児支援を公的に確保し、家族責任の固定化や母親だけへの負担集中を防ぐ。
65	policy_search_with_sustain_hope_family	BP03	政策	復帰キャリア・企業負担補正	18	83	0.70	1.00	企業・正規雇用・非正規雇用・子育て初期	雇用安定↑ 企業反発↓ 子ども意向↑	育休復帰、短時間勤務、配置転換、代替人員費を企業だけに背負わせず、構造持続会計で補正し、採用抑制や女性不利益を抑える。
65	policy_search_with_sustain_hope_family	BP04	政策	家族形成住居・教育費緩衝パッケージ	20	83	0.74	1.00	23-40歳・若者・低中所得層	住居安定↑ 教育費不安↓ 希望↑	住居、保育、教育費の長期不安を束ねて緩衝し、子どもを迎える判断が一時金だけで終わらないよう支える。
65	policy_search_with_sustain_hope_family	BP05	政策	出生非強制・監査ガードレール	15	83	0.68	1.00	全体	制度信頼↑ 反発↓ moral injury↓	非婚・非出産・単身・養育しない選択を不利益にせず、出生数ではなく選択可能条件を評価対象にする。若者の「産ませたいだけでは」という反発を監査する。
65	policy_search_with_sustain_hope_family	BP06	政策	財政・インフレ持続性監査	24	83	0.64	1.00	国家・金融・納税者・若者	財政不安↓ 制度信頼↑ 長期予見性↑	一時金と支援の財源、物価影響、対象公平性を継続監査し、金融システムを含む系の持続性が崩れた場合は自動補正する。
65	policy_search_with_sustain_hope_family	BP07	政策	希望経路の可視化と達成共有	30	83	0.76	1.00	若者・家族形成層・次世代コホート	希望↑ 連帯感↑ 自己効力感↑	住居、ケア、教育費、復帰キャリアが実際につながった事例を学校・企業・地域で共有し、少なくとも複数の代表エージェントが「自分たちでも未来を作れる」と感じる経路を観測する。
65	policy_search_with_sustain_hope_family	HP01	政策	若者希望経路保証	8	83	0.84	1.00	15-22歳・進学就職移行層	希望↑ 自己効力感↑ 将来予見性↑	学び、初職、地域プロジェクト、AI活用訓練を接続し、若者が5年後の役割を複数持てるようにする。特定進路の強制ではなく選べる経路を増やす。
65	policy_search_with_sustain_hope_family	HP02	政策	初職喪失リカバリー権	12	83	0.78	1.00	AI自動化影響層・非正規・無業	喪失感↓ 希望↑ 雇用安定↑	AIやロボ導入で初職や職域が狭まった人に、再訓練、職務経験、所得補償をセットで提供し、最初の失敗が人生全体の諦念にならないようにする。
65	policy_search_with_sustain_hope_family	HP03	政策	若者持分型地域プロジェクト	18	83	0.72	1.00	若者・地方・都市低所得層	連帯感↑ 希望↑ nat獲得↑	地域インフラ、ケア、教育、災害対応、文化活動の更新に若者が持分を持ち、参加が報酬と将来役割に接続する仕組みを作る。
65	policy_search_with_sustain_hope_family	HP04	政策	家族形成トライアル支援	20	83	0.76	1.00	23-40歳・将来家族形成層	子ども意向↑ 住居安定↑ 時間余力↑	同居、結婚、妊娠、出産、養育の前段階で、住居、時間、ケア、相談、医療アクセスを試せる支援を整え、後戻りできる安心を残す。
65	policy_search_with_sustain_hope_family	HP05	政策	子育て共同体・代替ケア網	22	83	0.80	1.00	子育て初期・ケア責任層・地域	子育て実行可能性↑ メンタル負荷↓ 連帯感↑	保育、病児対応、夜間支援、送迎、学習支援を地域と企業が共同で担い、親だけが壊れない構造を作る。
65	policy_search_with_sustain_hope_family	HP06	政策	若者発制度監査と異議申立	24	83	0.68	1.00	若者・低所得層・非婚非出産層	制度信頼↑ 裏切られ感↓ 反発↓	制度の対象外になった人、非婚・非出産を選ぶ人、低所得層が異議申し立てできる窓口を作り、施策が弱い人を材料にすることを防ぐ。
65	policy_search_with_sustain_hope_family	HP07	政策	希望不足時の条件監査	30	83	0.70	1.00	LLM観測対象	説明可能性↑ 副作用監査↑ 調整候補↑	デモ観測上、希望を持つ若者・家族形成層が十分に立ち上がらない場合に、どの構造条件が欠けたか、どの層で対象外感・政策疲労・財政不安が出たかを説明対象にする。感情を直接命令せず、経路・支援・信頼・副作用の条件で観測する。
65	policy_search_with_sustain_hope_family	HP08	政策	自動着金・仮払いセーフティ	8	83	0.86	1.00	若者・低中所得層・家族形成層	制度信頼↑ 不安↓ 生活防衛↓	申請から支給までの空白を減らすため、資格確認前の仮払い、あとから精算、異議申立を組み合わせる。支援が「いつか届く」ではなく「今つながる」経験になるようにする。
65	policy_search_with_sustain_hope_family	HP09	政策	若者住居・ケア即時枠	10	83	0.82	1.00	15-29歳・ケア責任層・無業非正規層	安心↑ 撤退圧↓ 希望↑	家を出られない、ケアで動けない、住居費で進路を選べない層に、短期住居、代替ケア、地域伴走を即時枠として用意し、社会からの逃避や長期離脱を防ぐ。
65	policy_search_with_sustain_hope_family	HP10	政策	家族形成条件の個別見通し面談	18	83	0.74	1.00	23-40歳・将来家族形成層・子育て初期	子ども意向↑ 将来予見性↑ 制度利用↑	結婚、妊娠、出産、育休、復帰、住居、教育費、介護との両立を個別ケースで見通せる面談と試算を行い、子どもを迎えたい人が「自分の場合に可能か」を判断できるようにする。
65	policy_search_with_sustain_hope_family	HP11	政策	初期成功ケースの透明公開	12	83	0.84	1.00	若者・家族形成層・制度不信層	制度信頼↑ 自己効力感↑ 希望↑	自動着金、短期住居、代替ケア、初職リカバリーで実際に立て直せた初期ケースを、個人を傷つけない匿名形式で公開する。制度が存在するだけでなく、使うと何が変わるかを確認できるようにする。
65	policy_search_with_sustain_hope_family	HP12	政策	若者・家族形成パーソナル予算枠	15	83	0.86	1.00	15-40歳・低中所得層・ケア責任層	将来予見性↑ 子ども意向↑ 生活防衛↓	住居、学び直し、ケア代替、医療相談、妊娠出産準備に使える5年単位の個人予算枠を付与し、転居や転職をしても権利が持ち運べるようにする。
65	policy_search_with_sustain_hope_family	HP13	政策	非対象者分断の補正説明	15	83	0.72	1.00	非婚非出産層・納税者・若者全体	反発↓ 制度信頼↑ 連帯感↑	家族形成支援を、出生数の押しつけではなく、住居、ケア、学び直し、孤立防止を含む共通インフラとして説明し、非対象者にも使える支援経路と異議申立を明示する。
65	policy_search_with_sustain_hope_family	HP14	政策	個別資格通知と即時予約	18	83	0.92	1.00	15-40歳・低中所得層・ケア責任層	制度利用↑ 将来予見性↑ 希望↑	対象者ごとに、自分が使える住居枠、学び直し予算、ケア代替、家族形成面談の予約可能日が通知される。抽象的な制度ではなく、本人のスマホや学校・職場窓口で具体的な次の一手を確認できる。
65	policy_search_with_sustain_hope_family	HP15	政策	初職・復帰の先行契約枠	18	83	0.84	1.00	若者・AI自動化影響層・子育て初期	雇用安定↑ 自己効力感↑ 生活防衛↓	自治体、企業、学校が連携し、AI活用職、ケア技術、地域更新、育休復帰の先行契約枠を公開する。研修中の所得補償と実務経験を結び、学び直しが空手形にならないようにする。
65	policy_search_with_sustain_hope_family	HP16	政策	子育て共同体の空き枠可視化	20	83	0.80	1.00	家族形成層・子育て初期・地域	子ども意向↑ 安心↑ 連帯感↑	保育、病児対応、夜間支援、送迎、学習支援、産後休息の空き枠を地域単位で可視化し、親だけで抱え込まない具体的な受け皿を見えるようにする。
65	policy_search_with_sustain_hope_family	HP17	社会反応	SNS希望反転と実体験共有	20	83	0.88	1.00	若者・家族形成層・SNS高感受性層	SNS不安↓ 連帯感↑ 希望↑	自動着金、住居即時枠、初職契約、代替ケアを実際に使った人の承諾済み体験談が広がり、「制度は遅いだけ」という認識に一部反例が生まれる。
65	policy_search_with_sustain_hope_family	HP18	政策	財政持続監査の初回クリア	20	83	0.82	1.00	国家・納税者・若者・家族形成層	財政不安↓ 制度信頼↑ 将来予見性↑	支援財源、物価影響、逆進性、非対象者補正の初回監査が公開され、持続性が崩れていないことと自動補正ルールが確認される。
65	policy_search_with_sustain_hope_family	HP19	政策	nat報酬の初回着金	20	83	0.90	1.00	若者・地域プロジェクト参加層・低中所得層	自己効力感↑ 希望↑ 制度利用↑	地域更新、ケア補助、学習支援、災害備えに参加した若者へ、初回のnat報酬が実際に着金する。社会を維持する行動が飯の種になる体験が生まれる。
65	policy_search_with_sustain_hope_family	HP20	政策	家族形成シミュレーション結果通知	22	83	0.84	1.00	23-40歳・将来家族形成層	子ども意向↑ 安心↑ 将来予見性↑	個別面談を受けた人に、住居、収入、ケア、産後休息、復帰キャリアを含む自分用の家族形成見通しが通知され、無理ならどの条件が足りないかも示される。
65	policy_search_with_sustain_hope_family	HP21	社会反応	希望ケースの地域拡張	31	83	0.92	1.00	若者・地方都市・低中所得層	希望↑ 連帯感↑ 制度信頼↑	初期成功が一部の特権ではなく、複数地域の高校、大学、専門学校、職場、地域プロジェクトに広がったことが可視化される。自分の近くにも使った人がいる状態になる。
65	policy_search_with_sustain_hope_family	HP22	政策	若者メンター・伴走紹介	31	83	0.84	1.00	15-29歳・進学就職移行層・無業非正規層	自己効力感↑ 相談↑ 希望↑	制度利用後に迷う若者へ、同年代または少し上のメンターが紹介される。情報収集だけで止まらず、応募、相談、転居、学び直し、地域参加の次の一手へつなぐ。
65	policy_search_with_sustain_hope_family	HP23	政策	家族形成初回利用の完了通知	35	83	0.86	1.00	23-40歳・将来家族形成層・子育て初期	子ども意向↑ 安心↑ 制度信頼↑	家族形成面談、保育/代替ケア予約、住居支援、復帰キャリア相談の初回利用が完了し、利用者に次回予約と不足条件が通知される。検討が抽象論から実行可能な段取りへ移る。
65	policy_search_with_sustain_hope_family	HP24	社会反応	希望継続コミュニティ	45	83	0.86	1.00	若者・家族形成層・地域	希望↑ 連帯感↑ 撤退圧↓	制度利用後の若者、家族形成層、地域プロジェクト参加者が、進捗、失敗、次の予約、報酬、ケア空き枠を共有する小さなコミュニティを作る。一回の希望を孤立させず、継続する場にする。
65	policy_search_with_sustain_hope_family	HP25	政策	家族形成2回目プラン確定	45	83	0.82	1.00	23-40歳・将来家族形成層	子ども意向↑ 将来予見性↑ 安心↑	初回面談後、住居、収入、ケア、医療、復帰キャリアの不足条件を反映した2回目プランが確定し、子どもを迎える/迎えない/まだ待つ判断を現実的に更新できる。
66	policy_search_with_sustain_hope_family	P01	政策	若者住居安定パッケージ	10	83	0.70	1.00	非正規・無業・若年就業	住居安定↑ 希望↑	家賃補助・保証人代替・転居支援を組み合わせ、居住不安を緩和する。
66	policy_search_with_sustain_hope_family	P02	政策	奨学金負担軽減・所得連動返済	8	83	0.80	1.00	在学層・負債高層	可処分所得↑ 子ども意向↑	返済負担の平準化と減免を導入し、将来投資の先送りを抑制する。
66	policy_search_with_sustain_hope_family	P03	政策	社会持続活動nat報酬制度	12	83	0.85	1.00	全体	nat獲得↑ 希望↑	学校・地域・介護・防災・制度更新活動を報酬化し、役割喪失を防ぐ。
66	policy_search_with_sustain_hope_family	P05	政策	地域ケア就労の賃金底上げ	14	83	0.70	1.00	ケア責任層・地方	雇用安定↑ 制度信頼↑	ケア活動を社会基盤労働として扱い、賃金と社会的評価を引き上げる。
66	policy_search_with_sustain_hope_family	P06	政策	学び直し・移行雇用保証	16	83	0.78	1.00	非正規・無業・自動化影響層	雇用安定↑ 自己効力感↑	訓練と実務移行をセットで保証し、自動化ショックからの回復経路を提供する。
66	policy_search_with_sustain_hope_family	P07	政策	地方分散インフラ投資	20	83	0.65	1.00	地方層	住居安定↑ 希望↑	交通・医療・通信の更新により、地方での生活可能性を底上げする。
66	policy_search_with_sustain_hope_family	P08	政策	若年メンタルヘルス即時アクセス	9	83	0.72	1.00	高負荷層	メンタル負荷↓ 希望↑	心理支援への待機時間と費用障壁を下げ、長期離脱を防ぐ。
66	policy_search_with_sustain_hope_family	P09	政策	学校-企業-地域循環プロジェクト	18	83	0.68	1.00	在学層・若年就業	自己効力感↑ 制度信頼↑	学習内容と地域課題・雇用機会を連結し、努力の手応えを可視化する。
66	policy_search_with_sustain_hope_family	P10	政策	nat通貨の逆進性補正	30	83	0.60	1.00	低所得層中心	格差↓ 制度信頼↑	nat配分の偏りを是正し、参加機会の不公平を抑える再分配ルールを導入する。
66	policy_search_with_sustain_hope_family	P11	政策	介護ロボット・在宅支援普及	22	83	0.62	1.00	ケア責任層・地方・子育て初期	ケア負担↓ 可処分時間↑ 希望↑	介護ロボット、見守り、移乗支援、在宅医療接続を公共支援として広げ、家族ケアによる時間制約を緩和する。
66	policy_search_with_sustain_hope_family	BP02	政策	産後休息・代替ケア保障	15	83	0.78	1.00	妊娠出産期・子育て初期・ケア責任層	時間余力↑ メンタル負荷↓ 出生圧力リスク↓	産後の休息、夜間支援、代替ケア、家事育児支援を公的に確保し、家族責任の固定化や母親だけへの負担集中を防ぐ。
66	policy_search_with_sustain_hope_family	BP03	政策	復帰キャリア・企業負担補正	18	83	0.70	1.00	企業・正規雇用・非正規雇用・子育て初期	雇用安定↑ 企業反発↓ 子ども意向↑	育休復帰、短時間勤務、配置転換、代替人員費を企業だけに背負わせず、構造持続会計で補正し、採用抑制や女性不利益を抑える。
66	policy_search_with_sustain_hope_family	BP04	政策	家族形成住居・教育費緩衝パッケージ	20	83	0.74	1.00	23-40歳・若者・低中所得層	住居安定↑ 教育費不安↓ 希望↑	住居、保育、教育費の長期不安を束ねて緩衝し、子どもを迎える判断が一時金だけで終わらないよう支える。
66	policy_search_with_sustain_hope_family	BP05	政策	出生非強制・監査ガードレール	15	83	0.68	1.00	全体	制度信頼↑ 反発↓ moral injury↓	非婚・非出産・単身・養育しない選択を不利益にせず、出生数ではなく選択可能条件を評価対象にする。若者の「産ませたいだけでは」という反発を監査する。
66	policy_search_with_sustain_hope_family	BP06	政策	財政・インフレ持続性監査	24	83	0.64	1.00	国家・金融・納税者・若者	財政不安↓ 制度信頼↑ 長期予見性↑	一時金と支援の財源、物価影響、対象公平性を継続監査し、金融システムを含む系の持続性が崩れた場合は自動補正する。
66	policy_search_with_sustain_hope_family	BP07	政策	希望経路の可視化と達成共有	30	83	0.76	1.00	若者・家族形成層・次世代コホート	希望↑ 連帯感↑ 自己効力感↑	住居、ケア、教育費、復帰キャリアが実際につながった事例を学校・企業・地域で共有し、少なくとも複数の代表エージェントが「自分たちでも未来を作れる」と感じる経路を観測する。
66	policy_search_with_sustain_hope_family	HP01	政策	若者希望経路保証	8	83	0.84	1.00	15-22歳・進学就職移行層	希望↑ 自己効力感↑ 将来予見性↑	学び、初職、地域プロジェクト、AI活用訓練を接続し、若者が5年後の役割を複数持てるようにする。特定進路の強制ではなく選べる経路を増やす。
66	policy_search_with_sustain_hope_family	HP02	政策	初職喪失リカバリー権	12	83	0.78	1.00	AI自動化影響層・非正規・無業	喪失感↓ 希望↑ 雇用安定↑	AIやロボ導入で初職や職域が狭まった人に、再訓練、職務経験、所得補償をセットで提供し、最初の失敗が人生全体の諦念にならないようにする。
66	policy_search_with_sustain_hope_family	HP03	政策	若者持分型地域プロジェクト	18	83	0.72	1.00	若者・地方・都市低所得層	連帯感↑ 希望↑ nat獲得↑	地域インフラ、ケア、教育、災害対応、文化活動の更新に若者が持分を持ち、参加が報酬と将来役割に接続する仕組みを作る。
66	policy_search_with_sustain_hope_family	HP04	政策	家族形成トライアル支援	20	83	0.76	1.00	23-40歳・将来家族形成層	子ども意向↑ 住居安定↑ 時間余力↑	同居、結婚、妊娠、出産、養育の前段階で、住居、時間、ケア、相談、医療アクセスを試せる支援を整え、後戻りできる安心を残す。
66	policy_search_with_sustain_hope_family	HP05	政策	子育て共同体・代替ケア網	22	83	0.80	1.00	子育て初期・ケア責任層・地域	子育て実行可能性↑ メンタル負荷↓ 連帯感↑	保育、病児対応、夜間支援、送迎、学習支援を地域と企業が共同で担い、親だけが壊れない構造を作る。
66	policy_search_with_sustain_hope_family	HP06	政策	若者発制度監査と異議申立	24	83	0.68	1.00	若者・低所得層・非婚非出産層	制度信頼↑ 裏切られ感↓ 反発↓	制度の対象外になった人、非婚・非出産を選ぶ人、低所得層が異議申し立てできる窓口を作り、施策が弱い人を材料にすることを防ぐ。
66	policy_search_with_sustain_hope_family	HP07	政策	希望不足時の条件監査	30	83	0.70	1.00	LLM観測対象	説明可能性↑ 副作用監査↑ 調整候補↑	デモ観測上、希望を持つ若者・家族形成層が十分に立ち上がらない場合に、どの構造条件が欠けたか、どの層で対象外感・政策疲労・財政不安が出たかを説明対象にする。感情を直接命令せず、経路・支援・信頼・副作用の条件で観測する。
66	policy_search_with_sustain_hope_family	HP08	政策	自動着金・仮払いセーフティ	8	83	0.86	1.00	若者・低中所得層・家族形成層	制度信頼↑ 不安↓ 生活防衛↓	申請から支給までの空白を減らすため、資格確認前の仮払い、あとから精算、異議申立を組み合わせる。支援が「いつか届く」ではなく「今つながる」経験になるようにする。
66	policy_search_with_sustain_hope_family	HP09	政策	若者住居・ケア即時枠	10	83	0.82	1.00	15-29歳・ケア責任層・無業非正規層	安心↑ 撤退圧↓ 希望↑	家を出られない、ケアで動けない、住居費で進路を選べない層に、短期住居、代替ケア、地域伴走を即時枠として用意し、社会からの逃避や長期離脱を防ぐ。
66	policy_search_with_sustain_hope_family	HP10	政策	家族形成条件の個別見通し面談	18	83	0.74	1.00	23-40歳・将来家族形成層・子育て初期	子ども意向↑ 将来予見性↑ 制度利用↑	結婚、妊娠、出産、育休、復帰、住居、教育費、介護との両立を個別ケースで見通せる面談と試算を行い、子どもを迎えたい人が「自分の場合に可能か」を判断できるようにする。
66	policy_search_with_sustain_hope_family	HP11	政策	初期成功ケースの透明公開	12	83	0.84	1.00	若者・家族形成層・制度不信層	制度信頼↑ 自己効力感↑ 希望↑	自動着金、短期住居、代替ケア、初職リカバリーで実際に立て直せた初期ケースを、個人を傷つけない匿名形式で公開する。制度が存在するだけでなく、使うと何が変わるかを確認できるようにする。
66	policy_search_with_sustain_hope_family	HP12	政策	若者・家族形成パーソナル予算枠	15	83	0.86	1.00	15-40歳・低中所得層・ケア責任層	将来予見性↑ 子ども意向↑ 生活防衛↓	住居、学び直し、ケア代替、医療相談、妊娠出産準備に使える5年単位の個人予算枠を付与し、転居や転職をしても権利が持ち運べるようにする。
66	policy_search_with_sustain_hope_family	HP13	政策	非対象者分断の補正説明	15	83	0.72	1.00	非婚非出産層・納税者・若者全体	反発↓ 制度信頼↑ 連帯感↑	家族形成支援を、出生数の押しつけではなく、住居、ケア、学び直し、孤立防止を含む共通インフラとして説明し、非対象者にも使える支援経路と異議申立を明示する。
66	policy_search_with_sustain_hope_family	HP14	政策	個別資格通知と即時予約	18	83	0.92	1.00	15-40歳・低中所得層・ケア責任層	制度利用↑ 将来予見性↑ 希望↑	対象者ごとに、自分が使える住居枠、学び直し予算、ケア代替、家族形成面談の予約可能日が通知される。抽象的な制度ではなく、本人のスマホや学校・職場窓口で具体的な次の一手を確認できる。
66	policy_search_with_sustain_hope_family	HP15	政策	初職・復帰の先行契約枠	18	83	0.84	1.00	若者・AI自動化影響層・子育て初期	雇用安定↑ 自己効力感↑ 生活防衛↓	自治体、企業、学校が連携し、AI活用職、ケア技術、地域更新、育休復帰の先行契約枠を公開する。研修中の所得補償と実務経験を結び、学び直しが空手形にならないようにする。
66	policy_search_with_sustain_hope_family	HP16	政策	子育て共同体の空き枠可視化	20	83	0.80	1.00	家族形成層・子育て初期・地域	子ども意向↑ 安心↑ 連帯感↑	保育、病児対応、夜間支援、送迎、学習支援、産後休息の空き枠を地域単位で可視化し、親だけで抱え込まない具体的な受け皿を見えるようにする。
66	policy_search_with_sustain_hope_family	HP17	社会反応	SNS希望反転と実体験共有	20	83	0.88	1.00	若者・家族形成層・SNS高感受性層	SNS不安↓ 連帯感↑ 希望↑	自動着金、住居即時枠、初職契約、代替ケアを実際に使った人の承諾済み体験談が広がり、「制度は遅いだけ」という認識に一部反例が生まれる。
66	policy_search_with_sustain_hope_family	HP18	政策	財政持続監査の初回クリア	20	83	0.82	1.00	国家・納税者・若者・家族形成層	財政不安↓ 制度信頼↑ 将来予見性↑	支援財源、物価影響、逆進性、非対象者補正の初回監査が公開され、持続性が崩れていないことと自動補正ルールが確認される。
66	policy_search_with_sustain_hope_family	HP19	政策	nat報酬の初回着金	20	83	0.90	1.00	若者・地域プロジェクト参加層・低中所得層	自己効力感↑ 希望↑ 制度利用↑	地域更新、ケア補助、学習支援、災害備えに参加した若者へ、初回のnat報酬が実際に着金する。社会を維持する行動が飯の種になる体験が生まれる。
66	policy_search_with_sustain_hope_family	HP20	政策	家族形成シミュレーション結果通知	22	83	0.84	1.00	23-40歳・将来家族形成層	子ども意向↑ 安心↑ 将来予見性↑	個別面談を受けた人に、住居、収入、ケア、産後休息、復帰キャリアを含む自分用の家族形成見通しが通知され、無理ならどの条件が足りないかも示される。
66	policy_search_with_sustain_hope_family	HP21	社会反応	希望ケースの地域拡張	31	83	0.92	1.00	若者・地方都市・低中所得層	希望↑ 連帯感↑ 制度信頼↑	初期成功が一部の特権ではなく、複数地域の高校、大学、専門学校、職場、地域プロジェクトに広がったことが可視化される。自分の近くにも使った人がいる状態になる。
66	policy_search_with_sustain_hope_family	HP22	政策	若者メンター・伴走紹介	31	83	0.84	1.00	15-29歳・進学就職移行層・無業非正規層	自己効力感↑ 相談↑ 希望↑	制度利用後に迷う若者へ、同年代または少し上のメンターが紹介される。情報収集だけで止まらず、応募、相談、転居、学び直し、地域参加の次の一手へつなぐ。
66	policy_search_with_sustain_hope_family	HP23	政策	家族形成初回利用の完了通知	35	83	0.86	1.00	23-40歳・将来家族形成層・子育て初期	子ども意向↑ 安心↑ 制度信頼↑	家族形成面談、保育/代替ケア予約、住居支援、復帰キャリア相談の初回利用が完了し、利用者に次回予約と不足条件が通知される。検討が抽象論から実行可能な段取りへ移る。
66	policy_search_with_sustain_hope_family	HP24	社会反応	希望継続コミュニティ	45	83	0.86	1.00	若者・家族形成層・地域	希望↑ 連帯感↑ 撤退圧↓	制度利用後の若者、家族形成層、地域プロジェクト参加者が、進捗、失敗、次の予約、報酬、ケア空き枠を共有する小さなコミュニティを作る。一回の希望を孤立させず、継続する場にする。
66	policy_search_with_sustain_hope_family	HP25	政策	家族形成2回目プラン確定	45	83	0.82	1.00	23-40歳・将来家族形成層	子ども意向↑ 将来予見性↑ 安心↑	初回面談後、住居、収入、ケア、医療、復帰キャリアの不足条件を反映した2回目プランが確定し、子どもを迎える/迎えない/まだ待つ判断を現実的に更新できる。
67	policy_search_with_sustain_hope_family	P01	政策	若者住居安定パッケージ	10	83	0.70	1.00	非正規・無業・若年就業	住居安定↑ 希望↑	家賃補助・保証人代替・転居支援を組み合わせ、居住不安を緩和する。
67	policy_search_with_sustain_hope_family	P02	政策	奨学金負担軽減・所得連動返済	8	83	0.80	1.00	在学層・負債高層	可処分所得↑ 子ども意向↑	返済負担の平準化と減免を導入し、将来投資の先送りを抑制する。
67	policy_search_with_sustain_hope_family	P03	政策	社会持続活動nat報酬制度	12	83	0.85	1.00	全体	nat獲得↑ 希望↑	学校・地域・介護・防災・制度更新活動を報酬化し、役割喪失を防ぐ。
67	policy_search_with_sustain_hope_family	P05	政策	地域ケア就労の賃金底上げ	14	83	0.70	1.00	ケア責任層・地方	雇用安定↑ 制度信頼↑	ケア活動を社会基盤労働として扱い、賃金と社会的評価を引き上げる。
67	policy_search_with_sustain_hope_family	P06	政策	学び直し・移行雇用保証	16	83	0.78	1.00	非正規・無業・自動化影響層	雇用安定↑ 自己効力感↑	訓練と実務移行をセットで保証し、自動化ショックからの回復経路を提供する。
67	policy_search_with_sustain_hope_family	P07	政策	地方分散インフラ投資	20	83	0.65	1.00	地方層	住居安定↑ 希望↑	交通・医療・通信の更新により、地方での生活可能性を底上げする。
67	policy_search_with_sustain_hope_family	P08	政策	若年メンタルヘルス即時アクセス	9	83	0.72	1.00	高負荷層	メンタル負荷↓ 希望↑	心理支援への待機時間と費用障壁を下げ、長期離脱を防ぐ。
67	policy_search_with_sustain_hope_family	P09	政策	学校-企業-地域循環プロジェクト	18	83	0.68	1.00	在学層・若年就業	自己効力感↑ 制度信頼↑	学習内容と地域課題・雇用機会を連結し、努力の手応えを可視化する。
67	policy_search_with_sustain_hope_family	P10	政策	nat通貨の逆進性補正	30	83	0.60	1.00	低所得層中心	格差↓ 制度信頼↑	nat配分の偏りを是正し、参加機会の不公平を抑える再分配ルールを導入する。
67	policy_search_with_sustain_hope_family	P11	政策	介護ロボット・在宅支援普及	22	83	0.62	1.00	ケア責任層・地方・子育て初期	ケア負担↓ 可処分時間↑ 希望↑	介護ロボット、見守り、移乗支援、在宅医療接続を公共支援として広げ、家族ケアによる時間制約を緩和する。
67	policy_search_with_sustain_hope_family	BP02	政策	産後休息・代替ケア保障	15	83	0.78	1.00	妊娠出産期・子育て初期・ケア責任層	時間余力↑ メンタル負荷↓ 出生圧力リスク↓	産後の休息、夜間支援、代替ケア、家事育児支援を公的に確保し、家族責任の固定化や母親だけへの負担集中を防ぐ。
67	policy_search_with_sustain_hope_family	BP03	政策	復帰キャリア・企業負担補正	18	83	0.70	1.00	企業・正規雇用・非正規雇用・子育て初期	雇用安定↑ 企業反発↓ 子ども意向↑	育休復帰、短時間勤務、配置転換、代替人員費を企業だけに背負わせず、構造持続会計で補正し、採用抑制や女性不利益を抑える。
67	policy_search_with_sustain_hope_family	BP04	政策	家族形成住居・教育費緩衝パッケージ	20	83	0.74	1.00	23-40歳・若者・低中所得層	住居安定↑ 教育費不安↓ 希望↑	住居、保育、教育費の長期不安を束ねて緩衝し、子どもを迎える判断が一時金だけで終わらないよう支える。
67	policy_search_with_sustain_hope_family	BP05	政策	出生非強制・監査ガードレール	15	83	0.68	1.00	全体	制度信頼↑ 反発↓ moral injury↓	非婚・非出産・単身・養育しない選択を不利益にせず、出生数ではなく選択可能条件を評価対象にする。若者の「産ませたいだけでは」という反発を監査する。
67	policy_search_with_sustain_hope_family	BP06	政策	財政・インフレ持続性監査	24	83	0.64	1.00	国家・金融・納税者・若者	財政不安↓ 制度信頼↑ 長期予見性↑	一時金と支援の財源、物価影響、対象公平性を継続監査し、金融システムを含む系の持続性が崩れた場合は自動補正する。
67	policy_search_with_sustain_hope_family	BP07	政策	希望経路の可視化と達成共有	30	83	0.76	1.00	若者・家族形成層・次世代コホート	希望↑ 連帯感↑ 自己効力感↑	住居、ケア、教育費、復帰キャリアが実際につながった事例を学校・企業・地域で共有し、少なくとも複数の代表エージェントが「自分たちでも未来を作れる」と感じる経路を観測する。
67	policy_search_with_sustain_hope_family	HP01	政策	若者希望経路保証	8	83	0.84	1.00	15-22歳・進学就職移行層	希望↑ 自己効力感↑ 将来予見性↑	学び、初職、地域プロジェクト、AI活用訓練を接続し、若者が5年後の役割を複数持てるようにする。特定進路の強制ではなく選べる経路を増やす。
67	policy_search_with_sustain_hope_family	HP02	政策	初職喪失リカバリー権	12	83	0.78	1.00	AI自動化影響層・非正規・無業	喪失感↓ 希望↑ 雇用安定↑	AIやロボ導入で初職や職域が狭まった人に、再訓練、職務経験、所得補償をセットで提供し、最初の失敗が人生全体の諦念にならないようにする。
67	policy_search_with_sustain_hope_family	HP03	政策	若者持分型地域プロジェクト	18	83	0.72	1.00	若者・地方・都市低所得層	連帯感↑ 希望↑ nat獲得↑	地域インフラ、ケア、教育、災害対応、文化活動の更新に若者が持分を持ち、参加が報酬と将来役割に接続する仕組みを作る。
67	policy_search_with_sustain_hope_family	HP04	政策	家族形成トライアル支援	20	83	0.76	1.00	23-40歳・将来家族形成層	子ども意向↑ 住居安定↑ 時間余力↑	同居、結婚、妊娠、出産、養育の前段階で、住居、時間、ケア、相談、医療アクセスを試せる支援を整え、後戻りできる安心を残す。
67	policy_search_with_sustain_hope_family	HP05	政策	子育て共同体・代替ケア網	22	83	0.80	1.00	子育て初期・ケア責任層・地域	子育て実行可能性↑ メンタル負荷↓ 連帯感↑	保育、病児対応、夜間支援、送迎、学習支援を地域と企業が共同で担い、親だけが壊れない構造を作る。
67	policy_search_with_sustain_hope_family	HP06	政策	若者発制度監査と異議申立	24	83	0.68	1.00	若者・低所得層・非婚非出産層	制度信頼↑ 裏切られ感↓ 反発↓	制度の対象外になった人、非婚・非出産を選ぶ人、低所得層が異議申し立てできる窓口を作り、施策が弱い人を材料にすることを防ぐ。
67	policy_search_with_sustain_hope_family	HP07	政策	希望不足時の条件監査	30	83	0.70	1.00	LLM観測対象	説明可能性↑ 副作用監査↑ 調整候補↑	デモ観測上、希望を持つ若者・家族形成層が十分に立ち上がらない場合に、どの構造条件が欠けたか、どの層で対象外感・政策疲労・財政不安が出たかを説明対象にする。感情を直接命令せず、経路・支援・信頼・副作用の条件で観測する。
67	policy_search_with_sustain_hope_family	HP08	政策	自動着金・仮払いセーフティ	8	83	0.86	1.00	若者・低中所得層・家族形成層	制度信頼↑ 不安↓ 生活防衛↓	申請から支給までの空白を減らすため、資格確認前の仮払い、あとから精算、異議申立を組み合わせる。支援が「いつか届く」ではなく「今つながる」経験になるようにする。
67	policy_search_with_sustain_hope_family	HP09	政策	若者住居・ケア即時枠	10	83	0.82	1.00	15-29歳・ケア責任層・無業非正規層	安心↑ 撤退圧↓ 希望↑	家を出られない、ケアで動けない、住居費で進路を選べない層に、短期住居、代替ケア、地域伴走を即時枠として用意し、社会からの逃避や長期離脱を防ぐ。
67	policy_search_with_sustain_hope_family	HP10	政策	家族形成条件の個別見通し面談	18	83	0.74	1.00	23-40歳・将来家族形成層・子育て初期	子ども意向↑ 将来予見性↑ 制度利用↑	結婚、妊娠、出産、育休、復帰、住居、教育費、介護との両立を個別ケースで見通せる面談と試算を行い、子どもを迎えたい人が「自分の場合に可能か」を判断できるようにする。
67	policy_search_with_sustain_hope_family	HP11	政策	初期成功ケースの透明公開	12	83	0.84	1.00	若者・家族形成層・制度不信層	制度信頼↑ 自己効力感↑ 希望↑	自動着金、短期住居、代替ケア、初職リカバリーで実際に立て直せた初期ケースを、個人を傷つけない匿名形式で公開する。制度が存在するだけでなく、使うと何が変わるかを確認できるようにする。
67	policy_search_with_sustain_hope_family	HP12	政策	若者・家族形成パーソナル予算枠	15	83	0.86	1.00	15-40歳・低中所得層・ケア責任層	将来予見性↑ 子ども意向↑ 生活防衛↓	住居、学び直し、ケア代替、医療相談、妊娠出産準備に使える5年単位の個人予算枠を付与し、転居や転職をしても権利が持ち運べるようにする。
67	policy_search_with_sustain_hope_family	HP13	政策	非対象者分断の補正説明	15	83	0.72	1.00	非婚非出産層・納税者・若者全体	反発↓ 制度信頼↑ 連帯感↑	家族形成支援を、出生数の押しつけではなく、住居、ケア、学び直し、孤立防止を含む共通インフラとして説明し、非対象者にも使える支援経路と異議申立を明示する。
67	policy_search_with_sustain_hope_family	HP14	政策	個別資格通知と即時予約	18	83	0.92	1.00	15-40歳・低中所得層・ケア責任層	制度利用↑ 将来予見性↑ 希望↑	対象者ごとに、自分が使える住居枠、学び直し予算、ケア代替、家族形成面談の予約可能日が通知される。抽象的な制度ではなく、本人のスマホや学校・職場窓口で具体的な次の一手を確認できる。
67	policy_search_with_sustain_hope_family	HP15	政策	初職・復帰の先行契約枠	18	83	0.84	1.00	若者・AI自動化影響層・子育て初期	雇用安定↑ 自己効力感↑ 生活防衛↓	自治体、企業、学校が連携し、AI活用職、ケア技術、地域更新、育休復帰の先行契約枠を公開する。研修中の所得補償と実務経験を結び、学び直しが空手形にならないようにする。
67	policy_search_with_sustain_hope_family	HP16	政策	子育て共同体の空き枠可視化	20	83	0.80	1.00	家族形成層・子育て初期・地域	子ども意向↑ 安心↑ 連帯感↑	保育、病児対応、夜間支援、送迎、学習支援、産後休息の空き枠を地域単位で可視化し、親だけで抱え込まない具体的な受け皿を見えるようにする。
67	policy_search_with_sustain_hope_family	HP17	社会反応	SNS希望反転と実体験共有	20	83	0.88	1.00	若者・家族形成層・SNS高感受性層	SNS不安↓ 連帯感↑ 希望↑	自動着金、住居即時枠、初職契約、代替ケアを実際に使った人の承諾済み体験談が広がり、「制度は遅いだけ」という認識に一部反例が生まれる。
67	policy_search_with_sustain_hope_family	HP18	政策	財政持続監査の初回クリア	20	83	0.82	1.00	国家・納税者・若者・家族形成層	財政不安↓ 制度信頼↑ 将来予見性↑	支援財源、物価影響、逆進性、非対象者補正の初回監査が公開され、持続性が崩れていないことと自動補正ルールが確認される。
67	policy_search_with_sustain_hope_family	HP19	政策	nat報酬の初回着金	20	83	0.90	1.00	若者・地域プロジェクト参加層・低中所得層	自己効力感↑ 希望↑ 制度利用↑	地域更新、ケア補助、学習支援、災害備えに参加した若者へ、初回のnat報酬が実際に着金する。社会を維持する行動が飯の種になる体験が生まれる。
67	policy_search_with_sustain_hope_family	HP20	政策	家族形成シミュレーション結果通知	22	83	0.84	1.00	23-40歳・将来家族形成層	子ども意向↑ 安心↑ 将来予見性↑	個別面談を受けた人に、住居、収入、ケア、産後休息、復帰キャリアを含む自分用の家族形成見通しが通知され、無理ならどの条件が足りないかも示される。
67	policy_search_with_sustain_hope_family	HP21	社会反応	希望ケースの地域拡張	31	83	0.92	1.00	若者・地方都市・低中所得層	希望↑ 連帯感↑ 制度信頼↑	初期成功が一部の特権ではなく、複数地域の高校、大学、専門学校、職場、地域プロジェクトに広がったことが可視化される。自分の近くにも使った人がいる状態になる。
67	policy_search_with_sustain_hope_family	HP22	政策	若者メンター・伴走紹介	31	83	0.84	1.00	15-29歳・進学就職移行層・無業非正規層	自己効力感↑ 相談↑ 希望↑	制度利用後に迷う若者へ、同年代または少し上のメンターが紹介される。情報収集だけで止まらず、応募、相談、転居、学び直し、地域参加の次の一手へつなぐ。
67	policy_search_with_sustain_hope_family	HP23	政策	家族形成初回利用の完了通知	35	83	0.86	1.00	23-40歳・将来家族形成層・子育て初期	子ども意向↑ 安心↑ 制度信頼↑	家族形成面談、保育/代替ケア予約、住居支援、復帰キャリア相談の初回利用が完了し、利用者に次回予約と不足条件が通知される。検討が抽象論から実行可能な段取りへ移る。
67	policy_search_with_sustain_hope_family	HP24	社会反応	希望継続コミュニティ	45	83	0.86	1.00	若者・家族形成層・地域	希望↑ 連帯感↑ 撤退圧↓	制度利用後の若者、家族形成層、地域プロジェクト参加者が、進捗、失敗、次の予約、報酬、ケア空き枠を共有する小さなコミュニティを作る。一回の希望を孤立させず、継続する場にする。
67	policy_search_with_sustain_hope_family	HP25	政策	家族形成2回目プラン確定	45	83	0.82	1.00	23-40歳・将来家族形成層	子ども意向↑ 将来予見性↑ 安心↑	初回面談後、住居、収入、ケア、医療、復帰キャリアの不足条件を反映した2回目プランが確定し、子どもを迎える/迎えない/まだ待つ判断を現実的に更新できる。
68	policy_search_with_sustain_hope_family	P01	政策	若者住居安定パッケージ	10	83	0.70	1.00	非正規・無業・若年就業	住居安定↑ 希望↑	家賃補助・保証人代替・転居支援を組み合わせ、居住不安を緩和する。
68	policy_search_with_sustain_hope_family	P02	政策	奨学金負担軽減・所得連動返済	8	83	0.80	1.00	在学層・負債高層	可処分所得↑ 子ども意向↑	返済負担の平準化と減免を導入し、将来投資の先送りを抑制する。
68	policy_search_with_sustain_hope_family	P03	政策	社会持続活動nat報酬制度	12	83	0.85	1.00	全体	nat獲得↑ 希望↑	学校・地域・介護・防災・制度更新活動を報酬化し、役割喪失を防ぐ。
68	policy_search_with_sustain_hope_family	P05	政策	地域ケア就労の賃金底上げ	14	83	0.70	1.00	ケア責任層・地方	雇用安定↑ 制度信頼↑	ケア活動を社会基盤労働として扱い、賃金と社会的評価を引き上げる。
68	policy_search_with_sustain_hope_family	P06	政策	学び直し・移行雇用保証	16	83	0.78	1.00	非正規・無業・自動化影響層	雇用安定↑ 自己効力感↑	訓練と実務移行をセットで保証し、自動化ショックからの回復経路を提供する。
68	policy_search_with_sustain_hope_family	P07	政策	地方分散インフラ投資	20	83	0.65	1.00	地方層	住居安定↑ 希望↑	交通・医療・通信の更新により、地方での生活可能性を底上げする。
68	policy_search_with_sustain_hope_family	P08	政策	若年メンタルヘルス即時アクセス	9	83	0.72	1.00	高負荷層	メンタル負荷↓ 希望↑	心理支援への待機時間と費用障壁を下げ、長期離脱を防ぐ。
68	policy_search_with_sustain_hope_family	P09	政策	学校-企業-地域循環プロジェクト	18	83	0.68	1.00	在学層・若年就業	自己効力感↑ 制度信頼↑	学習内容と地域課題・雇用機会を連結し、努力の手応えを可視化する。
68	policy_search_with_sustain_hope_family	P10	政策	nat通貨の逆進性補正	30	83	0.60	1.00	低所得層中心	格差↓ 制度信頼↑	nat配分の偏りを是正し、参加機会の不公平を抑える再分配ルールを導入する。
68	policy_search_with_sustain_hope_family	P11	政策	介護ロボット・在宅支援普及	22	83	0.62	1.00	ケア責任層・地方・子育て初期	ケア負担↓ 可処分時間↑ 希望↑	介護ロボット、見守り、移乗支援、在宅医療接続を公共支援として広げ、家族ケアによる時間制約を緩和する。
68	policy_search_with_sustain_hope_family	BP02	政策	産後休息・代替ケア保障	15	83	0.78	1.00	妊娠出産期・子育て初期・ケア責任層	時間余力↑ メンタル負荷↓ 出生圧力リスク↓	産後の休息、夜間支援、代替ケア、家事育児支援を公的に確保し、家族責任の固定化や母親だけへの負担集中を防ぐ。
68	policy_search_with_sustain_hope_family	BP03	政策	復帰キャリア・企業負担補正	18	83	0.70	1.00	企業・正規雇用・非正規雇用・子育て初期	雇用安定↑ 企業反発↓ 子ども意向↑	育休復帰、短時間勤務、配置転換、代替人員費を企業だけに背負わせず、構造持続会計で補正し、採用抑制や女性不利益を抑える。
68	policy_search_with_sustain_hope_family	BP04	政策	家族形成住居・教育費緩衝パッケージ	20	83	0.74	1.00	23-40歳・若者・低中所得層	住居安定↑ 教育費不安↓ 希望↑	住居、保育、教育費の長期不安を束ねて緩衝し、子どもを迎える判断が一時金だけで終わらないよう支える。
68	policy_search_with_sustain_hope_family	BP05	政策	出生非強制・監査ガードレール	15	83	0.68	1.00	全体	制度信頼↑ 反発↓ moral injury↓	非婚・非出産・単身・養育しない選択を不利益にせず、出生数ではなく選択可能条件を評価対象にする。若者の「産ませたいだけでは」という反発を監査する。
68	policy_search_with_sustain_hope_family	BP06	政策	財政・インフレ持続性監査	24	83	0.64	1.00	国家・金融・納税者・若者	財政不安↓ 制度信頼↑ 長期予見性↑	一時金と支援の財源、物価影響、対象公平性を継続監査し、金融システムを含む系の持続性が崩れた場合は自動補正する。
68	policy_search_with_sustain_hope_family	BP07	政策	希望経路の可視化と達成共有	30	83	0.76	1.00	若者・家族形成層・次世代コホート	希望↑ 連帯感↑ 自己効力感↑	住居、ケア、教育費、復帰キャリアが実際につながった事例を学校・企業・地域で共有し、少なくとも複数の代表エージェントが「自分たちでも未来を作れる」と感じる経路を観測する。
68	policy_search_with_sustain_hope_family	HP01	政策	若者希望経路保証	8	83	0.84	1.00	15-22歳・進学就職移行層	希望↑ 自己効力感↑ 将来予見性↑	学び、初職、地域プロジェクト、AI活用訓練を接続し、若者が5年後の役割を複数持てるようにする。特定進路の強制ではなく選べる経路を増やす。
68	policy_search_with_sustain_hope_family	HP02	政策	初職喪失リカバリー権	12	83	0.78	1.00	AI自動化影響層・非正規・無業	喪失感↓ 希望↑ 雇用安定↑	AIやロボ導入で初職や職域が狭まった人に、再訓練、職務経験、所得補償をセットで提供し、最初の失敗が人生全体の諦念にならないようにする。
68	policy_search_with_sustain_hope_family	HP03	政策	若者持分型地域プロジェクト	18	83	0.72	1.00	若者・地方・都市低所得層	連帯感↑ 希望↑ nat獲得↑	地域インフラ、ケア、教育、災害対応、文化活動の更新に若者が持分を持ち、参加が報酬と将来役割に接続する仕組みを作る。
68	policy_search_with_sustain_hope_family	HP04	政策	家族形成トライアル支援	20	83	0.76	1.00	23-40歳・将来家族形成層	子ども意向↑ 住居安定↑ 時間余力↑	同居、結婚、妊娠、出産、養育の前段階で、住居、時間、ケア、相談、医療アクセスを試せる支援を整え、後戻りできる安心を残す。
68	policy_search_with_sustain_hope_family	HP05	政策	子育て共同体・代替ケア網	22	83	0.80	1.00	子育て初期・ケア責任層・地域	子育て実行可能性↑ メンタル負荷↓ 連帯感↑	保育、病児対応、夜間支援、送迎、学習支援を地域と企業が共同で担い、親だけが壊れない構造を作る。
68	policy_search_with_sustain_hope_family	HP06	政策	若者発制度監査と異議申立	24	83	0.68	1.00	若者・低所得層・非婚非出産層	制度信頼↑ 裏切られ感↓ 反発↓	制度の対象外になった人、非婚・非出産を選ぶ人、低所得層が異議申し立てできる窓口を作り、施策が弱い人を材料にすることを防ぐ。
68	policy_search_with_sustain_hope_family	HP07	政策	希望不足時の条件監査	30	83	0.70	1.00	LLM観測対象	説明可能性↑ 副作用監査↑ 調整候補↑	デモ観測上、希望を持つ若者・家族形成層が十分に立ち上がらない場合に、どの構造条件が欠けたか、どの層で対象外感・政策疲労・財政不安が出たかを説明対象にする。感情を直接命令せず、経路・支援・信頼・副作用の条件で観測する。
68	policy_search_with_sustain_hope_family	HP08	政策	自動着金・仮払いセーフティ	8	83	0.86	1.00	若者・低中所得層・家族形成層	制度信頼↑ 不安↓ 生活防衛↓	申請から支給までの空白を減らすため、資格確認前の仮払い、あとから精算、異議申立を組み合わせる。支援が「いつか届く」ではなく「今つながる」経験になるようにする。
68	policy_search_with_sustain_hope_family	HP09	政策	若者住居・ケア即時枠	10	83	0.82	1.00	15-29歳・ケア責任層・無業非正規層	安心↑ 撤退圧↓ 希望↑	家を出られない、ケアで動けない、住居費で進路を選べない層に、短期住居、代替ケア、地域伴走を即時枠として用意し、社会からの逃避や長期離脱を防ぐ。
68	policy_search_with_sustain_hope_family	HP10	政策	家族形成条件の個別見通し面談	18	83	0.74	1.00	23-40歳・将来家族形成層・子育て初期	子ども意向↑ 将来予見性↑ 制度利用↑	結婚、妊娠、出産、育休、復帰、住居、教育費、介護との両立を個別ケースで見通せる面談と試算を行い、子どもを迎えたい人が「自分の場合に可能か」を判断できるようにする。
68	policy_search_with_sustain_hope_family	HP11	政策	初期成功ケースの透明公開	12	83	0.84	1.00	若者・家族形成層・制度不信層	制度信頼↑ 自己効力感↑ 希望↑	自動着金、短期住居、代替ケア、初職リカバリーで実際に立て直せた初期ケースを、個人を傷つけない匿名形式で公開する。制度が存在するだけでなく、使うと何が変わるかを確認できるようにする。
68	policy_search_with_sustain_hope_family	HP12	政策	若者・家族形成パーソナル予算枠	15	83	0.86	1.00	15-40歳・低中所得層・ケア責任層	将来予見性↑ 子ども意向↑ 生活防衛↓	住居、学び直し、ケア代替、医療相談、妊娠出産準備に使える5年単位の個人予算枠を付与し、転居や転職をしても権利が持ち運べるようにする。
68	policy_search_with_sustain_hope_family	HP13	政策	非対象者分断の補正説明	15	83	0.72	1.00	非婚非出産層・納税者・若者全体	反発↓ 制度信頼↑ 連帯感↑	家族形成支援を、出生数の押しつけではなく、住居、ケア、学び直し、孤立防止を含む共通インフラとして説明し、非対象者にも使える支援経路と異議申立を明示する。
68	policy_search_with_sustain_hope_family	HP14	政策	個別資格通知と即時予約	18	83	0.92	1.00	15-40歳・低中所得層・ケア責任層	制度利用↑ 将来予見性↑ 希望↑	対象者ごとに、自分が使える住居枠、学び直し予算、ケア代替、家族形成面談の予約可能日が通知される。抽象的な制度ではなく、本人のスマホや学校・職場窓口で具体的な次の一手を確認できる。
68	policy_search_with_sustain_hope_family	HP15	政策	初職・復帰の先行契約枠	18	83	0.84	1.00	若者・AI自動化影響層・子育て初期	雇用安定↑ 自己効力感↑ 生活防衛↓	自治体、企業、学校が連携し、AI活用職、ケア技術、地域更新、育休復帰の先行契約枠を公開する。研修中の所得補償と実務経験を結び、学び直しが空手形にならないようにする。
68	policy_search_with_sustain_hope_family	HP16	政策	子育て共同体の空き枠可視化	20	83	0.80	1.00	家族形成層・子育て初期・地域	子ども意向↑ 安心↑ 連帯感↑	保育、病児対応、夜間支援、送迎、学習支援、産後休息の空き枠を地域単位で可視化し、親だけで抱え込まない具体的な受け皿を見えるようにする。
68	policy_search_with_sustain_hope_family	HP17	社会反応	SNS希望反転と実体験共有	20	83	0.88	1.00	若者・家族形成層・SNS高感受性層	SNS不安↓ 連帯感↑ 希望↑	自動着金、住居即時枠、初職契約、代替ケアを実際に使った人の承諾済み体験談が広がり、「制度は遅いだけ」という認識に一部反例が生まれる。
68	policy_search_with_sustain_hope_family	HP18	政策	財政持続監査の初回クリア	20	83	0.82	1.00	国家・納税者・若者・家族形成層	財政不安↓ 制度信頼↑ 将来予見性↑	支援財源、物価影響、逆進性、非対象者補正の初回監査が公開され、持続性が崩れていないことと自動補正ルールが確認される。
68	policy_search_with_sustain_hope_family	HP19	政策	nat報酬の初回着金	20	83	0.90	1.00	若者・地域プロジェクト参加層・低中所得層	自己効力感↑ 希望↑ 制度利用↑	地域更新、ケア補助、学習支援、災害備えに参加した若者へ、初回のnat報酬が実際に着金する。社会を維持する行動が飯の種になる体験が生まれる。
68	policy_search_with_sustain_hope_family	HP20	政策	家族形成シミュレーション結果通知	22	83	0.84	1.00	23-40歳・将来家族形成層	子ども意向↑ 安心↑ 将来予見性↑	個別面談を受けた人に、住居、収入、ケア、産後休息、復帰キャリアを含む自分用の家族形成見通しが通知され、無理ならどの条件が足りないかも示される。
68	policy_search_with_sustain_hope_family	HP21	社会反応	希望ケースの地域拡張	31	83	0.92	1.00	若者・地方都市・低中所得層	希望↑ 連帯感↑ 制度信頼↑	初期成功が一部の特権ではなく、複数地域の高校、大学、専門学校、職場、地域プロジェクトに広がったことが可視化される。自分の近くにも使った人がいる状態になる。
68	policy_search_with_sustain_hope_family	HP22	政策	若者メンター・伴走紹介	31	83	0.84	1.00	15-29歳・進学就職移行層・無業非正規層	自己効力感↑ 相談↑ 希望↑	制度利用後に迷う若者へ、同年代または少し上のメンターが紹介される。情報収集だけで止まらず、応募、相談、転居、学び直し、地域参加の次の一手へつなぐ。
68	policy_search_with_sustain_hope_family	HP23	政策	家族形成初回利用の完了通知	35	83	0.86	1.00	23-40歳・将来家族形成層・子育て初期	子ども意向↑ 安心↑ 制度信頼↑	家族形成面談、保育/代替ケア予約、住居支援、復帰キャリア相談の初回利用が完了し、利用者に次回予約と不足条件が通知される。検討が抽象論から実行可能な段取りへ移る。
68	policy_search_with_sustain_hope_family	HP24	社会反応	希望継続コミュニティ	45	83	0.86	1.00	若者・家族形成層・地域	希望↑ 連帯感↑ 撤退圧↓	制度利用後の若者、家族形成層、地域プロジェクト参加者が、進捗、失敗、次の予約、報酬、ケア空き枠を共有する小さなコミュニティを作る。一回の希望を孤立させず、継続する場にする。
68	policy_search_with_sustain_hope_family	HP25	政策	家族形成2回目プラン確定	45	83	0.82	1.00	23-40歳・将来家族形成層	子ども意向↑ 将来予見性↑ 安心↑	初回面談後、住居、収入、ケア、医療、復帰キャリアの不足条件を反映した2回目プランが確定し、子どもを迎える/迎えない/まだ待つ判断を現実的に更新できる。
69	policy_search_with_sustain_hope_family	P01	政策	若者住居安定パッケージ	10	83	0.70	1.00	非正規・無業・若年就業	住居安定↑ 希望↑	家賃補助・保証人代替・転居支援を組み合わせ、居住不安を緩和する。
69	policy_search_with_sustain_hope_family	P02	政策	奨学金負担軽減・所得連動返済	8	83	0.80	1.00	在学層・負債高層	可処分所得↑ 子ども意向↑	返済負担の平準化と減免を導入し、将来投資の先送りを抑制する。
69	policy_search_with_sustain_hope_family	P03	政策	社会持続活動nat報酬制度	12	83	0.85	1.00	全体	nat獲得↑ 希望↑	学校・地域・介護・防災・制度更新活動を報酬化し、役割喪失を防ぐ。
69	policy_search_with_sustain_hope_family	P05	政策	地域ケア就労の賃金底上げ	14	83	0.70	1.00	ケア責任層・地方	雇用安定↑ 制度信頼↑	ケア活動を社会基盤労働として扱い、賃金と社会的評価を引き上げる。
69	policy_search_with_sustain_hope_family	P06	政策	学び直し・移行雇用保証	16	83	0.78	1.00	非正規・無業・自動化影響層	雇用安定↑ 自己効力感↑	訓練と実務移行をセットで保証し、自動化ショックからの回復経路を提供する。
69	policy_search_with_sustain_hope_family	P07	政策	地方分散インフラ投資	20	83	0.65	1.00	地方層	住居安定↑ 希望↑	交通・医療・通信の更新により、地方での生活可能性を底上げする。
69	policy_search_with_sustain_hope_family	P08	政策	若年メンタルヘルス即時アクセス	9	83	0.72	1.00	高負荷層	メンタル負荷↓ 希望↑	心理支援への待機時間と費用障壁を下げ、長期離脱を防ぐ。
69	policy_search_with_sustain_hope_family	P09	政策	学校-企業-地域循環プロジェクト	18	83	0.68	1.00	在学層・若年就業	自己効力感↑ 制度信頼↑	学習内容と地域課題・雇用機会を連結し、努力の手応えを可視化する。
69	policy_search_with_sustain_hope_family	P10	政策	nat通貨の逆進性補正	30	83	0.60	1.00	低所得層中心	格差↓ 制度信頼↑	nat配分の偏りを是正し、参加機会の不公平を抑える再分配ルールを導入する。
69	policy_search_with_sustain_hope_family	P11	政策	介護ロボット・在宅支援普及	22	83	0.62	1.00	ケア責任層・地方・子育て初期	ケア負担↓ 可処分時間↑ 希望↑	介護ロボット、見守り、移乗支援、在宅医療接続を公共支援として広げ、家族ケアによる時間制約を緩和する。
69	policy_search_with_sustain_hope_family	BP02	政策	産後休息・代替ケア保障	15	83	0.78	1.00	妊娠出産期・子育て初期・ケア責任層	時間余力↑ メンタル負荷↓ 出生圧力リスク↓	産後の休息、夜間支援、代替ケア、家事育児支援を公的に確保し、家族責任の固定化や母親だけへの負担集中を防ぐ。
69	policy_search_with_sustain_hope_family	BP03	政策	復帰キャリア・企業負担補正	18	83	0.70	1.00	企業・正規雇用・非正規雇用・子育て初期	雇用安定↑ 企業反発↓ 子ども意向↑	育休復帰、短時間勤務、配置転換、代替人員費を企業だけに背負わせず、構造持続会計で補正し、採用抑制や女性不利益を抑える。
69	policy_search_with_sustain_hope_family	BP04	政策	家族形成住居・教育費緩衝パッケージ	20	83	0.74	1.00	23-40歳・若者・低中所得層	住居安定↑ 教育費不安↓ 希望↑	住居、保育、教育費の長期不安を束ねて緩衝し、子どもを迎える判断が一時金だけで終わらないよう支える。
69	policy_search_with_sustain_hope_family	BP05	政策	出生非強制・監査ガードレール	15	83	0.68	1.00	全体	制度信頼↑ 反発↓ moral injury↓	非婚・非出産・単身・養育しない選択を不利益にせず、出生数ではなく選択可能条件を評価対象にする。若者の「産ませたいだけでは」という反発を監査する。
69	policy_search_with_sustain_hope_family	BP06	政策	財政・インフレ持続性監査	24	83	0.64	1.00	国家・金融・納税者・若者	財政不安↓ 制度信頼↑ 長期予見性↑	一時金と支援の財源、物価影響、対象公平性を継続監査し、金融システムを含む系の持続性が崩れた場合は自動補正する。
69	policy_search_with_sustain_hope_family	BP07	政策	希望経路の可視化と達成共有	30	83	0.76	1.00	若者・家族形成層・次世代コホート	希望↑ 連帯感↑ 自己効力感↑	住居、ケア、教育費、復帰キャリアが実際につながった事例を学校・企業・地域で共有し、少なくとも複数の代表エージェントが「自分たちでも未来を作れる」と感じる経路を観測する。
69	policy_search_with_sustain_hope_family	HP01	政策	若者希望経路保証	8	83	0.84	1.00	15-22歳・進学就職移行層	希望↑ 自己効力感↑ 将来予見性↑	学び、初職、地域プロジェクト、AI活用訓練を接続し、若者が5年後の役割を複数持てるようにする。特定進路の強制ではなく選べる経路を増やす。
69	policy_search_with_sustain_hope_family	HP02	政策	初職喪失リカバリー権	12	83	0.78	1.00	AI自動化影響層・非正規・無業	喪失感↓ 希望↑ 雇用安定↑	AIやロボ導入で初職や職域が狭まった人に、再訓練、職務経験、所得補償をセットで提供し、最初の失敗が人生全体の諦念にならないようにする。
69	policy_search_with_sustain_hope_family	HP03	政策	若者持分型地域プロジェクト	18	83	0.72	1.00	若者・地方・都市低所得層	連帯感↑ 希望↑ nat獲得↑	地域インフラ、ケア、教育、災害対応、文化活動の更新に若者が持分を持ち、参加が報酬と将来役割に接続する仕組みを作る。
69	policy_search_with_sustain_hope_family	HP04	政策	家族形成トライアル支援	20	83	0.76	1.00	23-40歳・将来家族形成層	子ども意向↑ 住居安定↑ 時間余力↑	同居、結婚、妊娠、出産、養育の前段階で、住居、時間、ケア、相談、医療アクセスを試せる支援を整え、後戻りできる安心を残す。
69	policy_search_with_sustain_hope_family	HP05	政策	子育て共同体・代替ケア網	22	83	0.80	1.00	子育て初期・ケア責任層・地域	子育て実行可能性↑ メンタル負荷↓ 連帯感↑	保育、病児対応、夜間支援、送迎、学習支援を地域と企業が共同で担い、親だけが壊れない構造を作る。
69	policy_search_with_sustain_hope_family	HP06	政策	若者発制度監査と異議申立	24	83	0.68	1.00	若者・低所得層・非婚非出産層	制度信頼↑ 裏切られ感↓ 反発↓	制度の対象外になった人、非婚・非出産を選ぶ人、低所得層が異議申し立てできる窓口を作り、施策が弱い人を材料にすることを防ぐ。
69	policy_search_with_sustain_hope_family	HP07	政策	希望不足時の条件監査	30	83	0.70	1.00	LLM観測対象	説明可能性↑ 副作用監査↑ 調整候補↑	デモ観測上、希望を持つ若者・家族形成層が十分に立ち上がらない場合に、どの構造条件が欠けたか、どの層で対象外感・政策疲労・財政不安が出たかを説明対象にする。感情を直接命令せず、経路・支援・信頼・副作用の条件で観測する。
69	policy_search_with_sustain_hope_family	HP08	政策	自動着金・仮払いセーフティ	8	83	0.86	1.00	若者・低中所得層・家族形成層	制度信頼↑ 不安↓ 生活防衛↓	申請から支給までの空白を減らすため、資格確認前の仮払い、あとから精算、異議申立を組み合わせる。支援が「いつか届く」ではなく「今つながる」経験になるようにする。
69	policy_search_with_sustain_hope_family	HP09	政策	若者住居・ケア即時枠	10	83	0.82	1.00	15-29歳・ケア責任層・無業非正規層	安心↑ 撤退圧↓ 希望↑	家を出られない、ケアで動けない、住居費で進路を選べない層に、短期住居、代替ケア、地域伴走を即時枠として用意し、社会からの逃避や長期離脱を防ぐ。
69	policy_search_with_sustain_hope_family	HP10	政策	家族形成条件の個別見通し面談	18	83	0.74	1.00	23-40歳・将来家族形成層・子育て初期	子ども意向↑ 将来予見性↑ 制度利用↑	結婚、妊娠、出産、育休、復帰、住居、教育費、介護との両立を個別ケースで見通せる面談と試算を行い、子どもを迎えたい人が「自分の場合に可能か」を判断できるようにする。
69	policy_search_with_sustain_hope_family	HP11	政策	初期成功ケースの透明公開	12	83	0.84	1.00	若者・家族形成層・制度不信層	制度信頼↑ 自己効力感↑ 希望↑	自動着金、短期住居、代替ケア、初職リカバリーで実際に立て直せた初期ケースを、個人を傷つけない匿名形式で公開する。制度が存在するだけでなく、使うと何が変わるかを確認できるようにする。
69	policy_search_with_sustain_hope_family	HP12	政策	若者・家族形成パーソナル予算枠	15	83	0.86	1.00	15-40歳・低中所得層・ケア責任層	将来予見性↑ 子ども意向↑ 生活防衛↓	住居、学び直し、ケア代替、医療相談、妊娠出産準備に使える5年単位の個人予算枠を付与し、転居や転職をしても権利が持ち運べるようにする。
69	policy_search_with_sustain_hope_family	HP13	政策	非対象者分断の補正説明	15	83	0.72	1.00	非婚非出産層・納税者・若者全体	反発↓ 制度信頼↑ 連帯感↑	家族形成支援を、出生数の押しつけではなく、住居、ケア、学び直し、孤立防止を含む共通インフラとして説明し、非対象者にも使える支援経路と異議申立を明示する。
69	policy_search_with_sustain_hope_family	HP14	政策	個別資格通知と即時予約	18	83	0.92	1.00	15-40歳・低中所得層・ケア責任層	制度利用↑ 将来予見性↑ 希望↑	対象者ごとに、自分が使える住居枠、学び直し予算、ケア代替、家族形成面談の予約可能日が通知される。抽象的な制度ではなく、本人のスマホや学校・職場窓口で具体的な次の一手を確認できる。
69	policy_search_with_sustain_hope_family	HP15	政策	初職・復帰の先行契約枠	18	83	0.84	1.00	若者・AI自動化影響層・子育て初期	雇用安定↑ 自己効力感↑ 生活防衛↓	自治体、企業、学校が連携し、AI活用職、ケア技術、地域更新、育休復帰の先行契約枠を公開する。研修中の所得補償と実務経験を結び、学び直しが空手形にならないようにする。
69	policy_search_with_sustain_hope_family	HP16	政策	子育て共同体の空き枠可視化	20	83	0.80	1.00	家族形成層・子育て初期・地域	子ども意向↑ 安心↑ 連帯感↑	保育、病児対応、夜間支援、送迎、学習支援、産後休息の空き枠を地域単位で可視化し、親だけで抱え込まない具体的な受け皿を見えるようにする。
69	policy_search_with_sustain_hope_family	HP17	社会反応	SNS希望反転と実体験共有	20	83	0.88	1.00	若者・家族形成層・SNS高感受性層	SNS不安↓ 連帯感↑ 希望↑	自動着金、住居即時枠、初職契約、代替ケアを実際に使った人の承諾済み体験談が広がり、「制度は遅いだけ」という認識に一部反例が生まれる。
69	policy_search_with_sustain_hope_family	HP18	政策	財政持続監査の初回クリア	20	83	0.82	1.00	国家・納税者・若者・家族形成層	財政不安↓ 制度信頼↑ 将来予見性↑	支援財源、物価影響、逆進性、非対象者補正の初回監査が公開され、持続性が崩れていないことと自動補正ルールが確認される。
69	policy_search_with_sustain_hope_family	HP19	政策	nat報酬の初回着金	20	83	0.90	1.00	若者・地域プロジェクト参加層・低中所得層	自己効力感↑ 希望↑ 制度利用↑	地域更新、ケア補助、学習支援、災害備えに参加した若者へ、初回のnat報酬が実際に着金する。社会を維持する行動が飯の種になる体験が生まれる。
69	policy_search_with_sustain_hope_family	HP20	政策	家族形成シミュレーション結果通知	22	83	0.84	1.00	23-40歳・将来家族形成層	子ども意向↑ 安心↑ 将来予見性↑	個別面談を受けた人に、住居、収入、ケア、産後休息、復帰キャリアを含む自分用の家族形成見通しが通知され、無理ならどの条件が足りないかも示される。
69	policy_search_with_sustain_hope_family	HP21	社会反応	希望ケースの地域拡張	31	83	0.92	1.00	若者・地方都市・低中所得層	希望↑ 連帯感↑ 制度信頼↑	初期成功が一部の特権ではなく、複数地域の高校、大学、専門学校、職場、地域プロジェクトに広がったことが可視化される。自分の近くにも使った人がいる状態になる。
69	policy_search_with_sustain_hope_family	HP22	政策	若者メンター・伴走紹介	31	83	0.84	1.00	15-29歳・進学就職移行層・無業非正規層	自己効力感↑ 相談↑ 希望↑	制度利用後に迷う若者へ、同年代または少し上のメンターが紹介される。情報収集だけで止まらず、応募、相談、転居、学び直し、地域参加の次の一手へつなぐ。
69	policy_search_with_sustain_hope_family	HP23	政策	家族形成初回利用の完了通知	35	83	0.86	1.00	23-40歳・将来家族形成層・子育て初期	子ども意向↑ 安心↑ 制度信頼↑	家族形成面談、保育/代替ケア予約、住居支援、復帰キャリア相談の初回利用が完了し、利用者に次回予約と不足条件が通知される。検討が抽象論から実行可能な段取りへ移る。
69	policy_search_with_sustain_hope_family	HP24	社会反応	希望継続コミュニティ	45	83	0.86	1.00	若者・家族形成層・地域	希望↑ 連帯感↑ 撤退圧↓	制度利用後の若者、家族形成層、地域プロジェクト参加者が、進捗、失敗、次の予約、報酬、ケア空き枠を共有する小さなコミュニティを作る。一回の希望を孤立させず、継続する場にする。
69	policy_search_with_sustain_hope_family	HP25	政策	家族形成2回目プラン確定	45	83	0.82	1.00	23-40歳・将来家族形成層	子ども意向↑ 将来予見性↑ 安心↑	初回面談後、住居、収入、ケア、医療、復帰キャリアの不足条件を反映した2回目プランが確定し、子どもを迎える/迎えない/まだ待つ判断を現実的に更新できる。
70	policy_search_with_sustain_hope_family	P01	政策	若者住居安定パッケージ	10	83	0.70	1.00	非正規・無業・若年就業	住居安定↑ 希望↑	家賃補助・保証人代替・転居支援を組み合わせ、居住不安を緩和する。
70	policy_search_with_sustain_hope_family	P02	政策	奨学金負担軽減・所得連動返済	8	83	0.80	1.00	在学層・負債高層	可処分所得↑ 子ども意向↑	返済負担の平準化と減免を導入し、将来投資の先送りを抑制する。
70	policy_search_with_sustain_hope_family	P03	政策	社会持続活動nat報酬制度	12	83	0.85	1.00	全体	nat獲得↑ 希望↑	学校・地域・介護・防災・制度更新活動を報酬化し、役割喪失を防ぐ。
70	policy_search_with_sustain_hope_family	P05	政策	地域ケア就労の賃金底上げ	14	83	0.70	1.00	ケア責任層・地方	雇用安定↑ 制度信頼↑	ケア活動を社会基盤労働として扱い、賃金と社会的評価を引き上げる。
70	policy_search_with_sustain_hope_family	P06	政策	学び直し・移行雇用保証	16	83	0.78	1.00	非正規・無業・自動化影響層	雇用安定↑ 自己効力感↑	訓練と実務移行をセットで保証し、自動化ショックからの回復経路を提供する。
70	policy_search_with_sustain_hope_family	P07	政策	地方分散インフラ投資	20	83	0.65	1.00	地方層	住居安定↑ 希望↑	交通・医療・通信の更新により、地方での生活可能性を底上げする。
70	policy_search_with_sustain_hope_family	P08	政策	若年メンタルヘルス即時アクセス	9	83	0.72	1.00	高負荷層	メンタル負荷↓ 希望↑	心理支援への待機時間と費用障壁を下げ、長期離脱を防ぐ。
70	policy_search_with_sustain_hope_family	P09	政策	学校-企業-地域循環プロジェクト	18	83	0.68	1.00	在学層・若年就業	自己効力感↑ 制度信頼↑	学習内容と地域課題・雇用機会を連結し、努力の手応えを可視化する。
70	policy_search_with_sustain_hope_family	P10	政策	nat通貨の逆進性補正	30	83	0.60	1.00	低所得層中心	格差↓ 制度信頼↑	nat配分の偏りを是正し、参加機会の不公平を抑える再分配ルールを導入する。
70	policy_search_with_sustain_hope_family	P11	政策	介護ロボット・在宅支援普及	22	83	0.62	1.00	ケア責任層・地方・子育て初期	ケア負担↓ 可処分時間↑ 希望↑	介護ロボット、見守り、移乗支援、在宅医療接続を公共支援として広げ、家族ケアによる時間制約を緩和する。
70	policy_search_with_sustain_hope_family	BP02	政策	産後休息・代替ケア保障	15	83	0.78	1.00	妊娠出産期・子育て初期・ケア責任層	時間余力↑ メンタル負荷↓ 出生圧力リスク↓	産後の休息、夜間支援、代替ケア、家事育児支援を公的に確保し、家族責任の固定化や母親だけへの負担集中を防ぐ。
70	policy_search_with_sustain_hope_family	BP03	政策	復帰キャリア・企業負担補正	18	83	0.70	1.00	企業・正規雇用・非正規雇用・子育て初期	雇用安定↑ 企業反発↓ 子ども意向↑	育休復帰、短時間勤務、配置転換、代替人員費を企業だけに背負わせず、構造持続会計で補正し、採用抑制や女性不利益を抑える。
70	policy_search_with_sustain_hope_family	BP04	政策	家族形成住居・教育費緩衝パッケージ	20	83	0.74	1.00	23-40歳・若者・低中所得層	住居安定↑ 教育費不安↓ 希望↑	住居、保育、教育費の長期不安を束ねて緩衝し、子どもを迎える判断が一時金だけで終わらないよう支える。
70	policy_search_with_sustain_hope_family	BP05	政策	出生非強制・監査ガードレール	15	83	0.68	1.00	全体	制度信頼↑ 反発↓ moral injury↓	非婚・非出産・単身・養育しない選択を不利益にせず、出生数ではなく選択可能条件を評価対象にする。若者の「産ませたいだけでは」という反発を監査する。
70	policy_search_with_sustain_hope_family	BP06	政策	財政・インフレ持続性監査	24	83	0.64	1.00	国家・金融・納税者・若者	財政不安↓ 制度信頼↑ 長期予見性↑	一時金と支援の財源、物価影響、対象公平性を継続監査し、金融システムを含む系の持続性が崩れた場合は自動補正する。
70	policy_search_with_sustain_hope_family	BP07	政策	希望経路の可視化と達成共有	30	83	0.76	1.00	若者・家族形成層・次世代コホート	希望↑ 連帯感↑ 自己効力感↑	住居、ケア、教育費、復帰キャリアが実際につながった事例を学校・企業・地域で共有し、少なくとも複数の代表エージェントが「自分たちでも未来を作れる」と感じる経路を観測する。
70	policy_search_with_sustain_hope_family	HP01	政策	若者希望経路保証	8	83	0.84	1.00	15-22歳・進学就職移行層	希望↑ 自己効力感↑ 将来予見性↑	学び、初職、地域プロジェクト、AI活用訓練を接続し、若者が5年後の役割を複数持てるようにする。特定進路の強制ではなく選べる経路を増やす。
70	policy_search_with_sustain_hope_family	HP02	政策	初職喪失リカバリー権	12	83	0.78	1.00	AI自動化影響層・非正規・無業	喪失感↓ 希望↑ 雇用安定↑	AIやロボ導入で初職や職域が狭まった人に、再訓練、職務経験、所得補償をセットで提供し、最初の失敗が人生全体の諦念にならないようにする。
70	policy_search_with_sustain_hope_family	HP03	政策	若者持分型地域プロジェクト	18	83	0.72	1.00	若者・地方・都市低所得層	連帯感↑ 希望↑ nat獲得↑	地域インフラ、ケア、教育、災害対応、文化活動の更新に若者が持分を持ち、参加が報酬と将来役割に接続する仕組みを作る。
70	policy_search_with_sustain_hope_family	HP04	政策	家族形成トライアル支援	20	83	0.76	1.00	23-40歳・将来家族形成層	子ども意向↑ 住居安定↑ 時間余力↑	同居、結婚、妊娠、出産、養育の前段階で、住居、時間、ケア、相談、医療アクセスを試せる支援を整え、後戻りできる安心を残す。
70	policy_search_with_sustain_hope_family	HP05	政策	子育て共同体・代替ケア網	22	83	0.80	1.00	子育て初期・ケア責任層・地域	子育て実行可能性↑ メンタル負荷↓ 連帯感↑	保育、病児対応、夜間支援、送迎、学習支援を地域と企業が共同で担い、親だけが壊れない構造を作る。
70	policy_search_with_sustain_hope_family	HP06	政策	若者発制度監査と異議申立	24	83	0.68	1.00	若者・低所得層・非婚非出産層	制度信頼↑ 裏切られ感↓ 反発↓	制度の対象外になった人、非婚・非出産を選ぶ人、低所得層が異議申し立てできる窓口を作り、施策が弱い人を材料にすることを防ぐ。
70	policy_search_with_sustain_hope_family	HP07	政策	希望不足時の条件監査	30	83	0.70	1.00	LLM観測対象	説明可能性↑ 副作用監査↑ 調整候補↑	デモ観測上、希望を持つ若者・家族形成層が十分に立ち上がらない場合に、どの構造条件が欠けたか、どの層で対象外感・政策疲労・財政不安が出たかを説明対象にする。感情を直接命令せず、経路・支援・信頼・副作用の条件で観測する。
70	policy_search_with_sustain_hope_family	HP08	政策	自動着金・仮払いセーフティ	8	83	0.86	1.00	若者・低中所得層・家族形成層	制度信頼↑ 不安↓ 生活防衛↓	申請から支給までの空白を減らすため、資格確認前の仮払い、あとから精算、異議申立を組み合わせる。支援が「いつか届く」ではなく「今つながる」経験になるようにする。
70	policy_search_with_sustain_hope_family	HP09	政策	若者住居・ケア即時枠	10	83	0.82	1.00	15-29歳・ケア責任層・無業非正規層	安心↑ 撤退圧↓ 希望↑	家を出られない、ケアで動けない、住居費で進路を選べない層に、短期住居、代替ケア、地域伴走を即時枠として用意し、社会からの逃避や長期離脱を防ぐ。
70	policy_search_with_sustain_hope_family	HP10	政策	家族形成条件の個別見通し面談	18	83	0.74	1.00	23-40歳・将来家族形成層・子育て初期	子ども意向↑ 将来予見性↑ 制度利用↑	結婚、妊娠、出産、育休、復帰、住居、教育費、介護との両立を個別ケースで見通せる面談と試算を行い、子どもを迎えたい人が「自分の場合に可能か」を判断できるようにする。
70	policy_search_with_sustain_hope_family	HP11	政策	初期成功ケースの透明公開	12	83	0.84	1.00	若者・家族形成層・制度不信層	制度信頼↑ 自己効力感↑ 希望↑	自動着金、短期住居、代替ケア、初職リカバリーで実際に立て直せた初期ケースを、個人を傷つけない匿名形式で公開する。制度が存在するだけでなく、使うと何が変わるかを確認できるようにする。
70	policy_search_with_sustain_hope_family	HP12	政策	若者・家族形成パーソナル予算枠	15	83	0.86	1.00	15-40歳・低中所得層・ケア責任層	将来予見性↑ 子ども意向↑ 生活防衛↓	住居、学び直し、ケア代替、医療相談、妊娠出産準備に使える5年単位の個人予算枠を付与し、転居や転職をしても権利が持ち運べるようにする。
70	policy_search_with_sustain_hope_family	HP13	政策	非対象者分断の補正説明	15	83	0.72	1.00	非婚非出産層・納税者・若者全体	反発↓ 制度信頼↑ 連帯感↑	家族形成支援を、出生数の押しつけではなく、住居、ケア、学び直し、孤立防止を含む共通インフラとして説明し、非対象者にも使える支援経路と異議申立を明示する。
70	policy_search_with_sustain_hope_family	HP14	政策	個別資格通知と即時予約	18	83	0.92	1.00	15-40歳・低中所得層・ケア責任層	制度利用↑ 将来予見性↑ 希望↑	対象者ごとに、自分が使える住居枠、学び直し予算、ケア代替、家族形成面談の予約可能日が通知される。抽象的な制度ではなく、本人のスマホや学校・職場窓口で具体的な次の一手を確認できる。
70	policy_search_with_sustain_hope_family	HP15	政策	初職・復帰の先行契約枠	18	83	0.84	1.00	若者・AI自動化影響層・子育て初期	雇用安定↑ 自己効力感↑ 生活防衛↓	自治体、企業、学校が連携し、AI活用職、ケア技術、地域更新、育休復帰の先行契約枠を公開する。研修中の所得補償と実務経験を結び、学び直しが空手形にならないようにする。
70	policy_search_with_sustain_hope_family	HP16	政策	子育て共同体の空き枠可視化	20	83	0.80	1.00	家族形成層・子育て初期・地域	子ども意向↑ 安心↑ 連帯感↑	保育、病児対応、夜間支援、送迎、学習支援、産後休息の空き枠を地域単位で可視化し、親だけで抱え込まない具体的な受け皿を見えるようにする。
70	policy_search_with_sustain_hope_family	HP17	社会反応	SNS希望反転と実体験共有	20	83	0.88	1.00	若者・家族形成層・SNS高感受性層	SNS不安↓ 連帯感↑ 希望↑	自動着金、住居即時枠、初職契約、代替ケアを実際に使った人の承諾済み体験談が広がり、「制度は遅いだけ」という認識に一部反例が生まれる。
70	policy_search_with_sustain_hope_family	HP18	政策	財政持続監査の初回クリア	20	83	0.82	1.00	国家・納税者・若者・家族形成層	財政不安↓ 制度信頼↑ 将来予見性↑	支援財源、物価影響、逆進性、非対象者補正の初回監査が公開され、持続性が崩れていないことと自動補正ルールが確認される。
70	policy_search_with_sustain_hope_family	HP19	政策	nat報酬の初回着金	20	83	0.90	1.00	若者・地域プロジェクト参加層・低中所得層	自己効力感↑ 希望↑ 制度利用↑	地域更新、ケア補助、学習支援、災害備えに参加した若者へ、初回のnat報酬が実際に着金する。社会を維持する行動が飯の種になる体験が生まれる。
70	policy_search_with_sustain_hope_family	HP20	政策	家族形成シミュレーション結果通知	22	83	0.84	1.00	23-40歳・将来家族形成層	子ども意向↑ 安心↑ 将来予見性↑	個別面談を受けた人に、住居、収入、ケア、産後休息、復帰キャリアを含む自分用の家族形成見通しが通知され、無理ならどの条件が足りないかも示される。
70	policy_search_with_sustain_hope_family	HP21	社会反応	希望ケースの地域拡張	31	83	0.92	1.00	若者・地方都市・低中所得層	希望↑ 連帯感↑ 制度信頼↑	初期成功が一部の特権ではなく、複数地域の高校、大学、専門学校、職場、地域プロジェクトに広がったことが可視化される。自分の近くにも使った人がいる状態になる。
70	policy_search_with_sustain_hope_family	HP22	政策	若者メンター・伴走紹介	31	83	0.84	1.00	15-29歳・進学就職移行層・無業非正規層	自己効力感↑ 相談↑ 希望↑	制度利用後に迷う若者へ、同年代または少し上のメンターが紹介される。情報収集だけで止まらず、応募、相談、転居、学び直し、地域参加の次の一手へつなぐ。
70	policy_search_with_sustain_hope_family	HP23	政策	家族形成初回利用の完了通知	35	83	0.86	1.00	23-40歳・将来家族形成層・子育て初期	子ども意向↑ 安心↑ 制度信頼↑	家族形成面談、保育/代替ケア予約、住居支援、復帰キャリア相談の初回利用が完了し、利用者に次回予約と不足条件が通知される。検討が抽象論から実行可能な段取りへ移る。
70	policy_search_with_sustain_hope_family	HP24	社会反応	希望継続コミュニティ	45	83	0.86	1.00	若者・家族形成層・地域	希望↑ 連帯感↑ 撤退圧↓	制度利用後の若者、家族形成層、地域プロジェクト参加者が、進捗、失敗、次の予約、報酬、ケア空き枠を共有する小さなコミュニティを作る。一回の希望を孤立させず、継続する場にする。
70	policy_search_with_sustain_hope_family	HP25	政策	家族形成2回目プラン確定	45	83	0.82	1.00	23-40歳・将来家族形成層	子ども意向↑ 将来予見性↑ 安心↑	初回面談後、住居、収入、ケア、医療、復帰キャリアの不足条件を反映した2回目プランが確定し、子どもを迎える/迎えない/まだ待つ判断を現実的に更新できる。
71	policy_search_with_sustain_hope_family	P01	政策	若者住居安定パッケージ	10	83	0.70	1.00	非正規・無業・若年就業	住居安定↑ 希望↑	家賃補助・保証人代替・転居支援を組み合わせ、居住不安を緩和する。
71	policy_search_with_sustain_hope_family	P02	政策	奨学金負担軽減・所得連動返済	8	83	0.80	1.00	在学層・負債高層	可処分所得↑ 子ども意向↑	返済負担の平準化と減免を導入し、将来投資の先送りを抑制する。
71	policy_search_with_sustain_hope_family	P03	政策	社会持続活動nat報酬制度	12	83	0.85	1.00	全体	nat獲得↑ 希望↑	学校・地域・介護・防災・制度更新活動を報酬化し、役割喪失を防ぐ。
71	policy_search_with_sustain_hope_family	P05	政策	地域ケア就労の賃金底上げ	14	83	0.70	1.00	ケア責任層・地方	雇用安定↑ 制度信頼↑	ケア活動を社会基盤労働として扱い、賃金と社会的評価を引き上げる。
71	policy_search_with_sustain_hope_family	P06	政策	学び直し・移行雇用保証	16	83	0.78	1.00	非正規・無業・自動化影響層	雇用安定↑ 自己効力感↑	訓練と実務移行をセットで保証し、自動化ショックからの回復経路を提供する。
71	policy_search_with_sustain_hope_family	P07	政策	地方分散インフラ投資	20	83	0.65	1.00	地方層	住居安定↑ 希望↑	交通・医療・通信の更新により、地方での生活可能性を底上げする。
71	policy_search_with_sustain_hope_family	P08	政策	若年メンタルヘルス即時アクセス	9	83	0.72	1.00	高負荷層	メンタル負荷↓ 希望↑	心理支援への待機時間と費用障壁を下げ、長期離脱を防ぐ。
71	policy_search_with_sustain_hope_family	P09	政策	学校-企業-地域循環プロジェクト	18	83	0.68	1.00	在学層・若年就業	自己効力感↑ 制度信頼↑	学習内容と地域課題・雇用機会を連結し、努力の手応えを可視化する。
71	policy_search_with_sustain_hope_family	P10	政策	nat通貨の逆進性補正	30	83	0.60	1.00	低所得層中心	格差↓ 制度信頼↑	nat配分の偏りを是正し、参加機会の不公平を抑える再分配ルールを導入する。
71	policy_search_with_sustain_hope_family	P11	政策	介護ロボット・在宅支援普及	22	83	0.62	1.00	ケア責任層・地方・子育て初期	ケア負担↓ 可処分時間↑ 希望↑	介護ロボット、見守り、移乗支援、在宅医療接続を公共支援として広げ、家族ケアによる時間制約を緩和する。
71	policy_search_with_sustain_hope_family	BP02	政策	産後休息・代替ケア保障	15	83	0.78	1.00	妊娠出産期・子育て初期・ケア責任層	時間余力↑ メンタル負荷↓ 出生圧力リスク↓	産後の休息、夜間支援、代替ケア、家事育児支援を公的に確保し、家族責任の固定化や母親だけへの負担集中を防ぐ。
71	policy_search_with_sustain_hope_family	BP03	政策	復帰キャリア・企業負担補正	18	83	0.70	1.00	企業・正規雇用・非正規雇用・子育て初期	雇用安定↑ 企業反発↓ 子ども意向↑	育休復帰、短時間勤務、配置転換、代替人員費を企業だけに背負わせず、構造持続会計で補正し、採用抑制や女性不利益を抑える。
71	policy_search_with_sustain_hope_family	BP04	政策	家族形成住居・教育費緩衝パッケージ	20	83	0.74	1.00	23-40歳・若者・低中所得層	住居安定↑ 教育費不安↓ 希望↑	住居、保育、教育費の長期不安を束ねて緩衝し、子どもを迎える判断が一時金だけで終わらないよう支える。
71	policy_search_with_sustain_hope_family	BP05	政策	出生非強制・監査ガードレール	15	83	0.68	1.00	全体	制度信頼↑ 反発↓ moral injury↓	非婚・非出産・単身・養育しない選択を不利益にせず、出生数ではなく選択可能条件を評価対象にする。若者の「産ませたいだけでは」という反発を監査する。
71	policy_search_with_sustain_hope_family	BP06	政策	財政・インフレ持続性監査	24	83	0.64	1.00	国家・金融・納税者・若者	財政不安↓ 制度信頼↑ 長期予見性↑	一時金と支援の財源、物価影響、対象公平性を継続監査し、金融システムを含む系の持続性が崩れた場合は自動補正する。
71	policy_search_with_sustain_hope_family	BP07	政策	希望経路の可視化と達成共有	30	83	0.76	1.00	若者・家族形成層・次世代コホート	希望↑ 連帯感↑ 自己効力感↑	住居、ケア、教育費、復帰キャリアが実際につながった事例を学校・企業・地域で共有し、少なくとも複数の代表エージェントが「自分たちでも未来を作れる」と感じる経路を観測する。
71	policy_search_with_sustain_hope_family	HP01	政策	若者希望経路保証	8	83	0.84	1.00	15-22歳・進学就職移行層	希望↑ 自己効力感↑ 将来予見性↑	学び、初職、地域プロジェクト、AI活用訓練を接続し、若者が5年後の役割を複数持てるようにする。特定進路の強制ではなく選べる経路を増やす。
71	policy_search_with_sustain_hope_family	HP02	政策	初職喪失リカバリー権	12	83	0.78	1.00	AI自動化影響層・非正規・無業	喪失感↓ 希望↑ 雇用安定↑	AIやロボ導入で初職や職域が狭まった人に、再訓練、職務経験、所得補償をセットで提供し、最初の失敗が人生全体の諦念にならないようにする。
71	policy_search_with_sustain_hope_family	HP03	政策	若者持分型地域プロジェクト	18	83	0.72	1.00	若者・地方・都市低所得層	連帯感↑ 希望↑ nat獲得↑	地域インフラ、ケア、教育、災害対応、文化活動の更新に若者が持分を持ち、参加が報酬と将来役割に接続する仕組みを作る。
71	policy_search_with_sustain_hope_family	HP04	政策	家族形成トライアル支援	20	83	0.76	1.00	23-40歳・将来家族形成層	子ども意向↑ 住居安定↑ 時間余力↑	同居、結婚、妊娠、出産、養育の前段階で、住居、時間、ケア、相談、医療アクセスを試せる支援を整え、後戻りできる安心を残す。
71	policy_search_with_sustain_hope_family	HP05	政策	子育て共同体・代替ケア網	22	83	0.80	1.00	子育て初期・ケア責任層・地域	子育て実行可能性↑ メンタル負荷↓ 連帯感↑	保育、病児対応、夜間支援、送迎、学習支援を地域と企業が共同で担い、親だけが壊れない構造を作る。
71	policy_search_with_sustain_hope_family	HP06	政策	若者発制度監査と異議申立	24	83	0.68	1.00	若者・低所得層・非婚非出産層	制度信頼↑ 裏切られ感↓ 反発↓	制度の対象外になった人、非婚・非出産を選ぶ人、低所得層が異議申し立てできる窓口を作り、施策が弱い人を材料にすることを防ぐ。
71	policy_search_with_sustain_hope_family	HP07	政策	希望不足時の条件監査	30	83	0.70	1.00	LLM観測対象	説明可能性↑ 副作用監査↑ 調整候補↑	デモ観測上、希望を持つ若者・家族形成層が十分に立ち上がらない場合に、どの構造条件が欠けたか、どの層で対象外感・政策疲労・財政不安が出たかを説明対象にする。感情を直接命令せず、経路・支援・信頼・副作用の条件で観測する。
71	policy_search_with_sustain_hope_family	HP08	政策	自動着金・仮払いセーフティ	8	83	0.86	1.00	若者・低中所得層・家族形成層	制度信頼↑ 不安↓ 生活防衛↓	申請から支給までの空白を減らすため、資格確認前の仮払い、あとから精算、異議申立を組み合わせる。支援が「いつか届く」ではなく「今つながる」経験になるようにする。
71	policy_search_with_sustain_hope_family	HP09	政策	若者住居・ケア即時枠	10	83	0.82	1.00	15-29歳・ケア責任層・無業非正規層	安心↑ 撤退圧↓ 希望↑	家を出られない、ケアで動けない、住居費で進路を選べない層に、短期住居、代替ケア、地域伴走を即時枠として用意し、社会からの逃避や長期離脱を防ぐ。
71	policy_search_with_sustain_hope_family	HP10	政策	家族形成条件の個別見通し面談	18	83	0.74	1.00	23-40歳・将来家族形成層・子育て初期	子ども意向↑ 将来予見性↑ 制度利用↑	結婚、妊娠、出産、育休、復帰、住居、教育費、介護との両立を個別ケースで見通せる面談と試算を行い、子どもを迎えたい人が「自分の場合に可能か」を判断できるようにする。
71	policy_search_with_sustain_hope_family	HP11	政策	初期成功ケースの透明公開	12	83	0.84	1.00	若者・家族形成層・制度不信層	制度信頼↑ 自己効力感↑ 希望↑	自動着金、短期住居、代替ケア、初職リカバリーで実際に立て直せた初期ケースを、個人を傷つけない匿名形式で公開する。制度が存在するだけでなく、使うと何が変わるかを確認できるようにする。
71	policy_search_with_sustain_hope_family	HP12	政策	若者・家族形成パーソナル予算枠	15	83	0.86	1.00	15-40歳・低中所得層・ケア責任層	将来予見性↑ 子ども意向↑ 生活防衛↓	住居、学び直し、ケア代替、医療相談、妊娠出産準備に使える5年単位の個人予算枠を付与し、転居や転職をしても権利が持ち運べるようにする。
71	policy_search_with_sustain_hope_family	HP13	政策	非対象者分断の補正説明	15	83	0.72	1.00	非婚非出産層・納税者・若者全体	反発↓ 制度信頼↑ 連帯感↑	家族形成支援を、出生数の押しつけではなく、住居、ケア、学び直し、孤立防止を含む共通インフラとして説明し、非対象者にも使える支援経路と異議申立を明示する。
71	policy_search_with_sustain_hope_family	HP14	政策	個別資格通知と即時予約	18	83	0.92	1.00	15-40歳・低中所得層・ケア責任層	制度利用↑ 将来予見性↑ 希望↑	対象者ごとに、自分が使える住居枠、学び直し予算、ケア代替、家族形成面談の予約可能日が通知される。抽象的な制度ではなく、本人のスマホや学校・職場窓口で具体的な次の一手を確認できる。
71	policy_search_with_sustain_hope_family	HP15	政策	初職・復帰の先行契約枠	18	83	0.84	1.00	若者・AI自動化影響層・子育て初期	雇用安定↑ 自己効力感↑ 生活防衛↓	自治体、企業、学校が連携し、AI活用職、ケア技術、地域更新、育休復帰の先行契約枠を公開する。研修中の所得補償と実務経験を結び、学び直しが空手形にならないようにする。
71	policy_search_with_sustain_hope_family	HP16	政策	子育て共同体の空き枠可視化	20	83	0.80	1.00	家族形成層・子育て初期・地域	子ども意向↑ 安心↑ 連帯感↑	保育、病児対応、夜間支援、送迎、学習支援、産後休息の空き枠を地域単位で可視化し、親だけで抱え込まない具体的な受け皿を見えるようにする。
71	policy_search_with_sustain_hope_family	HP17	社会反応	SNS希望反転と実体験共有	20	83	0.88	1.00	若者・家族形成層・SNS高感受性層	SNS不安↓ 連帯感↑ 希望↑	自動着金、住居即時枠、初職契約、代替ケアを実際に使った人の承諾済み体験談が広がり、「制度は遅いだけ」という認識に一部反例が生まれる。
71	policy_search_with_sustain_hope_family	HP18	政策	財政持続監査の初回クリア	20	83	0.82	1.00	国家・納税者・若者・家族形成層	財政不安↓ 制度信頼↑ 将来予見性↑	支援財源、物価影響、逆進性、非対象者補正の初回監査が公開され、持続性が崩れていないことと自動補正ルールが確認される。
71	policy_search_with_sustain_hope_family	HP19	政策	nat報酬の初回着金	20	83	0.90	1.00	若者・地域プロジェクト参加層・低中所得層	自己効力感↑ 希望↑ 制度利用↑	地域更新、ケア補助、学習支援、災害備えに参加した若者へ、初回のnat報酬が実際に着金する。社会を維持する行動が飯の種になる体験が生まれる。
71	policy_search_with_sustain_hope_family	HP20	政策	家族形成シミュレーション結果通知	22	83	0.84	1.00	23-40歳・将来家族形成層	子ども意向↑ 安心↑ 将来予見性↑	個別面談を受けた人に、住居、収入、ケア、産後休息、復帰キャリアを含む自分用の家族形成見通しが通知され、無理ならどの条件が足りないかも示される。
71	policy_search_with_sustain_hope_family	HP21	社会反応	希望ケースの地域拡張	31	83	0.92	1.00	若者・地方都市・低中所得層	希望↑ 連帯感↑ 制度信頼↑	初期成功が一部の特権ではなく、複数地域の高校、大学、専門学校、職場、地域プロジェクトに広がったことが可視化される。自分の近くにも使った人がいる状態になる。
71	policy_search_with_sustain_hope_family	HP22	政策	若者メンター・伴走紹介	31	83	0.84	1.00	15-29歳・進学就職移行層・無業非正規層	自己効力感↑ 相談↑ 希望↑	制度利用後に迷う若者へ、同年代または少し上のメンターが紹介される。情報収集だけで止まらず、応募、相談、転居、学び直し、地域参加の次の一手へつなぐ。
71	policy_search_with_sustain_hope_family	HP23	政策	家族形成初回利用の完了通知	35	83	0.86	1.00	23-40歳・将来家族形成層・子育て初期	子ども意向↑ 安心↑ 制度信頼↑	家族形成面談、保育/代替ケア予約、住居支援、復帰キャリア相談の初回利用が完了し、利用者に次回予約と不足条件が通知される。検討が抽象論から実行可能な段取りへ移る。
71	policy_search_with_sustain_hope_family	HP24	社会反応	希望継続コミュニティ	45	83	0.86	1.00	若者・家族形成層・地域	希望↑ 連帯感↑ 撤退圧↓	制度利用後の若者、家族形成層、地域プロジェクト参加者が、進捗、失敗、次の予約、報酬、ケア空き枠を共有する小さなコミュニティを作る。一回の希望を孤立させず、継続する場にする。
71	policy_search_with_sustain_hope_family	HP25	政策	家族形成2回目プラン確定	45	83	0.82	1.00	23-40歳・将来家族形成層	子ども意向↑ 将来予見性↑ 安心↑	初回面談後、住居、収入、ケア、医療、復帰キャリアの不足条件を反映した2回目プランが確定し、子どもを迎える/迎えない/まだ待つ判断を現実的に更新できる。
